snapshot_date,symbol,fy_date,epsAvg,epsHigh,epsLow,numAnalystsEps,revenueAvg,numAnalystsRevenue,sector,price,marketCap,volume
2026-08-21,A,2030-10-31,8.8151,9.00748,8.71254,2,9368006850,8,Healthcare,158.93,44886917760,1948622
2026-08-21,A,2029-10-31,8.08789,8.2644,7.99379,2,8892189775,7,Healthcare,158.93,44886917760,1948622
2026-08-21,A,2028-10-31,7.31334,7.91627,6.80717,6,8397368334,14,Healthcare,158.93,44886917760,1948622
2026-08-21,A,2027-10-31,6.60143,6.74104,6.43191,13,7894951660,15,Healthcare,158.93,44886917760,1948622
2026-08-21,AA,2030-12-31,0,0,0,1,13684000000,6,Basic Materials,51.85,13683681650,4729675
2026-08-21,AA,2029-12-31,8.15,9.02731,7.27979,1,14297545954,6,Basic Materials,51.85,13683681650,4729675
2026-08-21,AA,2028-12-31,6.44692,8.40856,4.97543,4,14278772598,8,Basic Materials,51.85,13683681650,4729675
2026-08-21,AA,2027-12-31,6.20057,9.78644,4.19419,8,15230053009,9,Basic Materials,51.85,13683681650,4729675
2026-08-21,AADX,2028-12-31,0.522,0.56,0.5,5,907084140,6,Industrials,14.96,2561377193,1515835
2026-08-21,AADX,2027-12-31,0.38,0.38701,0.37211,4,780320000,5,Industrials,14.96,2561377193,1515835
2026-08-21,AADX,2026-12-31,-0.61,-0.6,-0.62,3,680370000,5,Industrials,14.96,2561377193,1515835
2026-08-21,AADX,2025-12-31,0,0,0,1,522090000,1,Industrials,14.96,2561377193,1515835
2026-08-21,AAL,2030-12-31,3.2,3.29115,2.95924,4,77516000000,8,Industrials,13.82,9148424723,68044422
2026-08-21,AAL,2029-12-31,3.2635,3.35646,3.01796,2,71695063650,13,Industrials,13.82,9148424723,68044422
2026-08-21,AAL,2028-12-31,3.31052,4.29237,2.08015,7,69012142631,17,Industrials,13.82,9148424723,68044422
2026-08-21,AAL,2027-12-31,2.52448,4.26073,1.12909,14,65968680555,17,Industrials,13.82,9148424723,68044422
2026-08-21,AAOI,2028-12-31,10.67,12.58225,9.50106,1,5114750000,1,Technology,124.82,10015902177,8018846
2026-08-21,AAOI,2027-12-31,5.55167,6.16697,4.92239,3,2961229200,3,Technology,124.82,10015902177,8018846
2026-08-21,AAOI,2026-12-31,0.74,0.7962,0.67443,3,1048938000,4,Technology,124.82,10015902177,8018846
2026-08-21,AAOI,2025-12-31,-0.32563,-0.28493,-0.35005,4,452665557,4,Technology,124.82,10015902177,8018846
2026-08-21,AAON,2028-12-31,4.565,4.71442,4.38861,1,3034200000,2,Industrials,79.44,6507065448,983284
2026-08-21,AAON,2027-12-31,3.57,3.90017,3.03347,4,2671466667,4,Industrials,79.44,6507065448,983284
2026-08-21,AAON,2026-12-31,2.36167,2.49516,2.24872,4,2289316667,4,Industrials,79.44,6507065448,983284
2026-08-21,AAON,2025-12-31,1.40833,1.46869,1.35803,4,1390210000,3,Industrials,79.44,6507065448,983284
2026-08-21,AAP,2031-01-03,4.535,4.60882,4.43086,3,9466400000,9,Consumer Cyclical,42.58,2567574000,4280175
2026-08-21,AAP,2030-01-03,4.71,4.78667,4.60184,2,9221666667,9,Consumer Cyclical,42.58,2567574000,4280175
2026-08-21,AAP,2029-01-03,4.60992,5.22164,3.95071,6,8923083848,11,Consumer Cyclical,42.58,2567574000,4280175
2026-08-21,AAP,2028-01-03,3.93317,4.43591,3.49944,15,8738441718,17,Consumer Cyclical,42.58,2567574000,4280175
2026-08-21,AAPL,2030-09-27,12.8,14.01244,12.04726,9,693145000000,11,Technology,309.35,4543533578600,42216056
2026-08-21,AAPL,2029-09-27,12.34288,13.51202,11.61703,9,483092000000,18,Technology,309.35,4543533578600,42216056
2026-08-21,AAPL,2028-09-27,10.64286,11.48235,9.51565,20,559888737768,22,Technology,309.35,4543533578600,42216056
2026-08-21,AAPL,2027-09-27,9.54271,10.17421,9.03149,31,520341185461,30,Technology,309.35,4543533578600,42216056
2026-08-21,ABBV,2030-12-31,20.979,21.44941,20.33092,5,85164142036,15,Healthcare,265.01,468217765493,5131914
2026-08-21,ABBV,2029-12-31,19.79975,20.24371,19.1881,5,83476229726,9,Healthcare,265.01,468217765493,5131914
2026-08-21,ABBV,2028-12-31,17.92217,21.55192,15.48836,8,78865379329,19,Healthcare,265.01,468217765493,5131914
2026-08-21,ABBV,2027-12-31,16.32172,17.51059,15.31421,14,73407116214,17,Healthcare,265.01,468217765493,5131914
2026-08-21,ABCL,2030-12-31,-0.64,-0.25108,-1.05909,1,113278800,2,Healthcare,11.32,3456845000,4536941
2026-08-21,ABCL,2029-12-31,-0.76333,-0.29947,-1.26318,1,53755800,2,Healthcare,11.32,3456845000,4536941
2026-08-21,ABCL,2028-12-31,-0.85333,-0.73994,-0.92252,5,22528167,5,Healthcare,11.32,3456845000,4536941
2026-08-21,ABCL,2027-12-31,-0.715,-0.6435,-0.75969,4,24912714,6,Healthcare,11.32,3456845000,4536941
2026-08-21,ABNB,2030-12-31,10.67571,11.16715,10.11297,10,20661285714,12,Consumer Cyclical,187.3,111165102712,4075950
2026-08-21,ABNB,2029-12-31,8.95125,9.36331,8.47941,10,19246687569,12,Consumer Cyclical,187.3,111165102712,4075950
2026-08-21,ABNB,2028-12-31,7.37306,9.95889,5.96138,23,17420603096,25,Consumer Cyclical,187.3,111165102712,4075950
2026-08-21,ABNB,2027-12-31,6.20318,7.01857,5.52197,31,15749448831,33,Consumer Cyclical,187.3,111165102712,4075950
2026-08-21,ABT,2030-12-31,8.275,8.39855,7.98026,4,67245725000,10,Healthcare,116.64,201831916510,9834345
2026-08-21,ABT,2029-12-31,7.45278,7.56406,7.18733,4,62857912703,10,Healthcare,116.64,201831916510,9834345
2026-08-21,ABT,2028-12-31,6.72268,8.00477,4.4653,11,58482271010,20,Healthcare,116.64,201831916510,9834345
2026-08-21,ABT,2027-12-31,6.06382,6.1835,6.00398,17,54697079775,20,Healthcare,116.64,201831916510,9834345
2026-08-21,ABVX,2030-12-31,8.4051,24.67379,1.84862,1,1639737046,5,Healthcare,114.95,8441104383,971796
2026-08-21,ABVX,2029-12-31,6.52832,19.16437,1.43584,1,1248282622,5,Healthcare,114.95,8441104383,971796
2026-08-21,ABVX,2028-12-31,0.40632,1.90452,-0.35654,3,505876532,11,Healthcare,114.95,8441104383,971796
2026-08-21,ABVX,2027-12-31,-3.06355,-2.04841,-4.53188,4,105473974,10,Healthcare,114.95,8441104383,971796
2026-08-21,ACAD,2030-12-31,2.44289,2.64827,2.32538,11,1870818757,14,Healthcare,29.5,5051462000,1067488
2026-08-21,ACAD,2029-12-31,1.85028,2.00583,1.76127,7,1717504293,14,Healthcare,29.5,5051462000,1067488
2026-08-21,ACAD,2028-12-31,1.54203,3.00251,0.87531,14,1611562446,16,Healthcare,29.5,5051462000,1067488
2026-08-21,ACAD,2027-12-31,0.90609,1.80264,0.47689,13,1431361805,15,Healthcare,29.5,5051462000,1067488
2026-08-21,ACGL,2028-12-31,10.56871,11.38565,9.61478,5,16933508710,5,Financial Services,99.39,34725872100,1331411
2026-08-21,ACGL,2027-12-31,9.7907,10.30862,9.12338,12,16723068683,6,Financial Services,99.39,34725872100,1331411
2026-08-21,ACGL,2026-12-31,9.3927,9.79027,8.87585,12,16605556354,5,Financial Services,99.39,34725872100,1331411
2026-08-21,ACGL,2025-12-31,9.44434,9.72656,9.23267,14,17682605327,5,Financial Services,99.39,34725872100,1331411
2026-08-21,ACHC,2029-12-31,2.53,2.57214,2.50771,1,4178800000,6,Healthcare,27.82,2590049651,1112170
2026-08-21,ACHC,2028-12-31,2.13558,2.31097,1.91893,3,3815298176,8,Healthcare,27.82,2590049651,1112170
2026-08-21,ACHC,2027-12-31,1.82214,1.91585,1.69719,7,3628252422,9,Healthcare,27.82,2590049651,1112170
2026-08-21,ACHC,2026-12-31,1.52718,1.56685,1.46768,7,3428052728,10,Healthcare,27.82,2590049651,1112170
2026-08-21,ACI,2031-02-28,1.67,1.70778,1.64228,1,86966100000,3,Consumer Defensive,12.38,6008335880,6422376
2026-08-21,ACI,2030-02-28,1.68,1.718,1.65212,1,85260900000,4,Consumer Defensive,12.38,6008335880,6422376
2026-08-21,ACI,2029-02-28,1.86427,2.25972,1.46882,2,82952993246,8,Consumer Defensive,12.38,6008335880,6422376
2026-08-21,ACI,2028-02-28,1.86856,2.14834,1.65872,9,82326920275,12,Consumer Defensive,12.38,6008335880,6422376
2026-08-21,ACIW,2027-12-31,2.94,2.9542,2.92437,2,2049628749,3,Technology,51.86,5272169020,524424
2026-08-21,ACIW,2026-12-31,2.59,2.60251,2.57623,2,1905283750,3,Technology,51.86,5272169020,524424
2026-08-21,ACIW,2025-12-31,2.34167,2.35298,2.32922,3,1742943500,3,Technology,51.86,5272169020,524424
2026-08-21,ACIW,2024-12-31,1.56667,1.60058,1.53954,4,1593569833,3,Technology,51.86,5272169020,524424
2026-08-21,ACM,2028-09-30,7.28729,7.82521,6.74937,2,8427703500,1,Industrials,64.79,8327005170,1285659
2026-08-21,ACM,2027-09-30,6.22291,7.14863,4.16575,6,7968079851,2,Industrials,64.79,8327005170,1285659
2026-08-21,ACM,2026-09-30,3.97894,5.32894,3.50822,5,7431011868,2,Industrials,64.79,8327005170,1285659
2026-08-21,ACM,2025-09-30,5.24014,5.25014,5.23014,8,7551654667,3,Industrials,64.79,8327005170,1285659
2026-08-21,ACMR,2030-12-31,5.8,6.45011,5.30644,1,2574000000,2,Technology,79.41,5091584889,515927
2026-08-21,ACMR,2029-12-31,4.75,5.28242,4.34579,1,2167000000,2,Technology,79.41,5091584889,515927
2026-08-21,ACMR,2028-12-31,4.405,5.54644,3.72335,3,1833235595,4,Technology,79.41,5091584889,515927
2026-08-21,ACMR,2027-12-31,3.2,3.55868,2.92769,3,1505795204,5,Technology,79.41,5091584889,515927
2026-08-21,ACN,2030-08-31,18.92,19.52433,18.58023,4,97613000000,14,Technology,185.28,113380633956,4824967
2026-08-21,ACN,2029-08-31,18.44,19.029,18.10885,9,89760000000,9,Technology,185.28,113380633956,4824967
2026-08-21,ACN,2028-08-31,15.74921,16.72619,14.6754,11,80671109056,19,Technology,185.28,113380633956,4824967
2026-08-21,ACN,2027-08-31,14.6788,14.97898,14.12847,18,76606283940,20,Technology,185.28,113380633956,4824967
2026-08-21,ADBE,2030-11-28,34.84,35.93832,33.90432,6,37329600000,9,Technology,275.3,109431750000,4335077
2026-08-21,ADBE,2029-11-28,32.28,33.29762,31.41307,6,34375400000,15,Technology,275.3,109431750000,4335077
2026-08-21,ADBE,2028-11-28,31.42182,36.20012,28.46742,10,31489310976,18,Technology,275.3,109431750000,4335077
2026-08-21,ADBE,2027-11-28,27.50879,28.58304,26.29399,23,28929396556,27,Technology,275.3,109431750000,4335077
2026-08-21,ADEA,2028-12-31,1.81,1.81889,1.80479,1,475000000,1,Technology,26.25,2895217500,512325
2026-08-21,ADEA,2027-12-31,1.61075,1.69969,1.51193,3,450814500,3,Technology,26.25,2895217500,512325
2026-08-21,ADEA,2026-12-31,1.42375,1.43074,1.41393,3,416036000,3,Technology,26.25,2895217500,512325
2026-08-21,ADEA,2025-12-31,1.44125,1.45067,1.42241,3,429195250,3,Technology,26.25,2895217500,512325
2026-08-21,ADI,2030-11-01,23.9,26.06721,22.45708,3,25087000000,9,Technology,373.09,181727288830,4972655
2026-08-21,ADI,2029-11-01,20.4898,22.34778,19.25276,3,21852675000,9,Technology,373.09,181727288830,4972655
2026-08-21,ADI,2028-11-01,18.85305,20.87926,15.81873,9,19980740887,18,Technology,373.09,181727288830,4972655
2026-08-21,ADI,2027-11-01,16.44435,17.83813,15.29785,19,18293483022,21,Technology,373.09,181727288830,4972655
2026-08-21,ADM,2030-12-31,4.64,5.56604,4.24056,1,85761000000,2,Consumer Defensive,80.3,38701147100,3232674
2026-08-21,ADM,2029-12-31,5.0143,6.01504,4.58264,1,84712996700,2,Consumer Defensive,80.3,38701147100,3232674
2026-08-21,ADM,2028-12-31,5.64209,6.76812,5.15639,1,95613901762,5,Consumer Defensive,80.3,38701147100,3232674
2026-08-21,ADM,2027-12-31,5.78622,6.43864,4.91989,6,91276437711,6,Consumer Defensive,80.3,38701147100,3232674
2026-08-21,ADNT,2030-09-30,8.5,8.66149,8.30747,1,16533099999,9,Consumer Cyclical,20.01,1569051874,722223
2026-08-21,ADNT,2029-09-30,6.65,6.77634,6.49937,1,16174100000,9,Consumer Cyclical,20.01,1569051874,722223
2026-08-21,ADNT,2028-09-30,3.8179,4.95239,2.30911,3,15559984558,10,Consumer Cyclical,20.01,1569051874,722223
2026-08-21,ADNT,2027-09-30,2.98502,3.27972,2.6618,7,15137522450,9,Consumer Cyclical,20.01,1569051874,722223
2026-08-21,ADP,2029-06-30,14.57464,14.92989,14.00048,4,25877178936,7,Technology,280.81,112249304540,2480681
2026-08-21,ADP,2028-06-30,13.38832,13.61812,13.14853,11,24535787226,12,Technology,280.81,112249304540,2480681
2026-08-21,ADP,2027-06-30,12.25774,12.33773,12.10777,11,23211014007,12,Technology,280.81,112249304540,2480681
2026-08-21,ADP,2026-06-30,11.07324,11.10322,11.04326,10,21910634900,12,Technology,280.81,112249304540,2480681
2026-08-21,ADPT,2030-12-31,0.05,0.05140243,0.04777199,1,676100000,2,Healthcare,25.99,4159543560,1815950
2026-08-21,ADPT,2029-12-31,0.23,0.23645,0.21975,1,544500000,2,Healthcare,25.99,4159543560,1815950
2026-08-21,ADPT,2028-12-31,0.016,0.1232,-0.15559,5,439046923,5,Healthcare,25.99,4159543560,1815950
2026-08-21,ADPT,2027-12-31,-0.17625,-0.12441,-0.21772,6,358478569,7,Healthcare,25.99,4159543560,1815950
2026-08-21,ADSK,2031-01-31,0,0,0,5,12075000000,9,Technology,253.825,53593943335,1783355
2026-08-21,ADSK,2030-01-31,17.84034,18.42857,17.33171,4,11319621123,9,Technology,253.825,53593943335,1783355
2026-08-21,ADSK,2029-01-31,16.25312,18.53818,14.81645,10,10028454984,18,Technology,253.825,53593943335,1783355
2026-08-21,ADSK,2028-01-31,14.16761,15.52738,13.43773,20,9047954207,26,Technology,253.825,53593943335,1783355
2026-08-21,AEE,2030-12-31,7.41143,7.9226,7.04247,1,11388931320,4,Utilities,106.13,29371689760,1587050
2026-08-21,AEE,2029-12-31,6.85,7.32245,6.50899,1,10795047600,4,Utilities,106.13,29371689760,1587050
2026-08-21,AEE,2028-12-31,6.31381,6.39408,6.25486,5,10214318713,9,Utilities,106.13,29371689760,1587050
2026-08-21,AEE,2027-12-31,5.8111,5.88136,5.67059,6,9598786089,9,Utilities,106.13,29371689760,1587050
2026-08-21,AEHR,2030-05-29,2.27,2.30998,2.23564,1,275550000,1,Technology,101.73,3318478379,1906220
2026-08-21,AEHR,2029-05-29,1.4,1.42466,1.37881,1,210257600,1,Technology,101.73,3318478379,1906220
2026-08-21,AEHR,2028-05-29,0.758,0.77135,0.74653,1,135168500,1,Technology,101.73,3318478379,1906220
2026-08-21,AEHR,2027-05-29,0.758,0.77135,0.74653,1,135168500,1,Technology,101.73,3318478379,1906220
2026-08-21,AEM,2030-12-31,10.55688,13.53787,9.07567,2,11427596724,5,Basic Materials,216.06,109405192516,5334760
2026-08-21,AEM,2029-12-31,10.83439,13.89374,9.31424,3,12847603774,5,Basic Materials,216.06,109405192516,5334760
2026-08-21,AEM,2028-12-31,12.4669,17.88586,10.29326,6,15863250269,10,Basic Materials,216.06,109405192516,5334760
2026-08-21,AEM,2027-12-31,12.54938,14.25761,10.74066,11,16290021365,10,Basic Materials,216.06,109405192516,5334760
2026-08-21,AEO,2029-01-31,2.26976,2.31267,2.23133,1,6236546768,5,Consumer Cyclical,16.17,2709655410,2140546
2026-08-21,AEO,2028-01-31,1.94582,2.09944,1.62834,4,5996730275,9,Consumer Cyclical,16.17,2709655410,2140546
2026-08-21,AEO,2027-01-31,1.75832,1.82825,1.68839,4,5801351496,9,Consumer Cyclical,16.17,2709655410,2140546
2026-08-21,AEO,2026-01-31,1.37974,1.40995,1.29917,5,5473966265,7,Consumer Cyclical,16.17,2709655410,2140546
2026-08-21,AEP,2030-12-31,9.15297,10.43723,8.12218,2,30691545300,7,Utilities,120.94,65839373180,5246704
2026-08-21,AEP,2029-12-31,8.36366,9.53717,7.42176,3,29050836766,10,Utilities,120.94,65839373180,5246704
2026-08-21,AEP,2028-12-31,7.59448,7.73475,7.51433,6,26702045295,15,Utilities,120.94,65839373180,5246704
2026-08-21,AEP,2027-12-31,6.8616,7.06165,6.78158,13,24823647774,12,Utilities,120.94,65839373180,5246704
2026-08-21,AER,2028-12-31,19.98449,20.42544,19.50471,1,8485233174,5,Industrials,146.29,23067738650,804967
2026-08-21,AER,2027-12-31,18.20919,19.21697,17.78434,5,8470485457,5,Industrials,146.29,23067738650,804967
2026-08-21,AER,2026-12-31,18.72001,19.69799,18.17669,6,8606470397,6,Industrials,146.29,23067738650,804967
2026-08-21,AER,2025-12-31,14.75593,15.03528,14.16729,7,8391694038,5,Industrials,146.29,23067738650,804967
2026-08-21,AES,2028-12-31,2.60726,2.84759,2.36424,3,13905309913,5,Utilities,14.77,10533343660,10251037
2026-08-21,AES,2027-12-31,2.42044,2.57428,2.15378,6,13500153398,5,Utilities,14.77,10533343660,10251037
2026-08-21,AES,2026-12-31,2.28888,2.41996,2.0368,2,12818493604,1,Utilities,14.77,10533343660,10251037
2026-08-21,AES,2025-12-31,2.1349,2.28739,1.82991,10,12056131867,4,Utilities,14.77,10533343660,10251037
2026-08-21,AESI,2028-12-31,0.52131,1.17628,-0.46823,5,1534092809,6,Energy,12.58,1571312247,3120787
2026-08-21,AESI,2027-12-31,-0.12859,0.18574,-0.5858,5,1286125391,7,Energy,12.58,1571312247,3120787
2026-08-21,AESI,2026-12-31,-0.918,-0.57095,-1.18668,5,1112652179,6,Energy,12.58,1571312247,3120787
2026-08-21,AESI,2025-12-31,-0.44787,-0.39698,-0.47841,3,1086262009,6,Energy,12.58,1571312247,3120787
2026-08-21,AEVA,2030-12-31,1.03,1.20589,0.86818,1,814722000,2,Technology,18.29,1235218808,1113708
2026-08-21,AEVA,2029-12-31,-0.105,-0.08850394,-0.12293,1,522611500,1,Technology,18.29,1235218808,1113708
2026-08-21,AEVA,2028-12-31,-1.062,-1.03714,-1.08686,2,207901600,3,Technology,18.29,1235218808,1113708
2026-08-21,AEVA,2027-12-31,-1.622,-1.43635,-1.80765,2,70824061,3,Technology,18.29,1235218808,1113708
2026-08-21,AFL,2029-12-31,8.12749,8.37354,7.87922,1,17439276830,2,Financial Services,116.07,59077888950,1227982
2026-08-21,AFL,2028-12-31,7.85632,8.04352,7.65384,5,16817281760,4,Financial Services,116.07,59077888950,1227982
2026-08-21,AFL,2027-12-31,7.56395,8.40439,7.26732,9,16700954677,4,Financial Services,116.07,59077888950,1227982
2026-08-21,AFL,2026-12-31,7.02224,7.23171,6.88259,9,16713847079,4,Financial Services,116.07,59077888950,1227982
2026-08-21,AFRM,2030-06-30,4.1074,4.49518,3.75406,8,17001920630,8,Financial Services,77.03,25797235769,2367400
2026-08-21,AFRM,2029-06-30,3.76061,4.10634,3.37,10,8189837911,11,Financial Services,77.03,25797235769,2367400
2026-08-21,AFRM,2028-06-30,2.57786,3.45517,1.82863,22,6595177142,23,Financial Services,77.03,25797235769,2367400
2026-08-21,AFRM,2027-06-30,1.79687,2.31922,1.38944,16,5282875969,25,Financial Services,77.03,25797235769,2367400
2026-08-21,AG,2030-12-31,0.7,0.73434,0.65176,1,1639291400,1,Basic Materials,21.09,10397960520,10835613
2026-08-21,AG,2029-12-31,0.78,0.81826,0.72625,1,1579503000,1,Basic Materials,21.09,10397960520,10835613
2026-08-21,AG,2028-12-31,1.0125,1.06216,0.94273,1,1995367867,2,Basic Materials,21.09,10397960520,10835613
2026-08-21,AG,2027-12-31,0.996,1.00707,0.98493,2,1828073767,2,Basic Materials,21.09,10397960520,10835613
2026-08-21,AGCO,2029-12-31,8.89946,9.24222,8.54029,2,11359707277,4,Industrials,106.81,7480089188,710563
2026-08-21,AGCO,2028-12-31,9.68001,13.19213,8.25981,7,11356053776,9,Industrials,106.81,7480089188,710563
2026-08-21,AGCO,2027-12-31,7.32189,9.12331,6.48898,11,10731462244,12,Industrials,106.81,7480089188,710563
2026-08-21,AGCO,2026-12-31,5.65406,5.97543,5.34274,11,10198303522,11,Industrials,106.81,7480089188,710563
2026-08-21,AGI,2030-12-31,4.33333,5.54561,3.7213,1,4226000000,5,Basic Materials,37.86,15899874900,5668506
2026-08-21,AGI,2029-12-31,3.92179,5.01894,3.36789,1,4068766667,3,Basic Materials,37.86,15899874900,5668506
2026-08-21,AGI,2028-12-31,3.69532,4.65774,3.11424,3,3576186680,7,Basic Materials,37.86,15899874900,5668506
2026-08-21,AGI,2027-12-31,2.82735,3.34871,2.39623,7,3055970580,6,Basic Materials,37.86,15899874900,5668506
2026-08-21,AGIO,2030-12-31,1.32778,1.72951,0.85373,5,811808200,6,Healthcare,33.09,1975535242,558980
2026-08-21,AGIO,2029-12-31,-0.39176,-0.25189,-0.51029,5,653129400,6,Healthcare,33.09,1975535242,558980
2026-08-21,AGIO,2028-12-31,-1.71617,0.48991,-3.52936,8,518761632,8,Healthcare,33.09,1975535242,558980
2026-08-21,AGIO,2027-12-31,-3.68852,-2.26321,-5.32114,8,351509070,7,Healthcare,33.09,1975535242,558980
2026-08-21,AGNC,2028-12-31,1.45459,1.82974,1.05888,1,2069040830,1,Real Estate,10.89,12500957700,9955793
2026-08-21,AGNC,2027-12-31,1.50079,1.55049,1.47097,9,4410300000,5,Real Estate,10.89,12500957700,9955793
2026-08-21,AGNC,2026-12-31,1.57803,1.58789,1.56817,8,4193760000,4,Real Estate,10.89,12500957700,9955793
2026-08-21,AGNC,2025-12-31,1.53067,1.54067,1.52067,9,3519760000,4,Real Estate,10.89,12500957700,9955793
2026-08-21,AGRO,2028-12-31,1.15158,1.58182,0.76283,4,2195556999,5,Consumer Defensive,11.07,6245320963,894577
2026-08-21,AGRO,2027-12-31,1.19225,1.38386,1.04322,3,2212782671,5,Consumer Defensive,11.07,6245320963,894577
2026-08-21,AGRO,2026-12-31,1.69314,1.87199,1.50236,1,2225748374,2,Consumer Defensive,11.07,6245320963,894577
2026-08-21,AGRO,2025-12-31,0.26661,0.3878,0.13331,2,1361120905,3,Consumer Defensive,11.07,6245320963,894577
2026-08-21,AHR,2030-12-31,0,0,0,1,4639928802,2,Real Estate,55.93,11561978686,1199267
2026-08-21,AHR,2029-12-31,1.11,1.23153,1.00809,1,3877386348,1,Real Estate,55.93,11561978686,1199267
2026-08-21,AHR,2028-12-31,0.93187,0.99561,0.88,3,3359238954,3,Real Estate,55.93,11561978686,1199267
2026-08-21,AHR,2027-12-31,0.80893,0.83158,0.79275,3,3082052980,5,Real Estate,55.93,11561978686,1199267
2026-08-21,AI,2030-04-30,0.4,0.4335,0.36524,2,1680700000,2,Technology,10.3,1565074700,6725897
2026-08-21,AI,2029-04-30,-0.39333,-0.35915,-0.42627,4,269767782,3,Technology,10.3,1565074700,6725897
2026-08-21,AI,2028-04-30,-0.45083,-0.27951,-0.53198,7,246859906,10,Technology,10.3,1565074700,6725897
2026-08-21,AI,2027-04-30,-0.7871,-0.7487,-0.83509,9,224276149,12,Technology,10.3,1565074700,6725897
2026-08-21,AIG,2028-12-31,9.46543,10.10441,8.21657,5,32809261132,4,Financial Services,76.12,40359280720,2258605
2026-08-21,AIG,2027-12-31,8.79997,9.23391,8.1541,13,31412468836,5,Financial Services,76.12,40359280720,2258605
2026-08-21,AIG,2026-12-31,8.03789,8.37907,7.62646,12,28873691639,5,Financial Services,76.12,40359280720,2258605
2026-08-21,AIG,2025-12-31,7.04004,7.10021,6.9197,14,27208911187,4,Financial Services,76.12,40359280720,2258605
2026-08-21,AIP,2028-12-31,0.57,0.60119,0.53026,4,149708500,4,Technology,23.89,1103048650,551259
2026-08-21,AIP,2027-12-31,0.12333,0.23124,-0.04624875,4,117123000,5,Technology,23.89,1103048650,551259
2026-08-21,AIP,2026-12-31,-0.175,-0.14,-0.21,4,96723167,5,Technology,23.89,1103048650,551259
2026-08-21,AIP,2025-12-31,-0.3525,-0.32792,-0.37179,2,68968075,2,Technology,23.89,1103048650,551259
2026-08-21,AJG,2028-12-31,16.83437,19.33119,14.08165,4,19759230041,5,Financial Services,263.81,67772788736,883996
2026-08-21,AJG,2027-12-31,14.92264,15.53398,14.45161,13,18154281997,6,Financial Services,263.81,67772788736,883996
2026-08-21,AJG,2026-12-31,13.24403,13.9227,12.89471,13,16684817943,6,Financial Services,263.81,67772788736,883996
2026-08-21,AJG,2025-12-31,10.69114,10.74129,10.63096,15,13849451036,5,Financial Services,263.81,67772788736,883996
2026-08-21,AKAM,2030-12-31,11.575,11.80356,11.19408,2,7050022000,6,Technology,110.42,16053461499,2932316
2026-08-21,AKAM,2029-12-31,9.985,10.18216,9.65641,3,6323554000,10,Technology,110.42,16053461499,2932316
2026-08-21,AKAM,2028-12-31,8.11797,11.85587,4.70979,6,5614389573,12,Technology,110.42,16053461499,2932316
2026-08-21,AKAM,2027-12-31,7.1242,8.02095,6.64593,16,5066778277,18,Technology,110.42,16053461499,2932316
2026-08-21,AKR,2030-12-31,0.15,0.15952,0.13396,1,618000000,1,Real Estate,21.05,2890794311,562401
2026-08-21,AKR,2029-12-31,0.285,0.30308,0.25452,1,564331000,1,Real Estate,21.05,2890794311,562401
2026-08-21,AKR,2028-12-31,0.31,0.33,0.29,2,512255000,2,Real Estate,21.05,2890794311,562401
2026-08-21,AKR,2027-12-31,0.32247,0.32974,0.31762,3,432184041,4,Real Estate,21.05,2890794311,562401
2026-08-21,ALAB,2030-12-31,8.65,10.54383,6.90911,5,4054000000,15,Technology,284.97,48846120377,2933847
2026-08-21,ALAB,2029-12-31,10.92959,13.32252,8.72992,9,4827598592,9,Technology,284.97,48846120377,2933847
2026-08-21,ALAB,2028-12-31,8.12619,10.86608,5.9602,12,3938326979,19,Technology,284.97,48846120377,2933847
2026-08-21,ALAB,2027-12-31,6.39427,7.18457,5.98372,15,3041181861,18,Technology,284.97,48846120377,2933847
2026-08-21,ALB,2030-12-31,13.85,16.35675,11.79588,1,7397000000,12,Basic Materials,143.25,16894138756,3220128
2026-08-21,ALB,2029-12-31,10.83538,12.79651,9.22836,1,6262932475,8,Basic Materials,143.25,16894138756,3220128
2026-08-21,ALB,2028-12-31,11.35075,16.09414,6.30238,3,6489332897,14,Basic Materials,143.25,16894138756,3220128
2026-08-21,ALB,2027-12-31,10.25509,13.71216,6.89628,10,6330751998,14,Basic Materials,143.25,16894138756,3220128
2026-08-21,ALC,2030-12-31,5.70922,5.84629,5.57821,6,14240604977,9,Healthcare,73.63,35909351000,994181
2026-08-21,ALC,2029-12-31,5.20797,5.33301,5.08846,9,13367614669,10,Healthcare,73.63,35909351000,994181
2026-08-21,ALC,2028-12-31,4.53292,5.53279,3.06929,15,12588217001,18,Healthcare,73.63,35909351000,994181
2026-08-21,ALC,2027-12-31,4.00861,4.162,3.87567,16,11869645769,17,Healthcare,73.63,35909351000,994181
2026-08-21,ALGM,2030-03-27,2.36,2.4854,2.25749,1,1718000000,4,Technology,37.16,6923242440,2323081
2026-08-21,ALGM,2029-03-27,2.08622,2.64173,1.59313,4,1509516636,6,Technology,37.16,6923242440,2323081
2026-08-21,ALGM,2028-03-27,1.50016,1.62598,1.37434,7,1287751986,7,Technology,37.16,6923242440,2323081
2026-08-21,ALGM,2027-03-27,1.02772,1.08759,0.96785,7,1097811437,8,Technology,37.16,6923242440,2323081
2026-08-21,ALGN,2029-12-31,15.345,15.65931,15.10031,1,4851500000,10,Healthcare,162.55,11641526544,992554
2026-08-21,ALGN,2028-12-31,13.80314,15.40421,12.45274,5,4559331070,12,Healthcare,162.55,11641526544,992554
2026-08-21,ALGN,2027-12-31,12.53909,12.85031,12.21783,10,4333621415,12,Healthcare,162.55,11641526544,992554
2026-08-21,ALGN,2026-12-31,11.29149,11.68085,11.11178,10,4166216741,12,Healthcare,162.55,11641526544,992554
2026-08-21,ALGT,2028-12-31,14.97358,15.958,13.98916,2,4705193027,6,Industrials,81.85,2199774162,785384
2026-08-21,ALGT,2027-12-31,11.85368,15.03581,10.69042,8,4380639825,9,Industrials,81.85,2199774162,785384
2026-08-21,ALGT,2026-12-31,6.69469,7.90574,5.88086,7,3708877813,8,Industrials,81.85,2199774162,785384
2026-08-21,ALGT,2025-12-31,2.94845,3.16908,2.71779,9,2592361028,8,Industrials,81.85,2199774162,785384
2026-08-21,ALH,2028-12-31,1.6625,1.6699,1.65765,1,2044245801,1,Industrials,23.47,4661345250,2082104
2026-08-21,ALH,2027-12-31,1.48333,1.52397,1.44269,3,1932541830,3,Industrials,23.47,4661345250,2082104
2026-08-21,ALH,2026-12-31,1.34,1.37045,1.30955,3,1822931869,3,Industrials,23.47,4661345250,2082104
2026-08-21,ALH,2025-12-31,0.93592,1.03877,0.87421,5,1692521435,5,Industrials,23.47,4661345250,2082104
2026-08-21,ALHC,2030-12-31,1.71333,1.77388,1.65525,5,13129682000,5,Healthcare,13.16,2729844600,2220618
2026-08-21,ALHC,2029-12-31,1.28,1.32524,1.23661,5,10427572000,5,Healthcare,13.16,2729844600,2220618
2026-08-21,ALHC,2028-12-31,0.75045,0.89327,0.55966,8,8070018436,10,Healthcare,13.16,2729844600,2220618
2026-08-21,ALHC,2027-12-31,0.43187,0.54235,0.34148,6,6500628113,9,Healthcare,13.16,2729844600,2220618
2026-08-21,ALIT,2028-12-31,4.70306,4.85562,4.56485,1,2072841211,2,Technology,14.22,374588231,539644
2026-08-21,ALIT,2027-12-31,4.81816,5.15375,4.47458,2,1998621390,3,Technology,14.22,374588231,539644
2026-08-21,ALIT,2026-12-31,4.72546,5.15505,4.29587,3,2090922999,3,Technology,14.22,374588231,539644
2026-08-21,ALIT,2025-12-31,11.07082,11.42994,10.74547,5,2264011000,4,Technology,14.22,374588231,539644
2026-08-21,ALK,2030-12-31,13.46,13.84425,13.01374,1,20361000000,6,Industrials,40.41,4502845890,2113003
2026-08-21,ALK,2029-12-31,11.66,11.99287,11.27341,1,19203000000,6,Industrials,40.41,4502845890,2113003
2026-08-21,ALK,2028-12-31,8.7277,10.62503,6.83037,2,17868737829,8,Industrials,40.41,4502845890,2113003
2026-08-21,ALK,2027-12-31,5.87121,7.8867,4.59181,9,16921919199,10,Industrials,40.41,4502845890,2113003
2026-08-21,ALKS,2030-12-31,3.24004,3.6183,2.99333,4,2659048921,12,Healthcare,48.33,8107985790,830596
2026-08-21,ALKS,2029-12-31,2.15363,2.40505,1.98964,4,2377477404,8,Healthcare,48.33,8107985790,830596
2026-08-21,ALKS,2028-12-31,1.16071,2.79173,-0.1966,11,2099688976,14,Healthcare,48.33,8107985790,830596
2026-08-21,ALKS,2027-12-31,0.64898,3.78572,-2.32551,8,1936474951,13,Healthcare,48.33,8107985790,830596
2026-08-21,ALKT,2028-12-31,1.35452,1.36996,1.34027,2,714798823,3,Technology,20.38,2179477960,1388746
2026-08-21,ALKT,2027-12-31,1.08665,1.09904,1.07759,4,619121405,5,Technology,20.38,2179477960,1388746
2026-08-21,ALKT,2026-12-31,0.78661,0.79586,0.7681,4,529895939,5,Technology,20.38,2179477960,1388746
2026-08-21,ALKT,2025-12-31,0.52124,0.52718,0.51575,5,442991711,6,Technology,20.38,2179477960,1388746
2026-08-21,ALL,2028-12-31,26.21793,28.81542,23.73924,4,64239189708,8,Financial Services,253.83,65341172430,1304282
2026-08-21,ALL,2027-12-31,27.36454,33.50963,23.98375,13,62202778123,7,Financial Services,253.83,65341172430,1304282
2026-08-21,ALL,2026-12-31,34.93202,40.26672,25.9451,13,60964053262,7,Financial Services,253.83,65341172430,1304282
2026-08-21,ALL,2025-12-31,30.46004,32.37647,25.89712,16,58980205168,5,Financial Services,253.83,65341172430,1304282
2026-08-21,ALLE,2029-12-31,12.54973,12.81279,12.28287,1,5166498875,4,Industrials,162.31,13802323008,739606
2026-08-21,ALLE,2028-12-31,10.74845,11.00859,10.31714,4,4852964691,6,Industrials,162.31,13802323008,739606
2026-08-21,ALLE,2027-12-31,9.75685,9.99134,9.48158,8,4626865584,9,Industrials,162.31,13802323008,739606
2026-08-21,ALLE,2026-12-31,8.95084,8.98091,8.88068,8,4413614455,9,Industrials,162.31,13802323008,739606
2026-08-21,ALLY,2028-12-31,7.13799,7.79972,5.70823,7,9991742853,10,Financial Services,42.93,13059306000,1509101
2026-08-21,ALLY,2027-12-31,6.41269,6.55385,6.19087,11,9664291621,12,Financial Services,42.93,13059306000,1509101
2026-08-21,ALLY,2026-12-31,5.22797,5.48987,5.00636,11,9089660314,12,Financial Services,42.93,13059306000,1509101
2026-08-21,ALLY,2025-12-31,3.74389,3.90406,3.64379,13,7934441982,11,Financial Services,42.93,13059306000,1509101
2026-08-21,ALM,2030-12-31,2.348,3.39004,1.38205,1,1208095109,3,Basic Materials,18.51,5252064420,8476631
2026-08-21,ALM,2029-12-31,2.41943,3.49318,1.42409,1,1240230568,4,Basic Materials,18.51,5252064420,8476631
2026-08-21,ALM,2028-12-31,1.88801,2.72591,1.11129,1,970926529,2,Basic Materials,18.51,5252064420,8476631
2026-08-21,ALM,2027-12-31,1.40684,2.83183,0.75334,3,663712694,6,Basic Materials,18.51,5252064420,8476631
2026-08-21,ALMS,2030-12-31,2.1454,4.54719,0.66251,4,937420083,5,Healthcare,24.17,2983353180,920383
2026-08-21,ALMS,2029-12-31,-0.57918,-0.17885,-1.22758,2,433558083,3,Healthcare,24.17,2983353180,920383
2026-08-21,ALMS,2028-12-31,-2.00057,-0.94027,-2.7908,7,168071075,7,Healthcare,24.17,2983353180,920383
2026-08-21,ALMS,2027-12-31,-2.79867,-2.58187,-3.02532,6,27038734,8,Healthcare,24.17,2983353180,920383
2026-08-21,ALNY,2030-12-31,16.17658,18.69321,14.09184,7,10580576923,11,Healthcare,236.22,31608361980,1874647
2026-08-21,ALNY,2029-12-31,13.59339,15.70815,11.84156,12,9357039536,14,Healthcare,236.22,31608361980,1874647
2026-08-21,ALNY,2028-12-31,11.82997,17.66414,-2.06814,17,8311945503,22,Healthcare,236.22,31608361980,1874647
2026-08-21,ALNY,2027-12-31,9.56349,10.85649,6.80403,15,6942852231,20,Healthcare,236.22,31608361980,1874647
2026-08-21,ALOY,2030-12-31,2.3,2.82121,1.77879,1,674381500,1,Basic Materials,12.5,852887975,2890301
2026-08-21,ALOY,2029-12-31,0.345,0.42318,0.26682,1,190202000,1,Basic Materials,12.5,852887975,2890301
2026-08-21,ALOY,2028-12-31,0.053333,0.06541905,0.04124695,1,99743333,1,Basic Materials,12.5,852887975,2890301
2026-08-21,ALOY,2027-12-31,-0.16333,-0.01166643,-0.31499,1,32843667,1,Basic Materials,12.5,852887975,2890301
2026-08-21,ALSN,2028-12-31,12.81264,13.84382,11.9823,4,6505702203,6,Consumer Cyclical,133.23,11049560749,933390
2026-08-21,ALSN,2027-12-31,10.94546,12.2798,10.0559,7,6214533490,8,Consumer Cyclical,133.23,11049560749,933390
2026-08-21,ALSN,2026-12-31,8.142,9.05122,7.06896,7,5933188903,7,Consumer Cyclical,133.23,11049560749,933390
2026-08-21,ALSN,2025-12-31,7.73959,7.90083,7.57835,5,2999993130,7,Consumer Cyclical,133.23,11049560749,933390
2026-08-21,AM,2030-12-31,2.01,2.1022,1.89873,1,1751970898,2,Energy,22.14,10509282360,1761633
2026-08-21,AM,2029-12-31,1.75,1.83027,1.65313,1,1639960610,2,Energy,22.14,10509282360,1761633
2026-08-21,AM,2028-12-31,1.47366,1.56,1.34,5,1551772676,5,Energy,22.14,10509282360,1761633
2026-08-21,AM,2027-12-31,1.3023,1.47526,1.18021,4,1458154145,5,Energy,22.14,10509282360,1761633
2026-08-21,AMAT,2029-10-26,24.0839,26.63105,21.41594,6,56488560100,11,Technology,492.32,390881894880,5313122
2026-08-21,AMAT,2028-10-26,23.96649,30.18213,19.57596,15,56182266087,22,Technology,492.32,390881894880,5313122
2026-08-21,AMAT,2027-10-26,18.67251,19.79266,17.23379,23,46764027106,26,Technology,492.32,390881894880,5313122
2026-08-21,AMAT,2026-10-26,12.81271,13.0442,12.36985,20,34347493446,26,Technology,492.32,390881894880,5313122
2026-08-21,AMBA,2031-01-31,4.35,4.66275,4.19304,1,940000000,1,Technology,73.73,3234401280,989308
2026-08-21,AMBA,2030-01-31,2.75,2.94771,2.65077,1,740000000,1,Technology,73.73,3234401280,989308
2026-08-21,AMBA,2029-01-31,1.46113,1.56618,1.40841,1,593273597,3,Technology,73.73,3234401280,989308
2026-08-21,AMBA,2028-01-31,1.07849,1.23404,0.86072,7,498500299,9,Technology,73.73,3234401280,989308
2026-08-21,AMCR,2029-06-30,4.67227,4.70579,4.63875,2,24362267652,4,Consumer Cyclical,48.59,22465377077,2161973
2026-08-21,AMCR,2028-06-30,4.64071,5.20123,4.33177,6,24216144196,14,Consumer Cyclical,48.59,22465377077,2161973
2026-08-21,AMCR,2027-06-30,4.45767,4.67845,4.11073,9,23973810229,16,Consumer Cyclical,48.59,22465377077,2161973
2026-08-21,AMCR,2026-06-30,3.98071,4.01079,3.86039,7,23112038527,15,Consumer Cyclical,48.59,22465377077,2161973
2026-08-21,AMCX,2030-12-31,2.21,2.2453,2.16796,1,2257617246,3,Communication Services,12.39,401972537,598610
2026-08-21,AMCX,2029-12-31,2.01,2.0421,1.97177,1,2246483879,4,Communication Services,12.39,401972537,598610
2026-08-21,AMCX,2028-12-31,0.8297,2.60759,-0.90467,3,2174354453,6,Communication Services,12.39,401972537,598610
2026-08-21,AMCX,2027-12-31,2.40912,2.89274,1.88968,5,2410077145,6,Communication Services,12.39,401972537,598610
2026-08-21,AMD,2030-12-27,42.5425,55.25238,29.99082,9,237778750000,17,Technology,473.25,771681450000,14195919
2026-08-21,AMD,2029-12-27,29.412,38.19905,20.73433,9,160429600000,17,Technology,473.25,771681450000,14195919
2026-08-21,AMD,2028-12-27,22.39182,31.11838,14.06032,20,121175859622,35,Technology,473.25,771681450000,14195919
2026-08-21,AMD,2027-12-27,15.70973,19.22233,10.34386,30,88565838788,37,Technology,473.25,771681450000,14195919
2026-08-21,AME,2030-12-31,10.27408,10.60694,9.8378,1,9891849115,5,Industrials,239.55,54905578650,1038772
2026-08-21,AME,2029-12-31,9.87877,10.19883,9.45928,1,9538098529,3,Industrials,239.55,54905578650,1038772
2026-08-21,AME,2028-12-31,9.90599,10.2835,9.50482,4,9227522251,7,Industrials,239.55,54905578650,1038772
2026-08-21,AME,2027-12-31,9.11457,9.81258,8.84144,11,8696053852,12,Industrials,239.55,54905578650,1038772
2026-08-21,AMGN,2030-12-31,29.02624,31.25361,27.71096,4,44725662606,13,Healthcare,439.33,237109915640,1877643
2026-08-21,AMGN,2029-12-31,27.29399,29.38844,26.05721,4,43043471800,13,Healthcare,439.33,237109915640,1877643
2026-08-21,AMGN,2028-12-31,25.69164,29.1264,21.59951,11,41592810026,27,Healthcare,439.33,237109915640,1877643
2026-08-21,AMGN,2027-12-31,24.41561,25.70011,23.09097,19,40291689654,24,Healthcare,439.33,237109915640,1877643
2026-08-21,AMH,2029-12-31,0.86,0.87819,0.84479,1,2084417822,2,Real Estate,34.35,12337833000,926831
2026-08-21,AMH,2028-12-31,0.70169,0.7639,0.63533,5,2069958228,5,Real Estate,34.35,12337833000,926831
2026-08-21,AMH,2027-12-31,0.79128,0.7952,0.78345,6,1970267119,9,Real Estate,34.35,12337833000,926831
2026-08-21,AMH,2026-12-31,1.05337,1.06966,1.04251,6,1905797140,9,Real Estate,34.35,12337833000,926831
2026-08-21,AMKR,2030-12-31,0,0,0,4,11722100000,5,Technology,50.26,12487197520,2767931
2026-08-21,AMKR,2029-12-31,3.64,3.84602,3.47869,2,10545000000,5,Technology,50.26,12487197520,2767931
2026-08-21,AMKR,2028-12-31,3.33466,4.53094,2.48147,7,9508249758,10,Technology,50.26,12487197520,2767931
2026-08-21,AMKR,2027-12-31,2.74742,3.49214,2.3348,6,8614409252,7,Technology,50.26,12487197520,2767931
2026-08-21,AMLX,2030-12-31,4.16412,9.32186,0.44411,2,895009033,5,Healthcare,38.66,4298463131,4640670
2026-08-21,AMLX,2029-12-31,2.2184,4.96614,0.2366,3,560702583,3,Healthcare,38.66,4298463131,4640670
2026-08-21,AMLX,2028-12-31,-0.2707,0.18949,-0.96098,6,206561574,7,Healthcare,38.66,4298463131,4640670
2026-08-21,AMLX,2027-12-31,-1.19948,-1.09044,-1.36724,7,56197107,7,Healthcare,38.66,4298463131,4640670
2026-08-21,AMP,2029-12-31,65.31915,67.56292,63.88125,1,24112371650,2,Financial Services,555.59,49945929789,571522
2026-08-21,AMP,2028-12-31,57.16492,59.11701,54.4199,3,22224096633,4,Financial Services,555.59,49945929789,571522
2026-08-21,AMP,2027-12-31,51.54462,54.0392,48.83965,8,21013208395,7,Financial Services,555.59,49945929789,571522
2026-08-21,AMP,2026-12-31,46.38923,47.32466,45.16211,8,20003486280,7,Financial Services,555.59,49945929789,571522
2026-08-21,AMPL,2030-12-31,0,0,0,0,698000000,2,Technology,13.29,1765827654,1929060
2026-08-21,AMPL,2029-12-31,0.41,0.42181,0.39463,1,632200000,2,Technology,13.29,1765827654,1929060
2026-08-21,AMPL,2028-12-31,0.26799,0.27571,0.25794,1,568357788,4,Technology,13.29,1765827654,1929060
2026-08-21,AMPL,2027-12-31,0.16591,0.22516,0.082955,7,477152042,9,Technology,13.29,1765827654,1929060
2026-08-21,AMPX,2030-12-31,0.78333,0.87584,0.71549,4,748313333,5,Industrials,10.34,1464424938,3501445
2026-08-21,AMPX,2029-12-31,0.31667,0.35407,0.28924,2,553437333,3,Industrials,10.34,1464424938,3501445
2026-08-21,AMPX,2028-12-31,0.2775,0.46335,0.14257,7,367903375,7,Industrials,10.34,1464424938,3501445
2026-08-21,AMPX,2027-12-31,0.048,0.1248,-0.0288,6,213471818,8,Industrials,10.34,1464424938,3501445
2026-08-21,AMR,2028-12-31,20.70951,38.40501,8.1758,4,2740362634,4,Energy,210.01,2670193146,519423
2026-08-21,AMR,2027-12-31,15.26807,15.9411,14.56931,2,2617535108,3,Energy,210.01,2670193146,519423
2026-08-21,AMR,2026-12-31,-3.40361,-3.24784,-3.55364,2,2139129960,2,Energy,210.01,2670193146,519423
2026-08-21,AMR,2025-12-31,-4.61,-4.39902,-4.81321,1,2131500000,2,Energy,210.01,2670193146,519423
2026-08-21,AMRC,2030-12-31,4.07,4.33165,3.85776,1,3256400000,5,Industrials,21.38,1134468489,791501
2026-08-21,AMRC,2029-12-31,2.97,3.16093,2.81512,1,2927333333,3,Industrials,21.38,1134468489,791501
2026-08-21,AMRC,2028-12-31,2.49093,2.74404,2.27982,5,2716601476,7,Industrials,21.38,1134468489,791501
2026-08-21,AMRC,2027-12-31,1.70359,1.91391,1.2514,9,2312545132,9,Industrials,21.38,1134468489,791501
2026-08-21,AMRX,2028-12-31,1.44185,1.46884,1.41942,1,3730762285,4,Healthcare,17.91,5719218210,1202762
2026-08-21,AMRX,2027-12-31,1.18263,1.28037,1.08489,2,3387738340,3,Healthcare,17.91,5719218210,1202762
2026-08-21,AMRX,2026-12-31,1.00522,1.01508,0.99536,2,3143570412,3,Healthcare,17.91,5719218210,1202762
2026-08-21,AMRX,2025-12-31,0.79997,0.82022,0.78984,4,3011925000,3,Healthcare,17.91,5719218210,1202762
2026-08-21,AMRZ,2030-12-31,3.66,3.81136,3.56391,4,14776500000,9,Basic Materials,45.68,25285551888,2895982
2026-08-21,AMRZ,2029-12-31,3.55874,3.70591,3.46531,2,14300857231,10,Basic Materials,45.68,25285551888,2895982
2026-08-21,AMRZ,2028-12-31,3.41205,3.84837,2.64269,7,14019650054,18,Basic Materials,45.68,25285551888,2895982
2026-08-21,AMRZ,2027-12-31,2.98579,3.27015,2.52878,10,13220948892,17,Basic Materials,45.68,25285551888,2895982
2026-08-21,AMSC,2031-03-31,2.37,2.40971,2.33984,1,652000000,1,Industrials,30.01,1454353623,737827
2026-08-21,AMSC,2030-03-31,2.02,2.05384,1.9943,1,572400000,1,Industrials,30.01,1454353623,737827
2026-08-21,AMSC,2029-03-31,1.45333,1.47768,1.43484,1,480366667,2,Industrials,30.01,1454353623,737827
2026-08-21,AMSC,2028-03-31,1.288,1.29754,1.26892,3,421840000,3,Industrials,30.01,1454353623,737827
2026-08-21,AMT,2030-12-31,9.44,9.62874,9.10993,5,13299355667,12,Real Estate,175.8,81915768000,1746004
2026-08-21,AMT,2029-12-31,8.7493,8.92423,8.44338,9,12776446750,8,Real Estate,175.8,81915768000,1746004
2026-08-21,AMT,2028-12-31,7.75153,8.71819,6.43652,12,12056865349,14,Real Estate,175.8,81915768000,1746004
2026-08-21,AMT,2027-12-31,7.02153,7.11233,6.90047,10,11379811765,14,Real Estate,175.8,81915768000,1746004
2026-08-21,AMTM,2030-10-03,3.35,3.48211,3.28586,1,15878000000,5,Industrials,21.49,5245501493,3099747
2026-08-21,AMTM,2029-10-03,3.1,3.22225,3.04065,1,15250000000,5,Industrials,21.49,5245501493,3099747
2026-08-21,AMTM,2028-10-03,2.95128,3.37819,2.46336,4,14485931038,10,Industrials,21.49,5245501493,3099747
2026-08-21,AMTM,2027-10-03,2.63993,2.77887,2.52878,6,14052034300,8,Industrials,21.49,5245501493,3099747
2026-08-21,AMX,2030-12-31,39.76313,41.01112,37.58987,1,1097051432272,4,Communication Services,23.79,71394384369,8470202
2026-08-21,AMX,2029-12-31,50.95075,52.54988,48.16602,1,1110212921335,4,Communication Services,23.79,71394384369,8470202
2026-08-21,AMX,2028-12-31,44.10774,45.49209,41.69702,2,1091928498885,3,Communication Services,23.79,71394384369,8470202
2026-08-21,AMX,2027-12-31,38.21149,43.74939,34.51956,5,1048010049049,9,Communication Services,23.79,71394384369,8470202
2026-08-21,AMZN,2030-12-31,19.36057,21.10422,18.48235,13,1362642866451,19,Consumer Cyclical,258.63,2782108773000,35440827
2026-08-21,AMZN,2029-12-31,15.90663,17.33921,15.18509,16,1219887325995,37,Consumer Cyclical,258.63,2782108773000,35440827
2026-08-21,AMZN,2028-12-31,13.88615,23.53038,10.19294,29,1101541412806,39,Consumer Cyclical,258.63,2782108773000,35440827
2026-08-21,AMZN,2027-12-31,10.61243,11.84737,8.76504,41,949514391332,46,Consumer Cyclical,258.63,2782108773000,35440827
2026-08-21,ANDG,2028-12-31,2.34199,2.51613,2.18592,1,1277907649,4,Consumer Cyclical,50.16,5642285220,769065
2026-08-21,ANDG,2027-12-31,2.28058,2.5217,1.90886,4,1170930748,5,Consumer Cyclical,50.16,5642285220,769065
2026-08-21,ANDG,2026-12-31,1.87066,1.97517,1.6721,4,993252366,5,Consumer Cyclical,50.16,5642285220,769065
2026-08-21,ANDG,2025-12-31,1.58964,1.6785,1.54027,3,824991659,4,Consumer Cyclical,50.16,5642285220,769065
2026-08-21,ANET,2029-12-31,8.00762,8.67819,7.01241,4,24299237830,10,Technology,188.65,237542314479,8120203
2026-08-21,ANET,2028-12-31,6.40212,6.98781,5.72979,10,20413220404,20,Technology,188.65,237542314479,8120203
2026-08-21,ANET,2027-12-31,5.22514,5.76024,4.55364,17,16476279747,20,Technology,188.65,237542314479,8120203
2026-08-21,ANET,2026-12-31,4.10661,4.28958,3.67969,16,12671326038,19,Technology,188.65,237542314479,8120203
2026-08-21,ANF,2029-01-31,12.89181,13.14057,12.48554,1,5798768990,5,Consumer Cyclical,109.01,4843500707,852521
2026-08-21,ANF,2028-01-31,11.78699,12.23876,10.91426,5,5655197314,9,Consumer Cyclical,109.01,4843500707,852521
2026-08-21,ANF,2027-01-31,10.72133,11.12107,9.94234,5,5452379964,8,Consumer Cyclical,109.01,4843500707,852521
2026-08-21,ANF,2026-01-31,9.84107,9.86117,9.81091,5,5264804460,7,Consumer Cyclical,109.01,4843500707,852521
2026-08-21,AOS,2030-12-31,5.06,5.13792,4.9683,1,4516800000,3,Industrials,63.08,8742054145,761546
2026-08-21,AOS,2029-12-31,4.68,4.75207,4.59519,1,4332000000,4,Industrials,63.08,8742054145,761546
2026-08-21,AOS,2028-12-31,4.4302,4.61809,4.27198,3,4214577019,6,Industrials,63.08,8742054145,761546
2026-08-21,AOS,2027-12-31,4.07887,4.18857,3.91931,9,4049245762,10,Industrials,63.08,8742054145,761546
2026-08-21,APA,2030-12-31,5.15667,5.92648,4.17632,5,7850333333,2,Energy,43.39,15337063300,6362700
2026-08-21,APA,2029-12-31,4.97152,5.71369,4.02637,5,8288623074,2,Energy,43.39,15337063300,6362700
2026-08-21,APA,2028-12-31,4.10972,5.7281,1.98842,8,8011695830,4,Energy,43.39,15337063300,6362700
2026-08-21,APA,2027-12-31,4.10907,5.99856,1.98055,15,8028188369,5,Energy,43.39,15337063300,6362700
2026-08-21,APD,2030-09-30,16.67,17.31094,15.75825,3,15293000000,7,Basic Materials,305.1,67941355203,1053040
2026-08-21,APD,2029-09-30,18.75,19.47091,17.72449,3,16452000000,7,Basic Materials,305.1,67941355203,1053040
2026-08-21,APD,2028-09-30,15.68208,16.45873,15.22658,5,14314268439,14,Basic Materials,305.1,67941355203,1053040
2026-08-21,APD,2027-09-30,14.43744,14.7576,14.25735,12,13474564672,14,Basic Materials,305.1,67941355203,1053040
2026-08-21,APG,2029-12-31,2.82,2.88757,2.78115,1,11826000000,2,Industrials,41.16,17787717825,1480590
2026-08-21,APG,2028-12-31,2.26274,2.40661,2.11887,2,10336474733,5,Industrials,41.16,17787717825,1480590
2026-08-21,APG,2027-12-31,1.99046,2.05139,1.91937,7,9675770688,9,Industrials,41.16,17787717825,1480590
2026-08-21,APG,2026-12-31,1.72299,1.76306,1.66289,4,8983874748,9,Industrials,41.16,17787717825,1480590
2026-08-21,APGE,2030-12-31,-1.44083,-1.44083,-1.44083,4,800329335,5,Healthcare,134.75,8338003231,948282
2026-08-21,APGE,2029-12-31,-5.80251,-5.80251,-5.80251,4,238103136,5,Healthcare,134.75,8338003231,948282
2026-08-21,APGE,2028-12-31,-6.25762,-3.79647,-10.7487,11,53818182,10,Healthcare,134.75,8338003231,948282
2026-08-21,APGE,2027-12-31,-5.60105,-4.62835,-6.33859,10,11538462,9,Healthcare,134.75,8338003231,948282
2026-08-21,APH,2029-12-31,8.50533,8.9531,8.02001,3,50016345527,4,Technology,157.01,193590189800,5248209
2026-08-21,APH,2028-12-31,7.26343,8.11038,6.65792,6,46553527941,9,Technology,157.01,193590189800,5248209
2026-08-21,APH,2027-12-31,6.41018,6.80326,6.14813,10,41376402503,11,Technology,157.01,193590189800,5248209
2026-08-21,APH,2026-12-31,5.26339,5.36365,5.12303,9,35258398075,11,Technology,157.01,193590189800,5248209
2026-08-21,APLD,2031-05-31,0,0,0,2,7949000000,1,Technology,27.21,7833312838,17847932
2026-08-21,APLD,2030-05-31,0.37,0.42419,0.28557,1,6927000000,1,Technology,27.21,7833312838,17847932
2026-08-21,APLD,2029-05-31,1.39333,5.42,-1.36,3,3357387000,2,Technology,27.21,7833312838,17847932
2026-08-21,APLD,2028-05-31,-0.19429,0.06757913,-0.53219,4,2046281847,4,Technology,27.21,7833312838,17847932
2026-08-21,APLE,2028-12-31,0.84,0.84932,0.82967,1,1530523133,2,Real Estate,16.67,3935246125,2991543
2026-08-21,APLE,2027-12-31,0.727,0.73149,0.72251,3,1478973813,5,Real Estate,16.67,3935246125,2991543
2026-08-21,APLE,2026-12-31,0.71281,0.7215,0.70412,3,1448654585,5,Real Estate,16.67,3935246125,2991543
2026-08-21,APLE,2025-12-31,0.71333,0.72125,0.70455,2,1408538530,4,Real Estate,16.67,3935246125,2991543
2026-08-21,APO,2029-12-31,13.4526,13.76455,13.1741,1,8425000000,1,Financial Services,132.69,76425696948,2214868
2026-08-21,APO,2028-12-31,12.40456,13.34394,11.46519,2,30673852479,2,Financial Services,132.69,76425696948,2214868
2026-08-21,APO,2027-12-31,10.73295,11.15151,10.41405,11,26838051027,6,Financial Services,132.69,76425696948,2214868
2026-08-21,APO,2026-12-31,8.768,8.90686,8.56963,11,23112996081,6,Financial Services,132.69,76425696948,2214868
2026-08-21,APP,2030-12-31,29.78,32.49623,26.82118,6,15275400000,8,Technology,305.77,102720223667,5366620
2026-08-21,APP,2029-12-31,25.78,28.13139,23.21861,9,13520100000,13,Technology,305.77,102720223667,5366620
2026-08-21,APP,2028-12-31,26.31882,29.3602,19.88671,15,13024136106,17,Technology,305.77,102720223667,5366620
2026-08-21,APP,2027-12-31,20.48039,22.12577,17.31227,21,10429862694,24,Technology,305.77,102720223667,5366620
2026-08-21,APPN,2028-12-31,1.58,1.59755,1.55753,2,1010452433,1,Technology,38.3,2833549858,520219
2026-08-21,APPN,2027-12-31,1.41781,1.59374,1.23153,4,941236696,5,Technology,38.3,2833549858,520219
2026-08-21,APPN,2026-12-31,1.08144,1.13245,1.02023,4,849670106,5,Technology,38.3,2833549858,520219
2026-08-21,APPN,2025-12-31,0.53012,0.58902,0.51049,6,713378132,4,Technology,38.3,2833549858,520219
2026-08-21,APPS,2028-03-31,0.95,0.95956,0.9429,2,732477800,2,Technology,10.87,1314574320,1834079
2026-08-21,APPS,2027-03-31,0.725,0.7323,0.71958,2,662665400,2,Technology,10.87,1314574320,1834079
2026-08-21,APPS,2026-03-31,0.395,0.39898,0.39205,1,555926120,1,Technology,10.87,1314574320,1834079
2026-08-21,APPS,2025-03-31,0.29,0.29292,0.28783,1,487990518,1,Technology,10.87,1314574320,1834079
2026-08-21,APTV,2030-12-31,9.03,9.39135,8.68346,1,15559450000,5,Consumer Cyclical,48.28,10217061880,2841660
2026-08-21,APTV,2029-12-31,8.15,8.47613,7.83723,1,14775450000,5,Consumer Cyclical,48.28,10217061880,2841660
2026-08-21,APTV,2028-12-31,7.43663,7.94748,6.45859,3,13898351492,10,Consumer Cyclical,48.28,10217061880,2841660
2026-08-21,APTV,2027-12-31,6.52869,6.91624,6.00202,10,13267062463,13,Consumer Cyclical,48.28,10217061880,2841660
2026-08-21,AR,2030-12-31,5.88,6.28569,5.34622,1,7951000000,3,Energy,37.94,11664235660,2710541
2026-08-21,AR,2029-12-31,6.35993,6.79873,5.78258,1,7692486700,4,Energy,37.94,11664235660,2710541
2026-08-21,AR,2028-12-31,5.53008,7.22007,4.47815,5,7236848865,6,Energy,37.94,11664235660,2710541
2026-08-21,AR,2027-12-31,4.30291,5.15732,3.61321,11,6668006601,8,Energy,37.94,11664235660,2710541
2026-08-21,ARCC,2028-12-31,1.85675,1.90025,1.81,3,3148233000,2,Financial Services,19.92,14303015072,3318050
2026-08-21,ARCC,2027-12-31,1.93409,2.02382,1.8643,10,3192401917,9,Financial Services,19.92,14303015072,3318050
2026-08-21,ARCC,2026-12-31,1.90758,1.92755,1.87762,9,3096647500,9,Financial Services,19.92,14303015072,3318050
2026-08-21,ARCC,2025-12-31,1.99582,2.02576,1.98584,9,3053853967,8,Financial Services,19.92,14303015072,3318050
2026-08-21,ARCT,2030-12-31,2.46167,8.49141,0.04359208,3,274681000,5,Healthcare,13.45,382290278,2848253
2026-08-21,ARCT,2029-12-31,-1.24833,-0.02210585,-4.30605,3,107943000,5,Healthcare,13.45,382290278,2848253
2026-08-21,ARCT,2028-12-31,-3.39687,-2.51857,-4.76358,9,45447920,10,Healthcare,13.45,382290278,2848253
2026-08-21,ARCT,2027-12-31,-3.7299,-2.93484,-4.76053,9,20580096,10,Healthcare,13.45,382290278,2848253
2026-08-21,ARE,2029-12-31,-0.6,-0.57525,-0.63325,1,2239600000,1,Real Estate,53.49,9321648810,2153751
2026-08-21,ARE,2028-12-31,-0.81499,-0.52993,-1.04149,4,1927183750,3,Real Estate,53.49,9321648810,2153751
2026-08-21,ARE,2027-12-31,-0.8347,-0.76932,-0.92744,4,1884689476,4,Real Estate,53.49,9321648810,2153751
2026-08-21,ARE,2026-12-31,1.6077,1.61527,1.5976,5,2025524593,4,Real Estate,53.49,9321648810,2153751
2026-08-21,ARES,2029-12-31,9.70248,9.96532,9.43981,1,7516278200,1,Financial Services,141.25,46388612535,1172500
2026-08-21,ARES,2028-12-31,8.60693,10.00071,7.77382,5,6982583324,3,Financial Services,141.25,46388612535,1172500
2026-08-21,ARES,2027-12-31,7.28382,7.70117,6.80684,11,6355116991,5,Financial Services,141.25,46388612535,1172500
2026-08-21,ARES,2026-12-31,5.86611,6.21176,5.65872,11,5336354406,5,Financial Services,141.25,46388612535,1172500
2026-08-21,ARIS,2030-12-31,3.64667,3.98923,3.11024,1,1584500000,2,Basic Materials,20.86,4305504000,1890785
2026-08-21,ARIS,2029-12-31,2.755,3.0138,2.34974,1,1949250000,2,Basic Materials,20.86,4305504000,1890785
2026-08-21,ARIS,2028-12-31,3.3653,3.51119,3.21941,2,2320640000,4,Basic Materials,20.86,4305504000,1890785
2026-08-21,ARIS,2027-12-31,3.03058,3.31526,2.58478,2,2050659999,4,Basic Materials,20.86,4305504000,1890785
2026-08-21,ARLO,2028-12-31,1.14,1.15575,1.12702,2,626300000,1,Technology,13.1,1422788603,730228
2026-08-21,ARLO,2027-12-31,1.02533,1.1167,0.99487,5,624397786,6,Technology,13.1,1422788603,730228
2026-08-21,ARLO,2026-12-31,0.94651,0.9764,0.91662,5,591539286,6,Technology,13.1,1422788603,730228
2026-08-21,ARLO,2025-12-31,0.6564,0.6665,0.6463,4,523573800,4,Technology,13.1,1422788603,730228
2026-08-21,ARM,2031-03-31,10.19125,10.98744,9.31327,19,28090471429,17,Technology,243.32,259865411809,3613922
2026-08-21,ARM,2030-03-31,5.9525,6.41754,5.43969,10,15954019012,11,Technology,243.32,259865411809,3613922
2026-08-21,ARM,2029-03-31,4.00828,4.32143,3.66296,10,10828628503,16,Technology,243.32,259865411809,3613922
2026-08-21,ARM,2028-03-31,3.02157,3.59664,2.69992,23,8220835013,22,Technology,243.32,259865411809,3613922
2026-08-21,ARMK,2030-10-03,3.88,3.9443,3.77641,2,27276000000,6,Industrials,59.77,15716734520,1352318
2026-08-21,ARMK,2029-10-03,3.93987,4.00516,3.83468,3,25832464334,10,Industrials,59.77,15716734520,1352318
2026-08-21,ARMK,2028-10-03,3.33855,4.00277,2.95266,7,23610206316,12,Industrials,59.77,15716734520,1352318
2026-08-21,ARMK,2027-10-03,2.80275,2.91445,2.64027,10,21915111205,12,Industrials,59.77,15716734520,1352318
2026-08-21,AROC,2030-12-31,3.22,3.27978,3.16709,1,1932000000,2,Energy,31.8,5573318753,1296912
2026-08-21,AROC,2029-12-31,2.715,2.7654,2.67039,1,1864000000,1,Energy,31.8,5573318753,1296912
2026-08-21,AROC,2028-12-31,2.375,2.41,2.34,2,1758910138,3,Energy,31.8,5573318753,1296912
2026-08-21,AROC,2027-12-31,2.05,2.3455,1.80068,3,1634956723,4,Energy,31.8,5573318753,1296912
2026-08-21,ARQQ,2027-09-30,-1.06,-1.06,-1.06,1,7800000,1,Technology,21.14,367886736,719403
2026-08-21,ARQQ,2026-09-30,-1.52,-1.52,-1.52,1,2500000,1,Technology,21.14,367886736,719403
2026-08-21,ARQQ,2025-09-30,-2.55,-2.55,-2.55,1,537000,1,Technology,21.14,367886736,719403
2026-08-21,ARQQ,2024-09-30,-4.52,-4.52,-4.52,1,400000,1,Technology,21.14,367886736,719403
2026-08-21,ARQT,2030-12-31,3.18833,3.32809,3.04335,2,1103284333,6,Healthcare,25.08,3137081640,2159273
2026-08-21,ARQT,2029-12-31,2.77333,2.8949,2.64722,3,966104667,6,Healthcare,25.08,3137081640,2159273
2026-08-21,ARQT,2028-12-31,2.08,2.75572,1.63559,6,829097771,8,Healthcare,25.08,3137081640,2159273
2026-08-21,ARQT,2027-12-31,1.2875,1.67643,1.05951,5,685518837,6,Healthcare,25.08,3137081640,2159273
2026-08-21,ARR,2028-12-31,2.89494,3.04465,2.75607,1,511707252,1,Real Estate,16.34,1901333528,2123728
2026-08-21,ARR,2027-12-31,2.93366,2.97139,2.8865,4,559920845,2,Real Estate,16.34,1901333528,2123728
2026-08-21,ARR,2026-12-31,2.92544,3.07672,2.91546,4,469671256,2,Real Estate,16.34,1901333528,2123728
2026-08-21,ARR,2025-12-31,3.13983,3.16022,3.11944,4,506610576,2,Real Estate,16.34,1901333528,2123728
2026-08-21,ARW,2028-12-31,27.2,28.10309,26.3368,1,46460000000,1,Technology,210.85,10781592514,545049
2026-08-21,ARW,2027-12-31,24.538,29.62023,18.15722,3,43077586493,3,Technology,210.85,10781592514,545049
2026-08-21,ARW,2026-12-31,21.806,23.44892,18.3388,3,40042955093,3,Technology,210.85,10781592514,545049
2026-08-21,ARW,2025-12-31,10.396,10.4164,10.3858,4,30312906680,3,Technology,210.85,10781592514,545049
2026-08-21,ARWR,2030-09-30,4.406,8.61082,2.25112,4,2043820000,4,Healthcare,87.11,12270053270,1052698
2026-08-21,ARWR,2029-09-30,-0.736,-0.37604,-1.43839,2,1147520000,4,Healthcare,87.11,12270053270,1052698
2026-08-21,ARWR,2028-09-30,-2.49857,0.14341,-5.22765,7,762323779,8,Healthcare,87.11,12270053270,1052698
2026-08-21,ARWR,2027-09-30,-4.71583,-2.47161,-6.62391,11,342739807,11,Healthcare,87.11,12270053270,1052698
2026-08-21,ARX,2029-12-31,1.69,1.8032,1.58508,1,1669000000,1,Financial Services,19.59,4274564270,5399272
2026-08-21,ARX,2028-12-31,1.21458,1.29593,1.13918,1,1504668674,3,Financial Services,19.59,4274564270,5399272
2026-08-21,ARX,2027-12-31,0.93191,1.03001,0.88286,5,1247443781,6,Financial Services,19.59,4274564270,5399272
2026-08-21,ARX,2026-12-31,0.89326,0.9446,0.77005,5,1139962346,6,Financial Services,19.59,4274564270,5399272
2026-08-21,ARXS,2030-12-31,1.36,1.49808,1.30758,1,3004005600,5,Industrials,53.26,2157030000,520787
2026-08-21,ARXS,2029-12-31,1.125,1.23922,1.08164,1,2718388462,5,Industrials,53.26,2157030000,520787
2026-08-21,ARXS,2028-12-31,1.05505,1.36197,0.91118,5,2479203567,10,Industrials,53.26,2157030000,520787
2026-08-21,ARXS,2027-12-31,0.87285,0.89269,0.85301,6,2252244466,8,Industrials,53.26,2157030000,520787
2026-08-21,AS,2030-12-31,3.07,3.15843,2.95384,5,14340000000,6,Consumer Cyclical,32.63,18869008834,6176407
2026-08-21,AS,2029-12-31,2.46,2.53086,2.36692,9,12395000000,11,Consumer Cyclical,32.63,18869008834,6176407
2026-08-21,AS,2028-12-31,1.94295,1.99892,1.86943,6,10607891837,7,Consumer Cyclical,32.63,18869008834,6176407
2026-08-21,AS,2027-12-31,1.61566,1.71601,1.46513,12,9371448045,13,Consumer Cyclical,32.63,18869008834,6176407
2026-08-21,ASB,2028-12-31,3.54844,3.58818,3.51985,1,2007100000,1,Financial Services,30.84,5820063120,805889
2026-08-21,ASB,2027-12-31,3.32995,3.46034,3.22965,6,1925157143,5,Financial Services,30.84,5820063120,805889
2026-08-21,ASB,2026-12-31,2.95817,3.07974,2.75556,6,1769052439,5,Financial Services,30.84,5820063120,805889
2026-08-21,ASB,2025-12-31,2.69727,2.73768,2.64676,7,1492894213,5,Financial Services,30.84,5820063120,805889
2026-08-21,ASC,2030-12-31,1.32,1.43246,1.20754,1,212731000,1,Industrials,18.4,750768098,580757
2026-08-21,ASC,2029-12-31,1.31,1.42161,1.19839,1,209397000,1,Industrials,18.4,750768098,580757
2026-08-21,ASC,2028-12-31,1.13,1.22628,1.03372,1,187000000,1,Industrials,18.4,750768098,580757
2026-08-21,ASC,2027-12-31,1.665,1.8014,1.52851,2,186283233,2,Industrials,18.4,750768098,580757
2026-08-21,ASML,2030-12-31,97.29633,107.14109,80.29419,13,80842543011,17,Technology,1763.76,679784835806,858512
2026-08-21,ASML,2029-12-31,76.64815,84.40366,63.25419,23,75427545507,30,Technology,1763.76,679784835806,858512
2026-08-21,ASML,2028-12-31,67.08813,78.6078,45.43635,26,66751213141,34,Technology,1763.76,679784835806,858512
2026-08-21,ASML,2027-12-31,52.45423,59.5539,43.94526,23,55437009428,27,Technology,1763.76,679784835806,858512
2026-08-21,ASO,2030-01-31,9.45,9.58621,9.27853,1,7814000000,4,Consumer Cyclical,45.83,2842301943,1171868
2026-08-21,ASO,2029-01-31,7.40491,7.64138,7.228,3,6952497701,7,Consumer Cyclical,45.83,2842301943,1171868
2026-08-21,ASO,2028-01-31,6.97539,7.15425,6.82634,10,6641522293,11,Consumer Cyclical,45.83,2842301943,1171868
2026-08-21,ASO,2027-01-31,6.47084,6.53066,6.29137,11,6324018403,12,Consumer Cyclical,45.83,2842301943,1171868
2026-08-21,ASST,2027-12-31,0.555,0.60936,0.46597,2,11348500,3,Financial Services,18.22,1820680817,14703878
2026-08-21,ASST,2026-12-31,-2.3375,-1.96253,-2.56645,1,11882250,3,Financial Services,18.22,1820680817,14703878
2026-08-21,ASST,2025-12-31,-2.74,-2.30046,-3.00837,1,4988000,1,Financial Services,18.22,1820680817,14703878
2026-08-21,ASTS,2030-12-31,3.62231,4.3095,2.67572,1,4054969233,2,Communication Services,68.65,27933139370,11196179
2026-08-21,ASTS,2029-12-31,2.04708,2.43543,1.51213,1,3065036667,2,Communication Services,68.65,27933139370,11196179
2026-08-21,ASTS,2028-12-31,0.41875,5.03718,-2.13014,4,1779868060,5,Communication Services,68.65,27933139370,11196179
2026-08-21,ASTS,2027-12-31,-0.9529,3.13096,-2.92676,7,718535557,8,Communication Services,68.65,27933139370,11196179
2026-08-21,ASX,2028-12-31,73.38982,78.63242,65.15505,1,1227563864065,3,Technology,36.51,80278717395,3904258
2026-08-21,ASX,2027-12-31,54.89502,57.45489,52.33515,1,1029234649585,9,Technology,36.51,80278717395,3904258
2026-08-21,ASX,2026-12-31,36.29243,38.99187,33.59299,1,823327030361,8,Technology,36.51,80278717395,3904258
2026-08-21,ASX,2025-12-31,17.55591,18.81002,15.58603,1,648666380020,16,Technology,36.51,80278717395,3904258
2026-08-21,ATAT,2028-12-31,21.5106,25.63743,18.12478,8,17736744549,14,Consumer Cyclical,34.75,4802517137,1651971
2026-08-21,ATAT,2027-12-31,18.33972,19.51346,17.38606,7,15153326928,12,Consumer Cyclical,34.75,4802517137,1651971
2026-08-21,ATAT,2026-12-31,15.3261,16.34784,14.66927,7,12737545120,2,Consumer Cyclical,34.75,4802517137,1651971
2026-08-21,ATAT,2025-12-31,11.88044,12.02988,11.65628,6,9766676908,9,Consumer Cyclical,34.75,4802517137,1651971
2026-08-21,ATEN,2029-12-31,0,0,0,0,394400000,1,Technology,26.12,1880592331,1694212
2026-08-21,ATEN,2028-12-31,1.37,1.38366,1.34978,1,412400000,2,Technology,26.12,1880592331,1694212
2026-08-21,ATEN,2027-12-31,1.18983,1.19991,1.15958,3,367924167,5,Technology,26.12,1880592331,1694212
2026-08-21,ATEN,2026-12-31,1.04183,1.05185,1.03181,3,329281667,5,Technology,26.12,1880592331,1694212
2026-08-21,ATHM,2029-12-31,1.19191,1.41218,0.99705,1,5282885489,6,Communication Services,22.22,643045556,775334
2026-08-21,ATHM,2028-12-31,1.40182,1.65166,1.25233,3,5161153047,8,Communication Services,22.22,643045556,775334
2026-08-21,ATHM,2027-12-31,1.32871,1.46858,1.18885,6,5235216711,10,Communication Services,22.22,643045556,775334
2026-08-21,ATHM,2026-12-31,1.1369,1.34589,1.01987,7,5223770687,6,Communication Services,22.22,643045556,775334
2026-08-21,ATI,2030-12-28,8.475,8.65148,8.27529,2,6749100000,3,Industrials,207.01,28250743093,1260921
2026-08-21,ATI,2029-12-28,8.02,8.18701,7.83101,2,6457256073,3,Industrials,207.01,28250743093,1260921
2026-08-21,ATI,2028-12-28,7.35088,7.62468,6.73999,4,6111630887,4,Industrials,207.01,28250743093,1260921
2026-08-21,ATI,2027-12-28,6.13238,6.66068,5.59373,6,5634236086,6,Industrials,207.01,28250743093,1260921
2026-08-21,ATO,2030-09-30,11.24667,12.22752,10.40233,4,7358244000,4,Utilities,166.85,27850572301,789180
2026-08-21,ATO,2029-09-30,10.51,11.4266,9.72096,2,6762045000,4,Utilities,166.85,27850572301,789180
2026-08-21,ATO,2028-09-30,9.78985,9.99268,9.66423,7,6046888691,8,Utilities,166.85,27850572301,789180
2026-08-21,ATO,2027-09-30,9.03039,9.16068,8.87003,9,5560432790,7,Utilities,166.85,27850572301,789180
2026-08-21,ATRO,2028-12-31,0,0,0,1,1074150000,1,Industrials,78,2998975824,528015
2026-08-21,ATRO,2027-12-31,3.1475,3.71298,2.75273,3,1136025750,3,Industrials,78,2998975824,528015
2026-08-21,ATRO,2026-12-31,2.72,3.08267,2.37867,2,1032661000,3,Industrials,78,2998975824,528015
2026-08-21,ATRO,2025-12-31,1.49011,1.53792,1.42636,3,859210500,3,Industrials,78,2998975824,528015
2026-08-21,AU,2030-12-31,6.14667,7.2525,5.13486,1,10132500000,5,Basic Materials,121.22,61306548061,4402845
2026-08-21,AU,2029-12-31,7.77,9.16788,6.49097,1,12024333333,3,Basic Materials,121.22,61306548061,4402845
2026-08-21,AU,2028-12-31,9.83076,10.49114,9.17038,2,14167978223,7,Basic Materials,121.22,61306548061,4402845
2026-08-21,AU,2027-12-31,9.53971,11.10874,6.62759,4,13455310572,6,Basic Materials,121.22,61306548061,4402845
2026-08-21,AUB,2028-12-31,4.94,5.02219,4.869,4,1733692369,1,Financial Services,41.15,5840179390,838136
2026-08-21,AUB,2027-12-31,4.03366,4.29454,3.81291,7,1616124506,6,Financial Services,41.15,5840179390,838136
2026-08-21,AUB,2026-12-31,3.76618,3.81626,3.73613,7,1550168600,6,Financial Services,41.15,5840179390,838136
2026-08-21,AUB,2025-12-31,3.23793,3.44483,2.75172,6,1361143411,5,Financial Services,41.15,5840179390,838136
2026-08-21,AUGO,2030-12-31,15.8,18.48687,13.44911,1,2422000000,4,Basic Materials,87.26,7311447337,1105877
2026-08-21,AUGO,2029-12-31,15,17.55083,12.76815,1,2314000000,4,Basic Materials,87.26,7311447337,1105877
2026-08-21,AUGO,2028-12-31,12.265,15.28562,9.0497,5,2290693800,9,Basic Materials,87.26,7311447337,1105877
2026-08-21,AUGO,2027-12-31,9.34167,10.53149,8.15185,3,1885430108,7,Basic Materials,87.26,7311447337,1105877
2026-08-21,AUPH,2030-12-31,1.97,2.28233,1.8378,1,518314333,3,Healthcare,16.65,2141223300,1248726
2026-08-21,AUPH,2029-12-31,1.655,1.91739,1.54394,1,471592000,4,Healthcare,16.65,2141223300,1248726
2026-08-21,AUPH,2028-12-31,1.43667,2.67089,0.52442,5,447200000,6,Healthcare,16.65,2141223300,1248726
2026-08-21,AUPH,2027-12-31,1.178,1.45596,0.67503,5,388375167,5,Healthcare,16.65,2141223300,1248726
2026-08-21,AVA,2030-12-31,3.34,3.49089,3.03908,1,2239100000,2,Utilities,37.57,3146592696,946091
2026-08-21,AVA,2029-12-31,3.2,3.34456,2.9117,1,2133945644,2,Utilities,37.57,3146592696,946091
2026-08-21,AVA,2028-12-31,2.94413,3.09002,2.80635,5,2112391968,5,Utilities,37.57,3146592696,946091
2026-08-21,AVA,2027-12-31,2.79714,2.84856,2.70459,5,2030522750,4,Utilities,37.57,3146592696,946091
2026-08-21,AVAH,2029-01-03,1.0095,1.0693,0.91216,3,3074108389,4,Healthcare,13.16,2865658471,8349866
2026-08-21,AVAH,2028-01-03,0.86256,0.87308,0.84152,5,2877102224,7,Healthcare,13.16,2865658471,8349866
2026-08-21,AVAH,2027-01-03,0.78581,0.80734,0.76428,4,2678041452,7,Healthcare,13.16,2865658471,8349866
2026-08-21,AVAH,2026-01-03,0.58029,0.62249,0.55919,6,2416213752,7,Healthcare,13.16,2865658471,8349866
2026-08-21,AVAV,2031-04-30,7.4,7.91919,6.93872,6,4423000000,8,Industrials,160.22,8108413760,1148933
2026-08-21,AVAV,2030-04-30,8.28333,8.8645,7.76699,2,3652633333,9,Industrials,160.22,8108413760,1148933
2026-08-21,AVAV,2029-04-30,5.78609,8.61243,4.51562,7,2938181347,10,Industrials,160.22,8108413760,1148933
2026-08-21,AVAV,2028-04-30,4.46433,5.00386,3.73438,10,2519994723,12,Industrials,160.22,8108413760,1148933
2026-08-21,AVEX,2030-12-31,1.46,1.57047,1.24286,1,1196100000,5,Industrials,18.31,1033971797,1069745
2026-08-21,AVEX,2029-12-31,1.21,1.30155,1.03004,1,1038400000,3,Industrials,18.31,1033971797,1069745
2026-08-21,AVEX,2028-12-31,0.88011,1.53174,0.58072,4,893119000,7,Industrials,18.31,1033971797,1069745
2026-08-21,AVEX,2027-12-31,0.60692,0.72203,0.53367,4,743799040,6,Industrials,18.31,1033971797,1069745
2026-08-21,AVGO,2030-11-02,35,39.92614,25.75139,5,139000000000,17,Technology,368.45,1752930351000,18978649
2026-08-21,AVGO,2029-11-02,32.32314,36.87252,23.78188,11,290276994148,13,Technology,368.45,1752930351000,18978649
2026-08-21,AVGO,2028-11-02,26.37266,30.3986,20.47524,13,236067515002,27,Technology,368.45,1752930351000,18978649
2026-08-21,AVGO,2027-11-02,19.55787,22.88578,16.60883,28,175579541374,36,Technology,368.45,1752930351000,18978649
2026-08-21,AVNT,2028-12-31,3.9125,3.97865,3.85225,1,3683435646,4,Basic Materials,44.66,4095776058,637084
2026-08-21,AVNT,2027-12-31,3.53222,3.64198,3.49231,5,3532856315,6,Basic Materials,44.66,4095776058,637084
2026-08-21,AVNT,2026-12-31,3.19778,3.21777,3.17779,4,3419008000,6,Basic Materials,44.66,4095776058,637084
2026-08-21,AVNT,2025-12-31,2.81232,2.82233,2.80231,7,3246405160,7,Basic Materials,44.66,4095776058,637084
2026-08-21,AVPT,2029-12-31,1.06,1.08446,1.03347,1,851222000,2,Technology,13.37,2834669911,1154752
2026-08-21,AVPT,2028-12-31,0.63719,0.65189,0.62124,1,736348066,5,Technology,13.37,2834669911,1154752
2026-08-21,AVPT,2027-12-31,0.49562,0.5378,0.47453,6,615216780,11,Technology,13.37,2834669911,1154752
2026-08-21,AVPT,2026-12-31,0.44898,0.46986,0.41766,6,510642473,11,Technology,13.37,2834669911,1154752
2026-08-21,AVT,2029-06-27,13.97,15.34923,12.10318,1,43891000000,1,Technology,88.64,7270614540,1132671
2026-08-21,AVT,2028-06-27,12.96,15.45183,9.00313,2,39494923042,2,Technology,88.64,7270614540,1132671
2026-08-21,AVT,2027-06-27,11.612,13.9921,7.99377,3,37203128060,3,Technology,88.64,7270614540,1132671
2026-08-21,AVT,2026-06-27,5.158,5.1983,5.12778,3,26893898500,3,Technology,88.64,7270614540,1132671
2026-08-21,AVTR,2030-12-31,1.125,1.13868,1.10792,1,7542000000,4,Healthcare,14.46,9780151140,5216258
2026-08-21,AVTR,2029-12-31,1.03,1.04253,1.01436,1,7253750000,4,Healthcare,14.46,9780151140,5216258
2026-08-21,AVTR,2028-12-31,0.95851,0.97715,0.93987,2,6985921977,9,Healthcare,14.46,9780151140,5216258
2026-08-21,AVTR,2027-12-31,0.88338,0.924,0.86307,9,6749429559,12,Healthcare,14.46,9780151140,5216258
2026-08-21,AVTX,2030-12-31,-2.04,-2.04,-2.04,4,96685167,6,Healthcare,19.83,1042375848,567364
2026-08-21,AVTX,2029-12-31,-3.2,-3.2,-3.2,2,8840000,6,Healthcare,19.83,1042375848,567364
2026-08-21,AVTX,2028-12-31,-2.93833,-1.88881,-3.9862,7,13884,8,Healthcare,19.83,1042375848,567364
2026-08-21,AVTX,2027-12-31,-2.8751,-1.51142,-4.65925,11,1000000,13,Healthcare,19.83,1042375848,567364
2026-08-21,AWK,2030-12-31,8.24,8.81644,7.82673,3,7525333333,6,Utilities,135.39,26905917821,899860
2026-08-21,AWK,2029-12-31,7.74333,8.28502,7.35497,3,6812750000,6,Utilities,135.39,26905917821,899860
2026-08-21,AWK,2028-12-31,7.13551,7.38196,7.00134,9,6111963129,8,Utilities,135.39,26905917821,899860
2026-08-21,AWK,2027-12-31,6.58575,6.80561,6.47582,9,5754440705,7,Utilities,135.39,26905917821,899860
2026-08-21,AXGN,2030-12-31,1.28,1.31569,1.24717,1,579200000,2,Healthcare,50.4,2709579600,1690003
2026-08-21,AXGN,2029-12-31,1.175,1.20776,1.14486,1,466700000,2,Healthcare,50.4,2709579600,1690003
2026-08-21,AXGN,2028-12-31,0.958,1.53468,0.19532,3,400475600,5,Healthcare,50.4,2709579600,1690003
2026-08-21,AXGN,2027-12-31,0.68143,0.70043,0.66395,4,331169111,7,Healthcare,50.4,2709579600,1690003
2026-08-21,AXON,2028-12-31,13.96876,18.04302,5.14657,4,6201640015,13,Industrials,627.75,50597953837,594786
2026-08-21,AXON,2027-12-31,10.66705,12.34755,8.61766,12,4813465350,15,Industrials,627.75,50597953837,594786
2026-08-21,AXON,2026-12-31,7.70314,8.60249,6.17815,11,3711508210,13,Industrials,627.75,50597953837,594786
2026-08-21,AXON,2025-12-31,6.31332,6.77914,6.01599,13,2738155717,11,Industrials,627.75,50597953837,594786
2026-08-21,AXP,2030-12-31,29.32,29.69891,28.67782,6,76422693230,12,Financial Services,336,226904160000,2606942
2026-08-21,AXP,2029-12-31,27.17591,27.52711,26.58069,9,103981138688,8,Financial Services,336,226904160000,2606942
2026-08-21,AXP,2028-12-31,22.95827,23.63756,21.90014,15,94012007699,14,Financial Services,336,226904160000,2606942
2026-08-21,AXP,2027-12-31,20.1208,20.37927,19.9021,22,86716067762,18,Financial Services,336,226904160000,2606942
2026-08-21,AXSM,2030-12-31,29.79875,34.88235,23.79434,13,3798916868,8,Healthcare,207.77,10691795582,734785
2026-08-21,AXSM,2029-12-31,22.27402,26.07392,17.78584,13,3065740097,13,Healthcare,207.77,10691795582,734785
2026-08-21,AXSM,2028-12-31,12.56167,24.89093,-3.62336,16,2239466799,17,Healthcare,207.77,10691795582,734785
2026-08-21,AXSM,2027-12-31,4.71599,9.02582,-4.03905,14,1562140971,16,Healthcare,207.77,10691795582,734785
2026-08-21,AXTA,2029-12-31,3.47,3.53401,3.41743,1,5535000000,4,Basic Materials,36.2,7747523747,944224
2026-08-21,AXTA,2028-12-31,3.06772,3.19649,2.93871,4,5556040778,9,Basic Materials,36.2,7747523747,944224
2026-08-21,AXTA,2027-12-31,2.85503,2.96484,2.77517,9,5414310324,11,Basic Materials,36.2,7747523747,944224
2026-08-21,AXTA,2026-12-31,2.64847,2.71896,2.57798,9,5240095238,10,Basic Materials,36.2,7747523747,944224
2026-08-21,AXTI,2028-12-31,3.29,3.52674,3.02445,1,677045000,3,Technology,70.74,3590176531,8232195
2026-08-21,AXTI,2027-12-31,2.216,2.62898,1.93396,3,460552000,4,Technology,70.74,3590176531,8232195
2026-08-21,AXTI,2026-12-31,0.856,0.90577,0.80623,3,217978200,4,Technology,70.74,3590176531,8232195
2026-08-21,AXTI,2025-12-31,-0.41526,-0.37373,-0.46717,4,90489400,3,Technology,70.74,3590176531,8232195
2026-08-21,AYA,2030-12-31,1.92114,2.21092,1.61952,1,202102000,2,Basic Materials,26.65,3820270811,823655
2026-08-21,AYA,2029-12-31,0.6387,0.73504,0.53842,1,306000000,1,Basic Materials,26.65,3820270811,823655
2026-08-21,AYA,2028-12-31,1.19772,1.37838,1.00968,1,392060000,3,Basic Materials,26.65,3820270811,823655
2026-08-21,AYA,2027-12-31,1.56172,2.02399,1.21189,4,501100000,4,Basic Materials,26.65,3820270811,823655
2026-08-21,AZN,2030-12-31,16.454,16.96012,15.3953,4,81761090909,10,Healthcare,165.98,257413809749,2686783
2026-08-21,AZN,2029-12-31,14.74746,15.20109,13.79857,4,76861422553,10,Healthcare,165.98,257413809749,2686783
2026-08-21,AZN,2028-12-31,12.7936,14.04294,9.70141,11,72120401192,21,Healthcare,165.98,257413809749,2686783
2026-08-21,AZN,2027-12-31,11.49832,11.92269,11.21541,8,67615078561,18,Healthcare,165.98,257413809749,2686783
2026-08-21,AZTA,2030-09-30,1.76,1.77162,1.74952,1,742800000,2,Healthcare,37.4,1723870870,644659
2026-08-21,AZTA,2029-09-30,1.3,1.30858,1.29226,1,683500000,2,Healthcare,37.4,1723870870,644659
2026-08-21,AZTA,2028-09-30,0.76,1.11149,0.342,3,676525000,4,Healthcare,37.4,1723870870,644659
2026-08-21,AZTA,2027-09-30,0.59,0.5939,0.58649,3,641750000,4,Healthcare,37.4,1723870870,644659
2026-08-21,B,2030-12-31,4.04022,4.57374,3.42682,4,19695151479,2,Basic Materials,47.6,79754276000,10689178
2026-08-21,B,2029-12-31,4.68677,5.30567,3.97521,4,26797672551,2,Basic Materials,47.6,79754276000,10689178
2026-08-21,B,2028-12-31,4.72143,5.34491,4.00461,5,26286992831,1,Basic Materials,47.6,79754276000,10689178
2026-08-21,B,2027-12-31,4.15095,5.1529,3.6193,10,24975390476,5,Basic Materials,47.6,79754276000,10689178
2026-08-21,BA,2030-12-31,14.90333,15.82882,14.08062,11,145204000000,10,Industrials,214.2,169297254000,6226703
2026-08-21,BA,2029-12-31,12.17544,12.93153,11.50331,7,134924805918,10,Industrials,214.2,169297254000,6226703
2026-08-21,BA,2028-12-31,8.09244,12.74771,5.17071,14,123339314899,21,Industrials,214.2,169297254000,6226703
2026-08-21,BA,2027-12-31,4.0314,5.3752,1.64128,16,112681708328,19,Industrials,214.2,169297254000,6226703
2026-08-21,BABA,2031-03-31,0,0,0,10,1825452373106,14,Consumer Cyclical,119.32,285994781000,30266110
2026-08-21,BABA,2030-03-31,73.69381,80.17251,63.22729,9,1647213366515,20,Consumer Cyclical,119.32,285994781000,30266110
2026-08-21,BABA,2029-03-31,77.81667,137.97648,43.74715,16,1428631226068,30,Consumer Cyclical,119.32,285994781000,30266110
2026-08-21,BABA,2028-03-31,61.55584,85.92034,48.79347,18,1274248877320,29,Consumer Cyclical,119.32,285994781000,30266110
2026-08-21,BAC,2029-12-31,6.82,7.01435,6.68892,2,133400000000,1,Financial Services,61.69,437788637100,26762369
2026-08-21,BAC,2028-12-31,5.88605,6.12785,5.68145,7,136352266860,3,Financial Services,61.69,437788637100,26762369
2026-08-21,BAC,2027-12-31,5.26123,5.401,5.13145,15,130502080420,10,Financial Services,61.69,437788637100,26762369
2026-08-21,BAC,2026-12-31,4.64483,4.97235,4.54558,15,124064543518,10,Financial Services,61.69,437788637100,26762369
2026-08-21,BAH,2029-03-31,7.40407,7.87929,6.9802,5,12326033730,7,Industrials,77.05,9267957170,598257
2026-08-21,BAH,2028-03-31,6.7239,6.85456,6.54299,8,11860602519,9,Industrials,77.05,9267957170,598257
2026-08-21,BAH,2027-03-31,6.40937,6.62507,5.71091,11,11384666724,11,Industrials,77.05,9267957170,598257
2026-08-21,BAH,2026-03-31,6.07614,6.14621,6.02609,9,11299621692,10,Industrials,77.05,9267957170,598257
2026-08-21,BALL,2028-12-31,5.03243,5.18833,4.81851,3,15975357516,8,Consumer Cyclical,63.59,16930646730,962411
2026-08-21,BALL,2027-12-31,4.5205,4.57018,4.42115,9,15533830566,11,Consumer Cyclical,63.59,16930646730,962411
2026-08-21,BALL,2026-12-31,4.02276,4.07292,3.96257,9,14968400782,12,Consumer Cyclical,63.59,16930646730,962411
2026-08-21,BALL,2025-12-31,3.56433,3.61439,3.52428,11,12938310228,10,Consumer Cyclical,63.59,16930646730,962411
2026-08-21,BAM,2029-12-31,2.74991,2.83281,2.63245,1,5078006687,4,Financial Services,52.3,83511929452,1570037
2026-08-21,BAM,2028-12-31,2.58242,2.7061,2.35496,3,8114672631,6,Financial Services,52.3,83511929452,1570037
2026-08-21,BAM,2027-12-31,2.20941,2.32992,2.0889,9,7263251439,9,Financial Services,52.3,83511929452,1570037
2026-08-21,BAM,2026-12-31,1.8695,1.97055,1.79876,8,6203336666,6,Financial Services,52.3,83511929452,1570037
2026-08-21,BANC,2028-12-31,2.57269,2.70716,2.40943,3,1377555457,3,Financial Services,18.64,2865434000,1236910
2026-08-21,BANC,2027-12-31,2.11972,2.18873,2.05071,8,1292992434,7,Financial Services,18.64,2865434000,1236910
2026-08-21,BANC,2026-12-31,-0.28783,-0.28612,-0.29297,7,1192987757,7,Financial Services,18.64,2865434000,1236910
2026-08-21,BANC,2025-12-31,1.1164,1.15102,1.07313,7,1116162614,6,Financial Services,18.64,2865434000,1236910
2026-08-21,BAND,2028-12-31,2.715,2.78339,2.65194,1,1135019500,2,Technology,47.52,1529230998,733597
2026-08-21,BAND,2027-12-31,1.926,2.08991,1.72111,3,944485600,4,Technology,47.52,1529230998,733597
2026-08-21,BAND,2026-12-31,1.752,1.76207,1.73186,3,905596200,4,Technology,47.52,1529230998,733597
2026-08-21,BAND,2025-12-31,1.434,1.51312,1.3351,4,754464000,4,Technology,47.52,1529230998,733597
2026-08-21,BATRK,2030-12-31,1.0208,1.05497,0.98642,1,1025606886,2,Communication Services,51.93,3302169292,585715
2026-08-21,BATRK,2029-12-31,0.6126,0.63311,0.59197,1,966042314,1,Communication Services,51.93,3302169292,585715
2026-08-21,BATRK,2028-12-31,-0.1935,-0.18698,-0.19998,1,892002354,1,Communication Services,51.93,3302169292,585715
2026-08-21,BATRK,2027-12-31,-0.53,0.06235294,-1.12235,2,838951741,3,Communication Services,51.93,3302169292,585715
2026-08-21,BAX,2028-12-31,2.16581,3.09164,1.44313,3,12148026785,8,Healthcare,26.34,13617674429,3080914
2026-08-21,BAX,2027-12-31,2.0411,2.16357,1.70432,9,11866298629,10,Healthcare,26.34,13617674429,3080914
2026-08-21,BAX,2026-12-31,2.05367,2.1045,1.8605,8,11614933455,10,Healthcare,26.34,13617674429,3080914
2026-08-21,BAX,2025-12-31,2.36593,2.38598,2.3559,12,11083106369,10,Healthcare,26.34,13617674429,3080914
2026-08-21,BBAR,2030-12-31,0,0,0,0,12521979256235,3,Financial Services,14.05,2869525157,1151081
2026-08-21,BBAR,2029-12-31,0,0,0,0,11926263610646,4,Financial Services,14.05,2869525157,1151081
2026-08-21,BBAR,2028-12-31,4838.09763,5845.65886,3275.74903,1,7294823097832,6,Financial Services,14.05,2869525157,1151081
2026-08-21,BBAR,2027-12-31,2759.04396,3333.63049,1868.07631,1,5084023372622,4,Financial Services,14.05,2869525157,1151081
2026-08-21,BBIO,2030-12-31,10.219,12.14575,8.94065,11,4638910000,14,Healthcare,81.5,15962691223,1743868
2026-08-21,BBIO,2029-12-31,7.59049,9.02165,6.64095,7,3671273318,14,Healthcare,81.5,15962691223,1743868
2026-08-21,BBIO,2028-12-31,3.57527,7.14025,0.55272,14,2562971111,16,Healthcare,81.5,15962691223,1743868
2026-08-21,BBIO,2027-12-31,0.050129,0.31247,-0.36594,12,1678502526,14,Healthcare,81.5,15962691223,1743868
2026-08-21,BBVA,2029-12-31,2.75664,2.854,2.60718,4,48516481634,13,Financial Services,29.04,160454295102,1371873
2026-08-21,BBVA,2028-12-31,2.59981,2.84848,2.09507,11,47473909195,17,Financial Services,29.04,160454295102,1371873
2026-08-21,BBVA,2027-12-31,2.36513,2.42714,2.30312,5,45137277276,11,Financial Services,29.04,160454295102,1371873
2026-08-21,BBVA,2026-12-31,2.08193,2.15546,2.07333,4,42443941676,10,Financial Services,29.04,160454295102,1371873
2026-08-21,BBW,2031-01-31,6.02,6.05132,5.99763,1,636500000,1,Consumer Cyclical,38.89,487579486,668815
2026-08-21,BBW,2030-01-31,5.48,5.50851,5.45964,1,611700000,1,Consumer Cyclical,38.89,487579486,668815
2026-08-21,BBW,2029-01-31,5,5.02602,4.98142,1,588300000,1,Consumer Cyclical,38.89,487579486,668815
2026-08-21,BBW,2028-01-31,4.33,4.6113,4.11903,2,566024750,2,Consumer Cyclical,38.89,487579486,668815
2026-08-21,BBWI,2029-01-31,3.05854,3.32649,2.7906,2,7411862027,7,Consumer Cyclical,19.45,3920377243,5552097
2026-08-21,BBWI,2028-01-31,2.84566,3.18792,2.71853,11,7230508373,13,Consumer Cyclical,19.45,3920377243,5552097
2026-08-21,BBWI,2027-01-31,2.65245,2.77347,2.52134,11,7094977639,13,Consumer Cyclical,19.45,3920377243,5552097
2026-08-21,BBWI,2026-01-31,2.97978,3.10018,2.91958,11,7195444672,9,Consumer Cyclical,19.45,3920377243,5552097
2026-08-21,BBY,2031-01-31,9.45,9.60594,9.30116,2,44033000000,3,Consumer Cyclical,85.89,18102777630,1694715
2026-08-21,BBY,2030-01-31,8.7,8.84356,8.56297,1,43310000000,4,Consumer Cyclical,85.89,18102777630,1694715
2026-08-21,BBY,2029-01-31,7.6731,7.89716,7.54766,4,43394540016,9,Consumer Cyclical,85.89,18102777630,1694715
2026-08-21,BBY,2028-01-31,7.0687,7.35906,6.75832,14,42604698210,17,Consumer Cyclical,85.89,18102777630,1694715
2026-08-21,BCE,2028-12-31,2.86071,3.05077,2.65888,3,26551215418,7,Communication Services,23.71,22110187121,1317944
2026-08-21,BCE,2027-12-31,2.7258,3.11314,2.48191,9,26062557508,12,Communication Services,23.71,22110187121,1317944
2026-08-21,BCE,2026-12-31,2.65928,2.8749,2.48678,10,25694291476,13,Communication Services,23.71,22110187121,1317944
2026-08-21,BCE,2025-12-31,2.71164,2.75335,2.6282,11,24578313618,9,Communication Services,23.71,22110187121,1317944
2026-08-21,BCS,2030-12-31,4.7711,4.81451,4.73641,1,47811489825,4,Financial Services,26.83,90462119667,2296383
2026-08-21,BCS,2029-12-31,4.36071,4.40039,4.32901,1,46772147342,4,Financial Services,26.83,90462119667,2296383
2026-08-21,BCS,2028-12-31,4.04188,4.07866,4.01249,1,45884847262,3,Financial Services,26.83,90462119667,2296383
2026-08-21,BCS,2027-12-31,3.45527,3.63765,3.23234,3,43903509636,9,Financial Services,26.83,90462119667,2296383
2026-08-21,BDX,2030-09-30,16.35,16.82776,16.17918,1,21905000000,7,Healthcare,192,52903680000,1791004
2026-08-21,BDX,2029-09-30,15.23,15.67503,15.07088,1,21131000000,6,Healthcare,192,52903680000,1791004
2026-08-21,BDX,2028-09-30,14.17458,16.4898,11.85934,2,20437589262,9,Healthcare,192,52903680000,1791004
2026-08-21,BDX,2027-09-30,13.29163,13.80362,13.10089,8,19690971823,10,Healthcare,192,52903680000,1791004
2026-08-21,BE,2030-12-31,12.87667,17.88676,9.62822,11,15813027000,12,Industrials,201.45,59332464150,7491949
2026-08-21,BE,2029-12-31,10.85429,15.07751,8.11603,7,12673442125,12,Industrials,201.45,59332464150,7491949
2026-08-21,BE,2028-12-31,7.65673,11.02139,3.93975,14,9751745038,25,Industrials,201.45,59332464150,7491949
2026-08-21,BE,2027-12-31,4.82634,5.65952,3.45464,16,6709840007,21,Industrials,201.45,59332464150,7491949
2026-08-21,BEAM,2030-12-31,-1.19,0.12243,-3.39788,4,646183667,5,Healthcare,29.76,3061679040,2447428
2026-08-21,BEAM,2029-12-31,-3.16167,0.32528,-9.02772,4,324669167,5,Healthcare,29.76,3061679040,2447428
2026-08-21,BEAM,2028-12-31,-4.58762,-3.38788,-6.31991,10,116384219,11,Healthcare,29.76,3061679040,2447428
2026-08-21,BEAM,2027-12-31,-4.74317,-3.86028,-5.37246,9,56048954,9,Healthcare,29.76,3061679040,2447428
2026-08-21,BEKE,2028-12-31,8.63594,9.77737,7.86171,5,97306661587,18,Real Estate,17.75,19609160968,7365798
2026-08-21,BEKE,2027-12-31,7.9159,8.24851,7.38374,10,93564285294,18,Real Estate,17.75,19609160968,7365798
2026-08-21,BEKE,2026-12-31,6.78385,6.92229,6.3685,10,89641214091,18,Real Estate,17.75,19609160968,7365798
2026-08-21,BEKE,2025-12-31,4.71414,4.99144,4.43684,9,95358615106,15,Real Estate,17.75,19609160968,7365798
2026-08-21,BEN,2029-09-30,3.99734,4.08776,3.88585,1,8919352900,1,Financial Services,34.31,17828745436,2490654
2026-08-21,BEN,2028-09-30,3.54468,3.62486,3.44581,1,8342085825,2,Financial Services,34.31,17828745436,2490654
2026-08-21,BEN,2027-09-30,3.18144,3.32195,3.00079,6,7749172020,3,Financial Services,34.31,17828745436,2490654
2026-08-21,BEN,2026-09-30,2.8918,2.93196,2.80143,6,7153955157,2,Financial Services,34.31,17828745436,2490654
2026-08-21,BEPC,2029-12-31,0,0,0,0,3848000000,1,Utilities,33.25,4909758375,815997
2026-08-21,BEPC,2028-12-31,-1.935,-1.90612,-1.96388,2,7255479963,3,Utilities,33.25,4909758375,815997
2026-08-21,BEPC,2027-12-31,-0.34831,-0.14219,-0.55443,2,6863656075,3,Utilities,33.25,4909758375,815997
2026-08-21,BEPC,2026-12-31,-5.19505,-1.94192,-8.44818,2,5901822288,3,Utilities,33.25,4909758375,815997
2026-08-21,BETA,2030-12-31,0.27667,0.3365,0.16862,2,3417000000,5,Industrials,24.74,5498577072,1156317
2026-08-21,BETA,2029-12-31,-1.34667,-0.82075,-1.6379,3,1994400000,3,Industrials,24.74,5498577072,1156317
2026-08-21,BETA,2028-12-31,-1.99847,-1.35999,-2.50999,6,921424072,7,Industrials,24.74,5498577072,1156317
2026-08-21,BETA,2027-12-31,-2.29056,-2.28051,-2.30061,3,313503950,5,Industrials,24.74,5498577072,1156317
2026-08-21,BF-B,2031-04-30,0,0,0,9,4824000000,12,Consumer Defensive,28.44,13262770974,2255548
2026-08-21,BF-B,2030-04-30,1.92445,1.97183,1.8769,13,4350763247,13,Consumer Defensive,28.44,13262770974,2255548
2026-08-21,BF-B,2029-04-30,1.76748,1.811,1.72381,6,4147665194,13,Consumer Defensive,28.44,13262770974,2255548
2026-08-21,BF-B,2028-04-30,1.7107,1.83108,1.59703,15,4018567918,16,Consumer Defensive,28.44,13262770974,2255548
2026-08-21,BFAM,2028-12-31,6.86656,7.1211,6.54345,3,3490913434,5,Industrials,72.88,3833976296,537165
2026-08-21,BFAM,2027-12-31,5.88858,6.05159,5.73576,5,3269275427,6,Industrials,72.88,3833976296,537165
2026-08-21,BFAM,2026-12-31,5.11038,5.1408,5.0394,5,3098979480,6,Industrials,72.88,3833976296,537165
2026-08-21,BFAM,2025-12-31,4.52356,4.5635,4.50359,6,2927121557,5,Industrials,72.88,3833976296,537165
2026-08-21,BG,2028-12-31,12.13048,12.52864,11.62413,1,94919855021,3,Consumer Defensive,113.11,21730594003,1892520
2026-08-21,BG,2027-12-31,11.17274,11.23748,11.108,4,95147103290,5,Consumer Defensive,113.11,21730594003,1892520
2026-08-21,BG,2026-12-31,9.51698,9.54635,9.48761,4,92506973884,5,Consumer Defensive,113.11,21730594003,1892520
2026-08-21,BG,2025-12-31,7.3733,7.48305,7.29348,5,68175019404,3,Consumer Defensive,113.11,21730594003,1892520
2026-08-21,BGC,2027-12-31,1.575,1.59095,1.56503,2,3681972917,1,Financial Services,11.85,5617031215,4563899
2026-08-21,BGC,2026-12-31,1.405,1.41496,1.38507,1,3459257554,1,Financial Services,11.85,5617031215,4563899
2026-08-21,BGC,2025-12-31,1.17,1.18185,1.15815,1,2935968093,1,Financial Services,11.85,5617031215,4563899
2026-08-21,BGC,2024-12-31,0.99,1.00003,0.97997,1,2260500000,1,Financial Services,11.85,5617031215,4563899
2026-08-21,BHF,2029-12-31,21.2,22.83846,19.86095,1,9347000000,1,Financial Services,52.27,3002691182,987375
2026-08-21,BHF,2028-12-31,18.93,20.39302,17.73433,1,8743877007,2,Financial Services,52.27,3002691182,987375
2026-08-21,BHF,2027-12-31,21.026,23.94656,18.95301,3,8623884963,4,Financial Services,52.27,3002691182,987375
2026-08-21,BHF,2026-12-31,19.89167,21.0313,19.22861,3,8549663990,3,Financial Services,52.27,3002691182,987375
2026-08-21,BHP,2031-06-30,5,5.37801,4.65217,4,58197000000,8,Basic Materials,97.03,246489684277,3320425
2026-08-21,BHP,2030-06-30,5.73648,6.17016,5.33742,3,62673751877,8,Basic Materials,97.03,246489684277,3320425
2026-08-21,BHP,2029-06-30,5.18184,6.36215,4.51007,5,58002885531,11,Basic Materials,97.03,246489684277,3320425
2026-08-21,BHP,2028-06-30,4.91255,5.1188,4.71567,3,56707123399,13,Basic Materials,97.03,246489684277,3320425
2026-08-21,BHVN,2030-12-31,0.75596,0.90467,0.60733,11,828075539,7,Healthcare,13.85,2085269712,2085006
2026-08-21,BHVN,2029-12-31,-1.23045,-0.98854,-1.47251,7,338926224,10,Healthcare,13.85,2085269712,2085006
2026-08-21,BHVN,2028-12-31,-2.10249,-1.25354,-3.24737,14,107359546,15,Healthcare,13.85,2085269712,2085006
2026-08-21,BHVN,2027-12-31,-2.62026,-2.00853,-3.27278,10,20974377,10,Healthcare,13.85,2085269712,2085006
2026-08-21,BIDU,2029-12-31,72.81689,80.93325,67.75393,9,155601334963,11,Communication Services,93.21,31703030278,3345615
2026-08-21,BIDU,2028-12-31,58.60729,87.96826,40.98608,12,150609098080,23,Communication Services,93.21,31703030278,3345615
2026-08-21,BIDU,2027-12-31,50.14753,64.14868,42.78438,14,136623887281,23,Communication Services,93.21,31703030278,3345615
2026-08-21,BIDU,2026-12-31,41.89753,47.13472,38.68975,12,128779332910,20,Communication Services,93.21,31703030278,3345615
2026-08-21,BIIB,2030-12-31,20.485,21.41028,19.09163,5,11361893333,14,Healthcare,216.78,32030111686,695475
2026-08-21,BIIB,2029-12-31,20.48712,21.4125,19.0936,5,11142633138,22,Healthcare,216.78,32030111686,695475
2026-08-21,BIIB,2028-12-31,18.67593,24.52646,14.21957,8,10968018436,24,Healthcare,216.78,32030111686,695475
2026-08-21,BIIB,2027-12-31,16.53664,19.59409,11.46798,20,10661768964,26,Healthcare,216.78,32030111686,695475
2026-08-21,BILI,2029-12-31,14.64967,15.75177,13.6245,9,45769413879,11,Communication Services,17.06,7155999201,2900318
2026-08-21,BILI,2028-12-31,11.77865,16.49219,9.38661,12,40018886722,23,Communication Services,17.06,7155999201,2900318
2026-08-21,BILI,2027-12-31,9.09297,10.00881,8.4388,15,36746410763,23,Communication Services,17.06,7155999201,2900318
2026-08-21,BILI,2026-12-31,7.14441,7.49463,6.86425,15,33351903729,23,Communication Services,17.06,7155999201,2900318
2026-08-21,BILL,2030-06-30,6.64,6.96374,5.51248,1,2463000000,4,Technology,47.82,4762714194,2352236
2026-08-21,BILL,2029-06-30,5.28493,6.46376,4.23976,3,2246567939,5,Technology,47.82,4762714194,2352236
2026-08-21,BILL,2028-06-30,4.31813,4.90047,3.77974,10,2031657843,13,Technology,47.82,4762714194,2352236
2026-08-21,BILL,2027-06-30,3.66673,4.05445,3.20147,10,1836897724,14,Technology,47.82,4762714194,2352236
2026-08-21,BIP,2029-12-31,0,0,0,0,10292000000,1,Utilities,38.95,17936046550,733125
2026-08-21,BIP,2028-12-31,0.74889,0.88498,0.6128,1,10292380237,1,Utilities,38.95,17936046550,733125
2026-08-21,BIP,2027-12-31,0.6628,0.67403,0.64996,2,9500272062,1,Utilities,38.95,17936046550,733125
2026-08-21,BIP,2026-12-31,0.60457,0.60622,0.60292,2,17227478964,1,Utilities,38.95,17936046550,733125
2026-08-21,BIPC,2029-12-31,0,0,0,0,17677000000,1,Utilities,39.55,4864280919,530523
2026-08-21,BIPC,2028-12-31,2.33,2.33,2.33,1,4306712298,1,Utilities,39.55,4864280919,530523
2026-08-21,BIPC,2027-12-31,2.04,2.04,2.04,1,4050294301,1,Utilities,39.55,4864280919,530523
2026-08-21,BIPC,2026-12-31,-0.45,-0.45,-0.45,1,3808335165,1,Utilities,39.55,4864280919,530523
2026-08-21,BIRK,2028-09-30,2.92618,2.98289,2.85042,8,3090576879,7,Consumer Cyclical,35.64,6554411836,4144977
2026-08-21,BIRK,2027-09-30,2.46829,2.76748,2.08496,16,2732579751,16,Consumer Cyclical,35.64,6554411836,4144977
2026-08-21,BIRK,2026-09-30,2.00095,2.05552,1.79176,16,2396365855,16,Consumer Cyclical,35.64,6554411836,4144977
2026-08-21,BIRK,2025-09-30,1.71764,1.77961,1.49629,14,2095151793,13,Consumer Cyclical,35.64,6554411836,4144977
2026-08-21,BJ,2031-01-31,6.32,6.80218,5.93458,2,29966000000,3,Consumer Defensive,96.42,12312254227,3607560
2026-08-21,BJ,2030-01-31,5.8,6.24251,5.44629,1,28173000000,4,Consumer Defensive,96.42,12312254227,3607560
2026-08-21,BJ,2029-01-31,5.23168,5.43069,5.01833,4,26328211908,9,Consumer Defensive,96.42,12312254227,3607560
2026-08-21,BJ,2028-01-31,4.91332,5.12432,4.71237,14,24986710513,15,Consumer Defensive,96.42,12312254227,3607560
2026-08-21,BKD,2028-12-31,0.405,0.56,0.25,2,3173631500,2,Healthcare,11.8,2817722000,4546113
2026-08-21,BKD,2027-12-31,0.17,0.17239,0.16762,3,3011606408,5,Healthcare,11.8,2817722000,4546113
2026-08-21,BKD,2026-12-31,0.010333,0.01047838,0.01018819,2,2932723765,3,Healthcare,11.8,2817722000,4546113
2026-08-21,BKD,2025-12-31,-1.11775,-1.10209,-1.13348,1,3206301638,1,Healthcare,11.8,2817722000,4546113
2026-08-21,BKE,2029-01-31,4.29872,4.29872,4.29872,1,1454269693,1,Consumer Cyclical,43.81,2257007961,517343
2026-08-21,BKE,2028-01-31,4.15306,4.15306,4.15306,1,1409131044,1,Consumer Cyclical,43.81,2257007961,517343
2026-08-21,BKE,2027-01-31,4.23197,4.25394,4.21,2,1345917475,1,Consumer Cyclical,43.81,2257007961,517343
2026-08-21,BKE,2026-01-31,4.06907,4.09814,4.04,2,1236000000,2,Consumer Cyclical,43.81,2257007961,517343
2026-08-21,BKH,2030-12-31,5.46901,7.00978,4.31914,1,2355500000,1,Utilities,71.69,5457624779,594757
2026-08-21,BKH,2029-12-31,5.15443,6.60657,4.0707,1,2335000000,1,Utilities,71.69,5457624779,594757
2026-08-21,BKH,2028-12-31,4.86523,4.9962,4.73426,2,2316500000,2,Utilities,71.69,5457624779,594757
2026-08-21,BKH,2027-12-31,4.5784,4.6183,4.54848,3,2557175558,3,Utilities,71.69,5457624779,594757
2026-08-21,BKNG,2030-12-31,20.12333,20.85894,19.53219,8,40820250000,11,Consumer Cyclical,209.62,162429926360,3782625
2026-08-21,BKNG,2029-12-31,17.40624,18.04253,16.89492,9,38164468200,14,Consumer Cyclical,209.62,162429926360,3782625
2026-08-21,BKNG,2028-12-31,14.3288,15.28329,12.15785,18,34626538000,22,Consumer Cyclical,209.62,162429926360,3782625
2026-08-21,BKNG,2027-12-31,12.38942,12.90856,11.9801,26,32002121647,28,Consumer Cyclical,209.62,162429926360,3782625
2026-08-21,BKR,2030-12-31,5.24,5.41022,4.98504,1,38890000000,5,Energy,62.34,61883297160,4785379
2026-08-21,BKR,2029-12-31,4.62,4.77008,4.39521,1,36581000000,3,Energy,62.34,61883297160,4785379
2026-08-21,BKR,2028-12-31,3.57026,4.11609,3.19917,4,33120633906,7,Energy,62.34,61883297160,4785379
2026-08-21,BKR,2027-12-31,2.99725,3.45601,2.40596,8,30884047876,8,Energy,62.34,61883297160,4785379
2026-08-21,BKSY,2030-12-31,1.84333,2.11163,1.61745,1,399133333,2,Technology,27.75,1135574400,665463
2026-08-21,BKSY,2029-12-31,1.05333,1.20664,0.92426,1,331900000,2,Technology,27.75,1135574400,665463
2026-08-21,BKSY,2028-12-31,0.2625,0.67742,-0.15242,2,256024999,4,Technology,27.75,1135574400,665463
2026-08-21,BKSY,2027-12-31,-0.41005,0.0251051,-0.92889,3,193015325,6,Technology,27.75,1135574400,665463
2026-08-21,BKV,2030-12-31,3.73,4.42796,2.90064,1,2287000000,1,Energy,24.2,2647155962,1592671
2026-08-21,BKV,2029-12-31,3.10667,3.68799,2.41591,1,2226000000,1,Energy,24.2,2647155962,1592671
2026-08-21,BKV,2028-12-31,2.52765,2.88614,2.16916,2,1975685538,2,Energy,24.2,2647155962,1592671
2026-08-21,BKV,2027-12-31,1.86438,2.25114,1.11069,6,1744885969,3,Energy,24.2,2647155962,1592671
2026-08-21,BL,2028-12-31,3.26,3.31989,3.18051,1,933808192,3,Technology,31.83,1867176988,695606
2026-08-21,BL,2027-12-31,2.78038,2.9204,2.71037,7,847185228,9,Technology,31.83,1867176988,695606
2026-08-21,BL,2026-12-31,2.48472,2.51478,2.42461,7,766847691,9,Technology,31.83,1867176988,695606
2026-08-21,BL,2025-12-31,2.08029,2.11044,2.00994,11,700196034,10,Technology,31.83,1867176988,695606
2026-08-21,BLDR,2029-12-31,7.5,7.73384,7.29083,1,16393000000,6,Basic Materials,70.21,7554315160,1306340
2026-08-21,BLDR,2028-12-31,5.61949,7.71153,4.32281,4,15596364846,8,Basic Materials,70.21,7554315160,1306340
2026-08-21,BLDR,2027-12-31,4.48908,5.24425,3.63951,11,14910057679,16,Basic Materials,70.21,7554315160,1306340
2026-08-21,BLDR,2026-12-31,3.11046,3.62393,2.77473,9,14333436940,16,Basic Materials,70.21,7554315160,1306340
2026-08-21,BLFS,2030-12-31,1.79,1.81107,1.76891,1,240017000,1,Healthcare,37.1,1812610097,748521
2026-08-21,BLFS,2029-12-31,1.29,1.30519,1.2748,1,199748000,1,Healthcare,37.1,1812610097,748521
2026-08-21,BLFS,2028-12-31,0.85,0.86001,0.83999,1,165423000,2,Healthcare,37.1,1812610097,748521
2026-08-21,BLFS,2027-12-31,0.312,0.31567,0.30832,2,134854250,6,Healthcare,37.1,1812610097,748521
2026-08-21,BLLN,2030-12-31,1.76,1.8237,1.66722,1,841800000,2,Healthcare,95.03,4370950940,585799
2026-08-21,BLLN,2029-12-31,2.675,2.77182,2.53398,1,818600000,2,Healthcare,95.03,4370950940,585799
2026-08-21,BLLN,2028-12-31,1.766,2.51994,1.15001,5,718588367,5,Healthcare,95.03,4370950940,585799
2026-08-21,BLLN,2027-12-31,1.03857,1.38476,0.76931,4,576050000,6,Healthcare,95.03,4370950940,585799
2026-08-21,BLMN,2028-12-28,1.25095,1.27359,1.22459,1,4148521182,7,Consumer Cyclical,11.63,995694158,1816384
2026-08-21,BLMN,2027-12-28,1.06856,1.26483,0.76326,7,4043978384,9,Consumer Cyclical,11.63,995694158,1816384
2026-08-21,BLMN,2026-12-28,0.96981,1.05887,0.90054,7,3981072628,9,Consumer Cyclical,11.63,995694158,1816384
2026-08-21,BLMN,2025-12-28,1.11723,1.12721,1.09728,9,3956794464,9,Consumer Cyclical,11.63,995694158,1816384
2026-08-21,BLSH,2029-12-31,2.20859,2.33084,2.03138,1,673700000,2,Technology,30.41,4611626202,2164439
2026-08-21,BLSH,2028-12-31,1.04817,1.10619,0.96407,1,449019489,1,Technology,30.41,4611626202,2164439
2026-08-21,BLSH,2027-12-31,0.82004,1.00797,0.56947,2,409398539,5,Technology,30.41,4611626202,2164439
2026-08-21,BLSH,2026-12-31,0.43261,0.59975,0.2753,5,358856731,6,Technology,30.41,4611626202,2164439
2026-08-21,BLZE,2028-12-31,0.07255,0.0732293,0.07154308,1,266807599,1,Technology,15.8,948232750,2625446
2026-08-21,BLZE,2027-12-31,0.24571,0.32239,0.07841809,3,217199286,5,Technology,15.8,948232750,2625446
2026-08-21,BLZE,2026-12-31,0.21429,0.27552,0.10204,4,172962714,5,Technology,15.8,948232750,2625446
2026-08-21,BLZE,2025-12-31,0.037275,0.26093,-0.11182,5,145718112,5,Technology,15.8,948232750,2625446
2026-08-21,BMNR,2028-08-31,0.49,0.53467,0.44533,1,441700000,1,Financial Services,22.83,13003438481,57699543
2026-08-21,BMNR,2027-08-31,0.57,0.62196,0.51804,1,429850000,1,Financial Services,22.83,13003438481,57699543
2026-08-21,BMNR,2026-08-31,-15.82,-14.37776,-17.26224,1,125200000,1,Financial Services,22.83,13003438481,57699543
2026-08-21,BMNR,2025-08-31,-0.5,-0.45442,-0.54558,1,6800000,1,Financial Services,22.83,13003438481,57699543
2026-08-21,BMRN,2030-12-31,9.57221,10.1302,9.11726,6,5499989833,15,Healthcare,66.7,12892042800,1448827
2026-08-21,BMRN,2029-12-31,8.8373,9.35245,8.41728,9,5200996167,9,Healthcare,66.7,12892042800,1448827
2026-08-21,BMRN,2028-12-31,7.75298,11.15148,2.85634,15,4807312437,19,Healthcare,66.7,12892042800,1448827
2026-08-21,BMRN,2027-12-31,6.61656,7.74545,5.0173,16,4454593668,19,Healthcare,66.7,12892042800,1448827
2026-08-21,BMY,2030-12-31,4.9971,5.19224,4.72196,5,37385833747,11,Healthcare,67.01,136881997100,6831817
2026-08-21,BMY,2029-12-31,5.07791,5.27621,4.79832,5,37952845680,14,Healthcare,67.01,136881997100,6831817
2026-08-21,BMY,2028-12-31,5.63245,6.54555,4.46798,8,41928885621,22,Healthcare,67.01,136881997100,6831817
2026-08-21,BMY,2027-12-31,6.55278,7.44819,5.94227,16,48068760714,19,Healthcare,67.01,136881997100,6831817
2026-08-21,BN,2028-12-31,3.83226,3.85199,3.81253,1,11484123402,1,Financial Services,41.69,93118599105,2148942
2026-08-21,BN,2027-12-31,3.42279,3.67043,3.29012,1,9388488675,1,Financial Services,41.69,93118599105,2148942
2026-08-21,BN,2026-12-31,2.77956,2.89224,2.71383,1,7596205145,1,Financial Services,41.69,93118599105,2148942
2026-08-21,BN,2025-12-31,2.42943,2.43923,2.40984,2,8187080147,1,Financial Services,41.69,93118599105,2148942
2026-08-21,BNL,2030-12-31,0.83,0.85616,0.79184,1,675067064,2,Real Estate,21.12,4050109642,741400
2026-08-21,BNL,2029-12-31,0.82,0.84585,0.7823,1,629390898,2,Real Estate,21.12,4050109642,741400
2026-08-21,BNL,2028-12-31,0.84301,0.90648,0.77954,2,592305793,5,Real Estate,21.12,4050109642,741400
2026-08-21,BNL,2027-12-31,0.81175,0.82153,0.80686,4,534912292,5,Real Estate,21.12,4050109642,741400
2026-08-21,BNS,2028-10-31,10.33983,10.43308,10.24659,2,45579982303,2,Financial Services,87.57,106756016394,860576
2026-08-21,BNS,2027-10-31,9.42517,9.55215,9.26996,7,42306243340,5,Financial Services,87.57,106756016394,860576
2026-08-21,BNS,2026-10-31,8.42326,8.56412,8.31057,7,40462795584,5,Financial Services,87.57,106756016394,860576
2026-08-21,BNS,2025-10-31,6.99937,7.02753,6.9712,8,37449737157,4,Financial Services,87.57,106756016394,860576
2026-08-21,BNTX,2030-12-31,-2.78988,-1.92387,-3.58251,5,2811652567,7,Healthcare,116.57,29282892945,2957648
2026-08-21,BNTX,2029-12-31,-4.51281,-3.11198,-5.79495,10,2179943192,10,Healthcare,116.57,29282892945,2957648
2026-08-21,BNTX,2028-12-31,-4.22106,1.23285,-11.35745,13,2417840090,15,Healthcare,116.57,29282892945,2957648
2026-08-21,BNTX,2027-12-31,-5.68393,-4.51768,-6.85018,9,1892181580,12,Healthcare,116.57,29282892945,2957648
2026-08-21,BNY,2029-12-31,0,0,0,0,24476180800,2,Financial Services,158.49,108784207710,1725786
2026-08-21,BNY,2028-12-31,11.33213,11.95904,10.73247,3,23783828952,5,Financial Services,158.49,108784207710,1725786
2026-08-21,BNY,2027-12-31,10.25224,10.51255,9.92185,10,23172547272,9,Financial Services,158.49,108784207710,1725786
2026-08-21,BNY,2026-12-31,9.23064,9.35026,9.05121,9,22181412632,9,Financial Services,158.49,108784207710,1725786
2026-08-21,BOBS,2030-12-28,1.54,1.55136,1.52802,2,3626800000,3,Consumer Cyclical,17.51,2287287280,886223
2026-08-21,BOBS,2029-12-28,1.32,1.32974,1.30973,2,3335500000,5,Consumer Cyclical,17.51,2287287280,886223
2026-08-21,BOBS,2028-12-28,1.20097,1.30406,1.15313,4,3048905157,7,Consumer Cyclical,17.51,2287287280,886223
2026-08-21,BOBS,2027-12-28,1.05767,1.11643,1.02829,9,2803615190,10,Consumer Cyclical,17.51,2287287280,886223
2026-08-21,BOX,2029-01-31,2.18906,8.75835,-4.38028,2,1497965934,4,Technology,32.91,4559121030,1096485
2026-08-21,BOX,2028-01-31,1.80107,1.96117,1.73103,6,1384357582,7,Technology,32.91,4559121030,1096485
2026-08-21,BOX,2027-01-31,1.57587,1.60598,1.56583,6,1280757013,7,Technology,32.91,4559121030,1096485
2026-08-21,BOX,2026-01-31,1.28715,1.29721,1.26269,7,1175149147,6,Technology,32.91,4559121030,1096485
2026-08-21,BP,2030-12-31,3.65418,4.81073,2.76159,5,202276000000,6,Energy,44.76,117383323800,8098104
2026-08-21,BP,2029-12-31,3.62868,4.77716,2.74232,9,200022000000,6,Energy,44.76,117383323800,8098104
2026-08-21,BP,2028-12-31,3.8075,5.01258,2.87746,6,199213751065,5,Energy,44.76,117383323800,8098104
2026-08-21,BP,2027-12-31,4.11394,6.68979,3.40975,12,205407339042,8,Energy,44.76,117383323800,8098104
2026-08-21,BR,2031-06-30,15.45,15.64817,15.17323,2,9446000000,3,Technology,182.18,21070574440,889183
2026-08-21,BR,2030-06-30,14,14.17957,13.74921,1,9036000000,4,Technology,182.18,21070574440,889183
2026-08-21,BR,2029-06-30,12.68506,13.00641,12.37683,4,8638702631,5,Technology,182.18,21070574440,889183
2026-08-21,BR,2028-06-30,11.56017,11.64978,11.50043,7,8228534755,7,Technology,182.18,21070574440,889183
2026-08-21,BRBR,2030-09-30,1.6745,1.70049,1.64012,1,2590022041,4,Consumer Defensive,10.19,1184872820,1570867
2026-08-21,BRBR,2029-09-30,1.61549,1.64056,1.58232,1,2533523931,4,Consumer Defensive,10.19,1184872820,1570867
2026-08-21,BRBR,2028-09-30,1.52952,1.67249,1.45264,3,2477959896,8,Consumer Defensive,10.19,1184872820,1570867
2026-08-21,BRBR,2027-09-30,1.32148,1.38201,1.25087,7,2384234401,10,Consumer Defensive,10.19,1184872820,1570867
2026-08-21,BRK-B,2028-12-31,22.70855,22.70855,22.70855,1,421633900000,1,Financial Services,495.82,1069411149473,4620603
2026-08-21,BRK-B,2027-12-31,22.05175,22.63473,21.32985,3,409887700000,1,Financial Services,495.82,1069411149473,4620603
2026-08-21,BRK-B,2026-12-31,22.01429,23.28215,21.25017,3,403512500000,1,Financial Services,495.82,1069411149473,4620603
2026-08-21,BRK-B,2025-12-31,21.48247,28.25596,18.74786,4,385121126250,1,Financial Services,495.82,1069411149473,4620603
2026-08-21,BRKR,2030-12-31,3.46,3.51266,3.41744,1,4382800000,6,Healthcare,59.56,9066558165,3123326
2026-08-21,BRKR,2029-12-31,3.26711,3.31684,3.22692,1,4226360773,6,Healthcare,59.56,9066558165,3123326
2026-08-21,BRKR,2028-12-31,2.80723,3.05238,2.56207,2,3912226745,8,Healthcare,59.56,9066558165,3123326
2026-08-21,BRKR,2027-12-31,2.41146,2.5107,2.33207,6,3701726653,8,Healthcare,59.56,9066558165,3123326
2026-08-21,BRO,2028-12-31,5.27378,5.35639,5.16139,5,7726092264,10,Financial Services,72.92,24399787232,874076
2026-08-21,BRO,2027-12-31,4.8382,5.07712,4.61919,12,7292323081,11,Financial Services,72.92,24399787232,874076
2026-08-21,BRO,2026-12-31,4.49061,4.6403,4.42076,12,6992594740,11,Financial Services,72.92,24399787232,874076
2026-08-21,BRO,2025-12-31,4.2488,4.31845,4.21895,11,5945787392,9,Financial Services,72.92,24399787232,874076
2026-08-21,BROS,2030-12-31,2.46,2.55977,2.3988,1,4599100000,5,Consumer Cyclical,49.87,8616912226,2303162
2026-08-21,BROS,2029-12-31,1.97,2.0499,1.92099,1,3935600000,3,Consumer Cyclical,49.87,8616912226,2303162
2026-08-21,BROS,2028-12-31,1.60174,1.66103,1.53723,4,3223598463,7,Consumer Cyclical,49.87,8616912226,2303162
2026-08-21,BROS,2027-12-31,1.26433,1.37559,1.02158,10,2657926146,13,Consumer Cyclical,49.87,8616912226,2303162
2026-08-21,BRSL,2029-12-31,0.78,0.79069,0.76951,1,2834000000,4,Consumer Cyclical,12.1,2222624207,2311958
2026-08-21,BRSL,2028-12-31,0.875,1.08588,0.68186,3,2683207500,6,Consumer Cyclical,12.1,2222624207,2311958
2026-08-21,BRSL,2027-12-31,0.75943,0.87997,0.62683,4,2580627000,6,Consumer Cyclical,12.1,2222624207,2311958
2026-08-21,BRSL,2026-12-31,0.53257,0.56807,0.49707,3,2490998000,6,Consumer Cyclical,12.1,2222624207,2311958
2026-08-21,BRUN,2028-12-31,0,0,0,1,638812900,1,Technology,19.51,1575908466,2150392
2026-08-21,BRUN,2027-12-31,1.49667,1.54495,1.44839,2,427607667,2,Technology,19.51,1575908466,2150392
2026-08-21,BRUN,2026-12-31,0.24667,1.17643,-0.68309,2,190337667,2,Technology,19.51,1575908466,2150392
2026-08-21,BRUN,2025-12-31,0.14,0.16591,0.11409,1,31500000,1,Technology,19.51,1575908466,2150392
2026-08-21,BRX,2030-12-31,1.05,1.06929,1.02356,1,1680600000,2,Real Estate,29.31,8994418320,993279
2026-08-21,BRX,2029-12-31,1.12,1.14058,1.0918,1,1643553000,1,Real Estate,29.31,8994418320,993279
2026-08-21,BRX,2028-12-31,1.09373,1.15139,1.01029,3,1565195651,3,Real Estate,29.31,8994418320,993279
2026-08-21,BRX,2027-12-31,1.03296,1.05785,1.01222,6,1496447813,6,Real Estate,29.31,8994418320,993279
2026-08-21,BRZE,2031-01-31,0,0,0,1,1477000000,3,Technology,31.06,3498339639,3253946
2026-08-21,BRZE,2030-01-31,0,0,0,0,1332000000,4,Technology,31.06,3498339639,3253946
2026-08-21,BRZE,2029-01-31,1.23149,1.42316,0.95665,3,1234794330,8,Technology,31.06,3498339639,3253946
2026-08-21,BRZE,2028-01-31,0.9631,1.13141,0.80414,12,1047756474,15,Technology,31.06,3498339639,3253946
2026-08-21,BSP,2027-12-31,2.21,2.47,1.95,5,4350000000,6,Technology,41.35,27688090666,840107
2026-08-21,BSP,2026-12-31,1.4,1.43,1.37,4,2810000000,6,Technology,41.35,27688090666,840107
2026-08-21,BSX,2030-12-31,4.7025,5.10506,4.59882,5,28149250000,14,Healthcare,50.37,74867953200,35975077
2026-08-21,BSX,2029-12-31,4.14266,4.49729,4.05132,5,25505076662,22,Healthcare,50.37,74867953200,35975077
2026-08-21,BSX,2028-12-31,3.76858,4.28026,3.53869,8,23803169440,24,Healthcare,50.37,74867953200,35975077
2026-08-21,BSX,2027-12-31,3.42701,3.7176,3.32681,16,22287352201,22,Healthcare,50.37,74867953200,35975077
2026-08-21,BSY,2028-12-31,1.81721,1.99786,1.69141,3,2061189465,4,Technology,37.08,10837799763,1649344
2026-08-21,BSY,2027-12-31,1.56574,1.67406,1.48696,9,1872204951,13,Technology,37.08,10837799763,1649344
2026-08-21,BSY,2026-12-31,1.39694,1.42687,1.37698,9,1695436523,13,Technology,37.08,10837799763,1649344
2026-08-21,BSY,2025-12-31,1.18243,1.22184,1.15287,11,1491961367,10,Technology,37.08,10837799763,1649344
2026-08-21,BTDR,2028-12-31,-1.34667,-1.12132,-1.60066,1,1667805700,3,Technology,11.37,2654550080,27887873
2026-08-21,BTDR,2027-12-31,-0.32034,-0.26673,-0.38076,4,1575049700,6,Technology,11.37,2654550080,27887873
2026-08-21,BTDR,2026-12-31,-1.60346,-1.54099,-1.65552,5,950558583,8,Technology,11.37,2654550080,27887873
2026-08-21,BTDR,2025-12-31,-0.468,-0.06933333,-0.84933,4,600333833,8,Technology,11.37,2654550080,27887873
2026-08-21,BTI,2030-12-31,5.30258,5.40007,5.23285,1,32103297623,4,Consumer Defensive,56.21,121240913268,3422159
2026-08-21,BTI,2029-12-31,4.6007,4.68528,4.5402,1,29511919829,4,Consumer Defensive,56.21,121240913268,3422159
2026-08-21,BTI,2028-12-31,4.20601,4.28334,4.1507,2,28119397740,3,Consumer Defensive,56.21,121240913268,3422159
2026-08-21,BTI,2027-12-31,3.89683,3.97176,3.79191,4,27110120445,9,Consumer Defensive,56.21,121240913268,3422159
2026-08-21,BTSG,2030-12-31,5.45,5.74169,5.27935,2,30941642000,6,Healthcare,58.87,11553732008,1523715
2026-08-21,BTSG,2029-12-31,3.82,4.02445,3.70039,3,24502154500,11,Healthcare,58.87,11553732008,1523715
2026-08-21,BTSG,2028-12-31,2.80934,3.38219,2.24015,6,19892924076,13,Healthcare,58.87,11553732008,1523715
2026-08-21,BTSG,2027-12-31,2.30643,2.53603,2.16032,10,17415891889,14,Healthcare,58.87,11553732008,1523715
2026-08-21,BTU,2028-12-31,2.89971,3.47436,1.98011,4,4623691031,4,Energy,27.61,3362898000,2071836
2026-08-21,BTU,2027-12-31,2.74722,2.84882,2.65375,2,4641000353,3,Energy,27.61,3362898000,2071836
2026-08-21,BTU,2026-12-31,0.004983,0.00516729,0.00481346,2,4267921548,3,Energy,27.61,3362898000,2071836
2026-08-21,BTU,2025-12-31,-0.43766,-0.42277,-0.45385,2,3846391229,3,Energy,27.61,3362898000,2071836
2026-08-21,BUD,2030-12-31,7.2326,7.40487,6.94763,3,76723511844,14,Consumer Defensive,78.92,155427873494,1268958
2026-08-21,BUD,2029-12-31,6.08013,6.22495,5.84057,3,74415251096,14,Consumer Defensive,78.92,155427873494,1268958
2026-08-21,BUD,2028-12-31,5.43865,5.56819,5.22436,4,69956719348,13,Consumer Defensive,78.92,155427873494,1268958
2026-08-21,BUD,2027-12-31,4.926,5.23701,4.55479,9,67431924235,16,Consumer Defensive,78.92,155427873494,1268958
2026-08-21,BURL,2030-01-31,16.42,17.09837,15.99579,1,15544000000,2,Consumer Cyclical,326.5,20550628300,827327
2026-08-21,BURL,2029-01-31,16.25039,16.96421,15.53656,2,15446155636,5,Consumer Cyclical,326.5,20550628300,827327
2026-08-21,BURL,2028-01-31,13.98594,15.02004,13.63783,10,14070494455,12,Consumer Cyclical,326.5,20550628300,827327
2026-08-21,BURL,2027-01-31,11.97358,12.15701,11.87168,10,12917336380,12,Consumer Cyclical,326.5,20550628300,827327
2026-08-21,BV,2030-09-30,0,0,0,0,3420000000,2,Industrials,11.3,1053160000,762756
2026-08-21,BV,2029-09-30,0,0,0,0,3212000000,2,Industrials,11.3,1053160000,762756
2026-08-21,BV,2028-09-30,0.72352,0.72941,0.71283,1,2868734582,4,Industrials,11.3,1053160000,762756
2026-08-21,BV,2027-09-30,0.611,0.64056,0.54202,6,2763616107,9,Industrials,11.3,1053160000,762756
2026-08-21,BVN,2028-12-31,3.92712,4.0024,3.85184,2,2226267524,3,Basic Materials,35.46,9006341752,1536050
2026-08-21,BVN,2027-12-31,3.96406,4.06493,3.86319,3,2240893808,3,Basic Materials,35.46,9006341752,1536050
2026-08-21,BVN,2026-12-31,4.49454,4.67475,4.30373,2,2470973408,1,Basic Materials,35.46,9006341752,1536050
2026-08-21,BVN,2025-12-31,2.16588,2.18593,2.1358,3,1575249752,3,Basic Materials,35.46,9006341752,1536050
2026-08-21,BVS,2030-12-31,1.23,1.24369,1.2203,1,795439000,2,Healthcare,14.38,974216930,745058
2026-08-21,BVS,2029-12-31,1.09,1.10213,1.0814,1,738883000,2,Healthcare,14.38,974216930,745058
2026-08-21,BVS,2028-12-31,1.06193,1.39746,0.78866,4,687344525,4,Healthcare,14.38,974216930,745058
2026-08-21,BVS,2027-12-31,0.92036,0.9307,0.91002,4,645571000,4,Healthcare,14.38,974216930,745058
2026-08-21,BWA,2030-12-31,8.615,8.88257,8.2992,1,18681000000,4,Consumer Cyclical,67.78,13902694700,1510036
2026-08-21,BWA,2029-12-31,7.87,8.11443,7.58151,1,17586700000,4,Consumer Cyclical,67.78,13902694700,1510036
2026-08-21,BWA,2028-12-31,6.88777,8.19159,5.12907,4,16081705384,9,Consumer Cyclical,67.78,13902694700,1510036
2026-08-21,BWA,2027-12-31,5.94299,6.08546,5.78017,8,14859608782,11,Consumer Cyclical,67.78,13902694700,1510036
2026-08-21,BWIN,2028-12-31,2.97956,9.50153,0.42929,5,2433009082,6,Financial Services,31.9,2585688474,531951
2026-08-21,BWIN,2027-12-31,2.48554,2.71699,2.26416,7,2203164158,6,Financial Services,31.9,2585688474,531951
2026-08-21,BWIN,2026-12-31,2.01081,2.0819,1.92957,7,2007646257,5,Financial Services,31.9,2585688474,531951
2026-08-21,BWIN,2025-12-31,1.65819,1.67817,1.6482,7,1509852311,6,Financial Services,31.9,2585688474,531951
2026-08-21,BWXT,2030-12-31,6.99667,7.67682,6.70514,4,5133930000,5,Industrials,156.78,14363336988,900074
2026-08-21,BWXT,2029-12-31,6.36333,6.98192,6.09819,2,4736071250,5,Industrials,156.78,14363336988,900074
2026-08-21,BWXT,2028-12-31,5.8964,6.34067,5.46058,7,4475159394,10,Industrials,156.78,14363336988,900074
2026-08-21,BWXT,2027-12-31,5.26856,5.66997,5.11803,12,4168488290,12,Industrials,156.78,14363336988,900074
2026-08-21,BX,2029-12-31,9.12737,9.55819,8.71498,2,16287215500,1,Financial Services,143.37,173189930603,1885235
2026-08-21,BX,2028-12-31,8.24622,8.78841,7.27827,7,19000672775,2,Financial Services,143.37,173189930603,1885235
2026-08-21,BX,2027-12-31,7.45002,8.0299,6.74237,16,18278001134,6,Financial Services,143.37,173189930603,1885235
2026-08-21,BX,2026-12-31,5.9647,6.14364,5.75594,15,14633378402,5,Financial Services,143.37,173189930603,1885235
2026-08-21,BXMT,2028-12-31,1.80325,2.4192,1.1873,2,458188549,1,Real Estate,14.27,2405122880,1656052
2026-08-21,BXMT,2027-12-31,1.52258,1.90891,1.21579,5,553674679,2,Real Estate,14.27,2405122880,1656052
2026-08-21,BXMT,2026-12-31,1.06449,1.3758,0.74313,5,613718793,3,Real Estate,14.27,2405122880,1656052
2026-08-21,BXMT,2025-12-31,0.80723,0.8663,0.75801,6,464070673,4,Real Estate,14.27,2405122880,1656052
2026-08-21,BXP,2030-12-31,0,0,0,1,3740264000,2,Real Estate,67.67,10791835049,1263827
2026-08-21,BXP,2029-12-31,2.14,2.23739,2.02136,1,3627371500,1,Real Estate,67.67,10791835049,1263827
2026-08-21,BXP,2028-12-31,2.08739,2.6025,1.63048,4,3642348134,3,Real Estate,67.67,10791835049,1263827
2026-08-21,BXP,2027-12-31,1.9618,2.00296,1.90692,7,3593990823,4,Real Estate,67.67,10791835049,1263827
2026-08-21,BXSL,2028-12-31,2.34597,2.4579,2.28,3,1091018818,2,Financial Services,24.76,5760463594,932468
2026-08-21,BXSL,2027-12-31,2.54812,2.68533,2.38151,9,1268345875,8,Financial Services,24.76,5760463594,932468
2026-08-21,BXSL,2026-12-31,2.82386,2.98351,2.70412,8,1286215125,6,Financial Services,24.76,5760463594,932468
2026-08-21,BXSL,2025-12-31,3.20804,3.22797,3.18811,8,1419961800,6,Financial Services,24.76,5760463594,932468
2026-08-21,BYD,2028-12-31,8.80024,9.07551,8.52497,2,4401372779,8,Consumer Cyclical,80.78,5869104343,556130
2026-08-21,BYD,2027-12-31,7.73684,8.46372,6.85064,9,4190810588,12,Consumer Cyclical,80.78,5869104343,556130
2026-08-21,BYD,2026-12-31,7.26998,7.8783,7.03064,9,4099654005,12,Consumer Cyclical,80.78,5869104343,556130
2026-08-21,BYD,2025-12-31,7.08231,7.2032,6.80023,9,4052977030,11,Consumer Cyclical,80.78,5869104343,556130
2026-08-21,BZ,2029-12-31,12.58098,13.08458,12.12411,3,13333803871,14,Communication Services,15.95,7298769413,4705640
2026-08-21,BZ,2028-12-31,11.08627,11.93247,10.45062,6,11835616446,16,Communication Services,15.95,7298769413,4705640
2026-08-21,BZ,2027-12-31,9.68799,26.72057,3.94379,10,10551713336,16,Communication Services,15.95,7298769413,4705640
2026-08-21,BZ,2026-12-31,8.60467,23.59345,3.44187,10,9379025837,15,Communication Services,15.95,7298769413,4705640
2026-08-21,C,2030-12-31,18.3,18.84477,17.61549,4,113458000000,4,Financial Services,131.65,225767901500,6407045
2026-08-21,C,2029-12-31,16,16.4763,15.40152,4,108521000000,4,Financial Services,131.65,225767901500,6407045
2026-08-21,C,2028-12-31,14.77711,15.62248,13.13984,10,103501667883,9,Financial Services,131.65,225767901500,6407045
2026-08-21,C,2027-12-31,12.79587,13.2013,12.5091,13,99514266786,14,Financial Services,131.65,225767901500,6407045
2026-08-21,CADL,2030-12-31,4.3375,9.73376,-0.08461976,2,772762400,5,Healthcare,13.13,962037726,1335277
2026-08-21,CADL,2029-12-31,1.81,4.06181,-0.03531107,3,429684800,3,Healthcare,13.13,962037726,1335277
2026-08-21,CADL,2028-12-31,0.15349,2.94314,-2.12852,6,181011075,7,Healthcare,13.13,962037726,1335277
2026-08-21,CADL,2027-12-31,-1.02834,-0.16282,-1.85958,4,43381779,6,Healthcare,13.13,962037726,1335277
2026-08-21,CAG,2030-05-31,1.62236,1.68452,1.59771,1,10945399257,5,Consumer Defensive,16.445,7870017870,8265720
2026-08-21,CAG,2029-05-31,1.57035,1.86769,1.34734,4,10878871996,10,Consumer Defensive,16.445,7870017870,8265720
2026-08-21,CAG,2028-05-31,1.50133,1.87427,1.38658,8,10803375454,11,Consumer Defensive,16.445,7870017870,8265720
2026-08-21,CAG,2027-05-31,1.44713,1.7462,1.35065,8,10842231450,10,Consumer Defensive,16.445,7870017870,8265720
2026-08-21,CAH,2031-06-30,20.43,21.43641,19.69709,2,314212000000,8,Healthcare,229.51,53752619060,926884
2026-08-21,CAH,2030-06-30,17.8,18.67685,17.16144,1,308774150000,8,Healthcare,229.51,53752619060,926884
2026-08-21,CAH,2029-06-30,15.64646,17.52842,14.31264,4,297200488142,11,Healthcare,229.51,53752619060,926884
2026-08-21,CAH,2028-06-30,14.08949,14.32313,13.3581,9,282577795808,11,Healthcare,229.51,53752619060,926884
2026-08-21,CAI,2030-12-31,0.925,0.95213,0.8899,4,1828076400,5,Healthcare,26.27,7426021858,6352781
2026-08-21,CAI,2029-12-31,0.765,0.78744,0.73597,2,1617995100,5,Healthcare,26.27,7426021858,6352781
2026-08-21,CAI,2028-12-31,0.546,0.75767,0.20399,7,1413815192,10,Healthcare,26.27,7426021858,6352781
2026-08-21,CAI,2027-12-31,0.35417,0.43006,0.26984,8,1215794049,9,Healthcare,26.27,7426021858,6352781
2026-08-21,CAKE,2028-12-30,5.56325,5.67112,5.46356,1,4665543854,7,Consumer Cyclical,113.33,5630846382,1818675
2026-08-21,CAKE,2027-12-30,4.92875,5.55478,4.37228,12,4305039713,15,Consumer Cyclical,113.33,5630846382,1818675
2026-08-21,CAKE,2026-12-30,4.4554,4.68465,4.34576,10,4011567357,14,Consumer Cyclical,113.33,5630846382,1818675
2026-08-21,CAKE,2025-12-30,3.75201,3.79203,3.68197,15,3738687705,13,Consumer Cyclical,113.33,5630846382,1818675
2026-08-21,CALM,2029-05-30,4.76,5.22447,4.44303,1,2966647000,1,Consumer Defensive,82.8,3884735880,2067898
2026-08-21,CALM,2028-05-30,3.8,3.8159,3.7841,3,2798908250,4,Consumer Defensive,82.8,3884735880,2067898
2026-08-21,CALM,2027-05-30,1.6125,1.65183,1.57317,3,2596756750,4,Consumer Defensive,82.8,3884735880,2067898
2026-08-21,CALM,2026-05-30,7.402,8.12427,6.9091,2,2922844750,4,Consumer Defensive,82.8,3884735880,2067898
2026-08-21,CALY,2028-12-31,0.97478,0.99496,0.96032,1,2199844394,4,Consumer Cyclical,15.89,2856354620,1093561
2026-08-21,CALY,2027-12-31,0.88562,1.00639,0.77492,7,2136354984,9,Consumer Cyclical,15.89,2856354620,1093561
2026-08-21,CALY,2026-12-31,0.73171,0.8,0.65366,6,2068835575,8,Consumer Cyclical,15.89,2856354620,1093561
2026-08-21,CALY,2025-12-31,-0.1466,-0.10149,-0.19171,7,3924276721,7,Consumer Cyclical,15.89,2856354620,1093561
2026-08-21,CARG,2030-12-31,7.44,7.57415,7.30149,1,1322850000,6,Consumer Cyclical,36.85,3559069068,614673
2026-08-21,CARG,2029-12-31,6.43,6.54594,6.31029,1,1264500000,6,Consumer Cyclical,36.85,3559069068,614673
2026-08-21,CARG,2028-12-31,3.66518,5.60444,3.04005,5,1189998521,8,Consumer Cyclical,36.85,3559069068,614673
2026-08-21,CARG,2027-12-31,3.01809,3.48541,2.82337,8,1104866770,10,Consumer Cyclical,36.85,3559069068,614673
2026-08-21,CARR,2030-12-31,4.55,4.79336,4.25038,4,26991000000,6,Industrials,60.37,49764503691,5083698
2026-08-21,CARR,2029-12-31,4.23984,4.46661,3.96064,2,27405369925,11,Industrials,60.37,49764503691,5083698
2026-08-21,CARR,2028-12-31,3.72518,4.36756,2.97517,7,25511433170,13,Industrials,60.37,49764503691,5083698
2026-08-21,CARR,2027-12-31,3.29182,3.51261,3.03088,14,24239149078,17,Industrials,60.37,49764503691,5083698
2026-08-21,CART,2030-12-31,5.166,5.33022,4.67343,7,5928800000,9,Technology,49.83,11711535632,3058173
2026-08-21,CART,2029-12-31,4.352,4.49034,3.93704,12,5543000000,10,Technology,49.83,11711535632,3058173
2026-08-21,CART,2028-12-31,3.49752,4.27396,2.14741,17,5204948834,18,Technology,49.83,11711535632,3058173
2026-08-21,CART,2027-12-31,2.9777,3.75493,2.43263,21,4709186396,23,Technology,49.83,11711535632,3058173
2026-08-21,CAT,2029-12-31,47.62838,50.74911,44.70571,3,109780417641,4,Industrials,827.9,381361372300,2030466
2026-08-21,CAT,2028-12-31,38.72342,42.4277,29.546,9,98082091818,9,Industrials,827.9,381361372300,2030466
2026-08-21,CAT,2027-12-31,32.37353,35.84636,29.82085,19,88343575177,13,Industrials,827.9,381361372300,2030466
2026-08-21,CAT,2026-12-31,27.25403,28.50928,24.88411,18,79512755571,12,Industrials,827.9,381361372300,2030466
2026-08-21,CAVA,2030-12-28,1.79333,1.86957,1.66916,6,3021938000,5,Consumer Cyclical,73.63,8575969870,2046363
2026-08-21,CAVA,2029-12-28,1.36667,1.42477,1.27204,6,2564446000,5,Consumer Cyclical,73.63,8575969870,2046363
2026-08-21,CAVA,2028-12-28,1.032,1.15377,0.78699,10,2202392096,11,Consumer Cyclical,73.63,8575969870,2046363
2026-08-21,CAVA,2027-12-28,0.74375,0.82526,0.66224,20,1818154950,20,Consumer Cyclical,73.63,8575969870,2046363
2026-08-21,CB,2028-12-31,31.61528,36.03039,29.77386,7,62648869500,5,Financial Services,340.99,131553942000,1968060
2026-08-21,CB,2027-12-31,29.14562,31.65048,26.21483,16,60545080833,7,Financial Services,340.99,131553942000,1968060
2026-08-21,CB,2026-12-31,27.69394,29.65118,26.22097,16,58004574767,7,Financial Services,340.99,131553942000,1968060
2026-08-21,CB,2025-12-31,24.06547,24.35736,23.72326,18,54708312500,6,Financial Services,340.99,131553942000,1968060
2026-08-21,CBC,2028-12-31,2.15,2.15976,2.14364,2,1261018168,1,Financial Services,31.96,7662990458,761057
2026-08-21,CBC,2027-12-31,2.0225,2.10104,1.96359,4,1195678606,3,Financial Services,31.96,7662990458,761057
2026-08-21,CBC,2026-12-31,1.91,1.91995,1.90435,3,1137347604,3,Financial Services,31.96,7662990458,761057
2026-08-21,CBC,2025-12-31,1.794,1.8239,1.77407,4,1029832658,3,Financial Services,31.96,7662990458,761057
2026-08-21,CBRE,2030-12-31,13.45,14.3468,13.03002,1,62829000000,2,Real Estate,152.09,44041507073,793352
2026-08-21,CBRE,2029-12-31,11.56,12.33078,11.19903,1,62009500000,2,Real Estate,152.09,44041507073,793352
2026-08-21,CBRE,2028-12-31,10.12129,11.93848,8.89708,5,56873924529,5,Real Estate,152.09,44041507073,793352
2026-08-21,CBRE,2027-12-31,8.97322,9.40676,8.14647,8,51892689629,5,Real Estate,152.09,44041507073,793352
2026-08-21,CBRL,2030-08-01,1.55,1.59245,1.50303,1,3698000000,3,Consumer Cyclical,57.65,1288561669,546499
2026-08-21,CBRL,2029-08-01,1.2,1.23286,1.16364,1,3582000000,6,Consumer Cyclical,57.65,1288561669,546499
2026-08-21,CBRL,2028-08-01,1.56534,2.13026,1.26869,3,3482129930,7,Consumer Cyclical,57.65,1288561669,546499
2026-08-21,CBRL,2027-08-01,1.10129,1.48998,0.59229,6,3389542620,7,Consumer Cyclical,57.65,1288561669,546499
2026-08-21,CBRS,2028-12-31,7.97098,14.81,4.55,4,7544614670,10,Technology,196.13,44430803994,7722696
2026-08-21,CBRS,2027-12-31,1.24,1.5,1,6,2850000000,8,Technology,196.13,44430803994,7722696
2026-08-21,CBRS,2026-12-31,-0.52,-0.16,-1,5,885310000,7,Technology,196.13,44430803994,7722696
2026-08-21,CBRS,2025-12-31,1.63897,2.07685,1.44584,2,509991000,5,Technology,196.13,44430803994,7722696
2026-08-21,CBSH,2028-12-31,4.99277,5.00268,4.98286,2,2172008286,2,Financial Services,58.38,8510461260,992145
2026-08-21,CBSH,2027-12-31,4.58928,4.72956,4.3989,8,2061514620,6,Financial Services,58.38,8510461260,992145
2026-08-21,CBSH,2026-12-31,4.26957,4.38008,4.12893,8,1986752320,6,Financial Services,58.38,8510461260,992145
2026-08-21,CBSH,2025-12-31,4.07802,4.19767,3.9484,7,1760227660,4,Financial Services,58.38,8510461260,992145
2026-08-21,CBZ,2030-12-31,6.64256,6.70649,6.55124,1,3170177734,1,Industrials,54.66,2932437942,714805
2026-08-21,CBZ,2029-12-31,5.76947,5.825,5.69015,1,3090121497,1,Industrials,54.66,2932437942,714805
2026-08-21,CBZ,2028-12-31,5.01791,5.06621,4.94892,1,3034936097,2,Industrials,54.66,2932437942,714805
2026-08-21,CBZ,2027-12-31,4.48103,4.62169,4.37051,4,2959064000,4,Industrials,54.66,2932437942,714805
2026-08-21,CC,2028-12-31,2.33522,2.39829,2.27585,1,6484841006,8,Basic Materials,15.97,2401532013,1184655
2026-08-21,CC,2027-12-31,1.96057,2.21672,1.75368,5,6228048260,7,Basic Materials,15.97,2401532013,1184655
2026-08-21,CC,2026-12-31,1.05795,1.19171,0.92419,4,5937777792,6,Basic Materials,15.97,2401532013,1184655
2026-08-21,CC,2025-12-31,0.96762,1.01015,0.91445,7,5800573142,7,Basic Materials,15.97,2401532013,1184655
2026-08-21,CCEP,2030-12-31,7.16079,7.29242,6.99612,4,25893417413,4,Consumer Defensive,108,47867544000,985615
2026-08-21,CCEP,2029-12-31,6.2844,6.39992,6.13989,2,24852501846,4,Consumer Defensive,108,47867544000,985615
2026-08-21,CCEP,2028-12-31,5.46512,5.56558,5.33945,4,23749607527,3,Consumer Defensive,108,47867544000,985615
2026-08-21,CCEP,2027-12-31,5.00988,5.33721,4.44615,7,22873243944,9,Consumer Defensive,108,47867544000,985615
2026-08-21,CCI,2030-12-31,3.43,3.51792,3.36421,5,4576860000,6,Real Estate,75.51,32997870000,1706155
2026-08-21,CCI,2029-12-31,3.41373,3.50123,3.34826,10,4439498400,11,Real Estate,75.51,32997870000,1706155
2026-08-21,CCI,2028-12-31,2.96417,3.80359,2.14012,13,4188350982,13,Real Estate,75.51,32997870000,1706155
2026-08-21,CCI,2027-12-31,2.82713,3.09502,2.59344,10,4093170386,14,Real Estate,75.51,32997870000,1706155
2026-08-21,CCJ,2030-12-31,5.52228,6.01527,5.14852,5,4865805372,4,Energy,102.51,44646487830,3617909
2026-08-21,CCJ,2029-12-31,4.34776,4.7359,4.05349,10,4527452080,4,Energy,102.51,44646487830,3617909
2026-08-21,CCJ,2028-12-31,3.29616,3.59042,3.07307,8,4234929983,3,Energy,102.51,44646487830,3617909
2026-08-21,CCJ,2027-12-31,2.63587,5.02654,1.59378,13,3963546162,9,Energy,102.51,44646487830,3617909
2026-08-21,CCL,2030-11-30,3.73,3.79954,3.66744,3,32142333333,9,Consumer Cyclical,25.73,35241071832,13897848
2026-08-21,CCL,2029-11-30,3.48205,3.54696,3.42365,7,31048109417,7,Consumer Cyclical,25.73,35241071832,13897848
2026-08-21,CCL,2028-11-30,3.08034,3.2295,2.92387,9,29840183712,14,Consumer Cyclical,25.73,35241071832,13897848
2026-08-21,CCL,2027-11-30,2.64018,2.72142,2.54879,17,28597680986,19,Consumer Cyclical,25.73,35241071832,13897848
2026-08-21,CDE,2030-12-31,0.93,1.20855,0.76627,1,7957154676,2,Basic Materials,20.975,21615462207,28335201
2026-08-21,CDE,2029-12-31,1.3175,1.71211,1.08554,1,4861000000,1,Basic Materials,20.975,21615462207,28335201
2026-08-21,CDE,2028-12-31,1.62333,2.30952,1.13088,3,5290650000,3,Basic Materials,20.975,21615462207,28335201
2026-08-21,CDE,2027-12-31,1.57165,2.07352,1.22826,5,5936404243,3,Basic Materials,20.975,21615462207,28335201
2026-08-21,CDNA,2028-12-31,1.9364,2.48304,1.38976,2,591124827,1,Healthcare,48.61,2514799462,1159500
2026-08-21,CDNA,2027-12-31,1.355,1.3657,1.34366,4,524022808,5,Healthcare,48.61,2514799462,1159500
2026-08-21,CDNA,2026-12-31,1.21333,1.22291,1.20317,4,495183203,5,Healthcare,48.61,2514799462,1159500
2026-08-21,CDNA,2025-12-31,-0.29858,-0.29425,-0.30291,4,374600478,4,Healthcare,48.61,2514799462,1159500
2026-08-21,CDNL,2027-12-31,2.24,2.33956,2.09067,2,1065137000,2,Industrials,43.5,665243412,823800
2026-08-21,CDNL,2026-12-31,1.88,2.07626,1.67341,2,889549333,2,Industrials,43.5,665243412,823800
2026-08-21,CDNL,2025-12-31,1.03547,1.093,0.96836,2,448710833,2,Industrials,43.5,665243412,823800
2026-08-21,CDNS,2030-12-31,10.93,11.35346,10.5251,5,8915000000,12,Technology,319.02,87855874860,2111896
2026-08-21,CDNS,2029-12-31,11.2593,11.69552,10.8422,5,8592552411,8,Technology,319.02,87855874860,2111896
2026-08-21,CDNS,2028-12-31,10.89096,14.15336,8.80015,8,8017381186,14,Technology,319.02,87855874860,2111896
2026-08-21,CDNS,2027-12-31,9.52604,10.17393,8.88827,16,7176759500,20,Technology,319.02,87855874860,2111896
2026-08-21,CDW,2029-12-31,0,0,0,0,27059971547,2,Technology,137.25,17534099250,2048871
2026-08-21,CDW,2028-12-31,13.00309,13.28746,12.71872,2,25842242994,5,Technology,137.25,17534099250,2048871
2026-08-21,CDW,2027-12-31,11.93734,13.52634,11.07332,7,25133741376,7,Technology,137.25,17534099250,2048871
2026-08-21,CDW,2026-12-31,10.92963,11.10088,10.49647,7,24243196994,7,Technology,137.25,17534099250,2048871
2026-08-21,CE,2029-12-31,11.95,12.6803,11.0071,1,8832726583,5,Basic Materials,46.8,5132206825,761872
2026-08-21,CE,2028-12-31,7.50068,8.80572,6.76523,3,10411886026,11,Basic Materials,46.8,5132206825,761872
2026-08-21,CE,2027-12-31,6.30519,6.85347,5.01572,9,10035792670,11,Basic Materials,46.8,5132206825,761872
2026-08-21,CE,2026-12-31,5.99865,6.05924,5.69569,9,10023915086,12,Basic Materials,46.8,5132206825,761872
2026-08-21,CECO,2030-12-31,0,0,0,0,2947065000,1,Industrials,71.52,4176768000,615105
2026-08-21,CECO,2029-12-31,0,0,0,0,2737107000,1,Industrials,71.52,4176768000,615105
2026-08-21,CECO,2028-12-31,4.11,4.25537,3.96463,2,2082798750,2,Industrials,71.52,4176768000,615105
2026-08-21,CECO,2027-12-31,3.08571,3.55609,2.54007,4,1816857143,4,Industrials,71.52,4176768000,615105
2026-08-21,CEG,2030-12-31,21.41655,26.71844,14.27147,3,41024165181,5,Utilities,272.88,97991759218,2017085
2026-08-21,CEG,2029-12-31,19.74738,24.63605,13.15917,3,39758899690,5,Utilities,272.88,97991759218,2017085
2026-08-21,CEG,2028-12-31,16.70664,18.5645,14.8724,9,36257409395,11,Utilities,272.88,97991759218,2017085
2026-08-21,CEG,2027-12-31,13.22734,14.15254,12.32247,12,34329067202,9,Utilities,272.88,97991759218,2017085
2026-08-21,CELC,2030-12-31,10.80429,18.18317,4.14644,5,1752936000,5,Healthcare,93.53,4561110917,757736
2026-08-21,CELC,2029-12-31,6.86143,11.5475,2.63326,5,1254356429,3,Healthcare,93.53,4561110917,757736
2026-08-21,CELC,2028-12-31,2.72125,6.57,0.24,8,780861125,7,Healthcare,93.53,4561110917,757736
2026-08-21,CELC,2027-12-31,-1.51364,0.08991921,-3.19213,5,386759818,7,Healthcare,93.53,4561110917,757736
2026-08-21,CELH,2030-12-31,2.09526,2.24016,1.93311,4,3988666822,6,Consumer Defensive,33.36,8528162410,7157072
2026-08-21,CELH,2029-12-31,1.98272,2.11983,1.82928,2,3728920849,11,Consumer Defensive,33.36,8528162410,7157072
2026-08-21,CELH,2028-12-31,1.98639,2.63399,1.30205,7,3665292874,13,Consumer Defensive,33.36,8528162410,7157072
2026-08-21,CELH,2027-12-31,1.74478,2.2839,1.30368,15,3427108824,18,Consumer Defensive,33.36,8528162410,7157072
2026-08-21,CENX,2028-12-31,16.965,17.97127,15.95875,2,4002694284,3,Basic Materials,43.92,4346938080,1755760
2026-08-21,CENX,2027-12-31,11.27667,11.93823,10.66293,2,4081476248,3,Basic Materials,43.92,4346938080,1755760
2026-08-21,CENX,2026-12-31,10.07333,10.66429,9.52508,2,3386368088,3,Basic Materials,43.92,4346938080,1755760
2026-08-21,CENX,2025-12-31,2.18333,2.31142,2.0645,1,2545707175,2,Basic Materials,43.92,4346938080,1755760
2026-08-21,CEVA,2028-12-31,1.0857,1.59679,0.87812,4,159354633,5,Technology,27.99,779783738,1311236
2026-08-21,CEVA,2027-12-31,0.79582,0.88424,0.63862,7,141214075,7,Technology,27.99,779783738,1311236
2026-08-21,CEVA,2026-12-31,0.54808,0.5791,0.5274,7,124962670,7,Technology,27.99,779783738,1311236
2026-08-21,CEVA,2025-12-31,0.416,0.4271,0.4061,4,109309600,4,Technology,27.99,779783738,1311236
2026-08-21,CF,2030-12-31,7.93,10.9171,7.13799,2,6600000000,12,Basic Materials,129.65,19917999850,2814823
2026-08-21,CF,2029-12-31,7.0786,9.74499,6.37163,3,6339661721,8,Basic Materials,129.65,19917999850,2814823
2026-08-21,CF,2028-12-31,8.8719,10.86786,7.3673,6,6817711347,14,Basic Materials,129.65,19917999850,2814823
2026-08-21,CF,2027-12-31,10.59064,12.35747,9.02013,8,7174139142,15,Basic Materials,129.65,19917999850,2814823
2026-08-21,CFG,2029-12-31,5.74,5.78667,5.68765,3,7235021651,1,Financial Services,69.86,29542536520,3495519
2026-08-21,CFG,2028-12-31,7.46827,7.79269,7.3007,6,10542998193,2,Financial Services,69.86,29542536520,3495519
2026-08-21,CFG,2027-12-31,6.4994,6.79845,6.37978,11,9976776006,6,Financial Services,69.86,29542536520,3495519
2026-08-21,CFG,2026-12-31,5.31132,5.39149,5.26121,11,9189541952,5,Financial Services,69.86,29542536520,3495519
2026-08-21,CG,2029-12-31,6.11368,6.47454,5.69681,1,5950600000,1,Financial Services,49.37,17771916380,8169969
2026-08-21,CG,2028-12-31,6.04919,7.40673,4.69163,2,5540876510,2,Financial Services,49.37,17771916380,8169969
2026-08-21,CG,2027-12-31,5.1428,5.7408,4.67437,9,5083532341,5,Financial Services,49.37,17771916380,8169969
2026-08-21,CG,2026-12-31,3.64763,4.04411,3.37009,9,3762925499,4,Financial Services,49.37,17771916380,8169969
2026-08-21,CGAU,2030-12-31,1.655,1.87052,1.49377,5,3067000000,2,Basic Materials,23.75,4645690000,1729942
2026-08-21,CGAU,2029-12-31,2.71895,3.07301,2.45406,5,2900205900,2,Basic Materials,23.75,4645690000,1729942
2026-08-21,CGAU,2028-12-31,2.2009,2.4875,1.98648,6,2432433817,1,Basic Materials,23.75,4645690000,1729942
2026-08-21,CGAU,2027-12-31,1.927,2.79922,1.39961,8,1954020459,4,Basic Materials,23.75,4645690000,1729942
2026-08-21,CGEM,2030-12-31,-1.705,-1.04505,-2.85419,4,237175150,6,Healthcare,21.68,1332409440,738372
2026-08-21,CGEM,2029-12-31,-2.93,-1.79589,-4.90486,2,77901500,6,Healthcare,21.68,1332409440,738372
2026-08-21,CGEM,2028-12-31,-3.13815,-2.91342,-3.49819,7,38687870,8,Healthcare,21.68,1332409440,738372
2026-08-21,CGEM,2027-12-31,-2.61803,-2.29415,-2.85194,8,45521446,8,Healthcare,21.68,1332409440,738372
2026-08-21,CGNX,2030-12-31,2.39,2.49194,2.27852,4,1643845000,5,Technology,60.54,10075033564,1696150
2026-08-21,CGNX,2029-12-31,2.475,2.58057,2.35956,2,1539121500,5,Technology,60.54,10075033564,1696150
2026-08-21,CGNX,2028-12-31,2.27083,2.60693,1.87699,7,1367953354,10,Technology,60.54,10075033564,1696150
2026-08-21,CGNX,2027-12-31,2.00795,2.24601,1.79059,13,1252404495,13,Technology,60.54,10075033564,1696150
2026-08-21,CGON,2030-12-31,6.29778,11.4796,0.3573,5,1515675000,6,Healthcare,79.81,7039439370,627414
2026-08-21,CGON,2029-12-31,2.65889,4.84663,0.15085,9,931206444,10,Healthcare,79.81,7039439370,627414
2026-08-21,CGON,2028-12-31,-0.90115,0.6876,-2.57303,12,390793083,12,Healthcare,79.81,7039439370,627414
2026-08-21,CGON,2027-12-31,-3.13055,-2.15727,-3.64227,11,80665628,10,Healthcare,79.81,7039439370,627414
2026-08-21,CHA,2028-12-31,10.61323,11.12031,9.84096,2,16901471270,2,Consumer Cyclical,10.81,2062151532,517414
2026-08-21,CHA,2027-12-31,9.83563,10.30556,9.11994,4,15736354597,6,Consumer Cyclical,10.81,2062151532,517414
2026-08-21,CHA,2026-12-31,8.90995,9.33565,8.26162,4,14193906741,6,Consumer Cyclical,10.81,2062151532,517414
2026-08-21,CHA,2025-12-31,9.39405,10.59479,8.1933,5,13093185447,5,Consumer Cyclical,10.81,2062151532,517414
2026-08-21,CHD,2030-12-31,4.82873,4.89571,4.77706,1,7323850722,4,Consumer Defensive,98.8,23410067200,1047009
2026-08-21,CHD,2029-12-31,4.64141,4.70579,4.59174,1,7045564823,4,Consumer Defensive,98.8,23410067200,1047009
2026-08-21,CHD,2028-12-31,4.34364,4.50856,4.19952,3,6755549123,9,Consumer Defensive,98.8,23410067200,1047009
2026-08-21,CHD,2027-12-31,4.0489,4.16976,3.89782,10,6497472677,12,Consumer Defensive,98.8,23410067200,1047009
2026-08-21,CHDN,2028-12-31,8.16956,8.47907,7.86005,2,3205959167,6,Consumer Cyclical,93.71,6531605742,906224
2026-08-21,CHDN,2027-12-31,7.38051,7.54495,7.23541,5,3115664258,8,Consumer Cyclical,93.71,6531605742,906224
2026-08-21,CHDN,2026-12-31,6.94516,7.12025,6.82843,5,3025435011,8,Consumer Cyclical,93.71,6531605742,906224
2026-08-21,CHDN,2025-12-31,5.92857,6.02279,5.86615,4,2920161900,6,Consumer Cyclical,93.71,6531605742,906224
2026-08-21,CHKP,2028-12-31,12.54892,14.08354,11.40754,8,3110468123,15,Technology,130.55,13329285550,671574
2026-08-21,CHKP,2027-12-31,11.28473,11.69418,10.70551,23,2959600330,28,Technology,130.55,13329285550,671574
2026-08-21,CHKP,2026-12-31,10.44395,10.62385,10.10415,23,2801847314,27,Technology,130.55,13329285550,671574
2026-08-21,CHKP,2025-12-31,11.26669,11.29665,11.23673,24,2726734509,23,Technology,130.55,13329285550,671574
2026-08-21,CHRD,2030-12-31,11.72,13.9599,9.77474,2,5629000000,3,Energy,147.85,8323836720,565463
2026-08-21,CHRD,2029-12-31,12.52667,14.92074,10.44752,3,5671500000,4,Energy,147.85,8323836720,565463
2026-08-21,CHRD,2028-12-31,14.78557,17.737,8.61186,6,5760446573,6,Energy,147.85,8323836720,565463
2026-08-21,CHRD,2027-12-31,13.28856,16.45904,10.89639,8,5516586079,5,Energy,147.85,8323836720,565463
2026-08-21,CHRW,2030-12-31,8.34,9.01081,7.76117,1,20232500000,5,Industrials,141.63,16694358938,989414
2026-08-21,CHRW,2029-12-31,8.145,8.80013,7.57971,1,20005000000,5,Industrials,141.63,16694358938,989414
2026-08-21,CHRW,2028-12-31,8.27825,8.91486,7.29485,3,20358937092,11,Industrials,141.63,16694358938,989414
2026-08-21,CHRW,2027-12-31,7.50561,8.06802,6.20696,15,19608357039,17,Industrials,141.63,16694358938,989414
2026-08-21,CHTR,2030-12-31,64.99488,65.91013,63.93134,5,54605911915,6,Communication Services,150.17,20239534772,1804260
2026-08-21,CHTR,2029-12-31,56.88505,57.68609,55.95422,9,54335442489,11,Communication Services,150.17,20239534772,1804260
2026-08-21,CHTR,2028-12-31,51.72563,70.40828,34.60881,12,53863175901,13,Communication Services,150.17,20239534772,1804260
2026-08-21,CHTR,2027-12-31,45.06553,49.91626,41.15073,14,53766214503,13,Communication Services,150.17,20239534772,1804260
2026-08-21,CHWY,2031-02-01,1.6,1.62458,1.57642,3,17632266667,5,Consumer Cyclical,24.02,9947170399,5244955
2026-08-21,CHWY,2030-02-01,1.42667,1.44859,1.40565,4,16460974999,5,Consumer Cyclical,24.02,9947170399,5244955
2026-08-21,CHWY,2029-02-01,1.24503,1.39244,1.0419,7,15426192727,11,Consumer Cyclical,24.02,9947170399,5244955
2026-08-21,CHWY,2028-02-01,1.07652,1.14019,0.99549,15,14432794430,19,Consumer Cyclical,24.02,9947170399,5244955
2026-08-21,CHYM,2030-12-31,3.1401,3.24321,3.03862,4,4864103100,12,Technology,32.78,12489806983,5926281
2026-08-21,CHYM,2029-12-31,1.78568,1.84431,1.72797,4,4559318452,8,Technology,32.78,12489806983,5926281
2026-08-21,CHYM,2028-12-31,1.20305,1.65197,0.84885,11,3871118394,14,Technology,32.78,12489806983,5926281
2026-08-21,CHYM,2027-12-31,0.84284,1.2551,0.64129,13,3290414739,16,Technology,32.78,12489806983,5926281
2026-08-21,CI,2030-12-31,46.36,47.65697,44.76273,4,358207000000,12,Healthcare,277.51,73329377270,1074451
2026-08-21,CI,2029-12-31,41.442,42.60139,40.01417,4,339937557050,8,Healthcare,277.51,73329377270,1074451
2026-08-21,CI,2028-12-31,37.08715,40.23337,30.46037,10,316570255577,14,Healthcare,277.51,73329377270,1074451
2026-08-21,CI,2027-12-31,33.46895,33.90986,32.48693,15,299614848410,12,Healthcare,277.51,73329377270,1074451
2026-08-21,CIEN,2029-11-01,20.19,22.51609,18.64558,1,13113171883,7,Technology,395.79,56025230998,1234520
2026-08-21,CIEN,2028-11-01,14.28294,17.02624,10.35669,5,10221349128,13,Technology,395.79,56025230998,1234520
2026-08-21,CIEN,2027-11-01,9.68066,11.44905,7.66975,12,8029108747,14,Technology,395.79,56025230998,1234520
2026-08-21,CIEN,2026-11-01,6.53995,6.71047,6.45971,12,6329581397,13,Technology,395.79,56025230998,1234520
2026-08-21,CIFR,2030-12-31,0.83,0.98501,0.69544,1,1169000000,2,Technology,15.765,6448657485,54803411
2026-08-21,CIFR,2029-12-31,0.51275,0.60851,0.42963,1,1499924850,2,Technology,15.765,6448657485,54803411
2026-08-21,CIFR,2028-12-31,0.073002,0.20143,-0.01622657,3,953299659,5,Technology,15.765,6448657485,54803411
2026-08-21,CIFR,2027-12-31,-0.28633,-0.13563,-0.55759,5,800496459,10,Technology,15.765,6448657485,54803411
2026-08-21,CIM,2028-12-31,1.9,1.98247,1.82494,1,407051376,1,Real Estate,11.52,963601920,530794
2026-08-21,CIM,2027-12-31,2.0875,2.19,1.9,4,303300000,4,Real Estate,11.52,963601920,530794
2026-08-21,CIM,2026-12-31,1.99,2.02794,1.96586,3,306150000,3,Real Estate,11.52,963601920,530794
2026-08-21,CIM,2025-12-31,1.77229,1.84922,1.70227,3,339077620,2,Real Estate,11.52,963601920,530794
2026-08-21,CL,2030-12-31,4.78959,4.86718,4.67578,2,24182111642,6,Consumer Defensive,91.08,72881214120,2570422
2026-08-21,CL,2029-12-31,4.61074,4.68543,4.50118,3,23533802744,11,Consumer Defensive,91.08,72881214120,2570422
2026-08-21,CL,2028-12-31,4.40314,4.75194,3.61601,6,22902737616,13,Consumer Defensive,91.08,72881214120,2570422
2026-08-21,CL,2027-12-31,4.10866,4.27018,4.0279,12,22098867588,15,Consumer Defensive,91.08,72881214120,2570422
2026-08-21,CLBK,2028-12-31,0.41818,0.42921,0.40881,1,610709000,1,Financial Services,11.79,2634296080,2947006
2026-08-21,CLBK,2027-12-31,0.35,0.35455,0.34091,2,560809500,2,Financial Services,11.79,2634296080,2947006
2026-08-21,CLBK,2026-12-31,0.27879,0.29297,0.25989,2,408270500,2,Financial Services,11.79,2634296080,2947006
2026-08-21,CLBK,2025-12-31,0.22727,0.23182,0.21818,1,255350000,1,Financial Services,11.79,2634296080,2947006
2026-08-21,CLBT,2029-12-31,0.91,0.92208,0.89472,1,864700000,1,Technology,11.05,2756309978,3811802
2026-08-21,CLBT,2028-12-31,0.55093,0.55579,0.54608,2,742846332,2,Technology,11.05,2756309978,3811802
2026-08-21,CLBT,2027-12-31,0.37495,0.39638,0.34817,5,640922120,6,Technology,11.05,2756309978,3811802
2026-08-21,CLBT,2026-12-31,0.27593,0.28544,0.26166,5,556648411,6,Technology,11.05,2756309978,3811802
2026-08-21,CLDX,2030-12-31,3.615,8.69328,0.30651,4,886682000,5,Healthcare,40.38,2686823055,791609
2026-08-21,CLDX,2029-12-31,-0.2625,-0.0222571,-0.63126,4,450475512,5,Healthcare,40.38,2686823055,791609
2026-08-21,CLDX,2028-12-31,-3.24587,-1.20621,-4.86251,10,117600104,10,Healthcare,40.38,2686823055,791609
2026-08-21,CLDX,2027-12-31,-4.16117,-3.47604,-4.64479,9,11004099,9,Healthcare,40.38,2686823055,791609
2026-08-21,CLF,2029-12-31,0.8944,0.92798,0.83932,1,22216341908,4,Basic Materials,11.27,6429985800,18100816
2026-08-21,CLF,2028-12-31,0.76606,1.20712,0.43333,4,21976402083,6,Basic Materials,11.27,6429985800,18100816
2026-08-21,CLF,2027-12-31,0.63013,0.8428,0.31507,7,21988118783,9,Basic Materials,11.27,6429985800,18100816
2026-08-21,CLF,2026-12-31,-0.19637,0.098185,-0.54002,5,21429769768,8,Basic Materials,11.27,6429985800,18100816
2026-08-21,CLMT,2030-12-31,3.57,4.2447,3.041,1,5941300000,2,Basic Materials,49.01,4271081674,872433
2026-08-21,CLMT,2029-12-31,2.48,2.9487,2.11252,1,5663600000,2,Basic Materials,49.01,4271081674,872433
2026-08-21,CLMT,2028-12-31,1.14332,1.3594,0.9739,1,5444501661,1,Basic Materials,49.01,4271081674,872433
2026-08-21,CLMT,2027-12-31,1.4916,3.02003,0.54324,2,4842081882,4,Basic Materials,49.01,4271081674,872433
2026-08-21,CLPT,2029-12-31,-0.82,-0.80592,-0.835,1,78000000,1,Healthcare,15.39,461539944,551712
2026-08-21,CLPT,2028-12-31,-0.98,-0.96317,-0.99793,1,66000000,1,Healthcare,15.39,461539944,551712
2026-08-21,CLPT,2027-12-31,-1.10667,-0.98019,-1.22261,2,57066667,2,Healthcare,15.39,461539944,551712
2026-08-21,CLPT,2026-12-31,-1.32333,-1.25152,-1.39514,2,48900000,2,Healthcare,15.39,461539944,551712
2026-08-21,CLS,2029-12-31,33.19456,37.42449,29.13124,1,59960329593,5,Technology,296.55,34097912100,1357421
2026-08-21,CLS,2028-12-31,26.73015,28.16643,25.41553,5,47487165282,11,Technology,296.55,34097912100,1357421
2026-08-21,CLS,2027-12-31,19.82378,22.72761,15.21652,11,35880679229,12,Technology,296.55,34097912100,1357421
2026-08-21,CLS,2026-12-31,11.43127,12.04517,10.77503,10,20908143191,11,Technology,296.55,34097912100,1357421
2026-08-21,CLSK,2029-09-30,17.5231,25.51048,13.23312,2,1030648100,3,Financial Services,11.98,3074171100,28020902
2026-08-21,CLSK,2028-09-30,-1.00408,0.02165241,-1.92706,6,783856544,7,Financial Services,11.98,3074171100,28020902
2026-08-21,CLSK,2027-09-30,-1.48851,-0.63027,-1.99809,5,657194429,10,Financial Services,11.98,3074171100,28020902
2026-08-21,CLSK,2026-09-30,-3.58881,-3.22722,-3.79673,4,603230957,10,Financial Services,11.98,3074171100,28020902
2026-08-21,CLX,2030-06-30,6.93946,7.02342,6.8281,1,8297471369,5,Consumer Defensive,106.69,12901061490,2151188
2026-08-21,CLX,2029-06-30,6.64326,7.12023,6.3601,3,8056812476,8,Consumer Defensive,106.69,12901061490,2151188
2026-08-21,CLX,2028-06-30,6.27207,7.45177,5.97715,10,7814475068,12,Consumer Defensive,106.69,12901061490,2151188
2026-08-21,CLX,2027-06-30,5.80572,6.30109,5.69674,11,7634273272,12,Consumer Defensive,106.69,12901061490,2151188
2026-08-21,CLYM,2030-12-31,-2.051,-2.051,-2.051,4,48783143,6,Healthcare,17.28,989504640,946447
2026-08-21,CLYM,2029-12-31,-1.8,-1.8,-1.8,4,4851857,10,Healthcare,17.28,989504640,946447
2026-08-21,CLYM,2028-12-31,-1.38083,-0.8801,-2.58097,11,1071429,12,Healthcare,17.28,989504640,946447
2026-08-21,CLYM,2027-12-31,-1.00287,-0.84354,-1.34966,10,833333,14,Healthcare,17.28,989504640,946447
2026-08-21,CM,2029-10-31,11.47725,11.81934,11.20306,1,30994681378,2,Financial Services,116.49,107940915390,621748
2026-08-21,CM,2028-10-31,12.41929,12.67652,12.16206,2,36689721349,3,Financial Services,116.49,107940915390,621748
2026-08-21,CM,2027-10-31,11.38873,11.53216,11.25963,7,34236128467,6,Financial Services,116.49,107940915390,621748
2026-08-21,CM,2026-10-31,10.51111,10.64017,10.38206,7,33195644979,6,Financial Services,116.49,107940915390,621748
2026-08-21,CMBT,2029-12-31,1.34592,1.52696,1.2383,1,1787604876,2,Industrials,18.05,5237564132,1127464
2026-08-21,CMBT,2028-12-31,1.81535,2.81253,0.45093,5,2136423217,4,Industrials,18.05,5237564132,1127464
2026-08-21,CMBT,2027-12-31,1.76885,2.35454,1.08309,4,2082066696,5,Industrials,18.05,5237564132,1127464
2026-08-21,CMBT,2026-12-31,2.48197,3.71483,1.95029,4,2196303375,5,Industrials,18.05,5237564132,1127464
2026-08-21,CMC,2029-08-31,5.69,5.97009,5.45823,1,7783058933,2,Basic Materials,66.31,7335497532,1175514
2026-08-21,CMC,2028-08-31,6.81855,7.6054,6.38806,3,10197973937,5,Basic Materials,66.31,7335497532,1175514
2026-08-21,CMC,2027-08-31,7.19532,7.70927,6.1773,7,10043261045,8,Basic Materials,66.31,7335497532,1175514
2026-08-21,CMC,2026-08-31,6.38858,6.62911,6.02297,7,9289277259,8,Basic Materials,66.31,7335497532,1175514
2026-08-21,CMCSA,2030-12-31,4.93857,5.05273,4.84188,4,125266654562,7,Communication Services,26.85,95280893059,20305978
2026-08-21,CMCSA,2029-12-31,4.3375,4.43776,4.25258,4,121340756927,10,Communication Services,26.85,95280893059,20305978
2026-08-21,CMCSA,2028-12-31,3.90295,4.34588,3.47689,10,121622525666,15,Communication Services,26.85,95280893059,20305978
2026-08-21,CMCSA,2027-12-31,3.61824,4.14774,3.3731,14,118653404435,17,Communication Services,26.85,95280893059,20305978
2026-08-21,CME,2030-12-31,16.05,16.77679,15.2608,1,8730000000,5,Financial Services,274.98,98877110139,1682604
2026-08-21,CME,2029-12-31,14.94936,15.62631,14.21428,1,8473099839,3,Financial Services,274.98,98877110139,1682604
2026-08-21,CME,2028-12-31,13.88367,14.27548,13.20482,4,7866234084,7,Financial Services,274.98,98877110139,1682604
2026-08-21,CME,2027-12-31,12.92903,13.35227,12.1934,10,7385921702,11,Financial Services,274.98,98877110139,1682604
2026-08-21,CMG,2030-12-31,2.2,2.28203,2.1459,2,19509000000,12,Consumer Cyclical,36.9,47332737000,20409883
2026-08-21,CMG,2029-12-31,1.95424,2.02711,1.90618,3,18270000000,8,Consumer Cyclical,36.9,47332737000,20409883
2026-08-21,CMG,2028-12-31,1.58351,1.63019,1.54018,6,15893441853,14,Consumer Cyclical,36.9,47332737000,20409883
2026-08-21,CMG,2027-12-31,1.3707,1.46141,1.29007,21,14427389203,26,Consumer Cyclical,36.9,47332737000,20409883
2026-08-21,CMI,2028-12-31,40.6464,43.80123,30.4562,10,44207357206,13,Industrials,587.68,81093375520,762980
2026-08-21,CMI,2027-12-31,34.66038,37.19602,32.9633,11,41006473549,14,Industrials,587.68,81093375520,762980
2026-08-21,CMI,2026-12-31,29.63661,30.49651,28.99668,10,37624066954,13,Industrials,587.68,81093375520,762980
2026-08-21,CMI,2025-12-31,22.79332,23.02942,22.48836,7,33261087532,12,Industrials,587.68,81093375520,762980
2026-08-21,CMPS,2030-12-31,1.417,4.05855,0.23601,4,761352150,6,Healthcare,13.33,1798527522,1934081
2026-08-21,CMPS,2029-12-31,0.006,0.01718509,0.000999330488,4,458040483,10,Healthcare,13.33,1798527522,1934081
2026-08-21,CMPS,2028-12-31,-1.16636,0.15866,-3.28945,11,197901809,12,Healthcare,13.33,1798527522,1934081
2026-08-21,CMPS,2027-12-31,-1.66375,-0.88971,-2.93603,8,41564538,12,Healthcare,13.33,1798527522,1934081
2026-08-21,CMS,2030-12-31,5.23811,5.54116,4.89926,1,10406879006,4,Utilities,68.27,21407901790,2376787
2026-08-21,CMS,2029-12-31,4.83842,5.11835,4.52543,1,10118854227,4,Utilities,68.27,21407901790,2376787
2026-08-21,CMS,2028-12-31,4.48658,4.51929,4.44884,4,9799097372,9,Utilities,68.27,21407901790,2376787
2026-08-21,CMS,2027-12-31,4.15926,4.18925,4.12927,10,9357855895,8,Utilities,68.27,21407901790,2376787
2026-08-21,CNC,2030-12-31,9.055,9.33908,8.78749,1,216886000000,6,Healthcare,65.02,32119554900,2171197
2026-08-21,CNC,2029-12-31,8.14937,8.40504,7.90862,1,207120023567,10,Healthcare,65.02,32119554900,2171197
2026-08-21,CNC,2028-12-31,6.48044,7.14329,6.02257,5,200036672896,12,Healthcare,65.02,32119554900,2171197
2026-08-21,CNC,2027-12-31,5.26443,6.15004,4.92003,12,193472138005,12,Healthcare,65.02,32119554900,2171197
2026-08-21,CNH,2030-12-31,0.76,0.7809,0.72976,5,20374000000,5,Industrials,11.87,14718212874,23938645
2026-08-21,CNH,2029-12-31,0.74,0.76035,0.71056,10,19760000000,3,Industrials,11.87,14718212874,23938645
2026-08-21,CNH,2028-12-31,0.94252,0.96844,0.90502,8,20169466168,3,Industrials,11.87,14718212874,23938645
2026-08-21,CNH,2027-12-31,0.64887,1.01263,0.53089,13,18868124947,7,Industrials,11.87,14718212874,23938645
2026-08-21,CNI,2030-12-31,11.52879,11.90973,11.21068,14,23152356654,8,Industrials,129.84,78540216000,880291
2026-08-21,CNI,2029-12-31,11.25271,11.62453,10.94221,8,22279243784,13,Industrials,129.84,78540216000,880291
2026-08-21,CNI,2028-12-31,10.26548,10.60468,9.98222,9,20981091585,8,Industrials,129.84,78540216000,880291
2026-08-21,CNI,2027-12-31,9.26154,9.55233,9.05799,19,19851687929,17,Industrials,129.84,78540216000,880291
2026-08-21,CNK,2030-12-31,3.34161,3.50973,3.22479,4,4293743939,6,Communication Services,36.6,4242379200,2169769
2026-08-21,CNK,2029-12-31,3.11505,3.27177,3.00615,2,4128684653,6,Communication Services,36.6,4242379200,2169769
2026-08-21,CNK,2028-12-31,2.79355,3.27666,2.34451,7,3807054415,8,Communication Services,36.6,4242379200,2169769
2026-08-21,CNK,2027-12-31,2.59243,2.99202,2.38776,8,3662750339,9,Communication Services,36.6,4242379200,2169769
2026-08-21,CNM,2029-02-01,3.9257,4.12022,3.58567,6,8641170883,8,Industrials,44.88,8401214255,1098704
2026-08-21,CNM,2028-02-01,3.49544,3.55502,3.44579,6,8205675144,10,Industrials,44.88,8401214255,1098704
2026-08-21,CNM,2027-02-01,3.13591,3.16578,3.10604,6,7840569154,9,Industrials,44.88,8401214255,1098704
2026-08-21,CNM,2026-02-01,2.28609,2.29389,2.27829,4,7655078484,8,Industrials,44.88,8401214255,1098704
2026-08-21,CNO,2029-12-31,6.3,6.3,6.3,1,4602502900,1,Financial Services,53.52,4996011720,576750
2026-08-21,CNO,2028-12-31,5.58043,5.58043,5.58043,1,4351300000,1,Financial Services,53.52,4996011720,576750
2026-08-21,CNO,2027-12-31,5.07061,5.1617,4.9694,2,4202300000,1,Financial Services,53.52,4996011720,576750
2026-08-21,CNO,2026-12-31,4.74645,4.75646,4.72642,2,4068450000,1,Financial Services,53.52,4996011720,576750
2026-08-21,CNP,2030-12-31,2.6929,3.08944,2.42143,2,12072695670,5,Utilities,38.77,25538574400,7818127
2026-08-21,CNP,2029-12-31,2.47351,2.83775,2.22415,3,11525102870,5,Utilities,38.77,25538574400,7818127
2026-08-21,CNP,2028-12-31,2.27635,2.36075,2.22778,6,10850850524,11,Utilities,38.77,25538574400,7818127
2026-08-21,CNP,2027-12-31,2.0855,2.10555,2.02534,11,10332074351,9,Utilities,38.77,25538574400,7818127
2026-08-21,CNQ,2030-12-31,3.83682,4.13834,3.54168,4,33821002600,2,Energy,51.4,107205494000,3778729
2026-08-21,CNQ,2029-12-31,3.70803,3.99943,3.4228,2,35309135400,2,Energy,51.4,107205494000,3778729
2026-08-21,CNQ,2028-12-31,3.66676,4.70416,2.12575,7,32384365721,5,Energy,51.4,107205494000,3778729
2026-08-21,CNQ,2027-12-31,3.65817,4.08066,3.47269,8,33112614485,5,Energy,51.4,107205494000,3778729
2026-08-21,CNX,2030-12-31,5.2,5.54693,4.90116,1,2534000000,2,Energy,36.36,5379230350,676708
2026-08-21,CNX,2029-12-31,4.455,4.75222,4.19897,1,2535000000,1,Energy,36.36,5379230350,676708
2026-08-21,CNX,2028-12-31,5.05857,6.71014,3.73939,3,2329237620,3,Energy,36.36,5379230350,676708
2026-08-21,CNX,2027-12-31,4.1449,5.32335,3.68774,6,2186641176,4,Energy,36.36,5379230350,676708
2026-08-21,CNXC,2029-11-30,15.18869,15.25719,15.12505,1,10858223349,1,Technology,25.4,1549864820,1010134
2026-08-21,CNXC,2028-11-30,15.32249,15.3916,15.25829,1,10793172082,1,Technology,25.4,1549864820,1010134
2026-08-21,CNXC,2027-11-30,11.575,11.6741,11.46599,2,10083604149,2,Technology,25.4,1549864820,1010134
2026-08-21,CNXC,2026-11-30,10.97,10.98996,10.95004,2,9957572667,2,Technology,25.4,1549864820,1010134
2026-08-21,COCO,2030-12-31,3.09,3.24473,2.96552,1,1240000000,2,Consumer Defensive,63.35,3636105208,575568
2026-08-21,COCO,2029-12-31,2.8,2.94021,2.68721,1,1132000000,2,Consumer Defensive,63.35,3636105208,575568
2026-08-21,COCO,2028-12-31,2.468,2.55,2.37,5,1093580632,5,Consumer Defensive,63.35,3636105208,575568
2026-08-21,COCO,2027-12-31,2.21455,2.4682,1.92188,5,962405279,7,Consumer Defensive,63.35,3636105208,575568
2026-08-21,CODI,2027-12-31,0.554,1.04044,0.25673,3,1745453400,5,Industrials,11.68,878756083,522098
2026-08-21,CODI,2026-12-31,0.028,0.03481081,0.01589189,3,1685211833,5,Industrials,11.68,878756083,522098
2026-08-21,CODI,2025-12-31,-3.75,-3.64583,-3.85511,1,1867533333,3,Industrials,11.68,878756083,522098
2026-08-21,CODI,2024-12-31,2.18958,2.28911,2.13982,5,2274271825,7,Industrials,11.68,878756083,522098
2026-08-21,COF,2029-12-31,39.16846,40.48761,38.13953,3,78638148872,10,Financial Services,217.91,133684516350,2885769
2026-08-21,COF,2028-12-31,27.7676,30.02161,25.49523,9,71691824995,12,Financial Services,217.91,133684516350,2885769
2026-08-21,COF,2027-12-31,23.86927,24.88626,22.68279,14,67836745908,15,Financial Services,217.91,133684516350,2885769
2026-08-21,COF,2026-12-31,20.43543,20.82823,19.99228,14,63977453088,11,Financial Services,217.91,133684516350,2885769
2026-08-21,COGT,2030-12-31,4.485,6.89618,0.78938,4,1800220833,6,Healthcare,36.73,6275981640,2363805
2026-08-21,COGT,2029-12-31,2.92719,4.50088,0.5152,2,1361099429,6,Healthcare,36.73,6275981640,2363805
2026-08-21,COGT,2028-12-31,1.02078,2.83642,-0.23823,7,809130484,8,Healthcare,36.73,6275981640,2363805
2026-08-21,COGT,2027-12-31,-0.9709,-0.33869,-1.37732,7,310294736,9,Healthcare,36.73,6275981640,2363805
2026-08-21,COHR,2029-06-30,18.52743,22.55586,16.51598,1,19150943483,5,Technology,289.52,56641496216,5443729
2026-08-21,COHR,2028-06-30,14.05331,16.72271,12.19408,9,14577090118,13,Technology,289.52,56641496216,5443729
2026-08-21,COHR,2027-06-30,9.43667,11.14447,8.0354,12,10601037730,16,Technology,289.52,56641496216,5443729
2026-08-21,COHR,2026-06-30,5.47694,5.57707,5.41686,11,7073879729,16,Technology,289.52,56641496216,5443729
2026-08-21,COHU,2028-12-27,2.555,3.18658,1.98085,3,887409833,5,Technology,54.37,2564921061,715595
2026-08-21,COHU,2027-12-27,1.84625,2.18775,1.54743,5,769802250,6,Technology,54.37,2564921061,715595
2026-08-21,COHU,2026-12-27,0.95,1.1067,0.7933,5,612467125,6,Technology,54.37,2564921061,715595
2026-08-21,COHU,2025-12-27,0.00072,0.00075228955,0.000681791908,4,452800000,3,Technology,54.37,2564921061,715595
2026-08-21,COIN,2030-12-31,1.25,1.90703,1.02729,5,5171000000,6,Financial Services,186.49,49202426531,22495437
2026-08-21,COIN,2029-12-31,7.34141,11.20026,6.03341,5,8350515713,10,Financial Services,186.49,49202426531,22495437
2026-08-21,COIN,2028-12-31,4.88759,7.56842,1.82913,8,7521000161,12,Financial Services,186.49,49202426531,22495437
2026-08-21,COIN,2027-12-31,2.57582,4.79289,0.61705,21,6595908313,21,Financial Services,186.49,49202426531,22495437
2026-08-21,COLB,2028-12-31,3.42886,3.58808,3.33974,3,2842215629,2,Financial Services,30.81,8713591770,1896708
2026-08-21,COLB,2027-12-31,3.28069,3.34107,3.18006,10,2805517151,6,Financial Services,30.81,8713591770,1896708
2026-08-21,COLB,2026-12-31,3.02978,3.05978,2.98978,10,2739343923,6,Financial Services,30.81,8713591770,1896708
2026-08-21,COLB,2025-12-31,2.94355,2.97279,2.90456,7,2274830179,4,Financial Services,30.81,8713591770,1896708
2026-08-21,COLD,2030-12-31,0.36,0.38282,0.33657,1,3014150000,2,Real Estate,15.25,4350916500,1711384
2026-08-21,COLD,2029-12-31,0.29,0.30838,0.27113,1,2862100000,2,Real Estate,15.25,4350916500,1711384
2026-08-21,COLD,2028-12-31,0.071163,0.4957,-0.47587,3,2671192975,4,Real Estate,15.25,4350916500,1711384
2026-08-21,COLD,2027-12-31,0.098825,0.10251,0.095875,4,2518026633,6,Real Estate,15.25,4350916500,1711384
2026-08-21,COLL,2030-12-31,10.085,10.70714,9.31604,1,911400000,2,Healthcare,27.11,879279749,678280
2026-08-21,COLL,2029-12-31,9.885,10.4948,9.13129,1,884600000,1,Healthcare,27.11,879279749,678280
2026-08-21,COLL,2028-12-31,5.825,6.18434,5.38086,1,820166667,3,Healthcare,27.11,879279749,678280
2026-08-21,COLL,2027-12-31,6.76575,8.33507,5.15486,2,828100000,3,Healthcare,27.11,879279749,678280
2026-08-21,COLM,2029-12-31,4.03,4.09266,3.96214,1,3826000000,1,Consumer Cyclical,60.33,3085324464,604000
2026-08-21,COLM,2028-12-31,4.35861,4.83,3.74584,3,3670107174,3,Consumer Cyclical,60.33,3085324464,604000
2026-08-21,COLM,2027-12-31,4.19076,4.3666,4.054,6,3572580906,7,Consumer Cyclical,60.33,3085324464,604000
2026-08-21,COLM,2026-12-31,4.55677,4.68026,4.42093,5,3462576442,7,Consumer Cyclical,60.33,3085324464,604000
2026-08-21,COMP,2030-12-31,1.18,1.22551,1.14689,1,19969000000,2,Real Estate,11.75,7146146737,5938347
2026-08-21,COMP,2029-12-31,0.88,0.91394,0.85531,1,18472000000,2,Real Estate,11.75,7146146737,5938347
2026-08-21,COMP,2028-12-31,0.51103,0.80919,0.35879,5,16758642210,5,Real Estate,11.75,7146146737,5938347
2026-08-21,COMP,2027-12-31,0.25733,0.34311,0.1787,5,15662323262,7,Real Estate,11.75,7146146737,5938347
2026-08-21,CON,2028-12-31,1.98223,1.99127,1.96612,1,2640491436,4,Healthcare,35,4478662300,586771
2026-08-21,CON,2027-12-31,1.83,1.89134,1.6562,5,2491161061,7,Healthcare,35,4478662300,586771
2026-08-21,CON,2026-12-31,1.63981,1.7218,1.52707,5,2347854609,7,Healthcare,35,4478662300,586771
2026-08-21,CON,2025-12-31,1.32106,1.32709,1.30089,2,2157488278,2,Healthcare,35,4478662300,586771
2026-08-21,COO,2029-10-31,5.79241,5.85522,5.74759,5,4992450627,5,Healthcare,76.22,14865262820,854910
2026-08-21,COO,2028-10-31,5.43072,6.16805,4.52575,8,4750826079,11,Healthcare,76.22,14865262820,854910
2026-08-21,COO,2027-10-31,5.00646,5.07669,4.9262,11,4514612245,13,Healthcare,76.22,14865262820,854910
2026-08-21,COO,2026-10-31,4.63143,4.67144,4.61142,11,4306763438,13,Healthcare,76.22,14865262820,854910
2026-08-21,COP,2030-12-31,11.825,12.69221,11.05376,2,74733500000,2,Energy,134.87,164311312724,8696467
2026-08-21,COP,2029-12-31,9.9648,10.69559,9.31489,3,72083500000,2,Energy,134.87,164311312724,8696467
2026-08-21,COP,2028-12-31,9.77018,10.90409,8.25698,6,66929732487,4,Energy,134.87,164311312724,8696467
2026-08-21,COP,2027-12-31,9.02262,10.07409,8.0813,11,65727538329,5,Energy,134.87,164311312724,8696467
2026-08-21,COR,2030-09-30,31.74,32.83602,30.95357,1,382997300000,5,Healthcare,318.04,61878199522,622908
2026-08-21,COR,2029-09-30,25.735,26.62366,25.09736,1,389070900000,3,Healthcare,318.04,61878199522,622908
2026-08-21,COR,2028-09-30,21.96459,24.50642,19.87291,3,371418815120,7,Healthcare,318.04,61878199522,622908
2026-08-21,COR,2027-09-30,19.80486,20.11541,19.47428,7,353247433749,8,Healthcare,318.04,61878199522,622908
2026-08-21,CORT,2030-12-31,12.2025,14.53808,10.69581,1,3121066750,2,Healthcare,122.25,13214980500,639354
2026-08-21,CORT,2029-12-31,8.5375,10.17159,7.48334,1,2489109000,2,Healthcare,122.25,13214980500,639354
2026-08-21,CORT,2028-12-31,7.115,11.63,3.72,4,2181914000,4,Healthcare,122.25,13214980500,639354
2026-08-21,CORT,2027-12-31,4.2907,5.31105,1.63518,4,1587326920,3,Healthcare,122.25,13214980500,639354
2026-08-21,CORZ,2030-12-31,1.6,2.13914,1.31642,5,4350400000,4,Technology,17.81,5723073254,12880828
2026-08-21,CORZ,2029-12-31,-0.38727,-0.31863,-0.51777,5,2567014250,4,Technology,17.81,5723073254,12880828
2026-08-21,CORZ,2028-12-31,0.77234,2.64042,-2.40842,8,1740412825,9,Technology,17.81,5723073254,12880828
2026-08-21,CORZ,2027-12-31,0.29522,0.69144,0.08545842,7,1155529967,11,Technology,17.81,5723073254,12880828
2026-08-21,COST,2030-08-31,28.49,29.26858,27.57572,9,394416500000,10,Consumer Defensive,947.74,420302787460,2179871
2026-08-21,COST,2029-08-31,27.24187,27.98634,26.36764,9,374594784938,10,Consumer Defensive,947.74,420302787460,2179871
2026-08-21,COST,2028-08-31,24.99208,26.91565,23.73094,21,350674499901,21,Consumer Defensive,947.74,420302787460,2179871
2026-08-21,COST,2027-08-31,22.69305,23.45923,21.87646,27,326742200419,25,Consumer Defensive,947.74,420302787460,2179871
2026-08-21,CP,2030-12-31,8.28342,8.5326,8.01946,1,21104168463,14,Industrials,96.69,84998170169,1720930
2026-08-21,CP,2029-12-31,7.92018,8.15844,7.6678,1,20725996217,14,Industrials,96.69,84998170169,1720930
2026-08-21,CP,2028-12-31,7.03505,7.37083,6.73749,4,19112192997,16,Industrials,96.69,84998170169,1720930
2026-08-21,CP,2027-12-31,6.16938,6.49937,6.0546,16,17839103030,19,Industrials,96.69,84998170169,1720930
2026-08-21,CPB,2030-08-03,2.08719,2.3651,1.99196,1,9780931094,1,Consumer Defensive,23.95,7142033700,4955592
2026-08-21,CPB,2029-08-03,2.12396,2.40677,2.02705,1,9757134873,2,Consumer Defensive,23.95,7142033700,4955592
2026-08-21,CPB,2028-08-03,2.00113,2.8857,1.55602,5,9698177078,11,Consumer Defensive,23.95,7142033700,4955592
2026-08-21,CPB,2027-08-03,1.87862,2.36496,1.57346,12,9665097687,14,Consumer Defensive,23.95,7142033700,4955592
2026-08-21,CPNG,2029-12-31,0.55,0.58546,0.5239,7,48354000000,8,Consumer Cyclical,16.45,29569067251,10794544
2026-08-21,CPNG,2028-12-31,0.69771,1.13575,0.30728,14,47096229465,14,Consumer Cyclical,16.45,29569067251,10794544
2026-08-21,CPNG,2027-12-31,0.31655,0.42508,0.18993,8,42024246533,12,Consumer Cyclical,16.45,29569067251,10794544
2026-08-21,CPNG,2026-12-31,-0.47939,-0.27754,-0.60555,6,36997061359,12,Consumer Cyclical,16.45,29569067251,10794544
2026-08-21,CPRI,2029-03-28,2.68407,3.40911,1.95904,2,3569483784,5,Consumer Cyclical,13.65,1566966847,2613269
2026-08-21,CPRI,2028-03-28,2.5148,2.7219,2.24853,8,3488376301,11,Consumer Cyclical,13.65,1566966847,2613269
2026-08-21,CPRI,2027-03-28,2.12455,2.16483,1.96345,8,3401717604,10,Consumer Cyclical,13.65,1566966847,2613269
2026-08-21,CPRI,2026-03-28,1.40502,1.43534,1.33426,10,3478764402,9,Consumer Cyclical,13.65,1566966847,2613269
2026-08-21,CPRT,2030-07-31,2.19,2.30453,2.07783,1,5474600000,1,Industrials,33.8,31292428092,10776833
2026-08-21,CPRT,2029-07-31,2.02,2.07654,1.96346,2,5304100000,2,Industrials,33.8,31292428092,10776833
2026-08-21,CPRT,2028-07-31,1.85,1.91393,1.78872,4,5115650000,4,Industrials,33.8,31292428092,10776833
2026-08-21,CPRT,2027-07-31,1.67931,1.71978,1.56803,9,4826705777,9,Industrials,33.8,31292428092,10776833
2026-08-21,CPT,2030-12-31,0,0,0,0,1799055000,1,Real Estate,107.59,10814946800,832109
2026-08-21,CPT,2029-12-31,2.19,2.2456,2.12604,1,1700830000,1,Real Estate,107.59,10814946800,832109
2026-08-21,CPT,2028-12-31,1.46174,1.54747,1.376,2,1632957001,2,Real Estate,107.59,10814946800,832109
2026-08-21,CPT,2027-12-31,1.15978,1.17327,1.13787,4,1558102622,6,Real Estate,107.59,10814946800,832109
2026-08-21,CRBG,2029-12-31,7.6,8.25312,6.87867,3,24887000000,4,Financial Services,31.95,14242307409,2302630
2026-08-21,CRBG,2028-12-31,6.62102,7.00803,6.15888,6,22805500718,6,Financial Services,31.95,14242307409,2302630
2026-08-21,CRBG,2027-12-31,5.76118,5.86137,5.48064,10,21827546061,6,Financial Services,31.95,14242307409,2302630
2026-08-21,CRBG,2026-12-31,4.54533,4.84176,4.30818,10,19715196031,5,Financial Services,31.95,14242307409,2302630
2026-08-21,CRC,2030-12-31,5.99,6.53611,5.48955,1,3885000000,2,Energy,53.24,4727440476,829530
2026-08-21,CRC,2029-12-31,5.5788,6.08742,5.11271,1,3956521350,2,Energy,53.24,4727440476,829530
2026-08-21,CRC,2028-12-31,6.72466,9.13969,5.05934,5,3999297513,4,Energy,53.24,4727440476,829530
2026-08-21,CRC,2027-12-31,3.87892,5.59259,2.63998,6,3660224800,4,Energy,53.24,4727440476,829530
2026-08-21,CRCL,2028-12-31,2.13791,3.2,1.14,13,4631415590,15,Financial Services,87.98,23516234378,24554257
2026-08-21,CRCL,2027-12-31,1.46,1.78,1.17,16,3790000000,20,Financial Services,87.98,23516234378,24554257
2026-08-21,CRCL,2026-12-31,1.04,1.24,0.76,17,3010000000,20,Financial Services,87.98,23516234378,24554257
2026-08-21,CRCL,2025-12-31,-0.89,-0.6,-1.4,10,2730000000,13,Financial Services,87.98,23516234378,24554257
2026-08-21,CRDO,2031-05-02,12.5,14.75239,10.57618,2,6000000000,2,Technology,230.57,42996208942,2631625
2026-08-21,CRDO,2030-05-02,10.85,12.80507,9.18012,1,5125000000,5,Technology,230.57,42996208942,2631625
2026-08-21,CRDO,2029-05-02,11.29202,13.44361,9.84637,4,4796328162,6,Technology,230.57,42996208942,2631625
2026-08-21,CRDO,2028-05-02,9.15162,10.66622,8.26632,11,3683763446,13,Technology,230.57,42996208942,2631625
2026-08-21,CRGY,2030-12-31,2.02,2.15156,1.88152,1,4375000000,2,Energy,14.06,4643691906,4536653
2026-08-21,CRGY,2029-12-31,1.81,1.92789,1.68592,1,4414000000,2,Energy,14.06,4643691906,4536653
2026-08-21,CRGY,2028-12-31,2.02148,2.58252,1.61246,4,4542942442,4,Energy,14.06,4643691906,4536653
2026-08-21,CRGY,2027-12-31,2.02549,2.7121,1.28739,7,4534170960,5,Energy,14.06,4643691906,4536653
2026-08-21,CRH,2030-12-31,10.145,10.63026,9.70912,5,51091000000,12,Basic Materials,95.07,63525793014,2648233
2026-08-21,CRH,2029-12-31,8.63261,9.04553,8.26171,9,48289102637,8,Basic Materials,95.07,63525793014,2648233
2026-08-21,CRH,2028-12-31,7.52384,8.43903,6.9221,12,44705685102,14,Basic Materials,95.07,63525793014,2648233
2026-08-21,CRH,2027-12-31,6.66115,6.85147,6.49086,12,42254054776,14,Basic Materials,95.07,63525793014,2648233
2026-08-21,CRI,2029-01-03,3.97267,4.2668,3.67853,2,3046194957,4,Consumer Cyclical,35.77,1318128077,996382
2026-08-21,CRI,2028-01-03,3.63555,3.86551,3.40559,4,3021075778,4,Consumer Cyclical,35.77,1318128077,996382
2026-08-21,CRI,2027-01-03,3.26081,3.27126,3.23991,4,2975165161,4,Consumer Cyclical,35.77,1318128077,996382
2026-08-21,CRI,2026-01-03,3.31089,3.33114,3.28051,4,2895405279,3,Consumer Cyclical,35.77,1318128077,996382
2026-08-21,CRK,2030-12-31,1.59,1.99068,1.29078,1,2985000000,3,Energy,14.22,4176357120,2247320
2026-08-21,CRK,2029-12-31,1.745,2.18474,1.41661,1,2844000000,4,Energy,14.22,4176357120,2247320
2026-08-21,CRK,2028-12-31,1.24866,2.18824,0.57947,3,2551099138,6,Energy,14.22,4176357120,2247320
2026-08-21,CRK,2027-12-31,0.64897,0.94303,-0.05070078,5,2311661878,6,Energy,14.22,4176357120,2247320
2026-08-21,CRL,2030-12-27,16.46,16.83785,16.14634,1,4700793000,6,Healthcare,295.19,14218623363,757758
2026-08-21,CRL,2029-12-27,16.04177,16.41002,15.73608,1,4491668672,6,Healthcare,295.19,14218623363,757758
2026-08-21,CRL,2028-12-27,14.15283,17.8512,8.81657,5,4178700264,10,Healthcare,295.19,14218623363,757758
2026-08-21,CRL,2027-12-27,12.7329,13.18946,12.07343,10,3986576968,11,Healthcare,295.19,14218623363,757758
2026-08-21,CRM,2031-01-31,25.18,26.19,24.66623,10,70505000000,21,Technology,209.17,171310230000,8348520
2026-08-21,CRM,2030-01-31,19.775,20.5682,19.37151,6,60503800000,18,Technology,209.17,171310230000,8348520
2026-08-21,CRM,2029-01-31,18.04478,20.29635,13.69567,15,55314779493,28,Technology,209.17,171310230000,8348520
2026-08-21,CRM,2028-01-31,15.63063,17.01486,14.39796,32,50430645744,40,Technology,209.17,171310230000,8348520
2026-08-21,CRNX,2030-12-31,5.315,8.5909,3.40223,2,1620154250,6,Healthcare,84.69,8974429920,1843355
2026-08-21,CRNX,2029-12-31,1.6275,2.63061,1.04179,3,986271750,6,Healthcare,84.69,8974429920,1843355
2026-08-21,CRNX,2028-12-31,-1.94033,-0.62336,-2.76868,6,447584949,8,Healthcare,84.69,8974429920,1843355
2026-08-21,CRNX,2027-12-31,-3.99083,-3.33062,-4.61163,10,180620790,10,Healthcare,84.69,8974429920,1843355
2026-08-21,CROX,2029-12-31,14.83,15.11676,14.53604,1,4563000000,2,Consumer Cyclical,122.11,5854576161,773499
2026-08-21,CROX,2028-12-31,15.21661,15.6284,14.80482,2,4182779558,4,Consumer Cyclical,122.11,5854576161,773499
2026-08-21,CROX,2027-12-31,14.95046,15.36047,14.34044,8,4203563180,10,Consumer Cyclical,122.11,5854576161,773499
2026-08-21,CROX,2026-12-31,13.95039,14.19213,13.41655,8,4101609251,10,Consumer Cyclical,122.11,5854576161,773499
2026-08-21,CRS,2031-06-30,22.3,23.57952,20.99486,2,4730300000,1,Basic Materials,492.38,24464195728,513747
2026-08-21,CRS,2030-06-30,20.9,22.09919,19.6768,1,4502500000,2,Basic Materials,492.38,24464195728,513747
2026-08-21,CRS,2029-06-30,19.09,20.18534,17.97273,1,4269809950,2,Basic Materials,492.38,24464195728,513747
2026-08-21,CRS,2028-06-30,15.9161,16.51321,14.91748,4,3818025173,4,Basic Materials,492.38,24464195728,513747
2026-08-21,CRSP,2030-12-31,19.33714,117.2217,-4.4386,3,6751004571,5,Healthcare,59.5,5738703600,2449473
2026-08-21,CRSP,2029-12-31,4.45571,27.0105,-1.02275,3,2631629286,5,Healthcare,59.5,5738703600,2449473
2026-08-21,CRSP,2028-12-31,-2.00283,9.21601,-6.78438,9,560040575,10,Healthcare,59.5,5738703600,2449473
2026-08-21,CRSP,2027-12-31,-3.28689,-1.07439,-4.91668,15,147433182,13,Healthcare,59.5,5738703600,2449473
2026-08-21,CRSR,2028-12-31,0.87992,0.92392,0.83592,2,1630304780,5,Technology,10.93,1168220260,1191158
2026-08-21,CRSR,2027-12-31,0.82874,0.88186,0.74374,6,1511835375,6,Technology,10.93,1168220260,1191158
2026-08-21,CRSR,2026-12-31,0.89931,0.91929,0.87933,6,1440892125,6,Technology,10.93,1168220260,1191158
2026-08-21,CRSR,2025-12-31,0.45506,0.46517,0.44495,5,1455868833,4,Technology,10.93,1168220260,1191158
2026-08-21,CRUS,2029-03-28,10.32,10.59778,10.13016,1,2243000000,1,Technology,115.33,5818711967,590017
2026-08-21,CRUS,2028-03-28,8.9002,9.45883,8.57828,3,2117604249,4,Technology,115.33,5818711967,590017
2026-08-21,CRUS,2027-03-28,8.4312,8.97361,8.05056,3,2020775500,4,Technology,115.33,5818711967,590017
2026-08-21,CRUS,2026-03-28,9.06533,9.07534,8.89857,4,1991166000,4,Technology,115.33,5818711967,590017
2026-08-21,CRWD,2031-01-31,2.73,2.89405,2.63889,4,11982300000,11,Technology,191.95,195454868796,7935930
2026-08-21,CRWD,2030-01-31,2.28917,2.42673,2.21277,3,10219100000,12,Technology,191.95,195454868796,7935930
2026-08-21,CRWD,2029-01-31,2.00123,3.63783,0.99113,9,8805612193,25,Technology,191.95,195454868796,7935930
2026-08-21,CRWD,2028-01-31,1.55778,1.95467,1.44864,28,7243171412,39,Technology,191.95,195454868796,7935930
2026-08-21,CRWV,2030-12-31,14.86388,17.64612,11.88501,4,83792819117,11,Technology,87.85,47928358586,20720632
2026-08-21,CRWV,2029-12-31,4.98512,5.91824,3.98605,4,58688536029,11,Technology,87.85,47928358586,20720632
2026-08-21,CRWV,2028-12-31,0.63788,1.23209,-0.47336,11,41999016570,23,Technology,87.85,47928358586,20720632
2026-08-21,CRWV,2027-12-31,-1.83936,3.62183,-5.49912,16,26476713750,29,Technology,87.85,47928358586,20720632
2026-08-21,CSCO,2029-07-25,6.0097,7.15442,5.31211,6,82922513043,10,Technology,111.04,437656905202,18389172
2026-08-21,CSCO,2028-07-25,5.6048,6.122,5.06649,13,78249901749,17,Technology,111.04,437656905202,18389172
2026-08-21,CSCO,2027-07-25,5.12985,5.7383,4.8571,14,72909836188,16,Technology,111.04,437656905202,18389172
2026-08-21,CSCO,2026-07-25,4.27656,4.32652,4.25658,14,62915882499,18,Technology,111.04,437656905202,18389172
2026-08-21,CSGP,2030-12-31,3.35724,3.48203,3.24777,5,5447835311,6,Real Estate,32.26,13071687480,4750841
2026-08-21,CSGP,2029-12-31,2.74295,2.84491,2.65351,5,4965222314,11,Real Estate,32.26,13071687480,4750841
2026-08-21,CSGP,2028-12-31,2.16544,2.53045,1.9465,8,4592312427,13,Real Estate,32.26,13071687480,4750841
2026-08-21,CSGP,2027-12-31,1.7058,1.92655,1.44491,13,4119156506,15,Real Estate,32.26,13071687480,4750841
2026-08-21,CSIQ,2030-12-31,5.55,6.98224,4.31827,1,7970000000,6,Energy,14.55,987896985,1788894
2026-08-21,CSIQ,2029-12-31,7.83,9.85063,6.09226,1,7586000000,6,Energy,14.55,987896985,1788894
2026-08-21,CSIQ,2028-12-31,2.6108,3.9869,1.2278,4,7394612413,8,Energy,14.55,987896985,1788894
2026-08-21,CSIQ,2027-12-31,1.54799,4.71031,-0.92879,3,7262466762,8,Energy,14.55,987896985,1788894
2026-08-21,CSTL,2030-12-31,0.995,1.01282,0.96657,1,541100000,2,Healthcare,34.2,1044792900,573465
2026-08-21,CSTL,2029-12-31,0.525,0.5344,0.51,1,498050000,2,Healthcare,34.2,1044792900,573465
2026-08-21,CSTL,2028-12-31,-0.362,0.1,-0.97,5,461428200,5,Healthcare,34.2,1044792900,573465
2026-08-21,CSTL,2027-12-31,-0.98889,-0.96063,-1.0066,6,410335000,6,Healthcare,34.2,1044792900,573465
2026-08-21,CSTM,2030-12-31,0,0,0,0,10365000000,1,Basic Materials,27.04,3664677120,1501047
2026-08-21,CSTM,2029-12-31,0,0,0,0,9745000000,1,Basic Materials,27.04,3664677120,1501047
2026-08-21,CSTM,2028-12-31,2.83385,3.01175,2.65595,2,10256901953,2,Basic Materials,27.04,3664677120,1501047
2026-08-21,CSTM,2027-12-31,2.6948,2.71345,2.68548,2,10385517560,4,Basic Materials,27.04,3664677120,1501047
2026-08-21,CSX,2030-12-31,2.935,3.02131,2.85409,4,18370000000,6,Industrials,51.59,95569443200,12553268
2026-08-21,CSX,2029-12-31,2.76397,2.84525,2.68777,2,17529998291,10,Industrials,51.59,95569443200,12553268
2026-08-21,CSX,2028-12-31,2.51203,2.66382,2.36266,7,16548823132,12,Industrials,51.59,95569443200,12553268
2026-08-21,CSX,2027-12-31,2.27612,2.3986,2.18426,16,15961544761,16,Industrials,51.59,95569443200,12553268
2026-08-21,CTAS,2030-05-31,7.4973,7.59379,7.38898,1,15074661928,4,Industrials,203.79,81550554836,1665137
2026-08-21,CTAS,2029-05-31,6.81822,7.09284,6.37556,5,14038392803,8,Industrials,203.79,81550554836,1665137
2026-08-21,CTAS,2028-05-31,6.12444,6.3152,5.98388,12,13114274923,14,Industrials,203.79,81550554836,1665137
2026-08-21,CTAS,2027-05-31,5.49816,5.56826,5.43807,13,12214543678,15,Industrials,203.79,81550554836,1665137
2026-08-21,CTRE,2029-12-31,1.9,2.23371,1.51897,1,798000000,1,Real Estate,39.58,9350388501,1547499
2026-08-21,CTRE,2028-12-31,1.79,1.90326,1.64383,4,734460000,3,Real Estate,39.58,9350388501,1547499
2026-08-21,CTRE,2027-12-31,1.635,1.7004,1.54053,5,588966841,4,Real Estate,39.58,9350388501,1547499
2026-08-21,CTRE,2026-12-31,1.50333,1.51814,1.4663,4,504794794,3,Real Estate,39.58,9350388501,1547499
2026-08-21,CTRI,2030-12-28,2.38,2.49409,2.30112,1,6167000000,2,Utilities,21.36,2156570748,687377
2026-08-21,CTRI,2029-12-28,1.95,2.04348,1.88537,1,5499000000,1,Utilities,21.36,2156570748,687377
2026-08-21,CTRI,2028-12-28,1.24017,1.29962,1.19907,1,4536944450,3,Utilities,21.36,2156570748,687377
2026-08-21,CTRI,2027-12-28,0.97836,1.12407,0.79101,3,4121537673,4,Utilities,21.36,2156570748,687377
2026-08-21,CTSH,2029-12-31,6.2582,6.372,6.14703,10,24739377871,10,Technology,61.87,27868983211,6460139
2026-08-21,CTSH,2028-12-31,6.96659,7.38664,6.7883,13,24462655176,18,Technology,61.87,27868983211,6460139
2026-08-21,CTSH,2027-12-31,6.31234,6.53207,6.19249,19,23241173362,22,Technology,61.87,27868983211,6460139
2026-08-21,CTSH,2026-12-31,5.75196,5.82247,5.45983,18,22188394092,21,Technology,61.87,27868983211,6460139
2026-08-21,CTVA,2029-12-31,5.16094,5.28845,5.05479,1,19415584431,10,Basic Materials,81.79,54702787800,4650651
2026-08-21,CTVA,2028-12-31,4.61507,4.73516,4.49498,2,19246136100,12,Basic Materials,81.79,54702787800,4650651
2026-08-21,CTVA,2027-12-31,4.15269,4.45451,3.66353,5,18733645059,15,Basic Materials,81.79,54702787800,4650651
2026-08-21,CTVA,2026-12-31,3.75249,3.8231,3.68188,11,18122685309,15,Basic Materials,81.79,54702787800,4650651
2026-08-21,CUBE,2030-12-31,1.52,1.56636,1.46475,1,1421800000,2,Real Estate,40.89,9258068460,990928
2026-08-21,CUBE,2029-12-31,1.575,1.62304,1.51775,1,1277720000,2,Real Estate,40.89,9258068460,990928
2026-08-21,CUBE,2028-12-31,1.56235,1.68788,1.45817,5,1203286333,4,Real Estate,40.89,9258068460,990928
2026-08-21,CUBE,2027-12-31,1.5505,1.5802,1.44357,7,1160149136,6,Real Estate,40.89,9258068460,990928
2026-08-21,CURB,2030-12-31,0.12,0.14337,0.10745,1,598000000,2,Real Estate,29.39,3380967437,642390
2026-08-21,CURB,2029-12-31,0.1,0.11947,0.08954546,1,511000000,2,Real Estate,29.39,3380967437,642390
2026-08-21,CURB,2028-12-31,0.19583,0.34664,0.04501839,2,325188265,4,Real Estate,29.39,3380967437,642390
2026-08-21,CURB,2027-12-31,0.18725,0.19264,0.18051,3,280694910,6,Real Estate,29.39,3380967437,642390
2026-08-21,CUZ,2030-12-31,0,0,0,0,1209811000,2,Real Estate,29.68,4885387360,893819
2026-08-21,CUZ,2029-12-31,0.48,0.48807,0.4714,1,1161140000,2,Real Estate,29.68,4885387360,893819
2026-08-21,CUZ,2028-12-31,0.54561,0.55478,0.53584,1,1119110990,4,Real Estate,29.68,4885387360,893819
2026-08-21,CUZ,2027-12-31,0.41762,0.42169,0.40948,3,1088768595,5,Real Estate,29.68,4885387360,893819
2026-08-21,CVBF,2028-12-31,2.09,2.12486,2.05385,1,510012234,1,Financial Services,22.57,3237485759,805565
2026-08-21,CVBF,2027-12-31,1.98333,2.10353,1.92323,5,797377840,4,Financial Services,22.57,3237485759,805565
2026-08-21,CVBF,2026-12-31,1.50333,1.56451,1.44215,5,699467060,4,Financial Services,22.57,3237485759,805565
2026-08-21,CVBF,2025-12-31,1.50333,1.52324,1.47346,5,518441000,3,Financial Services,22.57,3237485759,805565
2026-08-21,CVE,2030-12-31,4.45992,4.94929,4.013,2,50817552443,1,Energy,32.93,60730987850,3530232
2026-08-21,CVE,2029-12-31,4.26342,4.73123,3.83619,3,50570695531,1,Energy,32.93,60730987850,3530232
2026-08-21,CVE,2028-12-31,4.0418,4.98881,2.05589,6,58012905249,1,Energy,32.93,60730987850,3530232
2026-08-21,CVE,2027-12-31,3.77586,4.32309,3.14655,6,55522043564,3,Energy,32.93,60730987850,3530232
2026-08-21,CVI,2030-12-31,0.55,0.6039,0.49787,1,8275717007,2,Energy,39.51,3971963966,1771078
2026-08-21,CVI,2029-12-31,1.65,1.8117,1.49362,1,8039913353,1,Energy,39.51,3971963966,1771078
2026-08-21,CVI,2028-12-31,1.73792,1.90824,1.5732,1,7472221074,3,Energy,39.51,3971963966,1771078
2026-08-21,CVI,2027-12-31,2.18951,2.7031,1.66691,3,7668352333,4,Energy,39.51,3971963966,1771078
2026-08-21,CVLT,2029-03-31,7.58,8.25335,6.90665,2,1625225000,5,Technology,133.81,5545697109,548200
2026-08-21,CVLT,2028-03-31,6.21799,6.4583,6.04777,10,1454291529,13,Technology,133.81,5545697109,548200
2026-08-21,CVLT,2027-03-31,5.45353,5.58385,5.28311,10,1305990353,13,Technology,133.81,5545697109,548200
2026-08-21,CVLT,2026-03-31,4.18318,4.2428,4.14343,9,1178798237,11,Technology,133.81,5545697109,548200
2026-08-21,CVNA,2030-12-31,2.85,3.15085,2.48496,4,60358650000,6,Consumer Cyclical,69.88,76646876410,11485262
2026-08-21,CVNA,2029-12-31,2.59,2.8634,2.25826,2,49994725000,10,Consumer Cyclical,69.88,76646876410,11485262
2026-08-21,CVNA,2028-12-31,2.72141,3.01872,2.42764,7,44498636288,12,Consumer Cyclical,69.88,76646876410,11485262
2026-08-21,CVNA,2027-12-31,2.20564,2.89372,1.99827,11,36252651330,16,Consumer Cyclical,69.88,76646876410,11485262
2026-08-21,CVS,2030-12-31,12.68,13.24646,12.21745,5,499256000000,8,Healthcare,93.02,118687008600,5588387
2026-08-21,CVS,2029-12-31,10.9864,11.4772,10.58563,10,483490976967,13,Healthcare,93.02,118687008600,5588387
2026-08-21,CVS,2028-12-31,9.70692,11.18505,8.92505,13,451389415010,17,Healthcare,93.02,118687008600,5588387
2026-08-21,CVS,2027-12-31,8.49194,8.92204,8.24188,17,429211239992,17,Healthcare,93.02,118687008600,5588387
2026-08-21,CVX,2030-12-31,14.218,15.54915,12.36301,3,218271500000,5,Energy,205.24,408755984000,5523717
2026-08-21,CVX,2029-12-31,13.315,14.5616,11.57783,3,218051500000,5,Energy,205.24,408755984000,5523717
2026-08-21,CVX,2028-12-31,12.7269,16.51456,7.1223,9,209131848519,10,Energy,205.24,408755984000,5523717
2026-08-21,CVX,2027-12-31,13.02452,15.52888,10.3712,15,207015207155,10,Energy,205.24,408755984000,5523717
2026-08-21,CW,2030-12-31,23.37333,23.7892,22.95653,1,5142166667,3,Industrials,634.99,23457292588,643696
2026-08-21,CW,2029-12-31,21.21,21.58738,20.83178,1,4793433333,4,Industrials,634.99,23457292588,643696
2026-08-21,CW,2028-12-31,19.30871,19.42575,19.19166,2,4456550810,6,Industrials,634.99,23457292588,643696
2026-08-21,CW,2027-12-31,17.12854,17.59988,16.53686,4,4110052456,6,Industrials,634.99,23457292588,643696
2026-08-21,CWEN,2030-12-31,1.98593,2.08278,1.87856,1,2666571223,6,Utilities,32.56,6690523322,1073250
2026-08-21,CWEN,2029-12-31,0.94689,0.99307,0.8957,1,2385215706,6,Utilities,32.56,6690523322,1073250
2026-08-21,CWEN,2028-12-31,0.74678,0.95272,0.34233,3,2072790081,8,Utilities,32.56,6690523322,1073250
2026-08-21,CWEN,2027-12-31,0.32094,1.9133,-1.56767,3,1827587411,6,Utilities,32.56,6690523322,1073250
2026-08-21,CWK,2030-12-31,2.5,2.5798,2.42215,1,13277000000,5,Real Estate,14.82,3472333484,1026664
2026-08-21,CWK,2029-12-31,2.215,2.2857,2.14603,1,12820500000,3,Real Estate,14.82,3472333484,1026664
2026-08-21,CWK,2028-12-31,1.9841,2.19955,1.56948,5,12584630612,7,Real Estate,14.82,3472333484,1026664
2026-08-21,CWK,2027-12-31,1.72678,1.83658,1.64693,7,11869008151,7,Real Estate,14.82,3472333484,1026664
2026-08-21,CX,2030-12-31,0,0,0,1,19535000000,6,Basic Materials,11.11,16118752675,9425834
2026-08-21,CX,2029-12-31,1.06,1.07992,1.03079,1,19869000000,6,Basic Materials,11.11,16118752675,9425834
2026-08-21,CX,2028-12-31,1.10551,1.12629,1.07505,2,19081252826,5,Basic Materials,11.11,16118752675,9425834
2026-08-21,CX,2027-12-31,0.9548,1.06497,0.87217,4,18332032471,8,Basic Materials,11.11,16118752675,9425834
2026-08-21,CXW,2027-12-31,2.3625,2.44544,2.3102,2,2924627250,3,Real Estate,34.01,3363196525,1918415
2026-08-21,CXW,2026-12-31,16.275,16.3355,16.154,2,2702936400,4,Real Estate,34.01,3363196525,1918415
2026-08-21,CXW,2025-12-31,1.01,1.02036,0.99964,2,2185027400,3,Real Estate,34.01,3363196525,1918415
2026-08-21,CXW,2024-12-31,0.542,0.5453,0.53,4,1947546800,4,Real Estate,34.01,3363196525,1918415
2026-08-21,CYRX,2030-12-31,-0.43,-0.42507,-0.43503,1,274300000,2,Industrials,17.13,863391622,1019432
2026-08-21,CYRX,2029-12-31,-0.53,-0.52392,-0.5362,1,251200000,2,Industrials,17.13,863391622,1019432
2026-08-21,CYRX,2028-12-31,-0.44011,-0.12511,-0.69703,4,234030123,5,Industrials,17.13,863391622,1019432
2026-08-21,CYRX,2027-12-31,-0.64444,-0.63705,-0.65198,4,214923000,6,Industrials,17.13,863391622,1019432
2026-08-21,CYTK,2030-12-31,4.00857,5.93344,2.7328,11,2301753625,14,Healthcare,76.84,9561431720,1511241
2026-08-21,CYTK,2029-12-31,0.85,1.25816,0.57948,7,1516053444,14,Healthcare,76.84,9561431720,1511241
2026-08-21,CYTK,2028-12-31,-1.99654,-0.2186,-4.03143,14,891808520,16,Healthcare,76.84,9561431720,1511241
2026-08-21,CYTK,2027-12-31,-4.48989,-3.02623,-5.37007,15,423565525,16,Healthcare,76.84,9561431720,1511241
2026-08-21,CZR,2028-12-31,0.28891,0.6019,-0.09404622,3,12262557931,9,Consumer Cyclical,29.76,6062718003,1355105
2026-08-21,CZR,2027-12-31,0.21517,0.65683,-0.29444,7,12147485556,13,Consumer Cyclical,29.76,6062718003,1355105
2026-08-21,CZR,2026-12-31,-0.87453,-0.69962,-1.01057,6,11866885049,13,Consumer Cyclical,29.76,6062718003,1355105
2026-08-21,CZR,2025-12-31,-1.33299,-1.15588,-1.43553,3,11455528101,12,Consumer Cyclical,29.76,6062718003,1355105
2026-08-21,D,2030-12-31,4.6581,5.16176,4.36012,1,22854833333,6,Utilities,66.59,58567632944,2852495
2026-08-21,D,2029-12-31,4.35402,4.8248,4.0755,1,21572457143,6,Utilities,66.59,58567632944,2852495
2026-08-21,D,2028-12-31,4.08023,4.11283,4.05264,4,20488690829,8,Utilities,66.59,58567632944,2852495
2026-08-21,D,2027-12-31,3.81438,3.84441,3.78435,10,19385811531,7,Utilities,66.59,58567632944,2852495
2026-08-21,DAL,2030-12-31,11.66,12.20511,10.45008,2,82977000000,5,Industrials,82.41,54194711430,5075053
2026-08-21,DAL,2029-12-31,11.31849,11.84763,10.14401,3,77018000000,5,Industrials,82.41,54194711430,5075053
2026-08-21,DAL,2028-12-31,10.2613,11.20727,8.96384,6,72960006403,11,Industrials,82.41,54194711430,5075053
2026-08-21,DAL,2027-12-31,8.80245,10.25616,8.3112,7,69282777449,9,Industrials,82.41,54194711430,5075053
2026-08-21,DAN,2030-12-31,5.875,5.97307,5.78511,1,13235050000,2,Consumer Cyclical,31.72,3957892151,827793
2026-08-21,DAN,2029-12-31,5.225,5.31222,5.14506,1,12759900000,2,Consumer Cyclical,31.72,3957892151,827793
2026-08-21,DAN,2028-12-31,4.72315,4.73764,4.70867,2,11310171296,4,Consumer Cyclical,31.72,3957892151,827793
2026-08-21,DAN,2027-12-31,3.931,3.99662,3.87085,3,10324271516,3,Consumer Cyclical,31.72,3957892151,827793
2026-08-21,DAR,2031-01-03,5.15,5.40162,4.92642,1,9160252927,1,Consumer Defensive,65.74,10447860980,7350222
2026-08-21,DAR,2030-01-03,4.82616,5.06195,4.61664,1,6986992635,2,Consumer Defensive,65.74,10447860980,7350222
2026-08-21,DAR,2029-01-03,5.01929,5.90294,4.28918,3,7099548615,4,Consumer Defensive,65.74,10447860980,7350222
2026-08-21,DAR,2028-01-03,5.90494,6.43265,5.45001,7,7100515707,6,Consumer Defensive,65.74,10447860980,7350222
2026-08-21,DASH,2030-12-31,14.95714,15.83652,13.4723,10,35457928571,14,Communication Services,223.49,97378774945,3715944
2026-08-21,DASH,2029-12-31,11.20571,11.86453,10.09328,13,30286128571,24,Communication Services,223.49,97378774945,3715944
2026-08-21,DASH,2028-12-31,6.94975,10.00897,5.0831,22,25415839583,26,Communication Services,223.49,97378774945,3715944
2026-08-21,DASH,2027-12-31,4.55563,5.8066,3.69037,28,21485298652,33,Communication Services,223.49,97378774945,3715944
2026-08-21,DB,2029-12-31,5.02143,5.0741,4.95882,1,37062256331,6,Financial Services,37.82,71066805600,1140121
2026-08-21,DB,2028-12-31,4.47018,4.51707,4.41444,1,36707625746,5,Financial Services,37.82,71066805600,1140121
2026-08-21,DB,2027-12-31,3.92896,4.49268,3.69835,3,35160118055,8,Financial Services,37.82,71066805600,1140121
2026-08-21,DB,2026-12-31,3.40321,3.5874,3.26287,3,33867737313,8,Financial Services,37.82,71066805600,1140121
2026-08-21,DBRG,2030-12-31,1.3,1.39012,1.225,1,689530500,2,Financial Services,15.93,2942764559,2981534
2026-08-21,DBRG,2029-12-31,1.13,1.20833,1.06481,1,635122000,1,Financial Services,15.93,2942764559,2981534
2026-08-21,DBRG,2028-12-31,0.93,1.42096,0.43904,2,581339000,3,Financial Services,15.93,2942764559,2981534
2026-08-21,DBRG,2027-12-31,1.16,1.28429,1.03571,3,492697000,3,Financial Services,15.93,2942764559,2981534
2026-08-21,DBX,2029-12-31,0,0,0,0,2299188000,1,Technology,34.47,8773107990,1962947
2026-08-21,DBX,2028-12-31,3.93286,4.36613,3.25656,3,2512814265,3,Technology,34.47,8773107990,1962947
2026-08-21,DBX,2027-12-31,3.32225,3.53561,3.03778,5,2519443968,5,Technology,34.47,8773107990,1962947
2026-08-21,DBX,2026-12-31,3.06642,3.20764,2.96555,5,2520142057,5,Technology,34.47,8773107990,1962947
2026-08-21,DCI,2029-07-31,5.3,5.35,5.25,2,4608100000,2,Industrials,93.25,10808700750,530460
2026-08-21,DCI,2028-07-31,4.84,4.9692,4.77043,3,4357936419,5,Industrials,93.25,10808700750,530460
2026-08-21,DCI,2027-07-31,4.39143,4.54217,4.32109,5,4139948724,6,Industrials,93.25,10808700750,530460
2026-08-21,DCI,2026-07-31,3.95714,3.96713,3.94715,5,3871639500,6,Industrials,93.25,10808700750,530460
2026-08-21,DCTH,2030-12-31,1.19,1.24129,1.11304,1,209669500,2,Healthcare,17.14,591701030,509057
2026-08-21,DCTH,2029-12-31,0.7,0.73017,0.65473,1,181117333,2,Healthcare,17.14,591701030,509057
2026-08-21,DCTH,2028-12-31,0.18,0.56,-0.4,5,157114200,5,Healthcare,17.14,591701030,509057
2026-08-21,DCTH,2027-12-31,-0.059033,-0.05521544,-0.0615776,3,131713617,3,Healthcare,17.14,591701030,509057
2026-08-21,DD,2029-12-31,9.75,9.86245,9.60645,1,8069000000,5,Basic Materials,138.32,18675828080,826510
2026-08-21,DD,2028-12-31,8.65874,9.50059,8.20513,3,7764058492,11,Basic Materials,138.32,18675828080,826510
2026-08-21,DD,2027-12-31,7.94349,8.20525,7.67166,8,7446594555,11,Basic Materials,138.32,18675828080,826510
2026-08-21,DD,2026-12-31,7.25671,7.34655,7.19682,8,7168156588,11,Basic Materials,138.32,18675828080,826510
2026-08-21,DDOG,2030-12-31,5.26,5.66293,4.95793,5,9037700000,12,Technology,235.62,83871336198,2721237
2026-08-21,DDOG,2029-12-31,4.34,4.67246,4.09077,5,8587191966,12,Technology,235.62,83871336198,2721237
2026-08-21,DDOG,2028-12-31,3.61525,5.33534,2.08078,8,6723238219,25,Technology,235.62,83871336198,2721237
2026-08-21,DDOG,2027-12-31,2.95835,3.5801,2.69761,25,5465287728,34,Technology,235.62,83871336198,2721237
2026-08-21,DE,2028-11-02,26.57517,34.97734,20.83293,12,48886482818,8,Industrials,647.47,174776384565,2121866
2026-08-21,DE,2027-11-02,22.36782,23.69641,20.31545,17,44851244342,12,Industrials,647.47,174776384565,2121866
2026-08-21,DE,2026-11-02,18.09563,18.63224,17.48946,12,41621942118,4,Industrials,647.47,174776384565,2121866
2026-08-21,DE,2025-11-02,18.41715,18.7352,18.18855,17,38285961899,11,Industrials,647.47,174776384565,2121866
2026-08-21,DEC,2030-12-31,4.41,4.74321,3.95139,1,1951000000,2,Energy,14.66,1060262070,545502
2026-08-21,DEC,2029-12-31,2.27,2.44152,2.03394,1,1767489633,2,Energy,14.66,1060262070,545502
2026-08-21,DEC,2028-12-31,2.8598,4.94817,0.9576,5,1902459756,5,Energy,14.66,1060262070,545502
2026-08-21,DEC,2027-12-31,2.69472,3.52573,1.85565,4,1849640436,4,Energy,14.66,1060262070,545502
2026-08-21,DECK,2030-03-31,12.64,12.89761,12.23946,3,7479475000,5,Consumer Cyclical,91.68,12485165760,1662884
2026-08-21,DECK,2029-03-31,9.47439,11.07527,8.02412,8,6775076463,10,Consumer Cyclical,91.68,12485165760,1662884
2026-08-21,DECK,2028-03-31,8.3571,8.65916,7.85366,17,6322172106,19,Consumer Cyclical,91.68,12485165760,1662884
2026-08-21,DECK,2027-03-31,7.53435,7.58458,7.46403,17,5886966705,19,Consumer Cyclical,91.68,12485165760,1662884
2026-08-21,DELL,2030-01-30,21.03,27.68198,15.89403,1,192311000000,14,Technology,441.98,293585631787,3657279
2026-08-21,DELL,2029-01-30,27.10722,29.46425,22.55525,4,217066341265,15,Technology,441.98,293585631787,3657279
2026-08-21,DELL,2028-01-30,22.98897,28.19272,19.42799,8,199134413415,19,Technology,441.98,293585631787,3657279
2026-08-21,DELL,2027-01-30,18.7954,23.47463,17.58881,13,173070928422,18,Technology,441.98,293585631787,3657279
2026-08-21,DEO,2031-06-30,8.49541,9.15514,8.06428,2,22259000000,8,Consumer Defensive,94.62,52598784900,968251
2026-08-21,DEO,2030-06-30,6.4037,6.90099,6.07872,1,20817084389,8,Consumer Defensive,94.62,52598784900,968251
2026-08-21,DEO,2029-06-30,5.70309,6.14598,5.41367,1,19738714717,7,Consumer Defensive,94.62,52598784900,968251
2026-08-21,DEO,2028-06-30,5.23237,5.61653,4.46403,4,19323770921,11,Consumer Defensive,94.62,52598784900,968251
2026-08-21,DFTX,2030-12-31,3.60476,21.45513,-0.3163,4,1150098600,6,Healthcare,44.91,5961499537,1354321
2026-08-21,DFTX,2029-12-31,1.09508,6.5178,-0.09608705,4,637534692,11,Healthcare,44.91,5961499537,1354321
2026-08-21,DFTX,2028-12-31,-0.77231,4.51718,-2.01852,11,275692538,13,Healthcare,44.91,5961499537,1354321
2026-08-21,DFTX,2027-12-31,-1.97235,-1.63302,-2.46014,11,31421714,9,Healthcare,44.91,5961499537,1354321
2026-08-21,DG,2031-01-30,10.11,10.36139,9.96381,5,51871850000,7,Consumer Defensive,123.41,27222598106,1385208
2026-08-21,DG,2030-01-30,9.86667,10.11201,9.724,4,50008284667,8,Consumer Defensive,123.41,27222598106,1385208
2026-08-21,DG,2029-01-30,8.87319,9.93769,7.82244,11,48324297484,16,Consumer Defensive,123.41,27222598106,1385208
2026-08-21,DG,2028-01-30,8.03615,8.68746,7.17442,25,46284326624,28,Consumer Defensive,123.41,27222598106,1385208
2026-08-21,DGX,2030-12-31,14.82,15.08473,14.6127,4,11556099972,5,Healthcare,244.39,26974057470,733762
2026-08-21,DGX,2029-12-31,14.78006,15.04408,14.57332,2,13822971492,5,Healthcare,244.39,26974057470,733762
2026-08-21,DGX,2028-12-31,13.09462,14.09111,12.08225,7,13117617870,10,Healthcare,244.39,26974057470,733762
2026-08-21,DGX,2027-12-31,12.05779,12.33984,11.79588,11,12571869939,13,Healthcare,244.39,26974057470,733762
2026-08-21,DHI,2028-09-30,13.65254,15.44573,11.90772,6,36862070879,6,Consumer Cyclical,148.35,41493682959,1397330
2026-08-21,DHI,2027-09-30,11.75366,13.26413,10.69333,15,34540283486,14,Consumer Cyclical,148.35,41493682959,1397330
2026-08-21,DHI,2026-09-30,10.47646,10.8667,9.85608,15,32773172975,13,Consumer Cyclical,148.35,41493682959,1397330
2026-08-21,DHI,2025-09-30,11.81572,11.97566,11.73575,14,34018652952,12,Consumer Cyclical,148.35,41493682959,1397330
2026-08-21,DHR,2030-12-31,12.48,12.73416,12.12579,4,33857500000,14,Healthcare,218.85,153848497918,3999830
2026-08-21,DHR,2029-12-31,11.32838,11.55909,11.00686,2,32589575390,14,Healthcare,218.85,153848497918,3999830
2026-08-21,DHR,2028-12-31,10.22458,10.77828,9.105,7,30356152587,16,Healthcare,218.85,153848497918,3999830
2026-08-21,DHR,2027-12-31,9.29779,9.3982,9.16726,15,28463708681,18,Healthcare,218.85,153848497918,3999830
2026-08-21,DHT,2030-12-31,0.97,1.05265,0.87145,1,394580000,2,Industrials,19.82,3191852440,4537656
2026-08-21,DHT,2029-12-31,0.535,0.58058,0.48065,1,292798900,1,Industrials,19.82,3191852440,4537656
2026-08-21,DHT,2028-12-31,1.60752,1.82166,1.37573,3,486542520,3,Industrials,19.82,3191852440,4537656
2026-08-21,DHT,2027-12-31,1.94634,2.39396,1.44902,6,541665373,6,Industrials,19.82,3191852440,4537656
2026-08-21,DINO,2030-12-31,4.23,5.04316,3.27725,1,27556000000,5,Energy,97.32,17301938880,2245403
2026-08-21,DINO,2029-12-31,4.76,5.67504,3.68788,1,27072000000,3,Energy,97.32,17301938880,2245403
2026-08-21,DINO,2028-12-31,7.1382,10.9376,5.16772,4,29692135852,7,Energy,97.32,17301938880,2245403
2026-08-21,DINO,2027-12-31,9.75224,13.22168,7.43928,9,30419582451,8,Energy,97.32,17301938880,2245403
2026-08-21,DIOD,2028-12-31,12,12.39968,11.60032,1,2935789000,1,Technology,94.04,4320642785,698541
2026-08-21,DIOD,2027-12-31,5.76667,5.95874,5.5746,1,2273529667,2,Technology,94.04,4320642785,698541
2026-08-21,DIOD,2026-12-31,3.24667,3.35481,3.13853,1,1873198667,1,Technology,94.04,4320642785,698541
2026-08-21,DIOD,2025-12-31,1.17,1.20897,1.13103,2,1471998750,2,Technology,94.04,4320642785,698541
2026-08-21,DIS,2030-09-27,10.02616,10.29629,9.75756,9,120550427369,10,Communication Services,107.76,187126317600,4961395
2026-08-21,DIS,2029-09-27,9.01704,9.25998,8.77548,5,115816248352,10,Communication Services,107.76,187126317600,4961395
2026-08-21,DIS,2028-09-27,8.31663,9.4567,6.40993,12,110703624890,20,Communication Services,107.76,187126317600,4961395
2026-08-21,DIS,2027-09-27,7.45167,7.63317,7.04833,18,106217143375,22,Communication Services,107.76,187126317600,4961395
2026-08-21,DK,2030-12-31,7.7,9.46864,6.05571,1,15741686145,2,Energy,71.47,4380217625,1879331
2026-08-21,DK,2029-12-31,2.48,3.04964,1.95041,1,14578184777,2,Energy,71.47,4380217625,1879331
2026-08-21,DK,2028-12-31,0.1379,0.46608,-0.3656,3,11855682592,5,Energy,71.47,4380217625,1879331
2026-08-21,DK,2027-12-31,5.26211,11.48577,0.45436,7,12266595508,6,Energy,71.47,4380217625,1879331
2026-08-21,DKNG,2030-12-31,3.26,3.62701,3.0229,13,10527850000,10,Consumer Cyclical,26.17,12983691141,8400475
2026-08-21,DKNG,2029-12-31,2.3775,2.64516,2.20458,13,9662741219,10,Consumer Cyclical,26.17,12983691141,8400475
2026-08-21,DKNG,2028-12-31,1.56364,2.19513,0.88979,16,8512172457,21,Consumer Cyclical,26.17,12983691141,8400475
2026-08-21,DKNG,2027-12-31,0.85675,0.9097,0.81343,14,7568503936,22,Consumer Cyclical,26.17,12983691141,8400475
2026-08-21,DKS,2031-01-31,22.94,23.45809,22.36483,4,25652800000,4,Consumer Cyclical,183.23,15653988084,1845385
2026-08-21,DKS,2030-01-31,20.61,21.07547,20.09325,2,24752200000,5,Consumer Cyclical,183.23,15653988084,1845385
2026-08-21,DKS,2029-01-31,18.71269,20.64144,15.84847,6,24001248323,11,Consumer Cyclical,183.23,15653988084,1845385
2026-08-21,DKS,2028-01-31,16.38977,17.09019,15.56928,15,23098625880,17,Consumer Cyclical,183.23,15653988084,1845385
2026-08-21,DLB,2029-09-26,5.7,5.80243,5.62018,1,1665863000,1,Technology,65.27,6209521433,563843
2026-08-21,DLB,2028-09-26,5.1,5.19165,5.02859,1,1535094000,2,Technology,65.27,6209521433,563843
2026-08-21,DLB,2027-09-26,4.57988,4.63021,4.51949,3,1467123450,3,Technology,65.27,6209521433,563843
2026-08-21,DLB,2026-09-26,4.3217,4.36181,4.29162,3,1420082650,3,Technology,65.27,6209521433,563843
2026-08-21,DLO,2030-12-31,0,0,0,1,3416900000,2,Technology,15.17,4452373019,4464566
2026-08-21,DLO,2029-12-31,0,0,0,1,2934500000,2,Technology,15.17,4452373019,4464566
2026-08-21,DLO,2028-12-31,1.33549,1.47204,1.25468,4,2469175891,5,Technology,15.17,4452373019,4464566
2026-08-21,DLO,2027-12-31,1.08635,1.16757,1.04574,4,2023364430,7,Technology,15.17,4452373019,4464566
2026-08-21,DLR,2030-12-31,4.68256,4.94713,4.42042,5,11244567827,8,Real Estate,190.62,70524825501,981893
2026-08-21,DLR,2029-12-31,4.2284,4.46731,3.99169,9,10323792286,13,Real Estate,190.62,70524825501,981893
2026-08-21,DLR,2028-12-31,3.20164,3.97516,2.34807,12,8976661677,17,Real Estate,190.62,70524825501,981893
2026-08-21,DLR,2027-12-31,2.55957,2.70729,2.35787,11,7864297045,21,Real Estate,190.62,70524825501,981893
2026-08-21,DLTR,2031-01-31,7.78,7.85395,7.63385,4,25018900000,4,Consumer Defensive,131.48,25267169000,1813681
2026-08-21,DLTR,2030-01-31,8.94918,9.03425,8.78106,3,24206154176,5,Consumer Defensive,131.48,25267169000,1813681
2026-08-21,DLTR,2029-01-31,8.56926,9.33457,7.00629,8,23133300124,10,Consumer Defensive,131.48,25267169000,1813681
2026-08-21,DLTR,2028-01-31,7.75874,8.28135,7.38688,17,21868291754,15,Consumer Defensive,131.48,25267169000,1813681
2026-08-21,DNLI,2030-12-31,-0.02347,-0.00645614,-0.07722381,5,713435466,7,Healthcare,24.92,3955046646,680991
2026-08-21,DNLI,2029-12-31,-1.06713,-0.29355,-3.5112,10,446321295,10,Healthcare,24.92,3955046646,680991
2026-08-21,DNLI,2028-12-31,-1.83721,-0.16266,-2.58225,13,270402513,15,Healthcare,24.92,3955046646,680991
2026-08-21,DNLI,2027-12-31,-2.33553,-1.86263,-2.59611,16,132271920,15,Healthcare,24.92,3955046646,680991
2026-08-21,DNOW,2030-12-31,1.665,1.67844,1.65335,1,6124050000,1,Industrials,15.68,2862321280,1764397
2026-08-21,DNOW,2029-12-31,1.355,1.36594,1.34552,1,5844700000,1,Industrials,15.68,2862321280,1764397
2026-08-21,DNOW,2028-12-31,1.06,1.09845,1.02155,2,5688700000,2,Industrials,15.68,2862321280,1764397
2026-08-21,DNOW,2027-12-31,0.82667,0.90182,0.70857,4,5421450000,4,Industrials,15.68,2862321280,1764397
2026-08-21,DNTH,2030-12-31,2.873,4.81015,1.46693,4,778669100,5,Healthcare,111.1,6214308840,713164
2026-08-21,DNTH,2029-12-31,-3.27636,-1.67288,-5.48548,4,245401300,5,Healthcare,111.1,6214308840,713164
2026-08-21,DNTH,2028-12-31,-5.49636,-2.99,-7.6,11,17925338,11,Healthcare,111.1,6214308840,713164
2026-08-21,DNTH,2027-12-31,-4.65179,-3.97748,-5.63883,9,2035917,9,Healthcare,111.1,6214308840,713164
2026-08-21,DOC,2029-12-31,0,0,0,1,3778000000,3,Real Estate,21.4,14753588000,3971957
2026-08-21,DOC,2028-12-31,0.16877,0.17891,0.15397,2,3460157571,3,Real Estate,21.4,14753588000,3971957
2026-08-21,DOC,2027-12-31,0.15693,0.1656,0.15259,4,3213653529,7,Real Estate,21.4,14753588000,3971957
2026-08-21,DOC,2026-12-31,0.3989,0.40791,0.39214,3,3012424823,5,Real Estate,21.4,14753588000,3971957
2026-08-21,DOCN,2029-12-31,3.64,4.25856,3.45786,1,2935200000,10,Technology,115.64,13519241120,2561419
2026-08-21,DOCN,2028-12-31,2.8713,3.3763,2.36646,2,2593790540,12,Technology,115.64,13519241120,2561419
2026-08-21,DOCN,2027-12-31,1.79028,2.25731,1.41082,9,1805533387,12,Technology,115.64,13519241120,2561419
2026-08-21,DOCN,2026-12-31,1.45301,1.72977,1.15648,9,1176383480,11,Technology,115.64,13519241120,2561419
2026-08-21,DOCS,2031-03-31,2.05,2.11672,1.99302,1,863100000,4,Healthcare,25.33,4737348949,2613728
2026-08-21,DOCS,2030-03-31,1.925,1.98765,1.8715,1,827950000,3,Healthcare,25.33,4737348949,2613728
2026-08-21,DOCS,2029-03-31,1.8259,2.10283,1.46617,3,777925458,7,Healthcare,25.33,4737348949,2613728
2026-08-21,DOCS,2028-03-31,1.55612,1.77253,1.40154,10,720926454,13,Healthcare,25.33,4737348949,2613728
2026-08-21,DOCU,2029-01-31,5.54421,6.99903,4.17022,5,3995678193,9,Technology,62,11838590000,1785143
2026-08-21,DOCU,2028-01-31,5.09351,5.2623,4.97436,13,3761552088,16,Technology,62,11838590000,1785143
2026-08-21,DOCU,2027-01-31,4.52459,4.60432,4.44486,13,3496397166,16,Technology,62,11838590000,1785143
2026-08-21,DOCU,2026-01-31,3.78593,3.84587,3.74597,16,3209399803,15,Technology,62,11838590000,1785143
2026-08-21,DOV,2029-12-31,14.85,15.07008,14.54093,1,10109000000,4,Industrials,201.92,27194585600,549909
2026-08-21,DOV,2028-12-31,12.68729,15.43555,11.27809,5,9499542749,9,Industrials,201.92,27194585600,549909
2026-08-21,DOV,2027-12-31,11.74756,12.18758,10.81635,12,9114570656,14,Industrials,201.92,27194585600,549909
2026-08-21,DOV,2026-12-31,10.69386,10.81413,10.52348,12,8676379076,14,Industrials,201.92,27194585600,549909
2026-08-21,DOW,2028-12-31,1.95073,2.26909,1.70174,3,44353491892,11,Basic Materials,32.35,23367722001,9090958
2026-08-21,DOW,2027-12-31,1.76621,2.33465,0.96431,9,43254401253,12,Basic Materials,32.35,23367722001,9090958
2026-08-21,DOW,2026-12-31,2.4771,2.89159,2.27972,9,43721078370,11,Basic Materials,32.35,23367722001,9090958
2026-08-21,DOW,2025-12-31,-1.03889,-0.80231,-1.13146,12,39965880742,10,Basic Materials,32.35,23367722001,9090958
2026-08-21,DOX,2030-09-30,11.23,11.2634,11.17056,1,5428700000,1,Technology,61.4,6604859400,1050056
2026-08-21,DOX,2029-09-30,10.22,10.25039,10.1659,1,5219900000,1,Technology,61.4,6604859400,1050056
2026-08-21,DOX,2028-09-30,9.19,9.21733,9.14135,1,5019500000,2,Technology,61.4,6604859400,1050056
2026-08-21,DOX,2027-09-30,8.014,8.2838,7.82414,4,4843849424,4,Technology,61.4,6604859400,1050056
2026-08-21,DPC,2028-12-31,1.49816,2.04,0.95633,2,1306012880,4,Industrials,45.45,6597149265,628088
2026-08-21,DPC,2027-12-31,0.89,0.91739,0.87048,2,1180000000,3,Industrials,45.45,6597149265,628088
2026-08-21,DPC,2026-12-31,0.45,0.46385,0.44013,1,1040000000,3,Industrials,45.45,6597149265,628088
2026-08-21,DPZ,2030-12-28,27.49,28.25344,26.51176,7,6185900000,9,Consumer Cyclical,341.85,11308991110,638297
2026-08-21,DPZ,2029-12-28,24.41754,25.09565,23.54863,6,5722625759,7,Consumer Cyclical,341.85,11308991110,638297
2026-08-21,DPZ,2028-12-28,22.47915,23.10742,20.55463,9,5517634979,14,Consumer Cyclical,341.85,11308991110,638297
2026-08-21,DPZ,2027-12-28,20.80573,21.43651,19.91463,19,5310022655,21,Consumer Cyclical,341.85,11308991110,638297
2026-08-21,DQ,2028-12-31,-0.003149,-0.00211507,-0.00429205,2,1074389746,1,Technology,13.58,918906127,1484729
2026-08-21,DQ,2027-12-31,-0.89954,1.05828,-2.85736,4,943578817,5,Technology,13.58,918906127,1484729
2026-08-21,DQ,2026-12-31,-2.82146,-2.76388,-2.86465,4,561814281,5,Technology,13.58,918906127,1484729
2026-08-21,DQ,2025-12-31,-2.55888,-2.51693,-2.59034,3,778536604,6,Technology,13.58,918906127,1484729
2026-08-21,DRH,2028-12-31,0.75,0.76281,0.73765,1,1205026086,4,Real Estate,12.82,2623044830,1504211
2026-08-21,DRH,2027-12-31,0.65077,0.66626,0.63528,3,1167006230,8,Real Estate,12.82,2623044830,1504211
2026-08-21,DRH,2026-12-31,0.73673,0.74881,0.71861,4,1142196115,8,Real Estate,12.82,2623044830,1504211
2026-08-21,DRH,2025-12-31,0.41581,0.41977,0.41185,3,1119102200,7,Real Estate,12.82,2623044830,1504211
2026-08-21,DRI,2030-05-31,14.375,14.55542,14.16759,1,16322950000,4,Consumer Cyclical,221.6,25380956665,589617
2026-08-21,DRI,2029-05-31,13.55165,14.15011,13.34878,5,15392166348,9,Consumer Cyclical,221.6,25380956665,589617
2026-08-21,DRI,2028-05-31,12.41091,12.8216,12.12042,17,14512479003,19,Consumer Cyclical,221.6,25380956665,589617
2026-08-21,DRI,2027-05-31,11.28781,11.59775,11.12784,18,13689637575,20,Consumer Cyclical,221.6,25380956665,589617
2026-08-21,DRS,2030-12-31,1.94,1.96343,1.91492,1,5095000000,3,Industrials,40.7,10862484579,607028
2026-08-21,DRS,2029-12-31,1.82,1.84198,1.79647,1,4798000000,4,Industrials,40.7,10862484579,607028
2026-08-21,DRS,2028-12-31,1.60684,1.65574,1.55794,2,4446161077,6,Industrials,40.7,10862484579,607028
2026-08-21,DRS,2027-12-31,1.46386,1.51434,1.42348,6,4215200686,7,Industrials,40.7,10862484579,607028
2026-08-21,DRTS,2030-12-31,0.88,1.37599,0.38267,1,258660000,2,Healthcare,14.92,1347662070,561738
2026-08-21,DRTS,2029-12-31,0.24,0.37527,0.10436,1,142640000,1,Healthcare,14.92,1347662070,561738
2026-08-21,DRTS,2028-12-31,-0.092939,-0.04041464,-0.14532,2,72903900,3,Healthcare,14.92,1347662070,561738
2026-08-21,DRTS,2027-12-31,-0.52678,-0.43733,-0.59635,4,12384920,3,Healthcare,14.92,1347662070,561738
2026-08-21,DRVN,2030-12-27,2.13,2.20549,2.08585,1,2671600000,2,Consumer Cyclical,13.17,2172470046,593460
2026-08-21,DRVN,2029-12-27,1.81,1.87415,1.77248,1,2471800000,2,Consumer Cyclical,13.17,2172470046,593460
2026-08-21,DRVN,2028-12-27,1.61667,1.73251,1.50083,2,2349270914,4,Consumer Cyclical,13.17,2172470046,593460
2026-08-21,DRVN,2027-12-27,1.45,1.52682,1.39238,7,2187831739,7,Consumer Cyclical,13.17,2172470046,593460
2026-08-21,DSGN,2030-12-31,-0.315,-0.315,-0.315,2,247886000,5,Healthcare,14.99,936230430,551768
2026-08-21,DSGN,2029-12-31,-1.62167,-1.62167,-1.62167,3,66992333,3,Healthcare,14.99,936230430,551768
2026-08-21,DSGN,2028-12-31,-1.95571,-1.50223,-2.32164,6,6233333,7,Healthcare,14.99,936230430,551768
2026-08-21,DSGN,2027-12-31,-1.55857,-1.05406,-2.09911,5,204776000,7,Healthcare,14.99,936230430,551768
2026-08-21,DT,2031-03-31,3.07,3.18161,3.00859,3,3625000000,11,Technology,49.3,14369753637,4953868
2026-08-21,DT,2030-03-31,2.86091,2.96491,2.80368,2,3305392822,8,Technology,49.3,14369753637,4953868
2026-08-21,DT,2029-03-31,2.69719,3.57591,0.83438,6,3060923283,14,Technology,49.3,14369753637,4953868
2026-08-21,DT,2028-03-31,2.27251,2.38263,2.13236,17,2668140311,22,Technology,49.3,14369753637,4953868
2026-08-21,DTE,2030-12-31,10.40781,11.53001,9.20944,1,18604600061,5,Utilities,135.22,28137659360,1135719
2026-08-21,DTE,2029-12-31,9.6931,10.73824,8.57702,1,17958720742,5,Utilities,135.22,28137659360,1135719
2026-08-21,DTE,2028-12-31,9.00579,9.45845,8.79626,5,17176454381,11,Utilities,135.22,28137659360,1135719
2026-08-21,DTE,2027-12-31,8.35263,8.5632,8.22228,10,16482822388,9,Utilities,135.22,28137659360,1135719
2026-08-21,DTM,2030-12-31,7.49,8.12366,6.91087,5,2408600000,5,Energy,126.77,12932441550,874097
2026-08-21,DTM,2029-12-31,6.6303,7.19123,6.11764,5,1842900000,3,Energy,126.77,12932441550,874097
2026-08-21,DTM,2028-12-31,5.58861,6.06744,4.87418,8,1547543489,7,Energy,126.77,12932441550,874097
2026-08-21,DTM,2027-12-31,5.00874,5.37824,4.29027,8,1408731076,6,Energy,126.77,12932441550,874097
2026-08-21,DUK,2030-12-31,8.72604,9.03815,8.21865,5,39625828571,12,Utilities,119.85,93434580600,4842403
2026-08-21,DUK,2029-12-31,8.18918,8.48209,7.71301,5,38129712500,8,Utilities,119.85,93434580600,4842403
2026-08-21,DUK,2028-12-31,7.67788,7.7503,7.59971,8,36611368314,14,Utilities,119.85,93434580600,4842403
2026-08-21,DUK,2027-12-31,7.17323,7.22339,7.12307,13,35147389854,12,Utilities,119.85,93434580600,4842403
2026-08-21,DUOL,2028-12-31,4.09674,4.79974,3.15983,12,1533820223,13,Technology,146.13,6808651895,671193
2026-08-21,DUOL,2027-12-31,3.34166,3.6997,3.11382,10,1365068243,17,Technology,146.13,6808651895,671193
2026-08-21,DUOL,2026-12-31,2.77772,3.15224,2.55925,10,1206899184,16,Technology,146.13,6808651895,671193
2026-08-21,DUOL,2025-12-31,8.47084,8.60225,8.40008,6,1031097839,13,Technology,146.13,6808651895,671193
2026-08-21,DUOT,2027-12-31,0.39,0.39526,0.38474,1,136600000,1,Technology,10.32,304882315,913486
2026-08-21,DUOT,2026-12-31,1.11,1.12498,1.09502,1,51300000,1,Technology,10.32,304882315,913486
2026-08-21,DUOT,2025-12-31,-0.42,-0.41433,-0.42567,1,27600000,1,Technology,10.32,304882315,913486
2026-08-21,DUOT,2024-12-31,-1.275,-1.21523,-1.3248,2,8560043,2,Technology,10.32,304882315,913486
2026-08-21,DV,2030-12-31,0.69,0.71216,0.65129,2,967800000,4,Technology,13.31,2042608356,1077227
2026-08-21,DV,2029-12-31,0.64,0.66055,0.6041,3,920900000,4,Technology,13.31,2042608356,1077227
2026-08-21,DV,2028-12-31,0.6425,0.77272,0.51515,6,928838746,9,Technology,13.31,2042608356,1077227
2026-08-21,DV,2027-12-31,0.58229,0.61464,0.51759,9,877073222,13,Technology,13.31,2042608356,1077227
2026-08-21,DVA,2029-12-31,18.1151,18.97409,17.56742,1,15893400700,2,Healthcare,173.82,11159244000,632449
2026-08-21,DVA,2028-12-31,19.87557,20.77775,18.9734,2,14761093962,4,Healthcare,173.82,11159244000,632449
2026-08-21,DVA,2027-12-31,17.05711,17.19554,16.81979,5,14470126951,5,Healthcare,173.82,11159244000,632449
2026-08-21,DVA,2026-12-31,14.84534,15.82348,13.56153,4,14088554737,5,Healthcare,173.82,11159244000,632449
2026-08-21,DVN,2030-12-31,5.25667,6.23421,4.29641,3,25891333333,2,Energy,49.1,54010000000,9004753
2026-08-21,DVN,2029-12-31,5.168,6.12905,4.22394,3,25773333333,2,Energy,49.1,54010000000,9004753
2026-08-21,DVN,2028-12-31,5.78404,6.89293,3.25874,9,25555521337,5,Energy,49.1,54010000000,9004753
2026-08-21,DVN,2027-12-31,5.03454,5.98293,3.8541,12,25212132374,7,Energy,49.1,54010000000,9004753
2026-08-21,DX,2028-12-31,1.67586,1.67586,1.67586,1,616032130,1,Real Estate,13.03,3224007050,4656421
2026-08-21,DX,2027-12-31,1.6052,1.75052,1.48436,4,524744909,1,Real Estate,13.03,3224007050,4656421
2026-08-21,DX,2026-12-31,1.48296,1.48296,1.48296,3,409626751,1,Real Estate,13.03,3224007050,4656421
2026-08-21,DX,2025-12-31,1.05625,1.05625,1.05625,2,218442537,1,Real Estate,13.03,3224007050,4656421
2026-08-21,DXC,2029-03-31,3.3525,3.53227,3.10085,3,12139200539,4,Technology,10.8,1750466840,1732082
2026-08-21,DXC,2028-03-31,2.95714,3.24017,2.57652,4,11987905114,5,Technology,10.8,1750466840,1732082
2026-08-21,DXC,2027-03-31,2.5925,2.72163,2.45344,5,12160660000,6,Technology,10.8,1750466840,1732082
2026-08-21,DXC,2026-03-31,3.1775,3.23689,3.1478,5,12685737429,6,Technology,10.8,1750466840,1732082
2026-08-21,DXCM,2030-12-31,5.05286,5.1695,4.92912,4,7979981714,10,Healthcare,92.34,34845514740,3478990
2026-08-21,DXCM,2029-12-31,4.33189,4.43189,4.22581,2,7198294844,10,Healthcare,92.34,34845514740,3478990
2026-08-21,DXCM,2028-12-31,3.71915,4.01133,2.90612,7,6451046975,21,Healthcare,92.34,34845514740,3478990
2026-08-21,DXCM,2027-12-31,3.12061,3.33338,2.86731,16,5796001600,21,Healthcare,92.34,34845514740,3478990
2026-08-21,DYN,2030-12-31,0.70286,2.15928,0.0987157,4,1258193857,5,Healthcare,26.1,4874070600,1162265
2026-08-21,DYN,2029-12-31,-1.14571,-0.16091,-3.51977,4,745253571,5,Healthcare,26.1,4874070600,1162265
2026-08-21,DYN,2028-12-31,-2.5939,-0.74168,-5.8741,10,290362092,10,Healthcare,26.1,4874070600,1162265
2026-08-21,DYN,2027-12-31,-3.35293,-2.42443,-4.39492,12,52438612,12,Healthcare,26.1,4874070600,1162265
2026-08-21,EAT,2030-06-24,17.88,18.27712,16.92035,1,7237600000,3,Consumer Cyclical,246.06,10552972068,576333
2026-08-21,EAT,2029-06-24,16.26606,17.50334,14.31399,3,6790433605,7,Consumer Cyclical,246.06,10552972068,576333
2026-08-21,EAT,2028-06-24,14.51823,15.4924,12.84224,11,6472644436,13,Consumer Cyclical,246.06,10552972068,576333
2026-08-21,EAT,2027-06-24,13.21972,13.86584,11.70186,14,6274681001,14,Consumer Cyclical,246.06,10552972068,576333
2026-08-21,EBAY,2030-12-31,10.374,10.7271,9.84272,11,16282166667,9,Consumer Cyclical,104.13,46233720000,3841159
2026-08-21,EBAY,2029-12-31,8.97571,9.28121,8.51604,7,15261095974,10,Consumer Cyclical,104.13,46233720000,3841159
2026-08-21,EBAY,2028-12-31,7.62334,9.13857,6.72653,14,14255550607,18,Consumer Cyclical,104.13,46233720000,3841159
2026-08-21,EBAY,2027-12-31,6.74742,6.99167,6.54388,20,13390242707,21,Consumer Cyclical,104.13,46233720000,3841159
2026-08-21,EBC,2028-12-31,2.58,2.64671,2.5412,4,1431848120,2,Financial Services,22.74,5256191820,1477309
2026-08-21,EBC,2027-12-31,2.1312,2.22,2.03253,7,1283456500,6,Financial Services,22.74,5256191820,1477309
2026-08-21,EBC,2026-12-31,1.8717,1.91152,1.84183,7,1225672833,6,Financial Services,22.74,5256191820,1477309
2026-08-21,EBC,2025-12-31,1.53667,1.54671,1.51658,5,1003793333,3,Financial Services,22.74,5256191820,1477309
2026-08-21,EC,2030-12-31,5228.05103,6493.28372,4142.13485,1,96311928031299,5,Energy,17.53,36038782905,1181168
2026-08-21,EC,2029-12-31,5903.23595,7331.86912,4677.07741,1,94087374773554,3,Energy,17.53,36038782905,1181168
2026-08-21,EC,2028-12-31,6497.80156,8070.32465,5148.14606,2,124765850059141,3,Energy,17.53,36038782905,1181168
2026-08-21,EC,2027-12-31,6568.81074,8450.88573,5129.57693,5,123926052898785,7,Energy,17.53,36038782905,1181168
2026-08-21,ECG,2030-12-31,7.67,7.8848,7.4077,1,6357000000,2,Industrials,125.96,6429200692,525848
2026-08-21,ECG,2029-12-31,7.21,7.41191,6.96343,1,5974000000,1,Industrials,125.96,6429200692,525848
2026-08-21,ECG,2028-12-31,6.61667,6.69,6.56,3,5572966667,3,Industrials,125.96,6429200692,525848
2026-08-21,ECG,2027-12-31,5.966,6.39788,5.53412,4,5199883400,4,Industrials,125.96,6429200692,525848
2026-08-21,ECHO,2030-12-31,10.88,11.37639,10.20358,1,11224277000,2,Communication Services,86.81,13756346650,2163109
2026-08-21,ECHO,2029-12-31,10.03,10.48761,9.40642,1,11732226000,2,Communication Services,86.81,13756346650,2163109
2026-08-21,ECHO,2028-12-31,3.36212,7.27752,-2.17794,5,12504349000,4,Communication Services,86.81,13756346650,2163109
2026-08-21,ECHO,2027-12-31,2.55552,7.27499,-0.35035,3,13526562744,5,Communication Services,86.81,13756346650,2163109
2026-08-21,ECL,2028-12-31,10.73442,11.22063,10.22104,4,20452371078,11,Basic Materials,281.63,79261383940,2220756
2026-08-21,ECL,2027-12-31,9.39651,9.8168,8.9562,14,19258078278,16,Basic Materials,281.63,79261383940,2220756
2026-08-21,ECL,2026-12-31,8.15751,8.41648,8.10771,14,17867843257,16,Basic Materials,281.63,79261383940,2220756
2026-08-21,ECL,2025-12-31,7.52926,7.5593,7.50924,19,16055876025,17,Basic Materials,281.63,79261383940,2220756
2026-08-21,ECVT,2028-12-31,1.08717,1.13636,1.02129,1,1057551774,4,Basic Materials,10.44,1142694373,1587334
2026-08-21,ECVT,2027-12-31,0.87569,0.93899,0.81239,3,1019036887,4,Basic Materials,10.44,1142694373,1587334
2026-08-21,ECVT,2026-12-31,0.69157,0.72286,0.64967,3,1000536533,3,Basic Materials,10.44,1142694373,1587334
2026-08-21,ECVT,2025-12-31,0.40306,0.42545,0.38067,4,723453833,3,Basic Materials,10.44,1142694373,1587334
2026-08-21,ED,2030-12-31,7.82077,8.43544,7.21066,1,20038541750,5,Utilities,106.35,39193165500,1705265
2026-08-21,ED,2029-12-31,7.38043,7.96049,6.80467,1,19274814167,5,Utilities,106.35,39193165500,1705265
2026-08-21,ED,2028-12-31,6.9052,6.96709,6.87725,5,18960948953,11,Utilities,106.35,39193165500,1705265
2026-08-21,ED,2027-12-31,6.48385,6.61514,6.05967,9,18281803150,11,Utilities,106.35,39193165500,1705265
2026-08-21,EE,2030-12-31,8.9,11.70177,6.37588,4,2596165990,5,Energy,39.35,4548821122,592661
2026-08-21,EE,2029-12-31,4.85,6.37681,3.4745,2,2235240403,3,Energy,39.35,4548821122,592661
2026-08-21,EE,2028-12-31,2.54943,3.20084,2.08308,7,2350237700,7,Energy,39.35,4548821122,592661
2026-08-21,EE,2027-12-31,2.06903,2.39843,1.80139,6,1935888429,7,Energy,39.35,4548821122,592661
2026-08-21,EEFT,2030-12-31,17.72,17.96865,17.38451,1,5955090000,2,Technology,70.07,2667921837,574678
2026-08-21,EEFT,2029-12-31,15.7,15.92031,15.40275,1,5513973000,2,Technology,70.07,2667921837,574678
2026-08-21,EEFT,2028-12-31,13.65425,13.84585,13.39574,2,5105530000,1,Technology,70.07,2667921837,574678
2026-08-21,EEFT,2027-12-31,12.05888,12.11958,11.99818,4,4699154143,4,Technology,70.07,2667921837,574678
2026-08-21,EFC,2028-12-31,1.95999,2.09761,1.85485,1,532573470,1,Real Estate,13.63,1709120220,667932
2026-08-21,EFC,2027-12-31,1.97736,2.08143,1.86383,5,525875900,3,Real Estate,13.63,1709120220,667932
2026-08-21,EFC,2026-12-31,2.08428,2.10385,2.05492,5,517214790,3,Real Estate,13.63,1709120220,667932
2026-08-21,EFC,2025-12-31,1.83542,1.96429,1.82539,4,385769279,2,Real Estate,13.63,1709120220,667932
2026-08-21,EFX,2030-12-31,13.49627,14.25497,12.92315,1,8604441180,6,Industrials,192.62,22629940668,1165606
2026-08-21,EFX,2029-12-31,13.71147,14.48227,13.12921,1,8305116652,10,Industrials,192.62,22629940668,1165606
2026-08-21,EFX,2028-12-31,12.25484,12.77114,11.55375,5,8060459416,12,Industrials,192.62,22629940668,1165606
2026-08-21,EFX,2027-12-31,10.16915,10.96299,9.4758,18,7358090551,17,Industrials,192.62,22629940668,1165606
2026-08-21,EGO,2030-12-31,5.46805,6.18696,4.97037,4,4870791345,2,Basic Materials,45.72,11924248379,4285950
2026-08-21,EGO,2029-12-31,5.52701,6.25367,5.02396,2,4752812703,1,Basic Materials,45.72,11924248379,4285950
2026-08-21,EGO,2028-12-31,5.5161,6.24133,5.01405,4,4323414038,1,Basic Materials,45.72,11924248379,4285950
2026-08-21,EGO,2027-12-31,5.39704,5.83435,4.60775,7,4275045451,3,Basic Materials,45.72,11924248379,4285950
2026-08-21,EHC,2030-12-31,9.26,9.3163,9.1862,1,8987400000,5,Healthcare,120.31,11934641315,543413
2026-08-21,EHC,2029-12-31,8.44,8.49132,8.37274,1,8271000000,3,Healthcare,120.31,11934641315,543413
2026-08-21,EHC,2028-12-31,7.27059,7.56582,6.60508,4,7561544325,7,Healthcare,120.31,11934641315,543413
2026-08-21,EHC,2027-12-31,6.678,6.9931,6.2511,8,6994328400,10,Healthcare,120.31,11934641315,543413
2026-08-21,EIKN,2030-12-31,-5.74667,-5.74667,-5.74667,1,89699000,2,Healthcare,11.39,616638973,532008
2026-08-21,EIKN,2029-12-31,-6.27333,-6.27333,-6.27333,1,25066500,2,Healthcare,11.39,616638973,532008
2026-08-21,EIKN,2028-12-31,-6.07356,-4.90298,-7.89659,5,0,0,Healthcare,11.39,616638973,532008
2026-08-21,EIKN,2027-12-31,-6.7919,-4.86136,-7.8622,5,0,0,Healthcare,11.39,616638973,532008
2026-08-21,EIX,2030-12-31,7.57847,8.0606,7.1826,1,22224000000,6,Utilities,71.59,27547402460,2668326
2026-08-21,EIX,2029-12-31,7.11667,7.56942,6.74493,1,21417800000,10,Utilities,71.59,27547402460,2668326
2026-08-21,EIX,2028-12-31,6.88128,7.07672,6.71486,4,20422466216,12,Utilities,71.59,27547402460,2668326
2026-08-21,EIX,2027-12-31,6.51191,6.57202,6.42175,9,19755401044,10,Utilities,71.59,27547402460,2668326
2026-08-21,EL,2031-06-30,4.25,4.3403,4.03941,5,17854000000,8,Consumer Defensive,101.94,36869113005,5673027
2026-08-21,EL,2030-06-30,4.95691,5.06223,4.71129,2,17704762012,9,Consumer Defensive,101.94,36869113005,5673027
2026-08-21,EL,2029-06-30,4.51868,5.1861,4.05832,6,17209255786,10,Consumer Defensive,101.94,36869113005,5673027
2026-08-21,EL,2028-06-30,3.93331,4.35799,3.65019,14,16389596871,17,Consumer Defensive,101.94,36869113005,5673027
2026-08-21,ELAN,2030-12-31,1.715,1.74462,1.68298,2,6200000000,5,Healthcare,23.97,11971806505,4754839
2026-08-21,ELAN,2029-12-31,1.55333,1.58015,1.52433,3,5949400000,5,Healthcare,23.97,11971806505,4754839
2026-08-21,ELAN,2028-12-31,1.44079,1.88725,0.60879,6,5670369931,11,Healthcare,23.97,11971806505,4754839
2026-08-21,ELAN,2027-12-31,1.25712,1.3968,1.19726,9,5401495473,11,Healthcare,23.97,11971806505,4754839
2026-08-21,ELF,2031-03-31,5.49,5.60474,5.3132,1,2563000000,2,Consumer Defensive,101.94,6008041960,1441273
2026-08-21,ELF,2030-03-31,4.96,5.06366,4.80027,1,2403450174,3,Consumer Defensive,101.94,6008041960,1441273
2026-08-21,ELF,2029-03-31,4.32228,4.41261,4.18309,1,2310487087,6,Consumer Defensive,101.94,6008041960,1441273
2026-08-21,ELF,2028-03-31,3.82363,4.0569,3.34694,10,2124869338,14,Consumer Defensive,101.94,6008041960,1441273
2026-08-21,ELMT,2030-12-31,1.18,1.22242,1.10903,1,372000000,2,Industrials,19.885,596149556,1741947
2026-08-21,ELMT,2029-12-31,0.9,0.93235,0.84587,1,338000000,1,Industrials,19.885,596149556,1741947
2026-08-21,ELMT,2028-12-31,0.76667,0.81683,0.7201,3,296350000,3,Industrials,19.885,596149556,1741947
2026-08-21,ELMT,2027-12-31,0.595,0.65352,0.53648,3,264657500,3,Industrials,19.885,596149556,1741947
2026-08-21,ELS,2030-12-31,2.55,2.60297,2.44168,1,1926797000,2,Real Estate,65.46,12703469960,666115
2026-08-21,ELS,2029-12-31,2.71,2.7663,2.59488,1,1828900000,2,Real Estate,65.46,12703469960,666115
2026-08-21,ELS,2028-12-31,2.3895,2.50787,2.29721,5,1736443997,5,Real Estate,65.46,12703469960,666115
2026-08-21,ELS,2027-12-31,2.20194,2.21501,2.18887,5,1640339431,7,Real Estate,65.46,12703469960,666115
2026-08-21,ELV,2030-12-31,47.89,49.92074,45.77795,1,232225000000,4,Healthcare,400.54,86864825417,771533
2026-08-21,ELV,2029-12-31,40.94678,42.6831,39.14094,1,214004999171,4,Healthcare,400.54,86864825417,771533
2026-08-21,ELV,2028-12-31,33.99783,36.63952,32.14618,4,212545440164,9,Healthcare,400.54,86864825417,771533
2026-08-21,ELV,2027-12-31,29.63641,31.24928,29.06183,14,201479965686,14,Healthcare,400.54,86864825417,771533
2026-08-21,ELVN,2030-12-31,-1.62832,-1.62832,-1.62832,4,245382857,6,Healthcare,59.82,4273437910,596367
2026-08-21,ELVN,2029-12-31,-3.14151,-3.14151,-3.14151,2,38653857,6,Healthcare,59.82,4273437910,596367
2026-08-21,ELVN,2028-12-31,-2.796,-2.24085,-3.27146,7,10000,8,Healthcare,59.82,4273437910,596367
2026-08-21,ELVN,2027-12-31,-2.26044,-1.9933,-2.50703,5,5556,8,Healthcare,59.82,4273437910,596367
2026-08-21,EMBJ,2030-12-31,5.13,5.56283,4.95537,1,11376663950,6,Industrials,75.95,13937977313,814848
2026-08-21,EMBJ,2029-12-31,4.62,5.0098,4.46273,1,10609350000,6,Industrials,75.95,13937977313,814848
2026-08-21,EMBJ,2028-12-31,3.80979,4.13123,3.6801,2,10416851632,5,Industrials,75.95,13937977313,814848
2026-08-21,EMBJ,2027-12-31,3.25701,3.71185,2.924,4,9486201706,8,Industrials,75.95,13937977313,814848
2026-08-21,EMN,2028-12-31,7.65246,7.84516,7.52857,3,9704691229,11,Basic Materials,74.09,8472191500,504641
2026-08-21,EMN,2027-12-31,6.88624,7.31847,6.64065,8,9462504904,10,Basic Materials,74.09,8472191500,504641
2026-08-21,EMN,2026-12-31,6.36741,6.66129,6.24006,8,9291316765,10,Basic Materials,74.09,8472191500,504641
2026-08-21,EMN,2025-12-31,5.37497,5.49397,5.30555,10,8794394968,9,Basic Materials,74.09,8472191500,504641
2026-08-21,EMR,2030-09-30,9.94,10.22223,9.60503,8,23757000000,8,Industrials,157.22,88058922000,1752689
2026-08-21,EMR,2029-09-30,9.11239,9.37113,8.80531,8,22456725058,8,Industrials,157.22,88058922000,1752689
2026-08-21,EMR,2028-09-30,8.04351,9.06267,7.04042,10,20968474656,17,Industrials,157.22,88058922000,1752689
2026-08-21,EMR,2027-09-30,7.26203,7.45474,6.97804,18,19905270706,21,Industrials,157.22,88058922000,1752689
2026-08-21,ENB,2030-12-31,3.87,4.44821,3.20116,1,72478732171,3,Energy,50.46,110189502000,3267632
2026-08-21,ENB,2029-12-31,3.73628,4.29452,3.09055,1,72163475324,4,Energy,50.46,110189502000,3267632
2026-08-21,ENB,2028-12-31,3.62505,3.88553,3.46282,4,72947610553,6,Energy,50.46,110189502000,3267632
2026-08-21,ENB,2027-12-31,3.30596,3.43532,2.97536,10,70453097790,6,Energy,50.46,110189502000,3267632
2026-08-21,ENPH,2030-12-31,3.445,4.0238,2.93307,11,1586350000,10,Energy,38.61,5102104859,3720660
2026-08-21,ENPH,2029-12-31,3.37,3.9362,2.86921,7,1494666667,10,Energy,38.61,5102104859,3720660
2026-08-21,ENPH,2028-12-31,2.61831,4.67962,1.46238,14,1402315061,21,Energy,38.61,5102104859,3720660
2026-08-21,ENPH,2027-12-31,2.23371,3.16896,1.58902,17,1262046406,22,Energy,38.61,5102104859,3720660
2026-08-21,ENR,2030-09-30,3.87,3.96369,3.79517,1,3218800000,2,Industrials,21.47,1470126045,611806
2026-08-21,ENR,2029-09-30,3.7,3.78958,3.62846,1,3165900000,2,Industrials,21.47,1470126045,611806
2026-08-21,ENR,2028-09-30,3.51453,3.59962,3.44658,2,2992571994,4,Industrials,21.47,1470126045,611806
2026-08-21,ENR,2027-09-30,3.3793,3.42989,3.33883,4,2961185540,3,Industrials,21.47,1470126045,611806
2026-08-21,ENTG,2030-12-31,7,7.33839,6.6952,1,4918000000,5,Technology,143.66,21908150000,1106294
2026-08-21,ENTG,2029-12-31,5.81,6.09086,5.55702,1,4502200000,3,Technology,143.66,21908150000,1106294
2026-08-21,ENTG,2028-12-31,6.22698,8.92757,4.76888,3,4455896746,7,Technology,143.66,21908150000,1106294
2026-08-21,ENTG,2027-12-31,5.06163,5.60689,4.63983,7,4030001901,8,Technology,143.66,21908150000,1106294
2026-08-21,EOG,2030-12-31,16.105,18.50672,13.79715,4,26184500000,2,Energy,153.05,81518868450,2279251
2026-08-21,EOG,2029-12-31,15.10333,17.35567,12.93902,4,25961000000,2,Energy,153.05,81518868450,2279251
2026-08-21,EOG,2028-12-31,14.89859,18.49189,10.01764,10,25999227631,5,Energy,153.05,81518868450,2279251
2026-08-21,EOG,2027-12-31,14.41987,16.44299,13.31541,17,26123377973,9,Energy,153.05,81518868450,2279251
2026-08-21,EPAM,2028-12-31,15.1723,16.18558,14.14092,8,6143843974,12,Technology,110.34,5764652723,1398771
2026-08-21,EPAM,2027-12-31,14.10268,14.77663,13.34826,14,5850922825,15,Technology,110.34,5764652723,1398771
2026-08-21,EPAM,2026-12-31,13.14303,13.30307,13.023,14,5654848650,15,Technology,110.34,5764652723,1398771
2026-08-21,EPAM,2025-12-31,11.42167,11.46168,11.37166,13,5442059302,12,Technology,110.34,5764652723,1398771
2026-08-21,EPD,2030-12-31,3.89,4.63927,3.00723,4,68615000000,6,Energy,38.01,82235329481,3040440
2026-08-21,EPD,2029-12-31,3.57,4.25763,2.75985,4,65428500000,6,Energy,38.01,82235329481,3040440
2026-08-21,EPD,2028-12-31,3.47249,3.60096,3.26924,10,74020255076,8,Energy,38.01,82235329481,3040440
2026-08-21,EPD,2027-12-31,3.22073,3.38972,3.11138,10,67295716291,8,Energy,38.01,82235329481,3040440
2026-08-21,EPRT,2030-12-31,1.55,1.60686,1.44829,1,1096500000,6,Real Estate,30.84,6669025252,719521
2026-08-21,EPRT,2029-12-31,1.48,1.53429,1.38289,1,973000000,6,Real Estate,30.84,6669025252,719521
2026-08-21,EPRT,2028-12-31,1.40464,1.51025,1.3174,4,797216510,8,Real Estate,30.84,6669025252,719521
2026-08-21,EPRT,2027-12-31,1.37192,1.39089,1.34663,5,706463157,8,Real Estate,30.84,6669025252,719521
2026-08-21,EQH,2029-12-31,11.85,12.82008,10.67895,3,17872000000,4,Financial Services,48.9,13347653144,1651145
2026-08-21,EQH,2028-12-31,10.57657,12.69016,7.13595,6,17888113839,6,Financial Services,48.9,13347653144,1651145
2026-08-21,EQH,2027-12-31,8.99836,9.49601,8.82571,9,16696157852,6,Financial Services,48.9,13347653144,1651145
2026-08-21,EQH,2026-12-31,7.17899,7.36949,7.0687,8,15032737356,5,Financial Services,48.9,13347653144,1651145
2026-08-21,EQIX,2030-12-31,26.305,27.09391,25.7875,5,15484392200,14,Real Estate,1065.39,105123827548,533924
2026-08-21,EQIX,2029-12-31,23.78693,24.50032,23.31897,10,14246115556,14,Real Estate,1065.39,105123827548,533924
2026-08-21,EQIX,2028-12-31,20.80228,24.63606,18.4943,13,12650029083,16,Real Estate,1065.39,105123827548,533924
2026-08-21,EQIX,2027-12-31,18.84439,19.37511,17.82256,12,11360571204,21,Real Estate,1065.39,105123827548,533924
2026-08-21,EQNR,2030-12-31,3.84333,4.40508,3.16273,5,91680600000,6,Energy,42.86,102467545000,1793543
2026-08-21,EQNR,2029-12-31,3.67623,4.21356,3.02522,10,90851400000,11,Energy,42.86,102467545000,1793543
2026-08-21,EQNR,2028-12-31,3.65124,4.52535,2.78008,13,100680426306,13,Energy,42.86,102467545000,1793543
2026-08-21,EQNR,2027-12-31,3.93811,4.17965,3.63356,8,105090472418,10,Energy,42.86,102467545000,1793543
2026-08-21,EQPT,2030-12-31,0.86,0.89444,0.81824,1,8992000000,5,Industrials,18.51,4671462990,1740187
2026-08-21,EQPT,2029-12-31,0.59,0.61363,0.56135,1,8360000000,3,Industrials,18.51,4671462990,1740187
2026-08-21,EQPT,2028-12-31,1.36966,1.59256,1.04862,4,7816152992,7,Industrials,18.51,4671462990,1740187
2026-08-21,EQPT,2027-12-31,0.73913,0.88542,0.58514,4,6575684340,7,Industrials,18.51,4671462990,1740187
2026-08-21,EQT,2030-12-31,6.7925,7.60166,5.89144,5,11482000000,4,Energy,53.72,33602719520,5331483
2026-08-21,EQT,2029-12-31,6.54563,7.32538,5.67732,5,11342086175,4,Energy,53.72,33602719520,5331483
2026-08-21,EQT,2028-12-31,5.33876,7.31018,4.22698,8,10292127324,9,Energy,53.72,33602719520,5331483
2026-08-21,EQT,2027-12-31,3.93867,4.52218,3.04097,9,9275729134,9,Energy,53.72,33602719520,5331483
2026-08-21,EQX,2030-12-31,1.54039,1.99672,1.23414,1,5669643755,2,Basic Materials,13.53,10679060308,15950205
2026-08-21,EQX,2029-12-31,1.79785,2.33045,1.44041,1,5768029676,2,Basic Materials,13.53,10679060308,15950205
2026-08-21,EQX,2028-12-31,1.77362,2.2745,1.23437,3,5719520169,5,Basic Materials,13.53,10679060308,15950205
2026-08-21,EQX,2027-12-31,1.45175,1.71059,1.22667,5,5081301032,4,Basic Materials,13.53,10679060308,15950205
2026-08-21,ERAS,2030-12-31,-0.498,-0.498,-0.498,5,288558800,5,Healthcare,17.63,6119849010,2445428
2026-08-21,ERAS,2029-12-31,-0.888,-0.888,-0.888,5,41487000,3,Healthcare,17.63,6119849010,2445428
2026-08-21,ERAS,2028-12-31,-0.74922,-0.5306,-1.03171,8,2750000,7,Healthcare,17.63,6119849010,2445428
2026-08-21,ERAS,2027-12-31,-0.59958,-0.39633,-0.79267,8,375000,4,Healthcare,17.63,6119849010,2445428
2026-08-21,ERIC,2030-12-31,4.6519,4.93234,4.43428,2,218092791079,5,Technology,10.22,33559234200,3344599
2026-08-21,ERIC,2029-12-31,6.41458,6.80128,6.11451,3,230993285211,5,Technology,10.22,33559234200,3344599
2026-08-21,ERIC,2028-12-31,7.04602,7.47079,6.71641,3,237078096213,4,Technology,10.22,33559234200,3344599
2026-08-21,ERIC,2027-12-31,6.38603,7.72503,5.35602,6,230915720522,11,Technology,10.22,33559234200,3344599
2026-08-21,ERO,2030-12-31,4.2492,4.93248,3.67774,1,1356925367,2,Basic Materials,39.42,4110637499,3650664
2026-08-21,ERO,2029-12-31,4.66431,5.41434,4.03702,1,1195781975,2,Basic Materials,39.42,4110637499,3650664
2026-08-21,ERO,2028-12-31,4.32494,4.95474,3.56017,4,1295160050,5,Basic Materials,39.42,4110637499,3650664
2026-08-21,ERO,2027-12-31,4.70988,4.97799,4.36133,6,1367074743,7,Basic Materials,39.42,4110637499,3650664
2026-08-21,EROC,2028-12-31,1.08004,1.2,0.96012,3,2199506400,6,Industrials,14.13,3862051517,2657218
2026-08-21,EROC,2027-12-31,0.5,0.71,0.39,3,1440000000,5,Industrials,14.13,3862051517,2657218
2026-08-21,EROC,2026-12-31,-0.3,-0.04,-0.56,3,456480000,4,Industrials,14.13,3862051517,2657218
2026-08-21,EROC,2025-12-31,-315.61282,-293.70592,-334.65945,1,190772000,1,Industrials,14.13,3862051517,2657218
2026-08-21,ES,2030-12-31,5.92638,6.47066,5.60833,1,16075228800,2,Utilities,70.21,26404578555,2091000
2026-08-21,ES,2029-12-31,5.59818,6.11232,5.29774,1,15535488800,2,Utilities,70.21,26404578555,2091000
2026-08-21,ES,2028-12-31,5.26057,5.48313,5.00766,3,14965509765,5,Utilities,70.21,26404578555,2091000
2026-08-21,ES,2027-12-31,4.91993,5.10916,4.8303,8,14356316498,6,Utilities,70.21,26404578555,2091000
2026-08-21,ESAB,2030-12-31,9.86,10.28208,9.67711,1,3782600000,2,Industrials,81.4,4955771520,654868
2026-08-21,ESAB,2029-12-31,8.67,9.04114,8.50918,1,3616400000,2,Industrials,81.4,4955771520,654868
2026-08-21,ESAB,2028-12-31,7.32667,7.64031,7.19077,1,3482035207,4,Industrials,81.4,4955771520,654868
2026-08-21,ESAB,2027-12-31,6.45515,7.15139,6.16671,7,3341939955,7,Industrials,81.4,4955771520,654868
2026-08-21,ESI,2028-12-31,2.36164,2.42822,2.30063,2,4215797644,3,Basic Materials,35.31,8604726173,2639340
2026-08-21,ESI,2027-12-31,2.08356,2.18231,2.02431,5,3960726081,6,Basic Materials,35.31,8604726173,2639340
2026-08-21,ESI,2026-12-31,1.81424,1.82426,1.79419,5,3677974300,6,Basic Materials,35.31,8604726173,2639340
2026-08-21,ESI,2025-12-31,1.48198,1.52258,1.42108,7,2504268268,5,Basic Materials,35.31,8604726173,2639340
2026-08-21,ESTA,2030-12-31,3.7,3.75204,3.65244,3,616200000,4,Healthcare,72.67,2138706441,571318
2026-08-21,ESTA,2029-12-31,2.34,2.37291,2.30992,3,528000000,4,Healthcare,72.67,2138706441,571318
2026-08-21,ESTA,2028-12-31,1.06916,1.53019,0.77898,9,418795873,9,Healthcare,72.67,2138706441,571318
2026-08-21,ESTA,2027-12-31,-0.015483,0.15483,-0.20128,4,339164768,6,Healthcare,72.67,2138706441,571318
2026-08-21,ESTC,2030-04-30,4.57663,4.79518,4.40006,1,2931375433,5,Technology,85.94,8933603340,998033
2026-08-21,ESTC,2029-04-30,4.73115,6.7522,2.71014,2,2642276752,8,Technology,85.94,8933603340,998033
2026-08-21,ESTC,2028-04-30,3.85282,4.4258,3.69476,15,2284913078,21,Technology,85.94,8933603340,998033
2026-08-21,ESTC,2027-04-30,3.24391,3.27385,3.22395,15,1995462352,22,Technology,85.94,8933603340,998033
2026-08-21,ET,2030-12-31,2.265,2.6651,1.60196,3,126561500000,5,Energy,21.19,72918180400,9797771
2026-08-21,ET,2029-12-31,2.01388,2.36962,1.42435,3,120962333333,5,Energy,21.19,72918180400,9797771
2026-08-21,ET,2028-12-31,1.79573,2.2181,1.2863,9,124336310173,10,Energy,21.19,72918180400,9797771
2026-08-21,ET,2027-12-31,1.70068,1.92339,1.42736,11,120309361343,9,Energy,21.19,72918180400,9797771
2026-08-21,ETD,2028-06-30,1.25,1.25761,1.24239,1,567000000,1,Consumer Cyclical,23.39,595189869,611582
2026-08-21,ETD,2027-06-30,1.25,1.25761,1.24239,1,559800000,1,Consumer Cyclical,23.39,595189869,611582
2026-08-21,ETD,2026-06-30,1.435,1.44373,1.42627,1,581500000,1,Consumer Cyclical,23.39,595189869,611582
2026-08-21,ETD,2025-06-30,2.00103,2.01321,1.98885,2,606500000,1,Consumer Cyclical,23.39,595189869,611582
2026-08-21,ETN,2030-12-31,24.21,25.6981,22.66865,5,44014000000,6,Industrials,419.2,162775360000,1343882
2026-08-21,ETN,2029-12-31,22.58185,23.96987,21.14416,5,44254047471,10,Industrials,419.2,162775360000,1343882
2026-08-21,ETN,2028-12-31,18.7052,19.59143,17.05322,8,40036607374,12,Industrials,419.2,162775360000,1343882
2026-08-21,ETN,2027-12-31,16.01843,17.21805,14.79865,15,36493023076,18,Industrials,419.2,162775360000,1343882
2026-08-21,ETON,2030-12-31,5.81,6.4365,5.3546,1,558200667,2,Healthcare,63.47,1738592962,619777
2026-08-21,ETON,2029-12-31,5.01,5.55024,4.6173,1,424011333,2,Healthcare,63.47,1738592962,619777
2026-08-21,ETON,2028-12-31,3.44,4.07622,2.88641,4,295941000,4,Healthcare,63.47,1738592962,619777
2026-08-21,ETON,2027-12-31,2.45823,2.98607,1.93039,2,219905575,3,Healthcare,63.47,1738592962,619777
2026-08-21,ETOR,2029-12-31,4.02869,4.34534,3.76879,5,1224400000,3,Financial Services,30.31,2550762086,2232198
2026-08-21,ETOR,2028-12-31,3.63981,3.9259,3.405,6,1105440217,3,Financial Services,30.31,2550762086,2232198
2026-08-21,ETOR,2027-12-31,3.02642,3.21728,2.85374,8,1024275333,7,Financial Services,30.31,2550762086,2232198
2026-08-21,ETOR,2026-12-31,2.54646,2.64614,2.36522,8,923982747,7,Financial Services,30.31,2550762086,2232198
2026-08-21,ETR,2030-12-31,7.26655,7.89686,6.76517,4,19873100000,7,Utilities,104.62,48818987321,2118313
2026-08-21,ETR,2029-12-31,6.50785,7.07235,6.05882,2,18256088889,10,Utilities,104.62,48818987321,2118313
2026-08-21,ETR,2028-12-31,5.78842,5.83849,5.75838,7,16794149945,15,Utilities,104.62,48818987321,2118313
2026-08-21,ETR,2027-12-31,5.09868,5.22942,4.85732,14,15321592480,12,Utilities,104.62,48818987321,2118313
2026-08-21,ETSY,2030-12-31,7.09333,7.32254,6.79257,8,3465812333,10,Consumer Cyclical,81.03,7689441598,1633755
2026-08-21,ETSY,2029-12-31,6.115,6.3126,5.85573,9,3301094783,10,Consumer Cyclical,81.03,7689441598,1633755
2026-08-21,ETSY,2028-12-31,5.23655,7.12029,3.63217,18,3122100614,20,Consumer Cyclical,81.03,7689441598,1633755
2026-08-21,ETSY,2027-12-31,4.55002,5.34224,3.91905,20,2983041703,22,Consumer Cyclical,81.03,7689441598,1633755
2026-08-21,EVRG,2030-12-31,5.96333,6.1326,5.67339,1,8029200000,5,Utilities,80.92,18653111960,1573867
2026-08-21,EVRG,2029-12-31,5.50429,5.66053,5.23667,1,7593200000,3,Utilities,80.92,18653111960,1573867
2026-08-21,EVRG,2028-12-31,4.96596,4.97103,4.96089,2,7027565716,7,Utilities,80.92,18653111960,1573867
2026-08-21,EVRG,2027-12-31,4.56048,4.59055,4.54043,6,6633085216,6,Utilities,80.92,18653111960,1573867
2026-08-21,EW,2030-12-31,4.62333,4.75701,4.47698,5,9808133333,11,Healthcare,89.79,51701082000,2075074
2026-08-21,EW,2029-12-31,4.20216,4.32366,4.06914,5,9001795418,14,Healthcare,89.79,51701082000,2075074
2026-08-21,EW,2028-12-31,3.79575,3.89012,3.6655,8,8199469507,22,Healthcare,89.79,51701082000,2075074
2026-08-21,EW,2027-12-31,3.38357,3.46365,3.29347,16,7418548511,22,Healthcare,89.79,51701082000,2075074
2026-08-21,EWBC,2028-12-31,12.07492,12.41214,11.89974,3,3660335079,5,Financial Services,129.97,17805404172,532643
2026-08-21,EWBC,2027-12-31,11.32717,11.64794,10.95628,12,3411867716,10,Financial Services,129.97,17805404172,532643
2026-08-21,EWBC,2026-12-31,10.63355,10.72375,10.55337,12,3194450255,10,Financial Services,129.97,17805404172,532643
2026-08-21,EWBC,2025-12-31,9.47875,9.52896,9.34822,11,2913997855,8,Financial Services,129.97,17805404172,532643
2026-08-21,EWTX,2030-12-31,-0.83875,-0.3325,-1.50076,5,338231375,5,Healthcare,44.18,4753458740,1117292
2026-08-21,EWTX,2029-12-31,-1.2825,-0.50842,-2.29476,5,210788571,5,Healthcare,44.18,4753458740,1117292
2026-08-21,EWTX,2028-12-31,-1.83338,-1.11347,-2.55391,8,89719444,10,Healthcare,44.18,4753458740,1117292
2026-08-21,EWTX,2027-12-31,-1.63846,-0.44004,-2.35938,9,38645455,8,Healthcare,44.18,4753458740,1117292
2026-08-21,EXC,2030-12-31,3.71157,3.8882,3.56384,2,28414133333,6,Utilities,43.78,45104518062,5322761
2026-08-21,EXC,2029-12-31,3.46032,3.62499,3.32259,3,27611171429,11,Utilities,43.78,45104518062,5322761
2026-08-21,EXC,2028-12-31,3.25808,3.28834,3.15721,6,27069089975,13,Utilities,43.78,45104518062,5322761
2026-08-21,EXC,2027-12-31,3.03823,3.07808,3.01831,12,26169292269,11,Utilities,43.78,45104518062,5322761
2026-08-21,EXE,2030-12-31,13.80763,16.69549,12.38429,4,15189648767,2,Energy,96.09,22245219360,4701351
2026-08-21,EXE,2029-12-31,10.37238,12.54176,9.30316,4,14956576233,2,Energy,96.09,22245219360,4701351
2026-08-21,EXE,2028-12-31,10.04476,16.91512,5.45167,10,13817870091,5,Energy,96.09,22245219360,4701351
2026-08-21,EXE,2027-12-31,8.60913,10.13506,7.25848,14,13121594713,6,Energy,96.09,22245219360,4701351
2026-08-21,EXEL,2031-01-02,4.15667,4.45618,3.59966,8,3034800900,10,Healthcare,54.08,13593282889,1894276
2026-08-21,EXEL,2030-01-02,4.83143,5.17956,4.184,6,3403584091,7,Healthcare,54.08,13593282889,1894276
2026-08-21,EXEL,2029-01-02,4.65421,6.33606,2.29961,9,3190786353,15,Healthcare,54.08,13593282889,1894276
2026-08-21,EXEL,2028-01-02,4.00605,4.71474,3.51391,10,2864340282,13,Healthcare,54.08,13593282889,1894276
2026-08-21,EXK,2030-12-31,0.71,0.96482,0.56981,1,1927903475,2,Basic Materials,10.62,3145049280,9388636
2026-08-21,EXK,2029-12-31,0.745,1.01239,0.5979,1,730985000,2,Basic Materials,10.62,3145049280,9388636
2026-08-21,EXK,2028-12-31,0.96,1.30455,0.77045,1,953853333,1,Basic Materials,10.62,3145049280,9388636
2026-08-21,EXK,2027-12-31,1.015,1.29766,0.71949,3,1056808166,4,Basic Materials,10.62,3145049280,9388636
2026-08-21,EXLS,2028-12-31,2.985,3.06472,2.86137,3,3007675000,4,Technology,37.53,5690035890,1826081
2026-08-21,EXLS,2027-12-31,2.59716,2.69705,2.51725,7,2691088914,7,Technology,37.53,5690035890,1826081
2026-08-21,EXLS,2026-12-31,2.28866,2.33863,2.26867,7,2409602287,7,Technology,37.53,5690035890,1826081
2026-08-21,EXLS,2025-12-31,1.9154,1.92538,1.90542,7,2077768975,6,Technology,37.53,5690035890,1826081
2026-08-21,EXPD,2028-12-31,8.03991,8.63639,7.35255,5,13329410336,7,Industrials,187.81,24563857710,655107
2026-08-21,EXPD,2027-12-31,7.98265,8.72618,7.17716,11,13147376712,11,Industrials,187.81,24563857710,655107
2026-08-21,EXPD,2026-12-31,7.70316,8.05559,7.40108,11,13060723356,11,Industrials,187.81,24563857710,655107
2026-08-21,EXPD,2025-12-31,5.9239,6.07451,5.77329,11,11026647829,9,Industrials,187.81,24563857710,655107
2026-08-21,EXPE,2030-12-31,33.2125,34.52428,32.34433,6,20886400000,11,Consumer Cyclical,321.63,36826192759,1242287
2026-08-21,EXPE,2029-12-31,30.56021,31.76723,29.76137,9,20018819145,14,Consumer Cyclical,321.63,36826192759,1242287
2026-08-21,EXPE,2028-12-31,27.93622,35.93644,22.24091,15,18655828943,22,Consumer Cyclical,321.63,36826192759,1242287
2026-08-21,EXPE,2027-12-31,24.09737,26.14999,21.13363,22,17349269906,27,Consumer Cyclical,321.63,36826192759,1242287
2026-08-21,EXR,2030-12-31,5.2,5.29723,5.13221,1,4295500000,1,Real Estate,146.81,31016483810,644309
2026-08-21,EXR,2029-12-31,5.3,5.3991,5.2309,1,3896657500,1,Real Estate,146.81,31016483810,644309
2026-08-21,EXR,2028-12-31,5.11471,5.45651,4.81141,5,3722435745,2,Real Estate,146.81,31016483810,644309
2026-08-21,EXR,2027-12-31,4.82842,4.95413,4.57129,7,3617557032,4,Real Estate,146.81,31016483810,644309
2026-08-21,EXTR,2029-06-30,1.71672,1.78996,1.66918,1,1698232442,2,Technology,23.02,3010511586,1471598
2026-08-21,EXTR,2028-06-30,1.52032,1.53981,1.50083,3,1522819482,5,Technology,23.02,3010511586,1471598
2026-08-21,EXTR,2027-06-30,1.30506,1.34461,1.26551,4,1394643095,6,Technology,23.02,3010511586,1471598
2026-08-21,EXTR,2026-06-30,1.03254,1.04247,1.02261,4,1277527096,6,Technology,23.02,3010511586,1471598
2026-08-21,EYE,2030-01-03,1.63,1.6571,1.61084,1,2478200000,2,Consumer Cyclical,17.88,1432486596,2297575
2026-08-21,EYE,2029-01-03,1.47905,1.50364,1.46167,1,2326669187,4,Consumer Cyclical,17.88,1432486596,2297575
2026-08-21,EYE,2028-01-03,1.20655,1.31525,1.03263,7,2165200938,8,Consumer Cyclical,17.88,1432486596,2297575
2026-08-21,EYE,2027-01-03,1.00539,1.09282,0.91796,7,2059971759,8,Consumer Cyclical,17.88,1432486596,2297575
2026-08-21,EZPW,2030-09-30,3.0193,3.08394,2.97721,1,2199716500,1,Financial Services,32.22,1886990302,2369836
2026-08-21,EZPW,2029-09-30,2.7397,2.79836,2.70151,1,2061548600,1,Financial Services,32.22,1886990302,2369836
2026-08-21,EZPW,2028-09-30,2.4246,2.4813,2.32122,3,1964059850,3,Financial Services,32.22,1886990302,2369836
2026-08-21,EZPW,2027-09-30,2.16286,2.20917,2.13271,4,1824453857,4,Financial Services,32.22,1886990302,2369836
2026-08-21,F,2030-12-31,2.50505,2.72486,2.34508,2,202676500000,5,Consumer Cyclical,14.41,57461255377,39160635
2026-08-21,F,2029-12-31,2.24339,2.44024,2.10013,3,198035040017,3,Consumer Cyclical,14.41,57461255377,39160635
2026-08-21,F,2028-12-31,2.15996,2.59465,1.85332,6,195659337519,7,Consumer Cyclical,14.41,57461255377,39160635
2026-08-21,F,2027-12-31,1.95803,2.08924,1.86719,13,189021071974,9,Consumer Cyclical,14.41,57461255377,39160635
2026-08-21,FA,2028-12-31,1.76027,1.77365,1.73478,1,1967654276,2,Industrials,20.9,3585124282,1516558
2026-08-21,FA,2027-12-31,1.50436,1.51579,1.4944,6,1818940291,7,Industrials,20.9,3585124282,1516558
2026-08-21,FA,2026-12-31,1.27528,1.30494,1.25551,6,1705850524,7,Industrials,20.9,3585124282,1516558
2026-08-21,FA,2025-12-31,1.00451,1.01214,0.98997,6,1546120053,6,Industrials,20.9,3585124282,1516558
2026-08-21,FANG,2030-12-31,19.06667,22.21714,17.35858,4,16302333333,2,Energy,210.72,59278275360,1325341
2026-08-21,FANG,2029-12-31,18.655,21.73744,16.98379,4,16315000000,2,Energy,210.72,59278275360,1325341
2026-08-21,FANG,2028-12-31,19.29163,23.02939,15.144,10,17376653073,4,Energy,210.72,59278275360,1325341
2026-08-21,FANG,2027-12-31,18.18393,21.34225,14.36457,16,17128165604,8,Energy,210.72,59278275360,1325341
2026-08-21,FAST,2029-12-31,1.63448,1.67468,1.5352,4,11861493517,10,Industrials,51.26,58820850000,4320617
2026-08-21,FAST,2028-12-31,1.52739,1.59415,1.47126,11,10996804761,12,Industrials,51.26,58820850000,4320617
2026-08-21,FAST,2027-12-31,1.4023,1.46283,1.36195,12,10167154848,12,Industrials,51.26,58820850000,4320617
2026-08-21,FAST,2026-12-31,1.2655,1.29563,1.22533,12,9311600730,12,Industrials,51.26,58820850000,4320617
2026-08-21,FBIN,2028-12-27,3.91811,4.02278,3.76912,3,4647919043,5,Basic Materials,44.53,5312135859,2226224
2026-08-21,FBIN,2027-12-27,3.38611,3.57478,3.02863,10,4450405251,12,Basic Materials,44.53,5312135859,2226224
2026-08-21,FBIN,2026-12-27,3.33806,3.4185,3.11686,9,4353198144,11,Basic Materials,44.53,5312135859,2226224
2026-08-21,FBIN,2025-12-27,3.73944,3.78957,3.71939,12,4521586675,10,Basic Materials,44.53,5312135859,2226224
2026-08-21,FBP,2028-12-31,2.7541,2.8048,2.70017,1,1145800000,1,Financial Services,28.52,4354274059,785772
2026-08-21,FBP,2027-12-31,2.54812,2.6377,2.34905,6,1137536167,4,Financial Services,28.52,4354274059,785772
2026-08-21,FBP,2026-12-31,2.39817,2.41815,2.3582,6,1089632667,4,Financial Services,28.52,4354274059,785772
2026-08-21,FBP,2025-12-31,2.0994,2.13805,2.05829,5,1011552533,3,Financial Services,28.52,4354274059,785772
2026-08-21,FBRX,2030-12-31,-5.59,-5.59,-5.59,1,133269000,1,Healthcare,76.92,1576090108,2011974
2026-08-21,FBRX,2029-12-31,-7.21,-7.21,-7.21,1,32440500,1,Healthcare,76.92,1576090108,2011974
2026-08-21,FBRX,2028-12-31,-2.61,-1.6336,-3.5864,2,14314000,2,Healthcare,76.92,1576090108,2011974
2026-08-21,FBRX,2027-12-31,-4.116,-2.70346,-5.52854,3,22500000,3,Healthcare,76.92,1576090108,2011974
2026-08-21,FCEL,2030-10-31,1.46667,1.84041,1.24069,1,1066979333,2,Industrials,19.54,1562304951,7531187
2026-08-21,FCEL,2029-10-31,0.54,0.6776,0.4568,1,796319000,2,Industrials,19.54,1562304951,7531187
2026-08-21,FCEL,2028-10-31,-0.583,-0.19433,-0.86235,3,409729469,4,Industrials,19.54,1562304951,7531187
2026-08-21,FCEL,2027-10-31,-1.17921,-0.99752,-1.47969,3,256356148,5,Industrials,19.54,1562304951,7531187
2026-08-21,FCFS,2030-12-31,19.85,20.57926,19.34546,1,6275700000,1,Financial Services,225.28,9770799104,609607
2026-08-21,FCFS,2029-12-31,17.77,18.42284,17.31833,1,5848500000,1,Financial Services,225.28,9770799104,609607
2026-08-21,FCFS,2028-12-31,15.535,16.30375,14.76625,2,5443450000,2,Financial Services,225.28,9770799104,609607
2026-08-21,FCFS,2027-12-31,13.13204,13.61449,12.79825,3,4792045980,5,Financial Services,225.28,9770799104,609607
2026-08-21,FCX,2030-12-31,2.77,3.243,2.45371,4,41470000000,12,Basic Materials,76.67,110217725200,25794902
2026-08-21,FCX,2029-12-31,4.7039,5.50712,4.16679,4,41752000000,8,Basic Materials,76.67,110217725200,25794902
2026-08-21,FCX,2028-12-31,4.44905,6.50958,2.55773,10,36492346911,14,Basic Materials,76.67,110217725200,25794902
2026-08-21,FCX,2027-12-31,4.0037,5.44203,2.62978,14,35415145502,14,Basic Materials,76.67,110217725200,25794902
2026-08-21,FDMT,2030-12-31,-1.852,-0.84186,-3.36577,1,363262400,5,Healthcare,15.83,827533101,907627
2026-08-21,FDMT,2029-12-31,-3.012,-1.36916,-5.47392,1,184334800,3,Healthcare,15.83,827533101,907627
2026-08-21,FDMT,2028-12-31,-3.875,-2.99181,-4.83547,5,47440875,7,Healthcare,15.83,827533101,907627
2026-08-21,FDMT,2027-12-31,-4.08667,-3.52299,-4.36851,6,18340741,5,Healthcare,15.83,827533101,907627
2026-08-21,FDX,2031-05-31,29.67,31.13671,27.83828,1,104279000000,1,Industrials,325.08,76907812595,1776656
2026-08-21,FDX,2030-05-31,26.04457,27.33206,24.43667,1,100199800000,1,Industrials,325.08,76907812595,1776656
2026-08-21,FDX,2029-05-31,24.37299,25.57785,22.86829,1,97621356937,3,Industrials,325.08,76907812595,1776656
2026-08-21,FDX,2028-05-31,21.36197,23.78219,19.41179,4,94811109693,5,Industrials,325.08,76907812595,1776656
2026-08-21,FDXF,2030-05-31,7.64045,7.75916,7.55977,3,10384223000,1,Industrials,137.32,20530060655,588444
2026-08-21,FDXF,2029-05-31,6.5798,6.68203,6.51032,2,10195111290,1,Industrials,137.32,20530060655,588444
2026-08-21,FDXF,2028-05-31,5.39641,5.48026,5.33942,3,9573731887,1,Industrials,137.32,20530060655,588444
2026-08-21,FDXF,2027-05-31,4.66806,4.98122,4.25704,6,9116949175,3,Industrials,137.32,20530060655,588444
2026-08-21,FE,2030-12-31,3.67459,4.0153,3.33186,1,18313980000,4,Utilities,45.97,26600077674,3464539
2026-08-21,FE,2029-12-31,3.40609,3.72191,3.0884,1,17609140000,4,Utilities,45.97,26600077674,3464539
2026-08-21,FE,2028-12-31,3.18311,3.24355,3.14282,3,17370749820,9,Utilities,45.97,26600077674,3464539
2026-08-21,FE,2027-12-31,2.94784,2.96783,2.91786,9,16497004647,8,Utilities,45.97,26600077674,3464539
2026-08-21,FER,2030-12-31,1.70848,1.75963,1.66222,1,12693760313,5,Industrials,62.835,45576222585,1156712
2026-08-21,FER,2029-12-31,1.57218,1.61925,1.52961,1,12151772375,5,Industrials,62.835,45576222585,1156712
2026-08-21,FER,2028-12-31,1.3552,1.39578,1.31851,1,11344302646,4,Industrials,62.835,45576222585,1156712
2026-08-21,FER,2027-12-31,1.18037,1.44636,0.90605,2,10837621636,10,Industrials,62.835,45576222585,1156712
2026-08-21,FERG,2030-06-30,15.46,15.86797,15.11185,5,39418000000,13,Industrials,242.24,46979497517,798349
2026-08-21,FERG,2029-06-30,15.29754,15.70122,14.95305,2,39154755089,9,Industrials,242.24,46979497517,798349
2026-08-21,FERG,2028-06-30,13.94745,15.30747,13.12458,7,37108491678,14,Industrials,242.24,46979497517,798349
2026-08-21,FERG,2027-06-30,12.61778,13.40702,12.15823,10,35118245993,14,Industrials,242.24,46979497517,798349
2026-08-21,FFBC,2028-12-31,3.75,3.76632,3.73713,1,1267200000,1,Financial Services,33.03,3466696680,606757
2026-08-21,FFBC,2027-12-31,3.3796,3.42858,3.33062,5,1192241950,3,Financial Services,33.03,3466696680,606757
2026-08-21,FFBC,2026-12-31,3.02923,3.04241,3.01943,5,1079276483,4,Financial Services,33.03,3466696680,606757
2026-08-21,FFBC,2025-12-31,2.61817,2.62717,2.60917,3,913286917,4,Financial Services,33.03,3466696680,606757
2026-08-21,FFIN,2027-12-31,2.16,2.17796,2.13291,3,747405750,3,Financial Services,34.13,4890214660,735016
2026-08-21,FFIN,2026-12-31,2.046,2.06301,2.02034,3,704587750,3,Financial Services,34.13,4890214660,735016
2026-08-21,FFIN,2025-12-31,1.768,1.7827,1.74583,3,639722750,2,Financial Services,34.13,4890214660,735016
2026-08-21,FFIN,2024-12-31,1.5275,1.5402,1.50834,3,556044000,2,Financial Services,34.13,4890214660,735016
2026-08-21,FFIV,2029-09-30,21.395,21.945,20.78508,1,4030800000,6,Technology,384.63,21700516896,575466
2026-08-21,FFIV,2028-09-30,20.12857,22.85034,17.4068,2,3904845940,9,Technology,384.63,21700516896,575466
2026-08-21,FFIV,2027-09-30,18.02542,18.76853,17.66391,8,3632837146,9,Technology,384.63,21700516896,575466
2026-08-21,FFIV,2026-09-30,17.33308,17.41314,17.29305,8,3383164575,9,Technology,384.63,21700516896,575466
2026-08-21,FHB,2028-12-31,2.6797,2.81358,2.54502,3,1524533333,3,Financial Services,26.32,3202512320,1692540
2026-08-21,FHB,2027-12-31,2.50689,2.67668,2.38704,7,1460531857,5,Financial Services,26.32,3202512320,1692540
2026-08-21,FHB,2026-12-31,2.34033,2.35033,2.33033,6,916700300,4,Financial Services,26.32,3202512320,1692540
2026-08-21,FHB,2025-12-31,2.16032,2.17018,2.13073,6,881627907,5,Financial Services,26.32,3202512320,1692540
2026-08-21,FHN,2028-12-31,2.50986,2.61652,2.42011,6,3864449625,3,Financial Services,24.63,11689841340,4096449
2026-08-21,FHN,2027-12-31,2.30072,2.35971,2.21223,13,3697510568,9,Financial Services,24.63,11689841340,4096449
2026-08-21,FHN,2026-12-31,2.13985,2.16971,2.10004,13,3547735524,9,Financial Services,24.63,11689841340,4096449
2026-08-21,FHN,2025-12-31,1.8425,1.89257,1.81246,12,3393246900,6,Financial Services,24.63,11689841340,4096449
2026-08-21,FIBK,2028-12-31,3.2,3.23862,3.17144,1,1052269837,2,Financial Services,37.49,3641887321,985440
2026-08-21,FIBK,2027-12-31,2.85333,2.88275,2.84352,5,1012241211,4,Financial Services,37.49,3641887321,985440
2026-08-21,FIBK,2026-12-31,2.87,2.91042,2.81947,5,988305092,4,Financial Services,37.49,3641887321,985440
2026-08-21,FIBK,2025-12-31,2.64986,2.68141,2.61831,4,997620800,4,Financial Services,37.49,3641887321,985440
2026-08-21,FIG,2029-12-31,0.75,0.83056,0.7225,1,2759300000,6,Technology,27.1,13210190471,9915204
2026-08-21,FIG,2028-12-31,0.48808,0.51023,0.46593,2,2258079425,8,Technology,27.1,13210190471,9915204
2026-08-21,FIG,2027-12-31,0.36292,0.43097,0.29487,7,1818943191,11,Technology,27.1,13210190471,9915204
2026-08-21,FIG,2026-12-31,0.28647,0.30693,0.25578,7,1469333354,11,Technology,27.1,13210190471,9915204
2026-08-21,FIGR,2028-12-31,1.77668,1.87401,1.70152,1,1282299000,3,Financial Services,39.1,7140549134,5041403
2026-08-21,FIGR,2027-12-31,1.46728,1.57209,1.35295,3,1119375557,5,Financial Services,39.1,7140549134,5041403
2026-08-21,FIGR,2026-12-31,1.20744,1.2586,1.14604,3,883704757,5,Financial Services,39.1,7140549134,5041403
2026-08-21,FIGR,2025-12-31,0.66085,0.90867,0.39926,3,512298019,4,Financial Services,39.1,7140549134,5041403
2026-08-21,FIGS,2029-12-31,0,0,0,0,759000000,1,Consumer Cyclical,14.68,2452253527,1941864
2026-08-21,FIGS,2028-12-31,0.42,0.47676,0.36324,2,899105000,2,Consumer Cyclical,14.68,2452253527,1941864
2026-08-21,FIGS,2027-12-31,0.38957,0.4354,0.33228,7,829742167,7,Consumer Cyclical,14.68,2452253527,1941864
2026-08-21,FIGS,2026-12-31,0.36814,0.37837,0.35676,4,761084766,6,Consumer Cyclical,14.68,2452253527,1941864
2026-08-21,FIS,2029-12-31,7.89855,7.99732,7.77379,3,15146458100,8,Technology,41.34,21367777860,5514993
2026-08-21,FIS,2028-12-31,7.39429,9.26415,5.4296,6,14690337524,14,Technology,41.34,21367777860,5514993
2026-08-21,FIS,2027-12-31,6.70206,6.78161,6.52307,17,14260014243,19,Technology,41.34,21367777860,5514993
2026-08-21,FIS,2026-12-31,6.2016,6.23166,6.17154,17,13660868191,19,Technology,41.34,21367777860,5514993
2026-08-21,FISV,2030-12-31,13.78548,14.12176,13.41173,3,22543700000,7,Technology,52.58,28038495320,5359798
2026-08-21,FISV,2029-12-31,11.10382,11.37469,10.80278,3,21930014286,10,Technology,52.58,28038495320,5359798
2026-08-21,FISV,2028-12-31,9.10374,10.30923,8.05974,9,20954146972,15,Technology,52.58,28038495320,5359798
2026-08-21,FISV,2027-12-31,8.05283,8.79198,7.43039,22,20305432752,22,Technology,52.58,28038495320,5359798
2026-08-21,FITB,2028-12-31,5.41229,5.86725,4.6836,5,14693950923,5,Financial Services,54.82,49684023840,6259010
2026-08-21,FITB,2027-12-31,4.9325,5.14433,4.30711,13,13979192865,7,Financial Services,54.82,49684023840,6259010
2026-08-21,FITB,2026-12-31,3.06023,3.11197,3.01588,13,12867112162,3,Financial Services,54.82,49684023840,6259010
2026-08-21,FITB,2025-12-31,3.49044,3.54977,3.45089,14,9038922566,9,Financial Services,54.82,49684023840,6259010
2026-08-21,FIVE,2030-01-31,14.04,14.72268,13.251,1,7494784800,6,Consumer Cyclical,250.24,13837108634,886449
2026-08-21,FIVE,2029-01-31,11.34263,11.89324,10.97222,3,6687712619,13,Consumer Cyclical,250.24,13837108634,886449
2026-08-21,FIVE,2028-01-31,9.88957,10.22887,9.43052,13,6036113668,18,Consumer Cyclical,250.24,13837108634,886449
2026-08-21,FIVE,2027-01-31,9.20111,9.82938,8.77551,13,5521880217,18,Consumer Cyclical,250.24,13837108634,886449
2026-08-21,FIVN,2030-12-31,4.23,4.29904,4.16606,1,1797400000,5,Technology,32.75,2507470607,1340424
2026-08-21,FIVN,2029-12-31,3.93,3.99414,3.8706,1,1663100000,3,Technology,32.75,2507470607,1340424
2026-08-21,FIVN,2028-12-31,4.47486,4.54789,4.40722,1,1527202362,7,Technology,32.75,2507470607,1340424
2026-08-21,FIVN,2027-12-31,3.83811,4.45585,3.62544,12,1380909935,16,Technology,32.75,2507470607,1340424
2026-08-21,FLEX,2029-03-31,9.66,9.96881,9.35119,2,51819122250,4,Technology,110.45,40800558920,2765177
2026-08-21,FLEX,2028-03-31,7.11875,7.83169,6.28876,6,44980915254,7,Technology,110.45,40800558920,2765177
2026-08-21,FLEX,2027-03-31,4.69846,4.74898,4.64794,6,34608931416,7,Technology,110.45,40800558920,2765177
2026-08-21,FLEX,2026-03-31,3.24644,3.25646,3.23642,5,27396479605,6,Technology,110.45,40800558920,2765177
2026-08-21,FLG,2028-12-31,1.80704,1.99925,1.61483,2,3126700376,2,Financial Services,13.47,5614498050,2973246
2026-08-21,FLG,2027-12-31,1.31385,1.56651,0.96012,13,2759387460,10,Financial Services,13.47,5614498050,2973246
2026-08-21,FLG,2026-12-31,0.33489,0.52626,0.23921,12,2179917632,9,Financial Services,13.47,5614498050,2973246
2026-08-21,FLG,2025-12-31,-0.54051,-0.50096,-0.55369,12,2023867085,9,Financial Services,13.47,5614498050,2973246
2026-08-21,FLNC,2030-09-30,1.2,1.38794,0.9899,6,6227667500,8,Utilities,11.34,2092532324,4928843
2026-08-21,FLNC,2029-09-30,0.75,0.86746,0.61869,5,5535632500,8,Utilities,11.34,2092532324,4928843
2026-08-21,FLNC,2028-09-30,0.4104,0.95151,0.08416062,9,4858666554,16,Utilities,11.34,2092532324,4928843
2026-08-21,FLNC,2027-09-30,0.15815,0.36902,-0.21087,5,4043897422,13,Utilities,11.34,2092532324,4928843
2026-08-21,FLR,2028-12-31,3.90651,4.16289,3.76346,3,20273880400,3,Industrials,52.42,7321501400,1898926
2026-08-21,FLR,2027-12-31,3.38695,3.72674,3.091,5,18394780550,5,Industrials,52.42,7321501400,1898926
2026-08-21,FLR,2026-12-31,2.69826,2.73884,2.6374,5,16679928144,5,Industrials,52.42,7321501400,1898926
2026-08-21,FLR,2025-12-31,2.19781,2.26838,2.11716,6,15746076389,5,Industrials,52.42,7321501400,1898926
2026-08-21,FLS,2030-12-31,6.42,6.50742,6.35794,1,6043200000,2,Industrials,79.39,10176723615,653963
2026-08-21,FLS,2029-12-31,5.84,5.91952,5.78355,1,5779600000,2,Industrials,79.39,10176723615,653963
2026-08-21,FLS,2028-12-31,5.15992,5.23018,5.11004,1,5434491888,5,Industrials,79.39,10176723615,653963
2026-08-21,FLS,2027-12-31,4.65993,4.72978,4.60006,7,5209828368,9,Industrials,79.39,10176723615,653963
2026-08-21,FLUT,2030-12-31,19.09333,20.23583,18.46073,4,24460666667,14,Consumer Cyclical,102.61,17800898955,812563
2026-08-21,FLUT,2029-12-31,15.15604,16.06294,14.65389,2,23249059484,14,Consumer Cyclical,102.61,17800898955,812563
2026-08-21,FLUT,2028-12-31,10.82813,20.0043,3.87878,7,21240355306,16,Consumer Cyclical,102.61,17800898955,812563
2026-08-21,FLUT,2027-12-31,7.60356,8.16063,6.1669,8,19512809769,20,Consumer Cyclical,102.61,17800898955,812563
2026-08-21,FLY,2030-12-31,1.01,1.10298,0.89715,4,1763900000,5,Industrials,24.45,4015550885,2097832
2026-08-21,FLY,2029-12-31,-0.3244,-0.28815,-0.35427,2,1293633550,3,Industrials,24.45,4015550885,2097832
2026-08-21,FLY,2028-12-31,-0.72191,-0.34929,-1.33494,7,1074599394,7,Industrials,24.45,4015550885,2097832
2026-08-21,FLY,2027-12-31,-1.43714,-1.13814,-1.60111,6,684898959,8,Industrials,24.45,4015550885,2097832
2026-08-21,FLYW,2029-12-31,1.4805,1.53844,1.42153,1,1472964277,4,Industrials,19.54,2374989300,1932254
2026-08-21,FLYW,2028-12-31,0.97443,1.21401,0.81277,5,1015161548,6,Industrials,19.54,2374989300,1932254
2026-08-21,FLYW,2027-12-31,0.6818,0.7424,0.6212,7,881631453,11,Industrials,19.54,2374989300,1932254
2026-08-21,FLYW,2026-12-31,0.40219,0.42707,0.37731,6,764320586,11,Industrials,19.54,2374989300,1932254
2026-08-21,FMC,2029-12-31,2.33468,2.49999,2.23046,1,3875988944,5,Basic Materials,11.02,1379999766,2408117
2026-08-21,FMC,2028-12-31,2.01388,2.59628,1.39059,4,3915361231,11,Basic Materials,11.02,1379999766,2408117
2026-08-21,FMC,2027-12-31,1.6618,2.03806,1.3587,8,3752649838,9,Basic Materials,11.02,1379999766,2408117
2026-08-21,FMC,2026-12-31,1.33164,1.64437,1.09961,7,3586761132,9,Basic Materials,11.02,1379999766,2408117
2026-08-21,FMNB,2027-12-31,1.76,1.8,1.69,3,289850000,2,Financial Services,15.69,697700300,519606
2026-08-21,FMNB,2026-12-31,1.57333,1.59206,1.5546,3,269750000,2,Financial Services,15.69,697700300,519606
2026-08-21,FMNB,2025-12-31,1.53333,1.55203,1.52398,3,194355000,2,Financial Services,15.69,697700300,519606
2026-08-21,FMNB,2024-12-31,1.18,1.18959,1.17041,3,173650000,2,Financial Services,15.69,697700300,519606
2026-08-21,FMS,2030-12-31,3.32167,3.49954,3.23843,1,22671020324,4,Healthcare,23.43,12584938960,791556
2026-08-21,FMS,2029-12-31,2.97347,3.13269,2.89896,1,21756619225,4,Healthcare,23.43,12584938960,791556
2026-08-21,FMS,2028-12-31,2.45705,2.58862,2.39548,2,21021619484,3,Healthcare,23.43,12584938960,791556
2026-08-21,FMS,2027-12-31,2.14121,2.40544,1.8952,5,20249445400,9,Healthcare,23.43,12584938960,791556
2026-08-21,FN,2029-06-26,29.28,32.30236,27.46454,1,9410000000,2,Technology,436.67,15645755099,1132008
2026-08-21,FN,2028-06-26,21.72811,23.97095,20.38089,3,7269159250,5,Technology,436.67,15645755099,1132008
2026-08-21,FN,2027-06-26,18.2021,19.00483,16.88855,4,6087154875,5,Technology,436.67,15645755099,1132008
2026-08-21,FN,2026-06-26,13.83951,13.86947,13.78958,4,4601450625,5,Technology,436.67,15645755099,1132008
2026-08-21,FNB,2028-12-31,2.0711,2.08361,2.05827,1,2087500000,1,Financial Services,18.53,6596011975,1895230
2026-08-21,FNB,2027-12-31,1.87022,1.92959,1.78116,7,1995172383,5,Financial Services,18.53,6596011975,1895230
2026-08-21,FNB,2026-12-31,1.68709,1.69707,1.64716,7,1876163100,5,Financial Services,18.53,6596011975,1895230
2026-08-21,FNB,2025-12-31,1.49649,1.50647,1.47654,7,1769661250,5,Financial Services,18.53,6596011975,1895230
2026-08-21,FND,2028-12-25,2.65929,3.02209,2.07262,3,5531313592,9,Consumer Cyclical,54.26,5778147400,1480004
2026-08-21,FND,2027-12-25,2.20372,2.34998,1.9892,13,5104638983,16,Consumer Cyclical,54.26,5778147400,1480004
2026-08-21,FND,2026-12-25,1.97068,2.04,1.88155,13,4853365016,16,Consumer Cyclical,54.26,5778147400,1480004
2026-08-21,FND,2025-12-25,1.90708,1.94702,1.84717,16,4686068204,13,Consumer Cyclical,54.26,5778147400,1480004
2026-08-21,FNF,2028-12-31,6.21283,6.27628,6.16323,1,16581000000,1,Financial Services,47.3,12731151642,901962
2026-08-21,FNF,2027-12-31,5.7468,6.05691,5.57236,3,15596682763,3,Financial Services,47.3,12731151642,901962
2026-08-21,FNF,2026-12-31,5.13276,5.34246,5.01293,3,14959383347,2,Financial Services,47.3,12731151642,901962
2026-08-21,FNF,2025-12-31,5.11302,5.21508,5.02117,3,14099985861,3,Financial Services,47.3,12731151642,901962
2026-08-21,FNV,2030-12-31,9.88,12.42623,8.03474,1,2670462300,2,Basic Materials,265.74,51249553440,949809
2026-08-21,FNV,2029-12-31,8.9409,11.24511,7.27104,1,2868299667,2,Basic Materials,265.74,51249553440,949809
2026-08-21,FNV,2028-12-31,10.34612,10.6885,10.00375,2,2961391417,4,Basic Materials,265.74,51249553440,949809
2026-08-21,FNV,2027-12-31,9.427,10.50069,7.67688,6,2910954568,6,Basic Materials,265.74,51249553440,949809
2026-08-21,FORM,2028-12-27,4.38,4.76896,3.77814,1,1227000000,2,Technology,114.16,8899316772,683968
2026-08-21,FORM,2027-12-27,3.74798,3.95448,3.20075,7,1196933544,8,Technology,114.16,8899316772,683968
2026-08-21,FORM,2026-12-27,3.0482,3.05819,3.02821,6,1033064730,7,Technology,114.16,8899316772,683968
2026-08-21,FORM,2025-12-27,1.12876,1.14806,1.09982,7,780137000,7,Technology,114.16,8899316772,683968
2026-08-21,FOUR,2029-12-31,8.17,9.0607,7.58815,2,3377000000,6,Technology,47.93,4364741232,1919543
2026-08-21,FOUR,2028-12-31,8.15,10.98522,5.66249,7,6934000000,8,Technology,47.93,4364741232,1919543
2026-08-21,FOUR,2027-12-31,7.93707,9.31581,7.14212,15,5576000000,10,Technology,47.93,4364741232,1919543
2026-08-21,FOUR,2026-12-31,6.35752,9.987,4.86,20,5021812590,14,Technology,47.93,4364741232,1919543
2026-08-21,FOX,2030-06-30,6.07262,6.16034,5.98041,1,18123403934,1,Communication Services,61.05,26770720665,542185
2026-08-21,FOX,2029-06-30,6.79098,6.88907,6.68786,1,18763633161,1,Communication Services,61.05,26770720665,542185
2026-08-21,FOX,2028-06-30,5.86051,5.98197,5.64795,4,17937844557,3,Communication Services,61.05,26770720665,542185
2026-08-21,FOX,2027-06-30,5.93273,6.10338,5.63158,5,17590388170,3,Communication Services,61.05,26770720665,542185
2026-08-21,FOXA,2030-06-30,6.07262,6.3367,5.87183,2,18123403934,9,Communication Services,68.54,30055121939,5731662
2026-08-21,FOXA,2029-06-30,6.79098,7.19919,6.4166,6,18763633161,10,Communication Services,68.54,30055121939,5731662
2026-08-21,FOXA,2028-06-30,5.84297,6.19678,5.33752,11,17920495736,13,Communication Services,68.54,30055121939,5731662
2026-08-21,FOXA,2027-06-30,5.93037,6.07014,5.60091,12,17594148739,12,Communication Services,68.54,30055121939,5731662
2026-08-21,FPS,2029-06-30,0,0,0,0,3519803000,2,Industrials,33.18,8625843387,2500440
2026-08-21,FPS,2028-06-30,2.00569,2.17488,1.85407,1,2849088970,9,Industrials,33.18,8625843387,2500440
2026-08-21,FPS,2027-06-30,1.09,1.25,0.92,5,1990000000,8,Industrials,33.18,8625843387,2500440
2026-08-21,FPS,2026-06-30,0.68,0.74,0.6,5,1390000000,8,Industrials,33.18,8625843387,2500440
2026-08-21,FRO,2029-12-31,3.38,4.05977,2.54063,1,2405000000,4,Industrials,43.67,9721941563,1925616
2026-08-21,FRO,2028-12-31,2.82098,3.47753,1.91619,3,1488846550,6,Industrials,43.67,9721941563,1925616
2026-08-21,FRO,2027-12-31,3.81631,4.96231,2.94553,5,1708458786,6,Industrials,43.67,9721941563,1925616
2026-08-21,FRO,2026-12-31,8.36306,10.04499,6.28624,3,2460241900,5,Industrials,43.67,9721941563,1925616
2026-08-21,FROG,2028-12-31,1.44189,4.42637,-1.54231,2,908176022,9,Technology,92.13,11158785600,1796506
2026-08-21,FROG,2027-12-31,1.14462,1.29012,1.04762,13,767488282,16,Technology,92.13,11158785600,1796506
2026-08-21,FROG,2026-12-31,0.98031,1.00032,0.9503,12,651821635,16,Technology,92.13,11158785600,1796506
2026-08-21,FROG,2025-12-31,0.7921,0.80213,0.78207,15,524610834,14,Technology,92.13,11158785600,1796506
2026-08-21,FRPT,2030-12-31,3.0742,3.13705,3.00632,2,1669994113,4,Consumer Defensive,73.965,3634846536,1077062
2026-08-21,FRPT,2029-12-31,2.58041,2.63316,2.52344,3,1569142380,4,Consumer Defensive,73.965,3634846536,1077062
2026-08-21,FRPT,2028-12-31,2.54702,3.06112,2.11496,6,1432728527,9,Consumer Defensive,73.965,3634846536,1077062
2026-08-21,FRPT,2027-12-31,1.85747,1.89084,1.8241,6,1327638859,14,Consumer Defensive,73.965,3634846536,1077062
2026-08-21,FRSH,2028-12-31,0.9914,1.03097,0.94953,3,1273403644,9,Technology,12.98,3588115773,4112380
2026-08-21,FRSH,2027-12-31,0.83319,0.85351,0.79255,9,1102013952,12,Technology,12.98,3588115773,4112380
2026-08-21,FRSH,2026-12-31,0.66905,0.67717,0.65906,9,965005389,12,Technology,12.98,3588115773,4112380
2026-08-21,FRSH,2025-12-31,0.63494,0.64502,0.62896,11,834822080,10,Technology,12.98,3588115773,4112380
2026-08-21,FRVO,2030-12-31,0.7675,0.87091,0.63846,1,807197189,5,Utilities,16.92,4853663789,2359689
2026-08-21,FRVO,2029-12-31,0.3,0.34042,0.24956,1,522312122,5,Utilities,16.92,4853663789,2359689
2026-08-21,FRVO,2028-12-31,-0.237,-0.19758,-0.27642,2,230380000,10,Utilities,16.92,4853663789,2359689
2026-08-21,FRVO,2027-12-31,-0.37442,-0.20968,-0.69642,5,72901979,8,Utilities,16.92,4853663789,2359689
2026-08-21,FSK,2028-12-31,1.29,1.31,1.27,2,969650000,2,Financial Services,11.91,3335591217,1098662
2026-08-21,FSK,2027-12-31,1.51455,1.72659,1.38329,8,1072192791,8,Financial Services,11.91,3335591217,1098662
2026-08-21,FSK,2026-12-31,1.64182,1.7119,1.56173,7,1138720060,8,Financial Services,11.91,3335591217,1098662
2026-08-21,FSK,2025-12-31,2.36038,2.3803,2.3305,7,1531383367,8,Financial Services,11.91,3335591217,1098662
2026-08-21,FSLR,2030-12-31,31.03,34.91523,27.71027,11,7226610333,13,Energy,214.28,23028625958,1463779
2026-08-21,FSLR,2029-12-31,34.47286,38.78917,30.78479,11,7246818571,13,Energy,214.28,23028625958,1463779
2026-08-21,FSLR,2028-12-31,29.44414,40.07398,22.89646,25,6582098127,27,Energy,214.28,23028625958,1463779
2026-08-21,FSLR,2027-12-31,23.4217,29.94632,17.645,24,5893217206,24,Energy,214.28,23028625958,1463779
2026-08-21,FSLY,2030-12-31,0.74,0.75331,0.72412,4,1043200000,2,Technology,24.95,3904675000,5643353
2026-08-21,FSLY,2029-12-31,0.67,0.68205,0.65562,2,966600000,2,Technology,24.95,3904675000,5643353
2026-08-21,FSLY,2028-12-31,0.6831,0.69539,0.66844,4,922318971,4,Technology,24.95,3904675000,5643353
2026-08-21,FSLY,2027-12-31,0.58392,0.71577,0.49916,7,829269703,9,Technology,24.95,3904675000,5643353
2026-08-21,FSM,2030-12-31,1.95,2.19313,1.64615,1,705391174,2,Basic Materials,12.07,3656695661,6958156
2026-08-21,FSM,2029-12-31,1.96,2.20438,1.65459,1,750245882,1,Basic Materials,12.07,3656695661,6958156
2026-08-21,FSM,2028-12-31,2.07417,2.33278,1.75097,1,1799020467,1,Basic Materials,12.07,3656695661,6958156
2026-08-21,FSM,2027-12-31,1.76035,1.97984,1.48605,2,1498407800,3,Basic Materials,12.07,3656695661,6958156
2026-08-21,FTAI,2030-12-31,36.48,41.48969,27.85842,2,12996000000,3,Industrials,209.7,21511655100,903641
2026-08-21,FTAI,2029-12-31,24.485,27.84745,18.69828,3,10082400000,4,Industrials,209.7,21511655100,903641
2026-08-21,FTAI,2028-12-31,17.59833,22.64,12.27,6,7537097988,6,Industrials,209.7,21511655100,903641
2026-08-21,FTAI,2027-12-31,12.6295,14.36387,9.64468,4,6115796627,6,Industrials,209.7,21511655100,903641
2026-08-21,FTDR,2028-12-31,5.83,6.05863,5.60137,2,2498834000,3,Consumer Cyclical,82.59,5800700391,661045
2026-08-21,FTDR,2027-12-31,5.2275,5.3296,5.15603,4,2333921167,5,Consumer Cyclical,82.59,5800700391,661045
2026-08-21,FTDR,2026-12-31,4.7175,4.74787,4.67701,4,2198911833,4,Consumer Cyclical,82.59,5800700391,661045
2026-08-21,FTDR,2025-12-31,3.99893,4.06926,3.82812,4,2082120000,5,Consumer Cyclical,82.59,5800700391,661045
2026-08-21,FTI,2030-12-31,5.25,5.63364,5.01425,3,13112500000,14,Energy,77.45,30373132160,1439269
2026-08-21,FTI,2029-12-31,4.81966,5.17186,4.60324,3,12586642534,14,Energy,77.45,30373132160,1439269
2026-08-21,FTI,2028-12-31,4.1186,4.72147,3.38297,9,11985437212,16,Energy,77.45,30373132160,1439269
2026-08-21,FTI,2027-12-31,3.6098,4.37029,3.08253,13,11364774988,17,Energy,77.45,30373132160,1439269
2026-08-21,FTK,2030-12-31,1.08,1.15075,0.98927,1,410500000,1,Energy,24.67,892498925,628505
2026-08-21,FTK,2029-12-31,0.86,0.91634,0.78775,1,377900000,1,Energy,24.67,892498925,628505
2026-08-21,FTK,2028-12-31,0.63,0.67127,0.57708,1,346900000,1,Energy,24.67,892498925,628505
2026-08-21,FTK,2027-12-31,1.12333,1.47195,0.86187,3,394114286,4,Energy,24.67,892498925,628505
2026-08-21,FTNT,2030-12-31,3.77129,4.06284,3.56069,3,12191745262,11,Technology,153.51,112632382872,3744038
2026-08-21,FTNT,2029-12-31,3.54975,3.82417,3.35152,3,11423122342,11,Technology,153.51,112632382872,3744038
2026-08-21,FTNT,2028-12-31,4.27697,5.43096,3.64556,9,10033324658,23,Technology,153.51,112632382872,3744038
2026-08-21,FTNT,2027-12-31,3.76622,4.50955,3.31031,26,9032192576,33,Technology,153.51,112632382872,3744038
2026-08-21,FTRE,2030-12-31,2.07333,2.1025,2.05024,1,3163850000,4,Healthcare,18.39,1748889000,829939
2026-08-21,FTRE,2029-12-31,1.73333,1.75771,1.71403,1,3018800000,4,Healthcare,18.39,1748889000,829939
2026-08-21,FTRE,2028-12-31,1.33199,39.2937,-31.30176,4,2861076248,9,Healthcare,18.39,1748889000,829939
2026-08-21,FTRE,2027-12-31,1.06382,1.28461,0.88317,7,2743162803,9,Healthcare,18.39,1748889000,829939
2026-08-21,FTS,2030-12-31,4.73142,5.39059,4.37832,1,15296899970,2,Utilities,54.9,27951401426,860752
2026-08-21,FTS,2029-12-31,4.464,5.08591,4.13085,1,14667414845,2,Utilities,54.9,27951401426,860752
2026-08-21,FTS,2028-12-31,4.21434,4.34911,4.16534,5,15288161106,5,Utilities,54.9,27951401426,860752
2026-08-21,FTS,2027-12-31,3.98704,4.05952,3.94355,8,13903139081,5,Utilities,54.9,27951401426,860752
2026-08-21,FTV,2030-12-31,4.17,4.20587,4.11257,1,5138000000,5,Technology,60.08,18145184484,1435523
2026-08-21,FTV,2029-12-31,3.94,3.97389,3.88574,1,4939000000,3,Technology,60.08,18145184484,1435523
2026-08-21,FTV,2028-12-31,3.48254,3.64323,3.35748,4,4708449902,7,Technology,60.08,18145184484,1435523
2026-08-21,FTV,2027-12-31,3.24907,3.30924,3.17887,9,4537951684,11,Technology,60.08,18145184484,1435523
2026-08-21,FUBO,2030-12-31,1.5902,1.60887,1.57153,1,7746894635,1,Communication Services,10.23,1119090779,1178565
2026-08-21,FUBO,2029-12-31,1.3921,1.40844,1.37576,1,7392653803,1,Communication Services,10.23,1119090779,1178565
2026-08-21,FUBO,2028-12-31,0.78798,0.79723,0.77873,1,6784572544,1,Communication Services,10.23,1119090779,1178565
2026-08-21,FUBO,2027-12-31,-0.10333,-0.08610833,-0.12055,2,6513296000,2,Communication Services,10.23,1119090779,1178565
2026-08-21,FULT,2028-12-31,2.1167,2.13571,2.09007,3,2153079879,1,Financial Services,23.64,4518407760,1313871
2026-08-21,FULT,2027-12-31,2.30394,2.38271,2.22517,6,1519164000,4,Financial Services,23.64,4518407760,1313871
2026-08-21,FULT,2026-12-31,2.0928,2.14911,2.03649,6,1439433667,4,Financial Services,23.64,4518407760,1313871
2026-08-21,FULT,2025-12-31,2.04515,2.05503,2.03527,2,1326500000,1,Financial Services,23.64,4518407760,1313871
2026-08-21,FUN,2029-12-31,1.56,1.60663,1.53196,1,3248000000,2,Consumer Cyclical,16.73,1709871950,895236
2026-08-21,FUN,2028-12-31,0.51234,0.97867,0.10328,5,3111179932,5,Consumer Cyclical,16.73,1709871950,895236
2026-08-21,FUN,2027-12-31,-0.082763,0.13883,-0.19489,6,3036634528,9,Consumer Cyclical,16.73,1709871950,895236
2026-08-21,FUN,2026-12-31,-2.64746,-2.29973,-2.90825,5,2921921839,9,Consumer Cyclical,16.73,1709871950,895236
2026-08-21,FUTU,2028-12-31,104.86936,131.59147,91.54446,9,28249143557,10,Financial Services,123.64,17254987841,3380176
2026-08-21,FUTU,2027-12-31,91.32605,103.98753,82.25879,9,24947936214,9,Financial Services,123.64,17254987841,3380176
2026-08-21,FUTU,2026-12-31,72.37921,78.38413,65.97397,5,23501146069,8,Financial Services,123.64,17254987841,3380176
2026-08-21,FUTU,2025-12-31,74.49157,76.19128,71.90506,7,22285717213,7,Financial Services,123.64,17254987841,3380176
2026-08-21,FWONK,2030-12-31,3.92324,4.07975,3.76362,1,6664958487,6,Communication Services,104.94,26298564362,924087
2026-08-21,FWONK,2029-12-31,3.40401,3.53981,3.26551,1,6201405007,10,Communication Services,104.94,26298564362,924087
2026-08-21,FWONK,2028-12-31,2.8522,2.96598,2.73616,2,5681350362,5,Communication Services,104.94,26298564362,924087
2026-08-21,FWONK,2027-12-31,2.24708,3.06068,1.6272,5,5284294388,12,Communication Services,104.94,26298564362,924087
2026-08-21,FWRG,2030-12-28,0.38,0.38419,0.37513,1,2033500000,2,Consumer Cyclical,13.03,804113015,749415
2026-08-21,FWRG,2029-12-28,0.33,0.33364,0.32577,1,1861500000,2,Consumer Cyclical,13.03,804113015,749415
2026-08-21,FWRG,2028-12-28,0.36314,0.3816,0.34468,2,1740752388,5,Consumer Cyclical,13.03,804113015,749415
2026-08-21,FWRG,2027-12-28,0.2602,0.33454,0.14869,7,1551058663,8,Consumer Cyclical,13.03,804113015,749415
2026-08-21,G,2028-12-31,5.04871,5.23608,4.81538,5,6287510401,6,Technology,37.14,6295489980,4245305
2026-08-21,G,2027-12-31,4.51383,4.59408,4.41352,9,5823246137,9,Technology,37.14,6295489980,4245305
2026-08-21,G,2026-12-31,4.11994,4.15001,4.04977,9,5436571983,9,Technology,37.14,6295489980,4245305
2026-08-21,G,2025-12-31,3.61839,3.63838,3.5984,9,5068947402,8,Technology,37.14,6295489980,4245305
2026-08-21,GAP,2029-01-31,2.7954,3.02975,2.61198,3,16501317261,9,Consumer Cyclical,19.8,7127584200,5667856
2026-08-21,GAP,2028-01-31,2.54376,2.6518,2.41608,6,15983375703,13,Consumer Cyclical,19.8,7127584200,5667856
2026-08-21,GAP,2027-01-31,2.32382,2.36354,2.2841,7,15517144339,14,Consumer Cyclical,19.8,7127584200,5667856
2026-08-21,GAP,2026-01-31,2.1528,2.16281,2.14279,8,15374051574,10,Consumer Cyclical,19.8,7127584200,5667856
2026-08-21,GBCI,2027-12-31,3.605,3.75647,3.48382,5,1411701540,3,Financial Services,47.25,6149256750,786536
2026-08-21,GBCI,2026-12-31,3.03833,3.05787,3.02856,5,1301486920,3,Financial Services,47.25,6149256750,786536
2026-08-21,GBCI,2025-12-31,1.99667,2.14255,1.87815,5,1036348400,3,Financial Services,47.25,6149256750,786536
2026-08-21,GBCI,2024-12-31,1.65167,1.67076,1.62303,5,844437200,3,Financial Services,47.25,6149256750,786536
2026-08-21,GBDC,2028-09-30,1.215,1.22,1.21,2,740855500,2,Financial Services,13.2,3438536389,1214606
2026-08-21,GBDC,2027-09-30,1.27857,1.31916,1.24813,4,743206800,4,Financial Services,13.2,3438536389,1214606
2026-08-21,GBDC,2026-09-30,1.37571,1.39594,1.35548,4,771974400,4,Financial Services,13.2,3438536389,1214606
2026-08-21,GBDC,2025-09-30,1.55948,1.59181,1.53705,3,878132150,2,Financial Services,13.2,3438536389,1214606
2026-08-21,GCMG,2028-12-31,1.23,1.25226,1.2098,1,737400000,1,Financial Services,13.73,2565862400,791873
2026-08-21,GCMG,2027-12-31,1.08,1.1717,1.01887,3,670533333,2,Financial Services,13.73,2565862400,791873
2026-08-21,GCMG,2026-12-31,0.9,0.96207,0.85862,3,586800000,2,Financial Services,13.73,2565862400,791873
2026-08-21,GCMG,2025-12-31,0.77898,0.79895,0.75901,5,534585200,2,Financial Services,13.73,2565862400,791873
2026-08-21,GD,2030-12-31,22.15,22.55996,21.68747,13,65799000000,15,Industrials,384.29,103972349530,527738
2026-08-21,GD,2029-12-31,21.70333,22.10502,21.25013,13,63500666667,9,Industrials,384.29,103972349530,527738
2026-08-21,GD,2028-12-31,20.07806,21.03698,19.26482,16,61282962273,19,Industrials,384.29,103972349530,527738
2026-08-21,GD,2027-12-31,18.58614,19.3877,17.62427,16,58680370060,17,Industrials,384.29,103972349530,527738
2026-08-21,GDDY,2030-12-31,15.83,15.98475,15.60238,3,6256950000,5,Technology,97.07,12853023848,1093215
2026-08-21,GDDY,2029-12-31,13.47,13.60168,13.27632,3,6002900000,5,Technology,97.07,12853023848,1093215
2026-08-21,GDDY,2028-12-31,10.47802,12.93602,8.85908,9,5753144019,11,Technology,97.07,12853023848,1093215
2026-08-21,GDDY,2027-12-31,9.23611,11.74941,5.74025,11,5517558051,14,Technology,97.07,12853023848,1093215
2026-08-21,GDS,2030-12-31,1.36042,1.493,1.26051,1,24762112711,6,Technology,32.85,6403409438,1136510
2026-08-21,GDS,2029-12-31,0.58448,0.64144,0.54156,1,21165510024,11,Technology,32.85,6403409438,1136510
2026-08-21,GDS,2028-12-31,1.46384,2.88105,0.74199,3,17670786165,13,Technology,32.85,6403409438,1136510
2026-08-21,GDS,2027-12-31,0.91409,2.15521,0.16084,4,14206401931,13,Technology,32.85,6403409438,1136510
2026-08-21,GE,2030-12-31,12.98345,13.54471,12.45285,5,70421125200,7,Industrials,348.37,361455652654,3545795
2026-08-21,GE,2029-12-31,11.68084,12.18579,11.20347,9,65798649015,10,Industrials,348.37,361455652654,3545795
2026-08-21,GE,2028-12-31,10.37199,11.40207,9.01652,12,61010541523,15,Industrials,348.37,361455652654,3545795
2026-08-21,GE,2027-12-31,9.10733,9.42138,8.78315,11,55851746967,13,Industrials,348.37,361455652654,3545795
2026-08-21,GEHC,2030-12-31,7.3,7.39551,7.19389,3,26418666667,14,Healthcare,74.82,33795165375,2113322
2026-08-21,GEHC,2029-12-31,6.66722,6.75445,6.5703,3,25084527261,14,Healthcare,74.82,33795165375,2113322
2026-08-21,GEHC,2028-12-31,6.03224,6.38617,5.39536,9,23819871914,16,Healthcare,74.82,33795165375,2113322
2026-08-21,GEHC,2027-12-31,5.43777,5.57849,5.15633,12,22725820756,14,Healthcare,74.82,33795165375,2113322
2026-08-21,GEN,2029-04-03,3.61371,3.91503,3.31239,2,6206529267,4,Technology,28.93,17316834490,7070498
2026-08-21,GEN,2028-04-03,3.30466,3.48117,3.18699,6,5816083959,7,Technology,28.93,17316834490,7070498
2026-08-21,GEN,2027-04-03,2.92902,2.97935,2.8183,6,5423256743,6,Technology,28.93,17316834490,7070498
2026-08-21,GEN,2026-04-03,2.54948,2.55952,2.52941,7,4963030286,6,Technology,28.93,17316834490,7070498
2026-08-21,GENB,2030-12-31,-2.625,-1.99948,-3.44661,1,163200000,2,Healthcare,16.12,2066462842,830793
2026-08-21,GENB,2029-12-31,-2.975,-2.26608,-3.90616,1,22500000,2,Healthcare,16.12,2066462842,830793
2026-08-21,GENB,2028-12-31,-1.835,-1.54526,-2.12474,2,92230034,4,Healthcare,16.12,2066462842,830793
2026-08-21,GENB,2027-12-31,-2.295,-1.63319,-2.90344,4,23827005,4,Healthcare,16.12,2066462842,830793
2026-08-21,GEO,2027-12-31,1.79,1.84525,1.7237,2,3265231333,2,Industrials,32.71,4370644780,2378112
2026-08-21,GEO,2026-12-31,1.26667,1.29087,1.257,3,2994260250,3,Industrials,32.71,4370644780,2378112
2026-08-21,GEO,2025-12-31,1.09,1.11083,1.06271,2,2590404000,3,Industrials,32.71,4370644780,2378112
2026-08-21,GEO,2024-12-31,0.84725,0.86344,0.83704,3,2423391180,4,Industrials,32.71,4370644780,2378112
2026-08-21,GEV,2030-12-31,58.02125,61.77542,53.61871,13,80574018182,16,Utilities,956.85,254841305160,1174530
2026-08-21,GEV,2029-12-31,47.03634,50.07975,43.46732,21,71297590021,30,Utilities,956.85,254841305160,1174530
2026-08-21,GEV,2028-12-31,34.8817,47.12167,21.8292,24,61103153046,32,Utilities,956.85,254841305160,1174530
2026-08-21,GEV,2027-12-31,24.92987,27.59029,18.78728,22,53056173649,27,Utilities,956.85,254841305160,1174530
2026-08-21,GFI,2030-12-31,3.44,4.42079,2.90766,1,15619000000,5,Basic Materials,47.81,42791097440,4849439
2026-08-21,GFI,2029-12-31,4.32,5.55169,3.65147,1,12428000000,3,Basic Materials,47.81,42791097440,4849439
2026-08-21,GFI,2028-12-31,4.8188,5.57894,4.35448,3,12573205239,7,Basic Materials,47.81,42791097440,4849439
2026-08-21,GFI,2027-12-31,5.36879,6.67378,4.64761,4,12723246404,6,Basic Materials,47.81,42791097440,4849439
2026-08-21,GFL,2030-12-31,2.1236,2.2252,2.06286,1,10420208935,4,Industrials,41.05,14329625710,846429
2026-08-21,GFL,2029-12-31,1.88489,1.97507,1.83098,1,9809255415,4,Industrials,41.05,14329625710,846429
2026-08-21,GFL,2028-12-31,1.39262,2.02491,0.81085,3,8842635246,9,Industrials,41.05,14329625710,846429
2026-08-21,GFL,2027-12-31,1.08319,2.20971,0.51993,9,8354331658,13,Industrials,41.05,14329625710,846429
2026-08-21,GFS,2030-12-31,8.09,8.77788,7.75922,4,13767000000,12,Technology,48.05,26365075026,2417951
2026-08-21,GFS,2029-12-31,7.4,8.02921,7.09743,4,12308000000,8,Technology,48.05,26365075026,2417951
2026-08-21,GFS,2028-12-31,3.36887,5.50545,2.69767,11,9350406450,14,Technology,48.05,26365075026,2417951
2026-08-21,GFS,2027-12-31,2.52523,3.33485,2.35174,15,8201848762,16,Technology,48.05,26365075026,2417951
2026-08-21,GGAL,2030-12-31,0,0,0,0,25414520887391,5,Financial Services,41.45,6658042247,1750796
2026-08-21,GGAL,2029-12-31,0,0,0,0,22868481714601,3,Financial Services,41.45,6658042247,1750796
2026-08-21,GGAL,2028-12-31,13501.05229,16204.40928,8564.24146,1,16611600763357,7,Financial Services,41.45,6658042247,1750796
2026-08-21,GGAL,2027-12-31,10234.79503,12864.7888,8270.22137,4,12703640594092,5,Financial Services,41.45,6658042247,1750796
2026-08-21,GGG,2028-12-26,3.80667,3.96163,3.63823,3,2591342667,4,Industrials,80.64,13059956367,1342189
2026-08-21,GGG,2027-12-26,3.50111,3.62184,3.42062,8,2457945222,8,Industrials,80.64,13059956367,1342189
2026-08-21,GGG,2026-12-26,3.29333,3.41456,3.13169,7,2351550000,8,Industrials,80.64,13059956367,1342189
2026-08-21,GGG,2025-12-26,2.98088,3.0609,2.94087,8,2234086022,8,Industrials,80.64,13059956367,1342189
2026-08-21,GH,2030-12-31,4.5436,5.18471,4.12366,3,3817053660,8,Healthcare,170.69,22905944257,1913976
2026-08-21,GH,2029-12-31,2.67177,3.04876,2.42483,3,3156826533,13,Healthcare,170.69,22905944257,1913976
2026-08-21,GH,2028-12-31,-0.075811,5.62826,-11.55499,9,2481235837,17,Healthcare,170.69,22905944257,1913976
2026-08-21,GH,2027-12-31,-1.93355,3.60581,-4.23291,12,1831253564,18,Healthcare,170.69,22905944257,1913976
2026-08-21,GIL,2029-12-28,0,0,0,0,8017000000,5,Consumer Cyclical,56.17,8594423411,613540
2026-08-21,GIL,2028-12-28,6.38658,6.7466,6.1823,3,6554206969,7,Consumer Cyclical,56.17,8594423411,613540
2026-08-21,GIL,2027-12-28,5.5626,5.71655,5.33681,7,6252316647,9,Consumer Cyclical,56.17,8594423411,613540
2026-08-21,GIL,2026-12-28,4.66845,4.72843,4.62846,6,6020676709,9,Consumer Cyclical,56.17,8594423411,613540
2026-08-21,GILD,2030-12-31,13.08539,13.71417,12.64557,4,39018846154,10,Healthcare,146.12,181418189989,5377022
2026-08-21,GILD,2029-12-31,12.03873,12.61722,11.63409,4,36937830818,10,Healthcare,146.12,181418189989,5377022
2026-08-21,GILD,2028-12-31,10.66926,12.18302,9.1574,10,34426365818,21,Healthcare,146.12,181418189989,5377022
2026-08-21,GILD,2027-12-31,9.89565,11.28595,7.91243,16,32720598007,18,Healthcare,146.12,181418189989,5377022
2026-08-21,GIS,2030-05-31,3.29718,3.3724,3.2055,1,18287700570,5,Consumer Defensive,39.97,21332308720,5183171
2026-08-21,GIS,2029-05-31,3.39164,3.52547,3.2996,4,18188196321,10,Consumer Defensive,39.97,21332308720,5183171
2026-08-21,GIS,2028-05-31,3.21306,3.33317,3.153,10,17931019375,12,Consumer Defensive,39.97,21332308720,5183171
2026-08-21,GIS,2027-05-31,3.08197,3.13216,3.0117,11,17806661783,12,Consumer Defensive,39.97,21332308720,5183171
2026-08-21,GLBE,2029-12-31,2.5,2.66849,2.25661,3,2558000000,3,Consumer Cyclical,40.55,6811077705,797603
2026-08-21,GLBE,2028-12-31,2.26447,2.62128,1.767,6,2153232013,7,Consumer Cyclical,40.55,6811077705,797603
2026-08-21,GLBE,2027-12-31,1.62925,1.79635,1.46215,7,1712338711,10,Consumer Cyclical,40.55,6811077705,797603
2026-08-21,GLBE,2026-12-31,1.20475,1.31137,1.11946,7,1332946032,9,Consumer Cyclical,40.55,6811077705,797603
2026-08-21,GLNG,2030-12-31,0,0,0,1,1096000000,2,Energy,52,5292547780,1043824
2026-08-21,GLNG,2029-12-31,0,0,0,1,1092000000,2,Energy,52,5292547780,1043824
2026-08-21,GLNG,2028-12-31,4.46056,6.51167,2.74271,4,903520873,4,Energy,52,5292547780,1043824
2026-08-21,GLNG,2027-12-31,0.48117,1.27695,-0.31461,4,410973800,4,Energy,52,5292547780,1043824
2026-08-21,GLOB,2029-12-31,7.15415,7.63578,6.901,3,3166953453,8,Technology,39.62,1710774009,949273
2026-08-21,GLOB,2028-12-31,6.55253,8.75063,2.561,6,2605219767,14,Technology,39.62,1710774009,949273
2026-08-21,GLOB,2027-12-31,6.25282,6.51416,5.88501,12,2511865429,17,Technology,39.62,1710774009,949273
2026-08-21,GLOB,2026-12-31,5.96321,6.16683,5.7208,12,2449423899,17,Technology,39.62,1710774009,949273
2026-08-21,GLPI,2029-12-31,0,0,0,1,2000000000,6,Real Estate,43.55,12334311176,2664484
2026-08-21,GLPI,2028-12-31,3.47185,3.83044,3.2,4,1903988509,8,Real Estate,43.55,12334311176,2664484
2026-08-21,GLPI,2027-12-31,3.31669,3.36308,3.2935,7,1827400086,13,Real Estate,43.55,12334311176,2664484
2026-08-21,GLPI,2026-12-31,3.21174,3.21955,3.20393,5,1724423880,11,Real Estate,43.55,12334311176,2664484
2026-08-21,GLUE,2030-12-31,-1.856,-0.07382375,-6.08196,2,143167400,3,Healthcare,14.3,1208055677,945609
2026-08-21,GLUE,2029-12-31,-2.088,-0.08305171,-6.8422,3,123406667,4,Healthcare,14.3,1208055677,945609
2026-08-21,GLUE,2028-12-31,-1.66517,0.90899,-3,6,122281600,6,Healthcare,14.3,1208055677,945609
2026-08-21,GLUE,2027-12-31,-1.89712,0.33978,-3.08636,5,57067429,5,Healthcare,14.3,1208055677,945609
2026-08-21,GLW,2030-12-31,0,0,0,2,40000000000,5,Technology,149.79,129027308520,5124351
2026-08-21,GLW,2029-12-31,6.4,6.76218,6.10361,3,30981000000,5,Technology,149.79,129027308520,5124351
2026-08-21,GLW,2028-12-31,5.92797,7.90112,3.57276,6,27708152423,10,Technology,149.79,129027308520,5124351
2026-08-21,GLW,2027-12-31,4.31748,5.0337,3.88371,10,22798563770,8,Technology,149.79,129027308520,5124351
2026-08-21,GLXY,2029-12-31,-0.37,-0.2906,-0.50832,1,77061400000,2,Financial Services,23.64,7841081838,7995867
2026-08-21,GLXY,2028-12-31,0.46064,1.64714,-0.72586,2,51631542623,4,Financial Services,23.64,7841081838,7995867
2026-08-21,GLXY,2027-12-31,-0.17922,0.53169,-1.73246,9,47281386332,9,Financial Services,23.64,7841081838,7995867
2026-08-21,GLXY,2026-12-31,-0.74966,-0.24646,-1.29393,10,37733162404,8,Financial Services,23.64,7841081838,7995867
2026-08-21,GM,2030-12-31,14.8104,15.6389,14.27544,4,206190000000,12,Consumer Cyclical,87.93,79528424000,4158382
2026-08-21,GM,2029-12-31,15.97401,16.86761,15.39702,2,196625726525,8,Consumer Cyclical,87.93,79528424000,4158382
2026-08-21,GM,2028-12-31,16.21289,19.06643,12.11304,7,194660745123,14,Consumer Cyclical,87.93,79528424000,4158382
2026-08-21,GM,2027-12-31,15.0065,16.31053,13.69229,16,190738355763,16,Consumer Cyclical,87.93,79528424000,4158382
2026-08-21,GMAB,2030-12-31,2.70099,2.9345,2.43956,6,6656217724,9,Healthcare,33.45,20536155521,2531735
2026-08-21,GMAB,2029-12-31,2.56796,2.78997,2.31941,9,6462670040,10,Healthcare,33.45,20536155521,2531735
2026-08-21,GMAB,2028-12-31,2.58395,3.49346,1.64686,15,6285616959,18,Healthcare,33.45,20536155521,2531735
2026-08-21,GMAB,2027-12-31,1.72365,2.14924,1.21294,7,5234859263,14,Healthcare,33.45,20536155521,2531735
2026-08-21,GME,2028-01-31,1.37,1.37,1.37,1,4116292000,1,Consumer Cyclical,18.21,8170667790,5278085
2026-08-21,GME,2027-01-31,1.3,1.3,1.3,1,3901068000,1,Consumer Cyclical,18.21,8170667790,5278085
2026-08-21,GME,2026-01-31,0.99,0.99,0.99,1,4158675000,1,Consumer Cyclical,18.21,8170667790,5278085
2026-08-21,GME,2025-01-31,0.07,0.07,0.07,1,4017842500,1,Consumer Cyclical,18.21,8170667790,5278085
2026-08-21,GMED,2030-12-31,7.46,7.55469,7.37605,1,4330800000,4,Healthcare,86.91,11721052315,651820
2026-08-21,GMED,2029-12-31,6.55,6.63314,6.47629,1,3939750000,4,Healthcare,86.91,11721052315,651820
2026-08-21,GMED,2028-12-31,5.85742,6.73688,5.23224,4,3601088472,9,Healthcare,86.91,11721052315,651820
2026-08-21,GMED,2027-12-31,5.35297,5.66548,4.78844,8,3391419845,11,Healthcare,86.91,11721052315,651820
2026-08-21,GMRS,2028-12-31,2.0496,2.24887,1.85033,2,6740553911,6,Healthcare,13.48,728077851,669570
2026-08-21,GMRS,2027-12-31,1.73607,1.79207,1.66887,4,6371134706,5,Healthcare,13.48,728077851,669570
2026-08-21,GMRS,2026-12-31,1.64347,2.07663,1.21031,3,6032269494,5,Healthcare,13.48,728077851,669570
2026-08-21,GMRS,2025-12-31,1.74267,1.75302,1.73132,1,5829945000,1,Healthcare,13.48,728077851,669570
2026-08-21,GNK,2030-12-31,1.65,1.78845,1.49551,1,321853000,1,Industrials,26.52,1155663393,1214482
2026-08-21,GNK,2029-12-31,1.52,1.64755,1.37768,1,321853000,1,Industrials,26.52,1155663393,1214482
2026-08-21,GNK,2028-12-31,2.67124,3.63311,1.70937,2,415726424,1,Industrials,26.52,1155663393,1214482
2026-08-21,GNK,2027-12-31,2.10016,3.73931,0.47809,4,360050483,3,Industrials,26.52,1155663393,1214482
2026-08-21,GNRC,2030-12-31,17.1325,18.52222,16.12831,5,7481466625,6,Industrials,205.98,12125774826,751217
2026-08-21,GNRC,2029-12-31,17.0463,18.42903,16.04716,5,7367107660,10,Industrials,205.98,12125774826,751217
2026-08-21,GNRC,2028-12-31,14.13737,16.01868,11.40605,8,6767883800,12,Industrials,205.98,12125774826,751217
2026-08-21,GNRC,2027-12-31,11.7572,13.32278,10.20185,14,5981108504,15,Industrials,205.98,12125774826,751217
2026-08-21,GNTX,2030-12-31,2.88,2.92113,2.84395,1,3100500000,3,Consumer Cyclical,23.64,5034181687,2525878
2026-08-21,GNTX,2029-12-31,2.62,2.65742,2.5872,1,3006500000,4,Consumer Cyclical,23.64,5034181687,2525878
2026-08-21,GNTX,2028-12-31,2.46534,2.55313,2.34745,5,2940001258,6,Consumer Cyclical,23.64,5034181687,2525878
2026-08-21,GNTX,2027-12-31,2.22171,2.25242,2.20123,5,2808019378,6,Consumer Cyclical,23.64,5034181687,2525878
2026-08-21,GO,2031-01-03,1.08,1.11376,1.04699,1,6611900000,2,Consumer Defensive,11.6,1147503320,2216857
2026-08-21,GO,2030-01-03,0.915,0.9436,0.88704,1,5803900000,3,Consumer Defensive,11.6,1147503320,2216857
2026-08-21,GO,2029-01-03,0.73932,1.43631,0.04230805,2,5192789408,6,Consumer Defensive,11.6,1147503320,2216857
2026-08-21,GO,2028-01-03,0.66901,0.8131,0.5455,8,4912142401,11,Consumer Defensive,11.6,1147503320,2216857
2026-08-21,GOOG,2030-12-31,24.47167,26.5425,21.86849,16,924742450000,15,Communication Services,341.75,4147444662971,15139207
2026-08-21,GOOG,2029-12-31,20.76188,22.51878,18.55333,29,817427678309,25,Communication Services,341.75,4147444662971,15139207
2026-08-21,GOOG,2028-12-31,17.78287,19.28768,15.89121,26,725959502759,14,Communication Services,341.75,4147444662971,15139207
2026-08-21,GOOG,2027-12-31,15.07252,16.73929,13.97838,34,608674377290,31,Communication Services,341.75,4147444662971,15139207
2026-08-21,GOOGL,2030-12-31,24.47167,26.87945,20.4696,16,924742450000,33,Communication Services,344.82,4173050013639,20779426
2026-08-21,GOOGL,2029-12-31,20.76188,22.80465,17.3665,29,817427678309,23,Communication Services,344.82,4173050013639,20779426
2026-08-21,GOOGL,2028-12-31,17.81933,20.24558,13.68207,34,727249109565,37,Communication Services,344.82,4173050013639,20779426
2026-08-21,GOOGL,2027-12-31,15.08342,16.7514,13.98849,42,609241787415,38,Communication Services,344.82,4173050013639,20779426
2026-08-21,GPC,2029-12-31,10.75,10.84385,10.64246,1,29010000000,2,Consumer Cyclical,133.96,18467693182,964531
2026-08-21,GPC,2028-12-31,9.0146,9.1105,8.9187,2,27536664434,5,Consumer Cyclical,133.96,18467693182,964531
2026-08-21,GPC,2027-12-31,8.30453,8.93426,8.01918,6,26425202000,7,Consumer Cyclical,133.96,18467693182,964531
2026-08-21,GPC,2026-12-31,7.73943,7.81953,7.60927,6,25538521569,7,Consumer Cyclical,133.96,18467693182,964531
2026-08-21,GPCR,2030-12-31,1.068,1.068,1.068,4,833242714,4,Healthcare,49.09,2825947634,592478
2026-08-21,GPCR,2029-12-31,-0.37667,-0.37667,-0.37667,2,539541000,4,Healthcare,49.09,2825947634,592478
2026-08-21,GPCR,2028-12-31,-1.78332,1.15824,-2.80155,7,187653117,9,Healthcare,49.09,2825947634,592478
2026-08-21,GPCR,2027-12-31,-2.10812,-1.8291,-2.43881,8,45455,12,Healthcare,49.09,2825947634,592478
2026-08-21,GPGI,2028-12-31,1.51,1.51,1.51,1,2537000000,1,Industrials,12.79,3707322190,607818
2026-08-21,GPGI,2027-12-31,1.24,1.24,1.24,1,2328000000,1,Industrials,12.79,3707322190,607818
2026-08-21,GPGI,2026-12-31,0.99,0.99,0.99,1,2020000000,1,Industrials,12.79,3707322190,607818
2026-08-21,GPGI,2025-12-31,1.02412,1.02412,1.02412,2,462417704,3,Industrials,12.79,3707322190,607818
2026-08-21,GPK,2029-12-31,1.9,1.9988,1.8665,1,9034000000,4,Consumer Cyclical,11.96,3538808520,3100206
2026-08-21,GPK,2028-12-31,1.2412,1.4258,1.11257,5,8975378586,6,Consumer Cyclical,11.96,3538808520,3100206
2026-08-21,GPK,2027-12-31,1.11931,1.25677,0.98185,7,8799367683,9,Consumer Cyclical,11.96,3538808520,3100206
2026-08-21,GPK,2026-12-31,0.71259,0.77281,0.65237,8,8620164667,9,Consumer Cyclical,11.96,3538808520,3100206
2026-08-21,GPN,2030-12-31,23.24,23.62012,22.39143,4,15370291000,8,Financial Services,93.49,23209322928,1395223
2026-08-21,GPN,2029-12-31,21.61335,21.96687,20.82417,4,14338155000,13,Financial Services,93.49,23209322928,1395223
2026-08-21,GPN,2028-12-31,18.7483,30.25818,7.47784,10,13640121560,17,Financial Services,93.49,23209322928,1395223
2026-08-21,GPN,2027-12-31,16.05416,16.8177,15.48894,21,13011156505,21,Financial Services,93.49,23209322928,1395223
2026-08-21,GPRE,2030-12-31,2.7,3.28741,2.32942,1,4000000000,1,Basic Materials,16.25,1137990328,980055
2026-08-21,GPRE,2029-12-31,2.5,3.0439,2.15687,1,3800000000,1,Basic Materials,16.25,1137990328,980055
2026-08-21,GPRE,2028-12-31,1.99594,2.25,1.74188,2,3034462929,2,Basic Materials,16.25,1137990328,980055
2026-08-21,GPRE,2027-12-31,1.74375,2.12312,1.50442,3,2280486345,3,Basic Materials,16.25,1137990328,980055
2026-08-21,GRAL,2030-12-31,-9.54333,-8.73589,-10.72306,5,489350850,6,Healthcare,79.54,3413585569,593288
2026-08-21,GRAL,2029-12-31,-10.32667,-9.45296,-11.60324,5,376708400,6,Healthcare,79.54,3413585569,593288
2026-08-21,GRAL,2028-12-31,-10.23,-8.52334,-12.71514,8,287209354,8,Healthcare,79.54,3413585569,593288
2026-08-21,GRAL,2027-12-31,-10.63,-10.19288,-10.99758,5,226828462,7,Healthcare,79.54,3413585569,593288
2026-08-21,GRND,2030-12-31,1.68,1.71957,1.65112,1,933700000,2,Technology,15.53,2760084780,1040918
2026-08-21,GRND,2029-12-31,1.37,1.40227,1.34645,1,811500000,1,Technology,15.53,2760084780,1040918
2026-08-21,GRND,2028-12-31,0.9825,1.17564,0.79496,4,732650115,3,Technology,15.53,2760084780,1040918
2026-08-21,GRND,2027-12-31,0.7875,0.81033,0.75326,2,635558349,4,Technology,15.53,2760084780,1040918
2026-08-21,GRPN,2028-12-31,1.16,1.6,0.72,2,609649000,2,Communication Services,19.59,744106560,1085891
2026-08-21,GRPN,2027-12-31,0.86,1.06791,0.67099,3,560266667,3,Communication Services,19.59,744106560,1085891
2026-08-21,GRPN,2026-12-31,-0.12667,-0.05428714,-0.17191,2,518633333,3,Communication Services,19.59,744106560,1085891
2026-08-21,GRPN,2025-12-31,-2.02333,-1.94662,-2.06169,2,502275667,3,Communication Services,19.59,744106560,1085891
2026-08-21,GRRR,2028-12-31,-4.362,-3.96199,-4.96425,1,2333700000,1,Technology,16.06,398173958,706758
2026-08-21,GRRR,2027-12-31,-6.15467,-3.97489,-8.30239,2,559947800,2,Technology,16.06,398173958,706758
2026-08-21,GRRR,2026-12-31,-6.038,-2.05416,-10.02184,2,190937800,3,Technology,16.06,398173958,706758
2026-08-21,GRRR,2025-12-31,0.845,0.96167,0.76751,1,99785333,1,Technology,16.06,398173958,706758
2026-08-21,GS,2029-12-31,77.09273,84.14707,68.70961,4,77134603918,5,Financial Services,1039.28,306594874960,2536160
2026-08-21,GS,2028-12-31,77.20595,95.30477,65.62274,10,74891363970,10,Financial Services,1039.28,306594874960,2536160
2026-08-21,GS,2027-12-31,73.26664,75.28408,67.20417,17,73387276638,15,Financial Services,1039.28,306594874960,2536160
2026-08-21,GS,2026-12-31,70.21686,74.24294,66.06847,17,71548941812,15,Financial Services,1039.28,306594874960,2536160
2026-08-21,GSAT,2030-12-31,1.06,1.06904,1.05097,1,763600000,1,Communication Services,82.36,10607056357,544352
2026-08-21,GSAT,2029-12-31,0.84,0.84716,0.83284,1,693200000,1,Communication Services,82.36,10607056357,544352
2026-08-21,GSAT,2028-12-31,0.31,0.31264,0.30736,1,515000000,1,Communication Services,82.36,10607056357,544352
2026-08-21,GSAT,2027-12-31,-0.17184,-0.17038,-0.17331,1,334225000,2,Communication Services,82.36,10607056357,544352
2026-08-21,GSK,2030-12-31,4.37487,4.57572,4.23566,4,37936568816,9,Healthcare,52.41,105003435000,2230790
2026-08-21,GSK,2029-12-31,4.29193,4.48897,4.15536,4,38398598908,10,Healthcare,52.41,105003435000,2230790
2026-08-21,GSK,2028-12-31,4.0728,4.56288,3.74797,10,36948955190,18,Healthcare,52.41,105003435000,2230790
2026-08-21,GSK,2027-12-31,3.84241,4.06668,3.64805,6,35719007820,14,Healthcare,52.41,105003435000,2230790
2026-08-21,GTES,2028-12-31,2.16364,2.49235,1.96181,3,3933580110,6,Industrials,25.9,6578600000,1116401
2026-08-21,GTES,2027-12-31,1.93392,1.95417,1.91367,6,3787069896,7,Industrials,25.9,6578600000,1116401
2026-08-21,GTES,2026-12-31,1.67398,1.68413,1.66383,6,3613808790,7,Industrials,25.9,6578600000,1116401
2026-08-21,GTES,2025-12-31,1.50008,1.51008,1.49008,7,3440369056,6,Industrials,25.9,6578600000,1116401
2026-08-21,GTLB,2031-01-31,1.63,1.75828,1.59441,2,1913200000,3,Technology,41.67,7038063042,3089152
2026-08-21,GTLB,2030-01-31,1.38,1.4886,1.34987,1,1684700000,4,Technology,41.67,7038063042,3089152
2026-08-21,GTLB,2029-01-31,1.17599,24.04392,-14.56317,4,1466912533,9,Technology,41.67,7038063042,3089152
2026-08-21,GTLB,2028-01-31,1.01732,1.20044,0.91559,14,1286078475,18,Technology,41.67,7038063042,3089152
2026-08-21,GTX,2029-12-31,2.72,2.78033,2.67515,1,4158000000,2,Consumer Cyclical,26.62,4964454681,1855201
2026-08-21,GTX,2028-12-31,2.64573,2.71246,2.52229,3,4247233599,5,Consumer Cyclical,26.62,4964454681,1855201
2026-08-21,GTX,2027-12-31,2.25005,2.37113,2.18951,3,4013709820,5,Consumer Cyclical,26.62,4964454681,1855201
2026-08-21,GTX,2026-12-31,1.9817,2.08545,1.91945,3,3830204648,5,Consumer Cyclical,26.62,4964454681,1855201
2026-08-21,GWRE,2029-07-31,3.61,3.80794,3.43192,1,2252623000,1,Technology,189.19,15751278316,999739
2026-08-21,GWRE,2028-07-31,5.12184,6.26938,4.18516,7,1968271977,14,Technology,189.19,15751278316,999739
2026-08-21,GWRE,2027-07-31,4.09469,4.59772,3.28984,10,1705210651,13,Technology,189.19,15751278316,999739
2026-08-21,GWRE,2026-07-31,3.46558,3.57327,3.3481,9,1466869688,13,Technology,189.19,15751278316,999739
2026-08-21,GXO,2028-12-31,4.26218,5.4086,3.5616,3,15480697646,7,Industrials,45.72,5260021489,1120172
2026-08-21,GXO,2027-12-31,3.53997,3.68076,3.39918,11,14707173060,11,Industrials,45.72,5260021489,1120172
2026-08-21,GXO,2026-12-31,3.03301,3.08257,2.99336,11,13958908048,11,Industrials,45.72,5260021489,1120172
2026-08-21,GXO,2025-12-31,2.47054,2.51071,2.44041,10,13147176444,10,Industrials,45.72,5260021489,1120172
2026-08-21,HAL,2030-12-31,4.13,4.2833,3.97137,5,27725483300,7,Energy,35.34,29522955955,8775505
2026-08-21,HAL,2029-12-31,4.09313,4.24506,3.93592,5,26644488947,10,Energy,35.34,29522955955,8775505
2026-08-21,HAL,2028-12-31,3.35485,3.9891,3.02179,8,24563933063,15,Energy,35.34,29522955955,8775505
2026-08-21,HAL,2027-12-31,2.89023,3.0189,2.66257,16,23572956966,18,Energy,35.34,29522955955,8775505
2026-08-21,HALO,2030-12-31,9.38333,10.04891,8.59673,1,1904266667,2,Healthcare,108.17,12830368210,1150292
2026-08-21,HALO,2029-12-31,10.71333,11.47325,9.81523,1,2142666667,2,Healthcare,108.17,12830368210,1150292
2026-08-21,HALO,2028-12-31,11.72086,12.20145,11.03373,3,2230576144,5,Healthcare,108.17,12830368210,1150292
2026-08-21,HALO,2027-12-31,10.31,10.75687,9.9908,4,2050680490,6,Healthcare,108.17,12830368210,1150292
2026-08-21,HAPN,2028-12-31,3.145,3.25744,3.04271,2,1451665000,1,Financial Services,18.42,2125796940,701631
2026-08-21,HAPN,2027-12-31,2.36778,2.38855,2.34701,4,1255388333,5,Financial Services,18.42,2125796940,701631
2026-08-21,HAPN,2026-12-31,1.82,1.88033,1.74961,4,1072756777,5,Financial Services,18.42,2125796940,701631
2026-08-21,HAPN,2025-12-31,1.13637,1.177,1.09941,2,994480806,1,Financial Services,18.42,2125796940,701631
2026-08-21,HAS,2030-12-28,7.73,8.0565,7.42846,2,5914000000,3,Consumer Cyclical,93.54,13193299443,1977479
2026-08-21,HAS,2029-12-28,7.35,7.66045,7.06329,2,5687000000,5,Consumer Cyclical,93.54,13193299443,1977479
2026-08-21,HAS,2028-12-28,7.15023,7.36341,6.84175,4,5510055345,7,Consumer Cyclical,93.54,13193299443,1977479
2026-08-21,HAS,2027-12-28,6.5086,6.76656,6.30025,9,5413341190,10,Consumer Cyclical,93.54,13193299443,1977479
2026-08-21,HASI,2030-12-31,4.37667,5.50604,3.05484,1,694539333,1,Financial Services,39.48,5045583480,926996
2026-08-21,HASI,2029-12-31,4.0125,5.04789,2.80066,1,659335250,1,Financial Services,39.48,5045583480,926996
2026-08-21,HASI,2028-12-31,3.6432,5.20006,2.13376,4,587876149,1,Financial Services,39.48,5045583480,926996
2026-08-21,HASI,2027-12-31,3.33024,3.518,3.22154,5,518325063,2,Financial Services,39.48,5045583480,926996
2026-08-21,HAWK,2030-12-31,1.38,1.40079,1.35492,1,487666667,5,Industrials,21.45,2101241335,810640
2026-08-21,HAWK,2029-12-31,0.915,0.92878,0.89837,1,405313378,3,Industrials,21.45,2101241335,810640
2026-08-21,HAWK,2028-12-31,0.424,0.4497,0.41115,4,334558513,7,Industrials,21.45,2101241335,810640
2026-08-21,HAWK,2027-12-31,0.09875,0.13673,0.05317308,5,270598776,7,Industrials,21.45,2101241335,810640
2026-08-21,HAYW,2028-12-31,1.07833,1.08572,1.06356,3,1333859667,7,Industrials,14.58,3092709600,1103902
2026-08-21,HAYW,2027-12-31,0.96931,0.9791,0.94973,6,1247366708,7,Industrials,14.58,3092709600,1103902
2026-08-21,HAYW,2026-12-31,0.86484,0.87478,0.8549,6,1181487778,7,Industrials,14.58,3092709600,1103902
2026-08-21,HAYW,2025-12-31,0.76117,0.77206,0.75424,6,1104504471,6,Industrials,14.58,3092709600,1103902
2026-08-21,HBAN,2029-12-31,1.73,1.75673,1.69937,3,8208759118,2,Financial Services,17.03,34407667075,18559407
2026-08-21,HBAN,2028-12-31,2.09876,2.26605,1.7205,6,13113000896,4,Financial Services,17.03,34407667075,18559407
2026-08-21,HBAN,2027-12-31,1.87169,2.01946,1.77318,14,12289923091,5,Financial Services,17.03,34407667075,18559407
2026-08-21,HBAN,2026-12-31,1.38061,1.49209,1.32916,14,11255100548,5,Financial Services,17.03,34407667075,18559407
2026-08-21,HBM,2030-12-31,2.00857,2.31262,1.7707,3,3424173400,5,Basic Materials,30.06,13350247200,5269046
2026-08-21,HBM,2029-12-31,2.1342,2.45727,1.88145,3,3712702680,5,Basic Materials,30.06,13350247200,5269046
2026-08-21,HBM,2028-12-31,1.89899,2.50388,0.93194,9,3354741353,11,Basic Materials,30.06,13350247200,5269046
2026-08-21,HBM,2027-12-31,1.9398,2.62745,1.44715,14,3394033402,14,Basic Materials,30.06,13350247200,5269046
2026-08-21,HBNC,2027-12-31,2.23,2.25027,2.21986,4,323909750,3,Financial Services,19.55,1003497590,644176
2026-08-21,HBNC,2026-12-31,2.126,2.13627,2.11573,4,307861250,3,Financial Services,19.55,1003497590,644176
2026-08-21,HBNC,2025-12-31,1.975,1.99465,1.95535,4,277751500,3,Financial Services,19.55,1003497590,644176
2026-08-21,HBNC,2024-12-31,1.42448,1.50827,1.27784,5,233195750,3,Financial Services,19.55,1003497590,644176
2026-08-21,HCA,2030-12-31,44.81,45.66697,43.58995,4,96856000000,14,Healthcare,429.19,92920279643,2057968
2026-08-21,HCA,2029-12-31,39.24125,39.99172,38.17282,4,91447053633,14,Healthcare,429.19,92920279643,2057968
2026-08-21,HCA,2028-12-31,35.34111,38.30853,32.77567,11,85434102556,16,Healthcare,429.19,92920279643,2057968
2026-08-21,HCA,2027-12-31,32.18384,33.99349,30.2942,15,81562190880,18,Healthcare,429.19,92920279643,2057968
2026-08-21,HCC,2028-12-31,9.04055,14.22827,3.83375,6,2300160292,5,Energy,106.73,5635553618,649410
2026-08-21,HCC,2027-12-31,8.00112,11.74833,4.25391,4,2205726073,4,Energy,106.73,5635553618,649410
2026-08-21,HCC,2026-12-31,6.03429,7.05402,5.01456,3,1992021128,4,Energy,106.73,5635553618,649410
2026-08-21,HCC,2025-12-31,1.00917,1.10411,0.9045,2,1307785686,3,Energy,106.73,5635553618,649410
2026-08-21,HD,2031-02-01,19.565,19.84521,19.14324,4,195210350000,9,Consumer Cyclical,335.61,334642436370,2330906
2026-08-21,HD,2030-02-01,19.00542,19.27761,18.59572,3,193241821492,19,Consumer Cyclical,335.61,334642436370,2330906
2026-08-21,HD,2029-02-01,17.39259,18.05995,16.17765,9,185269547921,21,Consumer Cyclical,335.61,334642436370,2330906
2026-08-21,HD,2028-02-01,16.00619,16.41355,15.30077,21,177548532262,26,Consumer Cyclical,335.61,334642436370,2330906
2026-08-21,HDB,2030-03-31,254.49801,254.52786,254.46816,1,3052486971977,9,Financial Services,23.6,121052388104,4667200
2026-08-21,HDB,2029-03-31,215.59156,215.61684,215.56628,1,2629349812446,9,Financial Services,23.6,121052388104,4667200
2026-08-21,HDB,2028-03-31,184.31216,190.99705,175.71729,2,2285714058541,19,Financial Services,23.6,121052388104,4667200
2026-08-21,HDB,2027-03-31,158.18278,166.7076,150.60516,2,1987858700064,18,Financial Services,23.6,121052388104,4667200
2026-08-21,HE,2030-12-31,0.96,0.96267,0.95733,1,3542000000,1,Utilities,11.5,1985314000,2169675
2026-08-21,HE,2029-12-31,0.96,0.96267,0.95733,1,3483000000,1,Utilities,11.5,1985314000,2169675
2026-08-21,HE,2028-12-31,1.06,1.06295,1.05705,1,3420000000,2,Utilities,11.5,1985314000,2169675
2026-08-21,HE,2027-12-31,1.0925,1.09554,1.08946,1,3340000000,1,Utilities,11.5,1985314000,2169675
2026-08-21,HELP,2031-03-31,3.50326,7.83941,0.81434,3,916908741,2,Healthcare,12.59,780379819,2159856
2026-08-21,HELP,2030-03-31,0.44929,1.0054,0.10444,2,513449658,3,Healthcare,12.59,780379819,2159856
2026-08-21,HELP,2029-03-31,-1.10874,0.78388,-3.42121,6,196537246,6,Healthcare,12.59,780379819,2159856
2026-08-21,HELP,2028-03-31,-2.21765,-0.5155,-4.96254,2,9632178,4,Healthcare,12.59,780379819,2159856
2026-08-21,HESM,2030-12-31,2.77,2.82004,2.72104,1,2393440178,2,Energy,39.14,8087661179,1371288
2026-08-21,HESM,2029-12-31,2.72,2.76914,2.67193,1,2212945958,2,Energy,39.14,8087661179,1371288
2026-08-21,HESM,2028-12-31,3.20197,3.48083,2.73141,4,1714843671,5,Energy,39.14,8087661179,1371288
2026-08-21,HESM,2027-12-31,3.03243,3.15292,2.85169,3,1670151115,4,Energy,39.14,8087661179,1371288
2026-08-21,HGV,2028-12-31,6.93667,7.35809,6.56259,1,5834289481,3,Consumer Cyclical,45.11,3541829694,570688
2026-08-21,HGV,2027-12-31,5.5899,7.45943,4.14101,6,5811944634,6,Consumer Cyclical,45.11,3541829694,570688
2026-08-21,HGV,2026-12-31,4.7878,5.23438,4.40353,7,5514010712,7,Consumer Cyclical,45.11,3541829694,570688
2026-08-21,HGV,2025-12-31,2.3743,2.5172,2.13247,6,5164727669,5,Consumer Cyclical,45.11,3541829694,570688
2026-08-21,HIG,2028-12-31,14.63105,15.17144,13.85218,3,30806543711,4,Financial Services,136.1,37309204602,2330519
2026-08-21,HIG,2027-12-31,13.70183,14.17087,13.22281,14,29914935841,4,Financial Services,136.1,37309204602,2330519
2026-08-21,HIG,2026-12-31,12.73853,12.99728,12.34045,12,28878513526,4,Financial Services,136.1,37309204602,2330519
2026-08-21,HIG,2025-12-31,12.55767,12.73792,12.46754,16,28287491325,3,Financial Services,136.1,37309204602,2330519
2026-08-21,HIMS,2030-12-31,1.3,1.46161,1.18986,2,4468200000,6,Healthcare,33.78,7535642400,14654414
2026-08-21,HIMS,2029-12-31,1.06667,1.19927,0.97629,3,4854700000,6,Healthcare,33.78,7535642400,14654414
2026-08-21,HIMS,2028-12-31,0.81325,1.18413,0.57395,6,4541657622,8,Healthcare,33.78,7535642400,14654414
2026-08-21,HIMS,2027-12-31,0.36232,0.44928,0.27536,9,3983282112,10,Healthcare,33.78,7535642400,14654414
2026-08-21,HIMX,2029-12-31,2.85,2.98478,2.71522,1,1974260000,1,Technology,13.79,2404976000,1169073
2026-08-21,HIMX,2028-12-31,1.955,2.45,1.46,2,1611910439,2,Technology,13.79,2404976000,1169073
2026-08-21,HIMX,2027-12-31,1.01,1.05776,0.96224,1,1230602571,1,Technology,13.79,2404976000,1169073
2026-08-21,HIMX,2026-12-31,0.435,0.45557,0.41443,1,949393291,1,Technology,13.79,2404976000,1169073
2026-08-21,HIW,2030-12-31,0,0,0,0,983563000,2,Real Estate,31.4,3463457900,699512
2026-08-21,HIW,2029-12-31,0.69,0.70414,0.67326,1,925903000,2,Real Estate,31.4,3463457900,699512
2026-08-21,HIW,2028-12-31,0.69,0.70414,0.67326,1,808158516,4,Real Estate,31.4,3463457900,699512
2026-08-21,HIW,2027-12-31,0.68542,0.68916,0.68168,2,886785111,4,Real Estate,31.4,3463457900,699512
2026-08-21,HL,2030-12-31,0.5,0.64997,0.43224,1,3233375014,2,Basic Materials,20.72,13897152640,30469517
2026-08-21,HL,2029-12-31,0.6,0.77997,0.51869,1,2743891928,1,Basic Materials,20.72,13897152640,30469517
2026-08-21,HL,2028-12-31,0.874,1.13616,0.75556,1,1472575000,3,Basic Materials,20.72,13897152640,30469517
2026-08-21,HL,2027-12-31,1.05539,1.37195,0.91237,3,1489230120,3,Basic Materials,20.72,13897152640,30469517
2026-08-21,HLF,2028-12-31,3.59194,3.60917,3.57293,1,5557896108,2,Consumer Defensive,12.65,1311418112,1092528
2026-08-21,HLF,2027-12-31,3.08574,3.178,2.99348,2,5390352944,2,Consumer Defensive,12.65,1311418112,1092528
2026-08-21,HLF,2026-12-31,2.47004,2.48189,2.45697,1,5258581188,2,Consumer Defensive,12.65,1311418112,1092528
2026-08-21,HLF,2025-12-31,2.16289,2.17326,2.15144,2,4998590788,2,Consumer Defensive,12.65,1311418112,1092528
2026-08-21,HLI,2029-03-31,9.68521,10.50751,8.97931,1,3360201303,3,Financial Services,129.05,9018852051,589332
2026-08-21,HLI,2028-03-31,8.68547,9.29845,8.15736,6,3122514252,8,Financial Services,129.05,9018852051,589332
2026-08-21,HLI,2027-03-31,6.93594,7.33171,6.59953,6,2630154848,8,Financial Services,129.05,9018852051,589332
2026-08-21,HLI,2026-03-31,7.70155,7.90081,7.5521,5,2661714375,7,Financial Services,129.05,9018852051,589332
2026-08-21,HLIT,2028-12-31,0.81333,0.93312,0.69354,2,593800000,2,Technology,12.47,1352950557,1173943
2026-08-21,HLIT,2027-12-31,0.80413,0.89936,0.7089,4,572707233,5,Technology,12.47,1352950557,1173943
2026-08-21,HLIT,2026-12-31,0.715,0.726,0.682,3,518273432,4,Technology,12.47,1352950557,1173943
2026-08-21,HLIT,2025-12-31,0.43119,0.44122,0.42116,4,555026450,3,Technology,12.47,1352950557,1173943
2026-08-21,HLN,2030-12-31,0.56538,0.5734,0.55899,2,13329008258,7,Healthcare,10,44037995000,7171279
2026-08-21,HLN,2029-12-31,0.54176,0.54945,0.53564,3,12897619099,10,Healthcare,10,44037995000,7171279
2026-08-21,HLN,2028-12-31,0.50384,0.53462,0.47903,6,12430408227,15,Healthcare,10,44037995000,7171279
2026-08-21,HLN,2027-12-31,0.4619,0.46948,0.44676,5,11943360697,12,Healthcare,10,44037995000,7171279
2026-08-21,HLT,2030-12-31,16.67,17.16459,16.1936,4,17859000000,5,Consumer Cyclical,326.63,73512980950,1043972
2026-08-21,HLT,2029-12-31,14.16181,14.58199,13.75709,2,16473100306,5,Consumer Cyclical,326.63,73512980950,1043972
2026-08-21,HLT,2028-12-31,11.93566,13.54146,10.55529,7,15292541905,10,Consumer Cyclical,326.63,73512980950,1043972
2026-08-21,HLT,2027-12-31,10.38735,11.04577,9.94513,16,14158374997,13,Consumer Cyclical,326.63,73512980950,1043972
2026-08-21,HLX,2030-12-31,0.38,0.38755,0.36016,1,1456000000,1,Energy,10.35,1524585708,815560
2026-08-21,HLX,2029-12-31,0.67,0.68331,0.63502,1,1484000000,1,Energy,10.35,1524585708,815560
2026-08-21,HLX,2028-12-31,0.86145,0.87856,0.81647,1,2158924993,1,Energy,10.35,1524585708,815560
2026-08-21,HLX,2027-12-31,0.55669,0.56775,0.52762,2,1429495579,3,Energy,10.35,1524585708,815560
2026-08-21,HMC,2031-03-31,829.11963,898.40412,773.03758,1,25792671118179,3,Consumer Cyclical,33.37,43303322382,1020068
2026-08-21,HMC,2030-03-31,873.41447,946.40042,814.33629,1,25593001511891,4,Consumer Cyclical,33.37,43303322382,1020068
2026-08-21,HMC,2029-03-31,772.594,837.15499,720.33537,1,25046933474659,4,Consumer Cyclical,33.37,43303322382,1020068
2026-08-21,HMC,2028-03-31,637.6353,741.20027,540.16239,2,24413945267835,9,Consumer Cyclical,33.37,43303322382,1020068
2026-08-21,HMY,2030-06-30,69.5416,77.00355,57.73977,1,121382695054,4,Basic Materials,23.54,14708748006,5111824
2026-08-21,HMY,2029-06-30,65.74843,72.80336,54.59034,1,125218349106,4,Basic Materials,23.54,14708748006,5111824
2026-08-21,HMY,2028-06-30,66.25631,73.36574,55.01203,1,131359477318,3,Basic Materials,23.54,14708748006,5111824
2026-08-21,HMY,2027-06-30,59.34732,65.7154,49.27555,1,119974561711,5,Basic Materials,23.54,14708748006,5111824
2026-08-21,HNGE,2030-12-31,5.29,5.67707,4.98015,1,2013000000,6,Healthcare,88.42,6841951095,1307139
2026-08-21,HNGE,2029-12-31,4.36,4.67902,4.10463,1,1677000000,6,Healthcare,88.42,6841951095,1307139
2026-08-21,HNGE,2028-12-31,4.29667,5.26719,3.23347,3,1326330080,8,Healthcare,88.42,6841951095,1307139
2026-08-21,HNGE,2027-12-31,3.12962,3.83355,2.65399,9,1087109840,12,Healthcare,88.42,6841951095,1307139
2026-08-21,HNRG,2030-12-31,3.06,3.15263,2.95259,1,611080000,1,Utilities,15.38,724865429,536445
2026-08-21,HNRG,2029-12-31,2.71,2.79203,2.61488,1,590412000,1,Utilities,15.38,724865429,536445
2026-08-21,HNRG,2028-12-31,1.255,1.29299,1.21095,1,533250000,1,Utilities,15.38,724865429,536445
2026-08-21,HNRG,2027-12-31,0.6525,1.0701,0.2349,2,491643750,2,Utilities,15.38,724865429,536445
2026-08-21,HOG,2028-12-31,2.9194,3.48016,1.77061,6,4340712095,4,Consumer Cyclical,28.2,2968557600,878742
2026-08-21,HOG,2027-12-31,1.90545,2.56722,1.25509,12,4034847954,9,Consumer Cyclical,28.2,2968557600,878742
2026-08-21,HOG,2026-12-31,0.68096,1.05792,0.26752,11,3870263607,8,Consumer Cyclical,28.2,2968557600,878742
2026-08-21,HOG,2025-12-31,4.13795,4.47055,3.86404,8,3680798218,7,Consumer Cyclical,28.2,2968557600,878742
2026-08-21,HOMB,2028-12-31,2.69479,2.74356,2.65113,3,1243214024,1,Financial Services,30.27,6096771510,891325
2026-08-21,HOMB,2027-12-31,2.59794,2.64888,2.547,6,1204661835,6,Financial Services,30.27,6096771510,891325
2026-08-21,HOMB,2026-12-31,2.51265,2.52266,2.50264,5,1156347447,4,Financial Services,30.27,6096771510,891325
2026-08-21,HOMB,2025-12-31,2.35734,2.38731,2.33736,5,1077663318,5,Financial Services,30.27,6096771510,891325
2026-08-21,HON,2030-12-31,13.54,14.3051,12.8542,1,24611000000,12,Industrials,215.9,68427346000,3469120
2026-08-21,HON,2029-12-31,12.90333,13.63246,12.24978,1,23250538292,8,Industrials,215.9,68427346000,3469120
2026-08-21,HON,2028-12-31,11.45147,13.17006,8.87344,4,21697515427,14,Industrials,215.9,68427346000,3469120
2026-08-21,HON,2027-12-31,9.99867,10.85258,9.33342,11,20540755047,16,Industrials,215.9,68427346000,3469120
2026-08-21,HONA,2028-12-31,10.30816,11.18,9.59,9,21384257250,12,Industrials,164.73,52209485018,3405899
2026-08-21,HONA,2027-12-31,9.29,9.58,8.85,9,19910000000,10,Industrials,164.73,52209485018,3405899
2026-08-21,HONA,2026-12-31,8.1,8.58,7.75,7,18500000000,10,Industrials,164.73,52209485018,3405899
2026-08-21,HOOD,2030-12-31,3.5,4.0421,3.25532,4,8002000000,12,Financial Services,108.13,97217770721,49572416
2026-08-21,HOOD,2029-12-31,3.85072,4.44714,3.58153,4,8957054672,8,Financial Services,108.13,97217770721,49572416
2026-08-21,HOOD,2028-12-31,3.39612,3.91761,3.01777,10,7587462892,14,Financial Services,108.13,97217770721,49572416
2026-08-21,HOOD,2027-12-31,2.79918,3.28692,2.48109,16,6541227787,19,Financial Services,108.13,97217770721,49572416
2026-08-21,HOPE,2027-12-31,1.505,1.54286,1.44821,3,761000000,2,Financial Services,13.97,1785910830,1129681
2026-08-21,HOPE,2026-12-31,1.0775,1.09657,1.06796,3,620800000,2,Financial Services,13.97,1785910830,1129681
2026-08-21,HOPE,2025-12-31,0.445,0.46034,0.42966,3,534866667,2,Financial Services,13.97,1785910830,1129681
2026-08-21,HOPE,2024-12-31,0.77,0.80624,0.72471,4,476794375,3,Financial Services,13.97,1785910830,1129681
2026-08-21,HP,2030-09-30,1.17,1.21527,1.12213,1,4295000000,3,Energy,43.55,4351995050,730193
2026-08-21,HP,2029-09-30,1.18,1.22565,1.13172,1,4298000000,3,Energy,43.55,4351995050,730193
2026-08-21,HP,2028-09-30,1.95,2.72535,1.45424,3,4455397393,6,Energy,43.55,4351995050,730193
2026-08-21,HP,2027-09-30,1.41508,1.83504,1.10468,7,4298725042,10,Energy,43.55,4351995050,730193
2026-08-21,HPE,2029-10-31,5.0895,5.42065,4.88434,1,59488000000,6,Technology,53.44,70765436162,6446479
2026-08-21,HPE,2028-10-31,4.4327,4.88153,4.18608,4,52988842518,12,Technology,53.44,70765436162,6446479
2026-08-21,HPE,2027-10-31,4.04382,4.53939,3.84559,11,50157807667,14,Technology,53.44,70765436162,6446479
2026-08-21,HPE,2026-10-31,3.4227,3.58236,3.34287,11,44985963528,14,Technology,53.44,70765436162,6446479
2026-08-21,HPQ,2029-10-31,3.7431,3.82924,3.62742,1,60746516500,5,Technology,29.71,27170478330,10133858
2026-08-21,HPQ,2028-10-31,3.31285,3.8059,2.88762,5,57994028115,11,Technology,29.71,27170478330,10133858
2026-08-21,HPQ,2027-10-31,3.02213,3.25936,2.73333,9,57833825705,10,Technology,29.71,27170478330,10133858
2026-08-21,HPQ,2026-10-31,3.02493,3.12644,2.92342,9,57721763250,10,Technology,29.71,27170478330,10133858
2026-08-21,HQ,2030-12-31,-0.38,-0.38,-0.38,1,19900000,1,Technology,19.93,1075663614,1270755
2026-08-21,HQ,2029-12-31,-0.53,-0.53,-0.53,1,5200000,1,Technology,19.93,1075663614,1270755
2026-08-21,HQ,2028-12-31,-0.54455,-0.54455,-0.54455,1,1500000,1,Technology,19.93,1075663614,1270755
2026-08-21,HQ,2027-12-31,-0.4982,-0.47827,-0.51813,2,0,0,Technology,19.93,1075663614,1270755
2026-08-21,HQY,2029-01-31,6.0051,6.29322,5.76247,3,1626290154,4,Healthcare,105.41,8812503369,582295
2026-08-21,HQY,2028-01-31,5.44719,5.62978,5.22403,10,1520392658,11,Healthcare,105.41,8812503369,582295
2026-08-21,HQY,2027-01-31,4.71941,4.76951,4.67933,10,1415109227,11,Healthcare,105.41,8812503369,582295
2026-08-21,HQY,2026-01-31,3.95592,3.97595,3.92588,11,1311572929,10,Healthcare,105.41,8812503369,582295
2026-08-21,HR,2029-12-31,0.15,0.15501,0.14584,1,1177400000,1,Real Estate,19.39,6801081202,1353786
2026-08-21,HR,2028-12-31,0.10241,0.1338,0.07101942,2,1206978200,2,Real Estate,19.39,6801081202,1353786
2026-08-21,HR,2027-12-31,0.055084,0.05669464,0.05315123,3,1141284167,3,Real Estate,19.39,6801081202,1353786
2026-08-21,HR,2026-12-31,-0.032117,-0.03152949,-0.03250867,2,1102504822,3,Real Estate,19.39,6801081202,1353786
2026-08-21,HRB,2029-06-30,8.06,8.14635,7.93635,1,4518452000,1,Consumer Cyclical,53.68,6804487912,1615303
2026-08-21,HRB,2028-06-30,6.906,7.43805,5.86318,2,4309716000,3,Consumer Cyclical,53.68,6804487912,1615303
2026-08-21,HRB,2027-06-30,6.146,6.34226,5.75348,2,4136529749,3,Consumer Cyclical,53.68,6804487912,1615303
2026-08-21,HRB,2026-06-30,5.162,5.18193,5.14207,3,3918377750,4,Consumer Cyclical,53.68,6804487912,1615303
2026-08-21,HRL,2028-10-26,1.68333,1.79906,1.5676,2,12614385667,4,Consumer Defensive,23.89,13147025350,2342223
2026-08-21,HRL,2027-10-26,1.579,1.64012,1.42619,6,12356752396,7,Consumer Defensive,23.89,13147025350,2342223
2026-08-21,HRL,2026-10-26,1.4961,1.54734,1.33214,6,12236507942,7,Consumer Defensive,23.89,13147025350,2342223
2026-08-21,HRL,2025-10-26,1.3635,1.3736,1.3534,6,12144301134,5,Consumer Defensive,23.89,13147025350,2342223
2026-08-21,HSAI,2030-12-31,11.39334,13.71468,9.78536,4,10625913494,10,Consumer Cyclical,19.1,2775889313,2258812
2026-08-21,HSAI,2029-12-31,9.50981,11.44739,8.16766,4,8957559365,10,Consumer Cyclical,19.1,2775889313,2258812
2026-08-21,HSAI,2028-12-31,8.64855,13.50431,5.16282,10,7984884212,20,Consumer Cyclical,19.1,2775889313,2258812
2026-08-21,HSAI,2027-12-31,6.108,8.25711,4.75067,8,6102133380,17,Consumer Cyclical,19.1,2775889313,2258812
2026-08-21,HSBC,2030-12-31,12.75,12.98411,12.53865,1,87654000000,5,Financial Services,104.15,357934388000,743306
2026-08-21,HSBC,2029-12-31,10.4749,10.66724,10.30126,1,83935858127,3,Financial Services,104.15,357934388000,743306
2026-08-21,HSBC,2028-12-31,10.2223,10.41,10.05285,1,82572018330,3,Financial Services,104.15,357934388000,743306
2026-08-21,HSBC,2027-12-31,9.38767,9.67741,9.03032,2,78459298399,7,Financial Services,104.15,357934388000,743306
2026-08-21,HSIC,2029-12-27,6.975,7.09123,6.91081,2,15784250000,7,Healthcare,88.5,10081654500,712853
2026-08-21,HSIC,2028-12-27,6.63064,7.23659,5.93303,6,15009003350,13,Healthcare,88.5,10081654500,712853
2026-08-21,HSIC,2027-12-27,6.01085,6.38589,5.8284,11,14430575145,13,Healthcare,88.5,10081654500,712853
2026-08-21,HSIC,2026-12-27,5.38454,5.46506,5.33422,11,13871339731,12,Healthcare,88.5,10081654500,712853
2026-08-21,HST,2028-12-31,1.035,1.15073,0.95266,3,6342679778,7,Real Estate,23.21,15896041590,10083586
2026-08-21,HST,2027-12-31,1.06388,1.1076,1.02016,7,6177874810,13,Real Estate,23.21,15896041590,10083586
2026-08-21,HST,2026-12-31,1.37775,1.40326,1.33948,6,6135950014,7,Real Estate,23.21,15896041590,10083586
2026-08-21,HST,2025-12-31,1.09213,1.09751,1.08675,5,6010974805,11,Real Estate,23.21,15896041590,10083586
2026-08-21,HSY,2030-12-31,12.00495,12.15927,11.87659,5,13715759712,12,Consumer Defensive,186.46,37815878948,719751
2026-08-21,HSY,2029-12-31,11.19563,11.33954,11.07593,5,13175933917,8,Consumer Defensive,186.46,37815878948,719751
2026-08-21,HSY,2028-12-31,10.53321,10.91981,9.63633,8,12914614285,14,Consumer Defensive,186.46,37815878948,719751
2026-08-21,HSY,2027-12-31,9.89018,10.38168,9.45886,13,12604402583,16,Consumer Defensive,186.46,37815878948,719751
2026-08-21,HTFL,2030-12-31,0.61333,0.63098,0.59819,1,515876667,3,Healthcare,49.75,4290481193,2449177
2026-08-21,HTFL,2029-12-31,0.35333,0.3635,0.34461,1,443910000,4,Healthcare,49.75,4290481193,2449177
2026-08-21,HTFL,2028-12-31,0.046312,0.114,-0.02137477,2,370930912,6,Healthcare,49.75,4290481193,2449177
2026-08-21,HTFL,2027-12-31,-0.2625,-0.06805556,-0.4375,5,309206035,7,Healthcare,49.75,4290481193,2449177
2026-08-21,HTGC,2028-12-31,1.92201,1.94603,1.9,3,684683500,2,Financial Services,17.13,3206119320,1689740
2026-08-21,HTGC,2027-12-31,1.95014,2.01874,1.87174,6,623271062,5,Financial Services,17.13,3206119320,1689740
2026-08-21,HTGC,2026-12-31,1.93309,1.95292,1.91326,6,582103950,5,Financial Services,17.13,3206119320,1689740
2026-08-21,HTGC,2025-12-31,1.92882,1.93887,1.90873,6,536580437,5,Financial Services,17.13,3206119320,1689740
2026-08-21,HTHT,2028-12-31,22.44173,25.31652,18.34352,9,30717080227,16,Consumer Cyclical,49.16,15099601562,1585577
2026-08-21,HTHT,2027-12-31,20.46152,22.04076,18.88228,6,28978585150,14,Consumer Cyclical,49.16,15099601562,1585577
2026-08-21,HTHT,2026-12-31,18.1267,18.19358,18.05981,6,27333705275,13,Consumer Cyclical,49.16,15099601562,1585577
2026-08-21,HTHT,2025-12-31,14.83115,15.04003,14.62226,4,25171567438,10,Consumer Cyclical,49.16,15099601562,1585577
2026-08-21,HTLD,2028-12-31,0.72657,0.73735,0.71578,2,832770618,4,Industrials,12.84,994967697,590935
2026-08-21,HTLD,2027-12-31,0.5175,0.54679,0.48821,3,787444579,4,Industrials,12.84,994967697,590935
2026-08-21,HTLD,2026-12-31,0.18539,0.19285,0.17563,3,733429699,4,Industrials,12.84,994967697,590935
2026-08-21,HTLD,2025-12-31,-0.48793,-0.42564,-0.55022,3,817752279,3,Industrials,12.84,994967697,590935
2026-08-21,HUBG,2029-12-31,3.66,3.83607,3.5349,1,4821686000,1,Industrials,40.73,2467366663,1625256
2026-08-21,HUBG,2028-12-31,2.3494,2.46242,2.2691,1,4363847300,2,Industrials,40.73,2467366663,1625256
2026-08-21,HUBG,2027-12-31,1.865,2.02098,1.74971,4,4055733333,6,Industrials,40.73,2467366663,1625256
2026-08-21,HUBG,2026-12-31,1.2775,1.3646,1.20782,5,3783466667,7,Industrials,40.73,2467366663,1625256
2026-08-21,HUBS,2030-12-31,23.67,24.2143,23.16077,1,6149350000,8,Technology,240.01,12292760177,776118
2026-08-21,HUBS,2029-12-31,20.795,21.27319,20.34762,1,5434550000,13,Technology,240.01,12292760177,776118
2026-08-21,HUBS,2028-12-31,19.80534,23.46309,17.35629,5,4798032333,17,Technology,240.01,12292760177,776118
2026-08-21,HUBS,2027-12-31,16.69268,18.55745,14.67753,20,4206974685,26,Technology,240.01,12292760177,776118
2026-08-21,HUM,2030-12-31,35.78,37.96974,33.71042,5,205756000000,9,Healthcare,378.87,45494709600,834126
2026-08-21,HUM,2029-12-31,35.02248,37.16586,32.99672,5,190009914475,10,Healthcare,378.87,45494709600,834126
2026-08-21,HUM,2028-12-31,27.8708,33.7039,19.87495,8,179488166105,18,Healthcare,378.87,45494709600,834126
2026-08-21,HUM,2027-12-31,16.71723,19.99663,11.47239,15,167995896168,17,Healthcare,378.87,45494709600,834126
2026-08-21,HUT,2030-12-31,3.89,5.23331,2.49425,4,3443000000,4,Financial Services,80.86,9104359654,9550327
2026-08-21,HUT,2029-12-31,0.125,0.16817,0.0801495,2,2019226464,4,Financial Services,80.86,9104359654,9550327
2026-08-21,HUT,2028-12-31,0.44571,6.09817,-4.30181,7,1390196386,9,Financial Services,80.86,9104359654,9550327
2026-08-21,HUT,2027-12-31,-3.57071,-1.27417,-7.61986,6,556757405,11,Financial Services,80.86,9104359654,9550327
2026-08-21,HWC,2028-12-31,7.69576,7.79247,7.50734,4,1807429638,1,Financial Services,75.38,6117690040,682134
2026-08-21,HWC,2027-12-31,7.28248,7.45371,7.16161,7,1774691309,6,Financial Services,75.38,6117690040,682134
2026-08-21,HWC,2026-12-31,6.48802,6.54847,6.43765,7,1627483103,6,Financial Services,75.38,6117690040,682134
2026-08-21,HWC,2025-12-31,5.73273,5.75274,5.69271,6,1524593528,5,Financial Services,75.38,6117690040,682134
2026-08-21,HWM,2030-12-31,9.05667,9.36864,8.63473,11,14672000000,8,Industrials,271.68,108701200981,1213277
2026-08-21,HWM,2029-12-31,8.48548,8.77777,8.09015,7,13822802363,13,Industrials,271.68,108701200981,1213277
2026-08-21,HWM,2028-12-31,7.58229,8.92795,6.89436,14,12715240319,17,Industrials,271.68,108701200981,1213277
2026-08-21,HWM,2027-12-31,6.42317,6.84162,6.01518,13,11426929402,14,Industrials,271.68,108701200981,1213277
2026-08-21,HXL,2029-12-31,5.38,6.2654,5.09089,3,2801000000,10,Industrials,93.86,7098017205,854511
2026-08-21,HXL,2028-12-31,3.82573,4.83137,3.30916,9,2497736249,12,Industrials,93.86,7098017205,854511
2026-08-21,HXL,2027-12-31,3.13056,4.95214,2.63626,10,2297320056,11,Industrials,93.86,7098017205,854511
2026-08-21,HXL,2026-12-31,2.40329,2.44402,2.34219,11,2093938146,11,Industrials,93.86,7098017205,854511
2026-08-21,HYMC,2030-12-31,-0.175,-0.175,-0.175,1,0,0,Basic Materials,27.07,2522428105,2740941
2026-08-21,HYMC,2029-12-31,-0.03,-0.03,-0.03,1,0,0,Basic Materials,27.07,2522428105,2740941
2026-08-21,HYMC,2028-12-31,-0.255,-0.255,-0.255,1,0,0,Basic Materials,27.07,2522428105,2740941
2026-08-21,HYMC,2027-12-31,-0.725,-0.725,-0.725,1,6230200,1,Basic Materials,27.07,2522428105,2740941
2026-08-21,IAG,2030-12-31,1.72162,2.09159,1.57921,1,2875225933,2,Basic Materials,21.14,12218920000,5075316
2026-08-21,IAG,2029-12-31,1.74365,2.11835,1.59941,1,3095715511,2,Basic Materials,21.14,12218920000,5075316
2026-08-21,IAG,2028-12-31,2.10072,2.24033,2.01827,4,3669994918,1,Basic Materials,21.14,12218920000,5075316
2026-08-21,IAG,2027-12-31,2.30019,2.79149,2.03221,7,4086440442,5,Basic Materials,21.14,12218920000,5075316
2026-08-21,IART,2029-12-31,3,3.03845,2.9612,1,1806800000,6,Healthcare,16.74,1301911750,524408
2026-08-21,IART,2028-12-31,2.85038,3.38537,2.31539,2,1785740702,8,Healthcare,16.74,1301911750,524408
2026-08-21,IART,2027-12-31,2.60522,2.67646,2.54416,6,1728027945,8,Healthcare,16.74,1301911750,524408
2026-08-21,IART,2026-12-31,2.45688,2.47685,2.44689,6,1674261827,9,Healthcare,16.74,1301911750,524408
2026-08-21,IBKR,2029-12-31,3.91932,4.1442,3.75319,1,10748336731,2,Financial Services,93.87,162210404767,5094596
2026-08-21,IBKR,2028-12-31,3.63,3.77774,3.38839,4,9899354909,4,Financial Services,93.87,162210404767,5094596
2026-08-21,IBKR,2027-12-31,3.17744,3.2877,2.99702,7,8654052842,5,Financial Services,93.87,162210404767,5094596
2026-08-21,IBKR,2026-12-31,2.71359,2.75394,2.64298,6,7463900447,5,Financial Services,93.87,162210404767,5094596
2026-08-21,IBM,2030-12-31,12.56,12.90589,12.27797,2,81471000000,7,Technology,235.68,222042141120,2984735
2026-08-21,IBM,2029-12-31,14.11013,14.49871,13.79329,3,80974021200,10,Technology,235.68,222042141120,2984735
2026-08-21,IBM,2028-12-31,14.28952,16.14315,12.79866,6,76908963547,15,Technology,235.68,222042141120,2984735
2026-08-21,IBM,2027-12-31,13.1471,13.77315,12.61048,14,73070455812,18,Technology,235.68,222042141120,2984735
2026-08-21,IBN,2030-03-31,273.55546,294.13715,252.60955,1,2177569676081,10,Financial Services,29.91,106970446849,3066577
2026-08-21,IBN,2029-03-31,210.88827,226.75502,194.74073,1,1773464703971,10,Financial Services,29.91,106970446849,3066577
2026-08-21,IBN,2028-03-31,184.67955,189.51409,178.8781,2,1555381578839,20,Financial Services,29.91,106970446849,3066577
2026-08-21,IBN,2027-03-31,159.90456,163.75768,154.12488,3,1349340748162,20,Financial Services,29.91,106970446849,3066577
2026-08-21,ICE,2030-12-31,12.65,12.94005,12.12691,1,14196000000,6,Financial Services,161.25,90524943750,2683347
2026-08-21,ICE,2029-12-31,11.10118,11.35572,10.64213,1,13384577672,6,Financial Services,161.25,90524943750,2683347
2026-08-21,ICE,2028-12-31,9.88061,10.39074,8.43869,4,12438953606,8,Financial Services,161.25,90524943750,2683347
2026-08-21,ICE,2027-12-31,8.82006,8.99103,8.38761,8,11673386803,9,Financial Services,161.25,90524943750,2683347
2026-08-21,ICHR,2030-12-26,5.18,5.47449,4.97896,1,2328600000,2,Technology,60.2,2098999420,543125
2026-08-21,ICHR,2029-12-26,3.62,3.8258,3.47951,1,2019600000,2,Technology,60.2,2098999420,543125
2026-08-21,ICHR,2028-12-26,3.6875,4.95373,2.06302,4,1790325000,4,Technology,60.2,2098999420,543125
2026-08-21,ICHR,2027-12-26,3.26867,3.45976,3.11781,5,1629564125,6,Technology,60.2,2098999420,543125
2026-08-21,IDYA,2030-12-31,1.415,3.112,0.16109,4,1043372875,6,Healthcare,39.67,3771946577,806359
2026-08-21,IDYA,2029-12-31,-1.51375,-0.17233,-3.32918,4,567211875,10,Healthcare,39.67,3771946577,806359
2026-08-21,IDYA,2028-12-31,-3.35523,-0.33404,-4.44454,11,254787419,12,Healthcare,39.67,3771946577,806359
2026-08-21,IDYA,2027-12-31,-4.13471,-1.83995,-5.22007,10,115491013,10,Healthcare,39.67,3771946577,806359
2026-08-21,IE,2030-12-31,0,0,0,0,719000000,1,Basic Materials,11.27,1783946253,3023918
2026-08-21,IE,2029-12-31,1.47,1.5909,1.39585,1,532000000,1,Basic Materials,11.27,1783946253,3023918
2026-08-21,IE,2028-12-31,-0.43,-0.40831,-0.46537,1,8000000,1,Basic Materials,11.27,1783946253,3023918
2026-08-21,IE,2027-12-31,-0.71977,-0.35189,-1.29559,2,3988875,2,Basic Materials,11.27,1783946253,3023918
2026-08-21,IFF,2029-12-31,4.864,4.95594,4.75997,1,8520738047,10,Basic Materials,84.28,21516936840,830877
2026-08-21,IFF,2028-12-31,4.54839,5.41842,3.21581,4,8458339695,12,Basic Materials,84.28,21516936840,830877
2026-08-21,IFF,2027-12-31,3.98451,4.97592,2.75705,9,8029993688,12,Basic Materials,84.28,21516936840,830877
2026-08-21,IFF,2026-12-31,3.42577,4.29162,2.35286,7,7937498203,10,Basic Materials,84.28,21516936840,830877
2026-08-21,ILMN,2030-12-28,8.8875,9.18241,8.68016,2,5999533333,7,Healthcare,219.4,33195220000,1912997
2026-08-21,ILMN,2029-12-28,8.048,8.31505,7.86025,4,5734675000,7,Healthcare,219.4,33195220000,1912997
2026-08-21,ILMN,2028-12-28,7.02123,7.71562,6.6697,7,5255578625,15,Healthcare,219.4,33195220000,1912997
2026-08-21,ILMN,2027-12-28,6.07194,6.64974,5.68674,12,4904081647,13,Healthcare,219.4,33195220000,1912997
2026-08-21,IMAX,2030-12-31,3,3.12406,2.89878,1,556306275,5,Communication Services,52.74,2892373092,511659
2026-08-21,IMAX,2029-12-31,2.445,2.54611,2.36251,1,519593827,3,Communication Services,52.74,2892373092,511659
2026-08-21,IMAX,2028-12-31,2.28477,2.41368,2.14698,3,500190296,7,Communication Services,52.74,2892373092,511659
2026-08-21,IMAX,2027-12-31,2.02164,2.43583,1.69621,6,472766464,8,Communication Services,52.74,2892373092,511659
2026-08-21,IMMX,2030-12-31,1.51333,3.09408,0.50764,1,458331667,2,Healthcare,13.66,743129913,1510009
2026-08-21,IMMX,2029-12-31,0.07,0.14312,0.02348098,1,286294000,2,Healthcare,13.66,743129913,1510009
2026-08-21,IMMX,2028-12-31,-0.665,-0.48414,-0.76795,3,150385209,5,Healthcare,13.66,743129913,1510009
2026-08-21,IMMX,2027-12-31,-0.90375,-0.14176,-2.25051,6,23101468,5,Healthcare,13.66,743129913,1510009
2026-08-21,IMNM,2030-12-31,0.83,1.66752,0.13681,5,594116000,5,Healthcare,28.52,2726376188,846147
2026-08-21,IMNM,2029-12-31,-0.46286,-0.07629457,-0.92991,5,372461333,5,Healthcare,28.52,2726376188,846147
2026-08-21,IMNM,2028-12-31,-1.50102,-0.64281,-2.49981,8,196800526,10,Healthcare,28.52,2726376188,846147
2026-08-21,IMNM,2027-12-31,-2.46597,-1.89841,-2.80847,9,53346357,8,Healthcare,28.52,2726376188,846147
2026-08-21,IMVT,2031-03-31,2.77833,2.77833,2.77833,7,1711234333,6,Healthcare,44.37,9158056740,836393
2026-08-21,IMVT,2030-03-31,0.14143,0.14143,0.14143,5,920547286,6,Healthcare,44.37,9158056740,836393
2026-08-21,IMVT,2029-03-31,-1.82202,-0.03522252,-3.40831,11,382792359,11,Healthcare,44.37,9158056740,836393
2026-08-21,IMVT,2028-03-31,-2.80452,-2.31802,-3.3101,8,44128806,9,Healthcare,44.37,9158056740,836393
2026-08-21,INCY,2030-12-31,4.2077,4.57354,3.96129,4,5101449333,8,Healthcare,127.81,25906798916,1323194
2026-08-21,INCY,2029-12-31,3.64535,3.96229,3.43187,4,4775123931,13,Healthcare,127.81,25906798916,1323194
2026-08-21,INCY,2028-12-31,9.08698,11.78063,6.6143,11,6534521507,17,Healthcare,127.81,25906798916,1323194
2026-08-21,INCY,2027-12-31,8.59421,10.48418,7.5599,13,6226016033,17,Healthcare,127.81,25906798916,1323194
2026-08-21,INDV,2030-12-31,5.41,5.44049,5.35863,1,1546800000,2,Healthcare,36.87,4600269900,1921411
2026-08-21,INDV,2029-12-31,4.985,5.01309,4.93766,1,1545135550,2,Healthcare,36.87,4600269900,1921411
2026-08-21,INDV,2028-12-31,4.84,5.36123,4.31877,2,1489266667,4,Healthcare,36.87,4600269900,1921411
2026-08-21,INDV,2027-12-31,4.62,4.64603,4.57613,2,1399533333,3,Healthcare,36.87,4600269900,1921411
2026-08-21,INFQ,2028-12-31,-0.24628,-0.24056,-0.2529,1,71694464,1,Technology,14.12,3080939946,15309807
2026-08-21,INFQ,2027-12-31,-0.23928,-0.23372,-0.24571,1,55874870,2,Technology,14.12,3080939946,15309807
2026-08-21,INFQ,2026-12-31,-0.21889,-0.2138,-0.22477,2,43859624,2,Technology,14.12,3080939946,15309807
2026-08-21,INFQ,2025-12-31,-0.15,-0.14651,-0.15403,1,32464000,1,Technology,14.12,3080939946,15309807
2026-08-21,INFY,2030-03-31,0.98889,1.02994,0.95403,10,24837732744,20,Technology,11.94,48447505200,15162305
2026-08-21,INFY,2029-03-31,0.88059,0.99326,0.80446,22,21921540415,30,Technology,11.94,48447505200,15162305
2026-08-21,INFY,2028-03-31,0.83085,0.86017,0.8113,16,20988956010,34,Technology,11.94,48447505200,15162305
2026-08-21,INFY,2027-03-31,0.79549,0.80531,0.77585,16,20264825670,34,Technology,11.94,48447505200,15162305
2026-08-21,ING,2030-12-31,4.51582,4.61385,4.36569,1,31544374520,4,Financial Services,34.84,99523212778,1332791
2026-08-21,ING,2029-12-31,3.65453,3.73386,3.53303,1,29047724144,4,Financial Services,34.84,99523212778,1332791
2026-08-21,ING,2028-12-31,3.36031,3.43326,3.2486,1,28319303514,3,Financial Services,34.84,99523212778,1332791
2026-08-21,ING,2027-12-31,2.91553,3.23342,2.53406,3,26690157302,9,Financial Services,34.84,99523212778,1332791
2026-08-21,INIO,2028-12-31,1.02516,1.08124,0.98213,7,6034536700,9,Industrials,23.16,17370000000,3330465
2026-08-21,INIO,2027-12-31,0.77,0.81,0.74,6,5160000000,7,Industrials,23.16,17370000000,3330465
2026-08-21,INIO,2026-12-31,0.24,0.24627,0.2332,5,3860000000,6,Industrials,23.16,17370000000,3330465
2026-08-21,INIO,2025-12-31,4084,4190.71081,3968.23284,2,2811400000,2,Industrials,23.16,17370000000,3330465
2026-08-21,INOD,2031-12-31,1.2503,1.32209,1.17888,1,301512500,1,Technology,64.21,2096800537,972464
2026-08-21,INOD,2030-12-31,0.863,0.91256,0.8137,1,234425967,2,Technology,64.21,2096800537,972464
2026-08-21,INOD,2029-12-31,0.79633,0.84206,0.75084,1,164279750,2,Technology,64.21,2096800537,972464
2026-08-21,INOD,2027-12-31,1.63433,2.18237,1.08629,3,460042175,4,Technology,64.21,2096800537,972464
2026-08-21,INSM,2030-12-31,10.84083,12.69988,8.996,7,6376328846,15,Healthcare,125.77,27260899040,1124427
2026-08-21,INSM,2029-12-31,7.27206,8.51912,6.03454,12,5068290046,9,Healthcare,125.77,27260899040,1124427
2026-08-21,INSM,2028-12-31,3.62677,7.2815,0.246,17,3885734780,19,Healthcare,125.77,27260899040,1124427
2026-08-21,INSM,2027-12-31,0.90007,6.19014,-0.18622,16,2876338289,15,Healthcare,125.77,27260899040,1124427
2026-08-21,INTA,2029-06-30,2.3054,2.37248,2.25554,1,887974545,3,Technology,41.35,3186497160,741035
2026-08-21,INTA,2028-06-30,1.95544,2.0147,1.87643,6,758037451,7,Technology,41.35,3186497160,741035
2026-08-21,INTA,2027-06-30,1.59893,1.60886,1.57907,6,659090096,7,Technology,41.35,3186497160,741035
2026-08-21,INTA,2026-06-30,1.23106,1.26688,1.20444,6,575027658,7,Technology,41.35,3186497160,741035
2026-08-21,INTC,2030-12-27,7.028,8.07801,5.83682,9,130998675000,16,Technology,90.07,454313057212,90790387
2026-08-21,INTC,2029-12-27,4.616,5.30565,3.83363,6,98795700000,15,Technology,90.07,454313057212,90790387
2026-08-21,INTC,2028-12-27,3.08592,5.48367,1.55074,13,81988073274,30,Technology,90.07,454313057212,90790387
2026-08-21,INTC,2027-12-27,2.0687,2.57532,1.67818,28,72019089169,35,Technology,90.07,454313057212,90790387
2026-08-21,INTU,2030-07-31,40.43,43.36963,38.1877,1,35033000000,2,Technology,367,100388079000,3448367
2026-08-21,INTU,2029-07-31,35.66761,37.03622,34.06159,3,30679748571,5,Technology,367,100388079000,3448367
2026-08-21,INTU,2028-07-31,30.79363,33.52776,28.748,13,26231672742,25,Technology,367,100388079000,3448367
2026-08-21,INTU,2027-07-31,27.32188,28.37349,26.4205,20,23717219868,24,Technology,367,100388079000,3448367
2026-08-21,INVH,2028-12-31,0.78944,1.00416,0.67441,7,3157027333,2,Real Estate,30.11,17886604620,1572242
2026-08-21,INVH,2027-12-31,0.7465,0.76121,0.72811,8,3016399000,5,Real Estate,30.11,17886604620,1572242
2026-08-21,INVH,2026-12-31,0.96669,0.97165,0.96173,7,2951425000,5,Real Estate,30.11,17886604620,1572242
2026-08-21,INVH,2025-12-31,0.9079,0.92194,0.89844,4,2727739585,8,Real Estate,30.11,17886604620,1572242
2026-08-21,IONQ,2030-12-31,-1.96,-1.67374,-2.67033,1,1447639667,5,Technology,44.86,16744889867,17079779
2026-08-21,IONQ,2029-12-31,-2.43,-2.0751,-3.31066,1,932293000,3,Technology,44.86,16744889867,17079779
2026-08-21,IONQ,2028-12-31,-2.59167,-2.25025,-2.93752,5,645633283,7,Technology,44.86,16744889867,17079779
2026-08-21,IONQ,2027-12-31,-2.60714,-1.76158,-3.52316,6,391103852,10,Technology,44.86,16744889867,17079779
2026-08-21,IONS,2030-12-31,5.57644,7.54465,4.34987,6,3245584655,9,Healthcare,59.74,9927832160,2626060
2026-08-21,IONS,2029-12-31,2.59812,3.51513,2.02665,9,2537351727,10,Healthcare,59.74,9927832160,2626060
2026-08-21,IONS,2028-12-31,0.18608,261.47448,-251.04759,15,1981009238,18,Healthcare,59.74,9927832160,2626060
2026-08-21,IONS,2027-12-31,-1.93186,-0.22728,-2.85991,10,1379995467,18,Healthcare,59.74,9927832160,2626060
2026-08-21,IOT,2030-01-31,0,0,0,0,3572000000,4,Technology,39.94,23047669880,2547197
2026-08-21,IOT,2029-01-31,1.14167,1.30773,0.97561,2,2849603286,8,Technology,39.94,23047669880,2547197
2026-08-21,IOT,2028-01-31,0.91095,1.08726,0.75423,11,2405693025,17,Technology,39.94,23047669880,2547197
2026-08-21,IOT,2027-01-31,0.71211,0.85646,0.67362,11,2010333025,17,Technology,39.94,23047669880,2547197
2026-08-21,IP,2029-12-31,3.86,4.06338,3.73257,1,27035000000,4,Basic Materials,41.49,21969660330,2283485
2026-08-21,IP,2028-12-31,3.48692,3.88572,3.05342,5,26264151715,9,Basic Materials,41.49,21969660330,2283485
2026-08-21,IP,2027-12-31,3.00286,3.73329,2.58692,8,25983336811,9,Basic Materials,41.49,21969660330,2283485
2026-08-21,IP,2026-12-31,1.37077,1.44238,1.2787,7,24609450643,9,Basic Materials,41.49,21969660330,2283485
2026-08-21,IPGP,2029-12-31,3.6,3.74095,3.48429,1,1330793000,1,Technology,73.26,3109418136,744267
2026-08-21,IPGP,2028-12-31,3.06185,3.2052,2.9185,2,1391419604,2,Technology,73.26,3109418136,744267
2026-08-21,IPGP,2027-12-31,2.26693,2.7534,1.94586,6,1245056204,7,Technology,73.26,3109418136,744267
2026-08-21,IPGP,2026-12-31,1.10082,1.24925,0.95858,7,1122808619,7,Technology,73.26,3109418136,744267
2026-08-21,IQMX,2027-12-31,-0.72352,-0.72352,-0.72352,1,89261860,1,Technology,11.11,2344084279,2663546
2026-08-21,IQMX,2026-12-31,-0.71873,-0.71873,-0.71873,1,44500000,1,Technology,11.11,2344084279,2663546
2026-08-21,IQV,2030-12-31,20.78,21.47731,20.50483,3,22248500000,6,Healthcare,259.82,42766372000,1139616
2026-08-21,IQV,2029-12-31,18.31223,18.92673,18.06974,3,20811000000,11,Healthcare,259.82,42766372000,1139616
2026-08-21,IQV,2028-12-31,16.15048,18.66574,14.02392,9,19508733710,13,Healthcare,259.82,42766372000,1139616
2026-08-21,IQV,2027-12-31,14.40396,15.08747,13.97174,14,18424002372,14,Healthcare,259.82,42766372000,1139616
2026-08-21,IR,2030-12-31,4.99,5.11232,4.88309,1,9954900000,5,Industrials,80.51,31506541870,5636095
2026-08-21,IR,2029-12-31,4.59,4.70251,4.49166,1,9461400000,5,Industrials,80.51,31506541870,5636095
2026-08-21,IR,2028-12-31,4.2594,4.48294,3.91502,4,8883840717,10,Industrials,80.51,31506541870,5636095
2026-08-21,IR,2027-12-31,3.90351,3.96498,3.82155,8,8500004639,10,Industrials,80.51,31506541870,5636095
2026-08-21,IRDM,2030-12-31,3.21,3.38373,3.01623,1,1076100000,2,Communication Services,48.98,5189920800,905586
2026-08-21,IRDM,2029-12-31,2.3,2.42448,2.16116,1,1020700000,2,Communication Services,48.98,5189920800,905586
2026-08-21,IRDM,2028-12-31,1.6475,1.84623,1.44877,2,1054579017,4,Communication Services,48.98,5189920800,905586
2026-08-21,IRDM,2027-12-31,1.348,2.10759,1.08054,4,978068548,5,Communication Services,48.98,5189920800,905586
2026-08-21,IREN,2030-06-30,2.91,4.3862,2.03561,1,14902958100,2,Technology,41.88,14945190174,49329768
2026-08-21,IREN,2029-06-30,1.3179,2.00364,0.57859,3,8475220250,4,Technology,41.88,14945190174,49329768
2026-08-21,IREN,2028-06-30,1.4495,3.36958,-0.41549,5,5421127330,10,Technology,41.88,14945190174,49329768
2026-08-21,IREN,2027-06-30,-0.45704,2.4791,-4.00256,8,2815216579,11,Technology,41.88,14945190174,49329768
2026-08-21,IRM,2030-12-31,0,0,0,1,10365000000,6,Real Estate,122.02,36303961576,586680
2026-08-21,IRM,2029-12-31,0,0,0,1,10180900000,6,Real Estate,122.02,36303961576,586680
2026-08-21,IRM,2028-12-31,3.07203,3.90101,2.04092,4,9371970633,8,Real Estate,122.02,36303961576,586680
2026-08-21,IRM,2027-12-31,2.65027,2.67466,2.62588,4,8701534646,7,Real Estate,122.02,36303961576,586680
2026-08-21,IRT,2029-12-31,0.19,0.19377,0.18694,1,743900000,1,Real Estate,16.59,3910511850,888745
2026-08-21,IRT,2028-12-31,0.15233,0.18378,0.12298,3,719266778,2,Real Estate,16.59,3910511850,888745
2026-08-21,IRT,2027-12-31,0.14623,0.14748,0.14498,3,698384241,6,Real Estate,16.59,3910511850,888745
2026-08-21,IRT,2026-12-31,0.13543,0.13811,0.13325,4,675424705,5,Real Estate,16.59,3910511850,888745
2026-08-21,ISRG,2030-12-31,17,18.2477,16.05915,5,18492500000,14,Healthcare,378.81,133825239180,2009972
2026-08-21,ISRG,2029-12-31,15.59902,16.74389,14.7357,5,16828135374,24,Healthcare,378.81,133825239180,2009972
2026-08-21,ISRG,2028-12-31,13.60113,15.06907,12.05526,8,15024621982,26,Healthcare,378.81,133825239180,2009972
2026-08-21,ISRG,2027-12-31,12.08086,12.69754,11.84834,17,13273631158,25,Healthcare,378.81,133825239180,2009972
2026-08-21,IT,2030-12-31,42.14112,42.91785,41.39874,1,7593101297,4,Technology,195.9,13115877014,685204
2026-08-21,IT,2029-12-31,32.13623,32.72855,31.5701,1,7329123188,4,Technology,195.9,13115877014,685204
2026-08-21,IT,2028-12-31,18.9566,25.42431,16.91284,5,7036797610,9,Technology,195.9,13115877014,685204
2026-08-21,IT,2027-12-31,16.54762,19.40975,14.72093,10,6691676884,10,Technology,195.9,13115877014,685204
2026-08-21,ITGR,2029-12-31,8.56,8.73401,8.40546,3,2225731000,1,Healthcare,125.2,4251140960,614244
2026-08-21,ITGR,2028-12-31,7.31,7.4586,7.17803,3,2035960500,3,Healthcare,125.2,4251140960,614244
2026-08-21,ITGR,2027-12-31,6.86143,7.02383,6.58738,6,1925745386,8,Healthcare,125.2,4251140960,614244
2026-08-21,ITGR,2026-12-31,6.15375,6.38654,5.97157,6,1816720845,8,Healthcare,125.2,4251140960,614244
2026-08-21,ITRI,2030-12-31,9.96,10.24687,9.65753,1,2957100000,3,Technology,100.03,4379993604,507374
2026-08-21,ITRI,2029-12-31,8.92,9.17692,8.64912,1,2801700000,4,Technology,100.03,4379993604,507374
2026-08-21,ITRI,2028-12-31,8.034,9.99475,6.75952,4,2697166667,6,Technology,100.03,4379993604,507374
2026-08-21,ITRI,2027-12-31,6.87917,7.3536,6.08502,9,2542644167,9,Technology,100.03,4379993604,507374
2026-08-21,ITT,2030-12-31,14.26,14.57167,13.86771,1,7191400000,5,Industrials,208.1,18605130764,595481
2026-08-21,ITT,2029-12-31,12.755,13.03378,12.40411,1,6793350000,3,Industrials,208.1,18605130764,595481
2026-08-21,ITT,2028-12-31,10.7431,10.97791,10.44756,1,6364538319,7,Industrials,208.1,18605130764,595481
2026-08-21,ITT,2027-12-31,9.59131,10.03601,9.08597,8,6032834088,10,Industrials,208.1,18605130764,595481
2026-08-21,ITW,2029-12-31,13.51,13.69485,13.27496,2,19179000000,6,Industrials,282.29,81214833000,629189
2026-08-21,ITW,2028-12-31,13.03121,13.58146,12.72956,7,18052183785,8,Industrials,282.29,81214833000,629189
2026-08-21,ITW,2027-12-31,12.31799,12.8824,11.8328,11,17457015932,11,Industrials,282.29,81214833000,629189
2026-08-21,ITW,2026-12-31,11.43032,11.60032,11.29032,11,16829967861,11,Industrials,282.29,81214833000,629189
2026-08-21,IVZ,2029-12-31,4.21449,4.29148,4.12187,1,6333049650,1,Financial Services,32.02,14194369940,2054635
2026-08-21,IVZ,2028-12-31,3.81284,3.8825,3.72905,1,6073862450,1,Financial Services,32.02,14194369940,2054635
2026-08-21,IVZ,2027-12-31,3.2722,3.50235,3.14211,7,5883269385,3,Financial Services,32.02,14194369940,2054635
2026-08-21,IVZ,2026-12-31,2.81187,2.8717,2.78196,7,5430962824,3,Financial Services,32.02,14194369940,2054635
2026-08-21,J,2029-09-26,11.43,12.16495,10.24967,1,11604000000,2,Industrials,150.08,17721596480,681864
2026-08-21,J,2028-09-26,9.58098,10.64068,8.67423,3,10766500000,5,Industrials,150.08,17721596480,681864
2026-08-21,J,2027-09-26,8.28935,8.38946,8.19925,9,10151231305,6,Industrials,150.08,17721596480,681864
2026-08-21,J,2026-09-26,7.2558,7.28578,7.23581,7,9560033905,4,Industrials,150.08,17721596480,681864
2026-08-21,JACK,2028-09-28,3.28875,3.33813,3.23937,2,1125530702,8,Consumer Cyclical,17.24,328829140,567675
2026-08-21,JACK,2027-09-28,3.15647,3.64364,2.27347,10,1125549961,12,Consumer Cyclical,17.24,328829140,567675
2026-08-21,JACK,2026-09-28,3.15651,3.38772,2.99567,10,1117364144,12,Consumer Cyclical,17.24,328829140,567675
2026-08-21,JACK,2025-09-28,4.59324,4.73334,4.52319,14,1457290954,12,Consumer Cyclical,17.24,328829140,567675
2026-08-21,JAN,2030-12-31,0.52,0.65772,0.367,1,2078000000,5,Real Estate,30.71,6517368207,675441
2026-08-21,JAN,2029-12-31,0.44,0.55653,0.31053,1,1905000000,3,Real Estate,30.71,6517368207,675441
2026-08-21,JAN,2028-12-31,0.29764,0.37647,0.21006,1,1534521654,7,Real Estate,30.71,6517368207,675441
2026-08-21,JAN,2027-12-31,0.23912,0.2473,0.23094,3,1188786489,8,Real Estate,30.71,6517368207,675441
2026-08-21,JANX,2030-12-31,-2.744,-1.18758,-6.96851,5,151175800,6,Healthcare,17.39,1060517916,501586
2026-08-21,JANX,2029-12-31,-3.692,-1.59787,-9.376,10,50421000,11,Healthcare,17.39,1060517916,501586
2026-08-21,JANX,2028-12-31,-3.3272,-2.23,-5.29,13,10038182,13,Healthcare,17.39,1060517916,501586
2026-08-21,JANX,2027-12-31,-2.67375,-2.01755,-3.31036,11,8716538,10,Healthcare,17.39,1060517916,501586
2026-08-21,JAZZ,2030-12-31,35.45173,37.84047,32.94861,2,6245501144,8,Healthcare,254.28,15973259328,516622
2026-08-21,JAZZ,2029-12-31,33.99188,36.28226,31.59184,3,6013535737,13,Healthcare,254.28,15973259328,516622
2026-08-21,JAZZ,2028-12-31,29.90444,38.49228,21.76583,6,5458515152,17,Healthcare,254.28,15973259328,516622
2026-08-21,JAZZ,2027-12-31,25.89265,29.9988,23.08213,11,4994025307,15,Healthcare,254.28,15973259328,516622
2026-08-21,JBGS,2028-12-31,0,0,0,0,463700000,1,Real Estate,12.5,728198750,809397
2026-08-21,JBGS,2027-12-31,0,0,0,0,484817500,2,Real Estate,12.5,728198750,809397
2026-08-21,JBGS,2026-12-31,-1.94,-1.90909,-1.97091,1,477895500,1,Real Estate,12.5,728198750,809397
2026-08-21,JBGS,2025-12-31,-2.07,-2.03701,-2.10299,1,464936500,1,Real Estate,12.5,728198750,809397
2026-08-21,JBHT,2030-12-31,14.54,15.524,13.53052,4,18650500000,5,Industrials,275.45,25868859205,708344
2026-08-21,JBHT,2029-12-31,13.63935,14.5624,12.6924,2,17399529350,5,Industrials,275.45,25868859205,708344
2026-08-21,JBHT,2028-12-31,12.113,13.2138,10.42316,7,16104385838,10,Industrials,275.45,25868859205,708344
2026-08-21,JBHT,2027-12-31,10.15532,10.97313,9.33751,17,14945684913,16,Industrials,275.45,25868859205,708344
2026-08-21,JBIO,2030-12-31,-2.028,-2.028,-2.028,4,131946000,3,Healthcare,21.34,1298749668,564864
2026-08-21,JBIO,2029-12-31,-2.776,-2.776,-2.776,2,0,0,Healthcare,21.34,1298749668,564864
2026-08-21,JBIO,2028-12-31,-2.84453,-2.07,-4.39,7,0,0,Healthcare,21.34,1298749668,564864
2026-08-21,JBIO,2027-12-31,-2.92426,-2.05921,-3.60126,5,0,0,Healthcare,21.34,1298749668,564864
2026-08-21,JBL,2028-08-31,20.42644,22.00246,18.85043,2,48388297537,5,Technology,313.21,32820364146,547295
2026-08-21,JBL,2027-08-31,16.7964,17.2115,16.14844,6,42664408039,6,Technology,313.21,32820364146,547295
2026-08-21,JBL,2026-08-31,12.75879,12.81888,12.71873,6,35031159009,6,Technology,313.21,32820364146,547295
2026-08-21,JBL,2025-08-31,9.38771,9.54733,9.29792,6,29139034501,5,Technology,313.21,32820364146,547295
2026-08-21,JBS,2028-12-31,10.14283,10.65264,9.41808,2,501842007330,3,Consumer Defensive,13.82,30654231692,5199904
2026-08-21,JBS,2027-12-31,7.03423,8.86505,5.78156,5,491755981984,9,Consumer Defensive,13.82,30654231692,5199904
2026-08-21,JBS,2026-12-31,4.84935,6.86369,2.87231,5,479140189201,8,Consumer Defensive,13.82,30654231692,5199904
2026-08-21,JBS,2025-12-31,10.59456,11.46834,9.39312,6,477644516833,8,Consumer Defensive,13.82,30654231692,5199904
2026-08-21,JBTM,2028-12-31,11.25,11.36847,11.12201,1,4473400000,1,Industrials,116.86,6084643108,594071
2026-08-21,JBTM,2027-12-31,9.24667,9.70142,8.37758,5,4225742543,5,Industrials,116.86,6084643108,594071
2026-08-21,JBTM,2026-12-31,8.06667,8.16688,7.9364,5,4018107020,5,Industrials,116.86,6084643108,594071
2026-08-21,JBTM,2025-12-31,6.31606,6.3973,6.11297,5,3783608055,4,Industrials,116.86,6084643108,594071
2026-08-21,JCI,2030-09-30,9.00667,9.31939,8.74734,3,33951666666,8,Basic Materials,143.05,86651317284,2689444
2026-08-21,JCI,2029-09-30,8.05118,8.33072,7.81936,3,32023140192,8,Basic Materials,143.05,86651317284,2689444
2026-08-21,JCI,2028-09-30,7.05326,7.71787,6.37509,8,29625749836,16,Basic Materials,143.05,86651317284,2689444
2026-08-21,JCI,2027-09-30,6.02158,6.34113,5.54225,13,27542611680,15,Basic Materials,143.05,86651317284,2689444
2026-08-21,JD,2029-12-31,32.78938,34.48369,31.17346,3,1611692202025,12,Consumer Cyclical,29.37,41231070153,5208585
2026-08-21,JD,2028-12-31,34.73207,44.19414,27.27395,9,1524168197386,25,Consumer Cyclical,29.37,41231070153,5208585
2026-08-21,JD,2027-12-31,28.5058,31.80971,25.97025,15,1449353622199,27,Consumer Cyclical,29.37,41231070153,5208585
2026-08-21,JD,2026-12-31,22.25203,23.03156,21.89769,14,1366983355041,27,Consumer Cyclical,29.37,41231070153,5208585
2026-08-21,JEF,2029-11-30,3.1693,3.64214,2.75327,1,10100163400,2,Financial Services,52.33,10643503098,849946
2026-08-21,JEF,2028-11-30,5.38482,6.99054,2.39893,4,10173309585,4,Financial Services,52.33,10643503098,849946
2026-08-21,JEF,2027-11-30,4.75317,5.26244,3.90439,4,9387683076,5,Financial Services,52.33,10643503098,849946
2026-08-21,JEF,2026-11-30,3.54571,3.88435,3.11744,4,8534176638,5,Financial Services,52.33,10643503098,849946
2026-08-21,JHX,2030-03-31,2.30503,2.45482,2.21017,1,7286805365,6,Basic Materials,30.43,17659647637,4726590
2026-08-21,JHX,2029-03-31,1.91866,2.04334,1.8397,1,6721495091,10,Basic Materials,30.43,17659647637,4726590
2026-08-21,JHX,2028-03-31,1.61104,2.09052,1.31376,5,6113652510,12,Basic Materials,30.43,17659647637,4726590
2026-08-21,JHX,2027-03-31,1.35326,1.71287,1.18292,5,5732133741,12,Basic Materials,30.43,17659647637,4726590
2026-08-21,JKHY,2029-06-30,8.97392,9.09816,8.78338,5,3071406250,6,Technology,166.2,11808642960,940374
2026-08-21,JKHY,2028-06-30,8.002,8.62716,7.21014,8,2872734321,10,Technology,166.2,11808642960,940374
2026-08-21,JKHY,2027-06-30,7.33569,7.65419,6.71925,8,2690820952,11,Technology,166.2,11808642960,940374
2026-08-21,JKHY,2026-06-30,6.8407,6.8507,6.8307,9,2531691809,11,Technology,166.2,11808642960,940374
2026-08-21,JNJ,2030-12-28,18.04556,18.25411,17.8253,1,134637651400,1,Healthcare,270.24,651250947940,6175580
2026-08-21,JNJ,2029-12-28,16.1769,16.36385,15.97945,1,125199287361,1,Healthcare,270.24,651250947940,6175580
2026-08-21,JNJ,2028-12-28,14.25336,16.47795,10.69325,5,117106945938,2,Healthcare,270.24,651250947940,6175580
2026-08-21,JNJ,2027-12-28,12.74775,13.48473,12.2,4,108637650845,5,Healthcare,270.24,651250947940,6175580
2026-08-21,JPM,2028-12-31,27.2038,29.68585,25.57919,7,222999587935,5,Financial Services,351.58,942062125800,5579895
2026-08-21,JPM,2027-12-31,25.12262,25.7552,24.01811,11,212983678081,9,Financial Services,351.58,942062125800,5579895
2026-08-21,JPM,2026-12-31,24.82611,26.28003,23.89999,9,207516131628,9,Financial Services,351.58,942062125800,5579895
2026-08-21,JPM,2025-12-31,20.19756,20.29671,20.12815,4,183543557830,7,Financial Services,351.58,942062125800,5579895
2026-08-21,JXN,2029-12-31,44.3,44.3,44.3,1,9833199600,1,Financial Services,129.88,9058234348,811329
2026-08-21,JXN,2028-12-31,36.105,36.105,36.105,1,9224400000,1,Financial Services,129.88,9058234348,811329
2026-08-21,JXN,2027-12-31,31.69875,34.00199,28.27155,3,8631100000,1,Financial Services,129.88,9058234348,811329
2026-08-21,JXN,2026-12-31,27.07525,27.07525,27.07525,1,8043000000,1,Financial Services,129.88,9058234348,811329
2026-08-21,KBH,2028-11-30,5.76108,6.27015,4.791,3,5824474695,3,Consumer Cyclical,55.37,3394718089,601306
2026-08-21,KBH,2027-11-30,4.51703,5.03705,4.18055,11,5537392503,8,Consumer Cyclical,55.37,3394718089,601306
2026-08-21,KBH,2026-11-30,3.32702,3.52866,3.13546,11,5121116645,8,Consumer Cyclical,55.37,3394718089,601306
2026-08-21,KBH,2025-11-30,6.3985,6.45858,6.33842,7,6196801339,5,Consumer Cyclical,55.37,3394718089,601306
2026-08-21,KBR,2029-01-02,3.89837,4.08186,3.71489,2,8913896117,3,Industrials,38.58,4863703440,1051755
2026-08-21,KBR,2028-01-02,4.04148,4.27577,3.56314,6,8492538656,7,Industrials,38.58,4863703440,1051755
2026-08-21,KBR,2027-01-02,3.98766,4.05744,3.90791,6,8033537719,7,Industrials,38.58,4863703440,1051755
2026-08-21,KBR,2026-01-02,3.81325,3.9123,3.77363,8,7851504930,7,Industrials,38.58,4863703440,1051755
2026-08-21,KC,2029-12-31,1.53929,1.80669,1.22435,1,20983084238,10,Technology,11.14,3295411439,754175
2026-08-21,KC,2028-12-31,-0.83108,-0.1661,-1.50612,3,20792973126,12,Technology,11.14,3295411439,754175
2026-08-21,KC,2027-12-31,-0.87055,0.58035,-2.90185,5,16570959324,11,Technology,11.14,3295411439,754175
2026-08-21,KC,2026-12-31,-2.0302,-1.58886,-2.47155,4,12920304006,6,Technology,11.14,3295411439,754175
2026-08-21,KD,2029-03-31,2.44333,2.50647,2.38834,1,14788232647,3,Technology,12.55,2767490960,3658241
2026-08-21,KD,2028-03-31,2.49167,2.69312,2.29022,3,14782077337,4,Technology,12.55,2767490960,3658241
2026-08-21,KD,2027-03-31,1.855,1.90624,1.79351,3,14789700333,4,Technology,12.55,2767490960,3658241
2026-08-21,KD,2026-03-31,1.74286,1.86517,1.68171,4,15084714286,5,Technology,12.55,2767490960,3658241
2026-08-21,KDP,2030-12-31,3.07,3.1161,3.0115,4,33960000000,6,Consumer Defensive,32.04,43592325451,6958752
2026-08-21,KDP,2029-12-31,2.9068,2.95045,2.85141,2,32706329700,10,Consumer Defensive,32.04,43592325451,6958752
2026-08-21,KDP,2028-12-31,2.7195,3.51379,1.85577,7,30954957849,12,Consumer Defensive,32.04,43592325451,6958752
2026-08-21,KDP,2027-12-31,2.53173,2.59201,2.43126,10,29960136215,12,Consumer Defensive,32.04,43592325451,6958752
2026-08-21,KEP,2028-12-31,6855.20077,7046.24849,6665.14102,1,107539838749888,4,Utilities,11.26,14457029280,630592
2026-08-21,KEP,2027-12-31,5811.0982,9004.0093,2586.25799,1,105827209964131,11,Utilities,11.26,14457029280,630592
2026-08-21,KEP,2026-12-31,4146.71914,5037.61583,3239.62433,1,104118247158894,6,Utilities,11.26,14457029280,630592
2026-08-21,KEP,2025-12-31,6803.7699,6993.38429,6615.13607,1,95548422843865,19,Utilities,11.26,14457029280,630592
2026-08-21,KEY,2028-12-31,2.45332,2.57975,2.21555,7,9022154377,5,Financial Services,21.87,23605821900,6801450
2026-08-21,KEY,2027-12-31,2.14743,2.22771,2.06715,13,8599067658,7,Financial Services,21.87,23605821900,6801450
2026-08-21,KEY,2026-12-31,1.82725,1.8572,1.7973,13,8058738632,7,Financial Services,21.87,23605821900,6801450
2026-08-21,KEY,2025-12-31,1.47874,1.49529,1.44877,14,7464715688,8,Financial Services,21.87,23605821900,6801450
2026-08-21,KEYS,2029-10-31,11.1817,11.89325,10.64249,1,7531654400,5,Technology,316.13,54025152686,984986
2026-08-21,KEYS,2028-10-31,15.27055,16.3715,14.1696,2,8805051955,10,Technology,316.13,54025152686,984986
2026-08-21,KEYS,2027-10-31,13.45783,14.38748,12.25149,6,8071045639,8,Technology,316.13,54025152686,984986
2026-08-21,KEYS,2026-10-31,11.32063,11.45252,11.21072,6,7084441603,7,Technology,316.13,54025152686,984986
2026-08-21,KGC,2030-12-31,2.29373,2.73679,1.95527,5,7041637322,6,Basic Materials,32.76,38861248248,11498640
2026-08-21,KGC,2029-12-31,2.53461,3.0242,2.16061,9,7528265086,6,Basic Materials,32.76,38861248248,11498640
2026-08-21,KGC,2028-12-31,3.1813,3.79581,2.71187,6,9800584255,5,Basic Materials,32.76,38861248248,11498640
2026-08-21,KGC,2027-12-31,3.07703,4.0037,2.55429,12,9897222468,8,Basic Materials,32.76,38861248248,11498640
2026-08-21,KGS,2030-12-31,7.13667,7.62845,6.76619,2,2852550000,5,Energy,61.46,6202476454,1633328
2026-08-21,KGS,2029-12-31,5.63269,6.02083,5.34029,3,2412317973,5,Energy,61.46,6202476454,1633328
2026-08-21,KGS,2028-12-31,3.99948,5.08966,2.97058,6,2050161431,10,Energy,61.46,6202476454,1633328
2026-08-21,KGS,2027-12-31,2.99696,3.80422,2.1897,7,1774659807,9,Energy,61.46,6202476454,1633328
2026-08-21,KHC,2030-12-27,2.24801,2.27423,2.20062,1,25202976521,10,Consumer Defensive,25.58,30332191980,8341761
2026-08-21,KHC,2029-12-27,2.19889,2.22453,2.15253,1,25069261079,7,Consumer Defensive,25.58,30332191980,8341761
2026-08-21,KHC,2028-12-27,2.12676,2.56619,1.93175,5,25025943080,13,Consumer Defensive,25.58,30332191980,8341761
2026-08-21,KHC,2027-12-27,2.06955,2.34033,1.9535,11,24692344033,14,Consumer Defensive,25.58,30332191980,8341761
2026-08-21,KIM,2030-12-31,0.87,0.89253,0.84938,1,2760300000,2,Real Estate,24.02,16198847800,1748587
2026-08-21,KIM,2029-12-31,0.865,0.8874,0.8445,1,2502196500,2,Real Estate,24.02,16198847800,1748587
2026-08-21,KIM,2028-12-31,0.92929,1.01006,0.81815,4,2385004856,4,Real Estate,24.02,16198847800,1748587
2026-08-21,KIM,2027-12-31,0.89234,0.9157,0.87365,8,2296555267,7,Real Estate,24.02,16198847800,1748587
2026-08-21,KKR,2029-12-31,9.71224,10.33139,8.91226,1,9737974500,1,Financial Services,108.48,97401256640,2680321
2026-08-21,KKR,2028-12-31,8.55685,9.03321,8.08049,2,16392077807,3,Financial Services,108.48,97401256640,2680321
2026-08-21,KKR,2027-12-31,7.3996,7.63607,6.8971,11,12473857111,5,Financial Services,108.48,97401256640,2680321
2026-08-21,KKR,2026-12-31,6.33097,6.51185,6.08979,10,10616473741,5,Financial Services,108.48,97401256640,2680321
2026-08-21,KLAC,2031-06-30,10.15,11.13253,8.93357,4,31774200000,4,Technology,183.99,240342457200,6644818
2026-08-21,KLAC,2030-06-30,8.6,9.43249,7.56933,3,27752400000,4,Technology,183.99,240342457200,6644818
2026-08-21,KLAC,2029-06-30,7.64009,8.74965,6.85088,5,24240399661,9,Technology,183.99,240342457200,6644818
2026-08-21,KLAC,2028-06-30,6.65965,7.57612,5.91629,14,21619035486,16,Technology,183.99,240342457200,6644818
2026-08-21,KLAR,2030-12-31,2.63,2.83702,2.47078,4,8198000000,6,Financial Services,14.33,5409688207,7042836
2026-08-21,KLAR,2029-12-31,1.69872,1.83244,1.59588,4,6616464378,11,Financial Services,14.33,5409688207,7042836
2026-08-21,KLAR,2028-12-31,1.15646,1.24749,1.08645,5,5751524682,7,Financial Services,14.33,5409688207,7042836
2026-08-21,KLAR,2027-12-31,0.63921,1.16351,0.42375,10,4877733136,13,Financial Services,14.33,5409688207,7042836
2026-08-21,KLIC,2028-10-04,5.36,5.69202,4.97202,1,1461650000,2,Technology,85.75,4487544203,634294
2026-08-21,KLIC,2027-10-04,5.90333,6.63586,5.1708,2,1517000000,2,Technology,85.75,4487544203,634294
2026-08-21,KLIC,2026-10-04,3.86333,3.87331,3.84336,2,1149600000,2,Technology,85.75,4487544203,634294
2026-08-21,KLIC,2025-10-04,0.14116,0.15124,0.13094,4,646622833,3,Technology,85.75,4487544203,634294
2026-08-21,KMB,2030-12-31,8.98905,9.11581,8.88557,1,35817629440,5,Consumer Defensive,109.31,36284361400,2044036
2026-08-21,KMB,2029-12-31,8.40941,8.528,8.3126,1,26532606368,3,Consumer Defensive,109.31,36284361400,2044036
2026-08-21,KMB,2028-12-31,8.0469,8.16038,7.95426,1,17567905412,7,Consumer Defensive,109.31,36284361400,2044036
2026-08-21,KMB,2027-12-31,7.46692,7.66472,7.19989,7,17108321711,9,Consumer Defensive,109.31,36284361400,2044036
2026-08-21,KMI,2030-12-31,1.92005,1.99877,1.84218,4,21559000000,5,Energy,30.98,68986264000,9967791
2026-08-21,KMI,2029-12-31,1.79734,1.87103,1.72445,2,20377333333,3,Energy,30.98,68986264000,9967791
2026-08-21,KMI,2028-12-31,1.6621,1.82973,1.56124,7,19795288662,7,Energy,30.98,68986264000,9967791
2026-08-21,KMI,2027-12-31,1.53035,1.73769,1.42174,10,18695814851,7,Energy,30.98,68986264000,9967791
2026-08-21,KMT,2029-06-30,2.68,2.73589,2.65183,1,3586548439,3,Industrials,29.96,2283254686,1008632
2026-08-21,KMT,2028-06-30,2.46367,3.54575,1.92263,5,3508134733,5,Industrials,29.96,2283254686,1008632
2026-08-21,KMT,2027-06-30,4.81111,5.22259,4.00926,5,3296344423,5,Industrials,29.96,2283254686,1008632
2026-08-21,KMT,2026-06-30,3.89971,4.769,1.38844,5,2345590540,6,Industrials,29.96,2283254686,1008632
2026-08-21,KMTS,2029-04-30,-1.83335,-1.73969,-1.96666,3,250772750,3,Healthcare,26.99,1581698236,508745
2026-08-21,KMTS,2028-04-30,-2.06665,-1.98639,-2.18704,5,193844635,6,Healthcare,26.99,1581698236,508745
2026-08-21,KMTS,2027-04-30,-2.30391,-2.25361,-2.34415,5,137022815,6,Healthcare,26.99,1581698236,508745
2026-08-21,KMTS,2026-04-30,-2.34333,-2.30327,-2.37337,4,92972442,5,Healthcare,26.99,1581698236,508745
2026-08-21,KMX,2029-02-28,3.00109,4.26371,1.96435,5,28711668442,6,Consumer Cyclical,62.13,8816930430,1251224
2026-08-21,KMX,2028-02-28,3.10646,3.38524,2.68828,12,27722560234,13,Consumer Cyclical,62.13,8816930430,1251224
2026-08-21,KMX,2027-02-28,2.70764,2.97543,2.49936,12,27165174732,14,Consumer Cyclical,62.13,8816930430,1251224
2026-08-21,KMX,2026-02-28,2.69398,2.77531,2.62282,11,25663933577,12,Consumer Cyclical,62.13,8816930430,1251224
2026-08-21,KN,2028-12-31,1.85,1.86178,1.84227,1,796000000,1,Technology,33.32,2845872229,1099683
2026-08-21,KN,2027-12-31,1.6175,1.6278,1.61074,3,707440000,3,Technology,33.32,2845872229,1099683
2026-08-21,KN,2026-12-31,1.335,1.3435,1.32942,3,662060000,3,Technology,33.32,2845872229,1099683
2026-08-21,KN,2025-12-31,1.095,1.10197,1.09042,2,587225000,2,Technology,33.32,2845872229,1099683
2026-08-21,KNTK,2030-12-31,3.32,3.73669,2.81837,5,3483472000,3,Energy,54.5,4011325350,1069769
2026-08-21,KNTK,2029-12-31,2.86015,3.21912,2.428,5,3203401000,4,Energy,54.5,4011325350,1069769
2026-08-21,KNTK,2028-12-31,2.3588,3.09345,1.86832,8,2639684604,6,Energy,54.5,4011325350,1069769
2026-08-21,KNTK,2027-12-31,1.85011,2.55886,1.16897,6,2347870070,6,Energy,54.5,4011325350,1069769
2026-08-21,KNX,2028-12-31,5.31005,6.17053,4.44957,2,9388399484,8,Industrials,71.6,11653329528,2103595
2026-08-21,KNX,2027-12-31,4.03742,4.39517,3.47525,13,8829392933,14,Industrials,71.6,11653329528,2103595
2026-08-21,KNX,2026-12-31,2.31435,2.50471,2.20414,13,8161668642,14,Industrials,71.6,11653329528,2103595
2026-08-21,KNX,2025-12-31,1.32652,1.43706,1.28632,13,7514895255,11,Industrials,71.6,11653329528,2103595
2026-08-21,KO,2030-12-31,4.33,4.4888,4.24738,4,56940000000,6,Consumer Defensive,91.1,391962207887,15527401
2026-08-21,KO,2029-12-31,4.25909,4.41529,4.17782,2,53917920098,10,Consumer Defensive,91.1,391962207887,15527401
2026-08-21,KO,2028-12-31,3.80168,4.00637,3.48068,7,52294109385,12,Consumer Defensive,91.1,391962207887,15527401
2026-08-21,KO,2027-12-31,3.53201,3.61228,3.4417,14,49896465137,14,Consumer Defensive,91.1,391962207887,15527401
2026-08-21,KR,2031-01-31,6.29,6.42681,6.15323,2,166379000000,7,Consumer Defensive,57.9,35472261300,5881554
2026-08-21,KR,2030-01-31,6,6.1305,5.86953,1,162321000000,7,Consumer Defensive,57.9,35472261300,5881554
2026-08-21,KR,2029-01-31,5.89109,6.63437,4.36735,5,156936297365,14,Consumer Defensive,57.9,35472261300,5881554
2026-08-21,KR,2028-01-31,5.53227,5.71202,5.34254,12,153772486642,15,Consumer Defensive,57.9,35472261300,5881554
2026-08-21,KRG,2029-12-31,0.5,0.53517,0.39435,1,899842000,2,Real Estate,26.15,5241155381,1298987
2026-08-21,KRG,2028-12-31,0.58675,0.76375,0.37068,4,850296333,4,Real Estate,26.15,5241155381,1298987
2026-08-21,KRG,2027-12-31,0.43507,0.45096,0.42514,5,816140667,6,Real Estate,26.15,5241155381,1298987
2026-08-21,KRG,2026-12-31,0.87211,0.88042,0.8638,5,791126500,5,Real Estate,26.15,5241155381,1298987
2026-08-21,KRMN,2030-12-31,0,0,0,1,1622000000,2,Industrials,53.4,7076904367,1582774
2026-08-21,KRMN,2029-12-31,0,0,0,0,1352000000,2,Industrials,53.4,7076904367,1582774
2026-08-21,KRMN,2028-12-31,1.31157,1.48598,1.14065,3,1185905555,5,Industrials,53.4,7076904367,1582774
2026-08-21,KRMN,2027-12-31,0.93852,1.03033,0.83651,7,937871223,7,Industrials,53.4,7076904367,1582774
2026-08-21,KRP,2028-12-31,1.08486,1.30459,0.91,3,402617913,3,Energy,15.4,1519244927,945809
2026-08-21,KRP,2027-12-31,0.91962,1.0415,0.79774,3,395397841,4,Energy,15.4,1519244927,945809
2026-08-21,KRP,2026-12-31,0.93327,1.0024,0.86414,2,379302921,4,Energy,15.4,1519244927,945809
2026-08-21,KRP,2025-12-31,0.75243,0.88175,0.62311,2,324955147,3,Energy,15.4,1519244927,945809
2026-08-21,KSPI,2030-12-31,0,0,0,0,5293108596960,1,Technology,105.55,20057377926,547058
2026-08-21,KSPI,2029-12-31,0,0,0,0,4651147956000,1,Technology,105.55,20057377926,547058
2026-08-21,KSPI,2028-12-31,8171.31391,8455.18834,7847.7407,1,5459952948000,1,Technology,105.55,20057377926,547058
2026-08-21,KSPI,2027-12-31,6858.45545,7096.7207,6586.8697,2,5070123626989,2,Technology,105.55,20057377926,547058
2026-08-21,KSS,2029-01-31,1.49487,1.7369,1.25284,2,14784184473,4,Consumer Cyclical,17.59,1994706000,2804745
2026-08-21,KSS,2028-01-31,1.50073,1.72424,1.24529,8,14814568079,8,Consumer Cyclical,17.59,1994706000,2804745
2026-08-21,KSS,2027-01-31,1.44916,1.69069,1.29164,8,14761446096,9,Consumer Cyclical,17.59,1994706000,2804745
2026-08-21,KSS,2026-01-31,1.39888,1.58003,1.25799,3,14834477309,6,Consumer Cyclical,17.59,1994706000,2804745
2026-08-21,KT,2030-12-31,0,0,0,0,30617633749071,6,Communication Services,18.9,9113457566,835881
2026-08-21,KT,2029-12-31,4976.03107,5240.46903,4815.62052,1,31102034513042,10,Communication Services,18.9,9113457566,835881
2026-08-21,KT,2028-12-31,3623.9266,3816.51056,3507.10336,1,30599351755217,5,Communication Services,18.9,9113457566,835881
2026-08-21,KT,2027-12-31,3440.85079,4025.14621,2840.32494,1,29957348501001,12,Communication Services,18.9,9113457566,835881
2026-08-21,KTOS,2030-12-28,2.52,2.77306,2.29253,7,3584700000,11,Industrials,57.17,10720518400,3031921
2026-08-21,KTOS,2029-12-28,2.12,2.33289,1.92864,6,3073600000,7,Industrials,57.17,10720518400,3031921
2026-08-21,KTOS,2028-12-28,1.45033,2.15174,0.92333,9,2682509414,12,Industrials,57.17,10720518400,3031921
2026-08-21,KTOS,2027-12-28,1.11992,1.68484,0.85233,14,2204710157,14,Industrials,57.17,10720518400,3031921
2026-08-21,KURA,2030-12-31,2.235,5.09239,1.25432,4,866773500,6,Healthcare,11.89,1055527200,1911664
2026-08-21,KURA,2029-12-31,-0.22889,-0.12846,-0.52152,4,493556091,10,Healthcare,11.89,1055527200,1911664
2026-08-21,KURA,2028-12-31,-1.89586,-0.35821,-2.94529,11,290659412,12,Healthcare,11.89,1055527200,1911664
2026-08-21,KURA,2027-12-31,-2.42252,-1.62876,-3.3606,9,214979730,10,Healthcare,11.89,1055527200,1911664
2026-08-21,KVUE,2030-12-28,1.45555,1.47028,1.43683,1,17432998118,3,Consumer Defensive,19.06,36595365212,11013445
2026-08-21,KVUE,2029-12-28,1.40052,1.41469,1.38251,1,16950167866,5,Consumer Defensive,19.06,36595365212,11013445
2026-08-21,KVUE,2028-12-28,1.31814,1.43031,1.24477,3,16453516800,7,Consumer Defensive,19.06,36595365212,11013445
2026-08-21,KVUE,2027-12-28,1.23583,1.32626,1.1655,8,15962072866,10,Consumer Defensive,19.06,36595365212,11013445
2026-08-21,KVYO,2030-12-31,1.68,1.71537,1.63505,1,2899600000,5,Technology,18.33,5485798899,3285517
2026-08-21,KVYO,2029-12-31,1.58,1.61326,1.53773,1,2543500000,5,Technology,18.33,5485798899,3285517
2026-08-21,KVYO,2028-12-31,1.32572,1.35363,1.29025,1,2176052133,10,Technology,18.33,5485798899,3285517
2026-08-21,KVYO,2027-12-31,1.05767,1.08732,1.01813,12,1830649528,15,Technology,18.33,5485798899,3285517
2026-08-21,LASR,2030-12-31,1.75,1.89563,1.60485,1,567000000,2,Technology,47.39,2673208293,1060167
2026-08-21,LASR,2029-12-31,1.25,1.35402,1.14632,1,490000000,2,Technology,47.39,2673208293,1060167
2026-08-21,LASR,2028-12-31,1,1.82222,0.17778,2,419615375,4,Technology,47.39,2673208293,1060167
2026-08-21,LASR,2027-12-31,0.63,0.75044,0.53735,6,347070000,7,Technology,47.39,2673208293,1060167
2026-08-21,LAUR,2028-12-31,2.78,3.01608,2.36677,4,2218469674,5,Consumer Defensive,37.46,5160091400,955495
2026-08-21,LAUR,2027-12-31,2.422,2.53209,2.33193,4,2059573602,5,Consumer Defensive,37.46,5160091400,955495
2026-08-21,LAUR,2026-12-31,2.10833,2.13816,2.06855,3,1924309245,5,Consumer Defensive,37.46,5160091400,955495
2026-08-21,LAUR,2025-12-31,1.67603,1.70561,1.63659,3,1688011057,3,Consumer Defensive,37.46,5160091400,955495
2026-08-21,LAZ,2029-12-31,4.7197,4.8583,4.5437,1,4356114900,1,Financial Services,44.15,4302443990,787149
2026-08-21,LAZ,2028-12-31,4.85462,4.99718,4.67359,1,4256789845,3,Financial Services,44.15,4302443990,787149
2026-08-21,LAZ,2027-12-31,3.84809,4.20315,3.45464,5,3974151759,5,Financial Services,44.15,4302443990,787149
2026-08-21,LAZ,2026-12-31,2.22988,2.32194,2.16851,5,3325925640,5,Financial Services,44.15,4302443990,787149
2026-08-21,LBRT,2030-12-31,1.25,1.32689,1.1711,1,9311000000,6,Energy,19.36,3159385814,2620997
2026-08-21,LBRT,2029-12-31,-0.02,-0.01873754,-0.02123017,1,7554000000,6,Energy,19.36,3159385814,2620997
2026-08-21,LBRT,2028-12-31,0.68277,1.33933,-0.48837,3,5740099770,8,Energy,19.36,3159385814,2620997
2026-08-21,LBRT,2027-12-31,0.16586,0.49758,-0.4445,6,4979657650,9,Energy,19.36,3159385814,2620997
2026-08-21,LBTYK,2030-12-31,-0.41,-0.38326,-0.4475,1,5394000000,5,Communication Services,10.41,3550494031,1980995
2026-08-21,LBTYK,2029-12-31,-0.68667,-0.64188,-0.74947,1,4195000000,3,Communication Services,10.41,3550494031,1980995
2026-08-21,LBTYK,2028-12-31,-0.94854,-0.88667,-1.0353,1,4493795204,3,Communication Services,10.41,3550494031,1980995
2026-08-21,LBTYK,2027-12-31,-1.22044,-1.14084,-1.33207,1,5045316899,7,Communication Services,10.41,3550494031,1980995
2026-08-21,LDOS,2030-01-02,15,15.18894,14.76972,4,21224000000,6,Technology,141.39,17784741150,669653
2026-08-21,LDOS,2029-01-02,13.90285,15.20577,12.92123,8,20088331853,12,Technology,141.39,17784741150,669653
2026-08-21,LDOS,2028-01-02,12.78264,13.58785,12.32971,11,19184293637,12,Technology,141.39,17784741150,669653
2026-08-21,LDOS,2027-01-02,12.38447,12.4645,12.30444,10,18323447017,11,Technology,141.39,17784741150,669653
2026-08-21,LEGN,2030-12-31,1.354,1.48592,1.22912,1,2536151400,5,Healthcare,21.82,4035460275,1332185
2026-08-21,LEGN,2029-12-31,0.95272,1.04555,0.86485,1,2231579499,5,Healthcare,21.82,4035460275,1332185
2026-08-21,LEGN,2028-12-31,0.93062,1.51103,0.35021,2,2007885767,10,Healthcare,21.82,4035460275,1332185
2026-08-21,LEGN,2027-12-31,0.61724,0.98104,0.17577,4,1771687274,9,Healthcare,21.82,4035460275,1332185
2026-08-21,LEN,2028-11-30,7.94752,10.0583,5.22272,5,34736098522,5,Consumer Cyclical,87.02,21606654482,2037861
2026-08-21,LEN,2027-11-30,6.43215,6.90714,6.05612,11,33308510562,7,Consumer Cyclical,87.02,21606654482,2037861
2026-08-21,LEN,2026-11-30,5.50438,5.82698,5.34308,10,32332949182,7,Consumer Cyclical,87.02,21606654482,2037861
2026-08-21,LEN,2025-11-30,8.26651,8.34667,8.20639,6,33971254452,5,Consumer Cyclical,87.02,21606654482,2037861
2026-08-21,LEVI,2028-11-30,1.96,2.06116,1.85883,2,7554295941,5,Consumer Cyclical,21.495,8410429127,1235488
2026-08-21,LEVI,2027-11-30,1.70939,1.79936,1.62942,9,7084836021,10,Consumer Cyclical,21.495,8410429127,1235488
2026-08-21,LEVI,2026-11-30,1.54054,1.60056,1.52053,8,6760605812,10,Consumer Cyclical,21.495,8410429127,1235488
2026-08-21,LEVI,2025-11-30,1.3271,1.33715,1.30775,9,6228076432,8,Consumer Cyclical,21.495,8410429127,1235488
2026-08-21,LFST,2028-12-31,0.40464,0.49641,0.31187,5,2244652877,7,Healthcare,12.47,4836289980,2311801
2026-08-21,LFST,2027-12-31,0.22108,0.23069,0.21147,5,1953996104,8,Healthcare,12.47,4836289980,2311801
2026-08-21,LFST,2026-12-31,0.1672,0.17765,0.1463,5,1707986723,7,Healthcare,12.47,4836289980,2311801
2026-08-21,LFST,2025-12-31,-0.004334,-0.00424458,-0.00443057,3,1420381040,6,Healthcare,12.47,4836289980,2311801
2026-08-21,LFTO,2027-12-31,1.43,1.53,1.35,3,1010000000,9,Communication Services,18.97,3158135578,601174
2026-08-21,LFTO,2026-12-31,0.7,0.71,0.68,2,877100000,8,Communication Services,18.97,3158135578,601174
2026-08-21,LGN,2030-12-31,4.73,4.90071,4.48063,1,7170200000,5,Industrials,59.37,7185627687,824385
2026-08-21,LGN,2029-12-31,4.8676,5.04327,4.61098,1,6984210342,3,Industrials,59.37,7185627687,824385
2026-08-21,LGN,2028-12-31,3.76064,3.77973,3.74155,2,6202178634,7,Industrials,59.37,7185627687,824385
2026-08-21,LGN,2027-12-31,2.582,3.25462,2.28908,7,5460312712,11,Industrials,59.37,7185627687,824385
2026-08-21,LHX,2031-01-02,20.23,20.77745,19.8339,6,31712000000,5,Industrials,266.73,49669126950,1761086
2026-08-21,LHX,2030-01-02,17.92805,18.41321,17.57702,5,29378500000,6,Industrials,266.73,49669126950,1761086
2026-08-21,LHX,2029-01-02,15.61322,16.56336,14.59362,13,27207911388,12,Industrials,266.73,49669126950,1761086
2026-08-21,LHX,2028-01-02,13.60487,14.23061,12.86811,10,25243875333,10,Industrials,266.73,49669126950,1761086
2026-08-21,LI,2028-12-31,5.74801,11.81957,0.46645,14,167585897148,25,Consumer Cyclical,13.05,13179982607,1952688
2026-08-21,LI,2027-12-31,3.31006,5.56692,-1.30396,8,152344196717,21,Consumer Cyclical,13.05,13179982607,1952688
2026-08-21,LI,2026-12-31,0.4329,2.6973,-1.332,8,122323052077,19,Consumer Cyclical,13.05,13179982607,1952688
2026-08-21,LI,2025-12-31,1.94929,2.92394,1.29953,5,116809967911,14,Consumer Cyclical,13.05,13179982607,1952688
2026-08-21,LIF,2030-12-31,1.3,1.33542,1.25455,1,1098000000,5,Technology,44.66,3618875320,632047
2026-08-21,LIF,2029-12-31,2.184,2.24351,2.10765,1,1098300000,5,Technology,44.66,3618875320,632047
2026-08-21,LIF,2028-12-31,2.57097,2.64102,2.48109,1,975594546,4,Technology,44.66,3618875320,632047
2026-08-21,LIF,2027-12-31,1.76238,1.8104,1.70077,2,826018632,10,Technology,44.66,3618875320,632047
2026-08-21,LIFE,2030-12-31,0,0,0,0,877000000,2,Financial Services,34.16,2168090963,848490
2026-08-21,LIFE,2029-12-31,0,0,0,0,759000000,1,Financial Services,34.16,2168090963,848490
2026-08-21,LIFE,2028-12-31,1.07247,1.19494,0.95,2,1097205263,3,Financial Services,34.16,2168090963,848490
2026-08-21,LIFE,2027-12-31,0.95939,1.18581,0.72914,3,937694766,6,Financial Services,34.16,2168090963,848490
2026-08-21,LIN,2030-12-31,25.05,25.68413,24.22864,3,44140000000,10,Basic Materials,487.57,225549882000,2048336
2026-08-21,LIN,2029-12-31,25.41566,26.05905,24.58231,3,43676968803,10,Basic Materials,487.57,225549882000,2048336
2026-08-21,LIN,2028-12-31,21.53771,23.598,20.04435,9,40139969200,20,Basic Materials,487.57,225549882000,2048336
2026-08-21,LIN,2027-12-31,19.58711,19.71689,19.41739,10,38052728365,19,Basic Materials,487.57,225549882000,2048336
2026-08-21,LINC,2030-12-31,1.9,1.91393,1.88024,1,850000000,1,Consumer Defensive,25.72,815857124,1044870
2026-08-21,LINC,2029-12-31,0,0,0,0,778600000,1,Consumer Defensive,25.72,815857124,1044870
2026-08-21,LINC,2028-12-31,1.31,1.31961,1.29637,1,709799000,1,Consumer Defensive,25.72,815857124,1044870
2026-08-21,LINC,2027-12-31,1.03167,1.08431,0.97903,4,649559167,4,Consumer Defensive,25.72,815857124,1044870
2026-08-21,LIND,2028-12-31,0.66,0.66942,0.65216,1,943800000,1,Consumer Cyclical,31.09,2040116131,618670
2026-08-21,LIND,2027-12-31,0.404,0.43286,0.38476,3,922078667,4,Consumer Cyclical,31.09,2040116131,618670
2026-08-21,LIND,2026-12-31,0.14619,0.16339,0.12899,3,856972167,4,Consumer Cyclical,31.09,2040116131,618670
2026-08-21,LIND,2025-12-31,-0.49026,-0.44854,-0.53198,2,755690721,3,Consumer Cyclical,31.09,2040116131,618670
2026-08-21,LION,2029-12-31,0.79,0.85668,0.73304,1,3722202352,2,Technology,11.51,3424120719,2041327
2026-08-21,LION,2028-12-31,0.548,0.84308,-0.06744615,4,3596395675,5,Technology,11.51,3424120719,2041327
2026-08-21,LION,2027-12-31,0.50984,0.58267,0.43701,5,3436871621,7,Technology,11.51,3424120719,2041327
2026-08-21,LION,2026-12-31,0.38116,0.44624,0.30679,4,3345888370,7,Technology,11.51,3424120719,2041327
2026-08-21,LITE,2029-06-27,45.73202,57.12392,34.34013,2,13143972834,5,Technology,866.71,67430038000,3658217
2026-08-21,LITE,2028-06-27,33.26337,38.82258,24.9705,7,9455678378,12,Technology,866.71,67430038000,3658217
2026-08-21,LITE,2027-06-27,21.41501,24.64271,17.08851,12,6194419644,15,Technology,866.71,67430038000,3658217
2026-08-21,LITE,2026-06-27,8.22514,8.54651,7.63261,13,3000576673,16,Technology,866.71,67430038000,3658217
2026-08-21,LKQ,2029-12-31,3.55,3.6538,3.47657,1,14274000000,1,Consumer Cyclical,25.77,6519864040,3092138
2026-08-21,LKQ,2028-12-31,3.31,3.40678,3.24153,1,13829500000,2,Consumer Cyclical,25.77,6519864040,3092138
2026-08-21,LKQ,2027-12-31,3.09244,3.29195,2.79317,6,13935436750,7,Consumer Cyclical,25.77,6519864040,3092138
2026-08-21,LKQ,2026-12-31,2.68433,2.92032,2.5565,6,13597388000,7,Consumer Cyclical,25.77,6519864040,3092138
2026-08-21,LLY,2030-12-31,66.16083,72.27864,60.12052,5,132394916667,14,Healthcare,1254.77,1181668354570,1876368
2026-08-21,LLY,2029-12-31,60.29896,65.87473,54.79382,5,122870858397,22,Healthcare,1254.77,1181668354570,1876368
2026-08-21,LLY,2028-12-31,53.56191,59.69889,48.2641,8,113724951229,24,Healthcare,1254.77,1181668354570,1876368
2026-08-21,LLY,2027-12-31,46.68768,51.30861,41.12017,15,101852016083,20,Healthcare,1254.77,1181668354570,1876368
2026-08-21,LMND,2029-12-31,2.7,2.76466,2.60804,3,2616000000,3,Financial Services,53.37,4099926096,1145158
2026-08-21,LMND,2028-12-31,0.47381,0.82204,0.08562883,6,2137507158,7,Financial Services,53.37,4099926096,1145158
2026-08-21,LMND,2027-12-31,-1.06808,-0.67136,-1.84117,10,1641927247,9,Financial Services,53.37,4099926096,1145158
2026-08-21,LMND,2026-12-31,-1.85015,-1.70014,-1.97016,10,1217470826,9,Financial Services,53.37,4099926096,1145158
2026-08-21,LMT,2030-12-31,40.6,41.65744,38.81518,7,96175333333,8,Industrials,563.57,130066883870,785078
2026-08-21,LMT,2029-12-31,37.865,38.85121,36.20042,12,92122666667,13,Industrials,563.57,130066883870,785078
2026-08-21,LMT,2028-12-31,35.26285,38.55413,32.04511,17,90591571557,17,Industrials,563.57,130066883870,785078
2026-08-21,LMT,2027-12-31,32.67444,34.73767,31.59323,16,85525477189,16,Industrials,563.57,130066883870,785078
2026-08-21,LNC,2029-12-31,10.65301,10.89743,10.46315,3,22318386113,3,Financial Services,42.15,8069491050,1641321
2026-08-21,LNC,2028-12-31,9.60438,10.32563,8.26054,6,21254378617,7,Financial Services,42.15,8069491050,1641321
2026-08-21,LNC,2027-12-31,8.68346,9.07955,8.17566,8,20435983435,5,Financial Services,42.15,8069491050,1641321
2026-08-21,LNC,2026-12-31,7.88464,8.08552,7.63354,7,19749660197,5,Financial Services,42.15,8069491050,1641321
2026-08-21,LNG,2030-12-31,14.58,16.06279,12.57819,4,25377000000,6,Energy,277.51,58152775520,1093910
2026-08-21,LNG,2029-12-31,16.735,18.43695,14.43731,4,26047000000,6,Energy,277.51,58152775520,1093910
2026-08-21,LNG,2028-12-31,15.78302,19.49146,11.90232,10,24347647575,8,Energy,277.51,58152775520,1093910
2026-08-21,LNG,2027-12-31,17.27851,27.34384,12.66907,9,23451173534,9,Energy,277.51,58152775520,1093910
2026-08-21,LNT,2030-12-31,4.72171,4.97579,4.51465,1,5648100000,3,Utilities,67.86,17526677220,1841548
2026-08-21,LNT,2029-12-31,4.35734,4.59182,4.16626,1,5204700000,4,Utilities,67.86,17526677220,1841548
2026-08-21,LNT,2028-12-31,4.01607,4.10394,3.96415,5,4864500000,6,Utilities,67.86,17526677220,1841548
2026-08-21,LNT,2027-12-31,3.67806,3.74802,3.57811,8,4597766072,5,Utilities,67.86,17526677220,1841548
2026-08-21,LNTH,2030-12-31,8.595,9.57262,8.10554,1,2191350000,4,Healthcare,99.97,6508655018,1071536
2026-08-21,LNTH,2029-12-31,7.82,8.70947,7.37467,1,2034633333,4,Healthcare,99.97,6508655018,1071536
2026-08-21,LNTH,2028-12-31,7.66875,10.01586,5.81672,3,1867204750,9,Healthcare,99.97,6508655018,1071536
2026-08-21,LNTH,2027-12-31,6.34274,7.04637,5.82004,6,1651525330,8,Healthcare,99.97,6508655018,1071536
2026-08-21,LOCO,2027-12-31,1.10667,1.1579,1.05544,4,524706333,4,Consumer Cyclical,16.03,488198427,522178
2026-08-21,LOCO,2026-12-31,1.02667,1.05778,0.98519,3,504398500,4,Consumer Cyclical,16.03,488198427,522178
2026-08-21,LOCO,2025-12-31,0.93328,0.94321,0.92234,4,489026217,4,Consumer Cyclical,16.03,488198427,522178
2026-08-21,LOCO,2024-12-25,0.82733,0.83467,0.81736,3,471901400,3,Consumer Cyclical,16.03,488198427,522178
2026-08-21,LOGI,2030-03-31,7.23,7.51191,6.77662,3,5749442237,5,Technology,96.03,13786622910,588312
2026-08-21,LOGI,2029-03-31,6.65395,6.9134,6.23669,3,5470536175,5,Technology,96.03,13786622910,588312
2026-08-21,LOGI,2028-03-31,6.0048,6.66313,5.14697,8,5173153467,10,Technology,96.03,13786622910,588312
2026-08-21,LOGI,2027-03-31,5.57431,5.9203,5.25715,8,4878202681,10,Technology,96.03,13786622910,588312
2026-08-21,LOW,2031-01-30,16.67,17.0338,16.37918,9,104098600000,9,Consumer Cyclical,216.09,121163175630,2265359
2026-08-21,LOW,2030-01-30,15.94186,16.28977,15.66374,5,102178983462,17,Consumer Cyclical,216.09,121163175630,2265359
2026-08-21,LOW,2029-01-30,14.28773,15.69806,12.43064,12,98151533403,21,Consumer Cyclical,216.09,121163175630,2265359
2026-08-21,LOW,2028-01-30,13.05091,13.39256,12.29929,22,94577394329,25,Consumer Cyclical,216.09,121163175630,2265359
2026-08-21,LPG,2030-03-31,0,0,0,0,432000000,1,Energy,51.13,2187478480,810002
2026-08-21,LPG,2029-03-31,3.04037,3.117,2.96774,1,342400000,1,Energy,51.13,2187478480,810002
2026-08-21,LPG,2028-03-31,4.0275,6.0119,3.09049,3,414048984,3,Energy,51.13,2187478480,810002
2026-08-21,LPG,2027-03-31,8.0975,8.3016,7.90405,1,640203984,1,Energy,51.13,2187478480,810002
2026-08-21,LPTH,2028-06-30,0.51,0.52017,0.49935,1,139500000,1,Technology,14.42,905423249,2609946
2026-08-21,LPTH,2027-06-30,0.024,0.042,0.003,2,104835840,3,Technology,14.42,905423249,2609946
2026-08-21,LPTH,2026-06-30,-0.224,-0.21932,-0.22847,2,71171900,3,Technology,14.42,905423249,2609946
2026-08-21,LPTH,2025-06-30,-0.22501500000000002,-0.22239,-0.22764,2,37262050,3,Technology,14.42,905423249,2609946
2026-08-21,LPX,2028-12-31,4.1375,4.27629,3.99376,1,3015969250,2,Basic Materials,73.18,5112711918,629018
2026-08-21,LPX,2027-12-31,3.12387,4.0443,2.18485,8,2808073014,9,Basic Materials,73.18,5112711918,629018
2026-08-21,LPX,2026-12-31,1.07592,1.58169,0.9012,8,2507598260,9,Basic Materials,73.18,5112711918,629018
2026-08-21,LPX,2025-12-31,2.60248,2.67309,2.53187,6,2728975219,6,Basic Materials,73.18,5112711918,629018
2026-08-21,LQDA,2030-12-31,8.546,9.98003,6.21905,1,1743134000,2,Healthcare,68.62,6102246153,1698678
2026-08-21,LQDA,2029-12-31,7.72,9.01543,5.61795,1,1602699600,2,Healthcare,68.62,6102246153,1698678
2026-08-21,LQDA,2028-12-31,6.55964,7.43949,4.74154,5,1425720260,5,Healthcare,68.62,6102246153,1698678
2026-08-21,LQDA,2027-12-31,5.56721,8.14745,4.08008,5,1225761429,5,Healthcare,68.62,6102246153,1698678
2026-08-21,LRCX,2031-06-28,17.3,19.59116,14.24319,4,55747600000,11,Technology,314,392678980000,5603110
2026-08-21,LRCX,2030-06-28,14.1,15.96736,11.60861,3,48122500000,9,Technology,314,392678980000,5603110
2026-08-21,LRCX,2029-06-28,13.58252,17.01707,11.21782,9,46184650886,13,Technology,314,392678980000,5603110
2026-08-21,LRCX,2028-06-28,11.74253,12.82884,10.07685,17,41339812389,20,Technology,314,392678980000,5603110
2026-08-21,LSCC,2029-01-03,4.24333,5.64093,1.7007,5,1604674333,6,Technology,117.69,16124471520,1029378
2026-08-21,LSCC,2028-01-03,3.20917,3.29325,3.12509,8,1333286768,9,Technology,117.69,16124471520,1029378
2026-08-21,LSCC,2027-01-03,2.12917,2.16485,2.03401,8,919679168,9,Technology,117.69,16124471520,1029378
2026-08-21,LSCC,2026-01-03,1.05027,1.06027,0.96981,9,520652982,9,Technology,117.69,16124471520,1029378
2026-08-21,LSPD,2029-03-31,1.16543,1.98377,0.34709,2,1580651086,2,Technology,10.61,1461792750,773776
2026-08-21,LSPD,2028-03-31,0.92827,1.01728,0.87741,7,1420516627,12,Technology,10.61,1461792750,773776
2026-08-21,LSPD,2027-03-31,0.62407,0.64636,0.60178,7,1261525865,11,Technology,10.61,1461792750,773776
2026-08-21,LSPD,2026-03-31,0.48642,0.50757,0.44412,4,1219230353,5,Technology,10.61,1461792750,773776
2026-08-21,LTH,2029-12-31,3.18,3.25848,3.11438,1,4559300000,6,Consumer Cyclical,45.11,10080367843,1390737
2026-08-21,LTH,2028-12-31,2.00941,2.13705,1.94,5,4185476864,8,Consumer Cyclical,45.11,10080367843,1390737
2026-08-21,LTH,2027-12-31,1.82025,1.92892,1.71158,7,3768953860,11,Consumer Cyclical,45.11,10080367843,1390737
2026-08-21,LTH,2026-12-31,1.57849,1.58751,1.56947,6,3366293978,10,Consumer Cyclical,45.11,10080367843,1390737
2026-08-21,LULU,2030-02-01,12.7926,13.25817,12.09699,2,12902009328,7,Consumer Cyclical,121.07,13747972610,3244308
2026-08-21,LULU,2029-02-01,12.26887,15.55519,11.27439,6,11940687960,14,Consumer Cyclical,121.07,13747972610,3244308
2026-08-21,LULU,2028-02-01,11.28404,12.34192,10.04005,19,11341225011,24,Consumer Cyclical,121.07,13747972610,3244308
2026-08-21,LULU,2027-02-01,10.92703,11.14697,10.32719,18,11045666102,24,Consumer Cyclical,121.07,13747972610,3244308
2026-08-21,LUNR,2030-12-31,0.94171,0.96956,0.90326,1,2048378677,1,Industrials,18.32,2919705427,8157707
2026-08-21,LUNR,2029-12-31,0.55535,0.57177,0.53268,1,1810702128,1,Industrials,18.32,2919705427,8157707
2026-08-21,LUNR,2028-12-31,0.10881,3.16538,-4.87996,3,1383458007,1,Industrials,18.32,2919705427,8157707
2026-08-21,LUNR,2027-12-31,-0.205,-0.13045,-0.29197,4,1144866500,3,Industrials,18.32,2919705427,8157707
2026-08-21,LUV,2030-12-31,7.32,7.61009,7.04711,5,40004000000,14,Industrials,40.38,19754219040,3953805
2026-08-21,LUV,2029-12-31,6.85,7.12147,6.59463,5,38207000000,14,Industrials,40.38,19754219040,3953805
2026-08-21,LUV,2028-12-31,5.40212,6.47932,4.45453,8,35569630392,16,Industrials,40.38,19754219040,3953805
2026-08-21,LUV,2027-12-31,4.86773,6.94873,3.99009,15,34173707950,16,Industrials,40.38,19754219040,3953805
2026-08-21,LVS,2028-12-31,3.71801,3.99562,3.34739,4,15104699551,9,Consumer Cyclical,47.03,30461386684,3294119
2026-08-21,LVS,2027-12-31,3.52403,3.71699,3.31076,11,14531523946,13,Consumer Cyclical,47.03,30461386684,3294119
2026-08-21,LVS,2026-12-31,3.11053,3.30179,2.94947,10,13814761867,13,Consumer Cyclical,47.03,30461386684,3294119
2026-08-21,LVS,2025-12-31,2.92247,3.04175,2.85289,10,12687327454,11,Consumer Cyclical,47.03,30461386684,3294119
2026-08-21,LW,2030-05-31,4.1274,4.19437,4.06289,1,7032925949,5,Consumer Defensive,53.68,7379980670,810134
2026-08-21,LW,2029-05-31,3.71458,4.0727,3.37883,5,6788816667,7,Consumer Defensive,53.68,7379980670,810134
2026-08-21,LW,2028-05-31,3.39358,3.64418,2.42249,8,6617458752,8,Consumer Defensive,53.68,7379980670,810134
2026-08-21,LW,2027-05-31,3.04296,3.11257,2.94352,8,6512164500,9,Consumer Defensive,53.68,7379980670,810134
2026-08-21,LXFR,2029-12-31,1.5,1.50651,1.49349,1,434000000,1,Industrials,17.2,460258945,733976
2026-08-21,LXFR,2028-12-31,1.41,1.41612,1.40388,1,406000000,1,Industrials,17.2,460258945,733976
2026-08-21,LXFR,2027-12-31,1.425,1.43118,1.41882,1,387650000,1,Industrials,17.2,460258945,733976
2026-08-21,LXFR,2026-12-31,1.02,1.02442,1.01558,1,364800000,1,Industrials,17.2,460258945,733976
2026-08-21,LXU,2030-12-31,0.62,0.63427,0.59944,1,564000000,2,Basic Materials,11.12,799959456,736537
2026-08-21,LXU,2029-12-31,0.66,0.6752,0.63811,1,564000000,1,Basic Materials,11.12,799959456,736537
2026-08-21,LXU,2028-12-31,0.77296,0.84293,0.703,2,627640360,3,Basic Materials,11.12,799959456,736537
2026-08-21,LXU,2027-12-31,0.72265,0.73929,0.69868,2,631045907,3,Basic Materials,11.12,799959456,736537
2026-08-21,LYB,2028-12-31,7.07763,8.73199,4.92006,3,32353791278,12,Basic Materials,67.53,21797671050,2090699
2026-08-21,LYB,2027-12-31,6.57758,8.99596,4.4198,9,31424118464,11,Basic Materials,67.53,21797671050,2090699
2026-08-21,LYB,2026-12-31,9.26002,9.7531,8.83597,8,33202336282,11,Basic Materials,67.53,21797671050,2090699
2026-08-21,LYB,2025-12-31,2.12532,2.43729,1.73535,11,29974310969,10,Basic Materials,67.53,21797671050,2090699
2026-08-21,LYFT,2030-12-31,1.42,1.48619,1.22793,13,10266171429,14,Technology,17.47,6633062010,8597980
2026-08-21,LYFT,2029-12-31,1.33238,1.39449,1.15216,21,9720179303,22,Technology,17.47,6633062010,8597980
2026-08-21,LYFT,2028-12-31,1.15078,1.60695,0.54235,24,9045955005,24,Technology,17.47,6633062010,8597980
2026-08-21,LYFT,2027-12-31,1.02266,1.17454,0.84547,27,8313603026,30,Technology,17.47,6633062010,8597980
2026-08-21,LYTS,2030-06-30,2.45,2.48607,2.40696,1,1155649000,1,Industrials,20.34,746730216,1065201
2026-08-21,LYTS,2029-06-30,1.96,1.98886,1.92557,1,1058406000,2,Industrials,20.34,746730216,1065201
2026-08-21,LYTS,2028-06-30,1.76,1.79052,1.72948,2,955000000,3,Industrials,20.34,746730216,1065201
2026-08-21,LYTS,2027-06-30,1.4,1.57797,1.21017,2,891000000,2,Industrials,20.34,746730216,1065201
2026-08-21,LYV,2030-12-31,3.99,4.15965,3.8697,4,43428412029,14,Communication Services,181.82,42311877660,1127472
2026-08-21,LYV,2029-12-31,4.06669,4.2396,3.94408,4,36767349847,14,Communication Services,181.82,42311877660,1127472
2026-08-21,LYV,2028-12-31,2.88301,4.25656,0.94438,10,33613058251,16,Communication Services,181.82,42311877660,1127472
2026-08-21,LYV,2027-12-31,1.88992,3.00528,0.47506,14,30748632747,19,Communication Services,181.82,42311877660,1127472
2026-08-21,LZB,2030-04-25,3.36,3.43608,3.30277,1,2266400000,1,Consumer Cyclical,33.71,1348777552,1027842
2026-08-21,LZB,2029-04-25,3.06,3.12928,3.00788,1,2196600000,1,Consumer Cyclical,33.71,1348777552,1027842
2026-08-21,LZB,2028-04-25,2.81333,2.90125,2.6375,3,2162898333,2,Consumer Cyclical,33.71,1348777552,1027842
2026-08-21,LZB,2027-04-25,2.51667,2.66522,2.32442,3,2089701000,2,Consumer Cyclical,33.71,1348777552,1027842
2026-08-21,M,2029-01-31,2.41943,2.54991,2.29269,1,20217389329,3,Consumer Cyclical,22.82,6002526110,6717961
2026-08-21,M,2028-01-31,2.30726,2.48324,2.14106,7,21478326678,7,Consumer Cyclical,22.82,6002526110,6717961
2026-08-21,M,2027-01-31,2.22565,2.35598,2.1254,7,21702229558,7,Consumer Cyclical,22.82,6002526110,6717961
2026-08-21,M,2026-01-31,2.1882,2.27731,2.13869,8,21629041397,5,Consumer Cyclical,22.82,6002526110,6717961
2026-08-21,MA,2030-12-31,35.19,35.90655,34.29833,5,58300100000,14,Financial Services,580.63,509233412680,2200234
2026-08-21,MA,2029-12-31,30.9475,31.57767,30.16333,10,53064200000,22,Financial Services,580.63,509233412680,2200234
2026-08-21,MA,2028-12-31,26.88056,28.03942,25.00145,13,47018200502,24,Financial Services,580.63,509233412680,2200234
2026-08-21,MA,2027-12-31,23.09061,23.74602,22.51587,25,41968247730,27,Financial Services,580.63,509233412680,2200234
2026-08-21,MAA,2030-12-31,0,0,0,2,2472972000,6,Real Estate,131.31,15282488351,512161
2026-08-21,MAA,2029-12-31,4.03,4.09588,3.95911,3,2497865333,6,Real Estate,131.31,15282488351,512161
2026-08-21,MAA,2028-12-31,3.50047,3.92657,3.19562,6,2369831433,8,Real Estate,131.31,15282488351,512161
2026-08-21,MAA,2027-12-31,3.10515,3.13761,3.0763,10,2285467179,14,Real Estate,131.31,15282488351,512161
2026-08-21,MAC,2030-12-31,0.42,0.43434,0.40421,1,1248300000,2,Real Estate,24.38,7254497563,1377503
2026-08-21,MAC,2029-12-31,0.43,0.44468,0.41383,1,1213459500,2,Real Estate,24.38,7254497563,1377503
2026-08-21,MAC,2028-12-31,0.28364,0.32306,0.25749,3,1072431567,4,Real Estate,24.38,7254497563,1377503
2026-08-21,MAC,2027-12-31,0.11298,0.1178,0.10747,6,1040733982,4,Real Estate,24.38,7254497563,1377503
2026-08-21,MAIR,2030-12-31,1.67,1.70052,1.64116,1,5118300000,6,Industrials,25.99,13023435425,1195400
2026-08-21,MAIR,2029-12-31,1.67375,1.70434,1.64484,1,4873126578,6,Industrials,25.99,13023435425,1195400
2026-08-21,MAIR,2028-12-31,1.4304,1.45654,1.40569,1,4462406130,8,Industrials,25.99,13023435425,1195400
2026-08-21,MAIR,2027-12-31,1.28092,1.34096,1.24089,5,4170955634,8,Industrials,25.99,13023435425,1195400
2026-08-21,MAN,2028-12-31,6.5507,7.10159,5.72953,3,20653516878,5,Industrials,61.45,2857876166,774630
2026-08-21,MAN,2027-12-31,4.87592,5.4866,4.63737,6,19866077787,7,Industrials,61.45,2857876166,774630
2026-08-21,MAN,2026-12-31,3.62673,3.65679,3.60669,6,19163771082,7,Industrials,61.45,2857876166,774630
2026-08-21,MAN,2025-12-31,2.87102,2.90093,2.83114,8,17878180931,6,Industrials,61.45,2857876166,774630
2026-08-21,MANH,2029-12-31,8.11889,8.21075,8.04888,1,1514234661,2,Technology,214.56,12509920800,930397
2026-08-21,MANH,2028-12-31,7.09153,7.31264,6.73496,3,1376018180,5,Technology,214.56,12509920800,930397
2026-08-21,MANH,2027-12-31,6.12884,6.34371,5.86281,8,1263884992,9,Technology,214.56,12509920800,930397
2026-08-21,MANH,2026-12-31,5.49673,5.54716,5.3757,8,1164443608,9,Technology,214.56,12509920800,930397
2026-08-21,MAR,2030-12-31,20.6,21.83702,19.35604,5,29041000000,6,Consumer Cyclical,356.39,92934497380,928555
2026-08-21,MAR,2029-12-31,16.42599,17.41236,15.43409,5,30828838571,10,Consumer Cyclical,356.39,92934497380,928555
2026-08-21,MAR,2028-12-31,14.67488,15.78985,13.73107,8,30763005166,12,Consumer Cyclical,356.39,92934497380,928555
2026-08-21,MAR,2027-12-31,13.1099,14.36219,12.74791,18,29466861088,16,Consumer Cyclical,356.39,92934497380,928555
2026-08-21,MARA,2029-12-31,-1.1139,-0.84031,-1.35795,1,1477437600,2,Financial Services,11.26,4293105864,101063737
2026-08-21,MARA,2028-12-31,-1.49393,53.29574,-32.23761,4,716580712,4,Financial Services,11.26,4293105864,101063737
2026-08-21,MARA,2027-12-31,-0.85132,-0.01606264,-1.67855,4,925652822,6,Financial Services,11.26,4293105864,101063737
2026-08-21,MARA,2026-12-31,-4.59436,-3.96643,-5.21183,3,769149483,6,Financial Services,11.26,4293105864,101063737
2026-08-21,MAS,2029-12-31,5.47,5.59988,5.3837,1,8213000000,4,Basic Materials,73.29,14451866745,932498
2026-08-21,MAS,2028-12-31,5.12493,5.17679,5.04687,3,8144686036,6,Basic Materials,73.29,14451866745,932498
2026-08-21,MAS,2027-12-31,4.65701,4.75759,4.4659,13,7873672723,14,Basic Materials,73.29,14451866745,932498
2026-08-21,MAS,2026-12-31,4.52991,4.57,4.49984,13,7647280072,14,Basic Materials,73.29,14451866745,932498
2026-08-21,MASS,2029-12-31,-0.2,-0.19615,-0.20463,1,101800000,1,Healthcare,10.68,438170496,523488
2026-08-21,MASS,2028-12-31,-0.235,-0.22,-0.25,2,97538500,2,Healthcare,10.68,438170496,523488
2026-08-21,MASS,2027-12-31,-0.37,-0.333,-0.407,3,82644600,4,Healthcare,10.68,438170496,523488
2026-08-21,MASS,2026-12-31,-0.77,-0.65887,-0.88113,2,69207800,4,Healthcare,10.68,438170496,523488
2026-08-21,MAT,2030-12-31,1.98,2.03237,1.88678,1,6623400000,5,Consumer Cyclical,14.51,4216606000,4270335
2026-08-21,MAT,2029-12-31,1.87,1.91946,1.78196,1,6430500000,3,Consumer Cyclical,14.51,4216606000,4270335
2026-08-21,MAT,2028-12-31,1.79161,2.09616,1.4706,4,6214807043,7,Consumer Cyclical,14.51,4216606000,4270335
2026-08-21,MAT,2027-12-31,1.59043,1.70258,1.39672,9,6001907499,11,Consumer Cyclical,14.51,4216606000,4270335
2026-08-21,MATW,2028-09-30,1,1.00477,0.99838,1,1021800000,1,Industrials,21.27,663675048,1064398
2026-08-21,MATW,2027-09-30,0.785,0.84462,0.71544,2,1023092000,2,Industrials,21.27,663675048,1064398
2026-08-21,MATW,2026-09-30,0.53,0.56,0.5,2,1043463500,2,Industrials,21.27,663675048,1064398
2026-08-21,MATW,2025-09-30,0.955,0.95956,0.95345,1,1469650000,1,Industrials,21.27,663675048,1064398
2026-08-21,MBGL,2027-12-31,1.63,1.63725,1.62305,4,2049999999,4,Technology,19.85,5852203202,2540522
2026-08-21,MBGL,2026-12-31,1.45,1.45645,1.44382,4,1890000000,4,Technology,19.85,5852203202,2540522
2026-08-21,MC,2029-12-31,4.1043,4.57906,3.78316,1,2158438100,1,Financial Services,68.29,5058984388,626395
2026-08-21,MC,2028-12-31,4.28713,4.78304,3.95169,1,2211657781,3,Financial Services,68.29,5058984388,626395
2026-08-21,MC,2027-12-31,3.94262,4.62142,3.57067,6,2037995560,7,Financial Services,68.29,5058984388,626395
2026-08-21,MC,2026-12-31,3.08316,3.33764,2.96571,6,1738149310,7,Financial Services,68.29,5058984388,626395
2026-08-21,MCD,2030-12-31,16.53,16.97343,16.02955,4,32141000000,8,Consumer Cyclical,270.95,192511600700,3774172
2026-08-21,MCD,2029-12-31,15.94468,16.3724,15.46196,4,32081825591,13,Consumer Cyclical,270.95,192511600700,3774172
2026-08-21,MCD,2028-12-31,14.96464,15.50686,14.21961,11,30921106948,17,Consumer Cyclical,270.95,192511600700,3774172
2026-08-21,MCD,2027-12-31,13.97182,14.29347,13.71048,21,29658233441,24,Consumer Cyclical,270.95,192511600700,3774172
2026-08-21,MCHP,2029-03-31,5.2303,6.78187,4.12204,5,8228823288,9,Technology,76.08,41312048640,4628518
2026-08-21,MCHP,2028-03-31,4.58021,5.03106,4.18059,16,7450976533,18,Technology,76.08,41312048640,4628518
2026-08-21,MCHP,2027-03-31,3.64468,3.79529,3.48403,15,6398551106,17,Technology,76.08,41312048640,4628518
2026-08-21,MCHP,2026-03-31,1.56786,1.6274,1.54801,16,4665615532,19,Technology,76.08,41312048640,4628518
2026-08-21,MCK,2031-03-31,80.34,83.12702,76.57573,1,560340000000,5,Healthcare,858.9,100558294200,835854
2026-08-21,MCK,2030-03-31,67.67,70.0175,64.49937,1,515480250000,11,Healthcare,858.9,100558294200,835854
2026-08-21,MCK,2029-03-31,57.77363,59.60864,55.67794,3,496556605700,13,Healthcare,858.9,100558294200,835854
2026-08-21,MCK,2028-03-31,50.54296,51.31414,47.45823,9,462247175113,13,Healthcare,858.9,100558294200,835854
2026-08-21,MCO,2030-12-31,25.31093,26.15204,24.79986,5,10551134164,12,Financial Services,503.33,87176756000,573749
2026-08-21,MCO,2029-12-31,23.28946,24.0634,22.8192,5,10038550651,8,Financial Services,503.33,87176756000,573749
2026-08-21,MCO,2028-12-31,21.13472,21.75725,20.54694,8,9567427442,14,Financial Services,503.33,87176756000,573749
2026-08-21,MCO,2027-12-31,18.93141,19.67857,17.95203,16,8891047667,17,Financial Services,503.33,87176756000,573749
2026-08-21,MD,2029-12-31,2.17,2.21213,2.1351,1,2234900000,1,Healthcare,26.57,2181978883,717436
2026-08-21,MD,2028-12-31,2.42903,2.67451,2.18824,3,2100264607,3,Healthcare,26.57,2181978883,717436
2026-08-21,MD,2027-12-31,2.43966,2.59278,2.32737,4,2009088048,5,Healthcare,26.57,2181978883,717436
2026-08-21,MD,2026-12-31,2.34776,2.44984,2.22527,4,1961302923,5,Healthcare,26.57,2181978883,717436
2026-08-21,MDA,2030-12-31,1.51998,1.56933,1.45407,1,2110021760,6,Industrials,30.92,5006539623,1007244
2026-08-21,MDA,2029-12-31,1.33179,1.37503,1.27404,1,1888178941,6,Industrials,30.92,5006539623,1007244
2026-08-21,MDA,2028-12-31,1.50086,1.62013,1.38159,2,2191877971,8,Industrials,30.92,5006539623,1007244
2026-08-21,MDA,2027-12-31,1.31447,1.64069,1.12258,3,1986386132,9,Industrials,30.92,5006539623,1007244
2026-08-21,MDB,2031-01-31,12.77,13.72592,12.32989,2,5684300000,7,Technology,430.83,34652487109,917858
2026-08-21,MDB,2030-01-31,15.405,16.55817,14.87408,1,4848900000,8,Technology,430.83,34652487109,917858
2026-08-21,MDB,2029-01-31,9.12579,17.90103,3.22171,5,4188731492,16,Technology,430.83,34652487109,917858
2026-08-21,MDB,2028-01-31,7.31946,8.11593,7.03717,21,3497381428,27,Technology,430.83,34652487109,917858
2026-08-21,MDLN,2030-12-31,2.29,2.32175,2.26919,3,41935666667,15,Healthcare,34.26,28970467967,6985215
2026-08-21,MDLN,2029-12-31,2.03073,2.05889,2.01227,3,39057921101,9,Healthcare,34.26,28970467967,6985215
2026-08-21,MDLN,2028-12-31,1.7961,2.02019,1.26262,9,36292492759,19,Healthcare,34.26,28970467967,6985215
2026-08-21,MDLN,2027-12-31,1.57389,1.6735,1.48424,15,33669629008,19,Healthcare,34.26,28970467967,6985215
2026-08-21,MDLZ,2030-12-31,4.22042,4.3632,4.08977,2,44750621639,7,Consumer Defensive,64.45,82258179500,5800049
2026-08-21,MDLZ,2029-12-31,3.84659,3.97672,3.72751,3,43531074788,10,Consumer Defensive,64.45,82258179500,5800049
2026-08-21,MDLZ,2028-12-31,3.61243,3.87828,3.47056,6,42759584707,15,Consumer Defensive,64.45,82258179500,5800049
2026-08-21,MDLZ,2027-12-31,3.36045,3.39028,3.3008,12,41372430223,17,Consumer Defensive,64.45,82258179500,5800049
2026-08-21,MDT,2031-04-24,8.225,8.46678,7.67788,3,46572900000,5,Healthcare,93.35,119492667500,7494004
2026-08-21,MDT,2030-04-24,7.635,7.85944,7.12713,4,44849600000,6,Healthcare,93.35,119492667500,7494004
2026-08-21,MDT,2029-04-24,6.94408,7.42774,6.21322,6,42147060478,13,Healthcare,93.35,119492667500,7494004
2026-08-21,MDT,2028-04-24,6.39469,6.5751,6.25437,17,40234424731,22,Healthcare,93.35,119492667500,7494004
2026-08-21,MDU,2030-12-31,1.36333,1.40198,1.30582,1,2559900000,3,Utilities,19.95,4169669700,814108
2026-08-21,MDU,2029-12-31,1.24,1.27515,1.18769,1,2430700000,4,Utilities,19.95,4169669700,814108
2026-08-21,MDU,2028-12-31,1.15574,1.21583,1.12493,4,2221639241,6,Utilities,19.95,4169669700,814108
2026-08-21,MDU,2027-12-31,1.05597,1.06593,1.03605,5,2122192947,5,Utilities,19.95,4169669700,814108
2026-08-21,MEC,2030-12-31,1.18,1.2138,1.14653,1,849001000,1,Industrials,21.73,456738937,794464
2026-08-21,MEC,2029-12-31,1.21,1.24466,1.17568,1,814613000,1,Industrials,21.73,456738937,794464
2026-08-21,MEC,2028-12-31,1.42759,1.46848,1.3871,1,784711828,2,Industrials,21.73,456738937,794464
2026-08-21,MEC,2027-12-31,1.01659,1.04571,0.98776,3,725644788,4,Industrials,21.73,456738937,794464
2026-08-21,MEOH,2028-12-31,4.26982,4.84499,3.9854,3,3945994365,2,Basic Materials,60.1,4649592206,679787
2026-08-21,MEOH,2027-12-31,5.77202,7.63822,4.79763,6,4079825913,6,Basic Materials,60.1,4649592206,679787
2026-08-21,MEOH,2026-12-31,9.27366,10.08893,8.65202,6,4963381174,6,Basic Materials,60.1,4649592206,679787
2026-08-21,MEOH,2025-12-31,3.01083,3.05832,2.93485,6,3685410913,6,Basic Materials,60.1,4649592206,679787
2026-08-21,MET,2029-12-31,13.5,13.86967,13.13481,2,92830000000,6,Financial Services,94.34,60701825731,4849668
2026-08-21,MET,2028-12-31,12.42297,13.67163,10.88961,7,87961014529,8,Financial Services,94.34,60701825731,4849668
2026-08-21,MET,2027-12-31,11.09619,12.06334,7.57078,12,84257635051,7,Financial Services,94.34,60701825731,4849668
2026-08-21,MET,2026-12-31,9.97665,10.62328,7.37985,12,79952028948,7,Financial Services,94.34,60701825731,4849668
2026-08-21,META,2030-12-31,52.58333,59.11177,49.2902,16,457177166667,39,Communication Services,549.9,1400862864843,13175977
2026-08-21,META,2029-12-31,48.43262,54.44573,45.39944,16,423415014560,20,Communication Services,549.9,1400862864843,13175977
2026-08-21,META,2028-12-31,39.30149,53.2697,29.58668,35,359692230148,41,Communication Services,549.9,1400862864843,13175977
2026-08-21,META,2027-12-31,33.96656,37.70121,30.84286,40,305272165647,43,Communication Services,549.9,1400862864843,13175977
2026-08-21,METC,2028-12-31,0.60667,1.89746,-0.30979,5,875151743,6,Energy,11.9,640278310,1545002
2026-08-21,METC,2027-12-31,-0.032835,0.06567,-0.1032,4,697807463,6,Energy,11.9,640278310,1545002
2026-08-21,METC,2026-12-31,-0.9378,-0.89183,-0.99296,4,576129729,5,Energy,11.9,640278310,1545002
2026-08-21,METC,2025-12-31,-0.99006,-0.88126,-1.08798,4,555425188,5,Energy,11.9,640278310,1545002
2026-08-21,MFC,2028-12-31,5.68734,5.93766,4.91351,6,47129086274,2,Financial Services,42.51,70944513900,1048899
2026-08-21,MFC,2027-12-31,5.18218,5.5478,4.78478,8,44545949453,1,Financial Services,42.51,70944513900,1048899
2026-08-21,MFC,2026-12-31,4.62584,4.85484,4.36631,8,41823755692,1,Financial Services,42.51,70944513900,1048899
2026-08-21,MFC,2025-12-31,4.14785,4.16187,4.13384,7,34745574512,1,Financial Services,42.51,70944513900,1048899
2026-08-21,MFG,2031-03-31,204.43133,217.57534,193.04572,1,9595644371040,1,Financial Services,10.28,125232943464,2416367
2026-08-21,MFG,2030-03-31,187.3489,199.39458,176.91468,1,2580639337265,2,Financial Services,10.28,125232943464,2416367
2026-08-21,MFG,2029-03-31,148.25863,157.79099,140.00151,1,4902971275838,2,Financial Services,10.28,125232943464,2416367
2026-08-21,MFG,2028-03-31,134.9348,144.45961,119.06012,2,4563101930354,4,Financial Services,10.28,125232943464,2416367
2026-08-21,MGA,2030-12-31,9.44306,9.61547,9.27882,5,48853316267,5,Consumer Cyclical,73.05,19886036250,821778
2026-08-21,MGA,2029-12-31,8.8846,9.04681,8.73008,9,46726596969,5,Consumer Cyclical,73.05,19886036250,821778
2026-08-21,MGA,2028-12-31,8.52732,8.68301,8.37901,6,43776185964,4,Consumer Cyclical,73.05,19886036250,821778
2026-08-21,MGA,2027-12-31,7.93689,8.18966,7.65379,12,43061760772,10,Consumer Cyclical,73.05,19886036250,821778
2026-08-21,MGM,2028-12-31,2.32259,3.01747,2.06304,4,18247377727,13,Consumer Cyclical,43.74,11004975033,1441446
2026-08-21,MGM,2027-12-31,2.00142,2.71364,1.06382,10,17911545833,16,Consumer Cyclical,43.74,11004975033,1441446
2026-08-21,MGM,2026-12-31,1.84216,2.23691,1.5132,10,17684627454,17,Consumer Cyclical,43.74,11004975033,1441446
2026-08-21,MGM,2025-12-31,2.54191,2.91416,2.25475,8,17422708325,13,Consumer Cyclical,43.74,11004975033,1441446
2026-08-21,MGNI,2030-12-31,1.56,1.59597,1.50508,1,1131700000,2,Communication Services,23.5,3365552571,1533240
2026-08-21,MGNI,2029-12-31,1.34,1.3709,1.29283,1,1031099999,1,Communication Services,23.5,3365552571,1533240
2026-08-21,MGNI,2028-12-31,1.49333,1.90007,0.74957,3,956300400,3,Communication Services,23.5,3365552571,1533240
2026-08-21,MGNI,2027-12-31,1.345,1.94525,1.02264,8,841514923,7,Communication Services,23.5,3365552571,1533240
2026-08-21,MGTX,2030-12-31,1.11667,1.48178,0.85503,1,589838000,2,Healthcare,14.34,1328020230,603931
2026-08-21,MGTX,2029-12-31,-0.42667,-0.3267,-0.56618,1,284558333,1,Healthcare,14.34,1328020230,603931
2026-08-21,MGTX,2028-12-31,-1.46333,-1.34139,-1.66032,3,106843667,3,Healthcare,14.34,1328020230,603931
2026-08-21,MGTX,2027-12-31,-1.71333,-1.23598,-2.09691,4,67559660,4,Healthcare,14.34,1328020230,603931
2026-08-21,MGY,2030-12-31,3.46,3.71447,3.26889,1,2846000000,2,Energy,28.14,6668296179,2625634
2026-08-21,MGY,2029-12-31,3.2125,3.44876,3.03506,1,2760500000,2,Energy,28.14,6668296179,2625634
2026-08-21,MGY,2028-12-31,3.14785,3.66396,2.6541,4,2508226453,5,Energy,28.14,6668296179,2625634
2026-08-21,MGY,2027-12-31,3.04918,3.37335,2.69462,9,2500264479,7,Energy,28.14,6668296179,2625634
2026-08-21,MHK,2029-12-31,15.73,16.12624,15.28277,1,12062791000,4,Consumer Cyclical,136.22,8303031282,795791
2026-08-21,MHK,2028-12-31,11.36641,11.94396,10.7899,3,11883983437,6,Consumer Cyclical,136.22,8303031282,795791
2026-08-21,MHK,2027-12-31,10.00694,10.42179,9.64268,10,11419102936,11,Consumer Cyclical,136.22,8303031282,795791
2026-08-21,MHK,2026-12-31,9.78106,10.12426,8.85241,9,11157484510,11,Consumer Cyclical,136.22,8303031282,795791
2026-08-21,MIAX,2030-12-31,1.95,2.06786,1.8162,1,656000000,2,Financial Services,42.59,4122228178,954005
2026-08-21,MIAX,2029-12-31,1.85,1.96181,1.72306,1,626000000,2,Financial Services,42.59,4122228178,954005
2026-08-21,MIAX,2028-12-31,2.0375,2.10504,1.96996,2,631026157,4,Financial Services,42.59,4122228178,954005
2026-08-21,MIAX,2027-12-31,1.91,1.96162,1.78611,5,598036719,6,Financial Services,42.59,4122228178,954005
2026-08-21,MIDD,2031-01-03,12.55,12.71956,12.41834,1,3072300000,1,Industrials,115.48,5221370460,507930
2026-08-21,MIDD,2030-01-03,10.81,10.95605,10.6966,1,2926000000,1,Industrials,115.48,5221370460,507930
2026-08-21,MIDD,2029-01-03,9.42333,9.55064,9.32447,1,2757350000,2,Industrials,115.48,5221370460,507930
2026-08-21,MIDD,2028-01-03,7.72,7.98621,7.54594,6,2611237500,6,Industrials,115.48,5221370460,507930
2026-08-21,MIR,2028-12-31,0.78649,0.79801,0.78029,2,1306222763,3,Industrials,14.82,3605381323,4055088
2026-08-21,MIR,2027-12-31,0.66214,0.7123,0.63204,4,1223957172,6,Industrials,14.82,3605381323,4055088
2026-08-21,MIR,2026-12-31,0.54122,0.55124,0.52117,5,1137444448,6,Industrials,14.82,3605381323,4055088
2026-08-21,MIR,2025-12-31,0.48715,0.49709,0.47721,5,928432948,5,Industrials,14.82,3605381323,4055088
2026-08-21,MIRM,2030-12-31,8.094,8.69795,7.45848,5,1770869200,4,Healthcare,96.31,5873099372,685457
2026-08-21,MIRM,2029-12-31,5.162,5.54718,4.75669,5,1380694200,4,Healthcare,96.31,5873099372,685457
2026-08-21,MIRM,2028-12-31,1.77971,5.34008,-0.47147,8,1030997276,9,Healthcare,96.31,5873099372,685457
2026-08-21,MIRM,2027-12-31,-0.76152,3.06263,-5.28098,7,813656125,9,Healthcare,96.31,5873099372,685457
2026-08-21,MITK,2028-09-30,1.42055,1.43266,1.41055,1,236598550,1,Technology,18.56,838148275,1156277
2026-08-21,MITK,2027-09-30,1.18,1.28977,1.10682,4,214252200,4,Technology,18.56,838148275,1156277
2026-08-21,MITK,2026-09-30,1.156,1.18616,1.11579,4,197826600,4,Technology,18.56,838148275,1156277
2026-08-21,MITK,2025-09-30,0.912,0.93161,0.88258,3,175782240,3,Technology,18.56,838148275,1156277
2026-08-21,MKC,2030-11-30,4.63212,4.72036,4.55613,2,8840009634,4,Consumer Defensive,55.41,14897064663,1733357
2026-08-21,MKC,2029-11-30,4.29861,4.3805,4.22809,4,8918000000,8,Consumer Defensive,55.41,14897064663,1733357
2026-08-21,MKC,2028-11-30,3.63762,3.74042,3.4765,6,8493202219,9,Consumer Defensive,55.41,14897064663,1733357
2026-08-21,MKC,2027-11-30,3.29469,3.32473,3.2346,7,8181636474,9,Consumer Defensive,55.41,14897064663,1733357
2026-08-21,MKSI,2028-12-31,19.92375,21.08131,18.41348,1,6639346799,5,Technology,279.11,18852233751,878509
2026-08-21,MKSI,2027-12-31,17.50369,19.38855,15.28262,8,6100809751,9,Technology,279.11,18852233751,878509
2026-08-21,MKSI,2026-12-31,13.13394,13.64065,12.01918,9,5080438869,10,Technology,279.11,18852233751,878509
2026-08-21,MKSI,2025-12-31,7.86614,7.97539,7.80655,8,3919537583,6,Technology,279.11,18852233751,878509
2026-08-21,MKTX,2030-12-31,12.9,13.29489,12.55583,1,1170500000,6,Financial Services,162.11,5705121019,819282
2026-08-21,MKTX,2029-12-31,9.98437,10.29001,9.71799,1,1074511493,6,Financial Services,162.11,5705121019,819282
2026-08-21,MKTX,2028-12-31,9.59046,10.11805,8.47714,5,1025862265,8,Financial Services,162.11,5705121019,819282
2026-08-21,MKTX,2027-12-31,8.66077,8.97678,7.97936,9,955988643,10,Financial Services,162.11,5705121019,819282
2026-08-21,MLI,2029-12-27,3.88,3.88,3.88,1,5110000000,1,Industrials,63.22,13983062820,1038174
2026-08-21,MLI,2028-12-27,4.92,4.92,4.92,1,5943000000,1,Industrials,63.22,13983062820,1038174
2026-08-21,MLI,2027-12-27,4.415,4.415,4.415,1,5463000000,1,Industrials,63.22,13983062820,1038174
2026-08-21,MLI,2026-12-27,4.165,4.165,4.165,1,5073000000,1,Industrials,63.22,13983062820,1038174
2026-08-21,MLTX,2030-12-31,2.39333,3.94074,0.10237,4,852336200,4,Healthcare,15.76,1325658704,1342751
2026-08-21,MLTX,2029-12-31,-0.6631,-0.02836324,-1.09183,2,447051302,4,Healthcare,15.76,1325658704,1342751
2026-08-21,MLTX,2028-12-31,-2.86385,-0.95312,-4.40987,7,132412540,9,Healthcare,15.76,1325658704,1342751
2026-08-21,MLTX,2027-12-31,-3.39637,-2.65933,-4.18321,8,20804546,9,Healthcare,15.76,1325658704,1342751
2026-08-21,MLYS,2030-12-31,4.454,6.34732,1.9494,2,1102869600,5,Healthcare,25.65,2261265012,661901
2026-08-21,MLYS,2029-12-31,1.9,2.70766,0.83158,3,659538400,3,Healthcare,25.65,2261265012,661901
2026-08-21,MLYS,2028-12-31,-1.21,-0.43319,-1.90926,6,248511000,7,Healthcare,25.65,2261265012,661901
2026-08-21,MLYS,2027-12-31,-2.42826,-1.24526,-3.92257,6,88688396,6,Healthcare,25.65,2261265012,661901
2026-08-21,MMED,2031-04-24,3.19,3.25632,3.14736,3,5058100000,2,Healthcare,20.45,5743235874,1118170
2026-08-21,MMED,2030-04-24,2.4459,2.49675,2.41321,2,4560136377,3,Healthcare,20.45,5743235874,1118170
2026-08-21,MMED,2029-04-24,1.76777,1.89374,1.53308,4,4067138650,7,Healthcare,20.45,5743235874,1118170
2026-08-21,MMED,2028-04-24,0.68886,0.79484,0.41332,5,3699242713,10,Healthcare,20.45,5743235874,1118170
2026-08-21,MMM,2030-12-31,11.895,12.07807,11.72478,1,28541500000,6,Industrials,178.96,92293683746,2011851
2026-08-21,MMM,2029-12-31,11.32333,11.4976,11.16129,1,28341333333,6,Industrials,178.96,92293683746,2011851
2026-08-21,MMM,2028-12-31,10.59403,12.05243,9.46583,4,27460984450,8,Industrials,178.96,92293683746,2011851
2026-08-21,MMM,2027-12-31,9.83712,10.1398,9.60506,10,26510650455,10,Industrials,178.96,92293683746,2011851
2026-08-21,MNDY,2030-12-31,13.3,13.63121,13.00389,1,2403700000,5,Technology,90.73,3835530817,772386
2026-08-21,MNDY,2029-12-31,9.7,9.94156,9.48404,1,2259650000,5,Technology,90.73,3835530817,772386
2026-08-21,MNDY,2028-12-31,7.9572,8.12308,7.79129,2,1946118532,11,Technology,90.73,3835530817,772386
2026-08-21,MNDY,2027-12-31,6.68316,9.11939,4.86148,13,1694373344,18,Technology,90.73,3835530817,772386
2026-08-21,MNRO,2029-03-28,0.7933,0.80076,0.78678,1,1218435500,1,Consumer Cyclical,12.55,392363953,1146424
2026-08-21,MNRO,2028-03-28,0.408,0.41184,0.40465,2,1187710000,3,Consumer Cyclical,12.55,392363953,1146424
2026-08-21,MNRO,2027-03-28,0.12,0.12113,0.11901,2,1153372400,3,Consumer Cyclical,12.55,392363953,1146424
2026-08-21,MNRO,2026-03-28,0.54643,0.55157,0.54194,3,1166816084,3,Consumer Cyclical,12.55,392363953,1146424
2026-08-21,MNSO,2028-12-31,12.53392,13.58171,11.33196,5,33475694543,16,Consumer Cyclical,11.02,3362565329,1023305
2026-08-21,MNSO,2027-12-31,10.81549,10.95153,10.67945,7,29585576890,14,Consumer Cyclical,11.02,3362565329,1023305
2026-08-21,MNSO,2026-12-31,10.113,12.31712,7.90888,7,25738320528,13,Consumer Cyclical,11.02,3362565329,1023305
2026-08-21,MNSO,2025-12-31,8.02906,8.08853,7.91011,7,21319573968,9,Consumer Cyclical,11.02,3362565329,1023305
2026-08-21,MNST,2030-12-31,1.785,1.87976,1.66065,5,13621950000,14,Consumer Defensive,47.79,93478015154,9607315
2026-08-21,MNST,2029-12-31,1.66813,1.75669,1.55192,5,12890089290,14,Consumer Defensive,47.79,93478015154,9607315
2026-08-21,MNST,2028-12-31,1.46815,1.52576,1.38532,8,11683888005,16,Consumer Defensive,47.79,93478015154,9607315
2026-08-21,MNST,2027-12-31,1.30858,1.58899,0.65429,12,10661619690,18,Consumer Defensive,47.79,93478015154,9607315
2026-08-21,MO,2030-12-31,6.67384,6.79596,6.59385,1,22489054046,4,Consumer Defensive,66.09,110353378382,8955460
2026-08-21,MO,2029-12-31,6.29596,6.41116,6.2205,1,21439624711,4,Consumer Defensive,66.09,110353378382,8955460
2026-08-21,MO,2028-12-31,6.0971,6.41762,5.71426,4,20957359529,9,Consumer Defensive,66.09,110353378382,8955460
2026-08-21,MO,2027-12-31,5.88543,6.00636,5.71411,8,20754572424,9,Consumer Defensive,66.09,110353378382,8955460
2026-08-21,MOD,2029-03-31,15.50775,16.81746,13.50711,1,6569285731,2,Industrials,197.68,10499318536,2016541
2026-08-21,MOD,2028-03-31,11.18208,12.10699,9.5401,5,5050269235,6,Industrials,197.68,10499318536,2016541
2026-08-21,MOD,2027-03-31,7.6441,8.25363,6.98461,6,4060348344,7,Industrials,197.68,10499318536,2016541
2026-08-21,MOD,2026-03-31,5.17967,5.26564,4.86803,6,3148295194,7,Industrials,197.68,10499318536,2016541
2026-08-21,MOS,2030-12-31,2.82,3.40855,2.41803,1,11900000000,12,Basic Materials,24.41,7758636580,13524636
2026-08-21,MOS,2029-12-31,2.86681,3.46513,2.45817,1,13641547907,8,Basic Materials,24.41,7758636580,13524636
2026-08-21,MOS,2028-12-31,1.92527,2.92238,0.81016,5,12595496047,14,Basic Materials,24.41,7758636580,13524636
2026-08-21,MOS,2027-12-31,1.53259,2.29321,0.62439,10,12644424896,14,Basic Materials,24.41,7758636580,13524636
2026-08-21,MP,2030-12-31,2.67811,3.48508,2.20676,5,1812492740,5,Basic Materials,60.05,10690221100,8383006
2026-08-21,MP,2029-12-31,1.8156,2.36268,1.49605,5,1223952900,5,Basic Materials,60.05,10690221100,8383006
2026-08-21,MP,2028-12-31,1.44451,2.52656,0.76323,8,985004972,11,Basic Materials,60.05,10690221100,8383006
2026-08-21,MP,2027-12-31,0.83486,1.22935,0.27523,10,791707523,9,Basic Materials,60.05,10690221100,8383006
2026-08-21,MPC,2030-12-31,40.1,52.79417,27.43877,1,170700569493,5,Energy,360.72,105307514640,2172885
2026-08-21,MPC,2029-12-31,23.58,31.04455,16.13482,1,162316065151,3,Energy,360.72,105307514640,2172885
2026-08-21,MPC,2028-12-31,21.2398,27.03915,13.87435,5,153321857451,7,Energy,360.72,105307514640,2172885
2026-08-21,MPC,2027-12-31,34.2542,42.95228,26.38777,11,155454533613,8,Energy,360.72,105307514640,2172885
2026-08-21,MPLX,2030-12-31,5.63,5.91967,5.38918,3,15435430899,3,Energy,58.41,59270379300,1697007
2026-08-21,MPLX,2029-12-31,5.27,5.54115,5.04458,3,14632429940,4,Energy,58.41,59270379300,1697007
2026-08-21,MPLX,2028-12-31,5.10387,6.00269,4.57218,9,14662104075,6,Energy,58.41,59270379300,1697007
2026-08-21,MPLX,2027-12-31,4.79344,5.04895,4.3744,8,13911881005,6,Energy,58.41,59270379300,1697007
2026-08-21,MPWR,2030-12-31,54.93,58.99581,48.31106,1,8032500000,6,Technology,1316.28,64668836400,523181
2026-08-21,MPWR,2029-12-31,47,50.47885,41.33661,1,6900000000,6,Technology,1316.28,64668836400,523181
2026-08-21,MPWR,2028-12-31,43.08571,51.48424,36.3219,5,6420371429,8,Technology,1316.28,64668836400,523181
2026-08-21,MPWR,2027-12-31,35.91578,38.88377,33.4235,9,5338899571,11,Technology,1316.28,64668836400,523181
2026-08-21,MQ,2030-12-31,1,1.02597,0.97131,4,1319600000,4,Technology,16.36,1600097980,783801
2026-08-21,MQ,2029-12-31,0.56,0.57454,0.54393,2,1099600000,4,Technology,16.36,1600097980,783801
2026-08-21,MQ,2028-12-31,0.7711,1.16766,0.37299,7,921732312,9,Technology,16.36,1600097980,783801
2026-08-21,MQ,2027-12-31,0.5101,0.65447,0.34648,6,806350498,10,Technology,16.36,1600097980,783801
2026-08-21,MRAM,2028-12-31,0.34,0.34251,0.33563,1,87074250,1,Technology,17.11,401188042,883817
2026-08-21,MRAM,2027-12-31,0.13,0.14524,0.12104,2,86200000,3,Technology,17.11,401188042,883817
2026-08-21,MRAM,2026-12-31,-0.11,-0.10766,-0.11234,2,74533333,3,Technology,17.11,401188042,883817
2026-08-21,MRAM,2025-12-31,-0.025,-0.02467879,-0.0251843,2,54849500,2,Technology,17.11,401188042,883817
2026-08-21,MRCY,2030-07-03,3.25,3.42845,3.11361,2,1465300000,1,Industrials,91.36,5485554335,1077858
2026-08-21,MRCY,2029-07-03,2.65,2.7955,2.53879,3,1334100000,1,Industrials,91.36,5485554335,1077858
2026-08-21,MRCY,2028-07-03,2.19317,2.69577,1.88247,6,1188074040,6,Industrials,91.36,5485554335,1077858
2026-08-21,MRCY,2027-07-03,1.64513,2.15645,1.32277,6,1076326522,7,Industrials,91.36,5485554335,1077858
2026-08-21,MRK,2030-12-31,10.02803,10.35817,9.7498,5,75223943582,15,Healthcare,152.55,376771041000,11433963
2026-08-21,MRK,2029-12-31,10.17584,10.51085,9.89351,5,74347540105,9,Healthcare,152.55,376771041000,11433963
2026-08-21,MRK,2028-12-31,10.52639,12.61845,8.69673,8,74325906799,19,Healthcare,152.55,376771041000,11433963
2026-08-21,MRK,2027-12-31,9.53908,9.91394,9.08531,14,70176930187,17,Healthcare,152.55,376771041000,11433963
2026-08-21,MRNA,2030-12-31,3.90402,5.86941,2.99035,11,7625871429,14,Healthcare,145.13,57585552180,86743104
2026-08-21,MRNA,2029-12-31,0.68963,1.03681,0.52823,7,5566523329,14,Healthcare,145.13,57585552180,86743104
2026-08-21,MRNA,2028-12-31,-2.75224,0.52885,-4.61995,14,3295488574,16,Healthcare,145.13,57585552180,86743104
2026-08-21,MRNA,2027-12-31,-4.88107,-3.38644,-7.43135,15,2412757947,15,Healthcare,145.13,57585552180,86743104
2026-08-21,MRP,2029-12-31,2.94,2.98277,2.90062,1,1218591000,1,Real Estate,30.39,4686992445,623517
2026-08-21,MRP,2028-12-31,3.02,3.06394,2.97955,1,878364333,2,Real Estate,30.39,4686992445,623517
2026-08-21,MRP,2027-12-31,3.25667,3.27,3.24,3,870592917,5,Real Estate,30.39,4686992445,623517
2026-08-21,MRP,2026-12-31,3.10667,3.14,3.08,3,814549945,5,Real Estate,30.39,4686992445,623517
2026-08-21,MRSH,2028-12-31,12.48151,13.09015,11.74412,4,31556434108,10,Financial Services,192.01,91629335569,2516751
2026-08-21,MRSH,2027-12-31,11.39938,11.65003,10.92817,15,29993693835,13,Financial Services,192.01,91629335569,2516751
2026-08-21,MRSH,2026-12-31,10.44684,10.547,10.31663,15,28581628386,13,Financial Services,192.01,91629335569,2516751
2026-08-21,MRSH,2025-12-31,9.60062,9.71051,9.54068,16,26941979316,12,Financial Services,192.01,91629335569,2516751
2026-08-21,MRVL,2031-01-31,9.4,10.56144,8.72252,9,21861000000,21,Technology,237.04,207591572640,24970547
2026-08-21,MRVL,2030-01-31,12.28093,13.79833,11.39581,5,30092499723,13,Technology,237.04,207591572640,24970547
2026-08-21,MRVL,2029-01-31,9.20852,11.66703,5.29613,13,23400092834,26,Technology,237.04,207591572640,24970547
2026-08-21,MRVL,2028-01-31,6.2598,6.88781,5.84451,25,16740159018,29,Technology,237.04,207591572640,24970547
2026-08-21,MS,2029-12-31,16.339,17.27687,15.4161,4,99106494086,4,Financial Services,214.2,337853376000,3306544
2026-08-21,MS,2028-12-31,14.76738,16.3822,11.69001,10,91144146047,9,Financial Services,214.2,337853376000,3306544
2026-08-21,MS,2027-12-31,13.65859,14.74626,12.06892,16,86339998302,12,Financial Services,214.2,337853376000,3306544
2026-08-21,MS,2026-12-31,12.89607,13.25906,12.61375,16,81858702645,12,Financial Services,214.2,337853376000,3306544
2026-08-21,MSFT,2031-06-30,44.85,48.22548,41.28249,7,869907500000,11,Technology,483.24,3588322782000,21856586
2026-08-21,MSFT,2030-06-30,35.14968,37.7951,32.35376,12,655796850000,13,Technology,483.24,3588322782000,21856586
2026-08-21,MSFT,2029-06-30,28.6484,32.34748,26.59925,14,562064602766,24,Technology,483.24,3588322782000,21856586
2026-08-21,MSFT,2028-06-30,23.50635,24.56701,22.5467,28,467685530960,37,Technology,483.24,3588322782000,21856586
2026-08-21,MSI,2028-12-31,21.05263,21.12507,20.9551,3,14697637253,7,Technology,480.47,79756098120,921343
2026-08-21,MSI,2027-12-31,19.11593,19.89144,18.41092,9,13854456107,9,Technology,480.47,79756098120,921343
2026-08-21,MSI,2026-12-31,17.70604,17.76606,17.65602,9,12973048383,9,Technology,480.47,79756098120,921343
2026-08-21,MSI,2025-12-31,15.15742,15.27748,15.12741,10,11645567050,9,Technology,480.47,79756098120,921343
2026-08-21,MSTR,2029-12-31,391.6026,412.70507,359.72265,1,476389300,2,Technology,119.25,39448854000,45053427
2026-08-21,MSTR,2028-12-31,42.39872,117.88925,3.93081,3,526141334,5,Technology,119.25,39448854000,45053427
2026-08-21,MSTR,2027-12-31,7.40313,20.42386,-0.82441,5,506890152,6,Technology,119.25,39448854000,45053427
2026-08-21,MSTR,2026-12-31,-17.92499,49.45969,-52.86967,7,496954616,8,Technology,119.25,39448854000,45053427
2026-08-21,MT,2027-12-31,7.4,9.13,5.5,5,70010000000,10,Basic Materials,72.2,54951420000,1412049
2026-08-21,MT,2026-12-31,4.49,4.75,4.27,5,67019999999,10,Basic Materials,72.2,54951420000,1412049
2026-08-21,MT,2025-12-31,4.17,4.95,3.48,5,62110000000,9,Basic Materials,72.2,54951420000,1412049
2026-08-21,MT,2024-12-31,2.81,3.15,2.49,5,62300000000,9,Basic Materials,72.2,54951420000,1412049
2026-08-21,MTA,2030-12-31,0.32971,0.36087,0.29855,1,88582558,1,Basic Materials,11.14,1040952792,722383
2026-08-21,MTA,2029-12-31,0.28326,0.31003,0.25649,1,43599561,1,Basic Materials,11.14,1040952792,722383
2026-08-21,MTA,2028-12-31,0.25346,0.27741,0.22951,1,41623851,2,Basic Materials,11.14,1040952792,722383
2026-08-21,MTA,2027-12-31,0.15089,0.16515,0.13663,2,33126625,2,Basic Materials,11.14,1040952792,722383
2026-08-21,MTB,2028-12-31,23.20402,23.79027,22.44365,7,10879994243,5,Financial Services,240.34,34833197220,757389
2026-08-21,MTB,2027-12-31,21.0706,21.6073,20.75255,13,10419065783,8,Financial Services,240.34,34833197220,757389
2026-08-21,MTB,2026-12-31,19.34708,19.77524,19.01849,13,10060367289,7,Financial Services,240.34,34833197220,757389
2026-08-21,MTB,2025-12-31,16.81697,17.02869,16.42377,11,9681029274,5,Financial Services,240.34,34833197220,757389
2026-08-21,MTCH,2030-12-31,5.24667,5.45337,5.15607,3,4361800000,4,Communication Services,40.87,9533622290,2067803
2026-08-21,MTCH,2029-12-31,4.42,4.59413,4.34367,3,4121899999,4,Communication Services,40.87,9533622290,2067803
2026-08-21,MTCH,2028-12-31,3.58162,4.11,3.34319,9,3827519037,9,Communication Services,40.87,9533622290,2067803
2026-08-21,MTCH,2027-12-31,3.25085,4.21191,2.74774,8,3618511372,13,Communication Services,40.87,9533622290,2067803
2026-08-21,MTDR,2030-12-31,9.145,10.38405,7.61932,2,4806000000,2,Energy,58.38,7249524892,1417325
2026-08-21,MTDR,2029-12-31,9.00333,10.22319,7.50129,3,4731000000,2,Energy,58.38,7249524892,1417325
2026-08-21,MTDR,2028-12-31,8.1619,9.87722,6.68403,6,4767590413,5,Energy,58.38,7249524892,1417325
2026-08-21,MTDR,2027-12-31,8.13706,10.36267,6.40491,10,4673865986,6,Energy,58.38,7249524892,1417325
2026-08-21,MTG,2028-12-31,3.3375,3.36764,3.30235,1,1184468000,1,Financial Services,30.9,6338362500,863175
2026-08-21,MTG,2027-12-31,3.39388,3.79956,3.11683,4,1207301667,2,Financial Services,30.9,6338362500,863175
2026-08-21,MTG,2026-12-31,3.20724,3.32603,3.08845,3,1191922000,2,Financial Services,30.9,6338362500,863175
2026-08-21,MTG,2025-12-31,3.14429,3.16445,3.12413,3,1223658340,2,Financial Services,30.9,6338362500,863175
2026-08-21,MTSI,2029-10-03,12.48,13.44513,11.74722,1,2467000000,4,Technology,266.61,20341216306,856797
2026-08-21,MTSI,2028-10-03,9.96143,10.44354,8.89501,5,2092783332,6,Technology,266.61,20341216306,856797
2026-08-21,MTSI,2027-10-03,8.48067,9.71173,5.57662,11,1796554724,11,Technology,266.61,20341216306,856797
2026-08-21,MTSI,2026-10-03,5.51193,5.65536,4.69231,11,1324165596,11,Technology,266.61,20341216306,856797
2026-08-21,MTZ,2030-12-31,25.72333,27.28122,24.12386,2,32254519422,6,Industrials,266.26,21381994389,1238528
2026-08-21,MTZ,2029-12-31,22.47667,23.83793,21.07907,3,29408177939,10,Industrials,266.26,21381994389,1238528
2026-08-21,MTZ,2028-12-31,16.31496,20.89301,13.75265,6,24992818838,12,Industrials,266.26,21381994389,1238528
2026-08-21,MTZ,2027-12-31,12.54801,14.54272,10.70069,13,21665704578,14,Industrials,266.26,21381994389,1238528
2026-08-21,MU,2030-08-28,264.67,337.07252,134.42318,7,449422500000,15,Technology,966.78,1091871664200,20990385
2026-08-21,MU,2029-08-28,184.97667,235.57846,93.94775,6,344814000000,14,Technology,966.78,1091871664200,20990385
2026-08-21,MU,2028-08-28,168.20069,191.88565,120.60704,11,279299228388,28,Technology,966.78,1091871664200,20990385
2026-08-21,MU,2027-08-28,154.51682,216.62508,129.18989,23,249240834979,32,Technology,966.78,1091871664200,20990385
2026-08-21,MUFG,2031-03-31,358.69403,369.27005,346.62794,1,15125966593945,1,Financial Services,22.04,248542272545,1779019
2026-08-21,MUFG,2030-03-31,346.38348,356.59653,334.7315,1,29350884030845,2,Financial Services,22.04,248542272545,1779019
2026-08-21,MUFG,2029-03-31,299.96345,308.80781,289.87299,1,7296117134298,1,Financial Services,22.04,248542272545,1779019
2026-08-21,MUFG,2028-03-31,280.07321,289.95815,265.2458,3,6783371090907,3,Financial Services,22.04,248542272545,1779019
2026-08-21,MUR,2030-12-31,3.26,3.57138,3.05026,1,3655000000,2,Energy,37.41,5362723500,1019254
2026-08-21,MUR,2029-12-31,2.69,2.94693,2.51694,1,3584000000,2,Energy,37.41,5362723500,1019254
2026-08-21,MUR,2028-12-31,3.22371,3.82151,2.54768,4,3285231730,4,Energy,37.41,5362723500,1019254
2026-08-21,MUR,2027-12-31,2.93796,5.09042,1.49958,9,3089928868,6,Energy,37.41,5362723500,1019254
2026-08-21,MUX,2030-12-31,10.6901,12.49585,8.46925,1,354425562,1,Basic Materials,20.78,1241399278,1182804
2026-08-21,MUX,2029-12-31,1.2369,1.44583,0.97994,1,315323803,1,Basic Materials,20.78,1241399278,1182804
2026-08-21,MUX,2028-12-31,3.69125,4.31477,2.9244,1,679600000,1,Basic Materials,20.78,1241399278,1182804
2026-08-21,MUX,2027-12-31,2.31334,2.7041,1.83275,2,380507333,2,Basic Materials,20.78,1241399278,1182804
2026-08-21,MWA,2028-09-30,1.63667,1.65617,1.60673,2,1572755500,2,Industrials,24.94,3902386740,540429
2026-08-21,MWA,2027-09-30,1.6082,1.66704,1.54936,3,1531357250,4,Industrials,24.94,3902386740,540429
2026-08-21,MWA,2026-09-30,1.569,1.62027,1.50747,3,1475000750,3,Industrials,24.94,3902386740,540429
2026-08-21,MWA,2025-09-30,1.26333,1.27328,1.24344,4,1407356667,4,Industrials,24.94,3902386740,540429
2026-08-21,MWH,2030-12-31,2.0425,2.137,1.97331,1,5084311090,5,Utilities,28.34,3475905534,2710392
2026-08-21,MWH,2029-12-31,1.87,1.95652,1.80665,1,4883875683,3,Utilities,28.34,3475905534,2710392
2026-08-21,MWH,2028-12-31,1.83118,2.02637,1.47372,4,4747025177,7,Utilities,28.34,3475905534,2710392
2026-08-21,MWH,2027-12-31,1.65425,1.85477,1.3635,3,4464887374,5,Utilities,28.34,3475905534,2710392
2026-08-21,MXL,2029-12-31,3.53,3.7822,2.97189,1,1251000000,4,Technology,66.61,6041073453,1821378
2026-08-21,MXL,2028-12-31,3.31,4.23597,1.78033,3,1160520000,6,Technology,66.61,6041073453,1821378
2026-08-21,MXL,2027-12-31,2.69556,2.9368,2.48579,6,964150000,8,Technology,66.61,6041073453,1821378
2026-08-21,MXL,2026-12-31,1.75,1.79023,1.72989,5,738835400,7,Technology,66.61,6041073453,1821378
2026-08-21,NAMS,2030-12-31,3.239,12.32641,-0.09849038,4,1138065545,6,Healthcare,27.87,3258113895,513546
2026-08-21,NAMS,2029-12-31,1.50364,5.72228,-0.04572216,4,777761583,10,Healthcare,27.87,3258113895,513546
2026-08-21,NAMS,2028-12-31,-0.37668,3.06517,-1.77193,10,402390325,12,Healthcare,27.87,3258113895,513546
2026-08-21,NAMS,2027-12-31,-1.56343,2.07492,-3.04965,10,156541422,11,Healthcare,27.87,3258113895,513546
2026-08-21,NAVN,2029-01-31,0.576,1.27326,-0.12126,2,1363437946,7,Technology,29.16,6970014665,1345249
2026-08-21,NAVN,2028-01-31,0.38498,0.42623,0.32998,7,1126893777,10,Technology,29.16,6970014665,1345249
2026-08-21,NAVN,2027-01-31,0.25359,0.27472,0.21133,7,911226473,11,Technology,29.16,6970014665,1345249
2026-08-21,NAVN,2026-01-31,-0.22807,-0.14757,-0.30857,6,686509578,8,Technology,29.16,6970014665,1345249
2026-08-21,NBIS,2030-12-31,13.58,20.2568,8.87226,1,57939766667,6,Technology,219.13,52591200000,20116988
2026-08-21,NBIS,2029-12-31,5.87,8.75607,3.83506,1,40897600000,10,Technology,219.13,52591200000,20116988
2026-08-21,NBIS,2028-12-31,0.5123,0.76418,0.3347,2,23505440201,5,Technology,219.13,52591200000,20116988
2026-08-21,NBIS,2027-12-31,-3.07362,-1.1867,-4.07605,5,11927195838,12,Technology,219.13,52591200000,20116988
2026-08-21,NBIX,2030-12-31,14.24345,16.22174,13.3053,7,5682211908,15,Healthcare,152.57,15340910906,1227586
2026-08-21,NBIX,2029-12-31,13.19888,15.03209,12.32953,12,5312226189,9,Healthcare,152.57,15340910906,1227586
2026-08-21,NBIX,2028-12-31,12.5036,19.0813,8.85883,17,5087012727,19,Healthcare,152.57,15340910906,1227586
2026-08-21,NBIX,2027-12-31,9.75433,10.8956,7.46286,14,4529820739,18,Healthcare,152.57,15340910906,1227586
2026-08-21,NCLH,2030-12-31,3.19333,3.38586,3.0958,1,12859333333,6,Consumer Cyclical,17.24,7915056400,11706942
2026-08-21,NCLH,2029-12-31,2.93213,3.10891,2.84257,1,12013313696,11,Consumer Cyclical,17.24,7915056400,11706942
2026-08-21,NCLH,2028-12-31,2.06049,2.06795,2.04559,3,11204283141,13,Consumer Cyclical,17.24,7915056400,11706942
2026-08-21,NCLH,2027-12-31,1.70888,2.12639,1.38847,14,10536219610,18,Consumer Cyclical,17.24,7915056400,11706942
2026-08-21,NCNO,2029-01-31,1.70684,1.7281,1.68263,1,763974748,5,Technology,20.62,2258981829,2119384
2026-08-21,NCNO,2028-01-31,1.49366,1.55942,1.35275,8,701760671,10,Technology,20.62,2258981829,2119384
2026-08-21,NCNO,2027-01-31,1.27385,1.31245,1.21595,7,644685246,10,Technology,20.62,2258981829,2119384
2026-08-21,NCNO,2026-01-31,0.90527,0.91655,0.88537,11,593028694,11,Technology,20.62,2258981829,2119384
2026-08-21,NDAQ,2030-12-31,6.15,6.27224,6.01108,1,7563000000,4,Financial Services,98.22,54902757478,3790066
2026-08-21,NDAQ,2029-12-31,5.96299,6.08152,5.82829,1,7511561134,4,Financial Services,98.22,54902757478,3790066
2026-08-21,NDAQ,2028-12-31,5.32408,5.78295,5.06541,5,6980944992,9,Financial Services,98.22,54902757478,3790066
2026-08-21,NDAQ,2027-12-31,4.67367,5.08312,4.54385,10,6420470654,11,Financial Services,98.22,54902757478,3790066
2026-08-21,NDSN,2028-10-31,13.67,14.33154,13.00846,2,3314633333,3,Industrials,332.24,18511748320,634763
2026-08-21,NDSN,2027-10-31,12.74,13.02606,12.47437,5,3178471429,6,Industrials,332.24,18511748320,634763
2026-08-21,NDSN,2026-10-31,11.73714,11.83841,11.646,4,3012814286,4,Industrials,332.24,18511748320,634763
2026-08-21,NDSN,2025-10-31,10.13356,10.14355,10.12357,7,2800847988,6,Industrials,332.24,18511748320,634763
2026-08-21,NE,2028-12-31,3.53972,4.44487,2.03253,3,3517775084,5,Energy,46.27,7386635340,618031
2026-08-21,NE,2027-12-31,2.37349,2.53023,2.21675,5,3232507755,6,Energy,46.27,7386635340,618031
2026-08-21,NE,2026-12-31,0.68543,1.00276,0.3681,5,2893789628,5,Energy,46.27,7386635340,618031
2026-08-21,NE,2025-12-31,1.0238,1.06318,0.9713,3,3241109430,4,Energy,46.27,7386635340,618031
2026-08-21,NEA,2025-10-31,0.9,0.9,0.9,1,126800000,1,Financial Services,11.22,3353645119,675722
2026-08-21,NEA,2024-10-31,0.81354,0.81354,0.81354,1,119735500,1,Financial Services,11.22,3353645119,675722
2026-08-21,NEA,2023-10-31,0.7491,0.7491,0.7491,1,110400000,1,Financial Services,11.22,3353645119,675722
2026-08-21,NEE,2030-12-31,5.63268,6.42455,4.84019,3,42772255201,12,Utilities,83.65,174492075928,11885047
2026-08-21,NEE,2029-12-31,5.17133,5.89834,4.44375,3,39724942829,8,Utilities,83.65,174492075928,11885047
2026-08-21,NEE,2028-12-31,4.7663,5.02724,4.54575,9,37280429692,14,Utilities,83.65,174492075928,11885047
2026-08-21,NEE,2027-12-31,4.40008,4.48063,4.25912,14,34327566401,12,Utilities,83.65,174492075928,11885047
2026-08-21,NEM,2030-12-31,8.99,11.29875,7.90672,4,24669177200,8,Basic Materials,131.58,138644829018,8095228
2026-08-21,NEM,2029-12-31,10.93771,13.74666,9.61973,4,30422401426,13,Basic Materials,131.58,138644829018,8095228
2026-08-21,NEM,2028-12-31,11.83285,17.75746,7.73889,10,29738954835,17,Basic Materials,131.58,138644829018,8095228
2026-08-21,NEM,2027-12-31,10.66895,13.0159,8.77416,11,28992205464,14,Basic Materials,131.58,138644829018,8095228
2026-08-21,NEO,2030-12-31,0.81,0.8197,0.80156,1,1111500000,3,Healthcare,16.98,436301100,1103029
2026-08-21,NEO,2029-12-31,0.69,0.69826,0.68281,1,1029099999,4,Healthcare,16.98,436301100,1103029
2026-08-21,NEO,2028-12-31,0.46833,0.9521,0.05146484,5,965618386,6,Healthcare,16.98,436301100,1103029
2026-08-21,NEO,2027-12-31,0.33818,0.38791,0.29839,7,884794303,9,Healthcare,16.98,436301100,1103029
2026-08-21,NEOG,2031-05-31,0.54,0.56159,0.52176,1,995600000,1,Healthcare,11.95,2605769200,1212561
2026-08-21,NEOG,2030-05-31,0.5,0.51999,0.48311,1,964800000,1,Healthcare,11.95,2605769200,1212561
2026-08-21,NEOG,2029-05-31,0.46,0.47839,0.44446,2,895950000,2,Healthcare,11.95,2605769200,1212561
2026-08-21,NEOG,2028-05-31,0.41,0.48972,0.36444,3,851300000,4,Healthcare,11.95,2605769200,1212561
2026-08-21,NESR,2028-12-31,3.56012,4.35142,2.76881,2,2963408014,3,Energy,33.03,3330984833,1778111
2026-08-21,NESR,2027-12-31,2.90869,3.27633,2.68162,5,2514948551,5,Energy,33.03,3330984833,1778111
2026-08-21,NESR,2026-12-31,1.82512,1.93543,1.65464,4,2045506015,5,Energy,33.03,3330984833,1778111
2026-08-21,NESR,2025-12-31,0.75775,0.77769,0.74778,5,1296248425,5,Energy,33.03,3330984833,1778111
2026-08-21,NET,2030-12-31,4.31,4.66301,4.10214,1,6989800000,15,Technology,293.06,104018578955,2599496
2026-08-21,NET,2029-12-31,3.36335,3.63882,3.20115,1,5698638795,9,Technology,293.06,104018578955,2599496
2026-08-21,NET,2028-12-31,2.2596,5.63045,-2.47398,5,4705397598,19,Technology,293.06,104018578955,2599496
2026-08-21,NET,2027-12-31,1.67066,1.93445,1.45572,19,3690726929,25,Technology,293.06,104018578955,2599496
2026-08-21,NEXA,2030-12-31,1.31395,1.42204,1.18915,2,2987596900,3,Basic Materials,15.4,2039554609,1121872
2026-08-21,NEXA,2029-12-31,1.54185,1.66869,1.3954,3,3067155250,4,Basic Materials,15.4,2039554609,1121872
2026-08-21,NEXA,2028-12-31,2.40396,4.41641,1.33172,6,3350888111,6,Basic Materials,15.4,2039554609,1121872
2026-08-21,NEXA,2027-12-31,2.91717,4.10256,2.20408,4,3485328897,5,Basic Materials,15.4,2039554609,1121872
2026-08-21,NEXN,2030-12-31,0,0,0,1,532799999,2,Communication Services,10.28,572809824,945076
2026-08-21,NEXN,2029-12-31,0,0,0,1,494500000,2,Communication Services,10.28,572809824,945076
2026-08-21,NEXN,2028-12-31,1.35333,1.37014,1.33628,2,466800000,1,Communication Services,10.28,572809824,945076
2026-08-21,NEXN,2027-12-31,1.24111,1.25653,1.22547,5,431484200,5,Communication Services,10.28,572809824,945076
2026-08-21,NFLX,2030-12-31,6.46,6.60542,6.30874,14,73725753199,16,Communication Services,79.59,331407984520,22987156
2026-08-21,NFLX,2029-12-31,5.46222,5.58518,5.33433,24,68329526847,30,Communication Services,79.59,331407984520,22987156
2026-08-21,NFLX,2028-12-31,4.57177,5.09474,3.80607,31,62865581837,32,Communication Services,79.59,331407984520,22987156
2026-08-21,NFLX,2027-12-31,3.81537,4.07438,3.58625,34,57007055893,35,Communication Services,79.59,331407984520,22987156
2026-08-21,NGG,2031-03-31,6.15166,7.13016,5.23505,1,32745013151,4,Utilities,79.76,80187395555,571723
2026-08-21,NGG,2030-03-31,5.8357,6.76394,4.96617,1,27260381933,3,Utilities,79.76,80187395555,571723
2026-08-21,NGG,2029-03-31,5.44535,6.3115,4.63398,1,23726890556,4,Utilities,79.76,80187395555,571723
2026-08-21,NGG,2028-03-31,4.98466,5.0896,4.87223,3,21904920862,7,Utilities,79.76,80187395555,571723
2026-08-21,NI,2030-12-31,3.01167,3.12647,2.89944,4,9382300000,2,Utilities,40.63,19479616524,4045525
2026-08-21,NI,2029-12-31,2.75125,2.85612,2.64873,2,8782680000,2,Utilities,40.63,19479616524,4045525
2026-08-21,NI,2028-12-31,2.48339,2.53944,2.43907,7,7920797046,4,Utilities,40.63,19479616524,4045525
2026-08-21,NI,2027-12-31,2.25524,2.4135,2.17611,10,7446605585,3,Utilities,40.63,19479616524,4045525
2026-08-21,NIQ,2028-12-31,1.44701,1.45147,1.44221,1,4957981216,5,Technology,18.78,5542660653,1293728
2026-08-21,NIQ,2027-12-31,1.27389,1.45733,1.12102,8,4737589344,9,Technology,18.78,5542660653,1293728
2026-08-21,NIQ,2026-12-31,1.07994,1.17617,1.04786,7,4504018131,8,Technology,18.78,5542660653,1293728
2026-08-21,NIQ,2025-12-31,0.30528,0.32436,0.24804,8,4178282790,8,Technology,18.78,5542660653,1293728
2026-08-21,NKE,2030-05-31,4.25,4.59489,3.95792,5,58265000000,8,Consumer Cyclical,40.76,60317105531,11727607
2026-08-21,NKE,2029-05-31,2.37891,3.72492,1.44751,13,48652977927,16,Consumer Cyclical,40.76,60317105531,11727607
2026-08-21,NKE,2028-05-31,2.17998,3.72646,1.58375,25,47323711800,27,Consumer Cyclical,40.76,60317105531,11727607
2026-08-21,NKE,2027-05-31,1.73074,2.28776,1.49202,24,45684753046,29,Consumer Cyclical,40.76,60317105531,11727607
2026-08-21,NKTR,2030-12-31,-5.55286,-1.9615,-21.30984,4,175929571,5,Healthcare,74.02,2123483021,585337
2026-08-21,NKTR,2029-12-31,-9.27125,-3.27498,-35.57966,4,51298571,5,Healthcare,74.02,2123483021,585337
2026-08-21,NKTR,2028-12-31,-11.00572,-6.41,-19.84,10,38491839,10,Healthcare,74.02,2123483021,585337
2026-08-21,NKTR,2027-12-31,-10.45239,-4.02015,-19.6399,7,58541266,9,Healthcare,74.02,2123483021,585337
2026-08-21,NLY,2028-12-31,3.01746,3.37291,2.7184,1,2716575932,1,Real Estate,23.16,17456016240,6263262
2026-08-21,NLY,2027-12-31,3.12351,3.16408,3.08294,8,2872353725,3,Real Estate,23.16,17456016240,6263262
2026-08-21,NLY,2026-12-31,3.09456,3.11459,3.07453,8,2546575438,3,Real Estate,23.16,17456016240,6263262
2026-08-21,NLY,2025-12-31,2.90866,3.2513,2.89863,5,1845477278,3,Real Estate,23.16,17456016240,6263262
2026-08-21,NMAX,2028-12-31,0.82,0.8202,0.8198,1,288296000,1,Communication Services,10.75,966654491,706697
2026-08-21,NMAX,2027-12-31,0.215,0.21505,0.21495,1,237241500,1,Communication Services,10.75,966654491,706697
2026-08-21,NMAX,2026-12-31,-0.015,-0.01499641,-0.01500359,1,214150000,1,Communication Services,10.75,966654491,706697
2026-08-21,NMAX,2025-12-31,-1.09,-1.08974,-1.09026,1,180300000,1,Communication Services,10.75,966654491,706697
2026-08-21,NMRK,2030-12-31,2.65,2.69151,2.61125,1,4848000000,2,Real Estate,16.21,2532685803,1054200
2026-08-21,NMRK,2029-12-31,2.635,2.67628,2.59646,1,4778500000,1,Real Estate,16.21,2532685803,1054200
2026-08-21,NMRK,2028-12-31,2.42,2.4987,2.3413,2,4548772667,3,Real Estate,16.21,2532685803,1054200
2026-08-21,NMRK,2027-12-31,2.21086,2.22119,2.20053,3,4196457400,4,Real Estate,16.21,2532685803,1054200
2026-08-21,NN,2027-12-31,-0.57,-0.53128,-0.60872,1,3200000,1,Technology,17.55,2394468279,1915521
2026-08-21,NN,2026-12-31,-0.525,-0.46442,-0.57548,1,4129500,2,Technology,17.55,2394468279,1915521
2026-08-21,NN,2025-12-31,-1,-0.93207,-1.06793,1,4485000,2,Technology,17.55,2394468279,1915521
2026-08-21,NN,2024-12-31,-0.74,-0.72,-0.76,2,5484000,2,Technology,17.55,2394468279,1915521
2026-08-21,NNE,2030-09-30,-1.86,-0.90964,-2.45438,1,118370333,1,Industrials,18.85,1012209977,1487357
2026-08-21,NNE,2029-09-30,-1.86333,-0.91127,-2.45877,1,22057667,1,Industrials,18.85,1012209977,1487357
2026-08-21,NNE,2028-09-30,-1.72333,-1.57729,-1.86937,2,7477500,3,Industrials,18.85,1012209977,1487357
2026-08-21,NNE,2027-09-30,-1.32429,-0.93223,-1.53339,5,6843857,5,Industrials,18.85,1012209977,1487357
2026-08-21,NNN,2029-12-31,2.12,2.15535,2.03459,1,1113200000,3,Real Estate,45.83,8719073952,565553
2026-08-21,NNN,2028-12-31,2.17824,2.35564,2.11713,5,1065962154,7,Real Estate,45.83,8719073952,565553
2026-08-21,NNN,2027-12-31,2.09945,2.13368,2.0481,5,1025187965,9,Real Estate,45.83,8719073952,565553
2026-08-21,NNN,2026-12-31,2.04623,2.08062,2.0233,4,973908476,9,Real Estate,45.83,8719073952,565553
2026-08-21,NOC,2030-12-31,37.818,38.66347,37.19986,6,55370129419,9,Industrials,551.03,78280974890,683437
2026-08-21,NOC,2029-12-31,35.052,35.83563,34.47907,9,52370844181,10,Industrials,551.03,78280974890,683437
2026-08-21,NOC,2028-12-31,32.913,35.43677,29.8355,15,50018459411,18,Industrials,551.03,78280974890,683437
2026-08-21,NOC,2027-12-31,30.45329,31.8539,29.5629,16,47104464691,16,Industrials,551.03,78280974890,683437
2026-08-21,NOG,2030-12-31,4.78,5.20686,4.2028,1,2562000000,2,Energy,27.34,2974158770,3564464
2026-08-21,NOG,2029-12-31,4.49667,4.89823,3.95369,1,2521000000,2,Energy,27.34,2974158770,3564464
2026-08-21,NOG,2028-12-31,3.88721,4.20991,3.66813,3,2378791215,5,Energy,27.34,2974158770,3564464
2026-08-21,NOG,2027-12-31,3.75823,4.55543,2.90926,5,2274646697,4,Energy,27.34,2974158770,3564464
2026-08-21,NOK,2030-12-31,0.62632,0.66143,0.5998,2,24832291586,7,Technology,10.205,55116102860,44724264
2026-08-21,NOK,2029-12-31,0.49907,0.52704,0.47794,3,24419712476,10,Technology,10.205,55116102860,44724264
2026-08-21,NOK,2028-12-31,0.47542,0.50207,0.45529,3,23578496281,6,Technology,10.205,55116102860,44724264
2026-08-21,NOK,2027-12-31,0.4072,0.48864,0.37462,6,22167218902,15,Technology,10.205,55116102860,44724264
2026-08-21,NOMD,2030-12-31,1.71345,1.7323,1.70164,1,3049282528,1,Consumer Defensive,11.81,1650931710,1283644
2026-08-21,NOMD,2029-12-31,1.66812,1.68647,1.65662,1,3049282528,1,Consumer Defensive,11.81,1650931710,1283644
2026-08-21,NOMD,2028-12-31,1.69468,1.71332,1.683,1,3059618961,2,Consumer Defensive,11.81,1650931710,1283644
2026-08-21,NOMD,2027-12-31,1.54073,1.63541,1.43744,3,3065236429,3,Consumer Defensive,11.81,1650931710,1283644
2026-08-21,NOV,2030-12-31,1.92,1.98297,1.80044,4,10062000000,4,Energy,20.42,7279283313,2948976
2026-08-21,NOV,2029-12-31,1.76,1.81772,1.6504,2,9784000000,4,Energy,20.42,7279283313,2948976
2026-08-21,NOV,2028-12-31,1.45452,1.86461,1.14753,7,9513564228,9,Energy,20.42,7279283313,2948976
2026-08-21,NOV,2027-12-31,1.26906,1.47096,0.92295,12,9095408096,13,Energy,20.42,7279283313,2948976
2026-08-21,NOW,2030-12-31,8.50814,8.93888,8.3577,5,31020899160,26,Technology,128.48,132830589760,10343314
2026-08-21,NOW,2029-12-31,7.09853,7.4579,6.97301,10,26718787868,25,Technology,128.48,132830589760,10343314
2026-08-21,NOW,2028-12-31,6.09126,8.79841,3.6472,13,22817022573,33,Technology,128.48,132830589760,10343314
2026-08-21,NOW,2027-12-31,5.01827,5.2505,4.39225,26,19244731423,35,Technology,128.48,132830589760,10343314
2026-08-21,NRG,2030-12-31,17.15798,21.56436,12.9921,2,38247536611,6,Utilities,113.11,23864626460,2355661
2026-08-21,NRG,2029-12-31,14.61612,18.36972,11.06739,3,37142124202,6,Utilities,113.11,23864626460,2355661
2026-08-21,NRG,2028-12-31,12.84582,15.51809,10.16303,6,38341311986,8,Utilities,113.11,23864626460,2355661
2026-08-21,NRG,2027-12-31,11.07119,11.64068,10.67545,7,36562514326,6,Utilities,113.11,23864626460,2355661
2026-08-21,NRIX,2030-11-30,-0.27286,-0.17985,-0.45992,1,400353286,2,Healthcare,26.72,2773055040,1485856
2026-08-21,NRIX,2029-11-30,-1.21,-0.79754,-2.03954,1,236765143,2,Healthcare,26.72,2773055040,1485856
2026-08-21,NRIX,2028-11-30,-0.60295,14.26749,-14.78766,3,259329630,4,Healthcare,26.72,2773055040,1485856
2026-08-21,NRIX,2027-11-30,-1.98689,-0.71486,-2.90149,5,104615923,4,Healthcare,26.72,2773055040,1485856
2026-08-21,NTAP,2029-04-24,11.34659,12.09353,10.89262,1,8488249914,6,Technology,192.27,37729911180,1612215
2026-08-21,NTAP,2028-04-24,10.01655,11.73164,9.16408,11,7963923417,13,Technology,192.27,37729911180,1612215
2026-08-21,NTAP,2027-04-24,9.0121,9.84322,8.8619,11,7534376239,14,Technology,192.27,37729911180,1612215
2026-08-21,NTAP,2026-04-24,7.98287,8.02288,7.95286,13,6848027374,12,Technology,192.27,37729911180,1612215
2026-08-21,NTCT,2028-03-31,2.89667,2.93621,2.84724,2,937228000,2,Technology,38.49,2798292167,523497
2026-08-21,NTCT,2027-03-31,2.73333,2.74331,2.71338,1,904230333,2,Technology,38.49,2798292167,523497
2026-08-21,NTCT,2026-03-31,2.41333,2.44194,2.40336,2,855076333,2,Technology,38.49,2798292167,523497
2026-08-21,NTCT,2025-03-31,2.195,2.22103,2.17138,1,812672000,1,Technology,38.49,2798292167,523497
2026-08-21,NTES,2029-12-31,87.82329,93.8219,80.12468,5,155171221911,12,Technology,128.17,81826462379,1272032
2026-08-21,NTES,2028-12-31,78.48576,84.38111,72.67225,8,140756118294,25,Technology,128.17,81826462379,1272032
2026-08-21,NTES,2027-12-31,72.1113,75.42994,70.65939,13,131189392374,23,Technology,128.17,81826462379,1272032
2026-08-21,NTES,2026-12-31,64.83149,66.47627,62.98112,11,121656239658,23,Technology,128.17,81826462379,1272032
2026-08-21,NTLA,2030-12-31,4.07125,24.6374,-0.71456,4,1573627625,6,Healthcare,12.84,1794033947,3252273
2026-08-21,NTLA,2029-12-31,1.08,6.53568,-0.18956,4,959402875,10,Healthcare,12.84,1794033947,3252273
2026-08-21,NTLA,2028-12-31,-1.67003,5.9012,-3.94816,10,354995222,12,Healthcare,12.84,1794033947,3252273
2026-08-21,NTLA,2027-12-31,-2.66591,1.12432,-3.88296,13,120324722,13,Healthcare,12.84,1794033947,3252273
2026-08-21,NTNX,2028-07-31,2.5507,3.04366,2.28274,5,3604384454,14,Technology,67.64,18284444800,3139169
2026-08-21,NTNX,2027-07-31,2.20003,2.33183,1.97699,12,3201291446,16,Technology,67.64,18284444800,3139169
2026-08-21,NTNX,2026-07-31,1.92866,1.95864,1.85871,12,2834469652,16,Technology,67.64,18284444800,3139169
2026-08-21,NTNX,2025-07-31,1.73817,1.91902,1.66784,14,2527203920,13,Technology,67.64,18284444800,3139169
2026-08-21,NTR,2030-12-31,5.41918,5.88045,5.17978,1,27953682175,6,Basic Materials,75.27,36131372458,2704826
2026-08-21,NTR,2029-12-31,4.78723,5.19471,4.57575,1,28452391332,6,Basic Materials,75.27,36131372458,2704826
2026-08-21,NTR,2028-12-31,4.63033,5.49916,4.1397,5,27494188667,8,Basic Materials,75.27,36131372458,2704826
2026-08-21,NTR,2027-12-31,5.00377,5.55185,4.03955,12,27739817503,12,Basic Materials,75.27,36131372458,2704826
2026-08-21,NTRA,2030-12-31,5.31413,5.72448,4.9985,6,5920910375,14,Healthcare,332.03,47551676450,1214658
2026-08-21,NTRA,2029-12-31,2.8372,3.05628,2.66869,9,4981159367,14,Healthcare,332.03,47551676450,1214658
2026-08-21,NTRA,2028-12-31,1.63897,4.48956,-0.40415,15,4201283117,16,Healthcare,332.03,47551676450,1214658
2026-08-21,NTRA,2027-12-31,-0.16266,0.8133,-1.30128,12,3478634877,15,Healthcare,332.03,47551676450,1214658
2026-08-21,NTRS,2029-12-31,16.0149,16.40934,15.59271,1,10417831300,2,Financial Services,183.9,33645608400,1141123
2026-08-21,NTRS,2028-12-31,14.27657,14.75671,14.00125,3,9980866065,5,Financial Services,183.9,33645608400,1141123
2026-08-21,NTRS,2027-12-31,12.53574,12.74401,12.15887,10,9425040966,8,Financial Services,183.9,33645608400,1141123
2026-08-21,NTRS,2026-12-31,11.47046,12.56901,11.09438,7,9454574494,8,Financial Services,183.9,33645608400,1141123
2026-08-21,NTSK,2029-01-31,0.15223,0.16634,0.12767,4,1285486420,7,Technology,14.51,5860932481,3242821
2026-08-21,NTSK,2028-01-31,0.021426,0.053565,-0.032139,6,1070763911,15,Technology,14.51,5860932481,3242821
2026-08-21,NTSK,2027-01-31,-0.17926,-0.17443,-0.18365,9,881206848,13,Technology,14.51,5860932481,3242821
2026-08-21,NTSK,2026-01-31,-0.5336650000000001,-0.53229,-0.53504,10,702071087,11,Technology,14.51,5860932481,3242821
2026-08-21,NTST,2030-12-31,0.36,0.41074,0.30108,1,256032056,3,Real Estate,20.35,1979253352,568397
2026-08-21,NTST,2029-12-31,0.6,0.68457,0.5018,1,326681113,4,Real Estate,20.35,1979253352,568397
2026-08-21,NTST,2028-12-31,0.45322,0.5756,0.31999,4,324081188,6,Real Estate,20.35,1979253352,568397
2026-08-21,NTST,2027-12-31,0.42946,0.43828,0.42064,6,272980336,6,Real Estate,20.35,1979253352,568397
2026-08-21,NU,2029-12-31,1.78486,1.94242,1.62522,4,30913432744,1,Financial Services,14.58,70612689600,63829159
2026-08-21,NU,2028-12-31,1.45276,1.7801,1.17654,11,32996541611,3,Financial Services,14.58,70612689600,63829159
2026-08-21,NU,2027-12-31,1.11848,1.22187,1.03389,12,27833537764,7,Financial Services,14.58,70612689600,63829159
2026-08-21,NU,2026-12-31,0.86523,0.89541,0.81493,12,22738711431,6,Financial Services,14.58,70612689600,63829159
2026-08-21,NUE,2030-12-31,17.3129,18.3678,16.30731,2,40435608912,4,Basic Materials,243.63,55484539830,1876466
2026-08-21,NUE,2029-12-31,16.4849,17.48935,15.5274,3,40668279912,4,Basic Materials,243.63,55484539830,1876466
2026-08-21,NUE,2028-12-31,18.54144,21.38248,16.1377,6,40924866795,9,Basic Materials,243.63,55484539830,1876466
2026-08-21,NUE,2027-12-31,18.95214,22.73643,15.39286,10,40612454882,11,Basic Materials,243.63,55484539830,1876466
2026-08-21,NVCR,2030-12-31,4.53,4.80735,4.3292,1,1739500000,2,Healthcare,17.1,1991223864,939443
2026-08-21,NVCR,2029-12-31,1.9,2.01633,1.81578,1,1406800000,2,Healthcare,17.1,1991223864,939443
2026-08-21,NVCR,2028-12-31,-0.37116,-0.21712,-0.6807,4,947524686,5,Healthcare,17.1,1991223864,939443
2026-08-21,NVCR,2027-12-31,-0.81637,-0.25657,-1.23622,6,804391429,6,Healthcare,17.1,1991223864,939443
2026-08-21,NVDA,2031-01-25,20,24.17711,15.57955,12,1005000000000,15,Technology,214.72,5200733120000,91591112
2026-08-21,NVDA,2030-01-25,12.29,14.85684,9.57363,11,774228304289,13,Technology,214.72,5200733120000,91591112
2026-08-21,NVDA,2029-01-25,15.39767,19.42488,12.86834,16,694409867868,26,Technology,214.72,5200733120000,91591112
2026-08-21,NVDA,2028-01-25,12.78792,14.86329,9.8173,31,569550492974,40,Technology,214.72,5200733120000,91591112
2026-08-21,NVG,2024-10-31,,0,0,0,-2698043676,0,Financial Services,12.22,2637332620,737221
2026-08-21,NVG,2023-10-31,,0,0,0,-1798695784,0,Financial Services,12.22,2637332620,737221
2026-08-21,NVG,2022-10-31,,0,0,0,-899347892,0,Financial Services,12.22,2637332620,737221
2026-08-21,NVO,2030-12-31,27.83438,31.55159,25.36002,4,364174370951,14,Healthcare,46.74,207554046712,10283301
2026-08-21,NVO,2029-12-31,26.58805,30.13881,24.22448,2,348064054243,14,Healthcare,46.74,207554046712,10283301
2026-08-21,NVO,2028-12-31,23.58212,26.73145,21.48577,4,322260292621,13,Healthcare,46.74,207554046712,10283301
2026-08-21,NVO,2027-12-31,21.80443,23.61608,20.12219,7,303665415103,16,Healthcare,46.74,207554046712,10283301
2026-08-21,NVS,2030-12-31,13.142,13.80217,12.75779,5,71451857143,6,Healthcare,158.86,301947559482,1083307
2026-08-21,NVS,2029-12-31,11.84374,12.4387,11.49749,5,68223184361,11,Healthcare,158.86,301947559482,1083307
2026-08-21,NVS,2028-12-31,10.81098,11.35406,10.49492,6,65050743510,7,Healthcare,158.86,301947559482,1083307
2026-08-21,NVS,2027-12-31,9.78939,9.97899,9.64968,8,60959827852,13,Healthcare,158.86,301947559482,1083307
2026-08-21,NVST,2029-12-31,1.97333,2.01245,1.93955,1,3173033333,10,Healthcare,27.2,4426199506,1595692
2026-08-21,NVST,2028-12-31,1.81978,2.18153,1.41714,5,3094019259,12,Healthcare,27.2,4426199506,1595692
2026-08-21,NVST,2027-12-31,1.6674,1.7284,1.61656,10,2983038409,12,Healthcare,27.2,4426199506,1595692
2026-08-21,NVST,2026-12-31,1.53261,1.54263,1.51258,10,2882836431,12,Healthcare,27.2,4426199506,1595692
2026-08-21,NVT,2030-12-31,10.77,11.63256,9.56304,1,10068000000,5,Industrials,151.98,24578205600,1507627
2026-08-21,NVT,2029-12-31,8.95,9.6668,7.947,1,8259166666,5,Industrials,151.98,24578205600,1507627
2026-08-21,NVT,2028-12-31,7.76249,8.18628,7.31786,5,7425182120,10,Industrials,151.98,24578205600,1507627
2026-08-21,NVT,2027-12-31,6.48198,7.13221,6.01463,10,6471716221,13,Industrials,151.98,24578205600,1507627
2026-08-21,NVTS,2030-12-31,0.35,0.41506,0.31315,1,500000000,5,Technology,12.97,3386376210,14253609
2026-08-21,NVTS,2029-12-31,-0.08,-0.07157658,-0.09486992,1,200000000,3,Technology,12.97,3386376210,14253609
2026-08-21,NVTS,2028-12-31,-0.06806,-0.03065766,-0.14613,5,116216424,7,Technology,12.97,3386376210,14253609
2026-08-21,NVTS,2027-12-31,-0.12333,-0.10963,-0.13703,5,72712589,6,Technology,12.97,3386376210,14253609
2026-08-21,NWBI,2027-12-31,1.44858,1.48827,1.38905,7,760575571,5,Financial Services,15.42,2257434200,848488
2026-08-21,NWBI,2026-12-31,1.40738,1.43754,1.39733,6,726646000,5,Financial Services,15.42,2257434200,848488
2026-08-21,NWBI,2025-12-31,1.245,1.25496,1.22508,6,650818000,4,Financial Services,15.42,2257434200,848488
2026-08-21,NWBI,2024-12-31,1.02833,1.03831,1.01835,5,542891200,3,Financial Services,15.42,2257434200,848488
2026-08-21,NWG,2030-12-31,2.84934,2.90526,2.81236,1,29310886100,5,Financial Services,18.62,37067464361,1932606
2026-08-21,NWG,2029-12-31,2.65581,2.70793,2.62134,1,28516246673,5,Financial Services,18.62,37067464361,1932606
2026-08-21,NWG,2028-12-31,2.45547,2.50366,2.4236,2,27545591966,4,Financial Services,18.62,37067464361,1932606
2026-08-21,NWG,2027-12-31,2.2204,2.2511,2.17947,5,26356624324,10,Financial Services,18.62,37067464361,1932606
2026-08-21,NWS,2030-06-30,2.23,2.2769,2.18759,1,11176760995,3,Communication Services,34.55,18912584281,850283
2026-08-21,NWS,2029-06-30,1.73804,1.77459,1.70499,1,10195936022,3,Communication Services,34.55,18912584281,850283
2026-08-21,NWS,2028-06-30,1.53979,1.57217,1.51051,3,9789830932,6,Communication Services,34.55,18912584281,850283
2026-08-21,NWS,2027-06-30,1.32201,1.35229,1.29173,3,9414328618,7,Communication Services,34.55,18912584281,850283
2026-08-21,NWSA,2030-06-30,2.23,2.31003,2.16774,1,11176760995,4,Communication Services,30.38,17053262727,3285131
2026-08-21,NWSA,2029-06-30,1.73804,2.05031,1.50998,3,10195936022,9,Communication Services,30.38,17053262727,3285131
2026-08-21,NWSA,2028-06-30,1.53979,1.81589,1.35926,4,9781338702,8,Communication Services,30.38,17053262727,3285131
2026-08-21,NWSA,2027-06-30,1.32201,1.41284,1.22109,4,9410643757,9,Communication Services,30.38,17053262727,3285131
2026-08-21,NXE,2030-12-31,-0.26691,-0.26691,-0.26691,1,359798556,5,Energy,10.86,7188331740,6136787
2026-08-21,NXE,2029-12-31,-0.23297,-0.23297,-0.23297,1,26729726,5,Energy,10.86,7188331740,6136787
2026-08-21,NXE,2028-12-31,-0.27821,-0.17167,-0.49197,4,727502914,10,Energy,10.86,7188331740,6136787
2026-08-21,NXE,2027-12-31,-0.20188,-0.08259026,-0.32118,6,2246622,11,Energy,10.86,7188331740,6136787
2026-08-21,NXPI,2030-12-31,22.29,23.28291,21.2572,3,18637000000,8,Technology,225.56,56878151087,2168746
2026-08-21,NXPI,2029-12-31,22.605,23.61194,21.5576,3,18247500000,13,Technology,225.56,56878151087,2168746
2026-08-21,NXPI,2028-12-31,20.95556,22.64571,18.7389,9,17250573221,17,Technology,225.56,56878151087,2168746
2026-08-21,NXPI,2027-12-31,18.18057,20.32474,15.95662,18,15931629130,21,Technology,225.56,56878151087,2168746
2026-08-21,NXT,2031-03-31,9.065,9.74046,8.3516,4,7519000000,3,Energy,86.18,13069477947,2862276
2026-08-21,NXT,2030-03-31,7.80568,8.3873,7.19139,3,6711876473,4,Energy,86.18,13069477947,2862276
2026-08-21,NXT,2029-03-31,6.865,8.41229,5.50102,8,5872464681,9,Energy,86.18,13069477947,2862276
2026-08-21,NXT,2028-03-31,5.68892,6.46468,5.4005,12,5084692488,14,Energy,86.18,13069477947,2862276
2026-08-21,NYT,2030-12-31,3.4,3.43961,3.33324,1,3701000000,2,Communication Services,65.69,10668120967,1044904
2026-08-21,NYT,2029-12-31,3.18,3.21705,3.11756,1,3547000000,2,Communication Services,65.69,10668120967,1044904
2026-08-21,NYT,2028-12-31,3.32985,3.36865,3.26447,1,3517998433,5,Communication Services,65.69,10668120967,1044904
2026-08-21,NYT,2027-12-31,3.10453,3.18288,3.03598,5,3324906114,6,Communication Services,65.69,10668120967,1044904
2026-08-21,O,2030-12-31,0,0,0,1,5907668838,2,Real Estate,62.6,58374061800,4093490
2026-08-21,O,2029-12-31,2.15,2.2778,2.004,1,7239551849,1,Real Estate,62.6,58374061800,4093490
2026-08-21,O,2028-12-31,1.68348,1.75916,1.60866,4,6535667759,3,Real Estate,62.6,58374061800,4093490
2026-08-21,O,2027-12-31,1.69937,1.75109,1.6809,6,6098058957,6,Real Estate,62.6,58374061800,4093490
2026-08-21,OBDC,2028-12-31,1.21,1.24935,1.17065,2,1531404700,2,Financial Services,11.3,5608251291,2302000
2026-08-21,OBDC,2027-12-31,1.2875,1.31768,1.25732,10,1539815842,9,Financial Services,11.3,5608251291,2302000
2026-08-21,OBDC,2026-12-31,1.29917,1.31931,1.25889,8,1564818672,8,Financial Services,11.3,5608251291,2302000
2026-08-21,OBDC,2025-12-31,1.53568,1.57609,1.51547,9,1847837907,7,Financial Services,11.3,5608251291,2302000
2026-08-21,OC,2028-12-31,14.46418,15.06335,13.86501,2,10829287092,6,Basic Materials,148.06,11923022911,534494
2026-08-21,OC,2027-12-31,12.05714,12.33523,11.8883,9,10336095363,11,Basic Materials,148.06,11923022911,534494
2026-08-21,OC,2026-12-31,10.04522,10.32933,9.69009,9,9976223345,11,Basic Materials,148.06,11923022911,534494
2026-08-21,OC,2025-12-31,12.21366,12.74943,12.0053,12,10131657252,10,Basic Materials,148.06,11923022911,534494
2026-08-21,OCFC,2028-12-31,2.75,2.78113,2.71442,1,371169930,1,Financial Services,19.06,1149138207,706090
2026-08-21,OCFC,2027-12-31,2.30143,2.36998,2.26226,6,755004667,4,Financial Services,19.06,1149138207,706090
2026-08-21,OCFC,2026-12-31,1.78714,1.81676,1.73777,5,598094500,4,Financial Services,19.06,1149138207,706090
2026-08-21,OCFC,2025-12-31,1.39885,1.42883,1.35888,4,402362000,3,Financial Services,19.06,1149138207,706090
2026-08-21,OCTV,2030-12-31,0,0,0,1,2185100000,3,Technology,18.14,4869461365,1317473
2026-08-21,OCTV,2029-12-31,2.08134,2.13619,2.01944,1,1949903432,4,Technology,18.14,4869461365,1317473
2026-08-21,OCTV,2028-12-31,1.46677,1.86307,1.25185,3,1843032363,6,Technology,18.14,4869461365,1317473
2026-08-21,OCTV,2027-12-31,1.35902,1.67102,1.22359,5,1732228177,8,Technology,18.14,4869461365,1317473
2026-08-21,OCUL,2030-12-31,1.116,1.92962,0.51817,2,991014000,3,Healthcare,11.08,2426076800,3024245
2026-08-21,OCUL,2029-12-31,0.02,0.03458099,0.00928615,3,636258833,4,Healthcare,11.08,2426076800,3024245
2026-08-21,OCUL,2028-12-31,-1.01643,-0.44989,-1.83957,6,286839667,6,Healthcare,11.08,2426076800,3024245
2026-08-21,OCUL,2027-12-31,-1.47037,-0.99114,-1.74266,7,100620390,9,Healthcare,11.08,2426076800,3024245
2026-08-21,ODD,2030-12-31,1.58,1.72394,1.46743,1,895510000,2,Consumer Defensive,13.22,753501318,837262
2026-08-21,ODD,2029-12-31,1.12,1.22203,1.04021,1,824790000,2,Consumer Defensive,13.22,753501318,837262
2026-08-21,ODD,2028-12-31,1.138,1.66323,0.61277,2,785323966,4,Consumer Defensive,13.22,753501318,837262
2026-08-21,ODD,2027-12-31,1.02111,1.18734,0.85488,4,716179046,6,Consumer Defensive,13.22,753501318,837262
2026-08-21,ODFL,2030-12-31,9.61,10.12545,9.19974,4,7946000000,5,Industrials,206.47,42939211391,1147224
2026-08-21,ODFL,2029-12-31,8.42,8.87162,8.06054,2,7252328011,5,Industrials,206.47,42939211391,1147224
2026-08-21,ODFL,2028-12-31,7.66184,7.9735,7.39747,7,6957581381,10,Industrials,206.47,42939211391,1147224
2026-08-21,ODFL,2027-12-31,6.64452,7.21836,6.24182,16,6379309886,15,Industrials,206.47,42939211391,1147224
2026-08-21,OGE,2030-12-31,3.3025,3.49855,3.10701,5,4179000000,6,Utilities,45.62,9424225220,878267
2026-08-21,OGE,2029-12-31,3.03667,3.21694,2.85691,5,3957500000,6,Utilities,45.62,9424225220,878267
2026-08-21,OGE,2028-12-31,2.81335,2.8732,2.77343,8,3670804839,8,Utilities,45.62,9424225220,878267
2026-08-21,OGE,2027-12-31,2.60191,2.61196,2.59186,10,3512758171,7,Utilities,45.62,9424225220,878267
2026-08-21,OGN,2030-12-31,3.9,4.01269,3.74672,1,6505000000,2,Healthcare,13.75,3610873736,1486267
2026-08-21,OGN,2029-12-31,3.8,3.9098,3.65065,1,6460000000,2,Healthcare,13.75,3610873736,1486267
2026-08-21,OGN,2028-12-31,4.12,4.23904,3.95808,1,6516000000,4,Healthcare,13.75,3610873736,1486267
2026-08-21,OGN,2027-12-31,3.77,3.96842,3.56114,4,6254000000,4,Healthcare,13.75,3610873736,1486267
2026-08-21,OHI,2030-12-31,0,0,0,1,1109577000,2,Real Estate,46.61,13941563710,2439479
2026-08-21,OHI,2029-12-31,2.01,2.17917,1.84642,1,1206758500,2,Real Estate,46.61,13941563710,2439479
2026-08-21,OHI,2028-12-31,2.115,2.26316,2.01057,3,1231518724,5,Real Estate,46.61,13941563710,2439479
2026-08-21,OHI,2027-12-31,2.04,2.07072,1.97855,6,1140506749,6,Real Estate,46.61,13941563710,2439479
2026-08-21,OII,2030-12-31,3.19,3.27633,3.06403,1,3681000000,1,Energy,53,5275074100,964326
2026-08-21,OII,2029-12-31,3.09,3.17363,2.96798,1,3582000000,1,Energy,53,5275074100,964326
2026-08-21,OII,2028-12-31,2.64632,2.71794,2.54182,1,3337397325,2,Energy,53,5275074100,964326
2026-08-21,OII,2027-12-31,2.36098,2.42488,2.26775,2,3068595136,2,Energy,53,5275074100,964326
2026-08-21,OKE,2030-12-31,7.5613,9.96736,5.95541,5,36690000000,6,Energy,93.33,58811619510,3107946
2026-08-21,OKE,2029-12-31,7.07415,9.3252,5.57172,10,36027500000,6,Energy,93.33,58811619510,3107946
2026-08-21,OKE,2028-12-31,6.93747,7.81877,6.22494,13,40629717146,8,Energy,93.33,58811619510,3107946
2026-08-21,OKE,2027-12-31,6.2322,7.03095,5.66026,13,40186482221,8,Energy,93.33,58811619510,3107946
2026-08-21,OKLO,2030-12-31,-0.42857,-0.000637418515,-0.83055,5,248921990,6,Utilities,42.09,7323280643,6490874
2026-08-21,OKLO,2029-12-31,-0.83954,-0.00124866,-1.627,9,156413976,11,Utilities,42.09,7323280643,6490874
2026-08-21,OKLO,2028-12-31,-1.17762,-0.24871,-1.98964,12,70931175,13,Utilities,42.09,7323280643,6490874
2026-08-21,OKLO,2027-12-31,-1.01064,-0.20417,-1.42919,15,10471723,12,Utilities,42.09,7323280643,6490874
2026-08-21,OKTA,2031-01-31,5.35,5.57843,5.24005,2,4417800000,9,Technology,135.14,22449456800,2816375
2026-08-21,OKTA,2030-01-31,4.9,5.10922,4.7993,1,4103700000,7,Technology,135.14,22449456800,2816375
2026-08-21,OKTA,2029-01-31,4.80356,6.05684,4.22759,5,3869207054,15,Technology,135.14,22449456800,2816375
2026-08-21,OKTA,2028-01-31,4.26521,4.93134,4.0266,24,3503094074,32,Technology,135.14,22449456800,2816375
2026-08-21,OLED,2028-12-31,5.75,5.82192,5.62437,1,760020000,2,Technology,85.84,3945793288,633882
2026-08-21,OLED,2027-12-31,4.75245,4.841,4.67373,6,680669780,7,Technology,85.84,3945793288,633882
2026-08-21,OLED,2026-12-31,4.21081,4.38206,4.08993,5,633602537,6,Technology,85.84,3945793288,633882
2026-08-21,OLED,2025-12-31,4.94079,5.04101,4.86061,5,650903828,5,Technology,85.84,3945793288,633882
2026-08-21,OLLI,2029-01-31,5.57207,5.67696,5.39455,1,3622941591,5,Consumer Defensive,76.07,4598681922,1356898
2026-08-21,OLLI,2028-01-31,5.03456,5.15491,4.62337,9,3292193426,11,Consumer Defensive,76.07,4598681922,1356898
2026-08-21,OLLI,2027-01-31,4.44157,4.5316,4.2515,9,2964761762,11,Consumer Defensive,76.07,4598681922,1356898
2026-08-21,OLLI,2026-01-31,3.8699,3.92003,3.8298,10,2653232106,9,Consumer Defensive,76.07,4598681922,1356898
2026-08-21,OLMA,2030-12-31,-0.0875,-0.03619544,-0.1371,1,480565000,6,Healthcare,10.69,933744465,706587
2026-08-21,OLMA,2029-12-31,-1.5825,-0.65462,-2.47958,1,233675000,6,Healthcare,10.69,933744465,706587
2026-08-21,OLMA,2028-12-31,-2.25312,-1.91177,-2.89357,5,89667435,8,Healthcare,10.69,933744465,706587
2026-08-21,OLMA,2027-12-31,-2.66306,-2.43787,-3.02531,7,11207165,7,Healthcare,10.69,933744465,706587
2026-08-21,OLN,2028-12-31,1.52924,2.00395,1.2681,5,7598431203,10,Basic Materials,18.4,2097268800,1811067
2026-08-21,OLN,2027-12-31,0.74519,1.5798,-0.55144,7,7320570928,10,Basic Materials,18.4,2097268800,1811067
2026-08-21,OLN,2026-12-31,-0.30677,-0.13278,-0.50365,6,6950411033,10,Basic Materials,18.4,2097268800,1811067
2026-08-21,OLN,2025-12-31,-0.19737,0.16448,-0.32895,5,6653917907,9,Basic Materials,18.4,2097268800,1811067
2026-08-21,OMC,2030-12-31,16.54,17.08574,15.96486,4,27235500000,4,Communication Services,87.54,24016248840,1182065
2026-08-21,OMC,2029-12-31,11.96039,12.35502,11.54449,2,26311616753,4,Communication Services,87.54,24016248840,1182065
2026-08-21,OMC,2028-12-31,13.36044,16.0473,9.84129,7,25978326505,9,Communication Services,87.54,24016248840,1182065
2026-08-21,OMC,2027-12-31,11.82272,12.40656,10.21717,8,25033950147,8,Communication Services,87.54,24016248840,1182065
2026-08-21,OMCL,2028-12-31,2.46,2.66902,2.25098,2,1346520667,4,Healthcare,35.58,1618139262,736933
2026-08-21,OMCL,2027-12-31,2.09,2.59117,1.55684,5,1288305689,6,Healthcare,35.58,1618139262,736933
2026-08-21,OMCL,2026-12-31,2.26875,2.41648,2.13157,5,1236922781,6,Healthcare,35.58,1618139262,736933
2026-08-21,OMCL,2025-12-31,1.71625,1.73644,1.68596,6,1183885937,5,Healthcare,35.58,1618139262,736933
2026-08-21,OMER,2030-12-31,2.99667,3.32651,2.5626,1,512266667,2,Healthcare,19.27,1394673091,2582196
2026-08-21,OMER,2029-12-31,2.32,2.57536,1.98395,1,431366667,1,Healthcare,19.27,1394673091,2582196
2026-08-21,OMER,2028-12-31,1.59333,2.04,0.83,3,315966667,3,Healthcare,19.27,1394673091,2582196
2026-08-21,OMER,2027-12-31,1,1.77876,0.21239,2,215233333,2,Healthcare,19.27,1394673091,2582196
2026-08-21,ON,2028-12-31,5.84583,6.77321,4.5762,9,8404460067,17,Technology,74.21,28890843520,4523397
2026-08-21,ON,2027-12-31,4.49765,4.79749,3.99791,20,7394263348,22,Technology,74.21,28890843520,4523397
2026-08-21,ON,2026-12-31,3.19892,3.54555,2.97113,20,6550932525,22,Technology,74.21,28890843520,4523397
2026-08-21,ON,2025-12-31,2.33261,2.6489,2.28319,23,6000353413,23,Technology,74.21,28890843520,4523397
2026-08-21,ONB,2028-12-31,3.21096,3.23948,3.18282,6,3227226713,2,Financial Services,25.81,9874131700,2872088
2026-08-21,ONB,2027-12-31,2.891,2.94172,2.85042,8,3063327906,6,Financial Services,25.81,9874131700,2872088
2026-08-21,ONB,2026-12-31,2.60633,2.62638,2.58628,8,2910039432,6,Financial Services,25.81,9874131700,2872088
2026-08-21,ONB,2025-12-31,2.1648,2.17478,2.14485,7,2540297450,7,Financial Services,25.81,9874131700,2872088
2026-08-21,ONON,2029-12-31,2.29488,2.40358,2.05467,5,5618179910,10,Consumer Cyclical,30.02,10006558585,4499441
2026-08-21,ONON,2028-12-31,2.08528,2.39589,1.75473,8,5030861998,12,Consumer Cyclical,30.02,10006558585,4499441
2026-08-21,ONON,2027-12-31,1.6756,1.84868,1.56547,14,4187746071,20,Consumer Cyclical,30.02,10006558585,4499441
2026-08-21,ONON,2026-12-31,1.40924,1.51333,1.33717,14,3536240326,20,Consumer Cyclical,30.02,10006558585,4499441
2026-08-21,ONT,2028-12-31,0.42,0.43077,0.40808,2,888400000,1,Industrials,15.87,573529532,665692
2026-08-21,ONT,2027-12-31,0.206,0.24996,0.13566,4,816296801,4,Industrials,15.87,573529532,665692
2026-08-21,ONT,2026-12-31,-0.172,-0.13989,-0.19608,4,751602659,4,Industrials,15.87,573529532,665692
2026-08-21,ONT,2025-12-31,-0.013732,-0.01334229,-0.01408403,2,824876927,1,Industrials,15.87,573529532,665692
2026-08-21,ONTO,2031-01-03,19.09,20.71277,17.4576,2,2871250000,3,Technology,293.33,14591280508,803287
2026-08-21,ONTO,2030-01-03,15.56,16.88269,14.22945,1,2401750000,8,Technology,293.33,14591280508,803287
2026-08-21,ONTO,2029-01-03,13.8975,14.48942,13.09533,5,2185289781,9,Technology,293.33,14591280508,803287
2026-08-21,ONTO,2028-01-03,11.33833,12.5061,8.69339,8,1848727196,9,Technology,293.33,14591280508,803287
2026-08-21,OPCH,2030-12-31,2.79,2.83146,2.75338,1,7784968000,6,Healthcare,23.7,3549910520,1579672
2026-08-21,OPCH,2029-12-31,2.55,2.5879,2.51653,1,7220374000,6,Healthcare,23.7,3549910520,1579672
2026-08-21,OPCH,2028-12-31,2.32147,2.43262,2.15648,5,6636880124,8,Healthcare,23.7,3549910520,1579672
2026-08-21,OPCH,2027-12-31,2.08349,2.13406,2.00258,8,6133276156,10,Healthcare,23.7,3549910520,1579672
2026-08-21,OPLN,2028-12-31,2.22,2.27481,2.14855,3,2561000000,1,Consumer Cyclical,33.4,3538596400,1455506
2026-08-21,OPLN,2027-12-31,1.72633,2.03668,1.54206,6,2363963459,6,Consumer Cyclical,33.4,3538596400,1455506
2026-08-21,OPLN,2026-12-31,1.44033,1.49993,1.38073,6,2188510378,6,Consumer Cyclical,33.4,3538596400,1455506
2026-08-21,OPLN,2025-12-31,1.24697,1.25695,1.20684,5,1910422681,5,Consumer Cyclical,33.4,3538596400,1455506
2026-08-21,OR,2030-12-31,3.11214,3.40249,2.8902,1,549009912,1,Basic Materials,36.09,6766725732,1014264
2026-08-21,OR,2029-12-31,2.69314,2.9444,2.50108,1,768798870,1,Basic Materials,36.09,6766725732,1014264
2026-08-21,OR,2028-12-31,2.25728,2.449,2.06556,2,690225255,1,Basic Materials,36.09,6766725732,1014264
2026-08-21,OR,2027-12-31,1.87314,2.01601,1.74615,5,638001003,2,Basic Materials,36.09,6766725732,1014264
2026-08-21,ORA,2030-12-31,3.12,3.47906,2.89761,1,1435000000,5,Utilities,108.38,6660336291,600263
2026-08-21,ORA,2029-12-31,2.96,3.30064,2.74901,1,1495312000,5,Utilities,108.38,6660336291,600263
2026-08-21,ORA,2028-12-31,3.19697,4.09283,2.87166,5,1311583488,11,Utilities,108.38,6660336291,600263
2026-08-21,ORA,2027-12-31,2.51077,2.77706,2.2635,7,1175898365,9,Utilities,108.38,6660336291,600263
2026-08-21,ORCL,2031-05-31,23.95,25.81548,19.84184,6,257133700000,11,Technology,146.47,421902440900,16685495
2026-08-21,ORCL,2030-05-31,19.76955,21.30941,16.37846,9,218500169954,12,Technology,146.47,421902440900,16685495
2026-08-21,ORCL,2029-05-31,15.44618,18.23345,10.38719,12,180130878021,24,Technology,146.47,421902440900,16685495
2026-08-21,ORCL,2028-05-31,10.93843,12.21271,8.44084,24,130502297388,30,Technology,146.47,421902440900,16685495
2026-08-21,ORI,2028-12-31,3.35055,3.36677,3.33433,1,10730000000,1,Financial Services,41.58,10126975320,722089
2026-08-21,ORI,2027-12-31,3.28838,3.31902,3.21689,2,10370050000,2,Financial Services,41.58,10126975320,722089
2026-08-21,ORI,2026-12-31,2.98323,3.17801,2.7987,2,9932350000,2,Financial Services,41.58,10126975320,722089
2026-08-21,ORI,2025-12-31,3.2675,3.30759,3.22741,2,9059850000,2,Financial Services,41.58,10126975320,722089
2026-08-21,ORIC,2030-12-31,-0.6775,-0.6775,-0.6775,4,248586000,4,Healthcare,14.2,1469949380,950573
2026-08-21,ORIC,2029-12-31,-1.78,-1.78,-1.78,2,46612500,4,Healthcare,14.2,1469949380,950573
2026-08-21,ORIC,2028-12-31,-1.69647,-1.47495,-1.91469,7,5514349,9,Healthcare,14.2,1469949380,950573
2026-08-21,ORIC,2027-12-31,-1.63873,-1.3881,-1.8026,11,2211857,11,Healthcare,14.2,1469949380,950573
2026-08-21,ORKA,2030-12-31,-4.56667,-4.56667,-4.56667,4,109248167,3,Healthcare,107.96,6511294424,839819
2026-08-21,ORKA,2029-12-31,-4.43333,-4.43333,-4.43333,2,0,0,Healthcare,107.96,6511294424,839819
2026-08-21,ORKA,2028-12-31,-3.68881,-2.52496,-5.78871,7,0,0,Healthcare,107.96,6511294424,839819
2026-08-21,ORKA,2027-12-31,-2.70075,-2.184,-3.03225,7,0,0,Healthcare,107.96,6511294424,839819
2026-08-21,ORLY,2030-12-31,4.665,4.73628,4.55852,5,23256800000,5,Consumer Cyclical,89.11,73846793650,5717408
2026-08-21,ORLY,2029-12-31,4.37556,4.44242,4.27569,5,22495431680,5,Consumer Cyclical,89.11,73846793650,5717408
2026-08-21,ORLY,2028-12-31,4.05315,4.23037,3.8754,8,21523993909,11,Consumer Cyclical,89.11,73846793650,5717408
2026-08-21,ORLY,2027-12-31,3.65553,3.71595,3.5649,19,20263860214,19,Consumer Cyclical,89.11,73846793650,5717408
2026-08-21,OSCR,2030-12-31,3.03,3.23569,2.66225,1,27433613000,3,Healthcare,32.04,8307109868,5353552
2026-08-21,OSCR,2029-12-31,2.62,2.79786,2.30201,1,24602239000,4,Healthcare,32.04,8307109868,5353552
2026-08-21,OSCR,2028-12-31,2.4579,2.59666,2.24711,5,22349875935,6,Healthcare,32.04,8307109868,5353552
2026-08-21,OSCR,2027-12-31,1.90428,2.39365,1.44683,6,20264197291,6,Healthcare,32.04,8307109868,5353552
2026-08-21,OSIS,2028-06-30,13.05958,13.48422,12.81982,3,2077680933,4,Technology,206.73,3407507850,1288067
2026-08-21,OSIS,2027-06-30,11.43951,11.77007,11.11896,6,1940816695,6,Technology,206.73,3407507850,1288067
2026-08-21,OSIS,2026-06-30,10.41723,10.45726,10.35719,6,1831663952,6,Technology,206.73,3407507850,1288067
2026-08-21,OSIS,2025-06-30,9.30876,9.44874,9.20877,5,1704788032,5,Technology,206.73,3407507850,1288067
2026-08-21,OSK,2028-12-31,16.71405,18.85652,14.05461,8,12617734606,10,Industrials,157.09,9698705182,626600
2026-08-21,OSK,2027-12-31,13.97754,15.25646,12.21524,12,12007135479,11,Industrials,157.09,9698705182,626600
2026-08-21,OSK,2026-12-31,10.703,11.18459,10.3197,11,11171352950,11,Industrials,157.09,9698705182,626600
2026-08-21,OSK,2025-12-31,10.84427,10.98407,10.63457,12,10314820851,9,Industrials,157.09,9698705182,626600
2026-08-21,OSW,2029-12-31,1.72,1.75523,1.70331,1,1419608000,1,Consumer Cyclical,26.68,2707993320,604999
2026-08-21,OSW,2028-12-31,1.48,1.51032,1.46564,1,1200200000,2,Consumer Cyclical,26.68,2707993320,604999
2026-08-21,OSW,2027-12-31,1.29,1.34954,1.25031,4,1122855833,4,Consumer Cyclical,26.68,2707993320,604999
2026-08-21,OSW,2026-12-31,1.13667,1.14655,1.12679,4,1034071833,4,Consumer Cyclical,26.68,2707993320,604999
2026-08-21,OTEX,2029-06-30,0,0,0,3,5247874433,3,Technology,24.665,5985267109,1218098
2026-08-21,OTEX,2028-06-30,4.26673,4.29663,4.24121,5,5314995972,7,Technology,24.665,5985267109,1218098
2026-08-21,OTEX,2027-06-30,3.97647,4.00434,3.95268,5,5237745780,7,Technology,24.665,5985267109,1218098
2026-08-21,OTEX,2026-06-30,4.14972,4.1788,4.1249,5,5112821027,7,Technology,24.665,5985267109,1218098
2026-08-21,OTF,2028-12-31,1.3,1.42,1.18,2,1582112900,2,Financial Services,10.96,5070558556,2995877
2026-08-21,OTF,2027-12-31,1.36125,1.46897,1.23394,6,1565046713,6,Financial Services,10.96,5070558556,2995877
2026-08-21,OTF,2026-12-31,1.2875,1.3374,1.20766,6,1380104413,6,Financial Services,10.96,5070558556,2995877
2026-08-21,OTF,2025-12-31,1.34407,1.39822,1.27777,4,1151379225,5,Financial Services,10.96,5070558556,2995877
2026-08-21,OTIS,2030-12-31,6.42,6.54227,6.29484,3,19147000000,6,Industrials,71.49,27214051045,2050958
2026-08-21,OTIS,2029-12-31,5.81298,5.92369,5.69965,3,18103025854,10,Industrials,71.49,27214051045,2050958
2026-08-21,OTIS,2028-12-31,5.0911,5.74541,4.79606,9,16807905100,12,Industrials,71.49,27214051045,2050958
2026-08-21,OTIS,2027-12-31,4.57307,4.75518,4.41119,8,15988163653,10,Industrials,71.49,27214051045,2050958
2026-08-21,OUST,2030-12-31,0,0,0,1,768100000,2,Technology,38.42,2770555834,2372624
2026-08-21,OUST,2029-12-31,0.42,0.44738,0.39044,1,565600000,2,Technology,38.42,2770555834,2372624
2026-08-21,OUST,2028-12-31,0.377,27.144,-34.684,4,394020000,4,Technology,38.42,2770555834,2372624
2026-08-21,OUST,2027-12-31,0.00815,0.01677941,-0.000239705882,3,297814286,5,Technology,38.42,2770555834,2372624
2026-08-21,OUT,2029-12-31,1.86,1.8901,1.83816,1,2206200000,2,Real Estate,29.83,5251974503,877645
2026-08-21,OUT,2028-12-31,1.6424,1.68291,1.60189,2,2136620480,4,Real Estate,29.83,5251974503,877645
2026-08-21,OUT,2027-12-31,1.47293,1.5472,1.39248,3,2051122190,5,Real Estate,29.83,5251974503,877645
2026-08-21,OUT,2026-12-31,1.3902,1.42055,1.34163,3,1998220433,5,Real Estate,29.83,5251974503,877645
2026-08-21,OVV,2030-12-31,8.035,9.69546,6.44887,5,9468500000,2,Energy,66.82,18482412000,3064807
2026-08-21,OVV,2029-12-31,7.178,8.66136,5.76104,5,8965666667,2,Energy,66.82,18482412000,3064807
2026-08-21,OVV,2028-12-31,8.13724,10.50007,4.4662,8,9593107931,5,Energy,66.82,18482412000,3064807
2026-08-21,OVV,2027-12-31,6.96733,9.42506,5.20859,13,9164413824,6,Energy,66.82,18482412000,3064807
2026-08-21,OWL,2029-12-31,1.31751,1.39006,1.2502,1,4293112500,2,Financial Services,11.67,18242698709,7233262
2026-08-21,OWL,2028-12-31,1.13855,1.31566,0.96144,2,3659603713,5,Financial Services,11.67,18242698709,7233262
2026-08-21,OWL,2027-12-31,0.98854,1.06842,0.92863,9,3140589088,8,Financial Services,11.67,18242698709,7233262
2026-08-21,OWL,2026-12-31,0.88553,0.90566,0.8654,9,2833551003,8,Financial Services,11.67,18242698709,7233262
2026-08-21,OXY,2030-12-31,4.88,5.18257,4.53317,4,24368000000,4,Energy,61.3,60971107171,6435274
2026-08-21,OXY,2029-12-31,4.17,4.42855,3.87363,2,24621000000,4,Energy,61.3,60971107171,6435274
2026-08-21,OXY,2028-12-31,3.99562,5.23464,3.10476,7,24241759045,9,Energy,61.3,60971107171,6435274
2026-08-21,OXY,2027-12-31,3.82907,6.57228,2.65749,13,23816757961,9,Energy,61.3,60971107171,6435274
2026-08-21,OZK,2028-12-31,6.99382,7.26286,6.72477,2,1963038680,4,Financial Services,49.42,5394977543,983981
2026-08-21,OZK,2027-12-31,6.06756,6.36115,5.92076,8,1807825932,7,Financial Services,49.42,5394977543,983981
2026-08-21,OZK,2026-12-31,5.79738,5.85684,5.74783,7,1729444451,7,Financial Services,49.42,5394977543,983981
2026-08-21,OZK,2025-12-31,6.19239,6.23234,6.16243,8,1729541191,6,Financial Services,49.42,5394977543,983981
2026-08-21,P,2031-02-01,4.88,5.13345,4.52441,1,7750000000,3,Technology,108.56,36085886800,2136852
2026-08-21,P,2030-02-01,3.91,4.11307,3.62509,1,6763000000,4,Technology,108.56,36085886800,2136852
2026-08-21,P,2029-02-01,3.74446,3.93894,3.47161,1,5912752928,8,Technology,108.56,36085886800,2136852
2026-08-21,P,2028-02-01,3.06868,3.54908,2.77456,13,5222947655,15,Technology,108.56,36085886800,2136852
2026-08-21,PAA,2030-12-31,2.31,2.91821,1.95362,2,51650373268,5,Energy,24.61,17363142520,2742038
2026-08-21,PAA,2029-12-31,2.23,2.81715,1.88596,3,63464000000,3,Energy,24.61,17363142520,2742038
2026-08-21,PAA,2028-12-31,1.97753,2.56047,1.5521,6,61560689559,7,Energy,24.61,17363142520,2742038
2026-08-21,PAA,2027-12-31,1.71628,2.34743,1.07406,7,61263366551,7,Energy,24.61,17363142520,2742038
2026-08-21,PAAS,2030-12-31,2.58182,3.25651,2.08657,1,3027381510,2,Basic Materials,53.07,22361044500,14106924
2026-08-21,PAAS,2029-12-31,2.73939,3.45526,2.21391,1,3123536298,1,Basic Materials,53.07,22361044500,14106924
2026-08-21,PAAS,2028-12-31,4.85121,6.11894,3.92064,1,4889362347,3,Basic Materials,53.07,22361044500,14106924
2026-08-21,PAAS,2027-12-31,4.79633,8.4002,1.96976,7,5191168410,6,Basic Materials,53.07,22361044500,14106924
2026-08-21,PACS,2028-12-31,2.87231,3.03874,2.70588,2,6987225830,3,Healthcare,44.25,7006350831,691947
2026-08-21,PACS,2027-12-31,2.60028,2.67194,2.52862,2,6357053982,4,Healthcare,44.25,7006350831,691947
2026-08-21,PACS,2026-12-31,2.38421,2.47513,2.29329,2,5816339928,4,Healthcare,44.25,7006350831,691947
2026-08-21,PACS,2025-12-31,1.73867,1.76605,1.71129,3,5314000230,3,Healthcare,44.25,7006350831,691947
2026-08-21,PAGP,2030-12-31,2.37,2.50563,2.22808,1,35746113396,2,Energy,26.84,5311746688,1895837
2026-08-21,PAGP,2029-12-31,2.28,2.41048,2.14347,1,37306909167,2,Energy,26.84,5311746688,1895837
2026-08-21,PAGP,2028-12-31,2.0034,2.27978,1.63455,4,60294879117,5,Energy,26.84,5311746688,1895837
2026-08-21,PAGP,2027-12-31,1.83902,4.5463,0.4492,3,57862009736,4,Energy,26.84,5311746688,1895837
2026-08-21,PANW,2030-07-31,0,0,0,0,21083600000,3,Technology,357.87,291664050000,5107946
2026-08-21,PANW,2029-07-31,5.712,8.64398,2.03276,3,18590780000,7,Technology,357.87,291664050000,5107946
2026-08-21,PANW,2028-07-31,4.82932,7.23281,2.11486,12,15803084855,36,Technology,357.87,291664050000,5107946
2026-08-21,PANW,2027-07-31,4.10416,4.61593,3.84326,17,13837738262,40,Technology,357.87,291664050000,5107946
2026-08-21,PAR,2028-12-31,2.64,72.42177,-59.97428,3,629828000,3,Technology,19.53,805538266,962839
2026-08-21,PAR,2027-12-31,1.428,1.6261,1.2299,5,571776625,6,Technology,19.53,805538266,962839
2026-08-21,PAR,2026-12-31,0.76667,0.77472,0.75578,5,520200443,6,Technology,19.53,805538266,962839
2026-08-21,PAR,2025-12-31,0.12667,0.128,0.12487,4,451780800,5,Technology,19.53,805538266,962839
2026-08-21,PARR,2029-12-31,9.59,10.02242,9.07709,1,7427234153,1,Energy,79.03,3962902211,717478
2026-08-21,PARR,2028-12-31,7.72864,8.07713,7.31529,1,7331671080,3,Energy,79.03,3962902211,717478
2026-08-21,PARR,2027-12-31,12.09149,17.02377,7.15921,4,7397333373,4,Energy,79.03,3962902211,717478
2026-08-21,PARR,2026-12-31,19.71611,23.89411,16.63807,4,8709140433,4,Energy,79.03,3962902211,717478
2026-08-21,PATH,2029-01-31,1.05067,1.42895,0.68531,3,2070504616,5,Technology,16.39,8718030665,49454476
2026-08-21,PATH,2028-01-31,0.90149,0.96159,0.82136,11,1927926852,14,Technology,16.39,8718030665,49454476
2026-08-21,PATH,2027-01-31,0.78274,0.82188,0.73382,11,1778366147,15,Technology,16.39,8718030665,49454476
2026-08-21,PATH,2026-01-31,0.67352,0.69363,0.65341,10,1594327560,15,Technology,16.39,8718030665,49454476
2026-08-21,PATK,2027-12-31,5.3449,5.58877,5.24329,7,4098959755,7,Consumer Cyclical,83.41,2744013839,508612
2026-08-21,PATK,2026-12-31,4.28138,4.38188,4.21103,7,3883455016,7,Consumer Cyclical,83.41,2744013839,508612
2026-08-21,PATK,2025-12-31,4.34448,4.37458,4.29431,8,3871384200,7,Consumer Cyclical,83.41,2744013839,508612
2026-08-21,PATK,2024-12-31,4.3043,4.33419,4.26445,5,3685149140,6,Consumer Cyclical,83.41,2744013839,508612
2026-08-21,PAX,2028-12-31,1.6325,1.75712,1.50788,2,548824000,4,Financial Services,11.46,1849247473,965209
2026-08-21,PAX,2027-12-31,1.52228,1.53174,1.51282,3,478884394,4,Financial Services,11.46,1849247473,965209
2026-08-21,PAX,2026-12-31,1.36536,1.40494,1.31589,2,432856171,4,Financial Services,11.46,1849247473,965209
2026-08-21,PAX,2025-12-31,1.21511,1.22491,1.19551,3,364938400,3,Financial Services,11.46,1849247473,965209
2026-08-21,PAY,2028-12-31,1.38333,1.4855,1.28115,2,2010162000,3,Technology,40,5023993960,1384256
2026-08-21,PAY,2027-12-31,1.07667,1.1354,1.01794,5,1705686667,6,Technology,40,5023993960,1384256
2026-08-21,PAY,2026-12-31,0.90167,0.94087,0.87227,4,1452494333,6,Technology,40,5023993960,1384256
2026-08-21,PAY,2025-12-31,0.65441,0.69348,0.62511,5,1179803053,5,Technology,40,5023993960,1384256
2026-08-21,PAYP,2029-03-31,1.45864,1.85447,1.28624,8,3948827149,8,Technology,15.41,10434775710,805674
2026-08-21,PAYP,2028-03-31,1.07468,1.14701,1.03335,7,3608712234,8,Technology,15.41,10434775710,805674
2026-08-21,PAYP,2027-03-31,0.80244,0.88268,0.74226,7,3039431680,9,Technology,15.41,10434775710,805674
2026-08-21,PAYP,2026-03-31,0.96941,1.17174,0.87406,8,2519781818,12,Technology,15.41,10434775710,805674
2026-08-21,PAYS,2027-12-31,0.42,0.42648,0.41149,2,133220200,3,Industrials,14.09,787712342,982206
2026-08-21,PAYS,2026-12-31,0.345,0.35032,0.33801,2,114650600,3,Industrials,14.09,787712342,982206
2026-08-21,PAYS,2025-12-31,0.1275,0.12947,0.12492,2,80821460,3,Industrials,14.09,787712342,982206
2026-08-21,PAYS,2024-12-31,0.06,0.06092528,0.05878428,2,58202640,3,Industrials,14.09,787712342,982206
2026-08-21,PAYX,2029-05-31,6.81324,6.92716,6.74487,3,7605831424,6,Industrials,124.475,44273623999,2074663
2026-08-21,PAYX,2028-05-31,6.40765,6.51882,6.15498,10,7239169549,12,Industrials,124.475,44273623999,2074663
2026-08-21,PAYX,2027-05-31,5.96617,6.00621,5.92613,12,6863424560,13,Industrials,124.475,44273623999,2074663
2026-08-21,PAYX,2026-05-31,5.49341,5.51342,5.4734,12,6507061764,13,Industrials,124.475,44273623999,2074663
2026-08-21,PBA,2030-12-31,4.00114,4.98505,3.46077,2,8793763199,2,Energy,48.73,28333327550,548252
2026-08-21,PBA,2029-12-31,3.36343,4.19052,2.90918,3,8629706209,2,Energy,48.73,28333327550,548252
2026-08-21,PBA,2028-12-31,3.40797,4.24601,2.94771,3,9622704931,1,Energy,48.73,28333327550,548252
2026-08-21,PBA,2027-12-31,3.23846,3.60615,2.9132,6,9311481910,5,Energy,48.73,28333327550,548252
2026-08-21,PBF,2030-12-31,4.18,5.02739,3.44916,1,32084000000,5,Energy,73.53,8716013698,2955147
2026-08-21,PBF,2029-12-31,5.275,6.34438,4.35271,1,31766000000,3,Energy,73.53,8716013698,2955147
2026-08-21,PBF,2028-12-31,5.97017,6.44713,5.49321,2,34297142914,7,Energy,73.53,8716013698,2955147
2026-08-21,PBF,2027-12-31,11.50911,16.3125,6.20636,4,34047762928,8,Energy,73.53,8716013698,2955147
2026-08-21,PBI,2028-12-31,2.03333,2.05956,1.99299,1,1836815000,3,Industrials,16.48,2259246694,1079557
2026-08-21,PBI,2027-12-31,1.82167,1.87064,1.76291,4,1836690267,3,Industrials,16.48,2259246694,1079557
2026-08-21,PBI,2026-12-31,1.675,1.69494,1.66503,3,1847619212,3,Industrials,16.48,2259246694,1079557
2026-08-21,PBI,2025-12-31,1.3,1.31677,1.29,3,1898561706,3,Industrials,16.48,2259246694,1079557
2026-08-21,PBR,2030-12-31,4.0958,4.85614,3.19255,1,113016298503,4,Energy,19.15,123409611275,16359511
2026-08-21,PBR,2029-12-31,3.8741,4.59329,3.01974,1,109925877069,4,Energy,19.15,123409611275,16359511
2026-08-21,PBR,2028-12-31,3.51155,4.16343,2.73715,1,107708566461,3,Energy,19.15,123409611275,16359511
2026-08-21,PBR,2027-12-31,3.56259,3.91582,3.18917,3,108799209965,9,Energy,19.15,123409611275,16359511
2026-08-21,PBR-A,2030-12-31,4.0958,4.93913,3.11203,1,113016298503,14,Energy,17.22,110973308529,5883889
2026-08-21,PBR-A,2029-12-31,3.8741,4.67178,2.94358,1,109925877069,14,Energy,17.22,110973308529,5883889
2026-08-21,PBR-A,2028-12-31,3.60652,4.3491,2.74027,2,108921602756,13,Energy,17.22,110973308529,5883889
2026-08-21,PBR-A,2027-12-31,3.64106,3.91343,3.23917,5,109739144031,16,Energy,17.22,110973308529,5883889
2026-08-21,PCAR,2030-12-31,7.95,8.67858,7.37995,4,34829000000,4,Industrials,131.03,68969599792,3001749
2026-08-21,PCAR,2029-12-31,7.68,8.38383,7.12931,4,33735000000,4,Industrials,131.03,68969599792,3001749
2026-08-21,PCAR,2028-12-31,7.84191,9.984,6.41265,10,32730875000,9,Industrials,131.03,68969599792,3001749
2026-08-21,PCAR,2027-12-31,7.11741,7.57984,6.63487,12,31576060852,9,Industrials,131.03,68969599792,3001749
2026-08-21,PCG,2030-12-31,2.33678,2.47186,2.19804,2,29826838025,6,Utilities,17.6,47169944730,26595883
2026-08-21,PCG,2029-12-31,2.12764,2.25063,2.00131,3,28776200940,10,Utilities,17.6,47169944730,26595883
2026-08-21,PCG,2028-12-31,1.96648,2.02967,1.73972,6,28328984409,12,Utilities,17.6,47169944730,26595883
2026-08-21,PCG,2027-12-31,1.80109,1.84089,1.78119,11,27269473070,10,Utilities,17.6,47169944730,26595883
2026-08-21,PCOR,2030-12-31,0,0,0,1,2626000000,4,Technology,63.49,9580006100,3398468
2026-08-21,PCOR,2029-12-31,0,0,0,1,2304000000,4,Technology,63.49,9580006100,3398468
2026-08-21,PCOR,2028-12-31,2.95117,4.46753,2.02817,4,1969503955,9,Technology,63.49,9580006100,3398468
2026-08-21,PCOR,2027-12-31,2.45684,3.01194,2.21013,10,1723358555,15,Technology,63.49,9580006100,3398468
2026-08-21,PCVX,2030-12-31,6.18667,11.55601,2.18284,2,2426471429,6,Healthcare,62.62,9042182847,1127190
2026-08-21,PCVX,2029-12-31,1.16667,2.17921,0.41164,3,1489928571,6,Healthcare,62.62,9042182847,1127190
2026-08-21,PCVX,2028-12-31,-6.04,-3.98973,-11.06674,6,177144125,8,Healthcare,62.62,9042182847,1127190
2026-08-21,PCVX,2027-12-31,-6.51667,-5.36783,-7.71502,6,87145778,9,Healthcare,62.62,9042182847,1127190
2026-08-21,PD,2029-01-31,1.36,1.37749,1.34758,1,500442495,1,Technology,12.32,1123734538,2195613
2026-08-21,PD,2028-01-31,1.40875,1.45049,1.37744,4,508244136,6,Technology,12.32,1123734538,2195613
2026-08-21,PD,2027-01-31,1.31508,1.33199,1.30307,4,494228457,6,Technology,12.32,1123734538,2195613
2026-08-21,PD,2026-01-31,1.12477,1.1349,1.1145,6,490911045,5,Technology,12.32,1123734538,2195613
2026-08-21,PDD,2029-12-31,92.2885,103.79295,84.85162,13,655755399717,24,Consumer Cyclical,88.38,125799778163,6870425
2026-08-21,PDD,2028-12-31,99.47152,125.37146,63.29963,16,596717396693,26,Consumer Cyclical,88.38,125799778163,6870425
2026-08-21,PDD,2027-12-31,83.68765,98.92239,72.3133,18,541984768778,24,Consumer Cyclical,88.38,125799778163,6870425
2026-08-21,PDD,2026-12-31,69.4164,81.46553,60.78119,17,483609964553,24,Consumer Cyclical,88.38,125799778163,6870425
2026-08-21,PDFS,2028-12-31,2.02095,2.06523,1.98871,1,383070600,4,Technology,45.65,1911260505,953607
2026-08-21,PDFS,2027-12-31,1.62823,1.65731,1.59915,3,318330567,4,Technology,45.65,1911260505,953607
2026-08-21,PDFS,2026-12-31,1.28923,1.31748,1.27931,3,263624000,4,Technology,45.65,1911260505,953607
2026-08-21,PDFS,2025-12-31,0.85333,0.89445,0.80192,3,218571475,2,Technology,45.65,1911260505,953607
2026-08-21,PDI,2026-06-30,-0.0025,-0.0025,-0.0025,1,909629925,1,Financial Services,15.12,6978853940,5553812
2026-08-21,PDI,2025-06-30,-0.007,-0.007,-0.007,1,975618000,1,Financial Services,15.12,6978853940,5553812
2026-08-21,PEB,2028-12-31,-0.09,-0.08685403,-0.09230518,1,1561078062,5,Real Estate,18.48,2085338640,857304
2026-08-21,PEB,2027-12-31,-0.184,-0.16602,-0.20198,3,1509765378,10,Real Estate,18.48,2085338640,857304
2026-08-21,PEB,2026-12-31,-0.298,-0.28929,-0.31368,3,1482023231,10,Real Estate,18.48,2085338640,857304
2026-08-21,PEB,2025-12-31,-0.89,-0.8373,-0.92513,3,1469981190,8,Real Estate,18.48,2085338640,857304
2026-08-21,PECO,2028-12-31,0.93963,0.9721,0.89563,3,803827017,4,Real Estate,39.27,5043249750,1085436
2026-08-21,PECO,2027-12-31,0.83804,0.85239,0.82369,4,808360310,6,Real Estate,39.27,5043249750,1085436
2026-08-21,PECO,2026-12-31,0.82267,0.82861,0.81376,3,761659880,6,Real Estate,39.27,5043249750,1085436
2026-08-21,PECO,2025-12-31,0.61663,0.64461,0.61426,2,658295924,5,Real Estate,39.27,5043249750,1085436
2026-08-21,PEG,2030-12-31,5.67119,6.40788,4.97423,1,14812200000,6,Utilities,72.61,36183087810,1452861
2026-08-21,PEG,2029-12-31,5.37377,6.07183,4.71337,1,14299512500,11,Utilities,72.61,36183087810,1452861
2026-08-21,PEG,2028-12-31,5.02509,5.14135,4.92086,5,13700858526,13,Utilities,72.61,36183087810,1452861
2026-08-21,PEG,2027-12-31,4.67282,4.74271,4.59294,13,13076314592,11,Utilities,72.61,36183087810,1452861
2026-08-21,PEGA,2028-12-31,2.80831,3.1113,2.55571,3,2237813403,5,Technology,33.56,5517431800,1954084
2026-08-21,PEGA,2027-12-31,2.6435,3.08408,2.4933,7,2059147239,9,Technology,33.56,5517431800,1954084
2026-08-21,PEGA,2026-12-31,2.4516,2.82956,2.20644,7,1886218234,8,Technology,33.56,5517431800,1954084
2026-08-21,PEGA,2025-12-31,2.07731,2.16763,2.00706,8,1733326798,8,Technology,33.56,5517431800,1954084
2026-08-21,PENG,2028-08-29,3.9975,4.14221,3.91195,1,2458301500,4,Technology,52.62,2696390874,1016264
2026-08-21,PENG,2027-08-29,3.35557,3.47704,3.28375,3,2139065286,4,Technology,52.62,2696390874,1016264
2026-08-21,PENG,2026-08-29,2.61471,2.70936,2.55875,3,1663576857,4,Technology,52.62,2696390874,1016264
2026-08-21,PENG,2025-08-29,1.83884,1.90541,1.79949,5,1372987789,4,Technology,52.62,2696390874,1016264
2026-08-21,PENN,2029-12-31,4.1,4.22397,3.87994,3,7630000000,4,Consumer Cyclical,18.645,2493665289,1773252
2026-08-21,PENN,2028-12-31,1.96833,3.53177,1.24136,6,7924684408,9,Consumer Cyclical,18.645,2493665289,1773252
2026-08-21,PENN,2027-12-31,1.46518,1.68853,0.84873,8,7724022913,15,Consumer Cyclical,18.645,2493665289,1773252
2026-08-21,PENN,2026-12-31,0.8534,1.11277,0.66933,7,7424326969,15,Consumer Cyclical,18.645,2493665289,1773252
2026-08-21,PEP,2030-12-27,9.97,10.14262,9.84611,2,109620500000,10,Consumer Defensive,143.48,195993680000,6621472
2026-08-21,PEP,2029-12-27,9.58163,9.74753,9.46257,3,106248650930,10,Consumer Defensive,143.48,195993680000,6621472
2026-08-21,PEP,2028-12-27,9.46497,10.51207,7.61183,7,105259369016,16,Consumer Defensive,143.48,195993680000,6621472
2026-08-21,PEP,2027-12-27,8.96566,9.19478,8.617,13,101854171426,17,Consumer Defensive,143.48,195993680000,6621472
2026-08-21,PFE,2030-12-31,2.44364,2.55525,2.35512,5,53206181818,11,Healthcare,28.07,159983280800,37066560
2026-08-21,PFE,2029-12-31,2.36042,2.46822,2.27492,5,52869439757,14,Healthcare,28.07,159983280800,37066560
2026-08-21,PFE,2028-12-31,2.48643,3.01526,1.60052,8,54781173675,22,Healthcare,28.07,159983280800,37066560
2026-08-21,PFE,2027-12-31,2.8931,3.11033,2.77461,14,59719626044,18,Healthcare,28.07,159983280800,37066560
2026-08-21,PFG,2029-12-31,12.22453,12.59967,11.95509,1,19739352731,2,Financial Services,110.75,23712128750,816907
2026-08-21,PFG,2028-12-31,11.36395,11.90236,10.58567,5,18779879310,4,Financial Services,110.75,23712128750,816907
2026-08-21,PFG,2027-12-31,10.42777,10.59855,10.20676,8,17899892997,5,Financial Services,110.75,23712128750,816907
2026-08-21,PFG,2026-12-31,9.59005,9.87064,9.34955,6,16279380117,5,Financial Services,110.75,23712128750,816907
2026-08-21,PFGC,2030-06-27,8.955,9.12384,8.6422,1,82488900000,4,Consumer Defensive,104.98,16491308200,1531784
2026-08-21,PFGC,2029-06-27,7.9804,8.96705,6.93652,5,78669709680,9,Consumer Defensive,104.98,16491308200,1531784
2026-08-21,PFGC,2028-06-27,6.8031,7.16851,5.93256,7,75089461304,10,Consumer Defensive,104.98,16491308200,1531784
2026-08-21,PFGC,2027-06-27,5.68231,5.78414,5.62121,7,72844466802,9,Consumer Defensive,104.98,16491308200,1531784
2026-08-21,PG,2031-06-30,6.78,6.93194,6.64103,5,94163000000,6,Consumer Defensive,144.68,343934589005,8049649
2026-08-21,PG,2030-06-30,7.90052,8.07757,7.73858,2,97609125858,13,Consumer Defensive,144.68,343934589005,8049649
2026-08-21,PG,2029-06-30,7.78836,8.1735,7.02458,6,94502897307,14,Consumer Defensive,144.68,343934589005,8049649
2026-08-21,PG,2028-06-30,7.39146,7.47115,7.22211,14,91242739929,18,Consumer Defensive,144.68,343934589005,8049649
2026-08-21,PGNY,2030-12-31,1.94,1.9946,1.89883,1,1738000000,2,Healthcare,25.65,2009225291,1076775
2026-08-21,PGNY,2029-12-31,2.06,2.11798,2.01628,1,1723150000,2,Healthcare,25.65,2009225291,1076775
2026-08-21,PGNY,2028-12-31,1.704,1.94,1.13,5,1605485167,5,Healthcare,25.65,2009225291,1076775
2026-08-21,PGNY,2027-12-31,1.51589,1.5418,1.48998,7,1512013597,7,Healthcare,25.65,2009225291,1076775
2026-08-21,PGR,2028-12-31,15.95745,17.38705,14.95041,6,97730253589,4,Financial Services,219.28,127489392000,1345099
2026-08-21,PGR,2027-12-31,16.19472,18.30534,14.55424,15,92736704643,7,Financial Services,219.28,127489392000,1345099
2026-08-21,PGR,2026-12-31,17.82991,18.49028,16.41774,16,88097914352,7,Financial Services,219.28,127489392000,1345099
2026-08-21,PGR,2025-12-31,17.99283,18.29271,17.65297,16,83927441435,6,Financial Services,219.28,127489392000,1345099
2026-08-21,PGY,2028-12-31,3.27,3.38601,3.18605,1,1967222000,2,Technology,21.68,1808672276,3150783
2026-08-21,PGY,2027-12-31,2.32538,2.40788,2.26568,6,1710857782,7,Technology,21.68,1808672276,3150783
2026-08-21,PGY,2026-12-31,1.69827,1.75852,1.65467,6,1471047319,7,Technology,21.68,1808672276,3150783
2026-08-21,PGY,2025-12-31,0.88889,0.92043,0.86607,4,1315960489,6,Technology,21.68,1808672276,3150783
2026-08-21,PHG,2030-12-31,2.12388,2.14239,2.11407,1,21073313679,5,Healthcare,27.42,26801059006,642974
2026-08-21,PHG,2029-12-31,1.98203,1.9993,1.97287,1,20332549408,5,Healthcare,27.42,26801059006,642974
2026-08-21,PHG,2028-12-31,1.91164,1.9283,1.90281,1,19536019632,4,Healthcare,27.42,26801059006,642974
2026-08-21,PHG,2027-12-31,1.66865,1.85211,1.52887,3,18692742311,10,Healthcare,27.42,26801059006,642974
2026-08-21,PHM,2028-12-31,13.38883,13.65664,13.12103,2,18345019984,4,Consumer Cyclical,129,24898392813,990959
2026-08-21,PHM,2027-12-31,11.25454,11.66987,10.88986,10,17122204693,9,Consumer Cyclical,129,24898392813,990959
2026-08-21,PHM,2026-12-31,10.17864,10.39991,9.96742,10,16403331149,8,Consumer Cyclical,129,24898392813,990959
2026-08-21,PHM,2025-12-31,11.36433,11.4445,11.26412,9,16998755786,7,Consumer Cyclical,129,24898392813,990959
2026-08-21,PHR,2031-01-31,0.99,1.02443,0.95053,2,553000000,1,Healthcare,12.12,749160095,773830
2026-08-21,PHR,2030-01-31,0.92,0.952,0.88332,1,539200000,2,Healthcare,12.12,749160095,773830
2026-08-21,PHR,2029-01-31,0.77219,0.85,0.66,4,558368430,5,Healthcare,12.12,749160095,773830
2026-08-21,PHR,2028-01-31,0.66903,0.93082,0.54298,8,540349534,13,Healthcare,12.12,749160095,773830
2026-08-21,PHVS,2030-12-31,4.13608,6.30445,1.87678,4,0,0,Healthcare,36.27,2534537662,513305
2026-08-21,PHVS,2029-12-31,1.368,2.08518,0.62074,2,0,0,Healthcare,36.27,2534537662,513305
2026-08-21,PHVS,2028-12-31,-0.97052,-0.17509,-3.09334,7,150282535,9,Healthcare,36.27,2534537662,513305
2026-08-21,PHVS,2027-12-31,-2.66901,-1.72223,-3.50758,9,31872310,12,Healthcare,36.27,2534537662,513305
2026-08-21,PICS,2030-12-31,14.14208,15.3054,13.37132,1,7740535022,1,Technology,10.6,1373627913,600222
2026-08-21,PICS,2029-12-31,9.69219,10.48947,9.16396,1,6382535986,1,Technology,10.6,1373627913,600222
2026-08-21,PICS,2028-12-31,4.23648,4.39846,4.0745,2,4064565979,1,Technology,10.6,1373627913,600222
2026-08-21,PICS,2027-12-31,3.12876,3.67028,2.57865,4,3761066852,4,Technology,10.6,1373627913,600222
2026-08-21,PII,2028-12-31,4.24201,4.69546,3.78856,2,7937900890,6,Consumer Cyclical,64.39,3664016365,533789
2026-08-21,PII,2027-12-31,3.44524,3.91081,3.02622,10,7677380555,13,Consumer Cyclical,64.39,3664016365,533789
2026-08-21,PII,2026-12-31,3.02602,3.43012,2.90385,9,7424344205,13,Consumer Cyclical,64.39,3664016365,533789
2026-08-21,PII,2025-12-31,-0.040655,0.14229,-0.10164,9,7048473129,10,Consumer Cyclical,64.39,3664016365,533789
2026-08-21,PINS,2030-12-31,3.5,3.63473,3.34857,8,7342750000,11,Communication Services,23.4,14886727058,5312717
2026-08-21,PINS,2029-12-31,2.84931,2.959,2.72604,9,6674651382,14,Communication Services,23.4,14886727058,5312717
2026-08-21,PINS,2028-12-31,2.69288,3.58944,1.98839,18,6184411614,22,Communication Services,23.4,14886727058,5312717
2026-08-21,PINS,2027-12-31,2.4062,2.57143,2.12737,20,5551812704,28,Communication Services,23.4,14886727058,5312717
2026-08-21,PK,2028-12-31,0.5,0.65008,0.34992,2,2622786035,5,Real Estate,15.78,3177489756,2559581
2026-08-21,PK,2027-12-31,0.58502,0.64382,0.54386,5,2580820816,11,Real Estate,15.78,3177489756,2559581
2026-08-21,PK,2026-12-31,0.45452,0.51046,0.42189,5,2517308974,9,Real Estate,15.78,3177489756,2559581
2026-08-21,PK,2025-12-31,-0.34952,-0.3459,-0.35495,3,2533927307,8,Real Estate,15.78,3177489756,2559581
2026-08-21,PL,2030-01-31,0.28,0.29964,0.26409,1,846800000,4,Industrials,22.29,7420535592,3851165
2026-08-21,PL,2029-01-31,0.11426,0.23614,-0.00761733,2,743386223,7,Industrials,22.29,7420535592,3851165
2026-08-21,PL,2028-01-31,-0.00512,0.00170667,-0.01536,5,569890151,9,Industrials,22.29,7420535592,3851165
2026-08-21,PL,2027-01-31,-0.078847,-0.0394235,-0.15769,5,436057304,9,Industrials,22.29,7420535592,3851165
2026-08-21,PLAB,2030-10-31,2.5,2.52917,2.47746,1,1062688000,1,Technology,30.51,1798982487,723639
2026-08-21,PLAB,2029-10-31,2.35,2.37742,2.32881,1,1015763000,1,Technology,30.51,1798982487,723639
2026-08-21,PLAB,2028-10-31,2.19,2.21555,2.17025,1,961736000,1,Technology,30.51,1798982487,723639
2026-08-21,PLAB,2027-10-31,2.02,2.07,1.96,2,898270000,3,Technology,30.51,1798982487,723639
2026-08-21,PLAY,2029-02-03,-0.85,-0.83083,-0.87252,1,2289369936,2,Consumer Cyclical,10.25,356584114,1236723
2026-08-21,PLAY,2028-02-03,-0.2575,0.17637,-0.61377,5,2212102358,8,Consumer Cyclical,10.25,356584114,1236723
2026-08-21,PLAY,2027-02-03,-0.85875,-0.62918,-1.14783,6,2123063604,8,Consumer Cyclical,10.25,356584114,1236723
2026-08-21,PLAY,2026-02-03,0.12625,0.13212,0.11744,5,2129066054,7,Consumer Cyclical,10.25,356584114,1236723
2026-08-21,PLD,2030-12-31,5.31,5.45801,5.17651,1,11058474000,2,Real Estate,141.8,132310176800,2272669
2026-08-21,PLD,2029-12-31,4.74,4.87212,4.62084,1,10396225000,2,Real Estate,141.8,132310176800,2272669
2026-08-21,PLD,2028-12-31,3.95,4.67934,3.29287,3,10122185333,4,Real Estate,141.8,132310176800,2272669
2026-08-21,PLD,2027-12-31,3.65,3.71616,3.57281,4,9381357143,4,Real Estate,141.8,132310176800,2272669
2026-08-21,PLNT,2030-12-31,6.75,7.0856,6.41076,1,2020500000,4,Consumer Cyclical,54.2,4305798622,1331938
2026-08-21,PLNT,2029-12-31,6,6.29831,5.69845,1,1865700000,4,Consumer Cyclical,54.2,4305798622,1331938
2026-08-21,PLNT,2028-12-31,4.21898,4.75156,3.93828,5,1651446907,9,Consumer Cyclical,54.2,4305798622,1331938
2026-08-21,PLNT,2027-12-31,3.65256,3.91346,3.33948,12,1522992064,15,Consumer Cyclical,54.2,4305798622,1331938
2026-08-21,PLTR,2030-12-31,14.38,16.06219,12.98948,3,70119129000,8,Technology,179.94,413154835800,40929832
2026-08-21,PLTR,2029-12-31,6.7,7.48377,6.05212,3,33441100000,13,Technology,179.94,413154835800,40929832
2026-08-21,PLTR,2028-12-31,3.43836,4.14863,2.62832,9,17996192337,17,Technology,179.94,413154835800,40929832
2026-08-21,PLTR,2027-12-31,2.28177,2.94095,1.61245,20,12199153227,24,Technology,179.94,413154835800,40929832
2026-08-21,PM,2030-12-31,12.05294,12.43427,11.81682,1,54209961288,5,Consumer Defensive,188.23,293377160300,3144548
2026-08-21,PM,2029-12-31,10.8725,11.21648,10.6595,1,51016250000,5,Consumer Defensive,188.23,293377160300,3144548
2026-08-21,PM,2028-12-31,9.99542,10.34158,9.51883,5,48738712636,11,Consumer Defensive,188.23,293377160300,3144548
2026-08-21,PM,2027-12-31,9.13391,9.27351,9.03419,9,45903049767,11,Consumer Defensive,188.23,293377160300,3144548
2026-08-21,PNC,2029-12-31,19.46,19.68529,19.09382,5,19962523281,1,Financial Services,243.13,97008870000,1397591
2026-08-21,PNC,2028-12-31,23.88338,25.04447,21.43645,8,29013999243,3,Financial Services,243.13,97008870000,1397591
2026-08-21,PNC,2027-12-31,21.52689,22.40492,20.12406,15,27652173624,7,Financial Services,243.13,97008870000,1397591
2026-08-21,PNC,2026-12-31,18.99422,19.36917,18.50086,14,26335319399,8,Financial Services,243.13,97008870000,1397591
2026-08-21,PNR,2030-12-31,6.2,6.55857,5.98616,1,4698500000,5,Industrials,64.4,10280687200,2443275
2026-08-21,PNR,2029-12-31,5.8,6.13544,5.59996,1,4524400000,3,Industrials,64.4,10280687200,2443275
2026-08-21,PNR,2028-12-31,5.58912,6.02036,5.40289,4,4387444745,7,Industrials,64.4,10280687200,2443275
2026-08-21,PNR,2027-12-31,5.19198,5.42521,4.93847,12,4286684218,13,Industrials,64.4,10280687200,2443275
2026-08-21,PNW,2030-12-31,7.18167,7.68252,6.65949,5,6819725000,5,Utilities,97.38,11801190060,1079247
2026-08-21,PNW,2029-12-31,6.66,7.12447,6.17575,5,6501640000,5,Utilities,97.38,11801190060,1079247
2026-08-21,PNW,2028-12-31,6.1237,6.39819,6.01889,8,6212407403,10,Utilities,97.38,11801190060,1079247
2026-08-21,PNW,2027-12-31,5.54187,5.73091,5.05434,8,5888734389,8,Utilities,97.38,11801190060,1079247
2026-08-21,PODD,2030-12-31,12.64,13.04988,11.59703,4,5283450000,10,Healthcare,148.16,10262254100,878513
2026-08-21,PODD,2029-12-31,11.14306,11.5044,10.22361,4,4935171268,10,Healthcare,148.16,10262254100,878513
2026-08-21,PODD,2028-12-31,9.28465,9.74954,8.94974,10,4287367614,20,Healthcare,148.16,10262254100,878513
2026-08-21,PODD,2027-12-31,7.71524,8.02585,7.51484,15,3763667354,19,Healthcare,148.16,10262254100,878513
2026-08-21,POR,2030-12-31,4.31833,4.67513,4.06616,1,4884225000,5,Utilities,49.59,5739050700,807455
2026-08-21,POR,2029-12-31,3.98375,4.31291,3.75111,1,4638957370,5,Utilities,49.59,5739050700,807455
2026-08-21,POR,2028-12-31,3.78199,3.85782,3.72074,4,4187652225,10,Utilities,49.59,5739050700,807455
2026-08-21,POR,2027-12-31,3.57418,3.71434,3.36393,7,3949302143,8,Utilities,49.59,5739050700,807455
2026-08-21,POST,2028-09-30,8.665,9.03664,8.4205,3,8031600000,5,Consumer Defensive,80.5,3648468173,874941
2026-08-21,POST,2027-09-30,7.19857,7.4003,6.99684,4,7975360000,4,Consumer Defensive,80.5,3648468173,874941
2026-08-21,POST,2026-09-30,7.65257,7.73355,7.57159,3,8175120000,4,Consumer Defensive,80.5,3648468173,874941
2026-08-21,POST,2025-09-30,7.02172,7.23029,6.9522,6,8159149386,6,Consumer Defensive,80.5,3648468173,874941
2026-08-21,POWI,2028-12-31,2.87,2.91822,2.82178,2,671900000,2,Technology,55.18,3074628717,746588
2026-08-21,POWI,2027-12-31,1.86,1.97759,1.73172,4,540500000,4,Technology,55.18,3074628717,746588
2026-08-21,POWI,2026-12-31,1.4,1.44148,1.34815,3,477675000,4,Technology,55.18,3074628717,746588
2026-08-21,POWI,2025-12-31,1.21128,1.2313,1.20127,4,443257063,4,Technology,55.18,3074628717,746588
2026-08-21,PPC,2028-12-28,3.38927,3.66526,3.08676,3,19276096140,4,Consumer Defensive,32.25,7672984500,1368669
2026-08-21,PPC,2027-12-28,2.93805,4.00643,1.86967,5,18866967081,5,Consumer Defensive,32.25,7672984500,1368669
2026-08-21,PPC,2026-12-28,2.46125,3.08699,1.83551,4,18528670466,5,Consumer Defensive,32.25,7672984500,1368669
2026-08-21,PPC,2025-12-28,5.2635,5.3914,5.16894,4,18375981458,4,Consumer Defensive,32.25,7672984500,1368669
2026-08-21,PPG,2029-12-31,10.38806,10.71106,10.05434,1,17974085038,10,Basic Materials,113.63,25259949341,759801
2026-08-21,PPG,2028-12-31,9.45713,9.76393,9.01785,5,17837648084,15,Basic Materials,113.63,25259949341,759801
2026-08-21,PPG,2027-12-31,8.65169,8.88981,8.48302,12,17331943180,16,Basic Materials,113.63,25259949341,759801
2026-08-21,PPG,2026-12-31,7.90582,7.97605,7.76536,12,16779923766,16,Basic Materials,113.63,25259949341,759801
2026-08-21,PPL,2030-12-31,2.65473,2.78689,2.53492,1,12457500000,4,Utilities,34.38,25873606886,4256258
2026-08-21,PPL,2029-12-31,2.46128,2.58381,2.3502,1,11500666667,4,Utilities,34.38,25873606886,4256258
2026-08-21,PPL,2028-12-31,2.29693,2.30822,2.28815,3,10867936948,9,Utilities,34.38,25873606886,4256258
2026-08-21,PPL,2027-12-31,2.11807,2.13815,2.09799,8,10315591309,8,Utilities,34.38,25873606886,4256258
2026-08-21,PPLI,2030-12-31,1.87,1.90167,1.83444,2,1949400000,6,Communication Services,38.46,2860943135,1012755
2026-08-21,PPLI,2029-12-31,1.65,1.67795,1.61862,3,1897100000,6,Communication Services,38.46,2860943135,1012755
2026-08-21,PPLI,2028-12-31,1.67569,8.7398,0.08146281,6,1871959201,8,Communication Services,38.46,2860943135,1012755
2026-08-21,PPLI,2027-12-31,1.1399,1.48343,0.79637,4,1837837194,8,Communication Services,38.46,2860943135,1012755
2026-08-21,PPTA,2030-12-31,2.71,2.71,2.71,1,1677112000,1,Basic Materials,25.7,3214928727,2006221
2026-08-21,PPTA,2029-12-31,0.19,0.19,0.19,1,1076479000,1,Basic Materials,25.7,3214928727,2006221
2026-08-21,PPTA,2028-12-31,2.71,2.71,2.71,1,442000000,1,Basic Materials,25.7,3214928727,2006221
2026-08-21,PPTA,2027-12-31,-0.68,-0.68,-0.68,2,19000000,1,Basic Materials,25.7,3214928727,2006221
2026-08-21,PR,2030-12-31,2.205,2.39504,2.0516,5,6495666667,3,Energy,23.75,19885592945,8928522
2026-08-21,PR,2029-12-31,2.175,2.36246,2.02369,5,6423666667,4,Energy,23.75,19885592945,8928522
2026-08-21,PR,2028-12-31,2.09258,2.63872,1.53026,8,6654351635,6,Energy,23.75,19885592945,8928522
2026-08-21,PR,2027-12-31,2.11846,2.45821,1.73874,13,6637530394,7,Energy,23.75,19885592945,8928522
2026-08-21,PRCH,2028-12-31,0.4,0.40692,0.39014,1,694100000,1,Financial Services,17.09,1940053997,751995
2026-08-21,PRCH,2027-12-31,0.18857,0.25143,0.12571,2,601813429,4,Financial Services,17.09,1940053997,751995
2026-08-21,PRCH,2026-12-31,-0.018571,-0.0148568,-0.0204281,1,517932143,4,Financial Services,17.09,1940053997,751995
2026-08-21,PRCH,2025-12-31,-0.03875,0.06458333,-0.12917,4,415258857,5,Financial Services,17.09,1940053997,751995
2026-08-21,PRCT,2030-12-31,0.64,0.65814,0.60624,4,716100000,4,Healthcare,21.68,1234000495,821067
2026-08-21,PRCT,2029-12-31,-0.46,-0.43574,-0.47304,2,652625500,4,Healthcare,21.68,1234000495,821067
2026-08-21,PRCT,2028-12-31,-0.80664,-0.46271,-1.00442,7,560848621,9,Healthcare,21.68,1234000495,821067
2026-08-21,PRCT,2027-12-31,-1.13542,-0.87013,-1.40071,9,476976474,10,Healthcare,21.68,1234000495,821067
2026-08-21,PRDO,2027-12-31,3.11,3.11,3.11,1,880000000,1,Consumer Defensive,33.02,2070456362,645389
2026-08-21,PRDO,2026-12-31,2.94,2.94,2.94,1,854501000,1,Consumer Defensive,33.02,2070456362,645389
2026-08-21,PRDO,2025-12-31,2.36,2.36,2.36,1,844400000,1,Consumer Defensive,33.02,2070456362,645389
2026-08-21,PRDO,2024-12-31,2.18,2.18,2.18,1,664954000,1,Consumer Defensive,33.02,2070456362,645389
2026-08-21,PRGO,2030-12-31,2.9,2.94006,2.85314,1,4107000000,2,Healthcare,14.25,1971740723,2581744
2026-08-21,PRGO,2029-12-31,2.81,2.84882,2.76459,1,4081000000,1,Healthcare,14.25,1971740723,2581744
2026-08-21,PRGO,2028-12-31,2.695,2.73223,2.65145,1,4112750000,3,Healthcare,14.25,1971740723,2581744
2026-08-21,PRGO,2027-12-31,2.4,2.48963,2.29046,3,4074900000,4,Healthcare,14.25,1971740723,2581744
2026-08-21,PRIM,2030-12-31,7.94,8.48736,7.2431,1,10592300000,5,Industrials,77.18,4187393182,931389
2026-08-21,PRIM,2029-12-31,7.09333,7.58233,6.47074,1,9790500000,5,Industrials,77.18,4187393182,931389
2026-08-21,PRIM,2028-12-31,6.41151,7.53467,5.54584,5,8989646269,10,Industrials,77.18,4187393182,931389
2026-08-21,PRIM,2027-12-31,5.28057,6.10664,3.91076,9,8143299552,11,Industrials,77.18,4187393182,931389
2026-08-21,PRM,2028-12-31,1.98412,3.082,0.88624,2,1082187761,2,Basic Materials,31.44,5128714766,1096241
2026-08-21,PRM,2027-12-31,1.83439,1.93518,1.64289,2,995431275,3,Basic Materials,31.44,5128714766,1096241
2026-08-21,PRM,2026-12-31,1.54683,1.79158,1.39019,2,881553246,3,Basic Materials,31.44,5128714766,1096241
2026-08-21,PRM,2025-12-31,1.3597,1.39194,1.326,1,641980238,1,Basic Materials,31.44,5128714766,1096241
2026-08-21,PRMB,2030-12-31,2.44,2.47295,2.40504,1,8018000000,3,Consumer Defensive,23.12,8389521153,2612687
2026-08-21,PRMB,2029-12-31,2.2,2.2297,2.16848,1,7743000000,4,Consumer Defensive,23.12,8389521153,2612687
2026-08-21,PRMB,2028-12-31,1.82,1.84457,1.79392,1,7363237882,6,Consumer Defensive,23.12,8389521153,2612687
2026-08-21,PRMB,2027-12-31,1.49133,1.77216,1.3267,7,7084553142,7,Consumer Defensive,23.12,8389521153,2612687
2026-08-21,PRU,2029-12-31,18.4,19.01003,17.5604,1,64268000000,3,Financial Services,121.15,42039050000,1160516
2026-08-21,PRU,2028-12-31,16.15929,17.19368,15.59013,4,61834885279,7,Financial Services,121.15,42039050000,1160516
2026-08-21,PRU,2027-12-31,14.76716,15.16627,14.03878,10,60491916180,7,Financial Services,121.15,42039050000,1160516
2026-08-21,PRU,2026-12-31,14.18532,14.84279,13.66732,10,59441467364,6,Financial Services,121.15,42039050000,1160516
2026-08-21,PRVA,2030-12-31,0.89333,0.93789,0.84685,4,3473933333,4,Healthcare,21.12,2661381339,904064
2026-08-21,PRVA,2029-12-31,0.74333,0.78041,0.70465,2,3163066667,4,Healthcare,21.12,2661381339,904064
2026-08-21,PRVA,2028-12-31,0.57153,0.80006,0.48003,7,2998494712,9,Healthcare,21.12,2661381339,904064
2026-08-21,PRVA,2027-12-31,0.41433,0.43454,0.39412,9,2681494849,11,Healthcare,21.12,2661381339,904064
2026-08-21,PSKY,2030-12-31,1.2,1.24557,1.14776,4,31133500000,7,Communication Services,10.35,11257384500,7446555
2026-08-21,PSKY,2029-12-31,0.91333,0.94802,0.87357,2,30837000000,10,Communication Services,10.35,11257384500,7446555
2026-08-21,PSKY,2028-12-31,1.08986,1.73359,0.46308,7,31836935421,15,Communication Services,10.35,11257384500,7446555
2026-08-21,PSKY,2027-12-31,0.82459,1.05717,0.42287,12,30514324268,15,Communication Services,10.35,11257384500,7446555
2026-08-21,PSLV,2024-12-31,,0,0,0,323463000,0,Financial Services,22.84,14521268052,7095301
2026-08-21,PSLV,2023-12-31,,0,0,0,215642000,0,Financial Services,22.84,14521268052,7095301
2026-08-21,PSLV,2022-12-31,,0,0,0,107821000,0,Financial Services,22.84,14521268052,7095301
2026-08-21,PSN,2028-12-31,3.86793,4.69161,3.06668,3,7066721921,6,Technology,49.05,5238804576,1101502
2026-08-21,PSN,2027-12-31,3.39077,3.56081,3.25074,8,6723885599,9,Technology,49.05,5238804576,1101502
2026-08-21,PSN,2026-12-31,2.43134,3.06273,2.16747,8,6356365469,9,Technology,49.05,5238804576,1101502
2026-08-21,PSN,2025-12-31,3.20984,3.23975,3.17993,8,6429026337,7,Technology,49.05,5238804576,1101502
2026-08-21,PSNL,2030-12-31,-0.47,-0.44206,-0.50082,1,227400000,2,Healthcare,18.38,1962083380,7980055
2026-08-21,PSNL,2029-12-31,-0.58,-0.54552,-0.61803,1,184100000,1,Healthcare,18.38,1962083380,7980055
2026-08-21,PSNL,2028-12-31,-0.655,-0.54637,-0.70932,3,155505115,3,Healthcare,18.38,1962083380,7980055
2026-08-21,PSNL,2027-12-31,-0.93518,-0.87958,-0.9965,5,110001506,5,Healthcare,18.38,1962083380,7980055
2026-08-21,PSX,2030-12-31,26,30.72878,20.84582,1,185578037223,2,Energy,242.87,97375088307,2269624
2026-08-21,PSX,2029-12-31,21.56,25.48125,17.28599,1,173404484621,2,Energy,242.87,97375088307,2269624
2026-08-21,PSX,2028-12-31,18.34733,18.69768,17.85684,4,155444001515,4,Energy,242.87,97375088307,2269624
2026-08-21,PSX,2027-12-31,22.04349,28.51658,18.84296,11,154004341794,6,Energy,242.87,97375088307,2269624
2026-08-21,PTC,2028-09-30,9.7883,10.41785,8.56405,6,3116260581,10,Technology,154.68,17866468080,759116
2026-08-21,PTC,2027-09-30,8.88644,9.3552,8.49747,12,2896686571,15,Technology,154.68,17866468080,759116
2026-08-21,PTC,2026-09-30,8.17737,8.3873,7.91745,12,2723118741,15,Technology,154.68,17866468080,759116
2026-08-21,PTC,2025-09-30,6.80214,6.84227,6.73191,13,2596309383,12,Technology,154.68,17866468080,759116
2026-08-21,PTCT,2030-12-31,5.96497,6.74209,4.99253,4,1964226400,5,Healthcare,69.82,5827233056,674737
2026-08-21,PTCT,2029-12-31,4.8534,5.4857,4.06217,4,1801699750,5,Healthcare,69.82,5827233056,674737
2026-08-21,PTCT,2028-12-31,4.89907,6.98935,1.70566,10,1597717619,11,Healthcare,69.82,5827233056,674737
2026-08-21,PTCT,2027-12-31,2.67679,4.46132,1.72169,7,1369318121,9,Healthcare,69.82,5827233056,674737
2026-08-21,PTEN,2028-12-31,0.5041,0.71116,0.30189,4,5327833166,6,Energy,12.34,4684481838,4873174
2026-08-21,PTEN,2027-12-31,0.29153,0.47248,0.04021103,7,5268428509,10,Energy,12.34,4684481838,4873174
2026-08-21,PTEN,2026-12-31,-0.021292,0.02838933,-0.03548667,5,4898468601,9,Energy,12.34,4684481838,4873174
2026-08-21,PTEN,2025-12-31,-0.28894,-0.26345,-0.33143,4,4786061322,9,Energy,12.34,4684481838,4873174
2026-08-21,PTRN,2030-12-31,1.77,1.8104,1.71919,1,7326000000,2,Technology,20.87,3238263706,1666931
2026-08-21,PTRN,2029-12-31,1.36,1.39104,1.32096,1,6139000000,2,Technology,20.87,3238263706,1666931
2026-08-21,PTRN,2028-12-31,1.02,1.08,0.96,2,5190660750,4,Technology,20.87,3238263706,1666931
2026-08-21,PTRN,2027-12-31,0.76286,0.83312,0.67252,3,4284679911,6,Technology,20.87,3238263706,1666931
2026-08-21,PUBM,2030-12-31,0.63,0.64926,0.61069,1,405800000,2,Technology,16.41,766402220,523882
2026-08-21,PUBM,2029-12-31,0.48,0.49468,0.46529,1,381100000,2,Technology,16.41,766402220,523882
2026-08-21,PUBM,2028-12-31,0.378,0.57927,0.11782,4,367696920,4,Technology,16.41,766402220,523882
2026-08-21,PUBM,2027-12-31,0.14841,0.15295,0.14386,5,334610985,9,Technology,16.41,766402220,523882
2026-08-21,PUK,2030-12-31,3.94,5.63915,3.06944,1,43661315813,1,Financial Services,28.16,35036390400,525704
2026-08-21,PUK,2029-12-31,3.42,4.89489,2.66434,1,39886623577,1,Financial Services,28.16,35036390400,525704
2026-08-21,PUK,2028-12-31,3.14429,4.50028,2.44955,1,10468562463,1,Financial Services,28.16,35036390400,525704
2026-08-21,PUK,2027-12-31,2.81879,3.59975,1.61074,2,7859118741,2,Financial Services,28.16,35036390400,525704
2026-08-21,PUMP,2029-12-31,0,0,0,1,1623000000,2,Energy,11.33,1391594980,1672640
2026-08-21,PUMP,2028-12-31,1.19142,1.25482,1.14438,2,1616438703,4,Energy,11.33,1391594980,1672640
2026-08-21,PUMP,2027-12-31,0.36822,0.73644,0.01888308,5,1451459690,6,Energy,11.33,1391594980,1672640
2026-08-21,PUMP,2026-12-31,-0.007997,0.00932983,-0.023991,4,1232874738,6,Energy,11.33,1391594980,1672640
2026-08-21,PVH,2030-02-01,16.45,16.93227,16.10642,1,9474000000,2,Consumer Cyclical,78.5,3619485850,563744
2026-08-21,PVH,2029-02-01,13.91694,14.32494,13.62627,1,9235471374,5,Consumer Cyclical,78.5,3619485850,563744
2026-08-21,PVH,2028-02-01,12.60053,13.19583,11.96554,6,9043747727,9,Consumer Cyclical,78.5,3619485850,563744
2026-08-21,PVH,2027-02-01,12.01967,12.10974,11.90958,6,8898872198,9,Consumer Cyclical,78.5,3619485850,563744
2026-08-21,PWP,2028-12-31,1.73,1.82629,1.63533,2,1161945000,1,Financial Services,16.61,1631317100,788779
2026-08-21,PWP,2027-12-31,1.4625,1.75,1.35,4,1052226500,4,Financial Services,16.61,1631317100,788779
2026-08-21,PWP,2026-12-31,1.0025,1.08,0.89,4,849480750,4,Financial Services,16.61,1631317100,788779
2026-08-21,PWP,2025-12-31,0.6125,0.67,0.56,4,703353250,4,Financial Services,16.61,1631317100,788779
2026-08-21,PWR,2030-12-31,29.764,32.46304,26.50431,4,62915383333,12,Industrials,639.34,96120293620,1215211
2026-08-21,PWR,2029-12-31,25.98436,28.34066,23.13861,4,56323319775,8,Industrials,639.34,96120293620,1215211
2026-08-21,PWR,2028-12-31,22.99747,25.45917,19.77005,10,51694605966,14,Industrials,639.34,96120293620,1215211
2026-08-21,PWR,2027-12-31,19.70322,22.88317,16.16994,17,45962625202,19,Industrials,639.34,96120293620,1215211
2026-08-21,PYPL,2030-12-31,7.58,7.90053,7.33933,8,42373100000,13,Financial Services,61.55,52653624550,11187512
2026-08-21,PYPL,2029-12-31,6.617,6.89681,6.4069,9,39310963367,13,Financial Services,61.55,52653624550,11187512
2026-08-21,PYPL,2028-12-31,6.28113,7.099,5.38656,18,37890142202,27,Financial Services,61.55,52653624550,11187512
2026-08-21,PYPL,2027-12-31,5.78421,6.06345,5.54486,27,36227993538,31,Financial Services,61.55,52653624550,11187512
2026-08-21,PZZA,2028-12-28,1.53728,1.63195,1.45922,1,1845135525,3,Consumer Cyclical,23.94,787674215,947804
2026-08-21,PZZA,2027-12-28,1.34925,1.83898,0.94947,10,1844039724,11,Consumer Cyclical,23.94,787674215,947804
2026-08-21,PZZA,2026-12-28,1.19294,1.45695,1.04627,9,1883262050,11,Consumer Cyclical,23.94,787674215,947804
2026-08-21,PZZA,2025-12-28,1.40467,1.44424,1.3651,11,2072994863,10,Consumer Cyclical,23.94,787674215,947804
2026-08-21,Q,2030-12-31,7.17,7.55234,6.91792,1,7775300000,5,Technology,128.88,26979636096,1734355
2026-08-21,Q,2029-12-31,6.27,6.60434,6.04956,1,7013500000,3,Technology,128.88,26979636096,1734355
2026-08-21,Q,2028-12-31,6.12167,6.28131,5.96203,2,6790890000,7,Technology,128.88,26979636096,1734355
2026-08-21,Q,2027-12-31,5.3775,5.82047,5.11996,4,6225859250,6,Technology,128.88,26979636096,1734355
2026-08-21,QBTS,2030-12-31,-0.076,-0.04902504,-0.09767226,5,431868250,5,Technology,20.39,7488616419,17677487.04473
2026-08-21,QBTS,2029-12-31,-0.286,-0.18449,-0.36756,5,314100200,5,Technology,20.39,7488616419,17677487.04473
2026-08-21,QBTS,2028-12-31,-0.359,-0.25962,-0.45433,8,146988600,11,Technology,20.39,7488616419,17677487.04473
2026-08-21,QBTS,2027-12-31,-0.37562,-0.23349,-0.51775,10,80971000,12,Technology,20.39,7488616419,17677487.04473
2026-08-21,QCOM,2030-09-28,24.93,26.45022,23.15571,4,71251000000,23,Technology,160.75,168787500000,8515558
2026-08-21,QCOM,2029-09-28,17.54855,18.61865,16.2996,3,61690005928,12,Technology,160.75,168787500000,8515558
2026-08-21,QCOM,2028-09-28,13.20401,15.49137,11.20165,9,52269858153,24,Technology,160.75,168787500000,8515558
2026-08-21,QCOM,2027-09-28,10.20776,12.26553,9.43736,21,44973794161,26,Technology,160.75,168787500000,8515558
2026-08-21,QDEL,2030-12-28,0.9,0.90456,0.89312,1,2825772000,1,Healthcare,14.74,1005135178,1987932
2026-08-21,QDEL,2029-12-28,2.15,2.16088,2.13356,1,2796000000,1,Healthcare,14.74,1005135178,1987932
2026-08-21,QDEL,2028-12-28,1.91888,1.92859,1.90421,1,2682537415,1,Healthcare,14.74,1005135178,1987932
2026-08-21,QDEL,2027-12-28,1.46845,1.47588,1.45722,1,2591391058,2,Healthcare,14.74,1005135178,1987932
2026-08-21,QFIN,2028-12-31,34.10828,40.83852,28.51293,8,14103200512,7,Financial Services,11.575,1506892671,1356110
2026-08-21,QFIN,2027-12-31,28.89199,29.85506,27.78077,6,13549888932,7,Financial Services,11.575,1506892671,1356110
2026-08-21,QFIN,2026-12-31,26.92458,28.65236,24.90883,6,14619390514,6,Financial Services,11.575,1506892671,1356110
2026-08-21,QFIN,2025-12-31,44.02546,50.38349,43.95491,4,19588065929,6,Financial Services,11.575,1506892671,1356110
2026-08-21,QGEN,2030-12-31,3.30121,3.51116,3.22567,1,2603796195,6,Healthcare,44.07,9089437500,2902784
2026-08-21,QGEN,2029-12-31,3.0666,3.26163,2.99642,1,2495345007,10,Healthcare,44.07,9089437500,2902784
2026-08-21,QGEN,2028-12-31,2.85463,3.61348,2.46374,4,2370645557,12,Healthcare,44.07,9089437500,2902784
2026-08-21,QGEN,2027-12-31,2.61021,3.25317,2.47586,8,2243639411,13,Healthcare,44.07,9089437500,2902784
2026-08-21,QMCO,2030-03-31,0,0,0,0,340900000,1,Technology,22.25,876082625,1459307
2026-08-21,QMCO,2029-03-31,0,0,0,0,321300000,1,Technology,22.25,876082625,1459307
2026-08-21,QMCO,2028-03-31,0.84,0.86568,0.81432,1,377950000,1,Technology,22.25,876082625,1459307
2026-08-21,QMCO,2027-03-31,0.465,0.47921,0.45079,1,332500000,1,Technology,22.25,876082625,1459307
2026-08-21,QNST,2031-06-30,2.43,2.50271,2.3559,1,1951800000,1,Communication Services,20.62,1184523529,880304
2026-08-21,QNST,2030-06-30,2.33,2.39972,2.25895,1,1854700000,1,Communication Services,20.62,1184523529,880304
2026-08-21,QNST,2029-06-30,2.26,2.47425,2.04575,2,1800314500,2,Communication Services,20.62,1184523529,880304
2026-08-21,QNST,2028-06-30,1.87,2.01609,1.63625,3,1628604500,3,Communication Services,20.62,1184523529,880304
2026-08-21,QNT,2027-12-31,-1.65,-1.49,-2,8,61150000,8,Technology,56.6,14903240554,1344709
2026-08-21,QNT,2026-12-31,-1.64,-1.5,-2,7,30100000,8,Technology,56.6,14903240554,1344709
2026-08-21,QRVO,2029-03-28,9.03024,11.3496,6.67483,4,3876838398,7,Technology,95.56,8430456096,558600
2026-08-21,QRVO,2028-03-28,8.03324,8.62363,6.97827,7,3674332835,9,Technology,95.56,8430456096,558600
2026-08-21,QRVO,2027-03-28,7.64813,8.52711,6.77925,10,3524332471,12,Technology,95.56,8430456096,558600
2026-08-21,QRVO,2026-03-28,6.51247,6.55236,6.49252,12,3671675087,12,Technology,95.56,8430456096,558600
2026-08-21,QSR,2030-12-31,5.8,6.11632,5.38714,2,9970000000,6,Consumer Cyclical,80.86,28055719114,2271453
2026-08-21,QSR,2029-12-31,5.525,5.82632,5.13171,3,10394000000,11,Consumer Cyclical,80.86,28055719114,2271453
2026-08-21,QSR,2028-12-31,4.83328,5.01401,4.68175,6,9962798202,13,Consumer Cyclical,80.86,28055719114,2271453
2026-08-21,QSR,2027-12-31,4.41853,4.58963,4.26756,14,9934298225,18,Consumer Cyclical,80.86,28055719114,2271453
2026-08-21,QTWO,2028-12-31,5.05491,5.08643,5.03146,3,1075864112,4,Technology,63.91,3985088877,525375
2026-08-21,QTWO,2027-12-31,3.52255,4.47513,2.86765,6,973836334,10,Technology,63.91,3985088877,525375
2026-08-21,QTWO,2026-12-31,2.91774,3.38834,2.66675,6,884821666,10,Technology,63.91,3985088877,525375
2026-08-21,QTWO,2025-12-31,2.3748,2.45564,2.32427,8,791395155,11,Technology,63.91,3985088877,525375
2026-08-21,QURE,2030-12-31,3.85833,9.12839,0.28906,4,882063667,6,Healthcare,48.37,3355252768,651014
2026-08-21,QURE,2029-12-31,1.19667,2.83119,0.08965342,2,652560357,6,Healthcare,48.37,3355252768,651014
2026-08-21,QURE,2028-12-31,-1.12383,3.09835,-4.21375,7,408644400,8,Healthcare,48.37,3355252768,651014
2026-08-21,QURE,2027-12-31,-2.98492,-2.41805,-3.42779,8,143217909,7,Healthcare,48.37,3355252768,651014
2026-08-21,QXO,2030-12-31,2.12582,2.41855,1.9314,1,33207741899,7,Industrials,13.76,14275724800,11646761
2026-08-21,QXO,2029-12-31,1.64031,1.86619,1.49029,1,28552472393,10,Industrials,13.76,14275724800,11646761
2026-08-21,QXO,2028-12-31,1.08498,1.23439,0.98575,5,23423036749,15,Industrials,13.76,14275724800,11646761
2026-08-21,QXO,2027-12-31,0.65043,0.917,0.53314,9,19197476207,12,Industrials,13.76,14275724800,11646761
2026-08-21,RAL,2029-12-31,4.21,4.29814,4.14014,1,2642000000,2,Technology,63.61,7037811163,543983
2026-08-21,RAL,2028-12-31,3.89881,4.47216,3.50893,3,2593852875,5,Technology,63.61,7037811163,543983
2026-08-21,RAL,2027-12-31,3.30887,3.68874,2.97898,8,2444150613,8,Technology,63.61,7037811163,543983
2026-08-21,RAL,2026-12-31,2.85803,2.92774,2.77836,8,2294931232,8,Technology,63.61,7037811163,543983
2026-08-21,RAMP,2029-03-31,0,0,0,0,1024099999,1,Technology,37.58,2284349718,562547
2026-08-21,RAMP,2028-03-31,3.76333,3.80696,3.7197,2,982587315,3,Technology,37.58,2284349718,562547
2026-08-21,RAMP,2027-03-31,2.935,3.00634,2.85347,1,887918781,1,Technology,37.58,2284349718,562547
2026-08-21,RAMP,2026-03-31,2.295,2.30752,2.28475,3,812359279,5,Technology,37.58,2284349718,562547
2026-08-21,RARE,2030-12-31,5.28,7.82209,4.25282,5,2173158889,12,Healthcare,25.83,2543976036,2296828
2026-08-21,RARE,2029-12-31,2.62444,3.88799,2.11388,10,1642162889,8,Healthcare,25.83,2543976036,2296828
2026-08-21,RARE,2028-12-31,0.54427,6.13422,-4.00428,13,1256850036,14,Healthcare,25.83,2543976036,2296828
2026-08-21,RARE,2027-12-31,-0.62409,3.22805,-1.90096,10,1010148430,13,Healthcare,25.83,2543976036,2296828
2026-08-21,RBA,2028-12-31,5.15636,5.73482,4.5779,2,5454839404,1,Industrials,87.02,16211826000,1985795
2026-08-21,RBA,2027-12-31,4.8733,5.0663,4.7189,6,5351505737,7,Industrials,87.02,16211826000,1985795
2026-08-21,RBA,2026-12-31,4.42555,4.48673,4.37456,6,5090684482,7,Industrials,87.02,16211826000,1985795
2026-08-21,RBA,2025-12-31,3.8739,3.88391,3.86389,5,4563124392,5,Industrials,87.02,16211826000,1985795
2026-08-21,RBLX,2030-12-31,0.26,0.30793,0.22813,7,13637425000,14,Technology,38.37,27410602554,8252425
2026-08-21,RBLX,2029-12-31,-0.27,-0.2369,-0.31977,12,11778425000,14,Technology,38.37,27410602554,8252425
2026-08-21,RBLX,2028-12-31,-0.92451,-0.30786,-1.89294,17,9194871514,16,Technology,38.37,27410602554,8252425
2026-08-21,RBLX,2027-12-31,-1.18864,-0.52521,-1.83364,20,7879062245,19,Technology,38.37,27410602554,8252425
2026-08-21,RBRK,2031-01-31,1.96,2.03587,1.90462,1,3261200000,4,Technology,100.09,20601178889,2125021
2026-08-21,RBRK,2030-01-31,1.4807,1.53802,1.43886,1,2813410450,5,Technology,100.09,20601178889,2125021
2026-08-21,RBRK,2029-01-31,1.09787,2.13791,0.3073,3,2417176721,10,Technology,100.09,20601178889,2125021
2026-08-21,RBRK,2028-01-31,0.64006,0.92665,0.48721,14,1997341688,20,Technology,100.09,20601178889,2125021
2026-08-21,RCI,2028-12-31,3.82216,3.89844,3.78503,6,23795871943,4,Communication Services,36.27,19593971232,549013
2026-08-21,RCI,2027-12-31,3.51973,4.02106,3.12284,12,23481538967,10,Communication Services,36.27,19593971232,549013
2026-08-21,RCI,2026-12-31,3.43493,3.57148,3.31938,12,23208608750,10,Communication Services,36.27,19593971232,549013
2026-08-21,RCI,2025-12-31,3.57352,3.70625,3.34889,10,21527360078,9,Communication Services,36.27,19593971232,549013
2026-08-21,RCL,2030-12-31,29.17667,30.39301,28.62376,1,25876666667,12,Consumer Cyclical,292,78312940000,1220835
2026-08-21,RCL,2029-12-31,25.38349,26.4417,24.90246,1,24548119836,8,Consumer Cyclical,292,78312940000,1220835
2026-08-21,RCL,2028-12-31,23.27456,25.3225,21.81844,5,22842565777,14,Consumer Cyclical,292,78312940000,1220835
2026-08-21,RCL,2027-12-31,20.31222,21.05929,19.28248,16,20945099005,19,Consumer Cyclical,292,78312940000,1220835
2026-08-21,RCUS,2030-12-31,0.505,0.79878,0.2747,5,823566571,5,Healthcare,30.34,3815957735,890797
2026-08-21,RCUS,2029-12-31,-1.55333,-0.84494,-2.45696,5,388024143,5,Healthcare,30.34,3815957735,890797
2026-08-21,RCUS,2028-12-31,-2.37236,-1.69386,-3.35483,8,170722477,10,Healthcare,30.34,3815957735,890797
2026-08-21,RCUS,2027-12-31,-3.48205,-2.30007,-4.84505,8,49065147,8,Healthcare,30.34,3815957735,890797
2026-08-21,RDDT,2030-12-31,14.33333,15.51293,12.74141,14,7354700000,11,Communication Services,153.25,29502010993,3868951
2026-08-21,RDDT,2029-12-31,10.5076,11.37235,9.34058,8,6165507354,14,Communication Services,153.25,29502010993,3868951
2026-08-21,RDDT,2028-12-31,8.96027,11.34748,6.5018,19,5535921126,22,Communication Services,153.25,29502010993,3868951
2026-08-21,RDDT,2027-12-31,7.07658,8.82262,4.4678,23,4451761436,25,Communication Services,153.25,29502010993,3868951
2026-08-21,RDN,2028-12-31,5.33643,5.39306,5.2798,1,2215695000,1,Financial Services,36.59,4865555250,631337
2026-08-21,RDN,2027-12-31,5.1612,5.60561,4.74709,3,2377653500,1,Financial Services,36.59,4865555250,631337
2026-08-21,RDN,2026-12-31,4.73524,4.91062,4.42345,3,2160466500,1,Financial Services,36.59,4865555250,631337
2026-08-21,RDN,2025-12-31,4.25186,4.28159,4.21222,3,1221036436,1,Financial Services,36.59,4865555250,631337
2026-08-21,RDNT,2028-12-31,1.19,1.52564,0.97641,3,3020486800,4,Healthcare,76.82,6040679244,635546
2026-08-21,RDNT,2027-12-31,0.88667,1.06015,0.71319,3,2782244833,4,Healthcare,76.82,6040679244,635546
2026-08-21,RDNT,2026-12-31,0.51429,0.59826,0.39884,4,2509973857,5,Healthcare,76.82,6040679244,635546
2026-08-21,RDNT,2025-12-31,0.37714,0.40857,0.30381,5,2009056000,4,Healthcare,76.82,6040679244,635546
2026-08-21,RDW,2028-12-31,-0.15,-0.11,-0.19,2,683800000,2,Industrials,12.02,2870676500,11400653
2026-08-21,RDW,2027-12-31,-0.36286,-0.22784,-0.44725,4,564830714,6,Industrials,12.02,2870676500,11400653
2026-08-21,RDW,2026-12-31,-0.75375,-0.47664,-0.99761,3,474054750,6,Industrials,12.02,2870676500,11400653
2026-08-21,RDW,2025-12-31,-1.688,-1.20424,-1.9762,3,328660648,6,Industrials,12.02,2870676500,11400653
2026-08-21,RDY,2029-03-31,68.76573,76.64272,64.63015,1,427435793601,10,Healthcare,12.18,10145274241,1746775
2026-08-21,RDY,2028-03-31,56.22622,64.11762,47.34839,2,388073272253,20,Healthcare,12.18,10145274241,1746775
2026-08-21,RDY,2027-03-31,42.80885,47.56538,38.05231,2,347470883785,20,Healthcare,12.18,10145274241,1746775
2026-08-21,RDY,2026-03-31,60.13494,63.95303,57.27137,2,345083120879,18,Healthcare,12.18,10145274241,1746775
2026-08-21,REAL,2028-12-31,0.47767,0.49062,0.46253,1,981797870,2,Consumer Cyclical,11.12,1339823535,7540975
2026-08-21,REAL,2027-12-31,0.28643,0.31948,0.22033,5,883432484,7,Consumer Cyclical,11.12,1339823535,7540975
2026-08-21,REAL,2026-12-31,0.099272,0.12133,0.07721156,4,795536005,7,Consumer Cyclical,11.12,1339823535,7540975
2026-08-21,REAL,2025-12-31,-0.14487,-0.11383,-0.16557,4,689484036,7,Consumer Cyclical,11.12,1339823535,7540975
2026-08-21,REG,2030-12-31,3,3.0729,2.94322,4,2168400000,2,Real Estate,76.06,13889660467,1073920
2026-08-21,REG,2029-12-31,2.88,2.94999,2.82549,2,1915584000,1,Real Estate,76.06,13889660467,1073920
2026-08-21,REG,2028-12-31,2.76977,2.99606,2.6485,7,1812866565,3,Real Estate,76.06,13889660467,1073920
2026-08-21,REG,2027-12-31,2.60804,2.62854,2.56705,8,1744401726,4,Real Estate,76.06,13889660467,1073920
2026-08-21,REGN,2030-12-31,80.03142,88.16544,69.08065,5,22407074592,10,Healthcare,834.04,85924468880,717667
2026-08-21,REGN,2029-12-31,75.64408,83.33219,65.29363,5,21337309196,10,Healthcare,834.04,85924468880,717667
2026-08-21,REGN,2028-12-31,68.02825,77.6683,60.70076,8,19816711410,21,Healthcare,834.04,85924468880,717667
2026-08-21,REGN,2027-12-31,60.87577,68.40774,47.06208,10,18554451068,19,Healthcare,834.04,85924468880,717667
2026-08-21,RELX,2029-12-31,1.82145,1.83389,1.80445,1,12024947767,6,Industrials,35.91,62695079036,2123094
2026-08-21,RELX,2028-12-31,1.7493,1.76124,1.73297,1,11424312587,5,Industrials,35.91,62695079036,2123094
2026-08-21,RELX,2027-12-31,1.56348,1.5923,1.53466,2,10655597367,8,Industrials,35.91,62695079036,2123094
2026-08-21,RELX,2026-12-31,1.4086,1.4305,1.3867,2,9998648292,8,Industrials,35.91,62695079036,2123094
2026-08-21,RELY,2030-12-31,1.91,1.93425,1.8836,1,3730482900,2,Technology,26.67,5615664004,2638870
2026-08-21,RELY,2029-12-31,1.46,1.47854,1.43982,1,3272353400,2,Technology,26.67,5615664004,2638870
2026-08-21,RELY,2028-12-31,1.30696,1.4121,1.22354,3,2821718760,4,Technology,26.67,5615664004,2638870
2026-08-21,RELY,2027-12-31,1.06636,1.0799,1.05162,4,2372959386,7,Technology,26.67,5615664004,2638870
2026-08-21,REPL,2031-03-31,1.01667,1.92129,0.12574,2,547104000,1,Healthcare,14.77,1241065054,2943797
2026-08-21,REPL,2030-03-31,0.0525,0.09921365,0.00649335,1,389270000,2,Healthcare,14.77,1241065054,2943797
2026-08-21,REPL,2029-03-31,-1.04205,0.62854,-3.12064,4,246591527,4,Healthcare,14.77,1241065054,2943797
2026-08-21,REPL,2028-03-31,-2.00714,-1.91256,-2.18579,4,175431771,5,Healthcare,14.77,1241065054,2943797
2026-08-21,REXR,2030-12-31,1.27,1.36432,1.19377,1,1089485500,5,Real Estate,37.23,8512095793,1541026
2026-08-21,REXR,2029-12-31,1.015,1.09039,0.95408,1,961115000,3,Real Estate,37.23,8512095793,1541026
2026-08-21,REXR,2028-12-31,1.23838,1.62514,0.95,3,924124788,7,Real Estate,37.23,8512095793,1541026
2026-08-21,REXR,2027-12-31,1.41141,1.48348,1.35736,3,910658545,7,Real Estate,37.23,8512095793,1541026
2026-08-21,REYN,2030-12-31,1.96,1.97648,1.94805,1,4070000000,2,Consumer Defensive,25.47,5368846312,862920
2026-08-21,REYN,2029-12-31,1.88,1.89581,1.86854,1,4002500000,1,Consumer Defensive,25.47,5368846312,862920
2026-08-21,REYN,2028-12-31,1.7633,1.85715,1.66945,2,3956158439,3,Consumer Defensive,25.47,5368846312,862920
2026-08-21,REYN,2027-12-31,1.67982,1.69395,1.66958,3,3870602401,3,Consumer Defensive,25.47,5368846312,862920
2026-08-21,REZI,2028-12-31,2.57612,2.8083,2.12106,1,8413920730,1,Industrials,20.27,4410742595,2070793
2026-08-21,REZI,2027-12-31,2.05664,2.22091,1.76096,2,8102314225,3,Industrials,20.27,4410742595,2070793
2026-08-21,REZI,2026-12-31,2.05751,2.07749,2.03088,2,7815542500,2,Industrials,20.27,4410742595,2070793
2026-08-21,REZI,2025-12-31,1.84322,2.00934,1.51762,2,7449920000,2,Industrials,20.27,4410742595,2070793
2026-08-21,RF,2028-12-31,3.12652,3.3292,3.02597,7,8525613714,3,Financial Services,30.41,25951285800,5102405
2026-08-21,RF,2027-12-31,2.85,2.92025,2.72958,15,8181733079,6,Financial Services,30.41,25951285800,5102405
2026-08-21,RF,2026-12-31,2.63657,2.69672,2.57642,15,7822559025,6,Financial Services,30.41,25951285800,5102405
2026-08-21,RF,2025-12-31,2.35806,2.38804,2.3081,9,7574743083,5,Financial Services,30.41,25951285800,5102405
2026-08-21,RGEN,2030-12-31,5.376,5.85639,5.19096,2,1440203600,6,Healthcare,181.13,10222180228,1086242
2026-08-21,RGEN,2029-12-31,4.3499,4.7386,4.20018,3,1254882911,10,Healthcare,181.13,10222180228,1086242
2026-08-21,RGEN,2028-12-31,3.4223,4.05862,3.13951,6,1117218914,12,Healthcare,181.13,10222180228,1086242
2026-08-21,RGEN,2027-12-31,2.62347,2.72399,2.48275,11,963579233,14,Healthcare,181.13,10222180228,1086242
2026-08-21,RGLD,2030-12-31,12.62,15.2644,10.44258,1,1979538900,2,Basic Materials,259.01,21981298584,884694
2026-08-21,RGLD,2029-12-31,11.88033,14.36974,9.83053,1,1953032750,2,Basic Materials,259.01,21981298584,884694
2026-08-21,RGLD,2028-12-31,13.16951,13.51257,12.82644,2,2155444598,4,Basic Materials,259.01,21981298584,884694
2026-08-21,RGLD,2027-12-31,12.94273,13.35168,12.16904,5,2152378063,6,Basic Materials,259.01,21981298584,884694
2026-08-21,RGNX,2030-12-31,3.295,5.99319,0.82311,1,809209000,3,Healthcare,10.72,554195667,979397
2026-08-21,RGNX,2029-12-31,0.4275,0.77757,0.10679,1,574598000,4,Healthcare,10.72,554195667,979397
2026-08-21,RGNX,2028-12-31,-1.89857,-0.59755,-4.38654,5,367772625,6,Healthcare,10.72,554195667,979397
2026-08-21,RGNX,2027-12-31,-2.26318,-0.54865,-3.75482,6,260414026,7,Healthcare,10.72,554195667,979397
2026-08-21,RGTI,2030-12-31,-0.15333,-0.10104,-0.25732,2,221294333,6,Technology,17.91,5953262633,23018157
2026-08-21,RGTI,2029-12-31,-0.23,-0.15156,-0.38599,3,128890667,6,Technology,17.91,5953262633,23018157
2026-08-21,RGTI,2028-12-31,-0.18429,-0.11283,-0.29336,6,85763143,8,Technology,17.91,5953262633,23018157
2026-08-21,RGTI,2027-12-31,-0.19636,-0.13435,-0.28937,7,52155000,9,Technology,17.91,5953262633,23018157
2026-08-21,RH,2031-01-31,28.2,28.82714,27.34783,1,5321300000,3,Consumer Cyclical,153.21,2895822210,863762
2026-08-21,RH,2030-01-31,21.02,21.48746,20.3848,1,4887400000,4,Consumer Cyclical,153.21,2895822210,863762
2026-08-21,RH,2029-01-31,13.39328,19.16109,7.62547,2,4286106122,8,Consumer Cyclical,153.21,2895822210,863762
2026-08-21,RH,2028-01-31,9.33819,11.14063,7.4207,11,3939194917,15,Consumer Cyclical,153.21,2895822210,863762
2026-08-21,RHI,2029-12-31,2.99,3.04555,2.95155,1,6070000000,4,Industrials,44.75,4577656500,2062372
2026-08-21,RHI,2028-12-31,2.48593,2.83679,2.07951,5,5817368733,6,Industrials,44.75,4577656500,2062372
2026-08-21,RHI,2027-12-31,1.9721,2.07844,1.90443,7,5531826881,7,Industrials,44.75,4577656500,2062372
2026-08-21,RHI,2026-12-31,1.26793,1.27791,1.25795,7,5313089933,7,Industrials,44.75,4577656500,2062372
2026-08-21,RIO,2030-12-31,6.91,7.63291,6.0562,5,64510000000,9,Basic Materials,105.3,171114580939,3085612
2026-08-21,RIO,2029-12-31,8.30293,9.17156,7.27702,5,71335756067,10,Basic Materials,105.3,171114580939,3085612
2026-08-21,RIO,2028-12-31,8.13039,9.07176,6.86875,8,66528299963,18,Basic Materials,105.3,171114580939,3085612
2026-08-21,RIO,2027-12-31,8.29415,9.58925,7.71549,6,65555004504,15,Basic Materials,105.3,171114580939,3085612
2026-08-21,RIOT,2030-12-31,1.59,2.07537,1.09728,3,3338000000,5,Financial Services,19.83,7498738891,27244096
2026-08-21,RIOT,2029-12-31,1.5354,2.0041,1.0596,3,2144329632,5,Financial Services,19.83,7498738891,27244096
2026-08-21,RIOT,2028-12-31,-0.63852,0.44878,-1.70063,9,1206892030,10,Financial Services,19.83,7498738891,27244096
2026-08-21,RIOT,2027-12-31,-1.13607,-0.28938,-2.04707,8,800473971,14,Financial Services,19.83,7498738891,27244096
2026-08-21,RITM,2028-12-31,2.45684,2.52431,2.33954,3,6850150000,1,Real Estate,10.19,5690167330,3679847
2026-08-21,RITM,2027-12-31,2.35045,2.49415,2.12464,7,6360697429,5,Real Estate,10.19,5690167330,3679847
2026-08-21,RITM,2026-12-31,2.29335,2.37453,2.17158,7,5848553429,5,Real Estate,10.19,5690167330,3679847
2026-08-21,RITM,2025-12-31,2.17448,2.20496,2.13384,5,4457060000,4,Real Estate,10.19,5690167330,3679847
2026-08-21,RIVN,2030-12-31,0.4124,0.56533,0.34005,5,33676866667,8,Consumer Cyclical,16.97,20599508116,34973009
2026-08-21,RIVN,2029-12-31,-0.39755,-0.3278,-0.54497,5,26086450000,13,Consumer Cyclical,16.97,20599508116,34973009
2026-08-21,RIVN,2028-12-31,-1.3408,-0.56565,-1.74838,8,15971566136,17,Consumer Cyclical,16.97,20599508116,34973009
2026-08-21,RIVN,2027-12-31,-1.9038,-1.35673,-2.68064,12,11788702114,18,Consumer Cyclical,16.97,20599508116,34973009
2026-08-21,RJF,2029-09-30,20.4884,21.10183,19.51609,1,20834637600,2,Financial Services,175.2,33655920000,648519
2026-08-21,RJF,2028-09-30,16.75082,18.3083,15.19336,2,18933785171,4,Financial Services,175.2,33655920000,648519
2026-08-21,RJF,2027-09-30,14.32436,16.66671,4.27929,9,17557849659,7,Financial Services,175.2,33655920000,648519
2026-08-21,RJF,2026-09-30,12.16569,12.40759,11.74236,9,15749897780,7,Financial Services,175.2,33655920000,648519
2026-08-21,RKLB,2030-12-31,0.882,0.95683,0.80913,2,2717933333,4,Industrials,72.57,42008412661,12459036
2026-08-21,RKLB,2029-12-31,0.53,0.57497,0.48621,3,2180583333,4,Industrials,72.57,42008412661,12459036
2026-08-21,RKLB,2028-12-31,0.29222,0.68672,0.1315,6,1858363187,9,Industrials,72.57,42008412661,12459036
2026-08-21,RKLB,2027-12-31,-0.042206,0.12662,-0.21103,9,1394280569,14,Industrials,72.57,42008412661,12459036
2026-08-21,RKT,2028-12-31,1.045,1.23371,0.84739,5,13044387723,4,Financial Services,13.93,39338517583,18284114
2026-08-21,RKT,2027-12-31,0.88422,1.00344,0.80474,10,11984641120,8,Financial Services,13.93,39338517583,18284114
2026-08-21,RKT,2026-12-31,0.61946,0.68829,0.58013,9,11040279314,7,Financial Services,13.93,39338517583,18284114
2026-08-21,RKT,2025-12-31,0.24231,0.26169,0.23262,8,6314397560,5,Financial Services,13.93,39338517583,18284114
2026-08-21,RLAY,2030-12-31,-0.2925,-0.08839202,-0.95337,4,449458375,5,Healthcare,19.44,4260113307,2196589
2026-08-21,RLAY,2029-12-31,-1.11375,-0.33657,-3.63014,4,183090750,5,Healthcare,19.44,4260113307,2196589
2026-08-21,RLAY,2028-12-31,-1.60689,-1.45733,-1.75273,10,35449378,10,Healthcare,19.44,4260113307,2196589
2026-08-21,RLAY,2027-12-31,-1.6213,-1.46215,-1.75061,9,17912714,8,Healthcare,19.44,4260113307,2196589
2026-08-21,RLJ,2028-12-31,0,0,0,2,1449974700,2,Real Estate,11.5,1747191849,1979953
2026-08-21,RLJ,2027-12-31,0.065383,0.06722477,0.06446211,4,1419686000,7,Real Estate,11.5,1747191849,1979953
2026-08-21,RLJ,2026-12-31,0.030274,0.03133253,0.02942717,4,1390196696,5,Real Estate,11.5,1747191849,1979953
2026-08-21,RLJ,2025-12-31,-0.006528,-0.00647964,-0.00657636,4,1339224822,6,Real Estate,11.5,1747191849,1979953
2026-08-21,RMBS,2029-12-31,4.83,5.21059,4.62464,1,1327700000,4,Technology,91.24,9896036384,1041818
2026-08-21,RMBS,2028-12-31,4.70083,7.65202,3.60467,5,1232614143,6,Technology,91.24,9896036384,1041818
2026-08-21,RMBS,2027-12-31,3.75149,4.0471,3.59199,5,987867256,6,Technology,91.24,9896036384,1041818
2026-08-21,RMBS,2026-12-31,3.03455,3.27366,2.90553,5,825647244,6,Technology,91.24,9896036384,1041818
2026-08-21,RMD,2030-06-30,15.47584,16.27264,14.84415,5,7065159953,11,Healthcare,231.52,33583454024,925810
2026-08-21,RMD,2029-06-30,14.50196,15.142,12.8968,7,6602103414,17,Healthcare,231.52,33583454024,925810
2026-08-21,RMD,2028-06-30,13.29645,13.672,13.11375,14,6194148543,21,Healthcare,231.52,33583454024,925810
2026-08-21,RMD,2027-06-30,12.09833,12.30952,11.80668,14,5817494558,21,Healthcare,231.52,33583454024,925810
2026-08-21,RNG,2030-12-31,8.295,8.45865,8.21753,1,3298300000,4,Technology,67.01,5778115564,1396878
2026-08-21,RNG,2029-12-31,7.4,7.546,7.33088,1,3114700000,4,Technology,67.01,5778115564,1396878
2026-08-21,RNG,2028-12-31,6.19882,7.24122,5.15642,2,2884442913,9,Technology,67.01,5778115564,1396878
2026-08-21,RNG,2027-12-31,5.59354,6.12431,4.48096,8,2761929437,12,Technology,67.01,5778115564,1396878
2026-08-21,ROIV,2031-03-31,2.766,4.69584,0.94111,3,4993844200,3,Healthcare,36.3,26223337800,5774763
2026-08-21,ROIV,2030-03-31,1.412,2.39716,0.48042,2,3194764600,4,Healthcare,36.3,26223337800,5774763
2026-08-21,ROIV,2029-03-31,-0.38118,0.28738,-0.91961,6,1480375332,8,Healthcare,36.3,26223337800,5774763
2026-08-21,ROIV,2028-03-31,-1.26425,-0.43015,-2.14632,3,404211753,8,Healthcare,36.3,26223337800,5774763
2026-08-21,ROKU,2030-12-31,6.9239,7.20678,6.71668,4,7896979657,6,Communication Services,157.49,23362406936,1196136
2026-08-21,ROKU,2029-12-31,6.75694,7.033,6.55472,4,7653794080,10,Communication Services,157.49,23362406936,1196136
2026-08-21,ROKU,2028-12-31,5.60218,6.69544,4.38173,11,7154072723,12,Communication Services,157.49,23362406936,1196136
2026-08-21,ROKU,2027-12-31,3.8217,4.33389,3.29966,14,6313625713,21,Communication Services,157.49,23362406936,1196136
2026-08-21,ROL,2030-12-31,1.67,1.71109,1.62654,2,5433157300,5,Industrials,36.91,17759076862,3037444
2026-08-21,ROL,2029-12-31,1.5781,1.61693,1.53703,3,5241253098,5,Industrials,36.91,17759076862,3037444
2026-08-21,ROL,2028-12-31,1.41747,1.51466,1.36518,6,4812479743,11,Industrials,36.91,17759076862,3037444
2026-08-21,ROL,2027-12-31,1.27294,1.34148,1.23377,12,4441817675,13,Industrials,36.91,17759076862,3037444
2026-08-21,ROP,2029-12-31,30.25,30.97766,29.78499,1,10148000000,6,Technology,411.79,41556611430,559084
2026-08-21,ROP,2028-12-31,26.58224,27.37338,25.7911,2,9585420187,8,Technology,411.79,41556611430,559084
2026-08-21,ROP,2027-12-31,24.33454,25.64694,22.86184,11,9073560632,16,Technology,411.79,41556611430,559084
2026-08-21,ROP,2026-12-31,22.21824,22.32823,22.00826,11,8570039994,16,Technology,411.79,41556611430,559084
2026-08-21,ROST,2030-01-31,9.31,9.81444,8.98736,3,27904000000,4,Consumer Cyclical,239.04,76679508407,6197424
2026-08-21,ROST,2029-01-31,9.75103,11.03784,8.85278,8,29170800463,8,Consumer Cyclical,239.04,76679508407,6197424
2026-08-21,ROST,2028-01-31,8.93929,9.22125,8.6991,15,27331856894,15,Consumer Cyclical,239.04,76679508407,6197424
2026-08-21,ROST,2027-01-31,8.31201,8.49294,8.07787,15,25580788760,15,Consumer Cyclical,239.04,76679508407,6197424
2026-08-21,RPD,2029-12-31,1.97,2.00731,1.93188,1,904000000,6,Technology,11.85,791942610,1462617
2026-08-21,RPD,2028-12-31,1.77134,1.84941,1.65134,3,842619479,8,Technology,11.85,791942610,1462617
2026-08-21,RPD,2027-12-31,1.82702,2.17449,1.55801,14,830333327,18,Technology,11.85,791942610,1462617
2026-08-21,RPD,2026-12-31,1.79845,2.00938,1.69854,13,838971073,18,Technology,11.85,791942610,1462617
2026-08-21,RPM,2030-05-31,7.5515,7.69859,7.38264,1,8886152600,2,Basic Materials,108.63,13876504830,1577432
2026-08-21,RPM,2029-05-31,7.41536,7.55881,7.27191,2,8950089870,5,Basic Materials,108.63,13876504830,1577432
2026-08-21,RPM,2028-05-31,6.73654,6.9793,6.52413,6,8613614628,10,Basic Materials,108.63,13876504830,1577432
2026-08-21,RPM,2027-05-31,6.00748,6.11762,5.91737,7,8293619337,11,Basic Materials,108.63,13876504830,1577432
2026-08-21,RPRX,2030-12-31,7.56,7.84513,7.31486,1,4910000000,2,Healthcare,61.31,27177128940,2264407
2026-08-21,RPRX,2029-12-31,6.95,7.21212,6.72464,1,4540000000,2,Healthcare,61.31,27177128940,2264407
2026-08-21,RPRX,2028-12-31,6.47406,8.47482,4.4733,2,4135508157,4,Healthcare,61.31,27177128940,2264407
2026-08-21,RPRX,2027-12-31,5.73683,6.05784,5.188,4,3809540719,4,Healthcare,61.31,27177128940,2264407
2026-08-21,RRC,2030-12-31,5.69,6.3068,5.2129,2,4254000000,3,Energy,41.06,9594900800,2061105
2026-08-21,RRC,2029-12-31,6.27727,6.95773,5.75093,3,4571295100,4,Energy,41.06,9594900800,2061105
2026-08-21,RRC,2028-12-31,4.71181,6.39848,3.66719,6,3901430619,6,Energy,41.06,9594900800,2061105
2026-08-21,RRC,2027-12-31,3.91006,5.04453,3.33732,13,3616083593,7,Energy,41.06,9594900800,2061105
2026-08-21,RRX,2030-12-31,20.40526,20.81776,19.88607,1,8884108265,2,Industrials,166.15,11060534554,754327
2026-08-21,RRX,2029-12-31,17.20657,17.55441,16.76877,1,8132888596,2,Industrials,166.15,11060534554,754327
2026-08-21,RRX,2028-12-31,14.5842,15.50576,13.78953,3,7459766657,5,Industrials,166.15,11060534554,754327
2026-08-21,RRX,2027-12-31,13.10573,13.73123,12.6788,8,7071526198,9,Industrials,166.15,11060534554,754327
2026-08-21,RS,2030-12-31,18.0667,18.74762,17.09002,1,15390185307,2,Basic Materials,387.89,19803551339,572097
2026-08-21,RS,2029-12-31,18.5706,19.27051,17.56668,1,15485129824,1,Basic Materials,387.89,19803551339,572097
2026-08-21,RS,2028-12-31,22.1345,22.96873,20.93791,1,16921981539,3,Basic Materials,387.89,19803551339,572097
2026-08-21,RS,2027-12-31,23.07995,24.16182,21.88474,5,17284327939,6,Basic Materials,387.89,19803551339,572097
2026-08-21,RSG,2030-12-31,10.20838,10.36499,10.05156,5,20738678437,7,Industrials,220.67,67892214880,780973
2026-08-21,RSG,2029-12-31,9.63514,9.78296,9.48713,5,19944056524,10,Industrials,220.67,67892214880,780973
2026-08-21,RSG,2028-12-31,8.89239,9.7819,8.46252,8,18929880885,15,Industrials,220.67,67892214880,780973
2026-08-21,RSG,2027-12-31,8.07558,8.26738,7.8636,17,18096305257,19,Industrials,220.67,67892214880,780973
2026-08-21,RSI,2028-12-31,1.06407,1.14525,0.99737,1,2131466800,5,Consumer Cyclical,25.8,6385604671,1632906
2026-08-21,RSI,2027-12-31,0.84036,0.85142,0.8293,5,1838560182,8,Consumer Cyclical,25.8,6385604671,1632906
2026-08-21,RSI,2026-12-31,0.61991,0.6672,0.60991,5,1587863091,8,Consumer Cyclical,25.8,6385604671,1632906
2026-08-21,RSI,2025-12-31,0.40283,0.41266,0.393,3,1115095851,5,Consumer Cyclical,25.8,6385604671,1632906
2026-08-21,RTO,2030-12-31,1.50362,1.53246,1.47583,3,6334743788,14,Industrials,23.65,11901815200,801543
2026-08-21,RTO,2029-12-31,1.34428,1.37007,1.31944,3,6138569512,14,Industrials,23.65,11901815200,801543
2026-08-21,RTO,2028-12-31,1.25737,1.3821,1.12742,9,5834900782,16,Industrials,23.65,11901815200,801543
2026-08-21,RTO,2027-12-31,1.14581,1.35898,0.7994,5,5592442767,13,Industrials,23.65,11901815200,801543
2026-08-21,RTX,2030-12-31,10.47333,10.83195,10.15965,4,121652000000,9,Industrials,209.91,282907902981,4780103
2026-08-21,RTX,2029-12-31,9.71997,10.05279,9.42885,4,116843910818,10,Industrials,209.91,282907902981,4780103
2026-08-21,RTX,2028-12-31,8.76994,9.30551,8.08262,11,110826907692,18,Industrials,209.91,282907902981,4780103
2026-08-21,RTX,2027-12-31,7.90542,8.11936,7.46736,15,103364383063,17,Industrials,209.91,282907902981,4780103
2026-08-21,RVLV,2028-12-31,1.34763,1.39526,1.30001,2,1621655432,2,Consumer Cyclical,23.76,1695388456,528463
2026-08-21,RVLV,2027-12-31,1.11051,1.29732,0.96521,10,1518312286,12,Consumer Cyclical,23.76,1695388456,528463
2026-08-21,RVLV,2026-12-31,0.88294,0.98443,0.8119,8,1391923135,12,Consumer Cyclical,23.76,1695388456,528463
2026-08-21,RVLV,2025-12-31,0.77642,0.81783,0.75572,7,1207111295,10,Consumer Cyclical,23.76,1695388456,528463
2026-08-21,RVMD,2030-12-31,11.35789,33.67707,4.14661,8,6270894758,8,Healthcare,209.46,44530358160,2070274
2026-08-21,RVMD,2029-12-31,4.22324,12.52225,1.54185,9,4274172950,13,Healthcare,209.46,44530358160,2070274
2026-08-21,RVMD,2028-12-31,-3.31896,9.52285,-9.85156,18,2246737094,17,Healthcare,209.46,44530358160,2070274
2026-08-21,RVMD,2027-12-31,-6.63641,-0.03858378,-10.35974,16,901450587,15,Healthcare,209.46,44530358160,2070274
2026-08-21,RVTY,2030-12-28,7.564,7.65182,7.48434,1,3519581650,8,Healthcare,124.75,13917110000,1864543
2026-08-21,RVTY,2029-12-28,7.03414,7.1158,6.96006,1,3371662725,7,Healthcare,124.75,13917110000,1864543
2026-08-21,RVTY,2028-12-28,6.47532,9.00227,4.70645,3,3186326605,9,Healthcare,124.75,13917110000,1864543
2026-08-21,RVTY,2027-12-28,5.88401,5.93421,5.79364,8,3003509575,10,Healthcare,124.75,13917110000,1864543
2026-08-21,RXO,2030-12-31,1.24,1.33389,1.152,1,7339000000,5,Industrials,22.54,3717303832,1228622
2026-08-21,RXO,2029-12-31,1.76,1.89327,1.6351,1,7896000000,3,Industrials,22.54,3717303832,1228622
2026-08-21,RXO,2028-12-31,1.03007,1.30506,0.60351,3,8165689958,7,Industrials,22.54,3717303832,1228622
2026-08-21,RXO,2027-12-31,0.61003,0.74947,0.46188,12,7464667695,14,Industrials,22.54,3717303832,1228622
2026-08-21,RY,2028-10-31,19.58378,20.49654,18.67102,2,81381549908,3,Financial Services,205.23,285224549400,793497
2026-08-21,RY,2027-10-31,17.89346,17.99318,17.73675,7,76330621711,7,Financial Services,205.23,285224549400,793497
2026-08-21,RY,2026-10-31,16.38505,16.65647,15.9565,7,72941002676,7,Financial Services,205.23,285224549400,793497
2026-08-21,RY,2025-10-31,14.10203,14.31251,13.9617,9,66131128462,6,Financial Services,205.23,285224549400,793497
2026-08-21,RYAAY,2031-03-31,6.78655,6.96341,6.64908,2,20434635634,6,Industrials,55.8,28983356944,2000302
2026-08-21,RYAAY,2030-03-31,5.81857,5.9702,5.70071,1,19181990600,6,Industrials,55.8,28983356944,2000302
2026-08-21,RYAAY,2029-03-31,4.75391,4.8778,4.65761,1,18231628123,5,Industrials,55.8,28983356944,2000302
2026-08-21,RYAAY,2028-03-31,3.81888,4.19761,3.48749,5,17202402416,11,Industrials,55.8,28983356944,2000302
2026-08-21,RYAN,2028-12-31,2.7025,3.19718,1.73383,3,3842304071,10,Financial Services,43.28,5603374997,625707
2026-08-21,RYAN,2027-12-31,2.4197,2.84438,2.18267,11,3534140939,12,Financial Services,43.28,5603374997,625707
2026-08-21,RYAN,2026-12-31,2.16303,2.24241,2.1035,10,3292294853,12,Financial Services,43.28,5603374997,625707
2026-08-21,RYAN,2025-12-31,2.01099,2.031,1.99098,12,3077498079,9,Financial Services,43.28,5603374997,625707
2026-08-21,RYN,2028-12-31,0.68605,0.73598,0.62474,1,1726668777,3,Real Estate,21.2,3280447720,2982476
2026-08-21,RYN,2027-12-31,0.626,0.73033,0.44863,3,1611612085,4,Real Estate,21.2,3280447720,2982476
2026-08-21,RYN,2026-12-31,0.43174,0.55084,0.31264,2,1481635612,3,Real Estate,21.2,3280447720,2982476
2026-08-21,RYN,2025-12-31,0.47587,0.49612,0.45562,3,476781846,4,Real Estate,21.2,3280447720,2982476
2026-08-21,RYTM,2030-12-31,9.9575,12.08604,8.05602,4,1804212500,5,Healthcare,110,7545296000,506215
2026-08-21,RYTM,2029-12-31,6.29625,7.64215,5.09392,4,1319737500,5,Healthcare,110,7545296000,506215
2026-08-21,RYTM,2028-12-31,2.35239,4.40881,0.27845,10,892868379,11,Healthcare,110,7545296000,506215
2026-08-21,RYTM,2027-12-31,-0.66723,1.86122,-3.61709,10,561110146,12,Healthcare,110,7545296000,506215
2026-08-21,S,2030-01-31,0.84,0.85514,0.82724,1,1922000000,5,Technology,21.19,7135626804,4102081
2026-08-21,S,2029-01-31,0.71804,1.08599,0.16089,5,1638095920,10,Technology,21.19,7135626804,4102081
2026-08-21,S,2028-01-31,0.49811,0.63026,0.3253,13,1411591433,26,Technology,21.19,7135626804,4102081
2026-08-21,S,2027-01-31,0.34877,0.3687,0.32884,14,1200468510,26,Technology,21.19,7135626804,4102081
2026-08-21,SA,2028-12-31,-0.8561,-0.8561,-0.8561,1,0,0,Basic Materials,30.16,3245907840,3011337
2026-08-21,SA,2027-12-31,-0.28377,-0.28377,-0.28377,1,0,0,Basic Materials,30.16,3245907840,3011337
2026-08-21,SA,2026-12-31,-0.202,-0.202,-0.202,1,0,0,Basic Materials,30.16,3245907840,3011337
2026-08-21,SA,2025-12-31,-0.4205,-0.4205,-0.4205,1,0,0,Basic Materials,30.16,3245907840,3011337
2026-08-21,SAN,2029-12-31,1.47449,1.5152,1.41934,9,73423778908,11,Financial Services,14.59,214155269324,11814373
2026-08-21,SAN,2028-12-31,1.45048,1.67245,0.82615,12,72164471864,13,Financial Services,14.59,214155269324,11814373
2026-08-21,SAN,2027-12-31,1.26053,1.39733,0.9967,5,69155052819,9,Financial Services,14.59,214155269324,11814373
2026-08-21,SAN,2026-12-31,1.04786,1.22853,0.84009,5,63633498057,9,Financial Services,14.59,214155269324,11814373
2026-08-21,SAP,2030-12-31,11.8249,12.17514,11.53563,5,59521615215,15,Technology,218.68,254813625664,1580298
2026-08-21,SAP,2029-12-31,10.61152,10.92582,10.35193,9,55077607798,9,Technology,218.68,254813625664,1580298
2026-08-21,SAP,2028-12-31,9.62667,11.10286,8.17684,12,50162444197,19,Technology,218.68,254813625664,1580298
2026-08-21,SAP,2027-12-31,8.25428,8.89321,7.97799,12,44766399365,19,Technology,218.68,254813625664,1580298
2026-08-21,SARO,2030-12-31,2.205,2.27787,2.08307,4,8831679000,5,Industrials,25.06,8331747618,1947881
2026-08-21,SARO,2029-12-31,1.94003,2.00414,1.83276,4,8106965425,5,Industrials,25.06,8331747618,1947881
2026-08-21,SARO,2028-12-31,1.87572,2.11278,1.71084,10,7781207653,11,Industrials,25.06,8331747618,1947881
2026-08-21,SARO,2027-12-31,1.5025,1.76565,1.32424,8,7099671379,9,Industrials,25.06,8331747618,1947881
2026-08-21,SBAC,2030-12-31,10.35,10.52344,10.14595,4,3235592000,6,Real Estate,182.59,19366043170,872084
2026-08-21,SBAC,2029-12-31,10.02333,10.19129,9.82572,4,3195376500,11,Real Estate,182.59,19366043170,872084
2026-08-21,SBAC,2028-12-31,9.35569,9.86869,8.04432,10,3043109701,13,Real Estate,182.59,19366043170,872084
2026-08-21,SBAC,2027-12-31,8.40882,8.7759,7.8786,9,2934374199,12,Real Estate,182.59,19366043170,872084
2026-08-21,SBCF,2028-12-31,3,3.02739,2.96226,1,1220315764,1,Financial Services,34.62,3366684216,719955
2026-08-21,SBCF,2027-12-31,2.77173,2.81119,2.71255,4,900985400,3,Financial Services,34.62,3366684216,719955
2026-08-21,SBCF,2026-12-31,2.54985,2.57985,2.51985,4,849973400,3,Financial Services,34.62,3366684216,719955
2026-08-21,SBCF,2025-12-31,1.91,2.06,1.68,4,651446620,3,Financial Services,34.62,3366684216,719955
2026-08-21,SBH,2028-09-30,2.45,2.46279,2.44221,2,3874640536,2,Consumer Cyclical,16.57,1580918845,630789
2026-08-21,SBH,2027-09-30,2.2391,2.26882,2.21928,3,3788931266,4,Consumer Cyclical,16.57,1580918845,630789
2026-08-21,SBH,2026-09-30,2.06658,2.08655,2.0566,3,3731885751,4,Consumer Cyclical,16.57,1580918845,630789
2026-08-21,SBH,2025-09-30,1.828,1.83799,1.82219,4,3686121776,3,Consumer Cyclical,16.57,1580918845,630789
2026-08-21,SBLK,2029-12-31,3.32417,3.54365,3.14145,1,870992638,1,Industrials,30.5,3401693243,2647916
2026-08-21,SBLK,2028-12-31,4.68366,6.34388,3.66708,3,1224513813,2,Industrials,30.5,3401693243,2647916
2026-08-21,SBLK,2027-12-31,4.23689,4.51663,4.004,3,1153064660,3,Industrials,30.5,3401693243,2647916
2026-08-21,SBLK,2026-12-31,4.52739,4.82631,4.27854,2,1193812484,1,Industrials,30.5,3401693243,2647916
2026-08-21,SBRA,2030-12-31,0,0,0,1,1422449000,2,Real Estate,20.39,5142156037,1275113
2026-08-21,SBRA,2029-12-31,0.86,0.94127,0.79853,1,1171412500,2,Real Estate,20.39,5142156037,1275113
2026-08-21,SBRA,2028-12-31,0.82946,0.87952,0.77995,4,1053897107,5,Real Estate,20.39,5142156037,1275113
2026-08-21,SBRA,2027-12-31,0.76975,0.78852,0.75098,6,1003710044,5,Real Estate,20.39,5142156037,1275113
2026-08-21,SBSW,2030-12-31,38.24441,46.07678,30.21372,1,157429496574,5,Basic Materials,12.58,8902134045,8052674
2026-08-21,SBSW,2029-12-31,20.90946,25.19167,16.51882,1,132928833483,3,Basic Materials,12.58,8902134045,8052674
2026-08-21,SBSW,2028-12-31,34.38465,41.42655,27.16444,1,159508287944,3,Basic Materials,12.58,8902134045,8052674
2026-08-21,SBSW,2027-12-31,34.92783,58.11466,11.741,2,172272563360,7,Basic Materials,12.58,8902134045,8052674
2026-08-21,SBUX,2030-09-28,4.88,5.04516,4.73107,6,45920500000,23,Consumer Cyclical,107.08,122071200000,5546427
2026-08-21,SBUX,2029-09-28,4.43035,4.58029,4.29514,6,43380796584,12,Consumer Cyclical,107.08,122071200000,5546427
2026-08-21,SBUX,2028-09-28,3.75118,4.55399,3.17369,10,40548315690,24,Consumer Cyclical,107.08,122071200000,5546427
2026-08-21,SBUX,2027-09-28,3.15226,3.47557,2.87947,20,38595366798,23,Consumer Cyclical,107.08,122071200000,5546427
2026-08-21,SCCO,2030-12-31,8.7921,9.73969,7.92347,5,18514932750,5,Basic Materials,216,180215648496,1672255
2026-08-21,SCCO,2029-12-31,8.03537,8.90141,7.2415,5,19360076825,5,Basic Materials,216,180215648496,1672255
2026-08-21,SCCO,2028-12-31,6.94831,9.38465,5.23607,8,16308962539,11,Basic Materials,216,180215648496,1672255
2026-08-21,SCCO,2027-12-31,7.02921,8.15711,5.91138,9,16011610537,9,Basic Materials,216,180215648496,1672255
2026-08-21,SCHW,2030-12-31,10.25,10.75866,9.54499,4,38447000000,4,Financial Services,112.3,195305422000,5152821
2026-08-21,SCHW,2029-12-31,9.58185,10.05735,8.9228,2,36062501026,4,Financial Services,112.3,195305422000,5152821
2026-08-21,SCHW,2028-12-31,9.15396,9.83061,8.17048,7,34850860492,9,Financial Services,112.3,195305422000,5152821
2026-08-21,SCHW,2027-12-31,7.88544,8.52997,6.92871,15,31665139905,14,Financial Services,112.3,195305422000,5152821
2026-08-21,SCSC,2028-06-30,5.165,5.29388,5.03612,2,3331500000,2,Technology,54.35,1104638151,545763
2026-08-21,SCSC,2027-06-30,4.5005,4.58423,4.4063,2,3208300000,2,Technology,54.35,1104638151,545763
2026-08-21,SCSC,2026-06-30,3.9425,4.01308,3.86184,3,3087300000,2,Technology,54.35,1104638151,545763
2026-08-21,SCSC,2025-06-30,3.48,3.51009,3.43988,2,3007600000,2,Technology,54.35,1104638151,545763
2026-08-21,SDGR,2030-12-31,0.4,0.43629,0.36594,1,406500000,2,Technology,19.71,1472745470,1082770
2026-08-21,SDGR,2029-12-31,-0.01,-0.00914859,-0.01090737,1,371800000,2,Technology,19.71,1472745470,1082770
2026-08-21,SDGR,2028-12-31,-0.90516,-0.33548,-1.64,3,280154820,4,Technology,19.71,1472745470,1082770
2026-08-21,SDGR,2027-12-31,-1.41682,-1.07634,-1.85614,3,250302659,5,Technology,19.71,1472745470,1082770
2026-08-21,SE,2030-12-31,8.74,9.57578,7.49427,6,53770700000,7,Consumer Cyclical,117.53,70559051584,1168819
2026-08-21,SE,2029-12-31,7.55,8.27199,6.47388,9,48433300000,10,Consumer Cyclical,117.53,70559051584,1168819
2026-08-21,SE,2028-12-31,5.97068,7.88784,4.14185,15,44428942410,15,Consumer Cyclical,117.53,70559051584,1168819
2026-08-21,SE,2027-12-31,4.74037,5.18269,4.29805,11,38450573226,17,Consumer Cyclical,117.53,70559051584,1168819
2026-08-21,SEDG,2030-12-31,2.98,3.47068,2.64058,5,2023000000,8,Energy,30.83,1875025168,2373105
2026-08-21,SEDG,2029-12-31,3.51,4.08794,3.11022,9,1899500000,13,Energy,30.83,1875025168,2373105
2026-08-21,SEDG,2028-12-31,1.89889,10.47877,-11.33768,12,1640872929,17,Energy,30.83,1875025168,2373105
2026-08-21,SEDG,2027-12-31,0.9842,1.52689,0.34033,15,1473273626,18,Energy,30.83,1875025168,2373105
2026-08-21,SEI,2030-12-31,8.6842,10.97222,7.44355,1,2341721550,4,Energy,53.28,3265159306,3080385
2026-08-21,SEI,2029-12-31,8.4973,10.73608,7.28335,1,2220850000,4,Energy,53.28,3265159306,3080385
2026-08-21,SEI,2028-12-31,4.11005,5.81399,2.02226,5,1756594036,9,Energy,53.28,3265159306,3080385
2026-08-21,SEI,2027-12-31,1.95882,3.40924,0.38877,6,1298156653,8,Energy,53.28,3265159306,3080385
2026-08-21,SEIC,2030-12-31,10.5,10.83926,10.1808,1,3378000000,2,Financial Services,109.53,13145681070,787929
2026-08-21,SEIC,2029-12-31,9.2,9.49726,8.92032,1,3167000000,2,Financial Services,109.53,13145681070,787929
2026-08-21,SEIC,2028-12-31,7.85441,8.22513,7.45075,4,3033490862,4,Financial Services,109.53,13145681070,787929
2026-08-21,SEIC,2027-12-31,7.01443,7.32118,6.4725,5,2813676873,5,Financial Services,109.53,13145681070,787929
2026-08-21,SF,2029-12-31,7.9652,8.26774,7.54834,1,7785828000,1,Financial Services,80.96,12272645440,1143381
2026-08-21,SF,2028-12-31,7.99795,9.87829,6.11762,2,7193753196,3,Financial Services,80.96,12272645440,1143381
2026-08-21,SF,2027-12-31,7.5069,8.13425,6.46487,5,6646456850,4,Financial Services,80.96,12272645440,1143381
2026-08-21,SF,2026-12-31,6.52386,6.75979,6.16484,4,6070329206,4,Financial Services,80.96,12272645440,1143381
2026-08-21,SFD,2028-12-28,2.58805,2.60207,2.57402,2,16148248460,4,Consumer Defensive,22.25,8754869102,1098384
2026-08-21,SFD,2027-12-28,2.4622,2.50819,2.41657,3,15578535042,3,Consumer Defensive,22.25,8754869102,1098384
2026-08-21,SFD,2026-12-28,2.50231,2.54904,2.45594,2,15572280145,2,Consumer Defensive,22.25,8754869102,1098384
2026-08-21,SFD,2025-12-28,2.38558,2.40554,2.36562,4,15412996676,3,Consumer Defensive,22.25,8754869102,1098384
2026-08-21,SFL,2028-12-31,1.13851,1.17931,1.11255,3,853466667,3,Industrials,12.39,1647611359,790214
2026-08-21,SFL,2027-12-31,0.8625,1.37016,0.39963,4,782850000,4,Industrials,12.39,1647611359,790214
2026-08-21,SFL,2026-12-31,0.3875,0.71704,0.11594,4,688950000,4,Industrials,12.39,1647611359,790214
2026-08-21,SFL,2025-12-31,0.048883,0.05037941,0.04745006,4,725209044,4,Industrials,12.39,1647611359,790214
2026-08-21,SFM,2030-12-28,7.44,7.55235,7.31077,2,13911600000,4,Consumer Defensive,81.08,7560517435,1378456
2026-08-21,SFM,2029-12-28,7.37,7.48129,7.24198,4,12299700000,4,Consumer Defensive,81.08,7560517435,1378456
2026-08-21,SFM,2028-12-28,6.55959,7.03684,6.30716,7,11162171181,8,Consumer Defensive,81.08,7560517435,1378456
2026-08-21,SFM,2027-12-28,5.97178,6.11543,5.79735,9,10215926581,10,Consumer Defensive,81.08,7560517435,1378456
2026-08-21,SFNC,2028-12-31,2.48,2.49956,2.44956,2,1102164638,1,Financial Services,23.01,3337922640,760039
2026-08-21,SFNC,2027-12-31,2.2,2.24,2.15,5,1046338950,5,Financial Services,23.01,3337922640,760039
2026-08-21,SFNC,2026-12-31,2.04143,2.05139,2.03147,5,1004197559,5,Financial Services,23.01,3337922640,760039
2026-08-21,SFNC,2025-12-31,1.66333,1.68313,1.62373,5,909270588,4,Financial Services,23.01,3337922640,760039
2026-08-21,SGHC,2030-12-31,1.24151,1.2711,1.21672,1,3194255050,2,Consumer Cyclical,13.31,6762502048,1674736
2026-08-21,SGHC,2029-12-31,1.12785,1.15473,1.10533,1,2981100710,2,Consumer Cyclical,13.31,6762502048,1674736
2026-08-21,SGHC,2028-12-31,0.95299,1.03649,0.81192,3,2693649208,4,Consumer Cyclical,13.31,6762502048,1674736
2026-08-21,SGHC,2027-12-31,0.85861,0.87907,0.84146,2,2487840649,5,Consumer Cyclical,13.31,6762502048,1674736
2026-08-21,SGI,2030-12-31,5.59,5.752,5.43978,1,8803500000,3,Consumer Cyclical,64.71,13612750923,2184846
2026-08-21,SGI,2029-12-31,5.06,5.20664,4.92403,1,8487000000,4,Consumer Cyclical,64.71,13612750923,2184846
2026-08-21,SGI,2028-12-31,4.53628,4.85221,4.12077,3,8276760380,6,Consumer Cyclical,64.71,13612750923,2184846
2026-08-21,SGI,2027-12-31,3.62322,3.73094,3.33924,7,7897968008,9,Consumer Cyclical,64.71,13612750923,2184846
2026-08-21,SGML,2030-12-31,3.81,4.36181,3.17797,1,1000000000,1,Basic Materials,11.97,1333493910,1786412
2026-08-21,SGML,2029-12-31,4.09,4.68236,3.41152,1,989000000,1,Basic Materials,11.97,1333493910,1786412
2026-08-21,SGML,2028-12-31,3.25,3.7207,2.71086,1,776300000,1,Basic Materials,11.97,1333493910,1786412
2026-08-21,SGML,2027-12-31,1.72333,1.97292,1.43745,1,490200000,2,Basic Materials,11.97,1333493910,1786412
2026-08-21,SGMT,2030-12-31,0.81333,0.81333,0.81333,5,300719000,6,Healthcare,10.25,333963419,1005712
2026-08-21,SGMT,2029-12-31,-0.68301,-0.68301,-0.68301,5,121898233,6,Healthcare,10.25,333963419,1005712
2026-08-21,SGMT,2028-12-31,-1.64759,-0.88287,-2.74209,8,24382125,8,Healthcare,10.25,333963419,1005712
2026-08-21,SGMT,2027-12-31,-1.35555,-0.70831,-2.05164,7,7526500,6,Healthcare,10.25,333963419,1005712
2026-08-21,SGRY,2029-12-31,0.56,0.56887,0.5346,1,3600400000,2,Healthcare,14.52,1899041760,3876242
2026-08-21,SGRY,2028-12-31,0.69346,0.70444,0.66201,1,3662915305,4,Healthcare,14.52,1899041760,3876242
2026-08-21,SGRY,2027-12-31,0.54212,0.65054,0.4096,6,3512564467,7,Healthcare,14.52,1899041760,3876242
2026-08-21,SGRY,2026-12-31,0.44507,0.47686,0.39209,6,3420485533,8,Healthcare,14.52,1899041760,3876242
2026-08-21,SHAK,2030-12-31,2.45,2.51582,2.38797,1,2769200000,5,Consumer Cyclical,75.82,3059390074,731527
2026-08-21,SHAK,2029-12-31,1.94,1.99212,1.89088,1,2452300000,5,Consumer Cyclical,75.82,3059390074,731527
2026-08-21,SHAK,2028-12-31,1.78483,2.22122,1.42005,5,2139086267,11,Consumer Cyclical,75.82,3059390074,731527
2026-08-21,SHAK,2027-12-31,1.39434,1.6774,1.15321,15,1890857090,20,Consumer Cyclical,75.82,3059390074,731527
2026-08-21,SHAZ,2029-12-31,9.3,11.20584,6.92293,1,6588318000,1,Technology,59.07,2070262913,1556364
2026-08-21,SHAZ,2028-12-31,-1.3125,-0.97703,-1.58147,1,2764059500,2,Technology,59.07,2070262913,1556364
2026-08-21,SHAZ,2027-12-31,-2,0.14847,-4.14847,1,1520937000,3,Technology,59.07,2070262913,1556364
2026-08-21,SHAZ,2026-12-31,-14.062,-10.46776,-16.94372,2,119495400,2,Technology,59.07,2070262913,1556364
2026-08-21,SHC,2029-12-31,1.27,1.27752,1.26338,1,1481000000,2,Healthcare,19.57,5580718073,2275595
2026-08-21,SHC,2028-12-31,1.18653,1.32793,1.04513,2,1399220110,5,Healthcare,19.57,5580718073,2275595
2026-08-21,SHC,2027-12-31,1.07487,1.10501,1.05478,5,1320918145,6,Healthcare,19.57,5580718073,2275595
2026-08-21,SHC,2026-12-31,0.98463,0.99468,0.97458,5,1246833841,6,Healthcare,19.57,5580718073,2275595
2026-08-21,SHEL,2030-12-31,10.65909,12.23187,8.87349,1,308495000000,6,Energy,93.33,260212906350,3312137
2026-08-21,SHEL,2029-12-31,9.98941,11.46338,8.316,1,308205000000,10,Energy,93.33,260212906350,3312137
2026-08-21,SHEL,2028-12-31,9.25048,9.87883,8.76725,3,304459301927,12,Energy,93.33,260212906350,3312137
2026-08-21,SHEL,2027-12-31,9.00701,9.69607,8.42623,8,303340003378,10,Energy,93.33,260212906350,3312137
2026-08-21,SHO,2028-12-31,0.29,0.30218,0.28315,1,964658367,3,Real Estate,11.29,2103228438,1329495
2026-08-21,SHO,2027-12-31,0.22717,0.24571,0.20863,3,954072452,6,Real Estate,11.29,2103228438,1329495
2026-08-21,SHO,2026-12-31,0.29654,0.30864,0.28746,3,974779800,5,Real Estate,11.29,2103228438,1329495
2026-08-21,SHO,2025-12-31,0.010364,0.01048738,0.01011914,2,937906399,5,Real Estate,11.29,2103228438,1329495
2026-08-21,SHOO,2029-12-31,3.13,3.19869,3.05433,1,2863800000,1,Consumer Cyclical,46.08,3367776891,556094
2026-08-21,SHOO,2028-12-31,3.50546,3.58239,3.42071,1,3325129218,3,Consumer Cyclical,46.08,3367776891,556094
2026-08-21,SHOO,2027-12-31,2.7741,2.84656,2.69129,4,3070569472,5,Consumer Cyclical,46.08,3367776891,556094
2026-08-21,SHOO,2026-12-31,2.19122,2.25266,2.10931,4,2868333440,5,Consumer Cyclical,46.08,3367776891,556094
2026-08-21,SHOP,2030-12-31,4.55276,5.07821,4.26012,5,34149060567,10,Technology,149.25,193674961438,5095575
2026-08-21,SHOP,2029-12-31,3.83568,4.27837,3.58913,10,28902939765,10,Technology,149.25,193674961438,5095575
2026-08-21,SHOP,2028-12-31,3.37159,4.15914,2.58921,13,24310663907,21,Technology,149.25,193674961438,5095575
2026-08-21,SHOP,2027-12-31,2.49842,3.11505,2.12631,27,19419656473,37,Technology,149.25,193674961438,5095575
2026-08-21,SHW,2029-12-31,16.55447,16.81347,16.14767,5,28891512345,10,Basic Materials,346.59,84137547555,1152244
2026-08-21,SHW,2028-12-31,15.06711,16.36368,13.97575,8,27483916884,15,Basic Materials,346.59,84137547555,1152244
2026-08-21,SHW,2027-12-31,13.55952,13.94384,13.10622,14,26264335261,16,Basic Materials,346.59,84137547555,1152244
2026-08-21,SHW,2026-12-31,12.08679,12.15683,11.99674,14,25144272392,16,Basic Materials,346.59,84137547555,1152244
2026-08-21,SIBN,2030-12-31,0.32,0.32613,0.31536,2,400100000,3,Healthcare,19.96,885212028,1290265
2026-08-21,SIBN,2029-12-31,0.05,0.05095829,0.04927564,3,350200000,4,Healthcare,19.96,885212028,1290265
2026-08-21,SIBN,2028-12-31,-0.1766,-0.04847121,-0.29083,6,309993634,6,Healthcare,19.96,885212028,1290265
2026-08-21,SIBN,2027-12-31,-0.32696,-0.22788,-0.38641,6,268441279,6,Healthcare,19.96,885212028,1290265
2026-08-21,SIMO,2029-12-31,18.92,22.72996,16.01313,1,3181500000,3,Technology,258.36,8669353250,759260
2026-08-21,SIMO,2028-12-31,19.84319,23.37855,16.61992,5,2993031809,7,Technology,258.36,8669353250,759260
2026-08-21,SIMO,2027-12-31,15.35031,19.51199,12.44747,7,2429962826,9,Technology,258.36,8669353250,759260
2026-08-21,SIMO,2026-12-31,11.18907,11.57006,10.69779,7,1874425964,9,Technology,258.36,8669353250,759260
2026-08-21,SIRI,2030-12-31,5.4055,5.67437,5.32129,3,9613717525,5,Communication Services,28.69,9670448931,2417007
2026-08-21,SIRI,2029-12-31,4.14755,4.35385,4.08294,3,8973568875,5,Communication Services,28.69,9670448931,2417007
2026-08-21,SIRI,2028-12-31,3.47442,3.89113,2.74009,9,8783690914,11,Communication Services,28.69,9670448931,2417007
2026-08-21,SIRI,2027-12-31,3.2297,3.60274,3.04318,10,8737666824,11,Communication Services,28.69,9670448931,2417007
2026-08-21,SITE,2028-12-28,6.164,7.00378,5.6458,3,5363632929,6,Industrials,95.94,4188299076,568095
2026-08-21,SITE,2027-12-28,5.05531,5.22208,4.80515,6,5094991518,9,Industrials,95.94,4188299076,568095
2026-08-21,SITE,2026-12-28,4.1444,4.18658,4.08113,6,4897994889,9,Industrials,95.94,4188299076,568095
2026-08-21,SITE,2025-12-28,3.6737,3.71757,3.59694,5,4712583387,7,Industrials,95.94,4188299076,568095
2026-08-21,SJM,2030-04-30,11.56566,12.04311,11.13862,3,9130667196,5,Consumer Defensive,124.32,13287407381,866405
2026-08-21,SJM,2029-04-30,11.53739,12.30768,10.59457,5,9092976120,8,Consumer Defensive,124.32,13287407381,866405
2026-08-21,SJM,2028-04-30,10.79457,11.10907,9.7699,6,8904872812,10,Consumer Defensive,124.32,13287407381,866405
2026-08-21,SJM,2027-04-30,10.06934,10.31173,9.24117,10,8800488646,11,Consumer Defensive,124.32,13287407381,866405
2026-08-21,SKE,2030-12-31,7.26651,12.82004,3.56371,1,2316653580,2,Basic Materials,34.87,4326822505,648492
2026-08-21,SKE,2029-12-31,10.36441,18.28555,5.08301,1,2389780620,2,Basic Materials,34.87,4326822505,648492
2026-08-21,SKE,2028-12-31,11.69987,12.98711,10.41263,2,2785591890,4,Basic Materials,34.87,4326822505,648492
2026-08-21,SKE,2027-12-31,3.04427,3.14677,2.94178,2,525439256,4,Basic Materials,34.87,4326822505,648492
2026-08-21,SKHY,2030-12-31,123832.63428,144131.12692,92285.06794,2,1362159079011451,14,Technology,163.41,1159973877383,15338292
2026-08-21,SKHY,2029-12-31,75555.56614,87940.54133,56307.05181,3,907945985788169,24,Technology,163.41,1159973877383,15338292
2026-08-21,SKHY,2028-12-31,55033.47264,64054.49158,41013.16096,3,638880812269402,12,Technology,163.41,1159973877383,15338292
2026-08-21,SKHY,2027-12-31,50369.35895,56405.613,43262.40689,6,567553210189817,26,Technology,163.41,1159973877383,15338292
2026-08-21,SKM,2030-12-31,0,0,0,0,19010067439504,6,Communication Services,40.29,15466853161,2466756
2026-08-21,SKM,2029-12-31,3948.94415,4049.03705,3921.12867,1,18774064369984,11,Communication Services,40.29,15466853161,2466756
2026-08-21,SKM,2028-12-31,4217.88777,4324.79751,4188.17791,1,19494752077758,7,Communication Services,40.29,15466853161,2466756
2026-08-21,SKM,2027-12-31,3907.32563,4154.42923,3660.22203,1,19149549666633,13,Communication Services,40.29,15466853161,2466756
2026-08-21,SKT,2028-12-31,1.36772,1.42432,1.3196,1,671528303,2,Real Estate,38.22,4390560720,504596
2026-08-21,SKT,2027-12-31,1.15378,1.15822,1.14934,3,623905163,4,Real Estate,38.22,4390560720,504596
2026-08-21,SKT,2026-12-31,1.06335,1.06764,1.02594,3,599468995,4,Real Estate,38.22,4390560720,504596
2026-08-21,SKT,2025-12-31,0.93995,0.94404,0.93178,3,550042952,4,Real Estate,38.22,4390560720,504596
2026-08-21,SLB,2030-12-31,4.34,4.45465,3.98506,5,46715000000,12,Energy,53.87,79950797847,5630776
2026-08-21,SLB,2029-12-31,4.14239,4.25182,3.80361,5,43646553373,8,Energy,53.87,79950797847,5630776
2026-08-21,SLB,2028-12-31,3.71035,4.45933,2.80773,8,42189859256,14,Energy,53.87,79950797847,5630776
2026-08-21,SLB,2027-12-31,3.19761,3.37804,2.99713,17,39777984088,19,Energy,53.87,79950797847,5630776
2026-08-21,SLDE,2028-12-31,3.81,4.06531,3.53766,1,1896307300,2,Financial Services,22.74,2656298490,802098
2026-08-21,SLDE,2027-12-31,3.70367,3.74255,3.66479,3,1906632310,2,Financial Services,22.74,2656298490,802098
2026-08-21,SLDE,2026-12-31,3.75917,3.86493,3.65341,3,1793341126,2,Financial Services,22.74,2656298490,802098
2026-08-21,SLDE,2025-12-31,3,3.01,2.99,3,1492986686,2,Financial Services,22.74,2656298490,802098
2026-08-21,SLM,2028-12-31,3.78545,4.05116,3.47099,6,2167500116,3,Financial Services,26.46,4974480000,1179392
2026-08-21,SLM,2027-12-31,3.35664,3.51507,3.17841,8,1974956304,4,Financial Services,26.46,4974480000,1179392
2026-08-21,SLM,2026-12-31,3.11873,3.14872,3.09874,8,1911126790,4,Financial Services,26.46,4974480000,1179392
2026-08-21,SLM,2025-12-31,3.28784,3.38777,3.10796,8,1974935421,3,Financial Services,26.46,4974480000,1179392
2026-08-21,SLN,2030-12-31,-0.435,-0.03194001,-0.85358,1,100600000,2,Healthcare,13.27,626794490,734608
2026-08-21,SLN,2029-12-31,-0.62,-0.04552369,-1.21659,1,850000,2,Healthcare,13.27,626794490,734608
2026-08-21,SLN,2028-12-31,-0.66392,-0.04874853,-1.30278,1,697651,1,Healthcare,13.27,626794490,734608
2026-08-21,SLN,2027-12-31,-0.58309,-0.16914,-1.12167,3,1351414,4,Healthcare,13.27,626794490,734608
2026-08-21,SLS,2030-12-31,2.34,2.34,2.34,1,630286000,1,Healthcare,15.46,2876070180,15055814
2026-08-21,SLS,2029-12-31,1.23,1.23,1.23,1,357586000,1,Healthcare,15.46,2876070180,15055814
2026-08-21,SLS,2028-12-31,0.035,0.27,-0.2,2,122043000,1,Healthcare,15.46,2876070180,15055814
2026-08-21,SLS,2027-12-31,-0.095,0.01,-0.2,2,53094000,1,Healthcare,15.46,2876070180,15055814
2026-08-21,SM,2030-12-31,7.45,8.10865,6.95406,2,7184000000,3,Energy,37.2,8918662800,2993815
2026-08-21,SM,2029-12-31,7.425,8.08144,6.93072,3,7258000000,4,Energy,37.2,8918662800,2993815
2026-08-21,SM,2028-12-31,7.54152,9.24849,5.64072,6,7463847000,6,Energy,37.2,8918662800,2993815
2026-08-21,SM,2027-12-31,7.36826,8.3029,6.17954,8,7467236205,8,Energy,37.2,8918662800,2993815
2026-08-21,SMCI,2029-06-30,6.01239,6.98112,5.18917,1,91721103978,5,Technology,37.24,24089550520,36214766
2026-08-21,SMCI,2028-06-30,5.34775,6.52104,4.56967,6,79014681318,9,Technology,37.24,24089550520,36214766
2026-08-21,SMCI,2027-06-30,4.33841,6.16251,3.26613,7,67129640450,12,Technology,37.24,24089550520,36214766
2026-08-21,SMCI,2026-06-30,2.80316,2.85791,2.68271,10,39542715988,12,Technology,37.24,24089550520,36214766
2026-08-21,SMFG,2031-03-31,471.3047,547.6892,424.59541,1,11151103798281,1,Financial Services,25.05,97050313200,1090280
2026-08-21,SMFG,2030-03-31,437.89577,508.86567,394.49752,1,17170949037156,2,Financial Services,25.05,97050313200,1090280
2026-08-21,SMFG,2029-03-31,353.6204,410.93177,318.57437,1,6220335411698,2,Financial Services,25.05,97050313200,1090280
2026-08-21,SMFG,2028-03-31,322.15519,329.89931,314.41107,1,5828053158676,4,Financial Services,25.05,97050313200,1090280
2026-08-21,SMG,2030-09-30,6.27,6.36273,6.18336,1,3740000000,3,Basic Materials,61.01,3549679976,626212
2026-08-21,SMG,2029-09-30,5.615,5.69804,5.53741,1,3554050000,3,Basic Materials,61.01,3549679976,626212
2026-08-21,SMG,2028-09-30,5.21523,5.43364,4.99682,2,3450504370,6,Basic Materials,61.01,3549679976,626212
2026-08-21,SMG,2027-09-30,4.82727,5.15734,4.2187,5,3367144026,7,Basic Materials,61.01,3549679976,626212
2026-08-21,SMMT,2030-12-31,1.17375,4.24526,-0.11184,4,3297768300,6,Healthcare,13.16,10498384762,7018586
2026-08-21,SMMT,2029-12-31,0.0165,0.05967784,-0.00157222,2,1614676080,10,Healthcare,13.16,10498384762,7018586
2026-08-21,SMMT,2028-12-31,-0.6696,0.21658,-1.13407,7,561159343,12,Healthcare,13.16,10498384762,7018586
2026-08-21,SMMT,2027-12-31,-1.15237,-0.96799,-1.38284,8,59526862,10,Healthcare,13.16,10498384762,7018586
2026-08-21,SMPL,2030-08-30,1.98797,2.08451,1.90394,1,1359872918,3,Consumer Defensive,10.88,962240332,933095
2026-08-21,SMPL,2029-08-30,1.94537,2.03984,1.86314,1,1331623898,6,Consumer Defensive,10.88,962240332,933095
2026-08-21,SMPL,2028-08-30,1.80842,1.89624,1.73198,1,1311743429,7,Consumer Defensive,10.88,962240332,933095
2026-08-21,SMPL,2027-08-30,1.70041,1.7987,1.55298,4,1273345225,8,Consumer Defensive,10.88,962240332,933095
2026-08-21,SMTC,2029-01-25,5.9732,9.77433,3.81406,4,2160004738,6,Technology,124.09,11559128437,2145734
2026-08-21,SMTC,2028-01-25,3.84822,4.1118,3.15238,9,1667209469,10,Technology,124.09,11559128437,2145734
2026-08-21,SMTC,2027-01-25,2.65987,2.75987,2.55987,8,1366992508,10,Technology,124.09,11559128437,2145734
2026-08-21,SMTC,2026-01-25,1.69514,2.00287,1.68517,9,1048888858,9,Technology,124.09,11559128437,2145734
2026-08-21,SN,2030-12-31,11.0302,11.80662,10.74313,1,10678396600,6,Consumer Cyclical,180.76,25581225696,1017093
2026-08-21,SN,2029-12-31,9.7766,10.46477,9.52215,1,9887404200,6,Consumer Cyclical,180.76,25581225696,1017093
2026-08-21,SN,2028-12-31,8.44787,8.84561,8.13834,3,9413397995,8,Consumer Cyclical,180.76,25581225696,1017093
2026-08-21,SN,2027-12-31,7.545,7.98413,7.13581,8,8453790401,10,Consumer Cyclical,180.76,25581225696,1017093
2026-08-21,SNDK,2030-07-03,456.5,611.90966,326.38351,1,88588333333,5,Technology,1596.08,236363088180,7503783
2026-08-21,SNDK,2029-07-03,265.41516,455.05424,162.78363,3,57191830590,9,Technology,1596.08,236363088180,7503783
2026-08-21,SNDK,2028-07-03,256.54501,324.58415,175.84813,11,57345764770,14,Technology,1596.08,236363088180,7503783
2026-08-21,SNDK,2027-07-03,210.15831,230.40563,191.06376,12,48519580955,15,Technology,1596.08,236363088180,7503783
2026-08-21,SNDX,2030-12-31,2.92667,3.74222,2.4193,5,1083236429,5,Healthcare,19.65,1741186500,1361178
2026-08-21,SNDX,2029-12-31,2.03667,2.60421,1.68359,5,889209714,5,Healthcare,19.65,1741186500,1361178
2026-08-21,SNDX,2028-12-31,0.37346,1.86063,-1.19678,8,655624550,10,Healthcare,19.65,1741186500,1361178
2026-08-21,SNDX,2027-12-31,-0.8364,-0.34992,-1.6728,9,465533051,9,Healthcare,19.65,1741186500,1361178
2026-08-21,SNEX,2028-09-30,4.63305,4.748,4.5181,2,6173600000,1,Financial Services,68.47,8139508190,1161028
2026-08-21,SNEX,2027-09-30,4.425,4.425,4.425,1,5934950000,1,Financial Services,68.47,8139508190,1161028
2026-08-21,SNEX,2026-09-30,4.365,4.365,4.365,1,5840200000,1,Financial Services,68.47,8139508190,1161028
2026-08-21,SNEX,2025-09-30,2.56573,2.56573,2.56573,1,3960550000,1,Financial Services,68.47,8139508190,1161028
2026-08-21,SNN,2030-12-31,3.0468,3.09782,3.00202,1,8118666667,4,Healthcare,29.26,12287110426,790537
2026-08-21,SNN,2029-12-31,2.85534,2.90315,2.81338,1,7625127154,4,Healthcare,29.26,12287110426,790537
2026-08-21,SNN,2028-12-31,2.71468,2.76014,2.67479,1,7223943188,3,Healthcare,29.26,12287110426,790537
2026-08-21,SNN,2027-12-31,2.42047,2.53234,2.3086,2,6849654111,9,Healthcare,29.26,12287110426,790537
2026-08-21,SNOW,2031-01-31,5.96,6.34705,5.49942,4,12837500000,21,Technology,332.78,115341548000,3422493
2026-08-21,SNOW,2030-01-31,4.96927,5.29198,4.58525,3,11280888878,13,Technology,332.78,115341548000,3422493
2026-08-21,SNOW,2029-01-31,3.81713,7.12514,-0.78411,9,9646616164,26,Technology,332.78,115341548000,3422493
2026-08-21,SNOW,2028-01-31,2.73371,3.57886,2.42069,28,7673047090,37,Technology,332.78,115341548000,3422493
2026-08-21,SNPS,2029-10-31,23.31714,23.94151,22.62626,7,13194859368,7,Technology,397.87,76183879038,1255857
2026-08-21,SNPS,2028-10-31,20.51139,33.67423,13.97421,9,12006462412,14,Technology,397.87,76183879038,1255857
2026-08-21,SNPS,2027-10-31,17.29842,18.14274,16.57472,15,10732282725,18,Technology,397.87,76183879038,1255857
2026-08-21,SNPS,2026-10-31,14.77974,14.88959,14.72981,15,9679484306,18,Technology,397.87,76183879038,1255857
2026-08-21,SNY,2030-12-31,5.81982,6.14258,5.45056,2,57440257666,6,Healthcare,45.85,110095020000,1854921
2026-08-21,SNY,2029-12-31,5.43227,5.73353,5.0876,3,55597712168,6,Healthcare,45.85,110095020000,1854921
2026-08-21,SNY,2028-12-31,4.9028,5.1747,4.59172,3,53323866914,5,Healthcare,45.85,110095020000,1854921
2026-08-21,SNY,2027-12-31,4.46561,4.66237,3.97799,6,50695760617,8,Healthcare,45.85,110095020000,1854921
2026-08-21,SO,2030-12-31,6.18918,6.47519,5.91472,1,38850527574,12,Utilities,88.94,102313018400,6656385
2026-08-21,SO,2029-12-31,5.7729,6.03967,5.5169,1,36489806812,8,Utilities,88.94,102313018400,6656385
2026-08-21,SO,2028-12-31,5.37552,5.49677,5.21385,4,34649664782,14,Utilities,88.94,102313018400,6656385
2026-08-21,SO,2027-12-31,4.92674,4.96679,4.84663,14,32461264260,13,Utilities,88.94,102313018400,6656385
2026-08-21,SOFI,2029-12-31,1.37981,1.67701,1.284,4,8130663319,4,Financial Services,18.91,24256613400,61421557
2026-08-21,SOFI,2028-12-31,1.06159,1.17223,0.97185,10,7430242429,9,Financial Services,18.91,24256613400,61421557
2026-08-21,SOFI,2027-12-31,0.82601,0.89739,0.78522,14,6007338572,15,Financial Services,18.91,24256613400,61421557
2026-08-21,SOFI,2026-12-31,0.59625,0.64594,0.5565,13,4862826308,13,Financial Services,18.91,24256613400,61421557
2026-08-21,SOLS,2029-12-31,0,0,0,0,5027000000,2,Basic Materials,56.16,8920868075,2051627
2026-08-21,SOLS,2028-12-31,3.80449,4.30011,3.30886,2,4647337323,5,Basic Materials,56.16,8920868075,2051627
2026-08-21,SOLS,2027-12-31,3.35253,3.45291,3.212,4,4414631989,5,Basic Materials,56.16,8920868075,2051627
2026-08-21,SOLS,2026-12-31,2.88737,2.92761,2.84713,4,4174743166,5,Basic Materials,56.16,8920868075,2051627
2026-08-21,SOLV,2030-12-31,11.29,11.4584,11.04955,2,9623000000,5,Healthcare,89.57,15511258954,730807
2026-08-21,SOLV,2029-12-31,8.75823,8.88887,8.5717,3,9230618080,5,Healthcare,89.57,15511258954,730807
2026-08-21,SOLV,2028-12-31,8.10132,11.68053,1.74455,6,8858325228,11,Healthcare,89.57,15511258954,730807
2026-08-21,SOLV,2027-12-31,7.2957,7.65283,6.59164,10,8525055375,10,Healthcare,89.57,15511258954,730807
2026-08-21,SON,2028-12-31,6.99276,7.88968,6.08309,3,7762514060,5,Consumer Cyclical,59.48,5881085000,569091
2026-08-21,SON,2027-12-31,6.34779,6.5977,6.05789,7,7613008571,8,Consumer Cyclical,59.48,5881085000,569091
2026-08-21,SON,2026-12-31,5.81937,5.8595,5.71904,7,7465591296,7,Consumer Cyclical,59.48,5881085000,569091
2026-08-21,SON,2025-12-31,5.66206,5.682,5.63215,7,7613966005,6,Consumer Cyclical,59.48,5881085000,569091
2026-08-21,SONO,2028-09-27,0.83,0.92321,0.73679,2,1767188474,3,Technology,15.83,1872594020,681139
2026-08-21,SONO,2027-09-27,0.26,0.26247,0.25581,1,1646901727,3,Technology,15.83,1872594020,681139
2026-08-21,SONO,2026-09-27,0.64,0.64609,0.62968,1,1542751998,3,Technology,15.83,1872594020,681139
2026-08-21,SONO,2025-09-27,-0.43,-0.42306,-0.43409,1,1433616315,2,Technology,15.83,1872594020,681139
2026-08-21,SONY,2031-03-31,342.17378,365.0335,323.18841,1,16245272486401,5,Technology,23.92,140469380596,3699472
2026-08-21,SONY,2030-03-31,293.78306,313.40992,277.48262,1,14967009636259,6,Technology,23.92,140469380596,3699472
2026-08-21,SONY,2029-03-31,244.23199,260.54848,230.68088,1,13607897263389,10,Technology,23.92,140469380596,3699472
2026-08-21,SONY,2028-03-31,231.52394,239.3989,218.924,3,12895359418602,12,Technology,23.92,140469380596,3699472
2026-08-21,SPCX,2028-12-31,4.26618,7.76,0.12606,13,184533898990,15,Industrials,136.97,1791001289591,77447885
2026-08-21,SPCX,2027-12-31,1.62,3.46,-0.02,14,103480000000,15,Industrials,136.97,1791001289591,77447885
2026-08-21,SPCX,2026-12-31,-0.15,0.91,-1.48,13,43300000000,15,Industrials,136.97,1791001289591,77447885
2026-08-21,SPCX,2025-12-31,-2.94468,-1.25741,-4.31845,12,19301000000,6,Industrials,136.97,1791001289591,77447885
2026-08-21,SPG,2030-12-31,7.33,7.56745,7.08642,1,8717300000,3,Real Estate,218.29,70787517780,1040134
2026-08-21,SPG,2029-12-31,7.575,7.82038,7.32328,1,7806287000,4,Real Estate,218.29,70787517780,1040134
2026-08-21,SPG,2028-12-31,7.69205,8.58922,6.96146,5,7060929449,6,Real Estate,218.29,70787517780,1040134
2026-08-21,SPG,2027-12-31,6.9433,7.09557,6.87732,7,6820872100,8,Real Estate,218.29,70787517780,1040134
2026-08-21,SPGI,2030-12-31,26.90537,27.38873,26.54544,1,18611410823,12,Financial Services,431.29,127144292000,1826701
2026-08-21,SPGI,2029-12-31,25.03671,25.4865,24.70178,1,17678934775,8,Financial Services,431.29,127144292000,1826701
2026-08-21,SPGI,2028-12-31,23.36396,24.48723,21.96004,5,16759974906,14,Financial Services,431.29,127144292000,1826701
2026-08-21,SPGI,2027-12-31,20.36709,22.28813,19.80385,14,15650711230,16,Financial Services,431.29,127144292000,1826701
2026-08-21,SPOT,2030-12-31,27.34294,28.29716,26.31922,10,33179391430,13,Communication Services,533.72,109724401893,1438943
2026-08-21,SPOT,2029-12-31,22.38368,23.16483,21.54563,10,29365939687,13,Communication Services,533.72,109724401893,1438943
2026-08-21,SPOT,2028-12-31,19.60424,25.57906,16.93628,23,25940326827,27,Communication Services,533.72,109724401893,1438943
2026-08-21,SPOT,2027-12-31,15.62727,18.80319,14.44391,24,22826001658,27,Communication Services,533.72,109724401893,1438943
2026-08-21,SPT,2029-12-31,2.09,2.14009,2.04899,1,663100000,2,Technology,10.02,602257461,1183296
2026-08-21,SPT,2028-12-31,1.8925,1.93786,1.85537,1,573722108,4,Technology,10.02,602257461,1183296
2026-08-21,SPT,2027-12-31,1.5698,1.82331,1.35529,6,523136151,7,Technology,10.02,602257461,1183296
2026-08-21,SPT,2026-12-31,1.1274,1.14735,1.10745,5,494499704,7,Technology,10.02,602257461,1183296
2026-08-21,SQM,2030-12-31,6.41,8.70731,4.71785,4,7875000000,6,Basic Materials,81.96,23410776965,1468233
2026-08-21,SQM,2029-12-31,4.9105,6.6704,3.61419,4,7759000000,10,Basic Materials,81.96,23410776965,1468233
2026-08-21,SQM,2028-12-31,7.33028,10.86653,4.85084,10,8408563705,12,Basic Materials,81.96,23410776965,1468233
2026-08-21,SQM,2027-12-31,7.0409,10.94298,5.31712,11,8179401376,13,Basic Materials,81.96,23410776965,1468233
2026-08-21,SRAD,2030-12-31,1.0311,1.05611,1.00275,5,2362042172,6,Technology,13,3847371359,2753910
2026-08-21,SRAD,2029-12-31,0.95964,0.98292,0.93326,10,2161946971,11,Technology,13,3847371359,2753910
2026-08-21,SRAD,2028-12-31,0.73845,0.88772,0.56424,13,1922173948,13,Technology,13,3847371359,2753910
2026-08-21,SRAD,2027-12-31,0.49857,0.65198,0.13423,8,1734818883,15,Technology,13,3847371359,2753910
2026-08-21,SRE,2030-12-31,7.16519,8.10613,6.26668,1,14647633333,5,Utilities,82.9,54192310300,3785080
2026-08-21,SRE,2029-12-31,6.51359,7.36896,5.69679,1,13846057143,5,Utilities,82.9,54192310300,3785080
2026-08-21,SRE,2028-12-31,5.98976,6.1286,5.88067,3,13632055400,10,Utilities,82.9,54192310300,3785080
2026-08-21,SRE,2027-12-31,5.52473,5.66485,5.40463,10,13399964517,9,Utilities,82.9,54192310300,3785080
2026-08-21,SRPT,2030-12-31,1.15981,1.35474,0.9189,5,1309152642,12,Healthcare,18.79,1983773040,1631045
2026-08-21,SRPT,2029-12-31,1.14671,1.33943,0.90852,9,1334769213,8,Healthcare,18.79,1983773040,1631045
2026-08-21,SRPT,2028-12-31,0.32284,2.65016,-6.18372,12,1317029689,14,Healthcare,18.79,1983773040,1631045
2026-08-21,SRPT,2027-12-31,0.74931,1.26951,0.26684,11,1401132113,15,Healthcare,18.79,1983773040,1631045
2026-08-21,SRRK,2030-12-31,1.41875,2.17574,0.53806,4,899146375,6,Healthcare,56.5,6770282000,1131166
2026-08-21,SRRK,2029-12-31,-0.32391,-0.12284,-0.49674,4,586654625,11,Healthcare,56.5,6770282000,1131166
2026-08-21,SRRK,2028-12-31,-1.38823,-0.57572,-2.1655,11,360090133,13,Healthcare,56.5,6770282000,1131166
2026-08-21,SRRK,2027-12-31,-2.54962,-2.22974,-2.93536,13,147965503,12,Healthcare,56.5,6770282000,1131166
2026-08-21,SSL,2028-06-30,45.07665,50.77097,39.025,1,271335893859,1,Basic Materials,12.49,7964064285,1150991
2026-08-21,SSL,2027-06-30,44.94212,45.21451,44.66975,1,269622458403,4,Basic Materials,12.49,7964064285,1150991
2026-08-21,SSL,2026-06-30,40.78029,44.66413,36.89645,1,270589387138,4,Basic Materials,12.49,7964064285,1150991
2026-08-21,SSL,2025-06-30,28.51192,32.1137,24.68413,1,246968336359,9,Basic Materials,12.49,7964064285,1150991
2026-08-21,SSMR,2027-12-31,-0.22,-0.21,-0.23,2,501293,1,Basic Materials,18.49,2657504889,523020
2026-08-21,SSMR,2026-12-31,-0.29,-0.28,-0.29,2,501293,1,Basic Materials,18.49,2657504889,523020
2026-08-21,SSNC,2030-12-31,10.45,10.60234,10.13105,1,8338000000,3,Technology,82.95,19464632416,942643
2026-08-21,SSNC,2029-12-31,9.5,9.63849,9.21004,1,7927000000,4,Technology,82.95,19464632416,942643
2026-08-21,SSNC,2028-12-31,8.3639,9.05128,7.373,5,7457598070,6,Technology,82.95,19464632416,942643
2026-08-21,SSNC,2027-12-31,7.78467,7.97651,7.31012,6,7117550114,8,Technology,82.95,19464632416,942643
2026-08-21,SSRM,2030-12-31,2.22,2.62495,2.04189,1,1985492588,2,Basic Materials,37.77,7836935070,3626795
2026-08-21,SSRM,2029-12-31,3.7725,4.46064,3.46984,1,2159000000,2,Basic Materials,37.77,7836935070,3626795
2026-08-21,SSRM,2028-12-31,4.08942,4.83537,3.76133,1,2395016369,1,Basic Materials,37.77,7836935070,3626795
2026-08-21,SSRM,2027-12-31,4.60712,5.38679,4.08734,3,2561180796,5,Basic Materials,37.77,7836935070,3626795
2026-08-21,ST,2029-12-31,4.84,4.92587,4.76962,1,4605800000,2,Technology,42.83,6233300969,906023
2026-08-21,ST,2028-12-31,4.4428,4.93842,3.94719,2,4230837094,4,Technology,42.83,6233300969,906023
2026-08-21,ST,2027-12-31,4.09446,4.17455,4.00436,7,4047382535,8,Technology,42.83,6233300969,906023
2026-08-21,ST,2026-12-31,3.75973,3.7697,3.73978,7,3870805944,8,Technology,42.83,6233300969,906023
2026-08-21,STAA,2031-01-02,1.065,1.14069,0.9937,8,526741500,4,Healthcare,23.14,1152105774,691619
2026-08-21,STAA,2030-01-02,0.92,0.98539,0.85841,6,459679333,5,Healthcare,23.14,1152105774,691619
2026-08-21,STAA,2029-01-02,0.6578,0.81,0.43,9,391162308,10,Healthcare,23.14,1152105774,691619
2026-08-21,STAA,2028-01-02,0.54036,0.74107,0.43229,7,363609724,9,Healthcare,23.14,1152105774,691619
2026-08-21,STAG,2030-12-31,0,0,0,0,788620555,2,Real Estate,36.67,7070096058,1663412
2026-08-21,STAG,2029-12-31,1.27,1.30766,1.23572,1,1104650000,2,Real Estate,36.67,7070096058,1663412
2026-08-21,STAG,2028-12-31,1.0946,1.22,0.96919,2,1044146000,4,Real Estate,36.67,7070096058,1663412
2026-08-21,STAG,2027-12-31,1.103,1.10698,1.09504,2,967581324,4,Real Estate,36.67,7070096058,1663412
2026-08-21,STEP,2029-03-31,3.7393,4.0836,3.24168,1,1942528657,2,Financial Services,49.99,6452905961,894662
2026-08-21,STEP,2028-03-31,3.40395,3.45162,3.32767,5,1779667547,4,Financial Services,49.99,6452905961,894662
2026-08-21,STEP,2027-03-31,2.47887,2.57685,2.39069,6,1481620729,4,Financial Services,49.99,6452905961,894662
2026-08-21,STEP,2026-03-31,2.09227,2.12216,2.04245,6,1193936889,4,Financial Services,49.99,6452905961,894662
2026-08-21,STLD,2029-12-31,14.8793,16.14729,12.94784,1,23383323045,3,Basic Materials,228.68,32776269222,1999465
2026-08-21,STLD,2028-12-31,18.55215,24.0606,14.54874,5,23838016020,7,Basic Materials,228.68,32776269222,1999465
2026-08-21,STLD,2027-12-31,19.46617,21.20528,17.83575,8,23752281753,8,Basic Materials,228.68,32776269222,1999465
2026-08-21,STLD,2026-12-31,16.77607,18.86084,15.82667,9,23617101396,8,Basic Materials,228.68,32776269222,1999465
2026-08-21,STM,2030-12-31,4.73,4.87897,4.51593,2,22545000000,5,Technology,50.56,45127084655,4770384
2026-08-21,STM,2029-12-31,4.3,4.43543,4.10539,3,20940000000,5,Technology,50.56,45127084655,4770384
2026-08-21,STM,2028-12-31,3.88375,4.00607,3.70798,3,19402946708,4,Technology,50.56,45127084655,4770384
2026-08-21,STM,2027-12-31,2.67527,3.03262,2.20203,6,17117859886,11,Technology,50.56,45127084655,4770384
2026-08-21,STNG,2030-12-31,3.57,3.99153,3.29529,1,772738000,1,Industrials,78.49,3930885318,609470
2026-08-21,STNG,2029-12-31,5.34405,5.97505,4.93283,1,752982000,1,Industrials,78.49,3930885318,609470
2026-08-21,STNG,2028-12-31,4.9334,6.2026,3.74914,4,813100724,2,Industrials,78.49,3930885318,609470
2026-08-21,STNG,2027-12-31,5.53384,6.70626,3.41175,7,832612724,5,Industrials,78.49,3930885318,609470
2026-08-21,STOK,2030-12-31,2.1475,4.70798,0.17685,3,623996500,5,Healthcare,32.29,2083550998,885948
2026-08-21,STOK,2029-12-31,-0.11778,-0.0096994,-0.25821,3,357840444,5,Healthcare,32.29,2083550998,885948
2026-08-21,STOK,2028-12-31,-2.216,-0.86957,-4.06734,9,131887599,10,Healthcare,32.29,2083550998,885948
2026-08-21,STOK,2027-12-31,-3.52385,-2.65853,-4.69152,9,40867500,8,Healthcare,32.29,2083550998,885948
2026-08-21,STRC,2029-12-31,391.6026,417.30581,344.61947,1,476389300,2,Technology,96.18,33175724805,1771165
2026-08-21,STRC,2028-12-31,42.39872,45.1816,37.31187,1,526141334,1,Technology,96.18,33175724805,1771165
2026-08-21,STRC,2027-12-31,7.40313,7.88904,6.51493,1,506890152,4,Technology,96.18,33175724805,1771165
2026-08-21,STRC,2026-12-31,-17.92499,-16.3663,-19.48368,2,496954616,6,Technology,96.18,33175724805,1771165
2026-08-21,STT,2029-12-31,18.6085,18.97099,18.19525,1,17814152600,2,Financial Services,187.13,51791408710,1223794
2026-08-21,STT,2028-12-31,17.00924,17.68288,15.76302,3,17463548403,4,Financial Services,187.13,51791408710,1223794
2026-08-21,STT,2027-12-31,15.2429,15.69122,14.5754,10,16657540465,8,Financial Services,187.13,51791408710,1223794
2026-08-21,STT,2026-12-31,13.64169,14.11791,13.43334,10,15874032565,7,Financial Services,187.13,51791408710,1223794
2026-08-21,STWD,2028-12-31,1.93544,1.99649,1.87437,2,1789089594,1,Real Estate,16.38,6072861577,2897765
2026-08-21,STWD,2027-12-31,1.88997,1.98841,1.84075,5,2316725000,2,Real Estate,16.38,6072861577,2897765
2026-08-21,STWD,2026-12-31,1.57473,1.66387,1.44598,5,2124600000,2,Real Estate,16.38,6072861577,2897765
2026-08-21,STWD,2025-12-31,1.6842,1.74369,1.67418,6,1879225000,2,Real Estate,16.38,6072861577,2897765
2026-08-21,STX,2030-07-03,115.6,148.85039,95.47387,1,36808000000,5,Technology,850,190594650000,2838852
2026-08-21,STX,2029-07-03,80.04817,91.84418,73.85689,4,31193970824,9,Technology,850,190594650000,2838852
2026-08-21,STX,2028-07-03,56.52487,81.07802,42.00147,11,25317434034,15,Technology,850,190594650000,2838852
2026-08-21,STX,2027-07-03,36.00474,43.10485,29.53232,12,18722566575,16,Technology,850,190594650000,2838852
2026-08-21,STZ,2031-02-28,15.095,15.51444,14.40351,2,10026400000,6,Consumer Defensive,135.66,23171318528,1257424
2026-08-21,STZ,2030-02-28,14.75879,15.16889,14.0827,1,9887360153,7,Consumer Defensive,135.66,23171318528,1257424
2026-08-21,STZ,2029-02-28,13.22274,14.2806,12.23464,5,9502273542,15,Consumer Defensive,135.66,23171318528,1257424
2026-08-21,STZ,2028-02-28,12.40904,12.99513,11.95431,13,9280101139,16,Consumer Defensive,135.66,23171318528,1257424
2026-08-21,SU,2030-12-31,8.71182,9.40179,7.9204,1,56335318708,3,Energy,68.42,80786915000,2023795
2026-08-21,SU,2029-12-31,8.34452,9.0054,7.58647,1,56176918856,4,Energy,68.42,80786915000,2023795
2026-08-21,SU,2028-12-31,8.14899,10.08189,5.32242,5,57656800057,6,Energy,68.42,80786915000,2023795
2026-08-21,SU,2027-12-31,7.69226,8.36949,6.97671,7,57408460933,7,Energy,68.42,80786915000,2023795
2026-08-21,SUI,2030-12-31,3.52,4.2433,3.11472,1,2495674000,2,Real Estate,121.66,14992253897,823268
2026-08-21,SUI,2029-12-31,3.505,4.22521,3.10145,1,2388975000,2,Real Estate,121.66,14992253897,823268
2026-08-21,SUI,2028-12-31,3.50916,4.55755,2.89883,5,2126530558,5,Real Estate,121.66,14992253897,823268
2026-08-21,SUI,2027-12-31,3.17319,3.19566,3.13723,5,2007304816,7,Real Estate,121.66,14992253897,823268
2026-08-21,SUNB,2030-04-30,6.40806,6.6413,6.13888,3,15140173040,4,Industrials,76.88,31516768105,2344921
2026-08-21,SUNB,2029-04-30,5.2226,5.41269,5.00322,3,13481925359,4,Industrials,76.88,31516768105,2344921
2026-08-21,SUNB,2028-04-30,4.62731,5.60463,3.92922,5,12670789767,9,Industrials,76.88,31516768105,2344921
2026-08-21,SUNB,2027-04-30,4.00389,4.68398,3.59201,8,11888828369,9,Industrials,76.88,31516768105,2344921
2026-08-21,SUPN,2030-12-31,5.8,8.69204,4.56553,1,1925030667,2,Healthcare,45.85,2661120245,724761
2026-08-21,SUPN,2029-12-31,5.7,8.54218,4.48682,1,1838916000,1,Healthcare,45.85,2661120245,724761
2026-08-21,SUPN,2028-12-31,5.4,10.54884,0.25116,2,1663701333,3,Healthcare,45.85,2661120245,724761
2026-08-21,SUPN,2027-12-31,4.46,4.55,4.37,2,1371633487,3,Healthcare,45.85,2661120245,724761
2026-08-21,SVM,2030-03-31,1.17,1.33677,0.95688,1,942149492,1,Basic Materials,12.53,2771673590,2840737
2026-08-21,SVM,2029-03-31,1.75277,2.0026,1.4335,1,1038900000,1,Basic Materials,12.53,2771673590,2840737
2026-08-21,SVM,2028-03-31,1.388,1.75905,1.00321,2,799150000,3,Basic Materials,12.53,2771673590,2840737
2026-08-21,SVM,2027-03-31,0.784,0.97406,0.6177,3,497440000,4,Basic Materials,12.53,2771673590,2840737
2026-08-21,SVV,2030-01-03,0,0,0,2,2111100000,1,Consumer Cyclical,10.75,1655351220,1045573
2026-08-21,SVV,2029-01-03,0.79749,0.80534,0.79032,3,2051293886,2,Consumer Cyclical,10.75,1655351220,1045573
2026-08-21,SVV,2028-01-03,0.61058,0.63163,0.579,6,1928009378,7,Consumer Cyclical,10.75,1655351220,1045573
2026-08-21,SVV,2027-01-03,0.4958,0.51646,0.48547,6,1783686816,8,Consumer Cyclical,10.75,1655351220,1045573
2026-08-21,SW,2030-12-31,0,0,0,4,39444000000,6,Consumer Cyclical,49.39,25906186031,2720534
2026-08-21,SW,2029-12-31,4.82,4.97939,4.65256,4,35987000000,6,Consumer Cyclical,49.39,25906186031,2720534
2026-08-21,SW,2028-12-31,3.94854,4.07911,3.81137,5,34633241726,5,Consumer Cyclical,49.39,25906186031,2720534
2026-08-21,SW,2027-12-31,3.42533,3.78276,2.97855,10,34006960919,8,Consumer Cyclical,49.39,25906186031,2720534
2026-08-21,SWBI,2027-04-30,0.505,0.50731,0.50269,1,550959500,2,Industrials,14.1,630651659,717194
2026-08-21,SWBI,2026-04-30,0.275,0.27626,0.27374,1,500747500,2,Industrials,14.1,630651659,717194
2026-08-21,SWBI,2025-04-30,0.33,0.33151,0.32849,1,486304000,3,Industrials,14.1,630651659,717194
2026-08-21,SWBI,2024-04-30,0.815,0.81873,0.81127,1,533481000,2,Industrials,14.1,630651659,717194
2026-08-21,SWK,2030-01-03,7.61,7.77329,7.38604,1,16847000000,6,Industrials,100.02,15104720340,1507285
2026-08-21,SWK,2029-01-03,7.18822,7.81067,6.66888,5,16064803001,8,Industrials,100.02,15104720340,1507285
2026-08-21,SWK,2028-01-03,6.38458,6.88433,6.04801,9,15478820615,10,Industrials,100.02,15104720340,1507285
2026-08-21,SWK,2027-01-03,5.59604,5.65621,5.5459,9,15169432250,10,Industrials,100.02,15104720340,1507285
2026-08-21,SWKS,2029-10-03,6.55,6.80639,6.20481,1,4530000000,6,Technology,67.14,10102742583,5561672
2026-08-21,SWKS,2028-10-03,5.80858,10.63967,2.15389,5,4296672154,11,Technology,67.14,10102742583,5561672
2026-08-21,SWKS,2027-10-03,4.9608,5.33858,4.61285,13,4039746903,17,Technology,67.14,10102742583,5561672
2026-08-21,SWKS,2026-10-03,5.04226,5.06231,5.01219,13,3950028089,17,Technology,67.14,10102742583,5561672
2026-08-21,SYF,2029-12-31,12.80101,13.08361,12.41274,4,16961598617,6,Financial Services,79.47,25857220655,4003500
2026-08-21,SYF,2028-12-31,12.13444,14.4909,10.39423,10,16874598334,8,Financial Services,79.47,25857220655,4003500
2026-08-21,SYF,2027-12-31,10.44139,10.905,9.99793,18,16002256267,12,Financial Services,79.47,25857220655,4003500
2026-08-21,SYF,2026-12-31,9.35225,9.52193,9.23248,17,15154572074,12,Financial Services,79.47,25857220655,4003500
2026-08-21,SYK,2030-12-31,23.11333,23.97916,22.73049,4,37890000000,11,Healthcare,329.45,126298203041,2418452
2026-08-21,SYK,2029-12-31,20.78507,21.56368,20.44079,2,34878576888,14,Healthcare,329.45,126298203041,2418452
2026-08-21,SYK,2028-12-31,18.66117,19.6072,17.39999,7,32011116922,22,Healthcare,329.45,126298203041,2418452
2026-08-21,SYK,2027-12-31,16.76133,17.08136,16.46131,16,29697631502,20,Healthcare,329.45,126298203041,2418452
2026-08-21,SYM,2030-09-27,3.25,3.6043,3.05875,1,6915000000,4,Industrials,41.83,26842185175,2217005
2026-08-21,SYM,2029-09-27,2.96,3.28269,2.78581,1,5523800000,4,Industrials,41.83,26842185175,2217005
2026-08-21,SYM,2028-09-27,0.85401,2.14874,0.16443,5,4503453332,9,Industrials,41.83,26842185175,2217005
2026-08-21,SYM,2027-09-27,0.75214,0.94268,0.62177,7,3620003894,13,Industrials,41.83,26842185175,2217005
2026-08-21,SYNA,2029-06-27,6.7024,6.97844,6.41448,1,1533290000,1,Technology,97.66,3814860938,971888
2026-08-21,SYNA,2028-06-27,6.57731,6.98386,5.86,4,1467212559,6,Technology,97.66,3814860938,971888
2026-08-21,SYNA,2027-06-27,5.23979,5.29866,5.16129,5,1297379134,6,Technology,97.66,3814860938,971888
2026-08-21,SYNA,2026-06-27,4.61195,4.64196,4.59194,8,1194101268,9,Technology,97.66,3814860938,971888
2026-08-21,SYRE,2030-12-31,-4.10958,-4.10958,-4.10958,4,235359128,4,Healthcare,106.49,9247730037,909349
2026-08-21,SYRE,2029-12-31,-4.34141,-4.34141,-4.34141,4,93326000,4,Healthcare,106.49,9247730037,909349
2026-08-21,SYRE,2028-12-31,-4.11503,-2.52223,-5.71642,10,200000,9,Healthcare,106.49,9247730037,909349
2026-08-21,SYRE,2027-12-31,-3.52809,-2.40275,-4.30873,10,166667,12,Healthcare,106.49,9247730037,909349
2026-08-21,SYY,2030-06-27,6.15,6.38368,5.99557,1,98915000000,4,Consumer Defensive,84.1,40215190300,1604838
2026-08-21,SYY,2029-06-27,5.83968,5.99099,5.61143,4,96097678187,6,Consumer Defensive,84.1,40215190300,1604838
2026-08-21,SYY,2028-06-27,5.4042,5.65347,5.1649,7,92159374150,9,Consumer Defensive,84.1,40215190300,1604838
2026-08-21,SYY,2027-06-27,5.06208,5.18166,4.81296,8,89583877108,10,Consumer Defensive,84.1,40215190300,1604838
2026-08-21,T,2030-12-31,3.52,3.57631,3.46822,4,143203000000,7,Communication Services,25.31,173433990900,21614176
2026-08-21,T,2029-12-31,3.1475,3.19785,3.1012,2,138958000000,10,Communication Services,25.31,173433990900,21614176
2026-08-21,T,2028-12-31,2.90975,2.97975,2.84131,7,134728437470,15,Communication Services,25.31,173433990900,21614176
2026-08-21,T,2027-12-31,2.5584,2.76745,2.41903,14,131939306713,17,Communication Services,25.31,173433990900,21614176
2026-08-21,TAC,2030-12-31,1.22338,1.30819,1.15151,1,2156648821,1,Utilities,12.21,3644823925,971260
2026-08-21,TAC,2029-12-31,0.99216,1.06094,0.93387,1,2204001355,1,Utilities,12.21,3644823925,971260
2026-08-21,TAC,2028-12-31,0.76138,0.81417,0.71665,2,2657826084,1,Utilities,12.21,3644823925,971260
2026-08-21,TAC,2027-12-31,0.5733,0.61305,0.53962,4,2359540649,2,Utilities,12.21,3644823925,971260
2026-08-21,TAK,2031-03-31,164.05574,172.20845,157.96444,1,5254870809598,3,Healthcare,18.18,57851419625,1388346
2026-08-21,TAK,2030-03-31,140.89464,147.89637,135.6633,1,5221047909151,4,Healthcare,18.18,57851419625,1388346
2026-08-21,TAK,2029-03-31,119.49918,125.43767,115.06224,1,4962995814344,4,Healthcare,18.18,57851419625,1388346
2026-08-21,TAK,2028-03-31,97.3315,104.37523,89.64743,2,4818179395410,9,Healthcare,18.18,57851419625,1388346
2026-08-21,TAL,2030-02-28,0,0,0,3,3723000000,8,Consumer Defensive,11.32,6888465893,2904092
2026-08-21,TAL,2029-02-28,1.44206,1.66031,1.25872,8,5043257049,16,Consumer Defensive,11.32,6888465893,2904092
2026-08-21,TAL,2028-02-28,1.22417,1.469,0.96821,9,4416835538,14,Consumer Defensive,11.32,6888465893,2904092
2026-08-21,TAL,2027-02-28,1.40189,1.57108,1.08767,7,3752335100,13,Consumer Defensive,11.32,6888465893,2904092
2026-08-21,TALO,2030-12-31,0.45,0.47855,0.41436,1,2006000000,2,Energy,17.47,2916194040,1668880
2026-08-21,TALO,2029-12-31,0.58,0.61679,0.53406,1,2099000000,1,Energy,17.47,2916194040,1668880
2026-08-21,TALO,2028-12-31,0.27608,0.99572,-0.1414,3,2102776966,3,Energy,17.47,2916194040,1668880
2026-08-21,TALO,2027-12-31,0.77109,1.24517,0.31986,5,2173460601,5,Energy,17.47,2916194040,1668880
2026-08-21,TAP,2030-12-31,6.17,6.36099,6.05754,2,11219900000,7,Consumer Defensive,42.94,8053455484,1301700
2026-08-21,TAP,2029-12-31,5.74935,5.92732,5.64456,3,11100033613,10,Consumer Defensive,42.94,8053455484,1301700
2026-08-21,TAP,2028-12-31,5.16577,5.62724,4.57453,6,11096085676,15,Consumer Defensive,42.94,8053455484,1301700
2026-08-21,TAP,2027-12-31,4.87021,5.58412,4.5866,11,11073901696,14,Consumer Defensive,42.94,8053455484,1301700
2026-08-21,TARS,2030-12-31,10.3325,11.08841,9.8417,1,1535077000,2,Healthcare,72.7,3127844800,569985
2026-08-21,TARS,2029-12-31,6.8275,7.32699,6.50319,1,1321434000,1,Healthcare,72.7,3127844800,569985
2026-08-21,TARS,2028-12-31,4.72334,6.07987,2.22602,3,1121894000,3,Healthcare,72.7,3127844800,569985
2026-08-21,TARS,2027-12-31,1.465,5.15276,-4.44552,4,920800963,3,Healthcare,72.7,3127844800,569985
2026-08-21,TBBB,2030-12-31,19.64434,20.4152,19.26024,1,272168914131,5,Consumer Defensive,50.66,5870044567,814395
2026-08-21,TBBB,2029-12-31,11.22589,11.66641,11.00639,1,220760336330,3,Consumer Defensive,50.66,5870044567,814395
2026-08-21,TBBB,2028-12-31,4.42292,4.59648,4.33644,1,172964368895,3,Consumer Defensive,50.66,5870044567,814395
2026-08-21,TBBB,2027-12-31,-1.25158,3.75474,-5.63211,2,137686170396,7,Consumer Defensive,50.66,5870044567,814395
2026-08-21,TBPH,2030-12-31,1.61,2.16344,1.34549,1,109059000,2,Healthcare,17.01,881598601,716298
2026-08-21,TBPH,2029-12-31,1.51,2.02907,1.26192,1,103033500,2,Healthcare,17.01,881598601,716298
2026-08-21,TBPH,2028-12-31,1.415,2.5789,0.1527,5,97814000,4,Healthcare,17.01,881598601,716298
2026-08-21,TBPH,2027-12-31,1.86453,2.92509,0.80397,3,104118750,4,Healthcare,17.01,881598601,716298
2026-08-21,TCBI,2028-12-31,9.30603,9.73809,8.87396,2,1531218638,2,Financial Services,98.3,4273530473,534168
2026-08-21,TCBI,2027-12-31,8.27763,8.77047,7.62387,10,1430895061,8,Financial Services,98.3,4273530473,534168
2026-08-21,TCBI,2026-12-31,7.35471,7.59356,7.16562,10,1340950104,8,Financial Services,98.3,4273530473,534168
2026-08-21,TCBI,2025-12-31,6.45852,6.63737,6.35916,10,1253294633,7,Financial Services,98.3,4273530473,534168
2026-08-21,TCOM,2029-12-31,23.91992,25.83475,22.53852,5,96117998062,10,Consumer Cyclical,46.11,29952292280,1497102
2026-08-21,TCOM,2028-12-31,30.87186,36.01019,23.96058,8,83252798447,21,Consumer Cyclical,46.11,29952292280,1497102
2026-08-21,TCOM,2027-12-31,27.78333,28.98854,26.19752,13,75343673162,23,Consumer Cyclical,46.11,29952292280,1497102
2026-08-21,TCOM,2026-12-31,23.66095,25.06402,21.49256,12,67909827967,21,Consumer Cyclical,46.11,29952292280,1497102
2026-08-21,TD,2029-10-31,11.17383,11.27761,11.08949,1,162386841349,1,Financial Services,117.15,197924925000,1136784
2026-08-21,TD,2028-10-31,12.22552,13.36189,11.08915,2,68531124702,1,Financial Services,117.15,197924925000,1136784
2026-08-21,TD,2027-10-31,10.95663,11.15688,10.78498,7,63667367063,3,Financial Services,117.15,197924925000,1136784
2026-08-21,TD,2026-10-31,9.85724,10.05724,9.6001,7,60704630633,3,Financial Services,117.15,197924925000,1136784
2026-08-21,TDC,2028-12-31,3.23849,3.26094,3.21567,1,1703924304,4,Technology,27.69,2605629000,1035534
2026-08-21,TDC,2027-12-31,2.91215,3.01292,2.81138,5,1669155008,5,Technology,27.69,2605629000,1035534
2026-08-21,TDC,2026-12-31,2.70887,2.73908,2.65852,5,1647285800,5,Technology,27.69,2605629000,1035534
2026-08-21,TDC,2025-12-31,2.40479,2.41481,2.38475,7,1642562941,6,Technology,27.69,2605629000,1035534
2026-08-21,TDG,2030-09-30,72.24,74.91066,70.18002,4,14426500000,8,Industrials,1200.35,67139896760,533782
2026-08-21,TDG,2029-09-30,64.62333,67.01241,62.78054,9,13275333333,8,Industrials,1200.35,67139896760,533782
2026-08-21,TDG,2028-09-30,55.70507,64.58532,41.28777,11,12445225490,16,Industrials,1200.35,67139896760,533782
2026-08-21,TDG,2027-09-30,48.20259,50.79757,46.70972,13,11561101385,15,Industrials,1200.35,67139896760,533782
2026-08-21,TDS,2028-12-31,0.083048,0.15028,0.01581967,2,1297437267,3,Communication Services,33.6,3571680000,524200
2026-08-21,TDS,2027-12-31,0.21622,0.22216,0.21134,2,1253864935,2,Communication Services,33.6,3571680000,524200
2026-08-21,TDS,2026-12-31,3.70093,3.80267,3.6174,2,1241335010,2,Communication Services,33.6,3571680000,524200
2026-08-21,TDS,2025-12-31,-1.18774,-1.16093,-1.22039,1,1824835904,1,Communication Services,33.6,3571680000,524200
2026-08-21,TEAM,2031-06-30,0,0,0,2,12434900000,5,Technology,171.81,45130074060,2947815
2026-08-21,TEAM,2030-06-30,7.86,8.37932,7.61059,1,10996200000,6,Technology,171.81,45130074060,2947815
2026-08-21,TEAM,2029-06-30,8.48713,9.26677,7.06448,3,9988253125,12,Technology,171.81,45130074060,2947815
2026-08-21,TEAM,2028-06-30,6.68687,8.94268,5.86108,15,8564128810,22,Technology,171.81,45130074060,2947815
2026-08-21,TECH,2031-06-30,0,0,0,0,1891000000,1,Healthcare,72.32,11323070080,3958011
2026-08-21,TECH,2030-06-30,2.4576,2.5993,2.36536,1,1658296000,2,Healthcare,72.32,11323070080,3958011
2026-08-21,TECH,2029-06-30,2.68,2.83452,2.57941,1,1550486000,4,Healthcare,72.32,11323070080,3958011
2026-08-21,TECH,2028-06-30,2.33999,2.41411,2.2447,3,1380131740,6,Healthcare,72.32,11323070080,3958011
2026-08-21,TECK,2030-12-31,3.56914,4.35193,3.05518,7,14877767174,7,Basic Materials,69.2,33423600000,4842781
2026-08-21,TECK,2029-12-31,4.12389,5.02835,3.53005,12,14349830959,10,Basic Materials,69.2,33423600000,4842781
2026-08-21,TECK,2028-12-31,3.85085,4.69542,3.29633,9,13111561021,6,Basic Materials,69.2,33423600000,4842781
2026-08-21,TECK,2027-12-31,5.19721,6.78715,2.6157,17,15500774682,15,Basic Materials,69.2,33423600000,4842781
2026-08-21,TEL,2029-09-26,17.05,17.51529,16.74753,1,24510000000,5,Technology,203.53,59011624972,2965339
2026-08-21,TEL,2028-09-26,14.37614,15.448,13.46504,5,23170126002,10,Technology,203.53,59011624972,2965339
2026-08-21,TEL,2027-09-26,12.98617,13.75182,12.50888,9,21732101766,11,Technology,203.53,59011624972,2965339
2026-08-21,TEL,2026-09-26,11.446,11.59556,11.38618,9,19847088813,12,Technology,203.53,59011624972,2965339
2026-08-21,TEM,2030-12-31,2.80025,2.93503,2.69994,4,3261549300,5,Healthcare,72.69,12735293088,15877153
2026-08-21,TEM,2029-12-31,1.8811,1.97164,1.81372,2,2795671467,5,Healthcare,72.69,12735293088,15877153
2026-08-21,TEM,2028-12-31,0.69398,1.15145,-0.04497835,7,2364695239,10,Healthcare,72.69,12735293088,15877153
2026-08-21,TEM,2027-12-31,0.028274,1.66817,-1.27233,10,1970147158,14,Healthcare,72.69,12735293088,15877153
2026-08-21,TENB,2029-12-31,2.9,2.93887,2.84483,1,1361475000,4,Technology,34.38,3791151360,2075534
2026-08-21,TENB,2028-12-31,2.4433,3.02205,1.4688,4,1236553185,9,Technology,34.38,3791151360,2075534
2026-08-21,TENB,2027-12-31,2.17705,2.34682,1.99729,13,1156548592,17,Technology,34.38,3791151360,2075534
2026-08-21,TENB,2026-12-31,1.9804,2.01041,1.94039,13,1078384458,17,Technology,34.38,3791151360,2075534
2026-08-21,TER,2028-12-31,15.45611,20.49972,10.88257,6,7772333012,12,Technology,375.74,58743567340,1906895
2026-08-21,TER,2027-12-31,11.74928,13.57532,9.39108,11,6240876946,13,Technology,375.74,58743567340,1906895
2026-08-21,TER,2026-12-31,9.2068,9.45973,9.0348,9,5145478843,12,Technology,375.74,58743567340,1906895
2026-08-21,TER,2025-12-31,3.55561,3.61587,3.51543,13,3081213856,12,Technology,375.74,58743567340,1906895
2026-08-21,TEVA,2030-12-31,4.26,4.31798,4.17876,1,19519575000,6,Healthcare,37.34,43487657600,2803516
2026-08-21,TEVA,2029-12-31,3.76,3.81117,3.6883,1,18573278200,6,Healthcare,37.34,43487657600,2803516
2026-08-21,TEVA,2028-12-31,3.44036,3.87839,3.16197,3,18078670842,8,Healthcare,37.34,43487657600,2803516
2026-08-21,TEVA,2027-12-31,3.06822,3.12722,3.02888,7,17285479256,8,Healthcare,37.34,43487657600,2803516
2026-08-21,TEX,2028-12-31,6.83744,7.73309,5.77097,5,9252309955,8,Industrials,66.48,7598664000,800066
2026-08-21,TEX,2027-12-31,5.97841,6.85551,5.69612,11,8787470959,11,Industrials,66.48,7598664000,800066
2026-08-21,TEX,2026-12-31,5.04207,5.19425,4.79859,11,8139697171,11,Industrials,66.48,7598664000,800066
2026-08-21,TEX,2025-12-31,4.9313,4.96125,4.89137,8,5410095949,6,Industrials,66.48,7598664000,800066
2026-08-21,TFC,2028-12-31,5.58925,5.98118,4.95198,7,22796373742,6,Financial Services,50.42,62817269600,3820463
2026-08-21,TFC,2027-12-31,5.01661,5.22987,4.66118,14,21926642345,9,Financial Services,50.42,62817269600,3820463
2026-08-21,TFC,2026-12-31,4.63056,4.75188,4.43846,14,21206087479,8,Financial Services,50.42,62817269600,3820463
2026-08-21,TFC,2025-12-31,3.91182,3.97169,3.88188,10,20494516949,6,Financial Services,50.42,62817269600,3820463
2026-08-21,TFPM,2030-12-31,1.74497,2.23543,1.505,1,491000000,2,Basic Materials,33.79,6981146186,682106
2026-08-21,TFPM,2029-12-31,1.53213,1.96277,1.32143,1,559759500,1,Basic Materials,33.79,6981146186,682106
2026-08-21,TFPM,2028-12-31,1.62857,2.08631,1.4046,1,583916350,3,Basic Materials,33.79,6981146186,682106
2026-08-21,TFPM,2027-12-31,1.54546,1.97102,1.29908,5,597248732,5,Basic Materials,33.79,6981146186,682106
2026-08-21,TFSL,2028-09-30,0.41,0.4114,0.4086,1,392900000,1,Financial Services,17.64,4946822967,741166
2026-08-21,TFSL,2027-09-30,0.39,0.39133,0.38867,1,374162000,1,Financial Services,17.64,4946822967,741166
2026-08-21,TFSL,2026-09-30,0.36,0.36123,0.35877,1,347746000,1,Financial Services,17.64,4946822967,741166
2026-08-21,TFSL,2025-09-30,0.31,0.31106,0.30894,1,320349000,1,Financial Services,17.64,4946822967,741166
2026-08-21,TFX,2030-12-31,14.23667,14.36769,14.0896,1,2728333333,4,Healthcare,138.83,6146031866,630892
2026-08-21,TFX,2029-12-31,13.25,13.37194,13.11312,1,2607666667,4,Healthcare,138.83,6146031866,630892
2026-08-21,TFX,2028-12-31,12.10874,15.08433,10.01837,4,2476656368,9,Healthcare,138.83,6146031866,630892
2026-08-21,TFX,2027-12-31,10.95193,11.71389,9.13338,9,2367016437,11,Healthcare,138.83,6146031866,630892
2026-08-21,TGT,2031-01-31,11.72333,11.9502,11.34559,9,122686750000,8,Consumer Defensive,165.42,75132275220,5310435
2026-08-21,TGT,2030-01-31,10.704,10.91115,10.3591,5,119733925000,17,Consumer Defensive,165.42,75132275220,5310435
2026-08-21,TGT,2029-01-31,10.29383,11.69663,8.27097,13,116844329479,19,Consumer Defensive,165.42,75132275220,5310435
2026-08-21,TGT,2028-01-31,9.54447,10.35924,8.86726,27,113273415293,28,Consumer Defensive,165.42,75132275220,5310435
2026-08-21,TGTX,2030-12-31,5.362,5.87127,5.01829,2,2231480000,3,Healthcare,54.27,8307845887,5384894
2026-08-21,TGTX,2029-12-31,4.242,4.64489,3.97009,3,1904660000,4,Healthcare,54.27,8307845887,5384894
2026-08-21,TGTX,2028-12-31,3.67185,4.21,3.14,6,1623437864,6,Healthcare,54.27,8307845887,5384894
2026-08-21,TGTX,2027-12-31,2.86181,4.27652,2.33265,6,1318061895,6,Healthcare,54.27,8307845887,5384894
2026-08-21,TH,2028-12-31,0.94216,1.22536,0.76349,3,780628877,3,Industrials,17.85,1777601175,988524
2026-08-21,TH,2027-12-31,0.63167,0.75609,0.38283,4,683681906,5,Industrials,17.85,1777601175,988524
2026-08-21,TH,2026-12-31,-0.20638,-0.14447,-0.24766,4,410091796,5,Industrials,17.85,1777601175,988524
2026-08-21,TH,2025-12-31,-0.3225,-0.2795,-0.344,3,316700000,3,Industrials,17.85,1777601175,988524
2026-08-21,THC,2029-12-31,28.72,30.31295,27.99103,1,24085000000,11,Healthcare,280.77,22607320753,641558
2026-08-21,THC,2028-12-31,22.78888,26.10767,19.66729,5,23554485326,13,Healthcare,280.77,22607320753,641558
2026-08-21,THC,2027-12-31,20.82935,23.07833,15.96356,12,22520124258,14,Healthcare,280.77,22607320753,641558
2026-08-21,THC,2026-12-31,21.0074,22.30994,17.76668,11,22213230906,14,Healthcare,280.77,22607320753,641558
2026-08-21,TIGO,2030-12-31,0,0,0,1,9200000000,5,Communication Services,93.68,15695282474,723735
2026-08-21,TIGO,2029-12-31,10.6,11.01641,10.15427,1,9128000000,3,Communication Services,93.68,15695282474,723735
2026-08-21,TIGO,2028-12-31,7.16982,9.57633,4.68825,5,9288506748,7,Communication Services,93.68,15695282474,723735
2026-08-21,TIGO,2027-12-31,5.82749,7.41681,4.23817,4,9006256939,6,Communication Services,93.68,15695282474,723735
2026-08-21,TIMB,2030-12-31,0,0,0,1,27389870000,4,Communication Services,17.84,8522783230,1528997
2026-08-21,TIMB,2029-12-31,16.45539,16.70961,15.88842,1,26873080000,4,Communication Services,17.84,8522783230,1528997
2026-08-21,TIMB,2028-12-31,12.07147,12.25796,11.65555,2,30188599422,3,Communication Services,17.84,8522783230,1528997
2026-08-21,TIMB,2027-12-31,10.7775,11.75261,9.69975,4,28935415661,9,Communication Services,17.84,8522783230,1528997
2026-08-21,TJX,2030-01-31,6.85,7.01473,6.73001,3,75501000000,4,Consumer Cyclical,140.51,155222021707,8081042
2026-08-21,TJX,2029-01-31,6.49236,6.74657,6.24699,7,73234504675,8,Consumer Cyclical,140.51,155222021707,8081042
2026-08-21,TJX,2028-01-31,5.78515,5.90716,5.60214,12,68055325362,16,Consumer Cyclical,140.51,155222021707,8081042
2026-08-21,TJX,2027-01-31,5.28035,5.40244,5.20913,12,64039645796,16,Consumer Cyclical,140.51,155222021707,8081042
2026-08-21,TK,2030-12-31,0.5,0.5,0.5,1,1327590000,1,Energy,13.24,1152036232,867196
2026-08-21,TK,2029-12-31,0.5,0.5,0.5,1,1327590000,1,Energy,13.24,1152036232,867196
2026-08-21,TK,2028-12-31,0.43,0.43,0.43,1,218199997,1,Energy,13.24,1152036232,867196
2026-08-21,TK,2027-12-31,-0.25,-0.25,-0.25,1,271500000,1,Energy,13.24,1152036232,867196
2026-08-21,TKO,2030-12-31,10.7,11.16412,10.20567,2,7685651362,6,Communication Services,193.14,14479261578,604760
2026-08-21,TKO,2029-12-31,7.805,8.14354,7.44442,3,6875282701,11,Communication Services,193.14,14479261578,604760
2026-08-21,TKO,2028-12-31,7.21846,10.30659,3.42816,6,7431732025,13,Communication Services,193.14,14479261578,604760
2026-08-21,TKO,2027-12-31,5.4723,9.025,2.45442,7,5874704367,15,Communication Services,193.14,14479261578,604760
2026-08-21,TLN,2030-12-31,51.03507,56.87962,40.95604,1,5985956246,5,Utilities,314.46,14274914216,873389
2026-08-21,TLN,2029-12-31,44.10687,49.158,35.3961,1,5762540493,3,Utilities,314.46,14274914216,873389
2026-08-21,TLN,2028-12-31,38.57061,45.47364,29.97668,4,5461826018,7,Utilities,314.46,14274914216,873389
2026-08-21,TLN,2027-12-31,31.89112,39.80433,22.26024,6,5196907797,7,Utilities,314.46,14274914216,873389
2026-08-21,TMDX,2029-12-31,5.41,5.66263,5.25593,3,1183000000,3,Healthcare,94.77,3275336493,621550
2026-08-21,TMDX,2028-12-31,3.23153,4.03564,2.44736,6,1015653906,7,Healthcare,94.77,3275336493,621550
2026-08-21,TMDX,2027-12-31,2.31883,2.63867,1.73912,8,874749495,9,Healthcare,94.77,3275336493,621550
2026-08-21,TMDX,2026-12-31,1.50112,1.57122,1.48983,6,743099081,10,Healthcare,94.77,3275336493,621550
2026-08-21,TMO,2030-12-31,39.07,39.69874,38.67474,1,58775000000,8,Healthcare,629.27,233849946670,1555958
2026-08-21,TMO,2029-12-31,34.21503,34.76564,33.86888,1,57022201778,13,Healthcare,629.27,233849946670,1555958
2026-08-21,TMO,2028-12-31,30.19591,32.89642,27.10446,5,53462822435,17,Healthcare,629.27,233849946670,1555958
2026-08-21,TMO,2027-12-31,27.41967,28.97455,26.40302,16,50312475470,20,Healthcare,629.27,233849946670,1555958
2026-08-21,TMUS,2030-12-31,20.5025,20.75905,19.94746,5,109542400000,14,Communication Services,183.04,196341812044,3958253
2026-08-21,TMUS,2029-12-31,17.76652,17.98884,17.28555,10,106077600000,14,Communication Services,183.04,196341812044,3958253
2026-08-21,TMUS,2028-12-31,16.66918,20.68444,14.6059,13,102575283748,16,Communication Services,183.04,196341812044,3958253
2026-08-21,TMUS,2027-12-31,13.8956,16.16962,12.05124,17,98572972877,18,Communication Services,183.04,196341812044,3958253
2026-08-21,TNDM,2030-12-31,1.74333,1.85406,1.69046,13,1673400000,9,Healthcare,22.32,1529569266,1617640
2026-08-21,TNDM,2029-12-31,1.33081,1.41534,1.29045,13,1504875385,10,Healthcare,22.32,1529569266,1617640
2026-08-21,TNDM,2028-12-31,0.80923,1.83871,-0.05868238,16,1374128637,18,Healthcare,22.32,1529569266,1617640
2026-08-21,TNDM,2027-12-31,0.14487,0.53997,-0.3951,15,1205330573,17,Healthcare,22.32,1529569266,1617640
2026-08-21,TNGX,2030-12-31,1.14143,1.14143,1.14143,4,803056429,5,Healthcare,23.88,3888013818,2488676
2026-08-21,TNGX,2029-12-31,-1.11,-1.11,-1.11,4,304439650,5,Healthcare,23.88,3888013818,2488676
2026-08-21,TNGX,2028-12-31,-1.843,-0.82006,-2.64019,10,53078667,11,Healthcare,23.88,3888013818,2488676
2026-08-21,TNGX,2027-12-31,-1.65965,-1.2341,-2.24478,11,3140000,8,Healthcare,23.88,3888013818,2488676
2026-08-21,TOL,2028-10-31,16.02705,16.41659,15.32215,7,11856118043,6,Consumer Cyclical,147.07,13746779970,580652
2026-08-21,TOL,2027-10-31,14.07559,14.46409,13.41813,12,11022723790,11,Consumer Cyclical,147.07,13746779970,580652
2026-08-21,TOL,2026-10-31,12.76344,12.89419,12.62263,12,10792590755,11,Consumer Cyclical,147.07,13746779970,580652
2026-08-21,TOL,2025-10-31,13.82941,14.03986,13.69913,8,10810527194,7,Consumer Cyclical,147.07,13746779970,580652
2026-08-21,TOST,2029-12-31,2.66463,2.75296,2.58189,3,12169349333,8,Technology,36.64,21251198388,7878442
2026-08-21,TOST,2028-12-31,2.21375,2.51068,1.72867,9,10369588944,14,Technology,36.64,21251198388,7878442
2026-08-21,TOST,2027-12-31,1.72324,1.83345,1.66313,14,8839154630,21,Technology,36.64,21251198388,7878442
2026-08-21,TOST,2026-12-31,1.38477,1.4258,1.33348,13,7469898676,21,Technology,36.64,21251198388,7878442
2026-08-21,TOWN,2027-12-31,3.50205,3.83193,3.32508,2,1047028499,2,Financial Services,37.75,3479991300,659314
2026-08-21,TOWN,2026-12-31,3.14143,3.43734,2.98269,3,997025000,2,Financial Services,37.75,3479991300,659314
2026-08-21,TOWN,2025-12-31,2.97085,3.25069,2.82073,2,841327750,2,Financial Services,37.75,3479991300,659314
2026-08-21,TOWN,2024-12-31,2.10218,2.3002,1.99595,3,689629500,2,Financial Services,37.75,3479991300,659314
2026-08-21,TPG,2029-12-31,4.78061,5.14897,4.52886,1,3613062800,1,Financial Services,52.4,20086766419,1968015
2026-08-21,TPG,2028-12-31,4.28211,4.61206,4.05661,1,3545592880,3,Financial Services,52.4,20086766419,1968015
2026-08-21,TPG,2027-12-31,3.61204,3.95651,3.26757,2,3129037787,5,Financial Services,52.4,20086766419,1968015
2026-08-21,TPG,2026-12-31,2.84794,2.95672,2.65017,2,2610891415,4,Financial Services,52.4,20086766419,1968015
2026-08-21,TPR,2029-06-27,10.31301,10.67475,10.00693,3,9655452283,8,Consumer Cyclical,130.17,26300197650,2466770
2026-08-21,TPR,2028-06-27,8.89017,9.5259,8.36544,12,8993572699,15,Consumer Cyclical,130.17,26300197650,2466770
2026-08-21,TPR,2027-06-27,7.96325,8.34436,7.82284,12,8541092210,14,Consumer Cyclical,130.17,26300197650,2466770
2026-08-21,TPR,2026-06-27,6.99728,7.05751,6.95712,12,7992739243,14,Consumer Cyclical,130.17,26300197650,2466770
2026-08-21,TRAX,2028-12-31,-3.80046,-2.99,-4.50722,6,0,0,Healthcare,43.11,1504210545,507289
2026-08-21,TRAX,2027-12-31,-3.23,-2.28,-3.83,6,0,0,Healthcare,43.11,1504210545,507289
2026-08-21,TRAX,2026-12-31,-4.02,-3.36,-4.35,6,75000000,4,Healthcare,43.11,1504210545,507289
2026-08-21,TRAX,2025-12-31,-4.85421,-4.85421,-4.85421,3,0,0,Healthcare,43.11,1504210545,507289
2026-08-21,TREX,2028-12-31,2.40163,2.4129,2.39037,2,1425095140,7,Basic Materials,46.83,4865590170,812968
2026-08-21,TREX,2027-12-31,2.01686,2.06654,1.94731,10,1322295514,14,Basic Materials,46.83,4865590170,812968
2026-08-21,TREX,2026-12-31,1.76832,1.81856,1.73818,10,1243068242,14,Basic Materials,46.83,4865590170,812968
2026-08-21,TREX,2025-12-31,1.82902,1.87927,1.77877,13,1157641566,13,Basic Materials,46.83,4865590170,812968
2026-08-21,TRGP,2030-12-31,18.9644,22.23483,14.42685,5,35586700000,6,Energy,299.1,64200020400,1600887
2026-08-21,TRGP,2029-12-31,16.72966,19.61471,12.72681,10,32317500000,6,Energy,299.1,64200020400,1600887
2026-08-21,TRGP,2028-12-31,14.90083,18.22386,13.24913,13,25602237056,8,Energy,299.1,64200020400,1600887
2026-08-21,TRGP,2027-12-31,12.31843,13.98822,11.15858,10,22948342941,7,Energy,299.1,64200020400,1600887
2026-08-21,TRI,2028-12-31,5.80758,6.15938,5.45578,2,9561146353,8,Industrials,105.53,46067943469,1429193
2026-08-21,TRI,2027-12-31,5.13938,5.2813,4.98733,8,8813774903,10,Industrials,105.53,46067943469,1429193
2026-08-21,TRI,2026-12-31,4.49553,4.59655,4.39451,9,8228210808,11,Industrials,105.53,46067943469,1429193
2026-08-21,TRI,2025-12-31,3.98865,4.05066,3.97845,9,7534797257,8,Industrials,105.53,46067943469,1429193
2026-08-21,TRIN,2028-12-31,1.96,1.97054,1.94946,2,389712000,2,Financial Services,18.35,1649438212,530520
2026-08-21,TRIN,2027-12-31,2.10622,2.15637,2.04604,7,418123823,6,Financial Services,18.35,1649438212,530520
2026-08-21,TRIN,2026-12-31,2.0797,2.10984,2.04956,6,368307225,6,Financial Services,18.35,1649438212,530520
2026-08-21,TRIN,2025-12-31,2.07914,2.23086,1.93808,5,290880612,5,Financial Services,18.35,1649438212,530520
2026-08-21,TRIP,2030-12-31,2.56,2.85565,2.40175,1,1859825000,4,Consumer Cyclical,10,1163611690,2543588
2026-08-21,TRIP,2029-12-31,2.18208,2.43409,2.04719,1,1771875000,4,Consumer Cyclical,10,1163611690,2543588
2026-08-21,TRIP,2028-12-31,1.49505,2.34529,0.76955,5,1669099208,9,Consumer Cyclical,10,1163611690,2543588
2026-08-21,TRIP,2027-12-31,1.07495,1.52493,0.53331,9,1642096581,10,Consumer Cyclical,10,1163611690,2543588
2026-08-21,TRLV,2030-12-31,0.54,0.55655,0.52861,1,991600000,1,Healthcare,11.1,1885898425,1554395
2026-08-21,TRLV,2029-12-31,0.53,0.54625,0.51882,1,949400000,1,Healthcare,11.1,1885898425,1554395
2026-08-21,TRLV,2028-12-31,0.51,0.52563,0.49924,1,915047000,1,Healthcare,11.1,1885898425,1554395
2026-08-21,TRLV,2027-12-31,0.575,0.66579,0.51447,4,936363933,5,Healthcare,11.1,1885898425,1554395
2026-08-21,TRMB,2029-01-02,4.76083,4.89118,4.63048,2,4648947500,3,Technology,60.25,14044969020,2760748
2026-08-21,TRMB,2028-01-02,4.12351,4.23606,4.05189,8,4236123166,9,Technology,60.25,14044969020,2760748
2026-08-21,TRMB,2027-01-02,3.66946,3.71057,3.62835,8,3930629417,9,Technology,60.25,14044969020,2760748
2026-08-21,TRMB,2026-01-02,3.09053,3.10053,3.08053,9,3566932775,9,Technology,60.25,14044969020,2760748
2026-08-21,TRMD,2029-12-31,-2.1154,-1.97433,-2.30865,1,483887900,2,Industrials,31.8,3255270600,529066
2026-08-21,TRMD,2028-12-31,2.09889,2.29063,1.95892,1,824705382,1,Industrials,31.8,3255270600,529066
2026-08-21,TRMD,2027-12-31,3.68402,4.02057,3.43835,1,988692021,5,Industrials,31.8,3255270600,529066
2026-08-21,TRMD,2026-12-31,7.2465,7.9085,6.76326,1,1424272008,2,Industrials,31.8,3255270600,529066
2026-08-21,TROW,2029-12-31,11.05878,11.43818,10.5957,2,8308396350,1,Financial Services,111.51,23892913170,1275666
2026-08-21,TROW,2028-12-31,9.83352,10.17089,9.42175,4,7981229779,2,Financial Services,111.51,23892913170,1275666
2026-08-21,TROW,2027-12-31,10.21875,10.69475,9.21612,7,7964753727,5,Financial Services,111.51,23892913170,1275666
2026-08-21,TROW,2026-12-31,10.19053,10.65328,9.8988,7,7756480471,4,Financial Services,111.51,23892913170,1275666
2026-08-21,TRP,2030-12-31,5.004,5.44259,4.77388,1,19267696254,5,Energy,62.02,64563019084,1426967
2026-08-21,TRP,2029-12-31,4.50642,4.90139,4.29918,1,18741068175,5,Energy,62.02,64563019084,1426967
2026-08-21,TRP,2028-12-31,4.28457,4.88596,3.97803,4,18110644828,10,Energy,62.02,64563019084,1426967
2026-08-21,TRP,2027-12-31,4.02405,4.88635,3.77767,10,17191182148,9,Energy,62.02,64563019084,1426967
2026-08-21,TRU,2030-12-31,7.51403,7.9126,7.12002,5,6544781148,6,Financial Services,84.61,16211276000,1417783
2026-08-21,TRU,2029-12-31,7.33412,7.72315,6.94954,5,6076914714,11,Financial Services,84.61,16211276000,1417783
2026-08-21,TRU,2028-12-31,6.4883,6.82667,5.90468,8,6016180775,13,Financial Services,84.61,16211276000,1417783
2026-08-21,TRU,2027-12-31,5.61228,6.10423,5.32112,14,5587453627,16,Financial Services,84.61,16211276000,1417783
2026-08-21,TRV,2028-12-31,30.50838,34.13313,25.50285,7,46683656515,7,Financial Services,363.58,75833706499,1614018
2026-08-21,TRV,2027-12-31,30.2456,33.39745,28.38682,17,45240694199,11,Financial Services,363.58,75833706499,1614018
2026-08-21,TRV,2026-12-31,34.07583,35.5771,32.0204,18,43950523152,12,Financial Services,363.58,75833706499,1614018
2026-08-21,TRV,2025-12-31,25.44409,25.88313,24.60684,18,44730230129,9,Financial Services,363.58,75833706499,1614018
2026-08-21,TRVI,2030-12-31,-0.075,-0.075,-0.075,3,244331375,5,Healthcare,17.96,2549955556,1076849
2026-08-21,TRVI,2029-12-31,-0.712,-0.712,-0.712,3,64257333,5,Healthcare,17.96,2549955556,1076849
2026-08-21,TRVI,2028-12-31,-0.74091,-0.35851,-1.17795,9,31868500,10,Healthcare,17.96,2549955556,1076849
2026-08-21,TRVI,2027-12-31,-0.61482,-0.45616,-0.88256,8,3466667,6,Healthcare,17.96,2549955556,1076849
2026-08-21,TS,2030-12-31,4.2342,4.55185,3.99705,5,13197000000,5,Energy,52.66,28255492995,797908
2026-08-21,TS,2029-12-31,5.04056,5.4187,4.75825,5,13173805474,5,Energy,52.66,28255492995,797908
2026-08-21,TS,2028-12-31,4.52292,4.86223,4.2696,6,13381885467,4,Energy,52.66,28255492995,797908
2026-08-21,TS,2027-12-31,4.24088,5.12611,3.46888,8,12915516667,11,Energy,52.66,28255492995,797908
2026-08-21,TSCO,2030-12-27,2.585,2.6358,2.53245,3,19398050000,8,Consumer Cyclical,34.98,18345261000,8416055
2026-08-21,TSCO,2029-12-27,2.36667,2.41318,2.31856,2,18419900000,7,Consumer Cyclical,34.98,18345261000,8416055
2026-08-21,TSCO,2028-12-27,2.24271,2.58202,2.09541,6,17496537998,14,Consumer Cyclical,34.98,18345261000,8416055
2026-08-21,TSCO,2027-12-27,2.04978,2.21571,1.95217,13,16609846215,21,Consumer Cyclical,34.98,18345261000,8416055
2026-08-21,TSEM,2028-12-31,10.47,10.94911,10.14589,3,3572671600,4,Technology,222.59,25113703395,812049
2026-08-21,TSEM,2027-12-31,6.63688,7.38304,5.89072,4,2748997957,6,Technology,222.59,25113703395,812049
2026-08-21,TSEM,2026-12-31,3.85575,3.97378,3.73772,4,1973825223,5,Technology,222.59,25113703395,812049
2026-08-21,TSEM,2025-12-31,2.184,2.34828,2.17389,4,1566980000,4,Technology,222.59,25113703395,812049
2026-08-21,TSLA,2030-12-31,9.06537,10.95011,7.6175,9,240120315833,26,Consumer Cyclical,362.86,1433132767387,57808372
2026-08-21,TSLA,2029-12-31,6.5059,7.85851,5.46681,9,194263247333,25,Consumer Cyclical,362.86,1433132767387,57808372
2026-08-21,TSLA,2028-12-31,3.13998,7.11188,1.38904,21,142689262100,33,Consumer Cyclical,362.86,1433132767387,57808372
2026-08-21,TSLA,2027-12-31,2.24087,3.45113,1.35209,26,120164618648,36,Consumer Cyclical,362.86,1433132767387,57808372
2026-08-21,TSM,2029-12-31,1100.3217,1217.13661,993.99866,4,11654173860000,14,Technology,418.95,2172875796000,7417130
2026-08-21,TSM,2028-12-31,884.9992,978.95454,799.48257,5,9161033095597,10,Technology,418.95,2172875796000,7417130
2026-08-21,TSM,2027-12-31,699.60426,796.81808,560.15271,10,7267796682586,22,Technology,418.95,2172875796000,7417130
2026-08-21,TSM,2026-12-31,535.35048,565.61649,425.67685,10,5406788846231,22,Technology,418.95,2172875796000,7417130
2026-08-21,TSN,2029-09-27,6.5866,6.74233,6.42114,1,60713621500,6,Consumer Defensive,58.48,20732319015,1888534
2026-08-21,TSN,2028-09-27,5.30712,5.57227,5.10791,3,57526083700,8,Consumer Defensive,58.48,20732319015,1888534
2026-08-21,TSN,2027-09-27,4.51984,5.03323,4.23798,7,56766018276,8,Consumer Defensive,58.48,20732319015,1888534
2026-08-21,TSN,2026-09-27,3.89098,4.12739,3.77277,7,56541281891,7,Consumer Defensive,58.48,20732319015,1888534
2026-08-21,TT,2030-12-31,26.5,27.34217,25.53819,4,33955000000,6,Industrials,453.43,99765111868,667552
2026-08-21,TT,2029-12-31,23.275,24.01468,22.43024,2,30588500000,11,Industrials,453.43,99765111868,667552
2026-08-21,TT,2028-12-31,20.17421,21.21884,18.82922,7,28081737005,13,Industrials,453.43,99765111868,667552
2026-08-21,TT,2027-12-31,17.49692,17.95922,17.08487,14,25854495683,17,Industrials,453.43,99765111868,667552
2026-08-21,TTAN,2030-01-31,1.81,1.87838,1.77541,1,1562500000,2,Technology,94.87,9049704989,934197
2026-08-21,TTAN,2029-01-31,2.08469,2.16345,2.04485,1,1498615549,5,Technology,94.87,9049704989,934197
2026-08-21,TTAN,2028-01-31,1.64145,1.8564,1.43627,9,1304519799,13,Technology,94.87,9049704989,934197
2026-08-21,TTAN,2027-01-31,1.31131,1.3896,1.25259,9,1138167531,13,Technology,94.87,9049704989,934197
2026-08-21,TTD,2030-12-31,0.675,0.8375,0.61091,5,3035554400,10,Communication Services,13.18,6196027868,12312270
2026-08-21,TTD,2029-12-31,0.605,0.75065,0.54756,9,2979671660,10,Communication Services,13.18,6196027868,12312270
2026-08-21,TTD,2028-12-31,0.44134,1.16857,-0.12229,12,2881882171,20,Communication Services,13.18,6196027868,12312270
2026-08-21,TTD,2027-12-31,0.23578,0.28216,0.11016,16,2632906028,26,Communication Services,13.18,6196027868,12312270
2026-08-21,TTE,2030-12-31,11.0975,13.42514,8.89572,4,213965000000,6,Energy,89.89,200185294996,971671
2026-08-21,TTE,2029-12-31,11.03512,13.34967,8.84572,2,205476500000,11,Energy,89.89,200185294996,971671
2026-08-21,TTE,2028-12-31,9.26532,11.02637,7.89246,7,188443126071,13,Energy,89.89,200185294996,971671
2026-08-21,TTE,2027-12-31,9.41681,10.37102,8.76139,7,192647380644,10,Energy,89.89,200185294996,971671
2026-08-21,TTEK,2029-09-28,2,2.03899,1.97382,1,4902000000,1,Industrials,37,9602424963,3281403
2026-08-21,TTEK,2028-09-28,1.9356,1.97334,1.91027,1,4624700000,1,Industrials,37,9602424963,3281403
2026-08-21,TTEK,2027-09-28,1.7378,1.74762,1.71816,4,4543157096,5,Industrials,37,9602424963,3281403
2026-08-21,TTEK,2026-09-28,1.57707,1.60782,1.55643,4,4353944532,5,Industrials,37,9602424963,3281403
2026-08-21,TTMI,2028-12-29,7.87,8.63579,7.10421,2,6078650000,2,Technology,110.54,11479579000,2347357
2026-08-21,TTMI,2027-12-29,6.914,7.49518,6.01217,3,5531557980,3,Technology,110.54,11479579000,2347357
2026-08-21,TTMI,2026-12-29,4.83958,5.04039,4.67893,3,4394594340,3,Technology,110.54,11479579000,2347357
2026-08-21,TTMI,2025-12-29,2.4366,2.44659,2.41663,3,2884917100,3,Technology,110.54,11479579000,2347357
2026-08-21,TTWO,2031-03-31,9.46,11.52056,8.4593,4,10122800000,6,Technology,239.62,44804147600,1494494
2026-08-21,TTWO,2030-03-31,11.58654,14.1103,10.36089,3,9986635944,6,Technology,239.62,44804147600,1494494
2026-08-21,TTWO,2029-03-31,10.85125,18.01243,5.57977,8,9395612202,11,Technology,239.62,44804147600,1494494
2026-08-21,TTWO,2028-03-31,10.30172,12.23967,7.54779,16,9202219622,19,Technology,239.62,44804147600,1494494
2026-08-21,TVTX,2030-12-31,5.624,6.93599,4.53152,4,1917940375,5,Healthcare,65.71,6110563459,1471968
2026-08-21,TVTX,2029-12-31,4.64598,5.72982,3.74348,2,1600132375,5,Healthcare,65.71,6110563459,1471968
2026-08-21,TVTX,2028-12-31,4.51711,7.63504,2.2586,7,1356840321,11,Healthcare,65.71,6110563459,1471968
2026-08-21,TVTX,2027-12-31,3.1616,6.99639,-0.2284,8,1082457051,11,Healthcare,65.71,6110563459,1471968
2026-08-21,TW,2030-12-31,6.9,7.22879,6.64395,1,3483000000,4,Financial Services,107.04,22787342808,1373151
2026-08-21,TW,2029-12-31,5.57182,5.83732,5.36506,1,3151166059,4,Financial Services,107.04,22787342808,1373151
2026-08-21,TW,2028-12-31,5.18679,5.3626,4.93066,3,2893905337,9,Financial Services,107.04,22787342808,1373151
2026-08-21,TW,2027-12-31,4.578,4.93171,3.9009,10,2623110116,13,Financial Services,107.04,22787342808,1373151
2026-08-21,TWLO,2030-12-31,8.58,8.92755,7.9894,4,8260299999,15,Technology,225.3,34194650658,1277628
2026-08-21,TWLO,2029-12-31,7.81,8.12636,7.2724,2,7757700000,9,Technology,225.3,34194650658,1277628
2026-08-21,TWLO,2028-12-31,7.74946,11.09494,4.10782,7,7404281023,19,Technology,225.3,34194650658,1277628
2026-08-21,TWLO,2027-12-31,6.78743,7.43482,6.18051,18,6694214369,24,Technology,225.3,34194650658,1277628
2026-08-21,TWO,2027-12-31,1.1775,2.05555,0.18677,2,44200000,2,Real Estate,12.05,1266873810,2805555
2026-08-21,TWO,2026-12-31,1.19836,2.09197,0.19008,2,18750000,1,Real Estate,12.05,1266873810,2805555
2026-08-21,TWO,2025-12-31,1.31618,2.29764,0.20877,4,493780000,1,Real Estate,12.05,1266873810,2805555
2026-08-21,TWO,2024-12-31,0.62099,0.74519,0.49679,5,257735000,1,Real Estate,12.05,1266873810,2805555
2026-08-21,TWST,2030-09-30,1.39333,1.42755,1.31833,4,888675000,4,Healthcare,145.59,9066078567,1793489
2026-08-21,TWST,2029-09-30,0.34667,0.35518,0.32801,2,750375000,4,Healthcare,145.59,9066078567,1793489
2026-08-21,TWST,2028-09-30,-0.79857,-0.43496,-1.33709,7,636204500,8,Healthcare,145.59,9066078567,1793489
2026-08-21,TWST,2027-09-30,-1.40225,-1.32677,-1.43669,4,544355556,7,Healthcare,145.59,9066078567,1793489
2026-08-21,TX,2030-12-31,10.1,10.51828,9.64904,4,20969000000,5,Basic Materials,55.45,10885260690,920895
2026-08-21,TX,2029-12-31,10.2,10.62242,9.74457,2,20148000000,5,Basic Materials,55.45,10885260690,920895
2026-08-21,TX,2028-12-31,7.47229,10.03692,5.97042,7,18662731297,11,Basic Materials,55.45,10885260690,920895
2026-08-21,TX,2027-12-31,7.10882,7.65565,6.39996,6,18292886172,9,Basic Materials,55.45,10885260690,920895
2026-08-21,TXG,2030-12-31,-0.17,-0.1628,-0.17702,4,886300000,5,Healthcare,65.12,8267387288,3138241
2026-08-21,TXG,2029-12-31,-0.29,-0.27771,-0.30197,4,804300000,5,Healthcare,65.12,8267387288,3138241
2026-08-21,TXG,2028-12-31,-0.41926,-0.0171286,-0.92282,11,739493685,11,Healthcare,65.12,8267387288,3138241
2026-08-21,TXG,2027-12-31,-0.71712,-0.46024,-1.07033,8,677391095,12,Healthcare,65.12,8267387288,3138241
2026-08-21,TXN,2030-12-31,12.16,13.99419,11.17158,8,33594000000,14,Technology,264.36,241426158271,5457981
2026-08-21,TXN,2029-12-31,11.32,13.02749,10.39986,9,28551666667,22,Technology,264.36,241426158271,5457981
2026-08-21,TXN,2028-12-31,12.03706,18.34331,10.06262,18,27630276473,24,Technology,264.36,241426158271,5457981
2026-08-21,TXN,2027-12-31,10.2749,11.45126,9.50454,22,24976508355,25,Technology,264.36,241426158271,5457981
2026-08-21,TXNM,2030-12-31,4.30214,4.37786,4.2444,1,2431106000,1,Utilities,57.22,6334654540,635958
2026-08-21,TXNM,2029-12-31,3.87479,3.94299,3.82278,1,2362606000,1,Utilities,57.22,6334654540,635958
2026-08-21,TXNM,2028-12-31,3.51679,3.57869,3.46959,1,2545803000,2,Utilities,57.22,6334654540,635958
2026-08-21,TXNM,2027-12-31,3.24892,3.26786,3.22998,3,2451803000,3,Utilities,57.22,6334654540,635958
2026-08-21,TXRH,2030-12-30,11.06,11.2458,10.84884,4,9115000000,5,Consumer Cyclical,204.48,13440391675,643328
2026-08-21,TXRH,2029-12-30,9.85,10.01547,9.66194,4,8285500000,5,Consumer Cyclical,204.48,13440391675,643328
2026-08-21,TXRH,2028-12-30,9.43108,10.30952,8.89822,8,7763797159,11,Consumer Cyclical,204.48,13440391675,643328
2026-08-21,TXRH,2027-12-30,7.80978,8.37955,7.32842,20,7149719353,20,Consumer Cyclical,204.48,13440391675,643328
2026-08-21,TXT,2031-01-03,7.66,7.93677,7.01116,3,17680000000,6,Industrials,82.95,14266321650,1825246
2026-08-21,TXT,2030-01-03,8.315,8.61543,7.61068,3,17138500000,6,Industrials,82.95,14266321650,1825246
2026-08-21,TXT,2029-01-03,8.01471,8.70078,6.9914,7,16647898202,13,Industrials,82.95,14266321650,1825246
2026-08-21,TXT,2028-01-03,7.24891,7.50638,7.03105,11,16164688520,12,Industrials,82.95,14266321650,1825246
2026-08-21,U,2030-12-31,0.48,0.52376,0.43045,5,4189000000,8,Technology,46.93,20486587409,5830005
2026-08-21,U,2029-12-31,0.23,0.25097,0.20626,9,3615000000,13,Technology,46.93,20486587409,5830005
2026-08-21,U,2028-12-31,1.64581,2.17585,0.71313,12,3230951417,17,Technology,46.93,20486587409,5830005
2026-08-21,U,2027-12-31,1.03775,1.22489,0.85629,12,2694231487,19,Technology,46.93,20486587409,5830005
2026-08-21,UAL,2030-12-31,23.24,23.98751,21.31717,2,84479000000,8,Industrials,113.17,36731556118,2935780
2026-08-21,UAL,2029-12-31,21.12808,21.80766,19.37999,3,79931305864,13,Industrials,113.17,36731556118,2935780
2026-08-21,UAL,2028-12-31,18.12124,19.60288,15.24313,6,75022196529,17,Industrials,113.17,36731556118,2935780
2026-08-21,UAL,2027-12-31,15.15964,20.92257,12.77498,13,70950808449,18,Industrials,113.17,36731556118,2935780
2026-08-21,UBER,2030-12-31,6.956,7.37707,6.21988,11,92277250000,15,Technology,78.8,160405202224,10747289
2026-08-21,UBER,2029-12-31,6.50774,6.90167,5.81905,11,83835170454,25,Technology,78.8,160405202224,10747289
2026-08-21,UBER,2028-12-31,5.52197,7.73883,3.71617,25,75695018517,31,Technology,78.8,160405202224,10747289
2026-08-21,UBER,2027-12-31,4.44427,5.83189,3.05665,30,66792281072,37,Technology,78.8,160405202224,10747289
2026-08-21,UBS,2029-12-31,4.96468,5.10152,4.75293,1,58810974703,6,Financial Services,53.29,174674224293,1071036
2026-08-21,UBS,2028-12-31,4.79151,4.92357,4.58715,1,56924767853,5,Financial Services,53.29,174674224293,1071036
2026-08-21,UBS,2027-12-31,4.24846,4.30915,4.0765,3,54991564444,8,Financial Services,53.29,174674224293,1071036
2026-08-21,UBS,2026-12-31,3.64301,3.83528,3.32931,3,53471789028,8,Financial Services,53.29,174674224293,1071036
2026-08-21,UBSI,2027-12-31,3.85833,3.87822,3.8285,4,1345451200,2,Financial Services,47.81,6588170190,886718
2026-08-21,UBSI,2026-12-31,3.70833,3.72832,3.69833,5,1294461000,2,Financial Services,47.81,6588170190,886718
2026-08-21,UBSI,2025-12-31,3.22,3.23,3.21,3,1228375750,2,Financial Services,47.81,6588170190,886718
2026-08-21,UBSI,2024-12-31,2.728,2.73799,2.69802,4,1037566250,2,Financial Services,47.81,6588170190,886718
2026-08-21,UCTT,2030-12-26,11.24,12.88449,10.30272,1,5381200000,1,Technology,76.43,3426234612,1123030
2026-08-21,UCTT,2029-12-26,7.86,9.00997,7.20457,1,4676800000,2,Technology,76.43,3426234612,1123030
2026-08-21,UCTT,2028-12-26,7.71713,13.64447,4.23624,3,4314573393,3,Technology,76.43,3426234612,1123030
2026-08-21,UCTT,2027-12-26,6.54795,7.50596,6.00193,3,3867574099,4,Technology,76.43,3426234612,1123030
2026-08-21,UDR,2030-12-31,0,0,0,2,1892642000,3,Real Estate,37.77,12134149665,3154969
2026-08-21,UDR,2029-12-31,0.86,0.87548,0.85146,3,1880166000,4,Real Estate,37.77,12134149665,3154969
2026-08-21,UDR,2028-12-31,0.6733,0.9,0.35927,6,1818791389,6,Real Estate,37.77,12134149665,3154969
2026-08-21,UDR,2027-12-31,0.59084,0.5954,0.57715,6,1753312070,10,Real Estate,37.77,12134149665,3154969
2026-08-21,UEC,2030-07-31,0.43,0.66469,0.20626,1,223200000,1,Energy,12.76,6314566720,16591590
2026-08-21,UEC,2029-07-31,0.355,0.54875,0.17029,1,311033333,2,Energy,12.76,6314566720,16591590
2026-08-21,UEC,2028-07-31,0.21242,0.31444,0.1118,5,258888379,3,Energy,12.76,6314566720,16591590
2026-08-21,UEC,2027-07-31,-0.038788,0.21333,-0.29091,3,100384367,3,Energy,12.76,6314566720,16591590
2026-08-21,UGI,2030-09-30,4.27541,4.50358,4.04755,1,7782000000,1,Utilities,37.59,8059070460,2053934
2026-08-21,UGI,2029-09-30,3.76751,3.96857,3.56672,1,8062333333,1,Utilities,37.59,8059070460,2053934
2026-08-21,UGI,2028-09-30,3.52019,3.68719,3.2864,3,7864000000,3,Utilities,37.59,8059070460,2053934
2026-08-21,UGI,2027-09-30,3.25528,3.32583,3.17465,2,7714000000,2,Utilities,37.59,8059070460,2053934
2026-08-21,UL,2030-12-31,3.91623,4.02661,3.7323,1,59609064483,5,Consumer Defensive,64.14,138178555844,2643403
2026-08-21,UL,2029-12-31,3.71896,3.82378,3.54429,1,57270424565,5,Consumer Defensive,64.14,138178555844,2643403
2026-08-21,UL,2028-12-31,3.55656,3.6568,3.38952,2,53588301371,4,Consumer Defensive,64.14,138178555844,2643403
2026-08-21,UL,2027-12-31,3.31507,3.61726,2.99512,4,51894864741,11,Consumer Defensive,64.14,138178555844,2643403
2026-08-21,UMAC,2030-12-31,1.3,1.88001,0.78979,1,432040000,2,Technology,27.43,1310987253,4089865
2026-08-21,UMAC,2029-12-31,0.46,0.66523,0.27946,1,285023000,2,Technology,27.43,1310987253,4089865
2026-08-21,UMAC,2028-12-31,-0.24,-0.19726,-0.28603,3,170782750,4,Technology,27.43,1310987253,4089865
2026-08-21,UMAC,2027-12-31,-0.486,-0.243,-0.69862,3,103275377,6,Technology,27.43,1310987253,4089865
2026-08-21,UMC,2028-12-31,43.48176,51.36418,37.58787,1,399727691196,5,Technology,18.34,45746524069,5121248
2026-08-21,UMC,2027-12-31,35.62041,41.12539,30.11543,2,347887586616,12,Technology,18.34,45746524069,5121248
2026-08-21,UMC,2026-12-31,36.02625,38.66232,33.39018,2,279835975492,10,Technology,18.34,45746524069,5121248
2026-08-21,UMC,2025-12-31,17.04126,17.36279,16.71973,2,236417582516,10,Technology,18.34,45746524069,5121248
2026-08-21,UMH,2028-12-31,0,0,0,1,338349804,1,Real Estate,16.51,1406093879,596485
2026-08-21,UMH,2027-12-31,0.154,0.1547,0.15336,3,264561832,3,Real Estate,16.51,1406093879,596485
2026-08-21,UMH,2026-12-31,0.152,0.15269,0.15137,3,245781833,3,Real Estate,16.51,1406093879,596485
2026-08-21,UMH,2025-12-31,0.12,0.12054,0.1195,2,263483999,2,Real Estate,16.51,1406093879,596485
2026-08-21,UNH,2030-12-31,34.285,35.46787,33.14951,5,542960000000,15,Healthcare,390.11,354276213444,4878587
2026-08-21,UNH,2029-12-31,30.57787,31.63284,29.56516,10,506179177667,9,Healthcare,390.11,354276213444,4878587
2026-08-21,UNH,2028-12-31,26.21766,29.0597,23.35576,13,485417367413,19,Healthcare,390.11,354276213444,4878587
2026-08-21,UNH,2027-12-31,22.41518,23.98414,21.18599,19,458616421447,19,Healthcare,390.11,354276213444,4878587
2026-08-21,UNM,2029-12-31,12.05,13.3959,11.61624,1,13256405700,2,Financial Services,87.77,13894605390,777351
2026-08-21,UNM,2028-12-31,10.58187,11.59311,10.14113,4,13114963414,5,Financial Services,87.77,13894605390,777351
2026-08-21,UNM,2027-12-31,9.47938,9.89935,8.80942,8,12361823577,4,Financial Services,87.77,13894605390,777351
2026-08-21,UNM,2026-12-31,8.67243,8.75264,8.6223,8,11811551941,4,Financial Services,87.77,13894605390,777351
2026-08-21,UNP,2030-12-31,20.24,20.82755,19.54998,2,38956333333,6,Industrials,308.05,183004957159,2684224
2026-08-21,UNP,2029-12-31,18.30225,18.83355,17.6783,3,35210823272,10,Industrials,308.05,183004957159,2684224
2026-08-21,UNP,2028-12-31,15.68942,16.22486,15.01254,6,30542381922,12,Industrials,308.05,183004957159,2684224
2026-08-21,UNP,2027-12-31,14.17034,14.49703,13.59863,16,27955844126,16,Industrials,308.05,183004957159,2684224
2026-08-21,UPBD,2030-12-31,6.16,6.24266,6.03859,1,5487400000,1,Technology,18.8,1095921560,741543
2026-08-21,UPBD,2029-12-31,5.65,5.72581,5.53864,1,5290800000,1,Technology,18.8,1095921560,741543
2026-08-21,UPBD,2028-12-31,5.12,5.2,5.04,2,5201377000,2,Technology,18.8,1095921560,741543
2026-08-21,UPBD,2027-12-31,4.58286,4.6529,4.50281,5,4937143000,5,Technology,18.8,1095921560,741543
2026-08-21,UPS,2030-12-31,12.08,12.4707,11.5248,4,108750000000,12,Industrials,102.01,86657715954,3581379
2026-08-21,UPS,2029-12-31,10.17715,10.5063,9.70941,2,102560000000,8,Industrials,102.01,86657715954,3581379
2026-08-21,UPS,2028-12-31,8.66691,9.49231,7.17082,7,98261179018,14,Industrials,102.01,86657715954,3581379
2026-08-21,UPS,2027-12-31,8.03119,8.41363,7.16567,19,95006810956,19,Industrials,102.01,86657715954,3581379
2026-08-21,UPST,2029-12-31,5.11491,5.43792,4.7476,1,3435435776,4,Financial Services,30.3,2900061480,4567010
2026-08-21,UPST,2028-12-31,2.94759,3.27731,2.5905,4,2394472644,6,Financial Services,30.3,2900061480,4567010
2026-08-21,UPST,2027-12-31,1.81894,2.01543,1.69543,8,1862762541,10,Financial Services,30.3,2900061480,4567010
2026-08-21,UPST,2026-12-31,0.69085,0.74109,0.62176,7,1420671230,10,Financial Services,30.3,2900061480,4567010
2026-08-21,URBN,2029-01-31,7.46031,7.92175,7.127,3,7592167869,7,Consumer Cyclical,74.24,6357549824,1045354
2026-08-21,URBN,2028-01-31,6.78336,7.14514,6.47183,6,7160023847,10,Consumer Cyclical,74.24,6357549824,1045354
2026-08-21,URBN,2027-01-31,6.18336,6.41536,5.98162,6,6710133117,10,Consumer Cyclical,74.24,6357549824,1045354
2026-08-21,URBN,2026-01-31,5.27354,5.33381,5.21327,7,6154258851,8,Consumer Cyclical,74.24,6357549824,1045354
2026-08-21,URGN,2030-12-31,8.7675,11.15979,7.4909,1,1004920500,3,Healthcare,46.86,2283098909,734064
2026-08-21,URGN,2029-12-31,6.764,8.60962,5.77912,1,831958600,4,Healthcare,46.86,2283098909,734064
2026-08-21,URGN,2028-12-31,4.965,7.84291,3.46916,5,681041500,6,Healthcare,46.86,2283098909,734064
2026-08-21,URGN,2027-12-31,2.51429,4.78363,0.75645,6,541487250,6,Healthcare,46.86,2283098909,734064
2026-08-21,USAR,2030-12-31,2.09333,2.88777,1.53535,1,3077260000,2,Basic Materials,19.26,2554618685,21114895
2026-08-21,USAR,2029-12-31,0.93,1.28295,0.68211,1,2344577333,2,Basic Materials,19.26,2554618685,21114895
2026-08-21,USAR,2028-12-31,0.33286,0.56718,0.00480664,4,1448392833,4,Basic Materials,19.26,2554618685,21114895
2026-08-21,USAR,2027-12-31,-0.12125,-0.05596154,-0.20519,3,521597125,4,Basic Materials,19.26,2554618685,21114895
2026-08-21,USB,2028-12-31,6.43151,6.75872,5.79896,8,34907056742,7,Financial Services,62.05,96657253722,4202133
2026-08-21,USB,2027-12-31,5.82234,5.97396,5.44834,16,33019818009,10,Financial Services,62.05,96657253722,4202133
2026-08-21,USB,2026-12-31,5.22019,5.33019,4.95018,16,30962483048,8,Financial Services,62.05,96657253722,4202133
2026-08-21,USB,2025-12-31,4.54915,4.58914,4.51916,13,28598063400,8,Financial Services,62.05,96657253722,4202133
2026-08-21,USFD,2030-12-27,8.48,8.65592,8.35878,1,50030500000,10,Consumer Defensive,109.62,24140735640,1539224
2026-08-21,USFD,2029-12-27,7.64585,7.80447,7.53655,1,47443833333,7,Consumer Defensive,109.62,24140735640,1539224
2026-08-21,USFD,2028-12-27,6.52118,7.09525,6.03096,5,45538655614,13,Consumer Defensive,109.62,24140735640,1539224
2026-08-21,USFD,2027-12-27,5.5564,5.70989,5.12662,10,43224699344,12,Consumer Defensive,109.62,24140735640,1539224
2026-08-21,UTI,2029-09-30,1.71,1.71977,1.69461,1,1187213000,1,Consumer Defensive,22.35,1230621865,1684855
2026-08-21,UTI,2028-09-30,1.26667,1.3672,1.16614,2,1078764667,2,Consumer Defensive,22.35,1230621865,1684855
2026-08-21,UTI,2027-09-30,0.74286,0.77339,0.70216,5,972436714,5,Consumer Defensive,22.35,1230621865,1684855
2026-08-21,UTI,2026-09-30,0.60429,0.6241,0.58448,5,896122000,5,Consumer Defensive,22.35,1230621865,1684855
2026-08-21,UTZ,2028-12-28,0.88051,0.8863,0.87162,1,1533023395,4,Consumer Defensive,14.04,1244129328,2529388
2026-08-21,UTZ,2027-12-28,0.83438,0.86349,0.79557,4,1508260826,6,Consumer Defensive,14.04,1244129328,2529388
2026-08-21,UTZ,2026-12-28,0.77645,0.78155,0.76674,4,1494039422,4,Consumer Defensive,14.04,1244129328,2529388
2026-08-21,UTZ,2025-12-28,0.80918,0.8145,0.79919,6,1439939199,5,Consumer Defensive,14.04,1244129328,2529388
2026-08-21,UUUU,2030-12-31,1.5225,1.94012,1.21921,1,1125966667,2,Energy,15.14,3783775780,11108574
2026-08-21,UUUU,2029-12-31,0.896,1.14177,0.71751,1,662550000,1,Energy,15.14,3783775780,11108574
2026-08-21,UUUU,2028-12-31,0.40833,0.52034,0.32699,1,407937800,1,Energy,15.14,3783775780,11108574
2026-08-21,UUUU,2027-12-31,0.15125,0.85708,-0.605,2,250696000,3,Energy,15.14,3783775780,11108574
2026-08-21,V,2030-09-30,19.16,19.54331,18.58671,6,65961800000,12,Financial Services,371.04,692749197169,4746812
2026-08-21,V,2029-09-30,19.60018,19.99229,19.01372,8,63132674999,12,Financial Services,371.04,692749197169,4746812
2026-08-21,V,2028-09-30,17.05834,18.07359,16.27708,15,56153552306,25,Financial Services,371.04,692749197169,4746812
2026-08-21,V,2027-09-30,15.02241,15.24303,14.65136,25,50819951607,27,Financial Services,371.04,692749197169,4746812
2026-08-21,VAL,2028-12-31,8.04216,8.15074,7.93242,1,2527698204,1,Energy,87.76,6077536213,1114183
2026-08-21,VAL,2027-12-31,6.99919,7.09369,6.90368,5,2469208871,5,Energy,87.76,6077536213,1114183
2026-08-21,VAL,2026-12-31,2.90347,2.94267,2.86385,3,2155533164,2,Energy,87.76,6077536213,1114183
2026-08-21,VAL,2025-12-31,4.82977,4.89498,4.76387,3,2325615335,4,Energy,87.76,6077536213,1114183
2026-08-21,VALE,2030-12-31,2.57744,2.6611,2.46817,5,45946143488,6,Basic Materials,14.59,62219551075,26488964
2026-08-21,VALE,2029-12-31,2.16128,2.23143,2.06966,5,44628997083,10,Basic Materials,14.59,62219551075,26488964
2026-08-21,VALE,2028-12-31,1.86568,1.92624,1.78659,6,42315494328,5,Basic Materials,14.59,62219551075,26488964
2026-08-21,VALE,2027-12-31,1.86299,2.09365,1.57023,8,41309759597,12,Basic Materials,14.59,62219551075,26488964
2026-08-21,VCEL,2030-12-31,2.21,2.28686,2.17169,4,670232000,5,Healthcare,42.68,2185497688,576609
2026-08-21,VCEL,2029-12-31,1.755,1.81604,1.72458,2,526522500,3,Healthcare,42.68,2185497688,576609
2026-08-21,VCEL,2028-12-31,1.33599,1.79038,1.13024,7,454907214,7,Healthcare,42.68,2185497688,576609
2026-08-21,VCEL,2027-12-31,0.88028,1.07939,0.71261,5,392950975,5,Healthcare,42.68,2185497688,576609
2026-08-21,VCYT,2030-12-31,2.38,2.44736,2.31264,1,945732275,6,Healthcare,42.31,3376024906,954569
2026-08-21,VCYT,2029-12-31,2.18,2.2417,2.1183,1,844757325,6,Healthcare,42.31,3376024906,954569
2026-08-21,VCYT,2028-12-31,2.06654,2.52754,1.52606,5,728961688,8,Healthcare,42.31,3376024906,954569
2026-08-21,VCYT,2027-12-31,1.95091,1.98062,1.9212,7,659223362,9,Healthcare,42.31,3376024906,954569
2026-08-21,VEEV,2031-01-31,14.49,14.92256,14.18052,3,5701906333,8,Technology,247.9,40269691839,892318
2026-08-21,VEEV,2030-01-31,12.7,13.07912,12.42876,3,5078901333,8,Technology,247.9,40269691839,892318
2026-08-21,VEEV,2029-01-31,11.33404,12.23227,9.97981,7,4593167899,17,Technology,247.9,40269691839,892318
2026-08-21,VEEV,2028-01-31,10.02771,10.40286,9.3788,17,4083908901,22,Technology,247.9,40269691839,892318
2026-08-21,VELO,2030-12-31,0,0,0,0,127000000,1,Industrials,13.295,396204295,848698
2026-08-21,VELO,2029-12-31,0,0,0,0,111000000,1,Industrials,13.295,396204295,848698
2026-08-21,VELO,2028-12-31,-0.38,-0.35551,-0.40337,1,122299000,1,Industrials,13.295,396204295,848698
2026-08-21,VELO,2027-12-31,-0.6725,-0.62917,-0.71386,2,92082000,4,Industrials,13.295,396204295,848698
2026-08-21,VERA,2030-12-31,6.02714,10.63043,1.97613,3,1464192000,5,Healthcare,32.275,2316793098,1277067
2026-08-21,VERA,2029-12-31,3.02143,5.32908,0.99064,3,1054981857,5,Healthcare,32.275,2316793098,1277067
2026-08-21,VERA,2028-12-31,-0.39966,4.10698,-3.13802,9,610636240,10,Healthcare,32.275,2316793098,1277067
2026-08-21,VERA,2027-12-31,-4.28058,-2.2303,-5.08069,8,234896368,8,Healthcare,32.275,2316793098,1277067
2026-08-21,VERX,2028-12-31,1.22951,1.3919,1.06712,2,1019673747,9,Technology,13.47,2185076298,893562
2026-08-21,VERX,2027-12-31,1.01627,1.10683,0.93577,8,914059888,12,Technology,13.47,2185076298,893562
2026-08-21,VERX,2026-12-31,0.81978,0.93975,0.70981,8,827138224,12,Technology,13.47,2185076298,893562
2026-08-21,VERX,2025-12-31,0.63855,0.67909,0.61828,10,748099174,10,Technology,13.47,2185076298,893562
2026-08-21,VET,2029-12-31,0,0,0,0,1657502000,1,Energy,12.73,1945144000,853388
2026-08-21,VET,2028-12-31,0.1714,0.17633,0.16817,1,1693692000,1,Energy,12.73,1945144000,853388
2026-08-21,VET,2027-12-31,0.99117,1.01965,0.97252,1,1547484400,2,Energy,12.73,1945144000,853388
2026-08-21,VET,2026-12-31,0.43134,0.44373,0.42322,1,1482583666,1,Energy,12.73,1945144000,853388
2026-08-21,VFC,2030-03-28,1.76,1.82523,1.67094,2,10822000000,7,Consumer Cyclical,14.37,5649343771,5016688
2026-08-21,VFC,2029-03-28,1.58376,2.06778,0.88758,4,10013157130,8,Consumer Cyclical,14.37,5649343771,5016688
2026-08-21,VFC,2028-03-28,1.35083,1.64663,1.09447,13,9794443021,16,Consumer Cyclical,14.37,5649343771,5016688
2026-08-21,VFC,2027-03-28,1.08856,1.1496,0.98683,12,9499687601,16,Consumer Cyclical,14.37,5649343771,5016688
2026-08-21,VG,2030-12-31,1.17,1.36865,0.95082,3,25793000000,5,Energy,14.21,34698680471,10243674
2026-08-21,VG,2029-12-31,1.73425,2.0287,1.40936,3,25597333333,5,Energy,14.21,34698680471,10243674
2026-08-21,VG,2028-12-31,1.26534,1.75896,0.76445,9,20399669699,10,Energy,14.21,34698680471,10243674
2026-08-21,VG,2027-12-31,0.79003,1.35762,0.45254,10,16018719825,9,Energy,14.21,34698680471,10243674
2026-08-21,VGNT,2030-12-31,10.07,10.1562,9.97782,4,10828430300,3,Industrials,49.23,3490094882,665016
2026-08-21,VGNT,2029-12-31,9.36,9.44012,9.27432,2,10525015850,4,Industrials,49.23,3490094882,665016
2026-08-21,VGNT,2028-12-31,8.90134,8.97753,8.81986,4,10127074202,2,Industrials,49.23,3490094882,665016
2026-08-21,VGNT,2027-12-31,7.85864,8.1924,7.60579,7,9805508437,6,Industrials,49.23,3490094882,665016
2026-08-21,VIAV,2029-06-27,2.50885,2.63756,2.40307,1,2499305769,1,Technology,38.9,9596071668,3644858
2026-08-21,VIAV,2028-06-27,1.95072,2.07864,1.8228,4,2140352254,5,Technology,38.9,9596071668,3644858
2026-08-21,VIAV,2027-06-27,1.64374,1.81677,1.35176,5,1886717611,6,Technology,38.9,9596071668,3644858
2026-08-21,VIAV,2026-06-27,0.93712,0.95727,0.92704,5,1507817400,6,Technology,38.9,9596071668,3644858
2026-08-21,VICI,2029-12-31,0,0,0,0,4642000000,4,Real Estate,26.51,29189565797,5697332
2026-08-21,VICI,2028-12-31,3.05423,3.08699,3.02148,2,4478309565,6,Real Estate,26.51,29189565797,5697332
2026-08-21,VICI,2027-12-31,2.96573,3.04877,2.69288,5,4349471968,10,Real Estate,26.51,29189565797,5697332
2026-08-21,VICI,2026-12-31,2.8084,2.84279,2.70523,5,4193395118,9,Real Estate,26.51,29189565797,5697332
2026-08-21,VIK,2030-12-31,7.61,7.80593,7.43703,4,13023000000,5,Consumer Cyclical,92.79,41220006126,4989852
2026-08-21,VIK,2029-12-31,6.38613,6.55055,6.24098,4,11189054324,5,Consumer Cyclical,92.79,41220006126,4989852
2026-08-21,VIK,2028-12-31,5.35636,5.49426,5.23461,5,10104615599,4,Consumer Cyclical,92.79,41220006126,4989852
2026-08-21,VIK,2027-12-31,4.35815,4.4069,4.3289,10,8916409995,11,Consumer Cyclical,92.79,41220006126,4989852
2026-08-21,VIPS,2029-12-31,0,0,0,4,116440840894,8,Consumer Cyclical,14.53,7149372745,2168861
2026-08-21,VIPS,2028-12-31,18.82588,20.79375,16.3883,10,110851813517,14,Consumer Cyclical,14.53,7149372745,2168861
2026-08-21,VIPS,2027-12-31,18.19135,19.18619,16.34379,10,108697997025,14,Consumer Cyclical,14.53,7149372745,2168861
2026-08-21,VIPS,2026-12-31,17.44042,18.24536,16.90379,10,106259518306,14,Consumer Cyclical,14.53,7149372745,2168861
2026-08-21,VIRT,2028-12-31,6.81717,7.37136,6.22797,1,2581126406,3,Financial Services,67.93,14461573002,2585807
2026-08-21,VIRT,2027-12-31,6.93297,9.32762,5.62585,5,2742988722,5,Financial Services,67.93,14461573002,2585807
2026-08-21,VIRT,2026-12-31,7.16675,7.67203,6.48617,3,2733772930,3,Financial Services,67.93,14461573002,2585807
2026-08-21,VIRT,2025-12-31,5.19994,5.36212,5.02762,6,2047194382,5,Financial Services,67.93,14461573002,2585807
2026-08-21,VISN,2028-12-31,0.75,0.85045,0.64955,1,1525000000,1,Technology,11.21,2528635564,6074516
2026-08-21,VISN,2027-12-31,0.7,0.79375,0.60625,1,1453000000,1,Technology,11.21,2528635564,6074516
2026-08-21,VISN,2026-12-31,0.85,0.99307,0.70693,1,1432800000,2,Technology,11.21,2528635564,6074516
2026-08-21,VISN,2025-12-31,1.65,1.66,1.64,2,5393148500,2,Technology,11.21,2528635564,6074516
2026-08-21,VIST,2030-12-31,8.4,8.9054,7.80462,1,5084000000,3,Energy,69.58,7255114741,1154464
2026-08-21,VIST,2029-12-31,7.83,8.3011,7.27502,1,4732000000,4,Energy,69.58,7255114741,1154464
2026-08-21,VIST,2028-12-31,11.1151,11.78386,10.32728,2,4757299007,2,Energy,69.58,7255114741,1154464
2026-08-21,VIST,2027-12-31,9.9238,11.19312,7.75796,5,4324158968,6,Energy,69.58,7255114741,1154464
2026-08-21,VITL,2028-12-28,0.7,0.95,0.45,2,981019050,2,Consumer Defensive,10.57,452908645,899632
2026-08-21,VITL,2027-12-28,0.315,0.4725,0.05625,5,824789390,7,Consumer Defensive,10.57,452908645,899632
2026-08-21,VITL,2026-12-28,-0.495,-0.28875,-0.64969,4,771189720,7,Consumer Defensive,10.57,452908645,899632
2026-08-21,VITL,2025-12-28,1.46415,1.47411,1.44423,7,760366525,7,Consumer Defensive,10.57,452908645,899632
2026-08-21,VIV,2030-12-31,0,0,0,1,66149120000,4,Communication Services,11.43,18293108010,1019745
2026-08-21,VIV,2029-12-31,11.1889,11.43619,10.78093,1,79471730745,4,Communication Services,11.43,18293108010,1019745
2026-08-21,VIV,2028-12-31,7.21349,7.37292,6.95047,2,70912523283,3,Communication Services,11.43,18293108010,1019745
2026-08-21,VIV,2027-12-31,6.31725,6.47651,5.94564,4,67549281157,9,Communication Services,11.43,18293108010,1019745
2026-08-21,VKTX,2030-12-31,2.28373,2.28373,2.28373,6,1210540264,14,Healthcare,33.89,3953367899,1471845
2026-08-21,VKTX,2029-12-31,-1.42824,-1.42824,-1.42824,9,474402509,14,Healthcare,33.89,3953367899,1471845
2026-08-21,VKTX,2028-12-31,-3.65938,-0.57932,-6.40358,15,173953173,16,Healthcare,33.89,3953367899,1471845
2026-08-21,VKTX,2027-12-31,-4.392,-2.40053,-6.50188,15,7349020,11,Healthcare,33.89,3953367899,1471845
2026-08-21,VLO,2030-12-31,11.38,14.49177,9.05916,1,158469177714,6,Energy,348.86,100446374393,1905453
2026-08-21,VLO,2029-12-31,18.29,23.29126,14.55993,1,150562061649,6,Energy,348.86,100446374393,1905453
2026-08-21,VLO,2028-12-31,20.50969,27.09678,9.47262,5,114020238343,8,Energy,348.86,100446374393,1905453
2026-08-21,VLO,2027-12-31,29.27758,39.49512,23.0246,12,128726088958,10,Energy,348.86,100446374393,1905453
2026-08-21,VLTO,2030-12-31,5.9,6.07523,5.80975,1,7149800000,4,Industrials,98.77,24079469180,1303835
2026-08-21,VLTO,2029-12-31,5.55,5.71483,5.46511,1,6833900000,4,Industrials,98.77,24079469180,1303835
2026-08-21,VLTO,2028-12-31,5.25371,5.29548,5.17115,3,6577686996,9,Industrials,98.77,24079469180,1303835
2026-08-21,VLTO,2027-12-31,4.78952,4.84951,4.69953,10,6220758943,12,Industrials,98.77,24079469180,1303835
2026-08-21,VLY,2028-12-31,1.73834,1.75292,1.72375,2,2663372985,4,Financial Services,14.16,7846494960,8010533
2026-08-21,VLY,2027-12-31,1.5466,1.58703,1.47584,11,2503036454,10,Financial Services,14.16,7846494960,8010533
2026-08-21,VLY,2026-12-31,1.27964,1.29963,1.24965,11,2275564838,10,Financial Services,14.16,7846494960,8010533
2026-08-21,VLY,2025-12-31,0.97022,0.98022,0.94021,9,2011829294,8,Financial Services,14.16,7846494960,8010533
2026-08-21,VMC,2030-12-31,13.44,14.18464,12.87857,2,10686000000,5,Basic Materials,276.04,35768987160,786055
2026-08-21,VMC,2029-12-31,12.33,13.01314,11.81494,3,10060000000,5,Basic Materials,276.04,35768987160,786055
2026-08-21,VMC,2028-12-31,12.63448,13.16841,12.27635,6,9286652432,10,Basic Materials,276.04,35768987160,786055
2026-08-21,VMC,2027-12-31,10.74033,11.30025,10.29239,14,8653435389,15,Basic Materials,276.04,35768987160,786055
2026-08-21,VNO,2030-12-31,0,0,0,0,2214312000,2,Real Estate,37.88,7125152240,1132605
2026-08-21,VNO,2029-12-31,0,0,0,0,2137985999,1,Real Estate,37.88,7125152240,1132605
2026-08-21,VNO,2028-12-31,0.44952,0.47068,0.43277,1,2218778278,3,Real Estate,37.88,7125152240,1132605
2026-08-21,VNO,2027-12-31,0.29723,0.30496,0.28508,4,2006405537,4,Real Estate,37.88,7125152240,1132605
2026-08-21,VNOM,2030-12-31,2.9,3.16534,2.65269,5,2478000000,4,Energy,45.27,16298371769,1982275
2026-08-21,VNOM,2029-12-31,2.74,2.9907,2.50633,5,2383000000,4,Energy,45.27,16298371769,1982275
2026-08-21,VNOM,2028-12-31,2.61882,3.78923,1.79687,8,2351736411,9,Energy,45.27,16298371769,1982275
2026-08-21,VNOM,2027-12-31,2.38573,3.32068,1.4078,10,2280198195,9,Energy,45.27,16298371769,1982275
2026-08-21,VNT,2029-12-31,0,0,0,0,3549000000,2,Industrials,32.98,4643584000,1013967
2026-08-21,VNT,2028-12-31,4.14129,4.2423,4.04028,2,3211764579,5,Industrials,32.98,4643584000,1013967
2026-08-21,VNT,2027-12-31,3.79486,3.87582,3.74426,6,3074879770,6,Industrials,32.98,4643584000,1013967
2026-08-21,VNT,2026-12-31,3.48969,3.53003,3.42918,5,3032196325,6,Industrials,32.98,4643584000,1013967
2026-08-21,VOD,2030-03-31,1.69632,1.76387,1.64118,1,47903279916,6,Communication Services,15.96,36753410174,2468015
2026-08-21,VOD,2029-03-31,1.36216,1.46341,1.2699,4,46605335002,11,Communication Services,15.96,36753410174,2468015
2026-08-21,VOD,2028-03-31,1.21189,1.51711,0.61043,3,45614804670,8,Communication Services,15.96,36753410174,2468015
2026-08-21,VOD,2027-03-31,1.00619,1.43036,0.45377,3,44197571376,8,Communication Services,15.96,36753410174,2468015
2026-08-21,VOR,2030-12-31,-0.49667,-0.49667,-0.49667,5,489551667,6,Healthcare,23.36,1265782087,613757
2026-08-21,VOR,2029-12-31,-2.58,-2.58,-2.58,5,194448183,6,Healthcare,23.36,1265782087,613757
2026-08-21,VOR,2028-12-31,-3.92376,-2.61,-5.86,8,28899559,8,Healthcare,23.36,1265782087,613757
2026-08-21,VOR,2027-12-31,-3.60354,-2.91668,-4.47954,6,10000000,8,Healthcare,23.36,1265782087,613757
2026-08-21,VOYA,2029-12-31,12.6,12.77897,12.41933,1,8598000000,2,Financial Services,97.76,8863538954,725077
2026-08-21,VOYA,2028-12-31,12.80117,13.78561,11.8325,5,7201041807,4,Financial Services,97.76,8863538954,725077
2026-08-21,VOYA,2027-12-31,11.40449,12.06824,11.10278,8,8149390056,4,Financial Services,97.76,8863538954,725077
2026-08-21,VOYA,2026-12-31,9.14961,9.37662,8.98182,7,7777315215,3,Financial Services,97.76,8863538954,725077
2026-08-21,VOYG,2030-12-31,4.45333,5.29702,3.26278,1,2184500000,5,Industrials,38.4,2326055194,1263264
2026-08-21,VOYG,2029-12-31,0.03185,0.03788402,0.02333522,1,1384600000,3,Industrials,38.4,2326055194,1263264
2026-08-21,VOYG,2028-12-31,-0.52783,-0.1244,-0.92273,4,955561888,7,Industrials,38.4,2326055194,1263264
2026-08-21,VOYG,2027-12-31,-1.54867,-1.04474,-2.35988,4,486888851,5,Industrials,38.4,2326055194,1263264
2026-08-21,VPG,2028-12-31,3.08085,3.54862,2.61308,2,395842500,2,Technology,66.61,887297222,904745
2026-08-21,VPG,2027-12-31,1.79143,1.88723,1.68605,2,370801333,2,Technology,66.61,887297222,904745
2026-08-21,VPG,2026-12-31,0.56813,0.66442,0.47184,2,344320000,2,Technology,66.61,887297222,904745
2026-08-21,VPG,2025-12-31,0.68403,0.70415,0.67397,3,304824667,3,Technology,66.61,887297222,904745
2026-08-21,VRDN,2030-12-31,2.81667,7.16593,1.25202,4,1155513556,5,Healthcare,24.29,2751862680,893834
2026-08-21,VRDN,2029-12-31,1.33333,3.39215,0.59267,4,874205333,5,Healthcare,24.29,2751862680,893834
2026-08-21,VRDN,2028-12-31,-0.33273,5.20561,-4.10442,10,596805128,11,Healthcare,24.29,2751862680,893834
2026-08-21,VRDN,2027-12-31,-2.59162,-1.59977,-3.57281,10,231553701,10,Healthcare,24.29,2751862680,893834
2026-08-21,VREX,2030-10-03,2.5,2.51766,2.48555,1,1146000000,1,Healthcare,18.51,779271000,950617
2026-08-21,VREX,2029-10-03,1.9,1.91342,1.88902,1,1042000000,1,Healthcare,18.51,779271000,950617
2026-08-21,VREX,2028-10-03,1.3,1.30918,1.29249,1,945500000,1,Healthcare,18.51,779271000,950617
2026-08-21,VREX,2027-10-03,1.094,1.16817,1.01983,3,900920000,4,Healthcare,18.51,779271000,950617
2026-08-21,VRNS,2028-12-31,0.69641,1.22162,0.47098,4,1028124646,10,Technology,41.23,4735697797,1005112
2026-08-21,VRNS,2027-12-31,0.41301,0.80725,0.23466,14,875783803,18,Technology,41.23,4735697797,1005112
2026-08-21,VRNS,2026-12-31,0.14805,0.15862,0.1269,13,737439838,17,Technology,41.23,4735697797,1005112
2026-08-21,VRNS,2025-12-31,0.12705,0.13229,0.11728,14,618782630,14,Technology,41.23,4735697797,1005112
2026-08-21,VRSK,2030-12-31,12.08584,12.21576,11.94334,4,4222856415,5,Technology,187.5,24404253563,792896
2026-08-21,VRSK,2029-12-31,10.87752,10.99445,10.74927,2,3927095263,5,Technology,187.5,24404253563,792896
2026-08-21,VRSK,2028-12-31,9.75693,9.99163,9.37756,7,3669769379,11,Technology,187.5,24404253563,792896
2026-08-21,VRSK,2027-12-31,8.68916,8.96849,8.42978,13,3436264042,13,Technology,187.5,24404253563,792896
2026-08-21,VRSN,2028-12-31,12.60552,12.85999,12.47419,3,2084468811,4,Technology,281.8,25474720000,603542
2026-08-21,VRSN,2027-12-31,11.08916,11.22376,10.91314,3,1922770820,4,Technology,281.8,25474720000,603542
2026-08-21,VRSN,2026-12-31,9.78983,9.83079,9.75911,3,1752773116,4,Technology,281.8,25474720000,603542
2026-08-21,VRSN,2025-12-31,9.11413,9.20404,8.98344,2,1655582926,2,Technology,281.8,25474720000,603542
2026-08-21,VRT,2030-12-31,16.0525,17.88167,15.08465,4,28141860200,10,Industrials,261.95,100847606600,3205765
2026-08-21,VRT,2029-12-31,14.32764,15.96026,13.46378,4,26067777931,10,Industrials,261.95,100847606600,3205765
2026-08-21,VRT,2028-12-31,11.65249,12.82002,10.47375,10,22158186182,20,Industrials,261.95,100847606600,3205765
2026-08-21,VRT,2027-12-31,9.16831,9.87039,8.54883,16,18175120765,21,Industrials,261.95,100847606600,3205765
2026-08-21,VRTX,2030-12-31,34.09787,37.16118,31.74667,4,20306873208,12,Healthcare,548.05,139097830250,940126
2026-08-21,VRTX,2029-12-31,30.21324,32.92756,28.12991,2,18502844783,8,Healthcare,548.05,139097830250,940126
2026-08-21,VRTX,2028-12-31,25.36903,32.54163,19.47636,7,16386717568,14,Healthcare,548.05,139097830250,940126
2026-08-21,VRTX,2027-12-31,21.34417,22.95583,18.64774,11,14573557976,13,Healthcare,548.05,139097830250,940126
2026-08-21,VSAT,2030-03-31,-1.08,-1.03068,-1.13711,1,5905200000,2,Technology,74.72,10293090213,1142745
2026-08-21,VSAT,2029-03-31,-0.68955,0.58818,-1.62753,3,5426577251,5,Technology,74.72,10293090213,1142745
2026-08-21,VSAT,2028-03-31,-1.44115,1.63993,-3.08108,4,5072903401,9,Technology,74.72,10293090213,1142745
2026-08-21,VSAT,2027-03-31,-1.42,0.1775,-2.70687,4,4850511836,9,Technology,74.72,10293090213,1142745
2026-08-21,VSH,2028-12-31,2.735,3.3619,2.10809,2,4784000000,2,Technology,31.63,4468710312,1565696
2026-08-21,VSH,2027-12-31,1.78167,1.88965,1.51172,4,4294324459,3,Technology,31.63,4468710312,1565696
2026-08-21,VSH,2026-12-31,0.84833,0.92724,0.78914,4,3708488584,3,Technology,31.63,4468710312,1565696
2026-08-21,VSH,2025-12-31,-0.03178825,-0.02750025,-0.03607625,2,3061356856,1,Technology,31.63,4468710312,1565696
2026-08-21,VSNT,2030-12-31,12.44055,12.81632,12.10944,1,6117828020,3,Communication Services,38.75,5483048159,1290040
2026-08-21,VSNT,2029-12-31,10.4326,10.74772,10.15493,1,6074374468,4,Communication Services,38.75,5483048159,1290040
2026-08-21,VSNT,2028-12-31,7.46473,11.40746,2.61863,5,6038511409,6,Communication Services,38.75,5483048159,1290040
2026-08-21,VSNT,2027-12-31,6.66667,10.68588,4.01921,5,6165785500,5,Communication Services,38.75,5483048159,1290040
2026-08-21,VST,2030-12-31,16.1335,20.11332,12.24719,4,25917810035,5,Utilities,136.21,45927623966,4255120
2026-08-21,VST,2029-12-31,14.26335,17.78184,10.82753,2,25276679311,3,Utilities,136.21,45927623966,4255120
2026-08-21,VST,2028-12-31,12.35807,14.07658,11.19342,7,26127574076,7,Utilities,136.21,45927623966,4255120
2026-08-21,VST,2027-12-31,10.56047,12.55732,8.97094,8,24968515649,7,Utilities,136.21,45927623966,4255120
2026-08-21,VSTS,2029-10-03,1.04868,1.05511,1.04198,1,2818075755,2,Industrials,12.69,1676413491,644010
2026-08-21,VSTS,2028-10-03,0.96487,1.00425,0.92549,2,2781679240,5,Industrials,12.69,1676413491,644010
2026-08-21,VSTS,2027-10-03,0.77696,0.89649,0.65743,4,2696469439,5,Industrials,12.69,1676413491,644010
2026-08-21,VSTS,2026-10-03,0.61206,0.6318,0.58244,4,2649756684,5,Industrials,12.69,1676413491,644010
2026-08-21,VSXY,2030-01-31,6.6,6.71353,6.44943,1,7968700000,2,Consumer Cyclical,85.39,6787796263,821544
2026-08-21,VSXY,2029-01-31,6.27956,6.38758,6.1363,1,7787877491,5,Consumer Cyclical,85.39,6787796263,821544
2026-08-21,VSXY,2028-01-31,5.5894,6.04127,5.14736,6,7465885938,7,Consumer Cyclical,85.39,6787796263,821544
2026-08-21,VSXY,2027-01-31,4.6616,4.78062,4.56242,6,7139862474,7,Consumer Cyclical,85.39,6787796263,821544
2026-08-21,VTR,2029-12-31,1.94,1.99176,1.86087,3,9119050000,2,Real Estate,93.06,45242980200,2062825
2026-08-21,VTR,2028-12-31,1.23333,1.3885,0.84267,6,8425572571,4,Real Estate,93.06,45242980200,2062825
2026-08-21,VTR,2027-12-31,0.978,1.01923,0.93906,6,7612677721,4,Real Estate,93.06,45242980200,2062825
2026-08-21,VTR,2026-12-31,0.604,0.60866,0.60089,5,6910126512,4,Real Estate,93.06,45242980200,2062825
2026-08-21,VTRS,2029-12-31,0,0,0,0,14971000000,2,Healthcare,16.32,19005499313,6244818
2026-08-21,VTRS,2028-12-31,2.90447,3.98057,1.82842,2,15482120857,5,Healthcare,16.32,19005499313,6244818
2026-08-21,VTRS,2027-12-31,2.67512,2.76563,2.61478,5,15032433846,6,Healthcare,16.32,19005499313,6244818
2026-08-21,VTRS,2026-12-31,2.49972,2.52984,2.4696,5,14782646912,6,Healthcare,16.32,19005499313,6244818
2026-08-21,VVV,2030-09-30,2.9571,3.0318,2.87111,1,2937692300,5,Consumer Cyclical,33.96,4331122560,1142890
2026-08-21,VVV,2029-09-30,2.6229,2.68916,2.54662,1,2722599200,3,Consumer Cyclical,33.96,4331122560,1142890
2026-08-21,VVV,2028-09-30,2.46757,2.47732,2.45782,2,2545902701,7,Consumer Cyclical,33.96,4331122560,1142890
2026-08-21,VVV,2027-09-30,1.9883,2.12343,1.78561,9,2319648390,11,Consumer Cyclical,33.96,4331122560,1142890
2026-08-21,VZ,2030-12-31,6.345,6.53621,6.18645,5,150003410220,7,Communication Services,49.45,206481442000,10816090
2026-08-21,VZ,2029-12-31,5.93,6.10871,5.78182,5,147879750000,10,Communication Services,49.45,206481442000,10816090
2026-08-21,VZ,2028-12-31,5.62646,6.00185,5.21472,8,144725072563,15,Communication Services,49.45,206481442000,10816090
2026-08-21,VZ,2027-12-31,5.24529,5.46343,5.09656,15,143336969604,18,Communication Services,49.45,206481442000,10816090
2026-08-21,W,2030-12-31,7.59667,7.8613,7.35294,5,17688471429,14,Consumer Cyclical,101.52,13904997451,1663309
2026-08-21,W,2029-12-31,6.63833,6.86958,6.42534,10,16704685714,14,Consumer Cyclical,101.52,13904997451,1663309
2026-08-21,W,2028-12-31,5.0807,8.16296,1.9875,13,15491377845,16,Consumer Cyclical,101.52,13904997451,1663309
2026-08-21,W,2027-12-31,3.89168,4.75,3.12115,18,14382982908,24,Consumer Cyclical,101.52,13904997451,1663309
2026-08-21,WAB,2029-12-31,16.60141,16.8316,16.32329,1,15460292792,5,Industrials,297.57,50262846270,889048
2026-08-21,WAB,2028-12-31,14.07772,15.11272,13.49468,4,14240606940,10,Industrials,297.57,50262846270,889048
2026-08-21,WAB,2027-12-31,12.44228,12.93276,11.91176,7,13430277780,8,Industrials,297.57,50262846270,889048
2026-08-21,WAB,2026-12-31,10.86254,10.89255,10.80253,7,12540124646,8,Industrials,297.57,50262846270,889048
2026-08-21,WAL,2028-12-31,12.64047,13.86219,11.47074,6,4567421154,5,Financial Services,79.67,8698797631,695094
2026-08-21,WAL,2027-12-31,11.11174,11.55463,10.13737,11,4253840231,8,Financial Services,79.67,8698797631,695094
2026-08-21,WAL,2026-12-31,9.07378,9.9554,8.37046,10,3989652682,8,Financial Services,79.67,8698797631,695094
2026-08-21,WAL,2025-12-31,8.54141,8.69196,8.28045,10,3474312215,6,Financial Services,79.67,8698797631,695094
2026-08-21,WAT,2030-12-31,22.191,23.04839,21.90687,1,8463698899,8,Healthcare,410.7,30716592238,683844
2026-08-21,WAT,2029-12-31,20.39138,21.17923,20.13029,1,8028886458,13,Healthcare,410.7,30716592238,683844
2026-08-21,WAT,2028-12-31,18.41445,22.37467,14.69001,5,7543921155,17,Healthcare,410.7,30716592238,683844
2026-08-21,WAT,2027-12-31,16.51845,17.75984,16.03791,14,7126631956,17,Healthcare,410.7,30716592238,683844
2026-08-21,WAY,2030-12-31,2.785,3.02498,2.71981,2,1882905500,6,Healthcare,25.01,4795627884,2116356
2026-08-21,WAY,2029-12-31,2.46,2.67197,2.40242,3,1713009333,10,Healthcare,25.01,4795627884,2116356
2026-08-21,WAY,2028-12-31,2.17288,2.90932,1.82209,6,1590272578,12,Healthcare,25.01,4795627884,2116356
2026-08-21,WAY,2027-12-31,1.87794,1.93819,1.78756,14,1423477087,17,Healthcare,25.01,4795627884,2116356
2026-08-21,WBD,2030-12-31,0.28405,0.29744,0.27,2,38957806113,12,Communication Services,28.55,71578752842,15051855
2026-08-21,WBD,2029-12-31,0.2139,0.22398,0.20332,3,38199485498,8,Communication Services,28.55,71578752842,15051855
2026-08-21,WBD,2028-12-31,0.058544,0.10578,0.02437302,6,37935781535,14,Communication Services,28.55,71578752842,15051855
2026-08-21,WBD,2027-12-31,0.013868,0.03018329,-0.00897341,11,37298691940,15,Communication Services,28.55,71578752842,15051855
2026-08-21,WBS,2028-12-31,7.38491,8.0495,6.72031,2,3359557900,2,Financial Services,77.57,12568899810,91306424
2026-08-21,WBS,2027-12-31,7.11174,7.32636,6.64348,9,3183234456,6,Financial Services,77.57,12568899810,91306424
2026-08-21,WBS,2026-12-31,6.49417,6.63213,6.37592,6,3024481649,5,Financial Services,77.57,12568899810,91306424
2026-08-21,WBS,2025-12-31,5.87911,5.9191,5.83912,13,2895643238,8,Financial Services,77.57,12568899810,91306424
2026-08-21,WCC,2029-12-31,26.5,27.18977,25.94588,1,30510000000,4,Industrials,349.14,17014588646,576914
2026-08-21,WCC,2028-12-31,23.67167,25.32239,23.06594,5,29291380000,6,Industrials,349.14,17014588646,576914
2026-08-21,WCC,2027-12-31,20.02454,20.86451,18.28237,8,27862662444,8,Industrials,349.14,17014588646,576914
2026-08-21,WCC,2026-12-31,16.82876,17.48653,15.87753,8,26190437222,8,Industrials,349.14,17014588646,576914
2026-08-21,WCN,2030-12-31,8.40707,8.53338,8.26432,2,12528486581,7,Industrials,169.4,42697270000,714663
2026-08-21,WCN,2029-12-31,7.69879,7.81446,7.56807,3,11931562563,10,Industrials,169.4,42697270000,714663
2026-08-21,WCN,2028-12-31,6.88595,7.28802,6.67791,6,11310293075,15,Industrials,169.4,42697270000,714663
2026-08-21,WCN,2027-12-31,6.30424,6.50662,6.13221,16,10786054578,20,Industrials,169.4,42697270000,714663
2026-08-21,WDAY,2031-01-31,14.1,14.60898,13.76592,5,15975200000,15,Technology,200.01,52391040821,3426862
2026-08-21,WDAY,2030-01-31,16.61491,17.21467,16.22124,4,14812688155,11,Technology,200.01,52391040821,3426862
2026-08-21,WDAY,2029-01-31,14.7178,19.30071,11.76322,10,13121666542,22,Technology,200.01,52391040821,3426862
2026-08-21,WDAY,2028-01-31,12.6327,13.64052,11.67477,24,11849711944,30,Technology,200.01,52391040821,3426862
2026-08-21,WDC,2030-07-03,65.73,81.01632,53.15921,1,38614000000,5,Technology,459.44,158360698080,4205970
2026-08-21,WDC,2029-07-03,45.0264,47.86023,39.1633,4,31949350431,10,Technology,459.44,158360698080,4205970
2026-08-21,WDC,2028-07-03,32.58124,42.54131,20.58602,10,26546800463,15,Technology,459.44,158360698080,4205970
2026-08-21,WDC,2027-07-03,20.21495,23.71699,15.90552,12,19113368838,16,Technology,459.44,158360698080,4205970
2026-08-21,WEC,2030-12-31,7.55871,7.95889,6.71815,3,12617755354,6,Utilities,106.01,34530213260,1709260
2026-08-21,WEC,2029-12-31,7.01193,7.38316,6.23217,3,12051430382,11,Utilities,106.01,34530213260,1709260
2026-08-21,WEC,2028-12-31,6.48653,6.61211,6.41235,9,11453079344,13,Utilities,106.01,34530213260,1709260
2026-08-21,WEC,2027-12-31,5.9988,6.03873,5.94889,9,10675633962,10,Utilities,106.01,34530213260,1709260
2026-08-21,WELL,2030-12-31,5.8,6.18086,5.30862,2,29988380823,2,Real Estate,239.3,172432882232,2421960
2026-08-21,WELL,2029-12-31,5.44,5.79722,4.97912,3,18794250000,2,Real Estate,239.3,172432882232,2421960
2026-08-21,WELL,2028-12-31,3.94991,4.78678,2.66157,6,18139347225,4,Real Estate,239.3,172432882232,2421960
2026-08-21,WELL,2027-12-31,3.16943,3.2643,3.0875,6,16024505430,6,Real Estate,239.3,172432882232,2421960
2026-08-21,WES,2030-12-31,5.17,5.5311,4.6828,1,4795978031,2,Energy,48.36,19980997920,540665
2026-08-21,WES,2029-12-31,4.93,5.27434,4.46542,1,5204000000,1,Energy,48.36,19980997920,540665
2026-08-21,WES,2028-12-31,4.39374,4.96785,3.78871,5,4942132601,3,Energy,48.36,19980997920,540665
2026-08-21,WES,2027-12-31,4.00967,5.01209,3.69258,6,4804126932,4,Energy,48.36,19980997920,540665
2026-08-21,WFC,2029-12-31,9.94,10.16177,9.76829,3,129240659816,1,Financial Services,83.84,253532160000,7927418
2026-08-21,WFC,2028-12-31,9.16234,9.73009,7.62347,9,97478580336,2,Financial Services,83.84,253532160000,7927418
2026-08-21,WFC,2027-12-31,7.97658,8.39905,7.46358,17,92823485415,9,Financial Services,83.84,253532160000,7927418
2026-08-21,WFC,2026-12-31,7.28927,7.47024,6.92732,15,88878907807,9,Financial Services,83.84,253532160000,7927418
2026-08-21,WFRD,2028-12-31,8.47827,9.27534,7.85145,5,5415054576,6,Energy,90.51,6488249446,712376
2026-08-21,WFRD,2027-12-31,7.11729,8.03634,6.48678,6,5136952767,6,Energy,90.51,6488249446,712376
2026-08-21,WFRD,2026-12-31,5.16167,6.62513,4.37061,7,4672091018,8,Energy,90.51,6488249446,712376
2026-08-21,WFRD,2025-12-31,5.56366,5.71567,5.47245,7,4889029181,7,Energy,90.51,6488249446,712376
2026-08-21,WGS,2030-12-31,5.105,5.32162,4.90496,1,1081950000,3,Healthcare,87.065,2596495963,555184
2026-08-21,WGS,2029-12-31,3.02,3.14815,2.90166,1,865066667,4,Healthcare,87.065,2596495963,555184
2026-08-21,WGS,2028-12-31,1.83667,6.90335,-3.23001,2,749189600,6,Healthcare,87.065,2596495963,555184
2026-08-21,WGS,2027-12-31,1.16875,1.21834,1.12295,4,598544444,6,Healthcare,87.065,2596495963,555184
2026-08-21,WH,2029-12-31,7.43987,7.67168,7.15272,1,1815123723,4,Consumer Cyclical,74.62,5537633924,641056
2026-08-21,WH,2028-12-31,6.06191,6.75238,5.65853,5,1656850681,9,Consumer Cyclical,74.62,5537633924,641056
2026-08-21,WH,2027-12-31,5.32846,5.47538,5.09338,11,1567062739,11,Consumer Cyclical,74.62,5537633924,641056
2026-08-21,WH,2026-12-31,4.78296,4.89234,4.71335,11,1478468919,11,Consumer Cyclical,74.62,5537633924,641056
2026-08-21,WHR,2029-12-31,5.9,6.02477,5.83091,1,16632500000,4,Consumer Cyclical,40.35,2615612085,3189457
2026-08-21,WHR,2028-12-31,5.3579,7.3227,3.10175,3,16114886799,6,Consumer Cyclical,40.35,2615612085,3189457
2026-08-21,WHR,2027-12-31,3.67188,4.70561,3.06887,6,15448233005,8,Consumer Cyclical,40.35,2615612085,3189457
2026-08-21,WHR,2026-12-31,1.9421,1.98317,1.91936,4,14911567046,8,Consumer Cyclical,40.35,2615612085,3189457
2026-08-21,WING,2030-12-27,10.81,11.06478,10.43061,2,1296300000,5,Consumer Cyclical,115.43,3144601775,1046577
2026-08-21,WING,2029-12-27,7.775,7.95825,7.50213,3,1086837000,10,Consumer Cyclical,115.43,3144601775,1046577
2026-08-21,WING,2028-12-27,6.64589,7.55266,5.74468,7,1008388730,11,Consumer Cyclical,115.43,3144601775,1046577
2026-08-21,WING,2027-12-27,5.35755,5.68926,5.21683,18,888512307,20,Consumer Cyclical,115.43,3144601775,1046577
2026-08-21,WIX,2030-12-31,8.4,8.66442,8.12966,4,3309350000,6,Technology,82.07,4305364789,1090370
2026-08-21,WIX,2029-12-31,7.73,7.97333,7.48122,2,3045550000,11,Technology,82.07,4305364789,1090370
2026-08-21,WIX,2028-12-31,8.97367,22.22619,-15.22802,7,2789514266,13,Technology,82.07,4305364789,1090370
2026-08-21,WIX,2027-12-31,7.2464,9.09455,5.04324,10,2502074493,18,Technology,82.07,4305364789,1090370
2026-08-21,WK,2028-12-31,4.93,5.10238,4.75762,2,1382400000,4,Technology,74.83,4071985498,505808
2026-08-21,WK,2027-12-31,4.04889,4.37119,3.82731,6,1203138045,8,Technology,74.83,4071985498,505808
2026-08-21,WK,2026-12-31,3.3587,3.44012,3.2671,5,1042028301,8,Technology,74.83,4071985498,505808
2026-08-21,WK,2025-12-31,1.6362,1.69718,1.5549,8,881184272,8,Technology,74.83,4071985498,505808
2026-08-21,WKC,2028-12-31,1.58,1.76205,1.43734,1,34021009082,1,Energy,35.95,1838900739,677658
2026-08-21,WKC,2027-12-31,2.56,3,1.98,2,43414960144,2,Energy,35.95,1838900739,677658
2026-08-21,WKC,2026-12-31,3.6,3.7,3.45,2,47182313161,2,Energy,35.95,1838900739,677658
2026-08-21,WKC,2025-12-31,2.08,2.1,2.05,3,37125279075,2,Energy,35.95,1838900739,677658
2026-08-21,WM,2030-12-31,11.69375,11.89135,11.52986,4,32270186371,8,Industrials,224.06,89560184127,1339753
2026-08-21,WM,2029-12-31,10.94749,11.13248,10.79406,4,31033959046,13,Industrials,224.06,89560184127,1339753
2026-08-21,WM,2028-12-31,9.87999,10.86226,9.30849,10,29060093831,17,Industrials,224.06,89560184127,1339753
2026-08-21,WM,2027-12-31,9.06041,9.49138,8.67955,18,27785004546,20,Industrials,224.06,89560184127,1339753
2026-08-21,WMB,2030-12-31,4.28,4.8698,3.82054,2,14158000000,2,Energy,70.49,86221075101,7586637
2026-08-21,WMB,2029-12-31,3.83,4.35779,3.41884,3,17862000000,1,Energy,70.49,86221075101,7586637
2026-08-21,WMB,2028-12-31,3.04421,3.58593,2.5188,6,16069680310,3,Energy,70.49,86221075101,7586637
2026-08-21,WMB,2027-12-31,2.58717,3.70274,-3.25176,8,14008133106,5,Energy,70.49,86221075101,7586637
2026-08-21,WMG,2030-09-30,2.51,2.58871,2.46309,5,9185000000,7,Communication Services,27.13,14157804553,1472888
2026-08-21,WMG,2029-09-30,1.6926,1.74568,1.66096,8,9011441800,7,Communication Services,27.13,14157804553,1472888
2026-08-21,WMG,2028-09-30,2.08981,2.21256,1.66714,12,8269161693,14,Communication Services,27.13,14157804553,1472888
2026-08-21,WMG,2027-09-30,1.81351,2.05265,1.7039,8,7786262108,12,Communication Services,27.13,14157804553,1472888
2026-08-21,WMT,2031-01-31,4.23335,4.29937,4.14383,5,891445000000,7,Consumer Defensive,103.7,825252896000,44077886
2026-08-21,WMT,2030-01-31,3.96182,4.02361,3.87804,4,860018880000,8,Consumer Defensive,103.7,825252896000,44077886
2026-08-21,WMT,2029-01-31,3.64122,4.1656,3.47277,10,827490487078,16,Consumer Defensive,103.7,825252896000,44077886
2026-08-21,WMT,2028-01-31,3.25314,3.61238,3.09348,25,787369684361,27,Consumer Defensive,103.7,825252896000,44077886
2026-08-21,WOLF,2029-06-28,0,0,0,0,1450000000,1,Technology,25.76,1338801296,3850005
2026-08-21,WOLF,2028-06-28,-5.83,-5.80441,-5.85559,1,794900000,2,Technology,25.76,1338801296,3850005
2026-08-21,WOLF,2027-06-28,-7.515,-7.48201,-7.54799,1,642800000,1,Technology,25.76,1338801296,3850005
2026-08-21,WOLF,2026-06-28,-12.37,-12.3157,-12.4243,1,757750000,2,Technology,25.76,1338801296,3850005
2026-08-21,WPC,2030-12-31,0,0,0,0,1917375326,1,Real Estate,71.2,16219876129,589403
2026-08-21,WPC,2029-12-31,0,0,0,0,2103156868,1,Real Estate,71.2,16219876129,589403
2026-08-21,WPC,2028-12-31,3.09531,3.18398,3.03275,1,1992173440,2,Real Estate,71.2,16219876129,589403
2026-08-21,WPC,2027-12-31,3.01615,3.02171,2.95519,2,1988257636,4,Real Estate,71.2,16219876129,589403
2026-08-21,WPM,2030-12-31,5.1,5.91316,4.37785,1,3904736800,3,Basic Materials,157.78,71651842500,2892360
2026-08-21,WPM,2029-12-31,5.1753,6.00047,4.44248,1,4111960425,4,Basic Materials,157.78,71651842500,2892360
2026-08-21,WPM,2028-12-31,5.55727,6.11876,5.16672,4,4322552907,6,Basic Materials,157.78,71651842500,2892360
2026-08-21,WPM,2027-12-31,5.11526,6.27303,3.45227,10,4052870068,8,Basic Materials,157.78,71651842500,2892360
2026-08-21,WRB,2028-12-31,5.07428,5.17847,4.90788,4,16401459197,4,Financial Services,68.6,25538202200,1079841
2026-08-21,WRB,2027-12-31,4.83275,5.12412,4.40072,12,15572443257,6,Financial Services,68.6,25538202200,1079841
2026-08-21,WRB,2026-12-31,4.86114,5.07206,4.47948,11,14902185598,6,Financial Services,68.6,25538202200,1079841
2026-08-21,WRB,2025-12-31,4.29896,4.39987,4.22832,9,12450456780,5,Financial Services,68.6,25538202200,1079841
2026-08-21,WRBY,2028-12-31,0.96073,1.42797,0.49349,2,1544904082,4,Consumer Cyclical,27.44,3367305856,1389308
2026-08-21,WRBY,2027-12-31,0.59784,0.65864,0.54718,6,1134448315,11,Consumer Cyclical,27.44,3367305856,1389308
2026-08-21,WRBY,2026-12-31,0.4369,0.45676,0.41704,6,974421741,10,Consumer Cyclical,27.44,3367305856,1389308
2026-08-21,WRBY,2025-12-31,0.36847,0.43635,0.32968,6,874616995,8,Consumer Cyclical,27.44,3367305856,1389308
2026-08-21,WSBC,2027-12-31,3.86876,4.0487,3.66882,6,1161524000,4,Financial Services,40.86,3918714625,671717
2026-08-21,WSBC,2026-12-31,3.58041,3.66064,3.50018,6,1085354500,4,Financial Services,40.86,3918714625,671717
2026-08-21,WSBC,2025-12-31,3.29,3.31929,3.27047,4,982598000,3,Financial Services,40.86,3918714625,671717
2026-08-21,WSBC,2024-12-31,2.14796,2.17807,2.09777,5,602460120,2,Financial Services,40.86,3918714625,671717
2026-08-21,WSC,2030-12-31,10.9379,11.11463,10.75108,1,2582410014,2,Industrials,22.14,4007222193,9095207
2026-08-21,WSC,2029-12-31,3.46799,3.52402,3.40876,1,2508914815,2,Industrials,22.14,4007222193,9095207
2026-08-21,WSC,2028-12-31,1.76091,1.78936,1.73083,1,2484941478,4,Industrials,22.14,4007222193,9095207
2026-08-21,WSC,2027-12-31,1.30226,1.47388,1.15083,7,2373008085,7,Industrials,22.14,4007222193,9095207
2026-08-21,WSE,2031-03-31,0.985,1.02595,0.93399,4,5230633333,3,Technology,13.02,13023445092,778889
2026-08-21,WSE,2030-03-31,0.99464,1.03599,0.94313,3,4741453455,4,Technology,13.02,13023445092,778889
2026-08-21,WSE,2029-03-31,0.82045,0.85456,0.77796,3,4157852245,4,Technology,13.02,13023445092,778889
2026-08-21,WSE,2028-03-31,0.68928,0.78472,0.61505,8,3521017924,9,Technology,13.02,13023445092,778889
2026-08-21,WSM,2029-02-01,11.35606,12.46296,10.596,7,9006334038,8,Consumer Cyclical,237.58,27974239841,635902
2026-08-21,WSM,2028-02-01,10.31496,10.91935,9.94225,14,8573027179,15,Consumer Cyclical,237.58,27974239841,635902
2026-08-21,WSM,2027-02-01,9.4277,9.63877,9.32719,14,8175465491,16,Consumer Cyclical,237.58,27974239841,635902
2026-08-21,WSM,2026-02-01,8.70778,8.76783,8.65774,12,7865823136,13,Consumer Cyclical,237.58,27974239841,635902
2026-08-21,WT,2028-12-31,1.425,1.46387,1.37685,1,814280034,3,Financial Services,23.51,3595642910,1809779
2026-08-21,WT,2027-12-31,1.305,1.33489,1.25519,5,764005885,6,Financial Services,23.51,3595642910,1809779
2026-08-21,WT,2026-12-31,1.18333,1.22344,1.13319,5,697110097,5,Financial Services,23.51,3595642910,1809779
2026-08-21,WT,2025-12-31,0.79833,0.80831,0.78835,5,489127366,4,Financial Services,23.51,3595642910,1809779
2026-08-21,WTRG,2030-12-31,2.7282,2.83259,2.64587,1,2897000000,2,Utilities,40.18,11396373257,1056244
2026-08-21,WTRG,2029-12-31,2.59265,2.69186,2.51441,1,3011250000,1,Utilities,40.18,11396373257,1056244
2026-08-21,WTRG,2028-12-31,2.48942,2.59866,2.41093,4,2898540241,3,Utilities,40.18,11396373257,1056244
2026-08-21,WTRG,2027-12-31,2.35828,2.43592,2.31946,5,2727521999,3,Utilities,40.18,11396373257,1056244
2026-08-21,WTTR,2028-12-31,1.135,1.18986,1.07003,2,1689500000,2,Energy,19.72,2161659466,1136288
2026-08-21,WTTR,2027-12-31,0.70588,0.85338,0.56892,4,1611002280,6,Energy,19.72,2161659466,1136288
2026-08-21,WTTR,2026-12-31,0.64072,0.77561,0.57328,2,1526905776,3,Energy,19.72,2161659466,1136288
2026-08-21,WTTR,2025-12-31,0.24401,0.26841,0.23181,2,1380581955,4,Energy,19.72,2161659466,1136288
2026-08-21,WULF,2030-12-31,0.775,1.02409,0.60232,2,2412000000,6,Financial Services,15.64,7750130568,46536491
2026-08-21,WULF,2029-12-31,0.32122,0.42446,0.24965,3,2327162460,6,Financial Services,15.64,7750130568,46536491
2026-08-21,WULF,2028-12-31,0.31962,1.28925,-0.58016,6,1586374822,8,Financial Services,15.64,7750130568,46536491
2026-08-21,WULF,2027-12-31,-0.21216,5.23328,-2.97024,6,880378336,10,Financial Services,15.64,7750130568,46536491
2026-08-21,WY,2028-12-31,1.04127,1.08616,0.99644,1,8102461921,5,Real Estate,24.43,17615070938,3518979
2026-08-21,WY,2027-12-31,0.72904,0.90058,0.62183,8,7751934360,8,Real Estate,24.43,17615070938,3518979
2026-08-21,WY,2026-12-31,0.32495,0.38588,0.26402,7,7146389552,7,Real Estate,24.43,17615070938,3518979
2026-08-21,WY,2025-12-31,0.17177,0.21471,0.13956,7,6925637780,7,Real Estate,24.43,17615070938,3518979
2026-08-21,WYFI,2029-12-31,1.12,1.2579,0.9581,1,248356056,1,Technology,20.72,800086556,2551142
2026-08-21,WYFI,2028-12-31,1.41676,2.11496,0.71856,2,441025100,2,Technology,20.72,800086556,2551142
2026-08-21,WYFI,2027-12-31,0.51748,0.83633,0.19863,4,300821444,6,Technology,20.72,800086556,2551142
2026-08-21,WYFI,2026-12-31,-0.94762,-0.65454,-1.23093,3,136151444,6,Technology,20.72,800086556,2551142
2026-08-21,WYNN,2028-12-31,5.99893,6.99427,5.01205,6,8038151351,12,Consumer Cyclical,100.28,10407760360,844106
2026-08-21,WYNN,2027-12-31,4.99911,6.17824,4.35595,9,7730101781,15,Consumer Cyclical,100.28,10407760360,844106
2026-08-21,WYNN,2026-12-31,4.63775,5.47916,4.07681,10,7488161308,15,Consumer Cyclical,100.28,10407760360,844106
2026-08-21,WYNN,2025-12-31,4.42215,4.8261,3.6993,11,7124939021,11,Consumer Cyclical,100.28,10407760360,844106
2026-08-21,XE,2030-12-31,0.95,1.00721,0.9022,1,2113500000,5,Industrials,18.67,409784432,4379048
2026-08-21,XE,2029-12-31,-0.09,-0.0854714,-0.09541967,1,1297550000,3,Industrials,18.67,409784432,4379048
2026-08-21,XE,2028-12-31,-0.32249,-0.10445,-0.76251,4,1236016494,7,Industrials,18.67,409784432,4379048
2026-08-21,XE,2027-12-31,-0.50475,-0.4368,-0.66006,3,858231293,5,Industrials,18.67,409784432,4379048
2026-08-21,XEL,2030-12-31,5.93,6.36622,5.6422,1,21107400000,6,Utilities,76.3,47659574200,6440505
2026-08-21,XEL,2029-12-31,5.49,5.89386,5.22355,1,20028079178,10,Utilities,76.3,47659574200,6440505
2026-08-21,XEL,2028-12-31,5.03755,5.19377,4.82858,5,18686945348,12,Utilities,76.3,47659574200,6440505
2026-08-21,XEL,2027-12-31,4.54943,4.6503,4.43847,11,17269843823,10,Utilities,76.3,47659574200,6440505
2026-08-21,XENE,2030-12-31,4.20737,12.86818,1.97902,5,1163125504,12,Healthcare,60.77,5874368512,775306
2026-08-21,XENE,2029-12-31,0.65255,1.99581,0.30694,9,719224915,8,Healthcare,60.77,5874368512,775306
2026-08-21,XENE,2028-12-31,-3.45323,0.14827,-5.3376,12,231907008,14,Healthcare,60.77,5874368512,775306
2026-08-21,XENE,2027-12-31,-4.7218,-3.69699,-5.60295,14,26976889,11,Healthcare,60.77,5874368512,775306
2026-08-21,XIFR,2030-12-31,2.24727,2.54971,1.95931,1,1605801016,3,Utilities,11.15,1051141664,658687
2026-08-21,XIFR,2029-12-31,0.97647,1.10788,0.85135,1,1455919163,4,Utilities,11.15,1051141664,658687
2026-08-21,XIFR,2028-12-31,0.20434,0.23184,0.17816,1,1454691278,6,Utilities,11.15,1051141664,658687
2026-08-21,XIFR,2027-12-31,0.99275,1.12635,0.86554,1,1423657352,4,Utilities,11.15,1051141664,658687
2026-08-21,XNCR,2030-12-31,-0.22625,-0.03917417,-0.53387,3,438792500,4,Healthcare,27.8,2061136369,701234
2026-08-21,XNCR,2029-12-31,-1.71,-0.29608,-4.03503,3,221226222,4,Healthcare,27.8,2061136369,701234
2026-08-21,XNCR,2028-12-31,-3.18318,-0.8191,-4.39518,9,125497170,9,Healthcare,27.8,2061136369,701234
2026-08-21,XNCR,2027-12-31,-3.26247,0.40265,-5.16214,11,125578972,10,Healthcare,27.8,2061136369,701234
2026-08-21,XOM,2030-12-31,12.148,14.17175,10.24699,4,359226500000,5,Energy,165.11,684291790600,10427380
2026-08-21,XOM,2029-12-31,11.61692,13.55219,9.79902,2,353964500000,5,Energy,165.11,684291790600,10427380
2026-08-21,XOM,2028-12-31,10.49336,12.57469,8.46666,7,392382067921,10,Energy,165.11,684291790600,10427380
2026-08-21,XOM,2027-12-31,10.67623,12.74563,9.08655,14,382991280572,11,Energy,165.11,684291790600,10427380
2026-08-21,XP,2030-12-31,0,0,0,1,30394470005,5,Financial Services,16.81,8793864822,6474858
2026-08-21,XP,2029-12-31,15.81785,16.3827,15.17756,1,27991473507,3,Financial Services,16.81,8793864822,6474858
2026-08-21,XP,2028-12-31,13.19307,13.4629,12.97609,4,25583274639,7,Financial Services,16.81,8793864822,6474858
2026-08-21,XP,2027-12-31,11.87148,12.75085,11.08982,4,22610631087,7,Financial Services,16.81,8793864822,6474858
2026-08-21,XPEV,2028-12-31,2.95558,4.78779,1.20462,11,139168922083,27,Consumer Cyclical,12.195,11585340097,9303021
2026-08-21,XPEV,2027-12-31,1.14501,20.89645,-14.02635,7,120175720128,20,Consumer Cyclical,12.195,11585340097,9303021
2026-08-21,XPEV,2026-12-31,-1.43667,0.2947,-2.39445,4,93735758959,20,Consumer Cyclical,12.195,11585340097,9303021
2026-08-21,XPEV,2025-12-31,-1.02295,-0.89508,-1.1082,6,77457642551,16,Consumer Cyclical,12.195,11585340097,9303021
2026-08-21,XPO,2030-12-31,12.13,12.52746,11.63187,1,11558000000,5,Industrials,197.74,23152677589,625203
2026-08-21,XPO,2029-12-31,9.79031,10.11111,9.38826,1,10713779029,5,Industrials,197.74,23152677589,625203
2026-08-21,XPO,2028-12-31,7.8387,8.09207,7.46395,3,10136269072,10,Industrials,197.74,23152677589,625203
2026-08-21,XPO,2027-12-31,6.48097,6.91984,5.91963,15,9498465697,16,Industrials,197.74,23152677589,625203
2026-08-21,XRAY,2029-12-31,1.71333,1.74529,1.68004,5,3807900000,8,Healthcare,10.92,2187567378,3309577
2026-08-21,XRAY,2028-12-31,1.68186,3.76993,0.23562,8,3741286302,14,Healthcare,10.92,2187567378,3309577
2026-08-21,XRAY,2027-12-31,1.52613,1.56656,1.46549,12,3634670970,14,Healthcare,10.92,2187567378,3309577
2026-08-21,XRAY,2026-12-31,1.53097,1.55035,1.51159,10,3573731649,14,Healthcare,10.92,2187567378,3309577
2026-08-21,XYL,2030-12-31,7.78,8.02126,7.42401,1,10793200000,5,Industrials,113.42,26482095540,1457191
2026-08-21,XYL,2029-12-31,7.79671,8.03849,7.43995,1,10671896402,5,Industrials,113.42,26482095540,1457191
2026-08-21,XYL,2028-12-31,6.8273,8.03785,5.86406,5,10102139957,11,Industrials,113.42,26482095540,1457191
2026-08-21,XYL,2027-12-31,6.18901,6.56257,5.44189,15,9584262961,17,Industrials,113.42,26482095540,1457191
2026-08-21,XYZ,2030-12-31,8.44,9.03229,7.7709,13,20699256000,15,Technology,82.16,48900068660,6716098
2026-08-21,XYZ,2029-12-31,7.9535,8.51165,7.32297,13,30941524300,9,Technology,82.16,48900068660,6716098
2026-08-21,XYZ,2028-12-31,6.47319,8.48059,4.33403,16,32169579322,19,Technology,82.16,48900068660,6716098
2026-08-21,XYZ,2027-12-31,5.2305,5.77406,4.0921,26,28928817532,24,Technology,82.16,48900068660,6716098
2026-08-21,YELP,2028-12-31,2.60667,2.98,2.13,3,1546532069,5,Communication Services,23.46,1290081916,598638
2026-08-21,YELP,2027-12-31,2.53,2.67177,2.3228,6,1512963398,7,Communication Services,23.46,1290081916,598638
2026-08-21,YELP,2026-12-31,1.80714,1.81724,1.79704,4,1465977272,7,Communication Services,23.46,1290081916,598638
2026-08-21,YELP,2025-12-31,2.17966,2.26153,2.09779,6,1463997082,7,Communication Services,23.46,1290081916,598638
2026-08-21,YETI,2031-01-03,3.74,3.84836,3.65528,1,2431100000,2,Consumer Cyclical,43.76,3315183208,1601179
2026-08-21,YETI,2030-01-03,3.45,3.54996,3.37185,1,2503150000,3,Consumer Cyclical,43.76,3315183208,1601179
2026-08-21,YETI,2029-01-03,3.63585,4.07405,3.19765,2,2315224033,6,Consumer Cyclical,43.76,3315183208,1601179
2026-08-21,YETI,2028-01-03,3.37298,3.61829,3.16856,11,2156937079,13,Consumer Cyclical,43.76,3315183208,1601179
2026-08-21,YOU,2028-12-31,2.64,2.66397,2.59661,1,1392935500,2,Technology,43.29,4355513740,1043284
2026-08-21,YOU,2027-12-31,2.19667,2.21662,2.16057,2,1258195200,3,Technology,43.29,4355513740,1043284
2026-08-21,YOU,2026-12-31,1.83,1.84662,1.79992,2,1108847200,3,Technology,43.29,4355513740,1043284
2026-08-21,YOU,2025-12-31,1.19324,1.23548,1.151,3,895744584,5,Technology,43.29,4355513740,1043284
2026-08-21,YUM,2030-12-31,10.73,11.06027,10.40651,1,11104000000,5,Consumer Cyclical,152.9925,42167945843,2997474
2026-08-21,YUM,2029-12-31,8.78254,9.05287,8.51777,1,10629793337,3,Consumer Cyclical,152.9925,42167945843,2997474
2026-08-21,YUM,2028-12-31,8.05888,8.63302,7.48474,2,9840238161,7,Consumer Cyclical,152.9925,42167945843,2997474
2026-08-21,YUM,2027-12-31,7.30034,8.09995,6.71881,11,9340566874,12,Consumer Cyclical,152.9925,42167945843,2997474
2026-08-21,YUMC,2028-12-31,3.68573,4.22058,3.31547,18,14480558938,26,Consumer Cyclical,49.52,17289759440,828150
2026-08-21,YUMC,2027-12-31,3.34205,3.62461,3.1959,15,13663589212,21,Consumer Cyclical,49.52,17289759440,828150
2026-08-21,YUMC,2026-12-31,2.9564,3.00651,2.92633,15,12863442157,20,Consumer Cyclical,49.52,17289759440,828150
2026-08-21,YUMC,2025-12-31,2.50318,2.66338,2.45312,13,11698569277,15,Consumer Cyclical,49.52,17289759440,828150
2026-08-21,Z,2030-12-31,5.505,5.64718,5.37333,1,4532000000,9,Communication Services,35.88,8621828984,1883528
2026-08-21,Z,2029-12-31,4.67333,4.79403,4.56155,1,4131250000,10,Communication Services,35.88,8621828984,1883528
2026-08-21,Z,2028-12-31,3.71664,3.81263,3.62774,2,3661765058,8,Communication Services,35.88,8621828984,1883528
2026-08-21,Z,2027-12-31,2.88538,3.19644,2.57432,5,3296650183,18,Communication Services,35.88,8621828984,1883528
2026-08-21,ZBH,2030-12-31,11.12,11.28723,10.95878,3,10119517700,10,Healthcare,100.98,19535792760,881576
2026-08-21,ZBH,2029-12-31,10.44256,10.5996,10.29116,3,9653967381,10,Healthcare,100.98,19535792760,881576
2026-08-21,ZBH,2028-12-31,9.72578,11.26403,8.37392,9,9264663078,20,Healthcare,100.98,19535792760,881576
2026-08-21,ZBH,2027-12-31,9.06717,9.42017,8.84528,16,8909752612,20,Healthcare,100.98,19535792760,881576
2026-08-21,ZBIO,2030-12-31,-0.555,-0.10269,-1.37102,2,516889249,3,Healthcare,32.29,2038576743,746698
2026-08-21,ZBIO,2029-12-31,-1.925,-0.35616,-4.75533,3,350265000,4,Healthcare,32.29,2038576743,746698
2026-08-21,ZBIO,2028-12-31,-3.97725,-3.35532,-5.50734,6,126818655,6,Healthcare,32.29,2038576743,746698
2026-08-21,ZBIO,2027-12-31,-4.94868,-4.55238,-5.19256,4,53968466,5,Healthcare,32.29,2038576743,746698
2026-08-21,ZBRA,2029-12-31,29.89952,30.31757,29.41314,3,7436872441,5,Technology,368.51,17553384234,674914
2026-08-21,ZBRA,2028-12-31,23.9449,26.60841,19.06047,6,6867435848,10,Technology,368.51,17553384234,674914
2026-08-21,ZBRA,2027-12-31,22.20031,23.32308,20.90402,11,6593852503,12,Technology,368.51,17553384234,674914
2026-08-21,ZBRA,2026-12-31,21.12485,22.31059,19.32544,10,6221105204,11,Technology,368.51,17553384234,674914
2026-08-21,ZETA,2030-12-31,1.56,1.59516,1.50836,1,2996900000,3,Technology,29.07,7268006923,4290736
2026-08-21,ZETA,2029-12-31,1.42,1.452,1.37299,1,2691833333,4,Technology,29.07,7268006923,4290736
2026-08-21,ZETA,2028-12-31,1.43383,1.59554,1.27212,2,2417308786,6,Technology,29.07,7268006923,4290736
2026-08-21,ZETA,2027-12-31,1.20045,1.3263,1.03587,8,2111186862,12,Technology,29.07,7268006923,4290736
2026-08-21,ZG,2030-12-31,5.505,5.6996,5.32295,4,4532000000,14,Communication Services,36.78,8838095597,890978
2026-08-21,ZG,2029-12-31,4.67333,4.83853,4.51879,4,4131250000,14,Communication Services,36.78,8838095597,890978
2026-08-21,ZG,2028-12-31,3.7404,5.43767,1.81887,11,3664915236,16,Communication Services,36.78,8838095597,890978
2026-08-21,ZG,2027-12-31,2.89917,3.21172,2.58662,13,3297493852,21,Communication Services,36.78,8838095597,890978
2026-08-21,ZGN,2029-12-31,0.64481,0.6563,0.62949,2,2480819061,4,Consumer Cyclical,13.9,3729536800,659719
2026-08-21,ZGN,2028-12-31,0.66644,0.73808,0.60102,7,2406799937,9,Consumer Cyclical,13.9,3729536800,659719
2026-08-21,ZGN,2027-12-31,0.57268,0.65717,0.49757,8,2252979023,8,Consumer Cyclical,13.9,3729536800,659719
2026-08-21,ZGN,2026-12-31,0.43427,0.4897,0.38807,8,2082887905,8,Consumer Cyclical,13.9,3729536800,659719
2026-08-21,ZIM,2029-12-31,-0.2098,-0.18914,-0.23879,1,8634410726,1,Industrials,28.25,3404680565,2384184
2026-08-21,ZIM,2028-12-31,-3.59309,-1.42662,-4.74418,3,6378909048,2,Industrials,28.25,3404680565,2384184
2026-08-21,ZIM,2027-12-31,-0.68369,-0.61636,-0.77817,2,6439667395,3,Industrials,28.25,3404680565,2384184
2026-08-21,ZIM,2026-12-31,5.68451,6.47002,5.12466,2,7482880239,3,Industrials,28.25,3404680565,2384184
2026-08-21,ZION,2028-12-31,7.4041,7.84734,6.35015,8,3876764809,6,Financial Services,68.14,9944283460,1222236
2026-08-21,ZION,2027-12-31,6.86438,7.23048,6.34574,17,3714203930,10,Financial Services,68.14,9944283460,1222236
2026-08-21,ZION,2026-12-31,8.00325,8.16514,7.84136,15,3547088116,11,Financial Services,68.14,9944283460,1222236
2026-08-21,ZION,2025-12-31,5.85756,6.03536,5.70939,15,3359786946,11,Financial Services,68.14,9944283460,1222236
2026-08-21,ZLAB,2030-12-31,0.48,0.59356,0.40137,1,1095450000,6,Healthcare,26.01,2937115109,974040
2026-08-21,ZLAB,2029-12-31,-0.20033,-0.16751,-0.24772,1,966289867,10,Healthcare,26.01,2937115109,974040
2026-08-21,ZLAB,2028-12-31,-1.40383,-1.10045,-2.10864,4,709151197,12,Healthcare,26.01,2937115109,974040
2026-08-21,ZLAB,2027-12-31,-2.05574,-1.22715,-2.62212,7,522742477,12,Healthcare,26.01,2937115109,974040
2026-08-21,ZM,2031-01-31,5.72,5.79657,5.67168,4,5919400000,7,Technology,107.43,31501937717,2682306
2026-08-21,ZM,2030-01-31,7.0025,7.09624,6.94334,2,5698900000,8,Technology,107.43,31501937717,2682306
2026-08-21,ZM,2029-01-31,6.68623,7.51539,5.5037,6,5494702918,16,Technology,107.43,31501937717,2682306
2026-08-21,ZM,2028-01-31,6.28656,6.72632,5.97673,16,5295440025,23,Technology,107.43,31501937717,2682306
2026-08-21,ZS,2030-07-31,5.98,6.20276,5.88353,1,6055200000,2,Technology,181.745,29389897621,1627626
2026-08-21,ZS,2029-07-31,5.93,7.62429,4.23571,2,5266766667,5,Technology,181.745,29389897621,1627626
2026-08-21,ZS,2028-07-31,5.37204,53.78016,-56.34112,13,4538710360,33,Technology,181.745,29389897621,1627626
2026-08-21,ZS,2027-07-31,4.58132,5.2215,3.96114,26,3893372171,35,Technology,181.745,29389897621,1627626
2026-08-21,ZTO,2028-12-31,17.0588,18.46125,15.9333,7,69040037501,15,Industrials,21.37,16926102025,1536386
2026-08-21,ZTO,2027-12-31,15.50301,16.45914,14.47858,7,63697686063,14,Industrials,21.37,16926102025,1536386
2026-08-21,ZTO,2026-12-31,13.85167,14.39487,12.96897,7,58284905414,9,Industrials,21.37,16926102025,1536386
2026-08-21,ZTO,2025-12-31,11.37683,11.79306,10.54438,8,48585429634,11,Industrials,21.37,16926102025,1536386
2026-08-21,ZTS,2030-12-31,9.34333,10.17572,8.71024,2,11027000000,12,Healthcare,77.74,32590784720,4392187
2026-08-21,ZTS,2029-12-31,8.3375,9.08028,7.77257,3,10424200000,8,Healthcare,77.74,32590784720,4392187
2026-08-21,ZTS,2028-12-31,7.08554,8.26894,5.93861,6,9881986530,14,Healthcare,77.74,32590784720,4392187
2026-08-21,ZTS,2027-12-31,6.51947,7.6723,5.93312,12,9478122794,13,Healthcare,77.74,32590784720,4392187
2026-08-21,ZVRA,2030-12-31,2.45571,2.75193,2.16916,4,315143571,5,Healthcare,11.87,701696047,684967
2026-08-21,ZVRA,2029-12-31,1.93571,2.1692,1.70984,2,266623571,3,Healthcare,11.87,701696047,684967
2026-08-21,ZVRA,2028-12-31,1.41043,2.16725,0.61205,7,221866275,7,Healthcare,11.87,701696047,684967
2026-08-21,ZVRA,2027-12-31,0.93556,1.28083,0.61257,5,176977444,7,Healthcare,11.87,701696047,684967
2026-08-21,ZYME,2030-12-31,1.55333,2.21353,0.98231,1,442128571,3,Healthcare,28.67,2109365032,834370
2026-08-21,ZYME,2029-12-31,0.955,1.36089,0.60393,1,349876143,4,Healthcare,28.67,2109365032,834370
2026-08-21,ZYME,2028-12-31,0.072979,0.78363,-0.47855,5,239437533,6,Healthcare,28.67,2109365032,834370
2026-08-21,ZYME,2027-12-31,1.01055,46.4853,-43.45365,6,294669366,6,Healthcare,28.67,2109365032,834370
