snapshot_date,symbol,fy_date,epsAvg,epsHigh,epsLow,numAnalystsEps,revenueAvg,numAnalystsRevenue,sector,price,marketCap,volume
2026-08-28,A,2030-10-31,8.8151,9.00766,8.71272,2,9368006850,7,Healthcare,153.85,43452163200,2895419
2026-08-28,A,2029-10-31,8.08789,8.26456,7.99395,3,8892189775,7,Healthcare,153.85,43452163200,2895419
2026-08-28,A,2028-10-31,7.31278,7.97259,6.8556,7,8397368333,15,Healthcare,153.85,43452163200,2895419
2026-08-28,A,2027-10-31,6.60742,6.72683,6.43825,13,7894951660,15,Healthcare,153.85,43452163200,2895419
2026-08-28,AA,2030-12-31,0,0,0,1,13684000000,6,Basic Materials,50.32,13279900880,2413011
2026-08-28,AA,2029-12-31,8.15,9.02922,7.28141,1,14297545954,6,Basic Materials,50.32,13279900880,2413011
2026-08-28,AA,2028-12-31,6.44692,8.40856,4.97543,4,14278772598,8,Basic Materials,50.32,13279900880,2413011
2026-08-28,AA,2027-12-31,6.20057,9.78644,4.19419,8,15230053009,8,Basic Materials,50.32,13279900880,2413011
2026-08-28,AADX,2028-12-31,0.522,0.56,0.5,5,907084140,6,Industrials,13.3,2277160205,1785102
2026-08-28,AADX,2027-12-31,0.38,0.38701,0.37211,4,780320000,5,Industrials,13.3,2277160205,1785102
2026-08-28,AADX,2026-12-31,-0.61,-0.6,-0.62,3,680370000,5,Industrials,13.3,2277160205,1785102
2026-08-28,AADX,2025-12-31,0,0,0,1,522090000,1,Industrials,13.3,2277160205,1785102
2026-08-28,AAL,2030-12-31,3.2,3.30433,2.95746,4,77516000000,8,Industrials,13.64,9029270132,63394944
2026-08-28,AAL,2029-12-31,3.2635,3.3699,3.01615,2,71695063650,13,Industrials,13.64,9029270132,63394944
2026-08-28,AAL,2028-12-31,3.25548,4.22101,2.04557,7,69140258716,17,Industrials,13.64,9029270132,63394944
2026-08-28,AAL,2027-12-31,2.42448,4.09195,1.08437,14,66090580554,17,Industrials,13.64,9029270132,63394944
2026-08-28,AAOI,2028-12-31,10.67,12.58225,9.50106,1,5114750000,1,Technology,106.23,8524189138,5676317
2026-08-28,AAOI,2027-12-31,5.55167,6.16697,4.92239,3,2961229200,3,Technology,106.23,8524189138,5676317
2026-08-28,AAOI,2026-12-31,0.74,0.7962,0.67443,3,1048938000,4,Technology,106.23,8524189138,5676317
2026-08-28,AAOI,2025-12-31,-0.32563,-0.28493,-0.35005,4,452665557,4,Technology,106.23,8524189138,5676317
2026-08-28,AAON,2028-12-31,4.565,4.71442,4.38861,1,3034200000,2,Industrials,75.87,6214640679,734414
2026-08-28,AAON,2027-12-31,3.57,3.90017,3.03347,4,2671466667,4,Industrials,75.87,6214640679,734414
2026-08-28,AAON,2026-12-31,2.36167,2.49516,2.24872,4,2289316667,4,Industrials,75.87,6214640679,734414
2026-08-28,AAON,2025-12-31,1.40833,1.46869,1.35803,4,1390210000,3,Industrials,75.87,6214640679,734414
2026-08-28,AAP,2031-01-03,4.535,4.62261,4.45253,3,9466400000,9,Consumer Cyclical,42.9,2586870000,1313772
2026-08-28,AAP,2030-01-03,4.71,4.80099,4.62435,2,9221666667,9,Consumer Cyclical,42.9,2586870000,1313772
2026-08-28,AAP,2029-01-03,4.50867,5.27929,3.96704,6,8916670424,11,Consumer Cyclical,42.9,2586870000,1313772
2026-08-28,AAP,2028-01-03,3.93223,4.24885,3.51347,15,8730745822,18,Consumer Cyclical,42.9,2586870000,1313772
2026-08-28,AAPL,2030-09-27,12.8,14.00462,12.04031,9,693145000000,11,Technology,319.7,4695547713200,38500185
2026-08-28,AAPL,2029-09-27,12.34288,13.50448,11.61032,9,483092000000,18,Technology,319.7,4695547713200,38500185
2026-08-28,AAPL,2028-09-27,10.61799,11.45552,9.49342,20,558901943758,22,Technology,319.7,4695547713200,38500185
2026-08-28,AAPL,2027-09-27,9.52458,10.15488,9.01433,30,519424218390,29,Technology,319.7,4695547713200,38500185
2026-08-28,ABBV,2030-12-31,20.979,21.42547,20.3389,5,85164142036,9,Healthcare,255.48,451380229909,3222214
2026-08-28,ABBV,2029-12-31,19.7998,20.22117,19.19568,5,83476229726,10,Healthcare,255.48,451380229909,3222214
2026-08-28,ABBV,2028-12-31,17.92215,21.55189,15.48834,8,78865379329,18,Healthcare,255.48,451380229909,3222214
2026-08-28,ABBV,2027-12-31,16.32157,17.55377,15.35197,14,73407116214,16,Healthcare,255.48,451380229909,3222214
2026-08-28,ABCL,2030-12-31,-0.64,-0.25108,-1.05909,1,113278800,2,Healthcare,11.35,3466006250,5837003
2026-08-28,ABCL,2029-12-31,-0.76333,-0.29947,-1.26318,1,53755800,2,Healthcare,11.35,3466006250,5837003
2026-08-28,ABCL,2028-12-31,-0.85333,-0.73994,-0.92252,5,22528167,5,Healthcare,11.35,3466006250,5837003
2026-08-28,ABCL,2027-12-31,-0.715,-0.6435,-0.75969,4,24912714,6,Healthcare,11.35,3466006250,5837003
2026-08-28,ABNB,2030-12-31,10.66286,11.1493,10.09072,10,20719000000,12,Consumer Cyclical,189.43,112429286741,4827573
2026-08-28,ABNB,2029-12-31,8.95125,9.35961,8.47095,10,19276900413,12,Consumer Cyclical,189.43,112429286741,4827573
2026-08-28,ABNB,2028-12-31,7.37406,9.97315,5.96991,23,17427420450,25,Consumer Cyclical,189.43,112429286741,4827573
2026-08-28,ABNB,2027-12-31,6.20076,7.00418,5.51064,31,15751278008,33,Consumer Cyclical,189.43,112429286741,4827573
2026-08-28,ABT,2030-12-31,8.275,8.39869,7.9804,4,67245725000,10,Healthcare,112.47,194616217849,7520601
2026-08-28,ABT,2029-12-31,7.45278,7.56418,7.18745,4,62857912703,10,Healthcare,112.47,194616217849,7520601
2026-08-28,ABT,2028-12-31,6.72374,8.00603,4.46601,11,58480371010,20,Healthcare,112.47,194616217849,7520601
2026-08-28,ABT,2027-12-31,6.06515,6.18486,6.0053,17,54696093698,20,Healthcare,112.47,194616217849,7520601
2026-08-28,ABVX,2030-12-31,8.4051,24.6641,1.84526,1,1639737046,5,Healthcare,113.35,8323611847,926190
2026-08-28,ABVX,2029-12-31,6.52832,19.15684,1.43323,1,1248282622,5,Healthcare,113.35,8323611847,926190
2026-08-28,ABVX,2028-12-31,0.40632,1.90452,-0.35654,3,505876532,11,Healthcare,113.35,8323611847,926190
2026-08-28,ABVX,2027-12-31,-3.06355,-2.04841,-4.53187,4,105473974,10,Healthcare,113.35,8323611847,926190
2026-08-28,ACAD,2030-12-31,2.45256,2.66224,2.33225,11,1872956701,14,Healthcare,29.11,4984679960,1529771
2026-08-28,ACAD,2029-12-31,1.85594,2.01461,1.7649,7,1719233315,14,Healthcare,29.11,4984679960,1529771
2026-08-28,ACAD,2028-12-31,1.55005,3.00773,0.87683,14,1614904838,16,Healthcare,29.11,4984679960,1529771
2026-08-28,ACAD,2027-12-31,0.90895,1.75298,0.46375,13,1433157072,15,Healthcare,29.11,4984679960,1529771
2026-08-28,ACGL,2028-12-31,10.56871,11.38565,9.61478,5,16933508710,5,Financial Services,98.84,34533707600,3990822
2026-08-28,ACGL,2027-12-31,9.7907,10.30862,9.12338,12,16723068683,6,Financial Services,98.84,34533707600,3990822
2026-08-28,ACGL,2026-12-31,9.3927,9.74058,8.87585,12,16605556354,5,Financial Services,98.84,34533707600,3990822
2026-08-28,ACGL,2025-12-31,9.44434,9.72656,9.23267,14,17682605327,5,Financial Services,98.84,34533707600,3990822
2026-08-28,ACHC,2029-12-31,2.53,2.57475,2.5064,1,4178800000,6,Healthcare,28.55,2658012851,1225757
2026-08-28,ACHC,2028-12-31,2.13558,2.31097,1.91893,3,3815298176,8,Healthcare,28.55,2658012851,1225757
2026-08-28,ACHC,2027-12-31,1.82214,1.94498,1.66859,8,3628252422,10,Healthcare,28.55,2658012851,1225757
2026-08-28,ACHC,2026-12-31,1.52718,1.56659,1.45821,8,3428052728,10,Healthcare,28.55,2658012851,1225757
2026-08-28,ACI,2031-02-28,1.67,1.70778,1.64228,1,86966100000,3,Consumer Defensive,12.53,6081134780,5495982
2026-08-28,ACI,2030-02-28,1.68,1.718,1.65212,1,85260900000,4,Consumer Defensive,12.53,6081134780,5495982
2026-08-28,ACI,2029-02-28,1.86427,2.25972,1.46882,2,82952993246,8,Consumer Defensive,12.53,6081134780,5495982
2026-08-28,ACI,2028-02-28,1.86856,2.14834,1.65872,9,82326920275,12,Consumer Defensive,12.53,6081134780,5495982
2026-08-28,ACIW,2027-12-31,2.94,2.9542,2.92437,2,2049628749,3,Technology,53.83,5472442313,860796
2026-08-28,ACIW,2026-12-31,2.59,2.60251,2.57623,2,1905283750,3,Technology,53.83,5472442313,860796
2026-08-28,ACIW,2025-12-31,2.34167,2.35298,2.32922,3,1742943500,3,Technology,53.83,5472442313,860796
2026-08-28,ACIW,2024-12-31,1.56667,1.60058,1.53954,4,1593569833,3,Technology,53.83,5472442313,860796
2026-08-28,ACM,2028-09-30,7.28729,7.82521,6.74937,2,8427703500,1,Industrials,69.17,8889935910,7115484
2026-08-28,ACM,2027-09-30,6.17044,7.08836,4.13063,6,7968079851,2,Industrials,69.17,8889935910,7115484
2026-08-28,ACM,2026-09-30,3.97894,5.32894,3.50822,5,7431011868,2,Industrials,69.17,8889935910,7115484
2026-08-28,ACM,2025-09-30,5.24014,5.25014,5.23014,8,7551654667,3,Industrials,69.17,8889935910,7115484
2026-08-28,ACMR,2030-12-31,5.8,6.47677,5.26036,1,2574000000,2,Technology,74.42,4771637671,888127
2026-08-28,ACMR,2029-12-31,4.75,5.30425,4.30806,1,2167000000,2,Technology,74.42,4771637671,888127
2026-08-28,ACMR,2028-12-31,4.4188,5.68509,3.81643,4,1891988476,5,Technology,74.42,4771637671,888127
2026-08-28,ACMR,2027-12-31,3.23013,3.60703,2.9296,3,1514570804,6,Technology,74.42,4771637671,888127
2026-08-28,ACN,2030-08-31,18.92,19.53172,18.58735,9,97613000000,10,Technology,189.61,116030343287,4840291
2026-08-28,ACN,2029-08-31,17.345,17.9058,17.04004,5,85860000000,10,Technology,189.61,116030343287,4840291
2026-08-28,ACN,2028-08-31,15.7435,16.74845,14.69493,12,80640325219,21,Technology,189.61,116030343287,4840291
2026-08-28,ACN,2027-08-31,14.67502,14.97512,14.12483,18,76583513106,20,Technology,189.61,116030343287,4840291
2026-08-28,ADBE,2030-11-28,34.84,35.94067,33.90656,6,37329600000,9,Technology,291.52,115879200000,3639051
2026-08-28,ADBE,2029-11-28,32.28,33.29979,31.41515,6,34375400000,15,Technology,291.52,115879200000,3639051
2026-08-28,ADBE,2028-11-28,31.42182,36.20012,28.46742,10,31489310976,18,Technology,291.52,115879200000,3639051
2026-08-28,ADBE,2027-11-28,27.50879,28.59347,26.30359,23,28929396556,26,Technology,291.52,115879200000,3639051
2026-08-28,ADC,2030-12-31,2.23,2.34039,2.00192,1,880129323,2,Real Estate,73.2,8791529279,666403
2026-08-28,ADC,2029-12-31,2.3,2.41386,2.06476,1,1063567142,2,Real Estate,73.2,8791529279,666403
2026-08-28,ADC,2028-12-31,2.07162,2.34858,1.71148,3,1007566223,5,Real Estate,73.2,8791529279,666403
2026-08-28,ADC,2027-12-31,1.98036,2.00522,1.95964,5,921130601,8,Real Estate,73.2,8791529279,666403
2026-08-28,ADEA,2028-12-31,1.81,1.81889,1.80479,1,475000000,1,Technology,25.72,2836761680,933451
2026-08-28,ADEA,2027-12-31,1.61075,1.69969,1.51193,3,450814500,3,Technology,25.72,2836761680,933451
2026-08-28,ADEA,2026-12-31,1.42375,1.43074,1.41393,3,416036000,3,Technology,25.72,2836761680,933451
2026-08-28,ADEA,2025-12-31,1.44125,1.45067,1.42241,3,429195250,3,Technology,25.72,2836761680,933451
2026-08-28,ADI,2030-11-01,23.9,27.47141,22.31995,3,25087000000,9,Technology,361.78,176218334860,3325986
2026-08-28,ADI,2029-11-01,20.4898,23.55162,19.1352,3,21852675000,9,Technology,361.78,176218334860,3325986
2026-08-28,ADI,2028-11-01,19.39618,21.48076,16.27445,9,20445694581,19,Technology,361.78,176218334860,3325986
2026-08-28,ADI,2027-11-01,16.58035,17.27162,14.9335,20,18395551987,22,Technology,361.78,176218334860,3325986
2026-08-28,ADM,2030-12-31,4.64,5.6435,4.22228,1,85761000000,2,Consumer Defensive,81.54,39298773780,3593466
2026-08-28,ADM,2029-12-31,5.0143,6.09875,4.56288,1,84712996700,2,Consumer Defensive,81.54,39298773780,3593466
2026-08-28,ADM,2028-12-31,5.64843,6.87003,5.13992,1,96020559176,5,Consumer Defensive,81.54,39298773780,3593466
2026-08-28,ADM,2027-12-31,5.79398,6.44728,4.92649,6,91538387118,6,Consumer Defensive,81.54,39298773780,3593466
2026-08-28,ADNT,2030-09-30,8.5,8.66149,8.30747,1,16533099999,9,Consumer Cyclical,19.06,1494559156,852023
2026-08-28,ADNT,2029-09-30,6.65,6.77634,6.49937,1,16174100000,9,Consumer Cyclical,19.06,1494559156,852023
2026-08-28,ADNT,2028-09-30,3.8179,4.95239,2.30911,3,15559984558,10,Consumer Cyclical,19.06,1494559156,852023
2026-08-28,ADNT,2027-09-30,2.98502,3.27972,2.6618,7,15137522450,9,Consumer Cyclical,19.06,1494559156,852023
2026-08-28,ADP,2029-06-30,14.57465,14.9299,14.00049,4,25877178935,7,Technology,287.48,114915530320,1761135
2026-08-28,ADP,2028-06-30,13.38832,13.61812,13.14853,11,24535787225,12,Technology,287.48,114915530320,1761135
2026-08-28,ADP,2027-06-30,12.25774,12.33773,12.10777,11,23211014010,12,Technology,287.48,114915530320,1761135
2026-08-28,ADP,2026-06-30,11.07324,11.10322,11.04326,10,21910634900,12,Technology,287.48,114915530320,1761135
2026-08-28,ADPT,2030-12-31,0.05,0.05140243,0.04777199,1,676100000,2,Healthcare,25.19,4031508360,1508795
2026-08-28,ADPT,2029-12-31,0.23,0.23645,0.21975,1,544500000,2,Healthcare,25.19,4031508360,1508795
2026-08-28,ADPT,2028-12-31,0.016,0.1232,-0.15559,5,439046923,5,Healthcare,25.19,4031508360,1508795
2026-08-28,ADPT,2027-12-31,-0.17625,-0.12441,-0.21772,6,358478569,7,Healthcare,25.19,4031508360,1508795
2026-08-28,ADSK,2031-01-31,0,0,0,5,12075000000,9,Technology,260.66,55037121126,3420669
2026-08-28,ADSK,2030-01-31,17.84034,18.42645,17.32969,4,11319621123,9,Technology,260.66,55037121126,3420669
2026-08-28,ADSK,2029-01-31,16.25312,18.53818,14.81645,10,10028454984,18,Technology,260.66,55037121126,3420669
2026-08-28,ADSK,2028-01-31,14.1698,15.52978,13.43981,20,9051517541,26,Technology,260.66,55037121126,3420669
2026-08-28,ADUR,2027-05-31,-0.46313,-0.39296,-0.51927,3,339700,2,Industrials,14.17,479433448,587795
2026-08-28,ADUR,2026-05-31,-0.51634,-0.4484,-0.5707,3,176644,3,Industrials,14.17,479433448,587795
2026-08-28,ADUR,2025-05-31,-0.57632,0.02107262,-1.68623,1,200000,1,Industrials,14.17,479433448,587795
2026-08-28,AEBI,2028-12-31,0,0,0,1,2269854000,1,Industrials,12.35,957200644,548493
2026-08-28,AEBI,2027-12-31,1.22,1.29176,1.16874,2,2170600000,2,Industrials,12.35,957200644,548493
2026-08-28,AEBI,2026-12-31,0.7225,0.77486,0.67014,2,2058574999,3,Industrials,12.35,957200644,548493
2026-08-28,AEBI,2025-12-31,0.3194,0.46136,0.17744,2,1907000000,2,Industrials,12.35,957200644,548493
2026-08-28,AEE,2030-12-31,7.41143,7.9437,7.05887,1,11388931320,4,Utilities,106.12,29368922240,1094588
2026-08-28,AEE,2029-12-31,6.85,7.34195,6.52415,1,10795047600,4,Utilities,106.12,29368922240,1094588
2026-08-28,AEE,2028-12-31,6.31297,6.39323,6.25403,5,10214318713,9,Utilities,106.12,29368922240,1094588
2026-08-28,AEE,2027-12-31,5.8111,6.26726,5.60285,6,9598786089,9,Utilities,106.12,29368922240,1094588
2026-08-28,AEHR,2030-05-29,2.27,2.30998,2.23564,1,275550000,1,Technology,80.81,2636058565,2275499
2026-08-28,AEHR,2029-05-29,1.4,1.42466,1.37881,1,210257600,1,Technology,80.81,2636058565,2275499
2026-08-28,AEHR,2028-05-29,0.758,0.77135,0.74653,1,135168500,1,Technology,80.81,2636058565,2275499
2026-08-28,AEHR,2027-05-29,0.758,0.77135,0.74653,1,135168500,1,Technology,80.81,2636058565,2275499
2026-08-28,AEIS,2028-12-31,18.534,19.84302,16.59419,3,3527186214,5,Technology,272.82,10926550128,640612
2026-08-28,AEIS,2027-12-31,15.18973,18.11413,8.93388,9,3008817601,9,Technology,272.82,10926550128,640612
2026-08-28,AEIS,2026-12-31,11.24451,11.73787,9.3019,9,2424631962,9,Technology,272.82,10926550128,640612
2026-08-28,AEIS,2025-12-31,6.25435,6.3447,6.19412,7,1783253600,6,Technology,272.82,10926550128,640612
2026-08-28,AEM,2030-12-31,10.46196,13.41615,8.99407,2,11380310117,5,Basic Materials,206.25,104437753200,3685859
2026-08-28,AEM,2029-12-31,10.77618,13.8191,9.2642,3,12794441276,5,Basic Materials,206.25,104437753200,3685859
2026-08-28,AEM,2028-12-31,12.39717,17.78582,10.23569,6,15797609233,10,Basic Materials,206.25,104437753200,3685859
2026-08-28,AEM,2027-12-31,12.48435,14.18373,10.685,11,16222614380,10,Basic Materials,206.25,104437753200,3685859
2026-08-28,AEO,2029-01-31,2.26976,2.31199,2.23066,1,6242093768,5,Consumer Cyclical,16.87,2826956510,4746744
2026-08-28,AEO,2028-01-31,1.94582,2.10968,1.62834,4,5998835859,9,Consumer Cyclical,16.87,2826956510,4746744
2026-08-28,AEO,2027-01-31,1.75832,1.82825,1.68839,4,5803187496,9,Consumer Cyclical,16.87,2826956510,4746744
2026-08-28,AEO,2026-01-31,1.37974,1.40995,1.29917,5,5473966265,7,Consumer Cyclical,16.87,2826956510,4746744
2026-08-28,AEP,2030-12-31,9.15297,10.45713,8.12336,2,30691545300,7,Utilities,122.31,66585197070,2607614
2026-08-28,AEP,2029-12-31,8.36366,9.55536,7.42283,3,29050836766,10,Utilities,122.31,66585197070,2607614
2026-08-28,AEP,2028-12-31,7.59389,7.73415,7.51374,6,26704935049,15,Utilities,122.31,66585197070,2607614
2026-08-28,AEP,2027-12-31,6.8611,7.06113,6.78109,13,24824820213,12,Utilities,122.31,66585197070,2607614
2026-08-28,AER,2028-12-31,19.98449,20.42544,19.50471,1,8485233174,5,Industrials,147.49,23256960650,838387
2026-08-28,AER,2027-12-31,18.20919,19.21697,17.78434,5,8470485457,5,Industrials,147.49,23256960650,838387
2026-08-28,AER,2026-12-31,18.72001,19.69799,18.17669,6,8606470397,6,Industrials,147.49,23256960650,838387
2026-08-28,AER,2025-12-31,14.75593,15.03528,14.16729,7,8391694038,5,Industrials,147.49,23256960650,838387
2026-08-28,AES,2028-12-31,2.60726,2.84759,2.36424,3,13905309913,5,Utilities,14.73,10504817340,5672730
2026-08-28,AES,2027-12-31,2.42044,2.57428,2.15378,6,13500153398,5,Utilities,14.73,10504817340,5672730
2026-08-28,AES,2026-12-31,2.28888,2.41996,2.0368,2,12818493604,1,Utilities,14.73,10504817340,5672730
2026-08-28,AES,2025-12-31,2.1349,2.28739,1.82991,10,12056131867,4,Utilities,14.73,10504817340,5672730
2026-08-28,AESI,2028-12-31,0.52131,1.17628,-0.46823,5,1534092809,6,Energy,12.85,1605036754,1477087
2026-08-28,AESI,2027-12-31,-0.12859,0.08798263,-0.40607,5,1286125391,7,Energy,12.85,1605036754,1477087
2026-08-28,AESI,2026-12-31,-0.918,-0.85175,-1.00318,5,1112652179,6,Energy,12.85,1605036754,1477087
2026-08-28,AESI,2025-12-31,-0.44787,-0.39698,-0.47841,3,1086262009,6,Energy,12.85,1605036754,1477087
2026-08-28,AEVA,2030-12-31,1.03,1.21352,0.87411,1,814722000,2,Technology,15.63,1055575176,1425185
2026-08-28,AEVA,2029-12-31,-0.105,-0.08910866,-0.12371,1,522611500,1,Technology,15.63,1055575176,1425185
2026-08-28,AEVA,2028-12-31,-1.01833,-0.99449,-1.04217,2,209084667,3,Technology,15.63,1055575176,1425185
2026-08-28,AEVA,2027-12-31,-1.585,-1.40358,-1.76642,3,70353384,3,Technology,15.63,1055575176,1425185
2026-08-28,AFL,2029-12-31,8.12749,8.38717,7.89223,1,17439276830,2,Financial Services,116.52,59306932200,2720212
2026-08-28,AFL,2028-12-31,7.85077,8.03783,7.64844,5,16772781568,4,Financial Services,116.52,59306932200,2720212
2026-08-28,AFL,2027-12-31,7.54662,8.38513,7.25067,9,16649892636,4,Financial Services,116.52,59306932200,2720212
2026-08-28,AFL,2026-12-31,7.01157,7.22072,6.87214,10,16688964876,4,Financial Services,116.52,59306932200,2720212
2026-08-28,AFRM,2030-06-30,4.1074,4.48643,3.74644,7,17001920630,6,Financial Services,77.76,26041711715,29014196
2026-08-28,AFRM,2029-06-30,3.7785,4.10738,3.37085,11,8243324721,12,Financial Services,77.76,26041711715,29014196
2026-08-28,AFRM,2028-06-30,2.58022,3.45534,1.82872,22,6594742236,23,Financial Services,77.76,26041711715,29014196
2026-08-28,AFRM,2027-06-30,1.78942,2.29625,1.40671,16,5288353005,25,Financial Services,77.76,26041711715,29014196
2026-08-28,AG,2030-12-31,0.7,0.73434,0.65176,1,1639291400,1,Basic Materials,20.76,10235261280,14940675
2026-08-28,AG,2029-12-31,0.78,0.81826,0.72625,1,1579503000,1,Basic Materials,20.76,10235261280,14940675
2026-08-28,AG,2028-12-31,1.0125,1.06216,0.94273,1,1995367867,2,Basic Materials,20.76,10235261280,14940675
2026-08-28,AG,2027-12-31,0.996,1.00707,0.98493,2,1828073767,2,Basic Materials,20.76,10235261280,14940675
2026-08-28,AGCO,2029-12-31,8.89946,9.21944,8.56148,2,11359707277,4,Industrials,113.39,7940897978,1124130
2026-08-28,AGCO,2028-12-31,9.68001,13.19213,8.25981,7,11356053776,9,Industrials,113.39,7940897978,1124130
2026-08-28,AGCO,2027-12-31,7.32189,9.23323,6.56716,11,10731462244,12,Industrials,113.39,7940897978,1124130
2026-08-28,AGCO,2026-12-31,5.65406,6.01819,5.38097,11,10198303522,11,Industrials,113.39,7940897978,1124130
2026-08-28,AGI,2030-12-31,4.33333,5.64233,3.6217,1,4226000000,5,Basic Materials,36.75,15433713750,4474950
2026-08-28,AGI,2029-12-31,3.92179,5.10647,3.27774,1,4068766667,3,Basic Materials,36.75,15433713750,4474950
2026-08-28,AGI,2028-12-31,3.69532,4.65774,3.11424,3,3576186680,7,Basic Materials,36.75,15433713750,4474950
2026-08-28,AGI,2027-12-31,2.82735,3.15562,2.53085,7,3055970580,6,Basic Materials,36.75,15433713750,4474950
2026-08-28,AGIO,2030-12-31,1.32778,1.71402,0.8823,5,811808200,6,Healthcare,33.32,1989266675,519739
2026-08-28,AGIO,2029-12-31,-0.39176,-0.26032,-0.50572,5,653129400,6,Healthcare,33.32,1989266675,519739
2026-08-28,AGIO,2028-12-31,-1.71617,0.48991,-3.52936,8,518761632,8,Healthcare,33.32,1989266675,519739
2026-08-28,AGIO,2027-12-31,-3.68839,-2.26313,-5.32096,8,351509070,7,Healthcare,33.32,1989266675,519739
2026-08-28,AGNC,2028-12-31,1.45459,1.82974,1.05888,1,2069040830,1,Real Estate,10.9,12512437000,20289351
2026-08-28,AGNC,2027-12-31,1.50079,1.55049,1.47097,9,4410300000,5,Real Estate,10.9,12512437000,20289351
2026-08-28,AGNC,2026-12-31,1.57803,1.58789,1.56817,8,4193760000,4,Real Estate,10.9,12512437000,20289351
2026-08-28,AGNC,2025-12-31,1.53067,1.54067,1.52067,9,3519760000,4,Real Estate,10.9,12512437000,20289351
2026-08-28,AGRO,2028-12-31,1.15158,1.58182,0.76283,4,2195556999,5,Consumer Defensive,10.74,6059146083,569507
2026-08-28,AGRO,2027-12-31,1.19225,1.38386,1.04322,3,2212782671,5,Consumer Defensive,10.74,6059146083,569507
2026-08-28,AGRO,2026-12-31,1.69314,1.87199,1.50236,1,2225748374,2,Consumer Defensive,10.74,6059146083,569507
2026-08-28,AGRO,2025-12-31,0.26661,0.3878,0.13331,2,1361120905,3,Consumer Defensive,10.74,6059146083,569507
2026-08-28,AHR,2030-12-31,0,0,0,1,4639928802,2,Real Estate,55.53,11479289763,1341453
2026-08-28,AHR,2029-12-31,1.11,1.23187,1.00865,1,3877386348,1,Real Estate,55.53,11479289763,1341453
2026-08-28,AHR,2028-12-31,0.87463,0.92,0.82389,3,3359238954,3,Real Estate,55.53,11479289763,1341453
2026-08-28,AHR,2027-12-31,0.78496,0.80694,0.76926,3,3082052980,5,Real Estate,55.53,11479289763,1341453
2026-08-28,AI,2030-04-30,0.4,0.43188,0.36798,2,1680700000,2,Technology,10.53,1600022970,6484161
2026-08-28,AI,2029-04-30,-0.39333,-0.36185,-0.42468,4,269767782,3,Technology,10.53,1600022970,6484161
2026-08-28,AI,2028-04-30,-0.45083,-0.27951,-0.53198,7,246859906,10,Technology,10.53,1600022970,6484161
2026-08-28,AI,2027-04-30,-0.7871,-0.7487,-0.83509,9,224276149,12,Technology,10.53,1600022970,6484161
2026-08-28,AIG,2028-12-31,9.46543,10.10441,8.21657,5,32809261132,4,Financial Services,76.93,40788747580,1975069
2026-08-28,AIG,2027-12-31,8.79997,9.23391,8.1541,13,31412468836,5,Financial Services,76.93,40788747580,1975069
2026-08-28,AIG,2026-12-31,8.03789,8.36863,7.61695,12,28873691639,5,Financial Services,76.93,40788747580,1975069
2026-08-28,AIG,2025-12-31,7.04004,7.10021,6.9197,14,27208911187,4,Financial Services,76.93,40788747580,1975069
2026-08-28,AIP,2028-12-31,0.57,0.60119,0.53026,4,149708500,4,Technology,22.01,1016245324,757840
2026-08-28,AIP,2027-12-31,0.12333,0.23124,-0.04624875,4,117123000,5,Technology,22.01,1016245324,757840
2026-08-28,AIP,2026-12-31,-0.175,-0.14,-0.21,4,96723167,5,Technology,22.01,1016245324,757840
2026-08-28,AIP,2025-12-31,-0.3525,-0.32792,-0.37179,2,68968075,2,Technology,22.01,1016245324,757840
2026-08-28,AIT,2030-06-30,15.24,15.38221,15.03382,1,6005000000,1,Industrials,322.22,11909090090,509989
2026-08-28,AIT,2029-06-30,12.9182,13.03874,12.74343,1,5784000000,2,Industrials,322.22,11909090090,509989
2026-08-28,AIT,2028-06-30,13.22714,13.43805,12.81536,6,5565399707,5,Industrials,322.22,11909090090,509989
2026-08-28,AIT,2027-06-30,12.0325,12.21374,11.77071,7,5258341364,6,Industrials,322.22,11909090090,509989
2026-08-28,AJG,2028-12-31,16.83437,19.33119,14.08165,4,19759230041,5,Financial Services,267.56,68736163732,1151306
2026-08-28,AJG,2027-12-31,14.92264,15.53398,14.45161,13,18148575747,6,Financial Services,267.56,68736163732,1151306
2026-08-28,AJG,2026-12-31,13.24533,13.92407,12.89598,13,16680380443,6,Financial Services,267.56,68736163732,1151306
2026-08-28,AJG,2025-12-31,10.69114,10.74129,10.63096,15,13849451036,5,Financial Services,267.56,68736163732,1151306
2026-08-28,AKAM,2030-12-31,11.575,11.80355,11.19413,2,7050022000,6,Technology,107.47,15624574419,2582605
2026-08-28,AKAM,2029-12-31,9.985,10.18216,9.65645,3,6323554000,10,Technology,107.47,15624574419,2582605
2026-08-28,AKAM,2028-12-31,8.1258,11.86731,4.71433,6,5615231392,12,Technology,107.47,15624574419,2582605
2026-08-28,AKAM,2027-12-31,7.13238,8.03016,6.65356,16,5066759104,18,Technology,107.47,15624574419,2582605
2026-08-28,AKR,2030-12-31,0.15,0.15903,0.13411,1,618000000,1,Real Estate,20.72,2845475445,715278
2026-08-28,AKR,2029-12-31,0.285,0.30216,0.25481,1,564331000,1,Real Estate,20.72,2845475445,715278
2026-08-28,AKR,2028-12-31,0.31,0.33,0.29,2,512255000,2,Real Estate,20.72,2845475445,715278
2026-08-28,AKR,2027-12-31,0.32247,0.32974,0.31762,3,431294431,4,Real Estate,20.72,2845475445,715278
2026-08-28,ALAB,2030-12-31,8.65,10.54383,6.90911,5,4054000000,15,Technology,289.47,49617456102,2618162
2026-08-28,ALAB,2029-12-31,14.19262,17.29995,11.33623,9,6219829810,9,Technology,289.47,49617456102,2618162
2026-08-28,ALAB,2028-12-31,8.25937,11.04416,6.05788,12,3993550197,19,Technology,289.47,49617456102,2618162
2026-08-28,ALAB,2027-12-31,6.48739,7.2892,6.07086,15,3078571443,18,Technology,289.47,49617456102,2618162
2026-08-28,ALB,2030-12-31,13.85,16.40124,11.83047,1,7397000000,12,Basic Materials,137.36,16199503661,1445917
2026-08-28,ALB,2029-12-31,10.83538,12.83131,9.25543,1,6262932475,8,Basic Materials,137.36,16199503661,1445917
2026-08-28,ALB,2028-12-31,11.10075,15.73966,6.16357,3,6445717513,14,Basic Materials,137.36,16199503661,1445917
2026-08-28,ALB,2027-12-31,10.06036,13.45179,6.76533,10,6295340234,14,Basic Materials,137.36,16199503661,1445917
2026-08-28,ALC,2030-12-31,5.69596,5.83268,5.56346,6,14207535026,9,Healthcare,72.01,35119277000,1177000
2026-08-28,ALC,2029-12-31,5.19588,5.3206,5.07501,9,13336572002,10,Healthcare,72.01,35119277000,1177000
2026-08-28,ALC,2028-12-31,4.52239,5.51994,3.06216,15,12558984274,18,Healthcare,72.01,35119277000,1177000
2026-08-28,ALC,2027-12-31,4.00187,4.155,3.86915,16,11842081729,17,Healthcare,72.01,35119277000,1177000
2026-08-28,ALGM,2030-03-27,2.36,2.4854,2.25749,1,1718000000,4,Technology,35.77,6664272930,2145605
2026-08-28,ALGM,2029-03-27,2.08622,2.64173,1.59313,4,1509516636,6,Technology,35.77,6664272930,2145605
2026-08-28,ALGM,2028-03-27,1.50016,1.62598,1.37434,7,1287751986,7,Technology,35.77,6664272930,2145605
2026-08-28,ALGM,2027-03-27,1.02772,1.08759,0.96785,7,1097811437,8,Technology,35.77,6664272930,2145605
2026-08-28,ALGN,2029-12-31,15.345,15.65931,15.10031,1,4851500000,10,Healthcare,157.58,11285584453,954628
2026-08-28,ALGN,2028-12-31,13.80314,15.40421,12.45274,5,4559331070,12,Healthcare,157.58,11285584453,954628
2026-08-28,ALGN,2027-12-31,12.53909,12.85031,12.21783,10,4333621415,12,Healthcare,157.58,11285584453,954628
2026-08-28,ALGN,2026-12-31,11.29149,11.68085,11.11178,10,4166216741,12,Healthcare,157.58,11285584453,954628
2026-08-28,ALH,2028-12-31,1.65918,1.66591,1.6535,2,2053994764,1,Industrials,23.23,4613679172,964826
2026-08-28,ALH,2027-12-31,1.48524,1.52593,1.44455,4,1935541928,4,Industrials,23.23,4613679172,964826
2026-08-28,ALH,2026-12-31,1.34671,1.36696,1.30621,4,1822726246,4,Industrials,23.23,4613679172,964826
2026-08-28,ALH,2025-12-31,0.93592,1.03877,0.87421,5,1692521435,5,Industrials,23.23,4613679172,964826
2026-08-28,ALHC,2030-12-31,1.71333,1.77441,1.65575,5,13129682000,5,Healthcare,13.62,2825264700,3085751
2026-08-28,ALHC,2029-12-31,1.28,1.32563,1.23698,5,10427572000,5,Healthcare,13.62,2825264700,3085751
2026-08-28,ALHC,2028-12-31,0.75045,0.89327,0.55966,8,8070018436,10,Healthcare,13.62,2825264700,3085751
2026-08-28,ALHC,2027-12-31,0.43187,0.54235,0.34148,6,6500628113,9,Healthcare,13.62,2825264700,3085751
2026-08-28,ALK,2030-12-31,13.46,13.98848,12.99605,1,20361000000,6,Industrials,42.32,4715675280,2123443
2026-08-28,ALK,2029-12-31,11.66,12.11781,11.2581,1,19203000000,6,Industrials,42.32,4715675280,2123443
2026-08-28,ALK,2028-12-31,8.47493,10.31731,6.63255,2,17926585246,8,Industrials,42.32,4715675280,2123443
2026-08-28,ALK,2027-12-31,5.61638,7.54439,4.39251,9,16948792135,10,Industrials,42.32,4715675280,2123443
2026-08-28,ALKS,2030-12-31,3.24004,3.6183,2.99333,4,2659048921,12,Healthcare,47.41,7953643830,1429186
2026-08-28,ALKS,2029-12-31,2.15363,2.40505,1.98964,4,2377477404,8,Healthcare,47.41,7953643830,1429186
2026-08-28,ALKS,2028-12-31,1.16071,2.79173,-0.1966,11,2099688976,14,Healthcare,47.41,7953643830,1429186
2026-08-28,ALKS,2027-12-31,0.64898,3.78572,-2.32551,8,1936474951,13,Healthcare,47.41,7953643830,1429186
2026-08-28,ALKT,2028-12-31,1.35917,1.37853,1.34505,2,707959532,3,Technology,20.22,2162367240,787065
2026-08-28,ALKT,2027-12-31,1.08776,1.10325,1.0787,4,618178143,5,Technology,20.22,2162367240,787065
2026-08-28,ALKT,2026-12-31,0.78697,0.79623,0.76845,4,529891491,5,Technology,20.22,2162367240,787065
2026-08-28,ALKT,2025-12-31,0.52124,0.52866,0.51582,5,442991711,6,Technology,20.22,2162367240,787065
2026-08-28,ALL,2028-12-31,26.21793,28.81542,23.73924,4,64239189708,8,Financial Services,260.58,67078764180,968018
2026-08-28,ALL,2027-12-31,27.36454,33.36415,23.87962,13,62202778123,7,Financial Services,260.58,67078764180,968018
2026-08-28,ALL,2026-12-31,34.93202,39.79918,25.64385,13,60964053262,7,Financial Services,260.58,67078764180,968018
2026-08-28,ALL,2025-12-31,30.46004,32.37647,25.89712,16,58980205168,5,Financial Services,260.58,67078764180,968018
2026-08-28,ALLE,2029-12-31,12.54973,12.81352,12.28358,1,5166498875,3,Industrials,157.48,13391595264,1201998
2026-08-28,ALLE,2028-12-31,10.68417,11.1038,10.0552,5,4851570334,7,Industrials,157.48,13391595264,1201998
2026-08-28,ALLE,2027-12-31,9.78361,9.98701,9.45817,8,4633775652,9,Industrials,157.48,13391595264,1201998
2026-08-28,ALLE,2026-12-31,8.95009,8.99022,8.88989,8,4413648395,9,Industrials,157.48,13391595264,1201998
2026-08-28,ALLY,2028-12-31,7.13799,7.7697,5.68625,6,9991742853,10,Financial Services,42.18,12831156000,2235264
2026-08-28,ALLY,2027-12-31,6.41269,6.55385,6.19087,11,9664291621,12,Financial Services,42.18,12831156000,2235264
2026-08-28,ALLY,2026-12-31,5.22797,5.48987,5.00636,11,9089660314,12,Financial Services,42.18,12831156000,2235264
2026-08-28,ALLY,2025-12-31,3.74389,3.90406,3.64379,13,7934441982,11,Financial Services,42.18,12831156000,2235264
2026-08-28,ALM,2030-12-31,2.348,3.77387,1.30688,1,1295396739,3,Basic Materials,18.04,5118705680,3608433
2026-08-28,ALM,2029-12-31,2.41943,3.88868,1.34664,1,1316820379,4,Basic Materials,18.04,5118705680,3608433
2026-08-28,ALM,2028-12-31,2.03801,2.60032,1.5864,4,1104179882,6,Basic Materials,18.04,5118705680,3608433
2026-08-28,ALM,2027-12-31,1.43934,2.89725,0.77074,4,760189061,7,Basic Materials,18.04,5118705680,3608433
2026-08-28,ALMS,2030-12-31,2.1454,4.54719,0.66251,4,937420083,5,Healthcare,22.38,2762409771,655022
2026-08-28,ALMS,2029-12-31,-0.57918,-0.17885,-1.22758,2,433558083,3,Healthcare,22.38,2762409771,655022
2026-08-28,ALMS,2028-12-31,-2.00057,-0.94027,-2.7908,7,168071075,7,Healthcare,22.38,2762409771,655022
2026-08-28,ALMS,2027-12-31,-2.79867,-2.58187,-3.02532,6,27038734,8,Healthcare,22.38,2762409771,655022
2026-08-28,ALNY,2030-12-31,16.17658,18.69321,14.09184,7,10580576923,11,Healthcare,237.1,31726113900,1835489
2026-08-28,ALNY,2029-12-31,13.59339,15.70815,11.84156,12,9357039536,14,Healthcare,237.1,31726113900,1835489
2026-08-28,ALNY,2028-12-31,11.82997,17.66414,-2.06814,17,8311945503,22,Healthcare,237.1,31726113900,1835489
2026-08-28,ALNY,2027-12-31,9.56349,10.85649,6.80403,15,6942852231,20,Healthcare,237.1,31726113900,1835489
2026-08-28,ALOY,2030-12-31,2.3,2.82121,1.77879,1,674381500,1,Basic Materials,10.4,709602795,2030978
2026-08-28,ALOY,2029-12-31,0.345,0.42318,0.26682,1,190202000,1,Basic Materials,10.4,709602795,2030978
2026-08-28,ALOY,2028-12-31,0.053333,0.06541905,0.04124695,1,99743333,1,Basic Materials,10.4,709602795,2030978
2026-08-28,ALOY,2027-12-31,-0.16333,-0.01166643,-0.31499,1,32843667,1,Basic Materials,10.4,709602795,2030978
2026-08-28,AM,2030-12-31,2.01,2.1022,1.90404,1,1751970898,2,Energy,22.29,10580483460,1317201
2026-08-28,AM,2029-12-31,1.75,1.83027,1.65774,1,1639960610,2,Energy,22.29,10580483460,1317201
2026-08-28,AM,2028-12-31,1.47366,1.56,1.34,5,1551772676,5,Energy,22.29,10580483460,1317201
2026-08-28,AM,2027-12-31,1.3023,1.47526,1.19038,4,1458154145,5,Energy,22.29,10580483460,1317201
2026-08-28,AMAT,2029-10-26,24.0839,26.57796,21.42325,6,56488560100,11,Technology,461.67,366547051530,6506714
2026-08-28,AMAT,2028-10-26,24.41318,30.57115,19.84874,15,56797371351,22,Technology,461.67,366547051530,6506714
2026-08-28,AMAT,2027-10-26,18.6732,19.79339,17.23443,23,46742059535,26,Technology,461.67,366547051530,6506714
2026-08-28,AMAT,2026-10-26,12.81478,13.04631,12.37185,20,34347276998,26,Technology,461.67,366547051530,6506714
2026-08-28,AMBA,2031-01-31,4.35,4.66275,4.19304,1,940000000,1,Technology,70.63,3098409907,1328477
2026-08-28,AMBA,2030-01-31,2.75,2.94771,2.65077,1,740000000,1,Technology,70.63,3098409907,1328477
2026-08-28,AMBA,2029-01-31,1.46113,1.56618,1.40841,1,593273597,3,Technology,70.63,3098409907,1328477
2026-08-28,AMBA,2028-01-31,1.07849,1.23404,0.86072,7,498273053,9,Technology,70.63,3098409907,1328477
2026-08-28,AMCR,2029-06-30,4.67227,4.70579,4.63875,2,24362267652,4,Consumer Cyclical,46.67,21577673352,2884665
2026-08-28,AMCR,2028-06-30,4.64071,5.20123,4.33177,6,24216144196,14,Consumer Cyclical,46.67,21577673352,2884665
2026-08-28,AMCR,2027-06-30,4.45767,4.56015,4.35519,7,23973810229,15,Consumer Cyclical,46.67,21577673352,2884665
2026-08-28,AMCR,2026-06-30,3.98071,4.24367,3.78871,5,23112038527,14,Consumer Cyclical,46.67,21577673352,2884665
2026-08-28,AMD,2030-12-27,42.5425,55.15739,29.93112,9,237778750000,34,Technology,465.58,759174748000,15283714
2026-08-28,AMD,2029-12-27,29.412,38.13338,20.69305,17,160429600000,18,Technology,465.58,759174748000,15283714
2026-08-28,AMD,2028-12-27,22.55983,31.50875,14.2367,21,121950106883,36,Technology,465.58,759174748000,15283714
2026-08-28,AMD,2027-12-27,15.71053,19.14453,10.30199,31,88725155455,39,Technology,465.58,759174748000,15283714
2026-08-28,AME,2030-12-31,10.27408,10.55952,9.94966,1,9891849115,5,Industrials,236.25,54149208750,1746053
2026-08-28,AME,2029-12-31,9.87877,10.15322,9.56683,1,9538098529,3,Industrials,236.25,54149208750,1746053
2026-08-28,AME,2028-12-31,9.94377,10.32272,9.54107,4,9281006625,7,Industrials,236.25,54149208750,1746053
2026-08-28,AME,2027-12-31,9.12957,9.79611,8.8266,11,8715669585,12,Industrials,236.25,54149208750,1746053
2026-08-28,AMGN,2030-12-31,29.02624,31.23655,27.71856,4,44725662606,13,Healthcare,432.42,233380533360,1731466
2026-08-28,AMGN,2029-12-31,27.29397,29.37237,26.06433,4,43043471800,13,Healthcare,432.42,233380533360,1731466
2026-08-28,AMGN,2028-12-31,25.69152,29.12626,21.59941,11,41592810026,27,Healthcare,432.42,233380533360,1731466
2026-08-28,AMGN,2027-12-31,24.41574,25.71082,22.65885,19,40291689654,24,Healthcare,432.42,233380533360,1731466
2026-08-28,AMH,2029-12-31,0.86,0.87784,0.84466,1,2084417822,2,Real Estate,33.54,12046897200,1124539
2026-08-28,AMH,2028-12-31,0.70169,0.7639,0.63533,5,2069958228,5,Real Estate,33.54,12046897200,1124539
2026-08-28,AMH,2027-12-31,0.79128,0.79908,0.77959,6,1970267119,9,Real Estate,33.54,12046897200,1124539
2026-08-28,AMH,2026-12-31,1.05337,1.06417,1.04257,6,1905797140,9,Real Estate,33.54,12046897200,1124539
2026-08-28,AMKR,2030-12-31,0,0,0,4,11722100000,5,Technology,47.88,11895881760,4874836
2026-08-28,AMKR,2029-12-31,3.64,3.84602,3.47869,2,10545000000,5,Technology,47.88,11895881760,4874836
2026-08-28,AMKR,2028-12-31,3.33466,4.53094,2.48147,7,9508249758,10,Technology,47.88,11895881760,4874836
2026-08-28,AMKR,2027-12-31,2.74742,3.49214,2.3348,6,8614409252,7,Technology,47.88,11895881760,4874836
2026-08-28,AMLX,2030-12-31,4.16412,9.32186,0.44411,2,895009033,5,Healthcare,34.74,3862612757,1361345
2026-08-28,AMLX,2029-12-31,2.2184,4.96614,0.2366,3,560702583,3,Healthcare,34.74,3862612757,1361345
2026-08-28,AMLX,2028-12-31,-0.2707,0.18949,-0.96098,6,206561574,7,Healthcare,34.74,3862612757,1361345
2026-08-28,AMLX,2027-12-31,-1.19948,-1.02813,-1.39654,7,56197107,7,Healthcare,34.74,3862612757,1361345
2026-08-28,AMPL,2030-12-31,0,0,0,0,698000000,2,Technology,14.3,1900025241,2233519
2026-08-28,AMPL,2029-12-31,0.41,0.42119,0.39688,1,632200000,2,Technology,14.3,1900025241,2233519
2026-08-28,AMPL,2028-12-31,0.26799,0.27531,0.25941,1,568357788,4,Technology,14.3,1900025241,2233519
2026-08-28,AMPL,2027-12-31,0.16591,0.20495,0.11711,7,477152042,9,Technology,14.3,1900025241,2233519
2026-08-28,AMRC,2030-12-31,4.07,4.33165,3.85776,1,3256400000,5,Industrials,21.99,1166836393,618431
2026-08-28,AMRC,2029-12-31,2.97,3.16093,2.81512,1,2927333333,3,Industrials,21.99,1166836393,618431
2026-08-28,AMRC,2028-12-31,2.49093,2.74404,2.27982,5,2716601476,7,Industrials,21.99,1166836393,618431
2026-08-28,AMRC,2027-12-31,1.70359,1.91391,1.2514,9,2312545132,9,Industrials,21.99,1166836393,618431
2026-08-28,AMRX,2028-12-31,1.44185,1.46884,1.41942,1,3730762285,4,Healthcare,17.54,5601065740,1151739
2026-08-28,AMRX,2027-12-31,1.18263,1.28037,1.08489,2,3387738340,3,Healthcare,17.54,5601065740,1151739
2026-08-28,AMRX,2026-12-31,1.00522,1.01508,0.99536,2,3143570412,3,Healthcare,17.54,5601065740,1151739
2026-08-28,AMRX,2025-12-31,0.79997,0.82022,0.78984,4,3011925000,3,Healthcare,17.54,5601065740,1151739
2026-08-28,AMRZ,2030-12-31,3.66,3.81037,3.56297,4,14776500000,9,Basic Materials,44.67,24726479922,2566662
2026-08-28,AMRZ,2029-12-31,3.55874,3.70495,3.46439,2,14300857231,10,Basic Materials,44.67,24726479922,2566662
2026-08-28,AMRZ,2028-12-31,3.41205,3.84837,2.64269,7,14019650054,18,Basic Materials,44.67,24726479922,2566662
2026-08-28,AMRZ,2027-12-31,2.97956,3.26333,2.5235,10,13231076022,17,Basic Materials,44.67,24726479922,2566662
2026-08-28,AMSC,2031-03-31,2.37,2.40971,2.33984,1,652000000,1,Industrials,28.49,1380690927,665003
2026-08-28,AMSC,2030-03-31,2.02,2.05384,1.9943,1,572400000,1,Industrials,28.49,1380690927,665003
2026-08-28,AMSC,2029-03-31,1.45333,1.47768,1.43484,1,480366667,2,Industrials,28.49,1380690927,665003
2026-08-28,AMSC,2028-03-31,1.288,1.29754,1.26892,3,421840000,3,Industrials,28.49,1380690927,665003
2026-08-28,AMT,2030-12-31,9.44,9.62874,9.10993,5,13299355667,12,Real Estate,176.23,82116130800,1597071
2026-08-28,AMT,2029-12-31,8.7493,8.92423,8.44338,9,12776446750,8,Real Estate,176.23,82116130800,1597071
2026-08-28,AMT,2028-12-31,7.75153,8.71819,6.43652,12,12056865349,14,Real Estate,176.23,82116130800,1597071
2026-08-28,AMT,2027-12-31,7.02153,7.15413,6.87085,10,11379811765,14,Real Estate,176.23,82116130800,1597071
2026-08-28,AMTM,2030-10-03,3.35,3.45365,3.30806,1,15878000000,5,Industrials,20.31,4957474887,1229676
2026-08-28,AMTM,2029-10-03,3.1,3.19592,3.06119,1,15250000000,5,Industrials,20.31,4957474887,1229676
2026-08-28,AMTM,2028-10-03,2.95128,3.37819,2.46336,4,14485931038,10,Industrials,20.31,4957474887,1229676
2026-08-28,AMTM,2027-10-03,2.63993,2.83548,2.50304,6,14052034300,8,Industrials,20.31,4957474887,1229676
2026-08-28,AMX,2030-12-31,39.81712,40.6136,37.65131,1,1098540979362,4,Communication Services,23.18,69563759129,1607041
2026-08-28,AMX,2029-12-31,51.01993,52.0405,48.24476,1,1111720338743,4,Communication Services,23.18,69563759129,1607041
2026-08-28,AMX,2028-12-31,44.16763,45.05113,41.76518,2,1093411090194,3,Communication Services,23.18,69563759129,1607041
2026-08-28,AMX,2027-12-31,38.26337,43.18295,34.43704,5,1049433009062,9,Communication Services,23.18,69563759129,1607041
2026-08-28,AMZN,2030-12-31,19.36057,21.10337,18.48158,13,1362642866451,19,Consumer Cyclical,266.43,2866014153000,49322804
2026-08-28,AMZN,2029-12-31,15.90663,17.33851,15.18446,16,1219887325995,37,Consumer Cyclical,266.43,2866014153000,49322804
2026-08-28,AMZN,2028-12-31,13.88615,23.53038,10.19294,29,1101541412806,39,Consumer Cyclical,266.43,2866014153000,49322804
2026-08-28,AMZN,2027-12-31,10.61243,11.84737,8.76504,41,949434357999,46,Consumer Cyclical,266.43,2866014153000,49322804
2026-08-28,ANET,2029-12-31,8.00762,8.67819,7.01241,4,24299237830,10,Technology,195.38,246016524796,3061286
2026-08-28,ANET,2028-12-31,6.40212,6.98781,5.72979,10,20413220404,20,Technology,195.38,246016524796,3061286
2026-08-28,ANET,2027-12-31,5.22514,5.76024,4.55364,17,16476279747,20,Technology,195.38,246016524796,3061286
2026-08-28,ANET,2026-12-31,4.10661,4.28958,3.67969,16,12671326038,19,Technology,195.38,246016524796,3061286
2026-08-28,ANF,2029-01-31,13.82891,14.07023,13.56127,1,5970817134,5,Consumer Cyclical,148.42,6594554398,2330290
2026-08-28,ANF,2028-01-31,12.67374,13.10243,11.68446,6,5767818838,9,Consumer Cyclical,148.42,6594554398,2330290
2026-08-28,ANF,2027-01-31,12.60128,13.173,12.29792,4,5527804765,6,Consumer Cyclical,148.42,6594554398,2330290
2026-08-28,ANF,2026-01-31,9.84107,9.86117,9.81091,5,5264804460,7,Consumer Cyclical,148.42,6594554398,2330290
2026-08-28,AON,2029-12-31,24.7873,25.18093,24.25071,3,20705467100,11,Financial Services,355.4,75389379244,669113
2026-08-28,AON,2028-12-31,23.83666,25.54698,21.98667,6,20255561551,13,Financial Services,355.4,75389379244,669113
2026-08-28,AON,2027-12-31,21.34085,22.0757,20.76706,14,19046482359,14,Financial Services,355.4,75389379244,669113
2026-08-28,AON,2026-12-31,19.08238,19.53314,18.86201,14,17911196696,14,Financial Services,355.4,75389379244,669113
2026-08-28,AOS,2030-12-31,5.06,5.14002,4.97034,1,4516800000,5,Industrials,60.38,8367869837,1811583
2026-08-28,AOS,2029-12-31,4.68,4.75401,4.59707,1,4332000000,3,Industrials,60.38,8367869837,1811583
2026-08-28,AOS,2028-12-31,4.4315,4.6303,4.28327,4,4215353161,7,Industrials,60.38,8367869837,1811583
2026-08-28,AOS,2027-12-31,4.07393,4.20406,3.93379,9,4049735226,10,Industrials,60.38,8367869837,1811583
2026-08-28,AOSL,2029-06-30,1.3791,1.43268,1.32194,1,838027100,1,Technology,24.63,737165506,551289
2026-08-28,AOSL,2028-06-30,0.315,2.142,-1.575,2,777362500,3,Technology,24.63,737165506,551289
2026-08-28,AOSL,2027-06-30,-0.72,-0.66286,-0.76571,2,699886400,3,Technology,24.63,737165506,551289
2026-08-28,AOSL,2026-06-30,-0.734,-0.70358,-0.76252,2,676648600,3,Technology,24.63,737165506,551289
2026-08-28,APA,2030-12-31,5.15667,5.92776,4.1773,5,7850333333,2,Energy,42.54,15036613800,3317142
2026-08-28,APA,2029-12-31,4.97152,5.71492,4.02732,5,8288623074,2,Energy,42.54,15036613800,3317142
2026-08-28,APA,2028-12-31,4.12081,5.74356,1.99378,8,8011695830,4,Energy,42.54,15036613800,3317142
2026-08-28,APA,2027-12-31,4.12083,5.68502,3.12838,15,8028188369,5,Energy,42.54,15036613800,3317142
2026-08-28,APD,2030-09-30,16.67,17.32222,15.76875,3,15293000000,7,Basic Materials,308.09,68607184938,1042569
2026-08-28,APD,2029-09-30,18.75,19.4836,17.73629,3,16452000000,7,Basic Materials,308.09,68607184938,1042569
2026-08-28,APD,2028-09-30,15.68208,16.45873,15.22658,5,14314268439,14,Basic Materials,308.09,68607184938,1042569
2026-08-28,APD,2027-09-30,14.43744,14.7576,14.25735,12,13474564672,14,Basic Materials,308.09,68607184938,1042569
2026-08-28,APG,2029-12-31,2.82,2.88475,2.77841,1,11826000000,4,Industrials,39.69,17152442188,1943166
2026-08-28,APG,2028-12-31,2.2589,2.64362,1.80555,3,10369864937,6,Industrials,39.69,17152442188,1943166
2026-08-28,APG,2027-12-31,1.9876,2.04844,1.91661,7,9674907466,9,Industrials,39.69,17152442188,1943166
2026-08-28,APG,2026-12-31,1.72319,1.76326,1.66308,4,8983866748,9,Industrials,39.69,17152442188,1943166
2026-08-28,APH,2029-12-31,8.50533,8.94276,8.06065,3,50016345527,4,Technology,157.74,194490265200,4227975
2026-08-28,APH,2028-12-31,7.26343,8.11038,6.65792,6,46553527941,9,Technology,157.74,194490265200,4227975
2026-08-28,APH,2027-12-31,6.41018,6.80326,6.14813,10,41376402503,11,Technology,157.74,194490265200,4227975
2026-08-28,APH,2026-12-31,5.26339,5.36365,5.12303,9,35258398075,11,Technology,157.74,194490265200,4227975
2026-08-28,APLD,2031-05-31,0,0,0,2,7949000000,1,Technology,25.34,7294970500,19660879
2026-08-28,APLD,2030-05-31,0.37,0.41853,0.30828,1,6927000000,1,Technology,25.34,7294970500,19660879
2026-08-28,APLD,2029-05-31,1.39333,5.42,-1.36,3,3357709600,2,Technology,25.34,7294970500,19660879
2026-08-28,APLD,2028-05-31,-0.19429,0.06757913,-0.53219,4,2047591847,4,Technology,25.34,7294970500,19660879
2026-08-28,APLE,2028-12-31,0.84,0.84821,0.82977,1,1534331467,2,Real Estate,16.55,3906918019,1406608
2026-08-28,APLE,2027-12-31,0.727,0.73149,0.72251,3,1480380063,5,Real Estate,16.55,3906918019,1406608
2026-08-28,APLE,2026-12-31,0.71281,0.7215,0.70412,3,1449366807,5,Real Estate,16.55,3906918019,1406608
2026-08-28,APLE,2025-12-31,0.71333,0.7203,0.70464,2,1408538530,4,Real Estate,16.55,3906918019,1406608
2026-08-28,APO,2029-12-31,13.4526,13.76455,13.1741,1,8425000000,1,Financial Services,135.04,77779230657,2243349
2026-08-28,APO,2028-12-31,12.40456,13.34394,11.46519,2,30673852479,2,Financial Services,135.04,77779230657,2243349
2026-08-28,APO,2027-12-31,10.73295,11.15151,10.41405,11,26838051027,6,Financial Services,135.04,77779230657,2243349
2026-08-28,APO,2026-12-31,8.768,8.93719,8.59881,11,23112996081,6,Financial Services,135.04,77779230657,2243349
2026-08-28,APP,2030-12-31,29.78,32.53541,26.83819,6,15275400000,8,Technology,317.76,106748138380,6614095
2026-08-28,APP,2029-12-31,25.78,28.16531,23.23333,9,13520100000,13,Technology,317.76,106748138380,6614095
2026-08-28,APP,2028-12-31,26.31882,29.3602,19.88671,15,13024136106,17,Technology,317.76,106748138380,6614095
2026-08-28,APP,2027-12-31,20.48039,22.22559,17.39037,21,10429862694,24,Technology,317.76,106748138380,6614095
2026-08-28,APPN,2028-12-31,1.58,1.59755,1.55753,2,1010452433,1,Technology,42.51,3145018393,1115690
2026-08-28,APPN,2027-12-31,1.41781,1.59374,1.23153,4,941236696,5,Technology,42.51,3145018393,1115690
2026-08-28,APPN,2026-12-31,1.08144,1.13245,1.02023,4,849670106,5,Technology,42.51,3145018393,1115690
2026-08-28,APPN,2025-12-31,0.53012,0.58902,0.51049,6,713378132,4,Technology,42.51,3145018393,1115690
2026-08-28,APPS,2028-03-31,0.95,0.95956,0.9429,2,732477800,2,Technology,11.09,1341180240,2688671
2026-08-28,APPS,2027-03-31,0.725,0.7323,0.71958,2,662665400,2,Technology,11.09,1341180240,2688671
2026-08-28,APPS,2026-03-31,0.395,0.39898,0.39205,1,555926120,1,Technology,11.09,1341180240,2688671
2026-08-28,APPS,2025-03-31,0.29,0.29292,0.28783,1,487990518,1,Technology,11.09,1341180240,2688671
2026-08-28,APTV,2030-12-31,9.03,9.39135,8.68346,1,15559450000,5,Consumer Cyclical,45.75,9681660750,4648163
2026-08-28,APTV,2029-12-31,8.15,8.47613,7.83723,1,14775450000,5,Consumer Cyclical,45.75,9681660750,4648163
2026-08-28,APTV,2028-12-31,7.43663,7.94748,6.45859,3,13898351492,10,Consumer Cyclical,45.75,9681660750,4648163
2026-08-28,APTV,2027-12-31,6.52869,6.91624,6.00202,10,13267062463,13,Consumer Cyclical,45.75,9681660750,4648163
2026-08-28,AR,2030-12-31,5.88,6.28569,5.34622,1,7951000000,3,Energy,38.45,11821029550,2255156
2026-08-28,AR,2029-12-31,6.35993,6.79873,5.78258,1,7692486700,4,Energy,38.45,11821029550,2255156
2026-08-28,AR,2028-12-31,5.53008,7.22007,4.47815,5,7259404420,6,Energy,38.45,11821029550,2255156
2026-08-28,AR,2027-12-31,4.29491,5.47271,3.56386,11,6669314293,8,Energy,38.45,11821029550,2255156
2026-08-28,ARCC,2028-12-31,1.85675,1.90025,1.81,3,3148233000,2,Financial Services,19.95,14324555758,4034835
2026-08-28,ARCC,2027-12-31,1.93237,2.02202,1.86265,10,3192401917,9,Financial Services,19.95,14324555758,4034835
2026-08-28,ARCC,2026-12-31,1.90546,1.92541,1.87553,10,3096647500,9,Financial Services,19.95,14324555758,4034835
2026-08-28,ARCC,2025-12-31,1.99582,2.02576,1.98584,9,3053853967,8,Financial Services,19.95,14324555758,4034835
2026-08-28,ARCT,2030-12-31,2.46167,8.49141,0.04359208,3,274681000,5,Healthcare,15.19,431746418,1617047
2026-08-28,ARCT,2029-12-31,-1.24833,-0.02210585,-4.30605,3,107943000,5,Healthcare,15.19,431746418,1617047
2026-08-28,ARCT,2028-12-31,-3.39687,-2.51857,-4.76358,9,45447920,10,Healthcare,15.19,431746418,1617047
2026-08-28,ARCT,2027-12-31,-3.7299,-2.93484,-4.76053,9,20580096,10,Healthcare,15.19,431746418,1617047
2026-08-28,ARE,2029-12-31,-0.6,-0.57647,-0.63371,1,2239600000,1,Real Estate,51.57,8987052330,1323494
2026-08-28,ARE,2028-12-31,-0.93422,-0.71001,-1.0842,4,1927183750,3,Real Estate,51.57,8987052330,1323494
2026-08-28,ARE,2027-12-31,-0.91841,-0.86378,-1.04132,4,1827053995,5,Real Estate,51.57,8987052330,1323494
2026-08-28,ARE,2026-12-31,1.51606,1.5232,1.50654,6,1964907506,5,Real Estate,51.57,8987052330,1323494
2026-08-28,ARES,2029-12-31,9.70248,9.96532,9.44591,1,7516278200,1,Financial Services,142.53,46808983679,1096964
2026-08-28,ARES,2028-12-31,8.60693,10.00071,7.77382,5,6982583324,3,Financial Services,142.53,46808983679,1096964
2026-08-28,ARES,2027-12-31,7.28382,7.69068,6.87696,11,6355116991,5,Financial Services,142.53,46808983679,1096964
2026-08-28,ARES,2026-12-31,5.86611,6.21176,5.67847,11,5336354406,5,Financial Services,142.53,46808983679,1096964
2026-08-28,ARIS,2030-12-31,3.64667,3.95075,3.10518,1,1584500000,2,Basic Materials,20.27,4183728000,2024304
2026-08-28,ARIS,2029-12-31,2.755,2.98473,2.34591,1,1949250000,2,Basic Materials,20.27,4183728000,2024304
2026-08-28,ARIS,2028-12-31,3.3653,3.51119,3.21941,2,2320640000,4,Basic Materials,20.27,4183728000,2024304
2026-08-28,ARIS,2027-12-31,3.03058,3.28329,2.58057,2,2050659999,4,Basic Materials,20.27,4183728000,2024304
2026-08-28,ARLO,2028-12-31,1.14,1.15575,1.12702,2,626300000,1,Technology,12.89,1399980541,1088103
2026-08-28,ARLO,2027-12-31,1.02533,1.1167,0.99487,5,624397786,6,Technology,12.89,1399980541,1088103
2026-08-28,ARLO,2026-12-31,0.94651,0.9764,0.91662,5,591539286,6,Technology,12.89,1399980541,1088103
2026-08-28,ARLO,2025-12-31,0.6564,0.6665,0.6463,4,523573800,4,Technology,12.89,1399980541,1088103
2026-08-28,ARM,2031-03-31,10.2,10.99416,9.31887,19,28021787500,18,Technology,239.05,255305057919,3863505
2026-08-28,ARM,2030-03-31,6.00725,6.47497,5.48831,10,16078917110,11,Technology,239.05,255305057919,3863505
2026-08-28,ARM,2029-03-31,4.02075,4.3338,3.67342,10,10829969938,11,Technology,239.05,255305057919,3863505
2026-08-28,ARM,2028-03-31,3.02318,3.59856,2.70136,23,8225155144,23,Technology,239.05,255305057919,3863505
2026-08-28,ARMK,2030-10-03,3.88,3.9443,3.77641,2,27276000000,6,Industrials,58.18,15298638354,1786286
2026-08-28,ARMK,2029-10-03,3.93987,4.00516,3.83468,3,25832464334,10,Industrials,58.18,15298638354,1786286
2026-08-28,ARMK,2028-10-03,3.33855,4.00277,2.95266,7,23610206316,12,Industrials,58.18,15298638354,1786286
2026-08-28,ARMK,2027-10-03,2.80275,2.91445,2.64027,10,21915111205,12,Industrials,58.18,15298638354,1786286
2026-08-28,AROC,2030-12-31,3.22,3.27978,3.16709,1,1932000000,2,Energy,31.24,5475172259,2416375
2026-08-28,AROC,2029-12-31,2.715,2.7654,2.67039,1,1864000000,1,Energy,31.24,5475172259,2416375
2026-08-28,AROC,2028-12-31,2.375,2.41,2.34,2,1758910138,3,Energy,31.24,5475172259,2416375
2026-08-28,AROC,2027-12-31,2.05,2.3455,1.80068,3,1634956723,4,Energy,31.24,5475172259,2416375
2026-08-28,ARQT,2030-12-31,3.18833,3.31716,3.0534,2,1103284333,6,Healthcare,23.78,2974473740,1535819
2026-08-28,ARQT,2029-12-31,2.77333,2.88539,2.65596,3,966104667,6,Healthcare,23.78,2974473740,1535819
2026-08-28,ARQT,2028-12-31,2.08,2.75572,1.63559,6,829097771,8,Healthcare,23.78,2974473740,1535819
2026-08-28,ARQT,2027-12-31,1.2875,1.55855,1.12939,5,685518837,6,Healthcare,23.78,2974473740,1535819
2026-08-28,ARR,2028-12-31,2.89494,3.04465,2.75607,1,511707252,1,Real Estate,16.32,1899006314,3589411
2026-08-28,ARR,2027-12-31,2.93366,2.97139,2.8865,4,559920845,2,Real Estate,16.32,1899006314,3589411
2026-08-28,ARR,2026-12-31,2.92544,3.07672,2.91546,4,469671256,2,Real Estate,16.32,1899006314,3589411
2026-08-28,ARR,2025-12-31,3.13983,3.16022,3.11944,4,506610576,2,Real Estate,16.32,1899006314,3589411
2026-08-28,ARWR,2030-09-30,4.406,8.61082,2.25112,4,2043820000,4,Healthcare,84.91,11960167870,1282091
2026-08-28,ARWR,2029-09-30,-0.736,-0.37604,-1.43839,2,1147520000,4,Healthcare,84.91,11960167870,1282091
2026-08-28,ARWR,2028-09-30,-2.49857,0.14341,-5.22765,7,762323779,8,Healthcare,84.91,11960167870,1282091
2026-08-28,ARWR,2027-09-30,-4.71583,-2.47161,-6.62391,11,342739807,11,Healthcare,84.91,11960167870,1282091
2026-08-28,ARX,2029-12-31,1.69,1.8032,1.58508,1,1669000000,1,Financial Services,19.73,4305112458,1695845
2026-08-28,ARX,2028-12-31,1.21458,1.29593,1.13918,1,1504668674,3,Financial Services,19.73,4305112458,1695845
2026-08-28,ARX,2027-12-31,0.93191,1.03001,0.88286,5,1247443781,6,Financial Services,19.73,4305112458,1695845
2026-08-28,ARX,2026-12-31,0.89326,0.91311,0.86348,5,1139962346,6,Financial Services,19.73,4305112458,1695845
2026-08-28,AS,2030-12-31,3.07,3.14581,2.95202,5,14340000000,6,Consumer Cyclical,31.05,17955339390,5367376
2026-08-28,AS,2029-12-31,2.46,2.52075,2.36546,9,12395000000,11,Consumer Cyclical,31.05,17955339390,5367376
2026-08-28,AS,2028-12-31,1.94841,1.99652,1.87353,6,10600820409,7,Consumer Cyclical,31.05,17955339390,5367376
2026-08-28,AS,2027-12-31,1.62042,1.72107,1.46945,12,9366548045,13,Consumer Cyclical,31.05,17955339390,5367376
2026-08-28,ASAN,2030-01-31,0.63,0.63777,0.62186,1,1098800000,4,Technology,10.19,2421387093,3979227
2026-08-28,ASAN,2029-01-31,0.57631,0.61127,0.54138,2,1011243226,8,Technology,10.19,2421387093,3979227
2026-08-28,ASAN,2028-01-31,0.4701,0.49948,0.44072,7,929176625,11,Technology,10.19,2421387093,3979227
2026-08-28,ASAN,2027-01-31,0.3728,0.3774,0.36299,7,860831141,11,Technology,10.19,2421387093,3979227
2026-08-28,ASB,2028-12-31,3.54844,3.58818,3.51985,1,2007100000,1,Financial Services,30.92,5835160560,2865801
2026-08-28,ASB,2027-12-31,3.32995,3.46034,3.22965,6,1925157143,5,Financial Services,30.92,5835160560,2865801
2026-08-28,ASB,2026-12-31,2.95817,3.07974,2.75556,6,1769052439,5,Financial Services,30.92,5835160560,2865801
2026-08-28,ASB,2025-12-31,2.69727,2.73768,2.64676,7,1492894213,5,Financial Services,30.92,5835160560,2865801
2026-08-28,ASC,2030-12-31,1.32,1.43246,1.20754,1,212731000,1,Industrials,17.36,708333379,914878
2026-08-28,ASC,2029-12-31,1.31,1.42161,1.19839,1,209397000,1,Industrials,17.36,708333379,914878
2026-08-28,ASC,2028-12-31,1.13,1.22628,1.03372,1,187000000,1,Industrials,17.36,708333379,914878
2026-08-28,ASC,2027-12-31,1.665,1.8014,1.52851,2,186283233,2,Industrials,17.36,708333379,914878
2026-08-28,ASML,2030-12-31,97.29633,106.96293,80.09633,13,80842543011,17,Technology,1696.16,653730579615,1249306
2026-08-28,ASML,2029-12-31,76.64815,84.26331,63.09832,23,75563516123,30,Technology,1696.16,653730579615,1249306
2026-08-28,ASML,2028-12-31,67.14222,78.95483,41.6158,26,66838957297,34,Technology,1696.16,653730579615,1249306
2026-08-28,ASML,2027-12-31,52.48056,59.58379,43.96732,23,55484521701,27,Technology,1696.16,653730579615,1249306
2026-08-28,ASO,2030-01-31,9.45,9.58671,9.27901,1,7814000000,4,Consumer Cyclical,43.5,2697799139,1936291
2026-08-28,ASO,2029-01-31,7.40491,7.64138,7.228,3,6952497701,7,Consumer Cyclical,43.5,2697799139,1936291
2026-08-28,ASO,2028-01-31,6.96242,7.14094,6.81365,10,6641522293,11,Consumer Cyclical,43.5,2697799139,1936291
2026-08-28,ASO,2027-01-31,6.46037,6.5201,6.28119,11,6324018403,12,Consumer Cyclical,43.5,2697799139,1936291
2026-08-28,ASST,2027-12-31,0.555,0.63031,0.43056,2,11348500,3,Financial Services,21.74,2172425959,11700311
2026-08-28,ASST,2026-12-31,-2.3375,-1.81341,-2.65467,2,11882250,3,Financial Services,21.74,2172425959,11700311
2026-08-28,ASST,2025-12-31,-2.74,-2.12567,-3.11178,1,4988000,1,Financial Services,21.74,2172425959,11700311
2026-08-28,ASTS,2030-12-31,3.62231,4.36098,2.62073,1,4054969233,2,Communication Services,58.05,23620083619,9387029
2026-08-28,ASTS,2029-12-31,2.04708,2.46452,1.48106,1,3065036667,2,Communication Services,58.05,23620083619,9387029
2026-08-28,ASTS,2028-12-31,0.41875,5.03718,-2.13014,4,1779868060,5,Communication Services,58.05,23620083619,9387029
2026-08-28,ASTS,2027-12-31,-0.9529,1.46905,-1.96536,8,718535557,8,Communication Services,58.05,23620083619,9387029
2026-08-28,ASX,2028-12-31,73.38982,78.6313,65.15681,1,1227563864065,3,Technology,37.78,83071211810,7821549
2026-08-28,ASX,2027-12-31,54.89502,57.45489,52.33515,1,1029234649585,9,Technology,37.78,83071211810,7821549
2026-08-28,ASX,2026-12-31,36.31119,39.01202,33.61036,1,823327030361,8,Technology,37.78,83071211810,7821549
2026-08-28,ASX,2025-12-31,17.55591,18.80975,15.58646,1,648666380020,16,Technology,37.78,83071211810,7821549
2026-08-28,ATAT,2028-12-31,21.21056,25.29071,17.87966,8,17871964802,15,Consumer Cyclical,35.5,4906168586,713300
2026-08-28,ATAT,2027-12-31,18.29829,19.53761,17.27766,8,15369959326,13,Consumer Cyclical,35.5,4906168586,713300
2026-08-28,ATAT,2026-12-31,15.34004,16.22082,14.75287,6,12973333015,10,Consumer Cyclical,35.5,4906168586,713300
2026-08-28,ATAT,2025-12-31,11.88044,12.02988,11.65628,6,9766676908,9,Consumer Cyclical,35.5,4906168586,713300
2026-08-28,ATEN,2029-12-31,0,0,0,0,394400000,1,Technology,25.7,1850353098,1179206
2026-08-28,ATEN,2028-12-31,1.37,1.38366,1.34978,1,412400000,2,Technology,25.7,1850353098,1179206
2026-08-28,ATEN,2027-12-31,1.18983,1.19991,1.15958,3,367924167,5,Technology,25.7,1850353098,1179206
2026-08-28,ATEN,2026-12-31,1.04183,1.05185,1.03181,3,329281667,5,Technology,25.7,1850353098,1179206
2026-08-28,ATHM,2029-12-31,1.19059,1.42831,1.00412,1,5246734027,6,Communication Services,22.83,660698922,648478
2026-08-28,ATHM,2028-12-31,1.40282,2.01134,0.58171,4,5067663460,8,Communication Services,22.83,660698922,648478
2026-08-28,ATHM,2027-12-31,1.29485,1.43872,1.15098,6,4935069370,10,Communication Services,22.83,660698922,648478
2026-08-28,ATHM,2026-12-31,1.10368,1.29845,0.99007,6,4966126480,8,Communication Services,22.83,660698922,648478
2026-08-28,ATI,2030-12-28,8.475,8.65148,8.27529,2,6749100000,3,Industrials,210.76,28762507195,1119531
2026-08-28,ATI,2029-12-28,8.02,8.18701,7.83101,2,6457256073,3,Industrials,210.76,28762507195,1119531
2026-08-28,ATI,2028-12-28,7.35088,7.62468,6.73999,4,6111630887,4,Industrials,210.76,28762507195,1119531
2026-08-28,ATI,2027-12-28,6.13238,6.66068,5.59373,6,5634236086,6,Industrials,210.76,28762507195,1119531
2026-08-28,ATKR,2028-09-30,7.2,7.29606,7.11712,1,3313200000,2,Industrials,93.6,3160619280,639263
2026-08-28,ATKR,2027-09-30,6.34,6.42459,6.26702,1,3108800000,2,Industrials,93.6,3160619280,639263
2026-08-28,ATKR,2026-09-30,5.685,5.76085,5.61956,1,2969900000,2,Industrials,93.6,3160619280,639263
2026-08-28,ATKR,2025-09-30,6.56169,6.63118,6.4922,4,2829819808,4,Industrials,93.6,3160619280,639263
2026-08-28,ATMU,2028-12-31,3.6,3.65043,3.54711,1,2176300000,1,Consumer Cyclical,47.73,3898224988,554678
2026-08-28,ATMU,2027-12-31,3.27827,3.3284,3.18804,4,2113421080,4,Consumer Cyclical,47.73,3898224988,554678
2026-08-28,ATMU,2026-12-31,2.95999,3.00982,2.91016,4,2011397425,4,Consumer Cyclical,47.73,3898224988,554678
2026-08-28,ATMU,2025-12-31,2.63225,2.65219,2.59237,4,1739902136,3,Consumer Cyclical,47.73,3898224988,554678
2026-08-28,ATO,2030-09-30,11.24667,12.25195,10.37905,4,7358244000,4,Utilities,166.65,27817188336,516714
2026-08-28,ATO,2029-09-30,10.51,11.44944,9.69921,2,6762045000,4,Utilities,166.65,27817188336,516714
2026-08-28,ATO,2028-09-30,9.78985,9.99268,9.66423,7,6046888691,8,Utilities,166.65,27817188336,516714
2026-08-28,ATO,2027-09-30,9.03039,9.16068,8.87003,9,5560432790,7,Utilities,166.65,27817188336,516714
2026-08-28,AU,2030-12-31,6.14667,7.2525,5.13486,1,10132500000,5,Basic Materials,113.19,57245406492,3114615
2026-08-28,AU,2029-12-31,7.77,9.16788,6.49097,1,12024333333,3,Basic Materials,113.19,57245406492,3114615
2026-08-28,AU,2028-12-31,9.72998,10.38359,9.07637,2,14167978223,7,Basic Materials,113.19,57245406492,3114615
2026-08-28,AU,2027-12-31,9.34046,10.91982,6.51488,4,13455310572,6,Basic Materials,113.19,57245406492,3114615
2026-08-28,AUB,2028-12-31,4.94,5.02219,4.869,4,1733692369,1,Financial Services,40.66,5770636549,784099
2026-08-28,AUB,2027-12-31,4.03366,4.29454,3.81291,7,1616124506,6,Financial Services,40.66,5770636549,784099
2026-08-28,AUB,2026-12-31,3.76618,3.81626,3.73613,7,1550168600,6,Financial Services,40.66,5770636549,784099
2026-08-28,AUB,2025-12-31,3.23793,3.44483,2.75172,6,1361143411,5,Financial Services,40.66,5770636549,784099
2026-08-28,AUGO,2030-12-31,15.8,18.7094,13.62369,2,2422000000,4,Basic Materials,84.53,7082702767,1625806
2026-08-28,AUGO,2029-12-31,15,17.76209,12.93388,3,2314000000,4,Basic Materials,84.53,7082702767,1625806
2026-08-28,AUGO,2028-12-31,11.754,14.99852,8.87972,6,2276578167,9,Basic Materials,84.53,7082702767,1625806
2026-08-28,AUGO,2027-12-31,9.27033,10.45106,8.0896,3,1868628407,7,Basic Materials,84.53,7082702767,1625806
2026-08-28,AUPH,2030-12-31,1.97,2.28233,1.8378,1,518314333,3,Healthcare,16.29,2094926580,630566
2026-08-28,AUPH,2029-12-31,1.655,1.91739,1.54394,1,471592000,4,Healthcare,16.29,2094926580,630566
2026-08-28,AUPH,2028-12-31,1.43667,2.67089,0.52442,5,447200000,6,Healthcare,16.29,2094926580,630566
2026-08-28,AUPH,2027-12-31,1.178,1.45596,0.67503,5,388375167,5,Healthcare,16.29,2094926580,630566
2026-08-28,AVA,2030-12-31,3.34,3.49089,3.03908,1,2239100000,2,Utilities,37.66,3154130448,552824
2026-08-28,AVA,2029-12-31,3.2,3.34456,2.9117,1,2133945644,2,Utilities,37.66,3154130448,552824
2026-08-28,AVA,2028-12-31,2.94413,3.09002,2.80635,5,2112391968,5,Utilities,37.66,3154130448,552824
2026-08-28,AVA,2027-12-31,2.79714,2.84856,2.70459,5,2030522750,4,Utilities,37.66,3154130448,552824
2026-08-28,AVAH,2029-01-03,1.0095,1.0693,0.91216,3,3074108389,4,Healthcare,13.32,2900499304,2220889
2026-08-28,AVAH,2028-01-03,0.88438,0.89517,0.86281,5,2891862224,8,Healthcare,13.32,2900499304,2220889
2026-08-28,AVAH,2027-01-03,0.80581,0.82789,0.78373,4,2688891452,7,Healthcare,13.32,2900499304,2220889
2026-08-28,AVAH,2026-01-03,0.58029,0.62249,0.55919,6,2416213752,7,Healthcare,13.32,2900499304,2220889
2026-08-28,AVAV,2031-04-30,7.4,7.91919,6.93872,6,4423000000,8,Industrials,147.94,7486947520,1178138
2026-08-28,AVAV,2030-04-30,8.28333,8.8645,7.76699,2,3652633333,9,Industrials,147.94,7486947520,1178138
2026-08-28,AVAV,2029-04-30,5.78609,8.61243,4.51562,7,2938181347,10,Industrials,147.94,7486947520,1178138
2026-08-28,AVAV,2028-04-30,4.45648,4.99506,3.72781,10,2519330393,12,Industrials,147.94,7486947520,1178138
2026-08-28,AVEX,2030-12-31,1.46,1.57047,1.24286,1,1196100000,5,Industrials,17.75,1002348411,1080349
2026-08-28,AVEX,2029-12-31,1.21,1.30155,1.03004,1,1038400000,3,Industrials,17.75,1002348411,1080349
2026-08-28,AVEX,2028-12-31,0.88011,1.53174,0.58072,4,893119000,7,Industrials,17.75,1002348411,1080349
2026-08-28,AVEX,2027-12-31,0.60692,0.72203,0.53367,4,743799040,6,Industrials,17.75,1002348411,1080349
2026-08-28,AVGO,2030-11-02,35,39.93035,25.75441,5,139000000000,17,Technology,368.79,1754547928200,16481416
2026-08-28,AVGO,2029-11-02,32.32314,36.87641,23.78467,11,290276994148,13,Technology,368.79,1754547928200,16481416
2026-08-28,AVGO,2028-11-02,26.3949,30.37058,20.45636,13,236250848335,27,Technology,368.79,1754547928200,16481416
2026-08-28,AVGO,2027-11-02,19.54533,22.87111,16.59818,28,175469966906,36,Technology,368.79,1754547928200,16481416
2026-08-28,AVNT,2028-12-31,3.9125,3.97865,3.85225,1,3683435646,4,Basic Materials,44.67,4096693160,696084
2026-08-28,AVNT,2027-12-31,3.53222,3.64198,3.49231,5,3532856315,6,Basic Materials,44.67,4096693160,696084
2026-08-28,AVNT,2026-12-31,3.19778,3.21777,3.17779,4,3419008000,6,Basic Materials,44.67,4096693160,696084
2026-08-28,AVNT,2025-12-31,2.81232,2.82233,2.80231,7,3246405160,7,Basic Materials,44.67,4096693160,696084
2026-08-28,AVPT,2029-12-31,1.06,1.08446,1.03347,1,851222000,2,Technology,14,2968240744,1329945
2026-08-28,AVPT,2028-12-31,0.63719,0.65189,0.62124,1,736348026,5,Technology,14,2968240744,1329945
2026-08-28,AVPT,2027-12-31,0.49562,0.5378,0.47453,6,615216751,11,Technology,14,2968240744,1329945
2026-08-28,AVPT,2026-12-31,0.44898,0.48105,0.40622,6,510642495,11,Technology,14,2968240744,1329945
2026-08-28,AVT,2029-06-27,13.97,14.91627,12.54695,1,43891000000,1,Technology,88.63,7269794299,859936
2026-08-28,AVT,2028-06-27,12.96,14.25369,11.30824,2,39494923042,2,Technology,88.63,7269794299,859936
2026-08-28,AVT,2027-06-27,11.612,12.93432,10.00077,3,37203128060,3,Technology,88.63,7269794299,859936
2026-08-28,AVT,2026-06-27,5.158,5.1983,5.12778,3,26893898500,3,Technology,88.63,7269794299,859936
2026-08-28,AVTR,2030-12-31,1.125,1.13774,1.11229,1,7542000000,4,Healthcare,14.58,9861314220,5301587
2026-08-28,AVTR,2029-12-31,1.03,1.04166,1.01836,1,7253750000,4,Healthcare,14.58,9861314220,5301587
2026-08-28,AVTR,2028-12-31,0.95851,0.97715,0.93987,2,6985921977,9,Healthcare,14.58,9861314220,5301587
2026-08-28,AVTR,2027-12-31,0.88338,0.924,0.86307,9,6749429559,12,Healthcare,14.58,9861314220,5301587
2026-08-28,AVTX,2030-12-31,-2.04,-2.04,-2.04,4,96685167,6,Healthcare,19.59,1029760104,738275
2026-08-28,AVTX,2029-12-31,-3.2,-3.2,-3.2,2,8840000,6,Healthcare,19.59,1029760104,738275
2026-08-28,AVTX,2028-12-31,-2.93833,-1.88881,-3.9862,7,13884,8,Healthcare,19.59,1029760104,738275
2026-08-28,AVTX,2027-12-31,-2.8751,-1.51142,-4.65925,11,1000000,13,Healthcare,19.59,1029760104,738275
2026-08-28,AVY,2028-12-31,12.54131,12.62193,12.46069,2,10055889787,6,Consumer Cyclical,177.75,13596168600,753240
2026-08-28,AVY,2027-12-31,11.18595,11.36702,10.96465,7,9631650621,8,Consumer Cyclical,177.75,13596168600,753240
2026-08-28,AVY,2026-12-31,10.17258,10.26269,10.09248,7,9340805208,8,Consumer Cyclical,177.75,13596168600,753240
2026-08-28,AVY,2025-12-31,9.49129,9.54124,9.44134,6,8867492081,5,Consumer Cyclical,177.75,13596168600,753240
2026-08-28,AWK,2030-12-31,8.24,8.81644,7.82673,3,7525333333,6,Utilities,138.3,27484219179,1908169
2026-08-28,AWK,2029-12-31,7.74333,8.28502,7.35497,3,6812750000,6,Utilities,138.3,27484219179,1908169
2026-08-28,AWK,2028-12-31,7.13551,7.38196,7.00134,9,6111963129,8,Utilities,138.3,27484219179,1908169
2026-08-28,AWK,2027-12-31,6.58575,6.80561,6.47582,9,5754440705,7,Utilities,138.3,27484219179,1908169
2026-08-28,AXGN,2030-12-31,1.28,1.31569,1.24717,1,579200000,2,Healthcare,51.47,2767104405,771143
2026-08-28,AXGN,2029-12-31,1.175,1.20776,1.14486,1,466700000,2,Healthcare,51.47,2767104405,771143
2026-08-28,AXGN,2028-12-31,0.958,1.53468,0.19532,3,400475600,5,Healthcare,51.47,2767104405,771143
2026-08-28,AXGN,2027-12-31,0.68143,0.70043,0.66395,4,331166667,7,Healthcare,51.47,2767104405,771143
2026-08-28,AXON,2028-12-31,13.96876,18.04302,5.14657,4,6201640015,13,Industrials,600.73,48420085716,525492
2026-08-28,AXON,2027-12-31,10.66705,12.34755,8.61766,12,4813465350,15,Industrials,600.73,48420085716,525492
2026-08-28,AXON,2026-12-31,7.70314,8.60249,6.17815,11,3711508210,13,Industrials,600.73,48420085716,525492
2026-08-28,AXON,2025-12-31,6.31332,6.77914,6.01599,13,2738155717,11,Industrials,600.73,48420085716,525492
2026-08-28,AXP,2030-12-31,29.32,29.69598,28.67497,13,76422693230,7,Financial Services,333.2,225013292000,1944971
2026-08-28,AXP,2029-12-31,27.17591,27.5244,26.57805,13,103981138688,10,Financial Services,333.2,225013292000,1944971
2026-08-28,AXP,2028-12-31,22.97275,23.6307,21.89379,16,94064864292,15,Financial Services,333.2,225013292000,1944971
2026-08-28,AXP,2027-12-31,20.1208,20.3692,19.89227,22,86716067762,18,Financial Services,333.2,225013292000,1944971
2026-08-28,AXTA,2029-12-31,3.47,3.53401,3.41743,1,5535000000,4,Basic Materials,37.02,7923020141,1910190
2026-08-28,AXTA,2028-12-31,3.06772,3.19649,2.93871,4,5556040778,9,Basic Materials,37.02,7923020141,1910190
2026-08-28,AXTA,2027-12-31,2.85503,2.96484,2.77517,9,5414310324,11,Basic Materials,37.02,7923020141,1910190
2026-08-28,AXTA,2026-12-31,2.64847,2.71896,2.57798,9,5240095238,10,Basic Materials,37.02,7923020141,1910190
2026-08-28,AXTI,2028-12-31,3.29,3.52674,3.02445,1,786258750,3,Technology,58.63,2975573226,8260575
2026-08-28,AXTI,2027-12-31,2.216,2.62898,1.93396,3,482526667,4,Technology,58.63,2975573226,8260575
2026-08-28,AXTI,2026-12-31,0.856,0.90577,0.80623,3,221198500,4,Technology,58.63,2975573226,8260575
2026-08-28,AXTI,2025-12-31,-0.41526,-0.37373,-0.46717,4,90489400,3,Technology,58.63,2975573226,8260575
2026-08-28,AYA,2030-12-31,1.92115,2.21093,1.61953,1,202102000,2,Basic Materials,27.97,4009492480,1735743
2026-08-28,AYA,2029-12-31,0.6387,0.73504,0.53842,1,306000000,1,Basic Materials,27.97,4009492480,1735743
2026-08-28,AYA,2028-12-31,1.154,1.32807,0.97282,1,360075000,3,Basic Materials,27.97,4009492480,1735743
2026-08-28,AYA,2027-12-31,1.56506,2.02832,1.21449,4,495300000,4,Basic Materials,27.97,4009492480,1735743
2026-08-28,AZN,2030-12-31,16.47546,16.98206,15.41521,4,81931076923,10,Healthcare,162.7,252326948103,2880614
2026-08-28,AZN,2029-12-31,14.73335,15.18638,13.78521,4,76907632880,10,Healthcare,162.7,252326948103,2880614
2026-08-28,AZN,2028-12-31,12.78819,14.037,9.69731,11,72063296793,21,Healthcare,162.7,252326948103,2880614
2026-08-28,AZN,2027-12-31,11.49195,11.91608,11.2092,8,67584875419,18,Healthcare,162.7,252326948103,2880614
2026-08-28,AZTA,2030-09-30,1.76,1.76753,1.75169,1,742800000,1,Healthcare,32.95,1518757892,659507
2026-08-28,AZTA,2029-09-30,1.3,1.30556,1.29386,1,683500000,1,Healthcare,32.95,1518757892,659507
2026-08-28,AZTA,2028-09-30,0.76,1.07512,0.44488,2,676525000,3,Healthcare,32.95,1518757892,659507
2026-08-28,AZTA,2027-09-30,0.59,0.59253,0.58721,3,641750000,3,Healthcare,32.95,1518757892,659507
2026-08-28,B,2030-12-31,4.00461,4.54426,3.40531,4,19613654300,3,Basic Materials,45.655,76495409050,15081580
2026-08-28,B,2029-12-31,4.51293,5.12108,3.83756,4,26686785630,4,Basic Materials,45.655,76495409050,15081580
2026-08-28,B,2028-12-31,4.68803,5.31978,3.98646,5,26105267579,2,Basic Materials,45.655,76495409050,15081580
2026-08-28,B,2027-12-31,4.13503,5.12053,3.59656,10,24897544737,6,Basic Materials,45.655,76495409050,15081580
2026-08-28,BA,2030-12-31,14.90333,15.82882,14.08062,11,145204000000,10,Industrials,209.82,165835433400,4559660
2026-08-28,BA,2029-12-31,12.17606,12.93219,11.5039,7,134924805918,10,Industrials,209.82,165835433400,4559660
2026-08-28,BA,2028-12-31,8.09255,12.74789,5.17078,14,123339315399,21,Industrials,209.82,165835433400,4559660
2026-08-28,BA,2027-12-31,4.03121,5.37495,1.64121,16,112681707577,19,Industrials,209.82,165835433400,4559660
2026-08-28,BABA,2031-03-31,0,0,0,7,1827049981888,14,Consumer Cyclical,118.9,284988094711,9660747
2026-08-28,BABA,2030-03-31,73.75831,80.72919,61.18065,6,1648654983168,20,Consumer Cyclical,118.9,284988094711,9660747
2026-08-28,BABA,2029-03-31,78.72943,145.26728,46.9154,15,1445233893014,30,Consumer Cyclical,118.9,284988094711,9660747
2026-08-28,BABA,2028-03-31,61.51469,85.86291,48.76086,18,1274088819603,30,Consumer Cyclical,118.9,284988094711,9660747
2026-08-28,BAC,2029-12-31,6.82,7.01435,6.68892,2,133400000000,1,Financial Services,62.32,442259488800,32915990
2026-08-28,BAC,2028-12-31,5.88605,6.12785,5.68145,7,136352266860,3,Financial Services,62.32,442259488800,32915990
2026-08-28,BAC,2027-12-31,5.26123,5.401,5.13145,15,130502080420,10,Financial Services,62.32,442259488800,32915990
2026-08-28,BAC,2026-12-31,4.64483,4.97235,4.54558,15,124064543518,10,Financial Services,62.32,442259488800,32915990
2026-08-28,BAH,2029-03-31,7.40407,7.87929,6.9802,5,12326033730,7,Industrials,75.24,9050241369,1028858
2026-08-28,BAH,2028-03-31,6.7291,6.85986,6.54805,8,11872602885,9,Industrials,75.24,9050241369,1028858
2026-08-28,BAH,2027-03-31,6.41373,6.62958,5.7148,11,11390546331,11,Industrials,75.24,9050241369,1028858
2026-08-28,BAH,2026-03-31,6.07614,6.14621,6.02609,9,11299621692,10,Industrials,75.24,9050241369,1028858
2026-08-28,BALL,2028-12-31,5.03243,5.18833,4.81851,3,15975357516,8,Consumer Cyclical,63.77,16978571190,1361022
2026-08-28,BALL,2027-12-31,4.5205,4.57018,4.42115,9,15533830566,11,Consumer Cyclical,63.77,16978571190,1361022
2026-08-28,BALL,2026-12-31,4.02276,4.07292,3.96257,9,14968400782,12,Consumer Cyclical,63.77,16978571190,1361022
2026-08-28,BALL,2025-12-31,3.56433,3.61439,3.52428,11,12938310228,10,Consumer Cyclical,63.77,16978571190,1361022
2026-08-28,BAM,2029-12-31,2.73854,2.82109,2.62156,1,5078006687,4,Financial Services,52.12,83224507898,1178413
2026-08-28,BAM,2028-12-31,2.57174,2.69491,2.34523,3,8081094676,6,Financial Services,52.12,83224507898,1178413
2026-08-28,BAM,2027-12-31,2.20027,2.32028,2.08026,9,7233196605,9,Financial Services,52.12,83224507898,1178413
2026-08-28,BAM,2026-12-31,1.86177,1.96241,1.79132,8,6177667687,6,Financial Services,52.12,83224507898,1178413
2026-08-28,BANC,2028-12-31,2.57269,2.70716,2.40943,3,1377555457,3,Financial Services,18.6,2859285000,1487067
2026-08-28,BANC,2027-12-31,2.11972,2.18873,2.05071,8,1292992434,7,Financial Services,18.6,2859285000,1487067
2026-08-28,BANC,2026-12-31,-0.28783,-0.28612,-0.29297,7,1192987757,7,Financial Services,18.6,2859285000,1487067
2026-08-28,BANC,2025-12-31,1.1164,1.15102,1.07313,7,1116162614,6,Financial Services,18.6,2859285000,1487067
2026-08-28,BAP,2029-12-31,135.67911,139.76334,129.77425,3,27642337129,4,Financial Services,368.4,29268759983,554800
2026-08-28,BAP,2028-12-31,131.21042,161.78772,118.53592,9,32210385480,6,Financial Services,368.4,29268759983,554800
2026-08-28,BAP,2027-12-31,115.39596,117.75937,113.68334,7,28893358133,4,Financial Services,368.4,29268759983,554800
2026-08-28,BAP,2026-12-31,101.42995,103.46476,99.39514,7,25883034168,3,Financial Services,368.4,29268759983,554800
2026-08-28,BAX,2028-12-31,2.16581,3.09164,1.44313,3,12148026785,8,Healthcare,26.13,13509105271,3960355
2026-08-28,BAX,2027-12-31,2.0411,2.1528,1.69584,9,11866298629,10,Healthcare,26.13,13509105271,3960355
2026-08-28,BAX,2026-12-31,2.05367,2.08387,1.9832,8,11614933455,10,Healthcare,26.13,13509105271,3960355
2026-08-28,BAX,2025-12-31,2.36593,2.38598,2.3559,12,11083106369,10,Healthcare,26.13,13509105271,3960355
2026-08-28,BBAR,2030-12-31,0,0,0,0,12521979256235,3,Financial Services,14.47,2955304557,1002274
2026-08-28,BBAR,2029-12-31,0,0,0,0,11926263610646,4,Financial Services,14.47,2955304557,1002274
2026-08-28,BBAR,2028-12-31,4838.09763,5846.43671,3274.78742,1,7294823097832,6,Financial Services,14.47,2955304557,1002274
2026-08-28,BBAR,2027-12-31,2759.04396,3334.07408,1867.52793,1,5084023372622,4,Financial Services,14.47,2955304557,1002274
2026-08-28,BBIO,2030-12-31,10.219,12.14575,8.94065,11,4638910000,14,Healthcare,76.6,15002971137,1922145
2026-08-28,BBIO,2029-12-31,7.59049,9.02165,6.64095,7,3671273318,14,Healthcare,76.6,15002971137,1922145
2026-08-28,BBIO,2028-12-31,3.57527,7.14025,0.55272,14,2562971111,16,Healthcare,76.6,15002971137,1922145
2026-08-28,BBIO,2027-12-31,0.050129,0.31247,-0.36594,12,1678502526,14,Healthcare,76.6,15002971137,1922145
2026-08-28,BBNX,2030-12-31,0.06,0.06450265,0.05627942,5,466127000,5,Healthcare,19.72,887196647,992332
2026-08-28,BBNX,2029-12-31,-1.15,-1.07869,-1.2363,5,343135000,5,Healthcare,19.72,887196647,992332
2026-08-28,BBNX,2028-12-31,-1.68217,-1.10145,-2.51615,8,249574049,10,Healthcare,19.72,887196647,992332
2026-08-28,BBNX,2027-12-31,-2.14928,-1.93935,-2.48917,6,179651709,8,Healthcare,19.72,887196647,992332
2026-08-28,BBT,2027-12-31,3.32379,3.41335,3.08495,6,924408000,4,Financial Services,31.39,2637645198,783046
2026-08-28,BBT,2026-12-31,3.04326,3.10332,3.00322,6,886033200,4,Financial Services,31.39,2637645198,783046
2026-08-28,BBT,2025-12-31,1.93286,1.94918,1.91672,3,573188350,2,Financial Services,31.39,2637645198,783046
2026-08-28,BBT,2024-12-31,2.165,2.18328,2.14692,1,410861000,1,Financial Services,31.39,2637645198,783046
2026-08-28,BBVA,2029-12-31,2.75664,2.85271,2.60915,4,48516481634,13,Financial Services,29,160233283676,1741208
2026-08-28,BBVA,2028-12-31,2.59981,2.84848,2.09507,11,47473909195,17,Financial Services,29,160233283676,1741208
2026-08-28,BBVA,2027-12-31,2.36513,2.39916,2.3311,5,45137277276,11,Financial Services,29,160233283676,1741208
2026-08-28,BBVA,2026-12-31,2.08193,2.15449,2.07332,4,42443941676,10,Financial Services,29,160233283676,1741208
2026-08-28,BBW,2031-01-31,6.02,6.04721,5.99633,1,636500000,1,Consumer Cyclical,29.85,374241390,2181770
2026-08-28,BBW,2030-01-31,5.48,5.50477,5.45845,1,611700000,1,Consumer Cyclical,29.85,374241390,2181770
2026-08-28,BBW,2029-01-31,5,5.0226,4.98034,1,588300000,1,Consumer Cyclical,29.85,374241390,2181770
2026-08-28,BBW,2028-01-31,4.325,4.60597,4.11427,2,565423000,2,Consumer Cyclical,29.85,374241390,2181770
2026-08-28,BBWI,2029-01-31,3.05854,3.32649,2.7906,2,7411862027,7,Consumer Cyclical,19.22,3874018027,6769109
2026-08-28,BBWI,2028-01-31,2.84546,3.1877,2.71834,11,7230490920,13,Consumer Cyclical,19.22,3874018027,6769109
2026-08-28,BBWI,2027-01-31,2.65225,2.77327,2.52115,11,7095010739,13,Consumer Cyclical,19.22,3874018027,6769109
2026-08-28,BBWI,2026-01-31,2.97978,3.10018,2.91958,11,7195444672,9,Consumer Cyclical,19.22,3874018027,6769109
2026-08-28,BBY,2031-01-31,9.45,9.65583,9.29147,2,44033000000,3,Consumer Cyclical,82.44,17375631480,5154224
2026-08-28,BBY,2030-01-31,8.7,8.88949,8.55405,1,43310000000,4,Consumer Cyclical,82.44,17375631480,5154224
2026-08-28,BBY,2029-01-31,7.6841,7.90848,7.55848,4,43425695571,9,Consumer Cyclical,82.44,17375631480,5154224
2026-08-28,BBY,2028-01-31,7.0835,7.59231,6.73431,14,42640567775,17,Consumer Cyclical,82.44,17375631480,5154224
2026-08-28,BC,2028-12-31,5.91074,6.32366,5.37078,3,5546710541,5,Consumer Cyclical,76.64,4979640928,694128
2026-08-28,BC,2027-12-31,5.40231,5.73688,5.11694,13,6090530780,15,Consumer Cyclical,76.64,4979640928,694128
2026-08-28,BC,2026-12-31,4.55818,4.65836,4.49807,13,5778239491,15,Consumer Cyclical,76.64,4979640928,694128
2026-08-28,BC,2025-12-31,3.25745,3.35707,3.23753,13,5239277083,13,Consumer Cyclical,76.64,4979640928,694128
2026-08-28,BCAX,2030-12-31,0.64,0.64,0.64,4,479314375,6,Healthcare,23.43,1539441510,524734
2026-08-28,BCAX,2029-12-31,-2.2275,-2.2275,-2.2275,4,187069750,10,Healthcare,23.43,1539441510,524734
2026-08-28,BCAX,2028-12-31,-3.32167,-1.52368,-4.57105,11,41666583,12,Healthcare,23.43,1539441510,524734
2026-08-28,BCAX,2027-12-31,-3.525,-2.91989,-3.88999,11,0,0,Healthcare,23.43,1539441510,524734
2026-08-28,BCE,2028-12-31,2.85359,3.04318,2.65227,3,26485185869,7,Communication Services,23.46,21877055667,1687549
2026-08-28,BCE,2027-12-31,2.71902,3.10542,2.47574,9,25997743189,12,Communication Services,23.46,21877055667,1687549
2026-08-28,BCE,2026-12-31,2.65267,2.85233,2.46726,10,25630392989,13,Communication Services,23.46,21877055667,1687549
2026-08-28,BCE,2025-12-31,2.71164,2.75335,2.6282,11,24578313618,9,Communication Services,23.46,21877055667,1687549
2026-08-28,BCS,2030-12-31,4.7711,4.81475,4.73621,1,47811489825,4,Financial Services,26.86,90563270006,2778811
2026-08-28,BCS,2029-12-31,4.36071,4.40061,4.32882,1,46772147342,4,Financial Services,26.86,90563270006,2778811
2026-08-28,BCS,2028-12-31,4.04188,4.07886,4.01232,1,45884847262,3,Financial Services,26.86,90563270006,2778811
2026-08-28,BCS,2027-12-31,3.45527,3.63766,3.23235,3,43903509636,9,Financial Services,26.86,90563270006,2778811
2026-08-28,BDX,2030-09-30,16.35,16.82776,16.17918,1,21905000000,7,Healthcare,189.52,52220340800,1693770
2026-08-28,BDX,2029-09-30,15.23,15.67503,15.07088,1,21131000000,6,Healthcare,189.52,52220340800,1693770
2026-08-28,BDX,2028-09-30,14.17458,16.4898,11.85934,2,20437589262,9,Healthcare,189.52,52220340800,1693770
2026-08-28,BDX,2027-09-30,13.29163,13.80362,13.10089,8,19690971823,10,Healthcare,189.52,52220340800,1693770
2026-08-28,BE,2030-12-31,12.87667,17.85952,9.61132,11,15813027000,12,Industrials,210.77,62077455790,11366725
2026-08-28,BE,2029-12-31,10.85429,15.05454,8.10179,7,12673442125,12,Industrials,210.77,62077455790,11366725
2026-08-28,BE,2028-12-31,7.6911,11.07086,3.95743,14,9765192195,25,Industrials,210.77,62077455790,11366725
2026-08-28,BE,2027-12-31,4.86734,5.7076,3.48399,16,6747330471,21,Industrials,210.77,62077455790,11366725
2026-08-28,BEAM,2030-12-31,-1.19,0.12243,-3.39788,4,646183667,5,Healthcare,29.32,3016412280,1328835
2026-08-28,BEAM,2029-12-31,-3.16167,0.32528,-9.02772,4,324669167,5,Healthcare,29.32,3016412280,1328835
2026-08-28,BEAM,2028-12-31,-4.58762,-3.38788,-6.31991,10,116384219,11,Healthcare,29.32,3016412280,1328835
2026-08-28,BEAM,2027-12-31,-4.74317,-3.86028,-5.37246,9,56048954,9,Healthcare,29.32,3016412280,1328835
2026-08-28,BEKE,2028-12-31,9.1974,9.84676,8.57087,6,95361591719,19,Real Estate,18.32,20238863602,14122368
2026-08-28,BEKE,2027-12-31,8.40552,8.7587,7.84045,10,91008763659,18,Real Estate,18.32,20238863602,14122368
2026-08-28,BEKE,2026-12-31,7.48314,7.63586,7.02499,9,87840966448,18,Real Estate,18.32,20238863602,14122368
2026-08-28,BEKE,2025-12-31,4.71414,4.99144,4.43684,9,95358615106,15,Real Estate,18.32,20238863602,14122368
2026-08-28,BEN,2029-09-30,3.99734,4.08776,3.88585,1,8919352900,1,Financial Services,34.65,18005422015,1974915
2026-08-28,BEN,2028-09-30,3.54468,3.62486,3.44581,1,8342085825,2,Financial Services,34.65,18005422015,1974915
2026-08-28,BEN,2027-09-30,3.18144,3.3115,3.01136,6,7749172020,3,Financial Services,34.65,18005422015,1974915
2026-08-28,BEN,2026-09-30,2.8918,2.93196,2.80143,6,7153955157,2,Financial Services,34.65,18005422015,1974915
2026-08-28,BEP,2029-12-31,2.45,2.59215,2.29535,1,8401000000,3,Utilities,31.73,9708999240,505324
2026-08-28,BEP,2028-12-31,-1.31412,-1.23117,-1.39036,1,7037219064,3,Utilities,31.73,9708999240,505324
2026-08-28,BEP,2027-12-31,-1.201,-0.5351,-1.91447,3,7288041811,7,Utilities,31.73,9708999240,505324
2026-08-28,BEP,2026-12-31,-1.35991,-0.98175,-1.99987,3,6685321047,6,Utilities,31.73,9708999240,505324
2026-08-28,BEPC,2029-12-31,0,0,0,0,3848000000,1,Utilities,32.29,4768002945,1152760
2026-08-28,BEPC,2028-12-31,-1.935,-1.90612,-1.96388,2,7255479963,3,Utilities,32.29,4768002945,1152760
2026-08-28,BEPC,2027-12-31,-0.34831,-0.14219,-0.55443,2,6863656075,3,Utilities,32.29,4768002945,1152760
2026-08-28,BEPC,2026-12-31,-5.19505,-1.94192,-8.44818,2,5901822288,3,Utilities,32.29,4768002945,1152760
2026-08-28,BETA,2030-12-31,0.27667,0.3365,0.16862,2,3417000000,5,Industrials,20.16,4480651325,2123255
2026-08-28,BETA,2029-12-31,-1.34667,-0.82075,-1.6379,3,1994400000,3,Industrials,20.16,4480651325,2123255
2026-08-28,BETA,2028-12-31,-1.99847,-1.35999,-2.50999,6,921424072,7,Industrials,20.16,4480651325,2123255
2026-08-28,BETA,2027-12-31,-2.29056,-2.28051,-2.30061,3,313503950,5,Industrials,20.16,4480651325,2123255
2026-08-28,BF-B,2031-04-30,0,0,0,9,4824000000,12,Consumer Defensive,27.22,12693833541,1396767
2026-08-28,BF-B,2030-04-30,1.92445,1.97214,1.8772,13,4350763247,13,Consumer Defensive,27.22,12693833541,1396767
2026-08-28,BF-B,2029-04-30,1.76776,1.81156,1.72436,6,4142813506,13,Consumer Defensive,27.22,12693833541,1396767
2026-08-28,BF-B,2028-04-30,1.7107,1.83086,1.59684,15,4016151252,16,Consumer Defensive,27.22,12693833541,1396767
2026-08-28,BG,2028-12-31,12.13048,12.52864,11.62413,1,94919855021,3,Consumer Defensive,115.48,22185916324,1572940
2026-08-28,BG,2027-12-31,11.17274,11.23748,11.108,4,95147103290,5,Consumer Defensive,115.48,22185916324,1572940
2026-08-28,BG,2026-12-31,9.51698,9.54635,9.48761,4,92506973884,5,Consumer Defensive,115.48,22185916324,1572940
2026-08-28,BG,2025-12-31,7.3733,7.48305,7.29348,5,68175019404,3,Consumer Defensive,115.48,22185916324,1572940
2026-08-28,BGC,2027-12-31,1.575,1.59095,1.56503,2,3681972917,1,Financial Services,12.12,5745014205,1688692
2026-08-28,BGC,2026-12-31,1.405,1.41496,1.38507,1,3459257554,1,Financial Services,12.12,5745014205,1688692
2026-08-28,BGC,2025-12-31,1.17,1.18185,1.15815,1,2935968093,1,Financial Services,12.12,5745014205,1688692
2026-08-28,BGC,2024-12-31,0.99,1.00003,0.97997,1,2260500000,1,Financial Services,12.12,5745014205,1688692
2026-08-28,BHF,2029-12-31,21.2,22.80061,19.92522,1,9347000000,1,Financial Services,53.04,3046924436,1038175
2026-08-28,BHF,2028-12-31,18.93,20.35922,17.79172,1,8743877007,2,Financial Services,53.04,3046924436,1038175
2026-08-28,BHF,2027-12-31,21.026,23.9582,18.96222,3,8623884963,4,Financial Services,53.04,3046924436,1038175
2026-08-28,BHF,2026-12-31,19.89167,20.27197,19.60645,3,8549663990,3,Financial Services,53.04,3046924436,1038175
2026-08-28,BHP,2031-06-30,5,5.38196,4.64694,4,58197000000,8,Basic Materials,95.15,241713835504,1656439
2026-08-28,BHP,2030-06-30,5.73648,6.1747,5.33141,3,62673751877,8,Basic Materials,95.15,241713835504,1656439
2026-08-28,BHP,2029-06-30,5.18162,6.36188,4.50988,5,58002885531,11,Basic Materials,95.15,241713835504,1656439
2026-08-28,BHP,2028-06-30,4.90601,4.97244,4.77316,3,56707123399,13,Basic Materials,95.15,241713835504,1656439
2026-08-28,BHVN,2030-12-31,0.73796,0.88313,0.59287,5,780843357,12,Healthcare,15.41,2320144856,2887880
2026-08-28,BHVN,2029-12-31,-1.23045,-0.98854,-1.47251,10,291533558,8,Healthcare,15.41,2320144856,2887880
2026-08-28,BHVN,2028-12-31,-2.19215,-1.44198,-2.59247,13,87165454,14,Healthcare,15.41,2320144856,2887880
2026-08-28,BHVN,2027-12-31,-2.53745,-2.00765,-3.09513,10,31051564,10,Healthcare,15.41,2320144856,2887880
2026-08-28,BIDU,2029-12-31,72.86101,80.98995,67.74998,9,155695613408,11,Communication Services,97.12,33032918148,2067072
2026-08-28,BIDU,2028-12-31,57.89918,88.35061,41.16422,12,150621232401,23,Communication Services,97.12,33032918148,2067072
2026-08-28,BIDU,2027-12-31,49.65488,63.51848,42.36406,14,136765669168,23,Communication Services,97.12,33032918148,2067072
2026-08-28,BIDU,2026-12-31,41.2744,46.4337,38.11433,13,128976822113,20,Communication Services,97.12,33032918148,2067072
2026-08-28,BIIB,2030-12-31,20.555,21.48278,19.15625,5,11377360000,14,Healthcare,218.5,32284248563,517362
2026-08-28,BIIB,2029-12-31,20.52274,21.44906,19.12619,5,11150883138,22,Healthcare,218.5,32284248563,517362
2026-08-28,BIIB,2028-12-31,18.68385,24.53686,14.2256,8,10969672282,24,Healthcare,218.5,32284248563,517362
2026-08-28,BIIB,2027-12-31,16.53664,19.82547,11.6034,19,10661768964,26,Healthcare,218.5,32284248563,517362
2026-08-28,BILI,2029-12-31,14.65855,15.76153,13.63258,9,45797145448,11,Communication Services,16.6,6963047288,3548772
2026-08-28,BILI,2028-12-31,11.78579,16.50219,9.3923,12,40043134061,23,Communication Services,16.6,6963047288,3548772
2026-08-28,BILI,2027-12-31,9.09848,10.01488,8.44391,15,36768675317,23,Communication Services,16.6,6963047288,3548772
2026-08-28,BILI,2026-12-31,7.14873,7.49916,6.86839,15,33372111561,23,Communication Services,16.6,6963047288,3548772
2026-08-28,BILL,2030-06-30,6.64,7.02589,5.40106,1,2463000000,3,Technology,50.31,5010709977,2418934
2026-08-28,BILL,2029-06-30,5.38693,6.2982,4.13097,4,2179643948,6,Technology,50.31,5010709977,2418934
2026-08-28,BILL,2028-06-30,4.40314,4.99695,3.85415,10,2025942708,13,Technology,50.31,5010709977,2418934
2026-08-28,BILL,2027-06-30,3.74404,4.13174,3.20126,12,1833509221,13,Technology,50.31,5010709977,2418934
2026-08-28,BIPC,2029-12-31,0,0,0,0,17677000000,1,Utilities,38.63,4751129505,2082509
2026-08-28,BIPC,2028-12-31,2.33,2.33,2.33,1,4306712298,1,Utilities,38.63,4751129505,2082509
2026-08-28,BIPC,2027-12-31,2.04,2.04,2.04,1,4050294301,1,Utilities,38.63,4751129505,2082509
2026-08-28,BIPC,2026-12-31,-0.45,-0.45,-0.45,1,3808335165,1,Utilities,38.63,4751129505,2082509
2026-08-28,BIRK,2028-09-30,2.92233,3.01397,2.7829,6,3084439042,15,Consumer Cyclical,35.65,6556250896,1501375
2026-08-28,BIRK,2027-09-30,2.46583,2.76471,2.08288,14,2727824820,18,Consumer Cyclical,35.65,6556250896,1501375
2026-08-28,BIRK,2026-09-30,1.99892,2.05344,1.78995,13,2393246736,18,Consumer Cyclical,35.65,6556250896,1501375
2026-08-28,BIRK,2025-09-30,1.71764,1.77961,1.49629,14,2095151793,13,Consumer Cyclical,35.65,6556250896,1501375
2026-08-28,BJ,2031-01-31,6.45,6.89383,6.15206,2,30175000000,2,Consumer Defensive,90.6,11569075222,1355871
2026-08-28,BJ,2030-01-31,5.93,6.33804,5.65608,1,28365000000,4,Consumer Defensive,90.6,11569075222,1355871
2026-08-28,BJ,2029-01-31,5.3082,5.40807,5.15553,4,26503985487,7,Consumer Defensive,90.6,11569075222,1355871
2026-08-28,BJ,2028-01-31,5.02142,5.28571,4.7673,15,25363055304,16,Consumer Defensive,90.6,11569075222,1355871
2026-08-28,BKD,2028-12-31,0.455,0.66,0.25,2,3174331000,2,Healthcare,11.72,2798618800,5449506
2026-08-28,BKD,2027-12-31,0.17167,0.17422,0.16942,3,3007310008,5,Healthcare,11.72,2798618800,5449506
2026-08-28,BKD,2026-12-31,0.033667,0.03416764,0.03322478,2,2930464565,3,Healthcare,11.72,2798618800,5449506
2026-08-28,BKD,2025-12-31,-1.11775,-1.10307,-1.13437,1,3206301638,1,Healthcare,11.72,2798618800,5449506
2026-08-28,BKH,2030-12-31,5.46901,7.00978,4.31914,1,2355500000,1,Utilities,72.8,5542126990,600537
2026-08-28,BKH,2029-12-31,5.15443,6.60657,4.0707,1,2335000000,1,Utilities,72.8,5542126990,600537
2026-08-28,BKH,2028-12-31,4.86523,4.9962,4.73426,2,2316500000,2,Utilities,72.8,5542126990,600537
2026-08-28,BKH,2027-12-31,4.5784,4.6183,4.54848,3,2557175558,3,Utilities,72.8,5542126990,600537
2026-08-28,BKNG,2030-12-31,20.12333,20.85894,19.53219,8,40820250000,11,Consumer Cyclical,205.63,159338163140,3590456
2026-08-28,BKNG,2029-12-31,17.40624,18.04253,16.89492,9,38164468200,14,Consumer Cyclical,205.63,159338163140,3590456
2026-08-28,BKNG,2028-12-31,14.3288,15.28329,12.15785,18,34626538000,22,Consumer Cyclical,205.63,159338163140,3590456
2026-08-28,BKNG,2027-12-31,12.38947,12.90861,11.98015,26,32002135800,28,Consumer Cyclical,205.63,159338163140,3590456
2026-08-28,BKR,2030-12-31,5.24,5.40398,4.98046,1,38890000000,6,Energy,62.41,61952784340,5700456
2026-08-28,BKR,2029-12-31,4.62,4.76458,4.39117,1,36581000000,6,Energy,62.41,61952784340,5700456
2026-08-28,BKR,2028-12-31,3.61493,4.13281,3.21217,5,33431467238,8,Energy,62.41,61952784340,5700456
2026-08-28,BKR,2027-12-31,3.01136,3.47228,2.41728,8,31101842876,8,Energy,62.41,61952784340,5700456
2026-08-28,BKSY,2030-12-31,1.84333,2.11163,1.61745,1,399133333,2,Technology,23.7,969841920,725537
2026-08-28,BKSY,2029-12-31,1.05333,1.20664,0.92426,1,331900000,2,Technology,23.7,969841920,725537
2026-08-28,BKSY,2028-12-31,0.2625,0.67742,-0.15242,2,256024999,4,Technology,23.7,969841920,725537
2026-08-28,BKSY,2027-12-31,-0.41005,0.0251051,-0.92889,3,193015325,6,Technology,23.7,969841920,725537
2026-08-28,BKV,2030-12-31,3.73,4.42796,2.90064,1,2287000000,1,Energy,24.23,2650437560,1147452
2026-08-28,BKV,2029-12-31,3.10667,3.68799,2.41591,1,2226000000,1,Energy,24.23,2650437560,1147452
2026-08-28,BKV,2028-12-31,2.52765,2.88614,2.16916,2,1975685538,2,Energy,24.23,2650437560,1147452
2026-08-28,BKV,2027-12-31,1.86438,2.25114,1.11069,6,1744885969,3,Energy,24.23,2650437560,1147452
2026-08-28,BL,2028-12-31,3.26,3.31989,3.18051,1,933808192,3,Technology,32.98,1934637043,1089314
2026-08-28,BL,2027-12-31,2.78038,2.9204,2.71037,7,847185228,9,Technology,32.98,1934637043,1089314
2026-08-28,BL,2026-12-31,2.48472,2.51478,2.42461,7,766847691,9,Technology,32.98,1934637043,1089314
2026-08-28,BL,2025-12-31,2.08029,2.11044,2.00994,11,700196034,10,Technology,32.98,1934637043,1089314
2026-08-28,BLDR,2029-12-31,7.5,7.72802,7.28526,1,16393000000,6,Basic Materials,67.72,7286401120,1652009
2026-08-28,BLDR,2028-12-31,5.61949,7.71153,4.32281,4,15596364846,8,Basic Materials,67.72,7286401120,1652009
2026-08-28,BLDR,2027-12-31,4.48908,5.24425,3.63951,11,14927005275,17,Basic Materials,67.72,7286401120,1652009
2026-08-28,BLDR,2026-12-31,3.11046,3.62393,2.77473,9,14344018734,17,Basic Materials,67.72,7286401120,1652009
2026-08-28,BLFS,2030-12-31,1.79,1.81107,1.76891,1,240017000,1,Healthcare,36.38,1777432758,1041874
2026-08-28,BLFS,2029-12-31,1.29,1.30519,1.2748,1,199748000,1,Healthcare,36.38,1777432758,1041874
2026-08-28,BLFS,2028-12-31,0.85,0.86001,0.83999,1,165423000,2,Healthcare,36.38,1777432758,1041874
2026-08-28,BLFS,2027-12-31,0.312,0.31567,0.30832,2,134854250,6,Healthcare,36.38,1777432758,1041874
2026-08-28,BLK,2029-12-31,80.48242,83.1942,76.28597,1,39669013450,2,Financial Services,1164.48,180488577600,699850
2026-08-28,BLK,2028-12-31,74.40361,78.1668,70.64042,2,36876510905,5,Financial Services,1164.48,180488577600,699850
2026-08-28,BLK,2027-12-31,64.59837,66.26962,63.4375,9,32384825825,8,Financial Services,1164.48,180488577600,699850
2026-08-28,BLK,2026-12-31,56.41898,57.75219,55.49987,10,28954407312,7,Financial Services,1164.48,180488577600,699850
2026-08-28,BLMN,2028-12-28,1.25095,1.27393,1.22492,1,4148521182,7,Consumer Cyclical,10.58,905799156,1337337
2026-08-28,BLMN,2027-12-28,1.06856,1.26483,0.76326,7,4043978384,9,Consumer Cyclical,10.58,905799156,1337337
2026-08-28,BLMN,2026-12-28,0.96981,1.05887,0.90054,7,3981072628,9,Consumer Cyclical,10.58,905799156,1337337
2026-08-28,BLMN,2025-12-28,1.11723,1.12721,1.09728,9,3956794464,9,Consumer Cyclical,10.58,905799156,1337337
2026-08-28,BLSH,2029-12-31,2.20859,2.33084,2.03138,1,673700000,2,Technology,32.89,4987714100,1301391
2026-08-28,BLSH,2028-12-31,1.04817,1.10619,0.96407,1,449019489,1,Technology,32.89,4987714100,1301391
2026-08-28,BLSH,2027-12-31,0.82004,1.00101,0.56554,2,409398539,5,Technology,32.89,4987714100,1301391
2026-08-28,BLSH,2026-12-31,0.43261,0.59975,0.2753,5,358856731,6,Technology,32.89,4987714100,1301391
2026-08-28,BLZE,2028-12-31,0.07255,0.0732293,0.07154308,1,266807599,1,Technology,14.33,860011095,1520440
2026-08-28,BLZE,2027-12-31,0.24571,0.32239,0.07841809,3,217199286,5,Technology,14.33,860011095,1520440
2026-08-28,BLZE,2026-12-31,0.21429,0.27552,0.10204,4,172962714,5,Technology,14.33,860011095,1520440
2026-08-28,BLZE,2025-12-31,0.037275,0.26093,-0.11182,5,145718112,5,Technology,14.33,860011095,1520440
2026-08-28,BMNR,2028-08-31,0.49,0.53467,0.44533,1,441700000,1,Financial Services,23.8,13555927983,51078477
2026-08-28,BMNR,2027-08-31,0.57,0.62196,0.51804,1,429850000,1,Financial Services,23.8,13555927983,51078477
2026-08-28,BMNR,2026-08-31,-15.82,-14.37776,-17.26224,1,125200000,1,Financial Services,23.8,13555927983,51078477
2026-08-28,BMNR,2025-08-31,-0.5,-0.45442,-0.54558,1,6800000,1,Financial Services,23.8,13555927983,51078477
2026-08-28,BMO,2028-10-31,18.29673,19.34044,17.25303,2,44507011702,4,Financial Services,171.86,120373600141,833437
2026-08-28,BMO,2027-10-31,16.6977,16.96565,16.27462,8,41462426332,8,Financial Services,171.86,120373600141,833437
2026-08-28,BMO,2026-10-31,14.98153,15.21005,14.71018,7,39713456507,7,Financial Services,171.86,120373600141,833437
2026-08-28,BMO,2025-10-31,11.90018,12.01285,11.8016,8,35934578036,6,Financial Services,171.86,120373600141,833437
2026-08-28,BMRN,2030-12-31,9.57221,10.13144,9.11337,6,5499989833,15,Healthcare,64.665,12498709860,1098425
2026-08-28,BMRN,2029-12-31,8.8373,9.35359,8.41369,9,5200996167,9,Healthcare,64.665,12498709860,1098425
2026-08-28,BMRN,2028-12-31,7.75298,11.23211,2.877,15,4807312437,19,Healthcare,64.665,12498709860,1098425
2026-08-28,BMRN,2027-12-31,6.61656,7.68952,5.0492,16,4454593668,19,Healthcare,64.665,12498709860,1098425
2026-08-28,BMY,2030-12-31,4.9971,5.19224,4.72196,5,37385833747,11,Healthcare,66.58,136003631800,5542352
2026-08-28,BMY,2029-12-31,5.07791,5.27621,4.79832,5,37952845680,14,Healthcare,66.58,136003631800,5542352
2026-08-28,BMY,2028-12-31,5.63245,6.54555,4.46798,8,41928885621,22,Healthcare,66.58,136003631800,5542352
2026-08-28,BMY,2027-12-31,6.55265,7.44804,5.94215,16,48068760714,19,Healthcare,66.58,136003631800,5542352
2026-08-28,BN,2028-12-31,3.81641,3.83606,3.79676,1,11436602892,1,Financial Services,41.33,92314504701,3567413
2026-08-28,BN,2027-12-31,3.40863,3.66472,3.24968,1,9349639756,1,Financial Services,41.33,92314504701,3567413
2026-08-28,BN,2026-12-31,2.76806,2.90977,2.65469,1,7564772572,1,Financial Services,41.33,92314504701,3567413
2026-08-28,BN,2025-12-31,2.42943,2.43923,2.40984,2,8187080147,1,Financial Services,41.33,92314504701,3567413
2026-08-28,BNL,2030-12-31,0.83,0.86193,0.79053,1,675067064,2,Real Estate,21.09,4044356645,1205225
2026-08-28,BNL,2029-12-31,0.82,0.85155,0.78101,1,629390898,2,Real Estate,21.09,4044356645,1205225
2026-08-28,BNL,2028-12-31,0.84301,0.90648,0.77954,2,595260959,5,Real Estate,21.09,4044356645,1205225
2026-08-28,BNL,2027-12-31,0.81175,0.82153,0.80686,4,535586692,5,Real Estate,21.09,4044356645,1205225
2026-08-28,BNS,2028-10-31,10.64614,10.91373,10.37854,2,45851853625,2,Financial Services,92.39,112632046987,1407275
2026-08-28,BNS,2027-10-31,9.60283,9.8023,9.36062,8,42896254402,5,Financial Services,92.39,112632046987,1407275
2026-08-28,BNS,2026-10-31,8.58748,8.68717,8.40234,8,40942916042,4,Financial Services,92.39,112632046987,1407275
2026-08-28,BNS,2025-10-31,6.99937,7.02753,6.9712,8,37449737157,4,Financial Services,92.39,112632046987,1407275
2026-08-28,BNTX,2030-12-31,-2.80792,-1.94085,-3.61646,5,2740807996,7,Healthcare,102.075,25641685659,3070087
2026-08-28,BNTX,2029-12-31,-4.43556,-3.06589,-5.71277,10,2121487414,10,Healthcare,102.075,25641685659,3070087
2026-08-28,BNTX,2028-12-31,-3.90898,1.1417,-10.51774,13,2379004575,15,Healthcare,102.075,25641685659,3070087
2026-08-28,BNTX,2027-12-31,-5.65784,-4.49695,-6.81873,9,1860318227,12,Healthcare,102.075,25641685659,3070087
2026-08-28,BNY,2029-12-31,0,0,0,0,24476180800,2,Financial Services,162.5,111536587500,2353557
2026-08-28,BNY,2028-12-31,11.33213,11.95904,10.73247,3,23783828952,5,Financial Services,162.5,111536587500,2353557
2026-08-28,BNY,2027-12-31,10.25224,10.51255,9.92185,10,23172547272,9,Financial Services,162.5,111536587500,2353557
2026-08-28,BNY,2026-12-31,9.23064,9.35026,9.05121,9,22181412632,9,Financial Services,162.5,111536587500,2353557
2026-08-28,BOBS,2030-12-28,1.54,1.55136,1.52802,2,3626800000,3,Consumer Cyclical,17.31,2261161783,594908
2026-08-28,BOBS,2029-12-28,1.32,1.32974,1.30973,2,3335500000,5,Consumer Cyclical,17.31,2261161783,594908
2026-08-28,BOBS,2028-12-28,1.20097,1.30406,1.15313,4,3048905157,7,Consumer Cyclical,17.31,2261161783,594908
2026-08-28,BOBS,2027-12-28,1.05767,1.11643,1.02829,9,2803615190,10,Consumer Cyclical,17.31,2261161783,594908
2026-08-28,BOX,2029-01-31,1.99453,7.98004,-3.99102,2,1508509467,4,Technology,34.98,4845884340,4391452
2026-08-28,BOX,2028-01-31,1.79218,1.95148,1.72248,6,1388684405,7,Technology,34.98,4845884340,4391452
2026-08-28,BOX,2027-01-31,1.57142,1.60145,1.56141,6,1282939624,7,Technology,34.98,4845884340,4391452
2026-08-28,BOX,2026-01-31,1.28715,1.29721,1.26269,7,1175149147,6,Technology,34.98,4845884340,4391452
2026-08-28,BP,2030-12-31,3.65418,4.79807,2.75332,5,202276000000,6,Energy,42.15,110538585750,11762341
2026-08-28,BP,2029-12-31,3.62868,4.76459,2.7341,9,200022000000,6,Energy,42.15,110538585750,11762341
2026-08-28,BP,2028-12-31,3.81813,5.01334,2.87685,6,199762751065,5,Energy,42.15,110538585750,11762341
2026-08-28,BP,2027-12-31,4.1286,6.71362,3.4219,12,205877750807,8,Energy,42.15,110538585750,11762341
2026-08-28,BR,2031-06-30,15.45,15.64817,15.17323,2,9446000000,3,Technology,183.64,21239435120,734211
2026-08-28,BR,2030-06-30,14,14.17957,13.74921,1,9036000000,4,Technology,183.64,21239435120,734211
2026-08-28,BR,2029-06-30,12.68506,13.00641,12.37683,4,8638702631,5,Technology,183.64,21239435120,734211
2026-08-28,BR,2028-06-30,11.56017,11.64978,11.50043,7,8228534755,7,Technology,183.64,21239435120,734211
2026-08-28,BRBR,2030-09-30,1.6745,1.70049,1.64012,1,2590022041,4,Consumer Defensive,10.69,1243011820,2600691
2026-08-28,BRBR,2029-09-30,1.61549,1.64056,1.58232,1,2533523931,4,Consumer Defensive,10.69,1243011820,2600691
2026-08-28,BRBR,2028-09-30,1.52952,1.67249,1.45264,3,2477959896,8,Consumer Defensive,10.69,1243011820,2600691
2026-08-28,BRBR,2027-09-30,1.32148,1.38201,1.25087,7,2384234401,10,Consumer Defensive,10.69,1243011820,2600691
2026-08-28,BRK-B,2028-12-31,22.70855,23.73242,21.68468,1,421633900000,1,Financial Services,505,1089211065475,4848036
2026-08-28,BRK-B,2027-12-31,22.18575,23.2129,21.2435,3,409887700000,2,Financial Services,505,1089211065475,4848036
2026-08-28,BRK-B,2026-12-31,22.17629,23.16892,21.14682,3,403512500000,2,Financial Services,505,1089211065475,4848036
2026-08-28,BRK-B,2025-12-31,21.48247,28.25596,18.74786,4,385121126250,1,Financial Services,505,1089211065475,4848036
2026-08-28,BRKR,2030-12-31,3.46,3.51266,3.41744,1,4382800000,6,Healthcare,57.08,8689038618,1928335
2026-08-28,BRKR,2029-12-31,3.26711,3.31684,3.22692,1,4226360773,6,Healthcare,57.08,8689038618,1928335
2026-08-28,BRKR,2028-12-31,2.80723,3.05238,2.56207,2,3912226745,8,Healthcare,57.08,8689038618,1928335
2026-08-28,BRKR,2027-12-31,2.41146,2.5107,2.33207,6,3701726653,8,Healthcare,57.08,8689038618,1928335
2026-08-28,BRO,2028-12-31,5.27378,5.35639,5.16139,5,7726092264,10,Financial Services,73.31,24530285272,1397427
2026-08-28,BRO,2027-12-31,4.8382,5.07712,4.61919,12,7292323081,11,Financial Services,73.31,24530285272,1397427
2026-08-28,BRO,2026-12-31,4.49061,4.6403,4.42076,12,6992594740,11,Financial Services,73.31,24530285272,1397427
2026-08-28,BRO,2025-12-31,4.2488,4.31845,4.21895,11,5945787392,9,Financial Services,73.31,24530285272,1397427
2026-08-28,BROS,2030-12-31,2.46,2.58062,2.39378,1,4599100000,6,Consumer Cyclical,49.91,8623823726,2603924
2026-08-28,BROS,2029-12-31,1.97,2.06659,1.91697,1,3935600000,6,Consumer Cyclical,49.91,8623823726,2603924
2026-08-28,BROS,2028-12-31,1.60636,1.78666,1.29838,4,3239431796,8,Consumer Cyclical,49.91,8623823726,2603924
2026-08-28,BROS,2027-12-31,1.26473,1.37603,1.0219,10,2662719938,14,Consumer Cyclical,49.91,8623823726,2603924
2026-08-28,BRSL,2029-12-31,0.78,0.79196,0.76306,1,2834000000,4,Consumer Cyclical,11.57,2125269593,1466567
2026-08-28,BRSL,2028-12-31,0.88049,1.09615,0.59607,3,2677540833,6,Consumer Cyclical,11.57,2125269593,1466567
2026-08-28,BRSL,2027-12-31,0.76229,0.88329,0.62919,4,2576502000,6,Consumer Cyclical,11.57,2125269593,1466567
2026-08-28,BRSL,2026-12-31,0.52686,0.56198,0.49174,3,2486873000,6,Consumer Cyclical,11.57,2125269593,1466567
2026-08-28,BRUN,2028-12-31,0,0,0,1,638812900,1,Technology,17.05,1377203452,3622383
2026-08-28,BRUN,2027-12-31,1.14667,1.18366,1.10968,2,516486599,2,Technology,17.05,1377203452,3622383
2026-08-28,BRUN,2026-12-31,-0.45667,1.26462,-2.17796,2,175963500,2,Technology,17.05,1377203452,3622383
2026-08-28,BRUN,2025-12-31,0.14,0.16591,0.11409,1,31500000,1,Technology,17.05,1377203452,3622383
2026-08-28,BRX,2030-12-31,1.05,1.06929,1.02356,1,1680600000,2,Real Estate,29.17,8951456240,1583707
2026-08-28,BRX,2029-12-31,1.12,1.14058,1.0918,1,1643553000,1,Real Estate,29.17,8951456240,1583707
2026-08-28,BRX,2028-12-31,1.09373,1.15139,1.01029,3,1561810426,3,Real Estate,29.17,8951456240,1583707
2026-08-28,BRX,2027-12-31,1.03296,1.05785,1.01222,6,1497071605,6,Real Estate,29.17,8951456240,1583707
2026-08-28,BRZE,2031-01-31,0,0,0,1,1477000000,3,Technology,34.53,3889171531,1868854
2026-08-28,BRZE,2030-01-31,0,0,0,0,1332000000,4,Technology,34.53,3889171531,1868854
2026-08-28,BRZE,2029-01-31,1.23149,1.42316,0.95665,3,1234794330,8,Technology,34.53,3889171531,1868854
2026-08-28,BRZE,2028-01-31,0.96321,1.13154,0.80423,12,1047910265,15,Technology,34.53,3889171531,1868854
2026-08-28,BSP,2027-12-31,2.21,2.47,1.95,5,4350000000,6,Technology,43.59,29188001744,1188517
2026-08-28,BSP,2026-12-31,1.4,1.43,1.37,4,2810000000,6,Technology,43.59,29188001744,1188517
2026-08-28,BSX,2030-12-31,4.7025,5.10632,4.59998,4,28149250000,11,Healthcare,46.84,69621102400,17143444
2026-08-28,BSX,2029-12-31,4.14266,4.4984,4.05234,2,25505076662,11,Healthcare,46.84,69621102400,17143444
2026-08-28,BSX,2028-12-31,3.76858,4.0583,3.60868,7,23803169440,23,Healthcare,46.84,69621102400,17143444
2026-08-28,BSX,2027-12-31,3.42195,3.71212,3.32189,16,22280030158,22,Healthcare,46.84,69621102400,17143444
2026-08-28,BSY,2028-12-31,1.81721,1.99786,1.69141,3,2061189465,4,Technology,37.3,10902101703,2429846
2026-08-28,BSY,2027-12-31,1.56574,1.67406,1.48696,9,1872204951,13,Technology,37.3,10902101703,2429846
2026-08-28,BSY,2026-12-31,1.39694,1.42687,1.37698,9,1695436523,13,Technology,37.3,10902101703,2429846
2026-08-28,BSY,2025-12-31,1.18243,1.22184,1.15287,11,1491961367,10,Technology,37.3,10902101703,2429846
2026-08-28,BTDR,2028-12-31,-1.34667,-1.12132,-1.60066,1,1667805700,3,Technology,10.32,2409406932,13526232
2026-08-28,BTDR,2027-12-31,-0.32034,-0.26673,-0.38076,4,1575049700,6,Technology,10.32,2409406932,13526232
2026-08-28,BTDR,2026-12-31,-1.60346,-1.43566,-1.77126,5,950557667,8,Technology,10.32,2409406932,13526232
2026-08-28,BTDR,2025-12-31,-0.468,-0.06933333,-0.84933,4,600333833,8,Technology,10.32,2409406932,13526232
2026-08-28,BTI,2030-12-31,5.30258,5.40007,5.23285,1,32103297623,4,Consumer Defensive,56.13,121068359042,3689356
2026-08-28,BTI,2029-12-31,4.6007,4.68528,4.5402,1,29511919829,4,Consumer Defensive,56.13,121068359042,3689356
2026-08-28,BTI,2028-12-31,4.20601,4.28334,4.1507,2,28119397740,3,Consumer Defensive,56.13,121068359042,3689356
2026-08-28,BTI,2027-12-31,3.89683,3.97176,3.79191,4,27110120445,9,Consumer Defensive,56.13,121068359042,3689356
2026-08-28,BTSG,2030-12-31,5.45,5.73981,5.27759,2,30941642000,6,Healthcare,59.13,11604759192,1506252
2026-08-28,BTSG,2029-12-31,3.82,4.02314,3.69916,3,24502154500,11,Healthcare,59.13,11604759192,1506252
2026-08-28,BTSG,2028-12-31,2.80934,3.38219,2.24015,6,19892924076,13,Healthcare,59.13,11604759192,1506252
2026-08-28,BTSG,2027-12-31,2.30643,2.49094,2.12192,10,17415891889,14,Healthcare,59.13,11604759192,1506252
2026-08-28,BTU,2028-12-31,2.93313,3.45659,2.16295,4,4609443843,4,Energy,28.92,3522456000,1466123
2026-08-28,BTU,2027-12-31,2.75594,2.85952,2.66807,2,4643677156,3,Energy,28.92,3522456000,1466123
2026-08-28,BTU,2026-12-31,-0.001135,-0.00109881,-0.00117766,2,4267921548,3,Energy,28.92,3522456000,1466123
2026-08-28,BTU,2025-12-31,-0.43766,-0.42371,-0.45411,2,3846391229,3,Energy,28.92,3522456000,1466123
2026-08-28,BUD,2030-12-31,7.2326,7.40487,6.94763,3,76723511844,14,Consumer Defensive,80.13,157810890814,3547430
2026-08-28,BUD,2029-12-31,6.08013,6.22495,5.84057,3,74415251096,14,Consumer Defensive,80.13,157810890814,3547430
2026-08-28,BUD,2028-12-31,5.43865,5.56819,5.22436,4,69956719348,13,Consumer Defensive,80.13,157810890814,3547430
2026-08-28,BUD,2027-12-31,4.926,5.23701,4.55479,9,67431924235,16,Consumer Defensive,80.13,157810890814,3547430
2026-08-28,BURL,2030-01-31,16.42,16.84872,16.04592,1,15544000000,2,Consumer Cyclical,272.95,17180073490,2892654
2026-08-28,BURL,2029-01-31,16.25039,16.96421,15.53656,2,15446155636,5,Consumer Cyclical,272.95,17180073490,2892654
2026-08-28,BURL,2028-01-31,13.98593,17.6591,13.25926,10,14083170599,12,Consumer Cyclical,272.95,17180073490,2892654
2026-08-28,BURL,2027-01-31,11.97375,14.38615,11.42459,10,12925767932,12,Consumer Cyclical,272.95,17180073490,2892654
2026-08-28,BUSE,2027-12-31,2.72571,2.85598,2.64554,6,799900667,4,Financial Services,30.29,2561843388,566999
2026-08-28,BUSE,2026-12-31,2.54429,2.62052,2.47759,6,785305333,4,Financial Services,30.29,2561843388,566999
2026-08-28,BUSE,2025-12-31,1.31143,1.32749,1.29537,5,724730833,4,Financial Services,30.29,2561843388,566999
2026-08-28,BUSE,2024-12-31,2.01435,2.02408,1.99489,5,461498560,3,Financial Services,30.29,2561843388,566999
2026-08-28,BV,2030-09-30,0,0,0,0,3420000000,2,Industrials,11.22,1045704000,801804
2026-08-28,BV,2029-09-30,0,0,0,0,3212000000,2,Industrials,11.22,1045704000,801804
2026-08-28,BV,2028-09-30,0.72352,0.72941,0.71283,1,2868734582,4,Industrials,11.22,1045704000,801804
2026-08-28,BV,2027-09-30,0.611,0.64056,0.54202,6,2763616107,9,Industrials,11.22,1045704000,801804
2026-08-28,BVN,2028-12-31,3.92712,4.0024,3.85184,2,2226267524,3,Basic Materials,35.12,8919986529,1369000
2026-08-28,BVN,2027-12-31,3.96406,4.17492,3.54411,3,2240893808,3,Basic Materials,35.12,8919986529,1369000
2026-08-28,BVN,2026-12-31,4.49454,4.64321,4.34587,2,2470973408,1,Basic Materials,35.12,8919986529,1369000
2026-08-28,BVN,2025-12-31,2.16588,2.18593,2.1358,3,1575249752,3,Basic Materials,35.12,8919986529,1369000
2026-08-28,BWA,2030-12-31,8.615,8.88257,8.2992,1,18681000000,4,Consumer Cyclical,64.09,13145820350,1351970
2026-08-28,BWA,2029-12-31,7.87,8.11443,7.58151,1,17586700000,4,Consumer Cyclical,64.09,13145820350,1351970
2026-08-28,BWA,2028-12-31,6.88777,8.19159,5.12907,4,16081705384,9,Consumer Cyclical,64.09,13145820350,1351970
2026-08-28,BWA,2027-12-31,5.94299,6.08546,5.78017,8,14859608782,11,Consumer Cyclical,64.09,13145820350,1351970
2026-08-28,BWIN,2028-12-31,2.97956,9.50153,0.42929,5,2433009082,6,Financial Services,30.68,2486800074,674853
2026-08-28,BWIN,2027-12-31,2.48084,2.71185,2.25987,7,2211164158,6,Financial Services,30.68,2486800074,674853
2026-08-28,BWIN,2026-12-31,2.01047,2.08155,1.92924,7,2009816882,6,Financial Services,30.68,2486800074,674853
2026-08-28,BWIN,2025-12-31,1.65819,1.67817,1.6482,7,1509852311,6,Financial Services,30.68,2486800074,674853
2026-08-28,BWXT,2030-12-31,6.99667,7.67689,6.70566,4,5133925000,5,Industrials,152.85,14003291610,869878
2026-08-28,BWXT,2029-12-31,6.36333,6.98198,6.09866,2,4736100000,5,Industrials,152.85,14003291610,869878
2026-08-28,BWXT,2028-12-31,5.89673,6.34102,5.46089,7,4475205322,10,Industrials,152.85,14003291610,869878
2026-08-28,BWXT,2027-12-31,5.26851,5.65914,5.10825,12,4168527448,12,Industrials,152.85,14003291610,869878
2026-08-28,BX,2029-12-31,9.12737,9.55919,8.71592,2,16287215500,1,Financial Services,142.36,171969857855,2439278
2026-08-28,BX,2028-12-31,8.24622,8.78841,7.27827,7,19000672775,2,Financial Services,142.36,171969857855,2439278
2026-08-28,BX,2027-12-31,7.45002,8.01932,6.73348,16,18278001134,6,Financial Services,142.36,171969857855,2439278
2026-08-28,BX,2026-12-31,5.9647,6.1539,5.76554,15,14633378402,5,Financial Services,142.36,171969857855,2439278
2026-08-28,BXMT,2028-12-31,1.80325,2.4192,1.1873,2,458188549,1,Real Estate,13.73,2314109120,1811274
2026-08-28,BXMT,2027-12-31,1.48673,1.86396,1.18717,5,561531009,3,Real Estate,13.73,2314109120,1811274
2026-08-28,BXMT,2026-12-31,1.07739,1.39248,0.75214,5,616239094,3,Real Estate,13.73,2314109120,1811274
2026-08-28,BXMT,2025-12-31,0.80723,0.8663,0.75801,6,464070673,4,Real Estate,13.73,2314109120,1811274
2026-08-28,BXP,2030-12-31,0,0,0,1,3740264000,2,Real Estate,69.32,11054972744,857959
2026-08-28,BXP,2029-12-31,2.14,2.23105,2.0155,1,3627371500,1,Real Estate,69.32,11054972744,857959
2026-08-28,BXP,2028-12-31,2.22374,2.77249,1.73698,4,3664976443,3,Real Estate,69.32,11054972744,857959
2026-08-28,BXP,2027-12-31,2.01098,2.05317,1.95473,7,3602817505,4,Real Estate,69.32,11054972744,857959
2026-08-28,BXSL,2028-12-31,2.34597,2.4579,2.28,3,1091018818,2,Financial Services,24.75,5758137074,1441018
2026-08-28,BXSL,2027-12-31,2.5392,2.69667,2.39157,9,1268345875,8,Financial Services,24.75,5758137074,1441018
2026-08-28,BXSL,2026-12-31,2.81896,2.96785,2.73955,8,1286215125,6,Financial Services,24.75,5758137074,1441018
2026-08-28,BXSL,2025-12-31,3.20804,3.22797,3.18811,8,1419961800,6,Financial Services,24.75,5758137074,1441018
2026-08-28,BYD,2028-12-31,8.80024,9.07551,8.52497,2,4401372779,8,Consumer Cyclical,79.47,5773925751,764416
2026-08-28,BYD,2027-12-31,7.73684,8.47463,6.85947,9,4190810588,12,Consumer Cyclical,79.47,5773925751,764416
2026-08-28,BYD,2026-12-31,7.27002,7.87835,7.03068,9,4099654005,12,Consumer Cyclical,79.47,5773925751,764416
2026-08-28,BYD,2025-12-31,7.08231,7.2032,6.80023,9,4052977030,11,Consumer Cyclical,79.47,5773925751,764416
2026-08-28,BZ,2029-12-31,12.79116,13.30359,12.32622,3,13308472006,14,Communication Services,17.8,8145335144,7427069
2026-08-28,BZ,2028-12-31,11.25661,12.11581,10.61119,6,11852911104,16,Communication Services,17.8,8145335144,7427069
2026-08-28,BZ,2027-12-31,9.81622,10.09668,9.67599,10,10553466043,16,Communication Services,17.8,8145335144,7427069
2026-08-28,BZ,2026-12-31,8.61425,9.21525,8.28036,10,9383270525,15,Communication Services,17.8,8145335144,7427069
2026-08-28,C,2030-12-31,18.3,18.83912,17.61012,4,113458000000,4,Financial Services,132.84,227808644400,10657536
2026-08-28,C,2029-12-31,16,16.47136,15.39683,4,108521000000,4,Financial Services,132.84,227808644400,10657536
2026-08-28,C,2028-12-31,14.77711,15.62248,13.13984,10,103501667883,9,Financial Services,132.84,227808644400,10657536
2026-08-28,C,2027-12-31,12.79587,13.19111,12.49944,13,99514266786,14,Financial Services,132.84,227808644400,10657536
2026-08-28,CADL,2030-12-31,4.3375,9.72565,-0.05652467,2,772762400,5,Healthcare,13.07,957641514,1235879
2026-08-28,CADL,2029-12-31,1.81,4.05843,-0.02358724,3,429684800,3,Healthcare,13.07,957641514,1235879
2026-08-28,CADL,2028-12-31,0.15349,3.88538,-2.80996,6,181011075,7,Healthcare,13.07,957641514,1235879
2026-08-28,CADL,2027-12-31,-1.02834,-0.16282,-1.85958,4,43381779,6,Healthcare,13.07,957641514,1235879
2026-08-28,CAE,2030-03-31,2.18283,2.30936,2.06351,1,5688625853,5,Industrials,24.28,7807954776,690052
2026-08-28,CAE,2029-03-31,1.82425,1.89309,1.75541,2,5491522604,10,Industrials,24.28,7807954776,690052
2026-08-28,CAE,2028-03-31,1.52323,1.65633,1.34577,9,5232574088,12,Industrials,24.28,7807954776,690052
2026-08-28,CAE,2027-03-31,1.30304,1.3929,1.13829,9,5136782881,12,Industrials,24.28,7807954776,690052
2026-08-28,CAG,2030-05-31,1.62236,1.68452,1.59771,1,10945399257,5,Consumer Defensive,16.09,7700126940,7798891
2026-08-28,CAG,2029-05-31,1.57035,1.86769,1.34734,4,10878871996,10,Consumer Defensive,16.09,7700126940,7798891
2026-08-28,CAG,2028-05-31,1.50133,1.87427,1.38658,8,10803375454,11,Consumer Defensive,16.09,7700126940,7798891
2026-08-28,CAG,2027-05-31,1.44713,1.7462,1.35065,8,10842231450,10,Consumer Defensive,16.09,7700126940,7798891
2026-08-28,CAH,2031-06-30,20.43,21.31997,19.72817,2,314212000000,8,Healthcare,234.55,54933017300,1777884
2026-08-28,CAH,2030-06-30,17.8,18.5754,17.18852,1,308774150000,8,Healthcare,234.55,54933017300,1777884
2026-08-28,CAH,2029-06-30,15.64646,17.52842,14.31264,4,297200488142,11,Healthcare,234.55,54933017300,1777884
2026-08-28,CAH,2028-06-30,14.09305,14.33621,13.32305,10,282577795808,12,Healthcare,234.55,54933017300,1777884
2026-08-28,CAI,2030-12-31,0.925,0.95213,0.8899,4,1828076400,5,Healthcare,25.63,7245106213,3834335
2026-08-28,CAI,2029-12-31,0.765,0.78744,0.73597,2,1617995100,5,Healthcare,25.63,7245106213,3834335
2026-08-28,CAI,2028-12-31,0.546,0.75767,0.20399,7,1413815192,10,Healthcare,25.63,7245106213,3834335
2026-08-28,CAI,2027-12-31,0.35417,0.43006,0.26984,8,1215794049,9,Healthcare,25.63,7245106213,3834335
2026-08-28,CAKE,2028-12-30,5.62575,5.80832,5.51427,1,4685918854,7,Consumer Cyclical,112.07,5568242778,803166
2026-08-28,CAKE,2027-12-30,4.95625,5.58577,4.39667,12,4313095268,15,Consumer Cyclical,112.07,5568242778,803166
2026-08-28,CAKE,2026-12-30,4.4769,4.70726,4.36673,10,4015456246,14,Consumer Cyclical,112.07,5568242778,803166
2026-08-28,CAKE,2025-12-30,3.75201,3.79203,3.68197,15,3738687705,13,Consumer Cyclical,112.07,5568242778,803166
2026-08-28,CALM,2029-05-30,4.76,5.22447,4.44303,1,2966647000,1,Consumer Defensive,80.21,3763220591,705716
2026-08-28,CALM,2028-05-30,3.8,3.8159,3.7841,3,2798908250,4,Consumer Defensive,80.21,3763220591,705716
2026-08-28,CALM,2027-05-30,1.6125,1.65183,1.57317,3,2596756750,4,Consumer Defensive,80.21,3763220591,705716
2026-08-28,CALM,2026-05-30,7.402,8.12427,6.9091,2,2922844750,4,Consumer Defensive,80.21,3763220591,705716
2026-08-28,CALX,2028-12-31,3.3425,3.39621,3.29767,1,1576400000,3,Technology,37.49,2360520360,795173
2026-08-28,CALX,2027-12-31,2.30286,2.32221,2.27383,3,1377794000,5,Technology,37.49,2360520360,795173
2026-08-28,CALX,2026-12-31,1.72143,1.761,1.68186,3,1191522333,5,Technology,37.49,2360520360,795173
2026-08-28,CALX,2025-12-31,1.34654,1.35651,1.33657,4,997764329,5,Technology,37.49,2360520360,795173
2026-08-28,CALY,2028-12-31,0.97478,0.99496,0.96032,1,2199844394,4,Consumer Cyclical,15.69,2820403020,1290499
2026-08-28,CALY,2027-12-31,0.88562,1.00639,0.77492,7,2136354984,9,Consumer Cyclical,15.69,2820403020,1290499
2026-08-28,CALY,2026-12-31,0.73171,0.8,0.65366,6,2068835575,8,Consumer Cyclical,15.69,2820403020,1290499
2026-08-28,CALY,2025-12-31,-0.1466,-0.10149,-0.19171,7,3924276721,7,Consumer Cyclical,15.69,2820403020,1290499
2026-08-28,CARG,2030-12-31,7.44,7.57123,7.30186,2,1322850000,4,Consumer Cyclical,36.56,3531060112,541705
2026-08-28,CARG,2029-12-31,6.43,6.54341,6.31061,3,1264500000,4,Consumer Cyclical,36.56,3531060112,541705
2026-08-28,CARG,2028-12-31,3.66518,5.71155,3.09816,6,1189998521,9,Consumer Cyclical,36.56,3531060112,541705
2026-08-28,CARG,2027-12-31,3.01809,3.48541,2.82337,8,1104866770,10,Consumer Cyclical,36.56,3531060112,541705
2026-08-28,CARR,2030-12-31,4.55,4.79336,4.25038,4,26991000000,6,Industrials,58.79,48462070101,6044642
2026-08-28,CARR,2029-12-31,4.23984,4.46661,3.96064,2,27405369925,11,Industrials,58.79,48462070101,6044642
2026-08-28,CARR,2028-12-31,3.72518,4.36756,2.97517,7,25511433170,13,Industrials,58.79,48462070101,6044642
2026-08-28,CARR,2027-12-31,3.29773,3.51892,3.03632,14,24281246763,17,Industrials,58.79,48462070101,6044642
2026-08-28,CART,2030-12-31,5.166,5.32895,4.67228,7,5928800000,9,Technology,50.54,11878406800,2075206
2026-08-28,CART,2029-12-31,4.352,4.48927,3.93607,12,5543000000,10,Technology,50.54,11878406800,2075206
2026-08-28,CART,2028-12-31,3.49752,4.27396,2.14741,17,5204948834,18,Technology,50.54,11878406800,2075206
2026-08-28,CART,2027-12-31,2.97783,3.75509,2.43274,21,4709185727,23,Technology,50.54,11878406800,2075206
2026-08-28,CAT,2029-12-31,47.62838,50.72402,44.77553,3,109780417641,4,Industrials,800.25,368624759250,1785995
2026-08-28,CAT,2028-12-31,38.72342,42.4277,29.546,9,98082091818,9,Industrials,800.25,368624759250,1785995
2026-08-28,CAT,2027-12-31,32.37353,35.84636,29.82085,19,88343575177,13,Industrials,800.25,368624759250,1785995
2026-08-28,CAT,2026-12-31,27.25403,28.50928,24.88411,18,79512755571,13,Industrials,800.25,368624759250,1785995
2026-08-28,CAVA,2030-12-28,1.81424,1.89243,1.6896,4,3038926000,11,Consumer Cyclical,66.94,7796759787,1495843
2026-08-28,CAVA,2029-12-28,1.38101,1.44053,1.28613,4,2570869500,7,Consumer Cyclical,66.94,7796759787,1495843
2026-08-28,CAVA,2028-12-28,1.03223,1.17584,0.80204,11,2202391186,12,Consumer Cyclical,66.94,7796759787,1495843
2026-08-28,CAVA,2027-12-28,0.74289,0.8243,0.66148,20,1818156150,21,Consumer Cyclical,66.94,7796759787,1495843
2026-08-28,CB,2028-12-31,31.61528,36.03039,29.77386,7,62648869500,5,Financial Services,339.92,131141136000,1206867
2026-08-28,CB,2027-12-31,29.14562,31.65765,26.17961,16,60545080833,7,Financial Services,339.92,131141136000,1206867
2026-08-28,CB,2026-12-31,27.69394,29.60804,26.18281,16,58004574767,7,Financial Services,339.92,131141136000,1206867
2026-08-28,CB,2025-12-31,24.06547,24.35736,23.72326,18,54708312500,6,Financial Services,339.92,131141136000,1206867
2026-08-28,CBC,2028-12-31,2.15,2.15976,2.14364,2,1261018168,1,Financial Services,32.6,7816442081,587215
2026-08-28,CBC,2027-12-31,2.028,2.04798,1.99803,4,1195678606,3,Financial Services,32.6,7816442081,587215
2026-08-28,CBC,2026-12-31,1.908,1.91799,1.89801,4,1137347604,3,Financial Services,32.6,7816442081,587215
2026-08-28,CBC,2025-12-31,1.794,1.8239,1.77407,4,1029832658,3,Financial Services,32.6,7816442081,587215
2026-08-28,CBRE,2030-12-31,13.45,14.3468,13.03002,1,62829000000,2,Real Estate,150.87,43688225209,1474369
2026-08-28,CBRE,2029-12-31,11.56,12.33078,11.19903,1,62009500000,2,Real Estate,150.87,43688225209,1474369
2026-08-28,CBRE,2028-12-31,10.12129,11.93848,8.89708,5,56873924529,5,Real Estate,150.87,43688225209,1474369
2026-08-28,CBRE,2027-12-31,8.97322,9.40676,8.14647,8,51892689629,5,Real Estate,150.87,43688225209,1474369
2026-08-28,CBRL,2030-08-01,1.55,1.59245,1.50303,1,3698000000,3,Consumer Cyclical,55.66,1244082264,720463
2026-08-28,CBRL,2029-08-01,1.2,1.23286,1.16364,1,3582000000,6,Consumer Cyclical,55.66,1244082264,720463
2026-08-28,CBRL,2028-08-01,1.56534,2.13026,1.26869,3,3482129930,7,Consumer Cyclical,55.66,1244082264,720463
2026-08-28,CBRL,2027-08-01,1.10129,1.48998,0.59229,6,3389542620,7,Consumer Cyclical,55.66,1244082264,720463
2026-08-28,CBRS,2028-12-31,7.97098,14.81,4.55,4,7544614670,10,Technology,179.08,40568339261,5337735
2026-08-28,CBRS,2027-12-31,1.24,1.5,1,6,2850000000,8,Technology,179.08,40568339261,5337735
2026-08-28,CBRS,2026-12-31,-0.52,-0.16,-1,5,885310000,7,Technology,179.08,40568339261,5337735
2026-08-28,CBRS,2025-12-31,1.63897,2.07685,1.44584,2,509991000,5,Technology,179.08,40568339261,5337735
2026-08-28,CBSH,2028-12-31,4.99277,5.00268,4.98286,2,2172008286,2,Financial Services,58.04,8460897080,846242
2026-08-28,CBSH,2027-12-31,4.58928,4.72956,4.3989,8,2061514620,6,Financial Services,58.04,8460897080,846242
2026-08-28,CBSH,2026-12-31,4.26957,4.38008,4.12893,8,1986752320,6,Financial Services,58.04,8460897080,846242
2026-08-28,CBSH,2025-12-31,4.07802,4.19767,3.9484,7,1760227660,4,Financial Services,58.04,8460897080,846242
2026-08-28,CBZ,2030-12-31,6.64256,6.70649,6.55124,1,3170177734,1,Industrials,54.51,2924390637,996613
2026-08-28,CBZ,2029-12-31,5.76947,5.825,5.69015,1,3090121497,1,Industrials,54.51,2924390637,996613
2026-08-28,CBZ,2028-12-31,5.01791,5.06621,4.94892,1,3034936097,2,Industrials,54.51,2924390637,996613
2026-08-28,CBZ,2027-12-31,4.48103,4.62169,4.37051,4,2959064000,4,Industrials,54.51,2924390637,996613
2026-08-28,CC,2028-12-31,2.33522,2.39762,2.27724,1,6484841006,8,Basic Materials,15.62,2348899815,1220516
2026-08-28,CC,2027-12-31,1.96057,2.21672,1.75368,5,6228048260,7,Basic Materials,15.62,2348899815,1220516
2026-08-28,CC,2026-12-31,1.05795,1.19171,0.92419,4,5937777792,6,Basic Materials,15.62,2348899815,1220516
2026-08-28,CC,2025-12-31,0.96762,1.01015,0.91445,7,5800573142,7,Basic Materials,15.62,2348899815,1220516
2026-08-28,CCEP,2030-12-31,7.1522,7.23176,7.09187,4,25862372011,4,Consumer Defensive,109.1,48355083800,1099338
2026-08-28,CCEP,2029-12-31,6.27687,6.34669,6.22392,2,24822704470,4,Consumer Defensive,109.1,48355083800,1099338
2026-08-28,CCEP,2028-12-31,5.45857,5.51929,5.41253,4,23721132486,3,Consumer Defensive,109.1,48355083800,1099338
2026-08-28,CCEP,2027-12-31,4.99059,5.31666,4.42903,7,22845819637,9,Consumer Defensive,109.1,48355083800,1099338
2026-08-28,CCI,2030-12-31,3.43,3.51792,3.36421,5,4576860000,6,Real Estate,76.14,33273180000,1935026
2026-08-28,CCI,2029-12-31,3.41373,3.50123,3.34826,10,4439498400,11,Real Estate,76.14,33273180000,1935026
2026-08-28,CCI,2028-12-31,2.96417,3.80359,2.14012,13,4188350982,13,Real Estate,76.14,33273180000,1935026
2026-08-28,CCI,2027-12-31,2.82713,3.09502,2.59344,10,4093170386,14,Real Estate,76.14,33273180000,1935026
2026-08-28,CCJ,2030-12-31,5.49943,5.93585,5.1472,5,4845671005,6,Energy,100.01,43557655330,4011235
2026-08-28,CCJ,2029-12-31,4.32977,4.67337,4.05246,9,4508717795,6,Energy,100.01,43557655330,4011235
2026-08-28,CCJ,2028-12-31,3.28252,3.54301,3.07228,6,4217406134,5,Energy,100.01,43557655330,4011235
2026-08-28,CCJ,2027-12-31,2.62497,5.00576,1.5872,12,3947145281,8,Energy,100.01,43557655330,4011235
2026-08-28,CCK,2028-12-31,9.78053,10.63339,8.99703,4,14161540550,8,Consumer Cyclical,118.44,12881652840,639503
2026-08-28,CCK,2027-12-31,9.03333,9.15337,8.78324,9,13929761616,10,Consumer Cyclical,118.44,12881652840,639503
2026-08-28,CCK,2026-12-31,8.40634,8.46646,8.36626,9,13648824756,10,Consumer Cyclical,118.44,12881652840,639503
2026-08-28,CCK,2025-12-31,7.75815,7.85826,7.7081,9,12246862642,9,Consumer Cyclical,118.44,12881652840,639503
2026-08-28,CCL,2030-11-30,3.66,3.72823,3.59862,3,31956000000,9,Consumer Cyclical,24.76,33912512186,19115985
2026-08-28,CCL,2029-11-30,3.5194,3.58501,3.46038,7,30968479223,7,Consumer Cyclical,24.76,33912512186,19115985
2026-08-28,CCL,2028-11-30,3.09652,3.24646,2.93923,9,29833736306,14,Consumer Cyclical,24.76,33912512186,19115985
2026-08-28,CCL,2027-11-30,2.64018,2.72142,2.54879,17,28597680986,19,Consumer Cyclical,24.76,33912512186,19115985
2026-08-28,CDE,2030-12-31,0.93,1.20855,0.76627,1,7957154676,2,Basic Materials,21.13,21775195063,24286950
2026-08-28,CDE,2029-12-31,1.3175,1.71211,1.08554,1,4861000000,1,Basic Materials,21.13,21775195063,24286950
2026-08-28,CDE,2028-12-31,1.62333,2.30952,1.13088,3,5290650000,3,Basic Materials,21.13,21775195063,24286950
2026-08-28,CDE,2027-12-31,1.57165,1.92698,1.27099,5,5936404243,3,Basic Materials,21.13,21775195063,24286950
2026-08-28,CDNA,2028-12-31,1.9364,2.48304,1.38976,2,591124827,1,Healthcare,49.79,2575845818,1176748
2026-08-28,CDNA,2027-12-31,1.355,1.3657,1.34366,4,524022808,5,Healthcare,49.79,2575845818,1176748
2026-08-28,CDNA,2026-12-31,1.21333,1.22291,1.20317,4,495183203,5,Healthcare,49.79,2575845818,1176748
2026-08-28,CDNA,2025-12-31,-0.29858,-0.29425,-0.30291,4,374600478,4,Healthcare,49.79,2575845818,1176748
2026-08-28,CDNL,2027-12-31,2.28,2.35,2.2,2,1067770332,3,Industrials,38.04,581743894,569130
2026-08-28,CDNL,2026-12-31,1.77667,1.93033,1.61341,2,892216000,3,Industrials,38.04,581743894,569130
2026-08-28,CDNL,2025-12-31,1.03547,1.093,0.96836,2,448710833,2,Industrials,38.04,581743894,569130
2026-08-28,CDNS,2030-12-31,10.93,11.34751,10.51949,5,8915000000,12,Technology,340.39,93741023270,1794901
2026-08-28,CDNS,2029-12-31,11.2593,11.68939,10.83642,5,8592552411,8,Technology,340.39,93741023270,1794901
2026-08-28,CDNS,2028-12-31,10.89096,14.09038,8.761,8,8017381186,14,Technology,340.39,93741023270,1794901
2026-08-28,CDNS,2027-12-31,9.52604,10.17393,8.88827,16,7176759500,20,Technology,340.39,93741023270,1794901
2026-08-28,CDP,2030-12-31,0,0,0,0,910335000,2,Real Estate,36.59,4148460149,565619
2026-08-28,CDP,2029-12-31,1.49,1.51754,1.45266,1,887798500,1,Real Estate,36.59,4148460149,565619
2026-08-28,CDP,2028-12-31,1.60313,1.67626,1.53,2,778586573,3,Real Estate,36.59,4148460149,565619
2026-08-28,CDP,2027-12-31,1.47648,1.48162,1.46619,2,791699286,3,Real Estate,36.59,4148460149,565619
2026-08-28,CDW,2029-12-31,0,0,0,0,27059971547,2,Technology,147.69,18867840570,1636870
2026-08-28,CDW,2028-12-31,13.00309,13.28746,12.71872,2,25842242994,5,Technology,147.69,18867840570,1636870
2026-08-28,CDW,2027-12-31,11.93734,13.52634,11.07332,7,25133741376,7,Technology,147.69,18867840570,1636870
2026-08-28,CDW,2026-12-31,10.92963,11.10088,10.49647,7,24243196994,7,Technology,147.69,18867840570,1636870
2026-08-28,CE,2029-12-31,11.95,12.6803,11.0071,1,8832726583,5,Basic Materials,45,4934814255,1215485
2026-08-28,CE,2028-12-31,7.50068,8.80572,6.76523,3,10411886026,11,Basic Materials,45,4934814255,1215485
2026-08-28,CE,2027-12-31,6.30519,6.85347,5.01572,9,10035792670,11,Basic Materials,45,4934814255,1215485
2026-08-28,CE,2026-12-31,5.99865,6.05924,5.69569,9,10023915086,12,Basic Materials,45,4934814255,1215485
2026-08-28,CEG,2030-12-31,21.41655,26.53609,16.83186,3,41024165181,5,Utilities,276.75,99381484035,1720807
2026-08-28,CEG,2029-12-31,19.74738,24.46791,15.52001,3,39758899690,5,Utilities,276.75,99381484035,1720807
2026-08-28,CEG,2028-12-31,16.76064,19.43121,14.50999,9,36171108677,10,Utilities,276.75,99381484035,1720807
2026-08-28,CEG,2027-12-31,13.26623,14.22696,12.38727,12,34288239459,8,Utilities,276.75,99381484035,1720807
2026-08-28,CELC,2030-12-31,10.80429,18.18317,4.14644,5,1752936000,5,Healthcare,88.44,4312890511,610267
2026-08-28,CELC,2029-12-31,6.86143,11.5475,2.63326,5,1254356429,3,Healthcare,88.44,4312890511,610267
2026-08-28,CELC,2028-12-31,2.72125,6.57,0.24,8,780861125,7,Healthcare,88.44,4312890511,610267
2026-08-28,CELC,2027-12-31,-1.51364,0.08991921,-3.19213,5,386759818,7,Healthcare,88.44,4312890511,610267
2026-08-28,CELH,2030-12-31,2.09526,2.23695,1.93025,5,3988666822,12,Consumer Defensive,32.98,8431019073,5999806
2026-08-28,CELH,2029-12-31,1.98272,2.1168,1.82657,5,3728920849,8,Consumer Defensive,32.98,8431019073,5999806
2026-08-28,CELH,2028-12-31,1.98639,2.64734,1.30865,8,3681354191,14,Consumer Defensive,32.98,8431019073,5999806
2026-08-28,CELH,2027-12-31,1.74478,2.2839,1.30368,16,3431113039,19,Consumer Defensive,32.98,8431019073,5999806
2026-08-28,CENX,2028-12-31,16.965,17.97127,15.95875,2,4039769285,3,Basic Materials,46.59,4611198660,1766073
2026-08-28,CENX,2027-12-31,11.27667,11.91637,10.64288,2,4114436248,3,Basic Materials,46.59,4611198660,1766073
2026-08-28,CENX,2026-12-31,10.07333,10.64476,9.50717,2,3383948088,3,Basic Materials,46.59,4611198660,1766073
2026-08-28,CENX,2025-12-31,2.18333,2.30718,2.06062,1,2545707175,2,Basic Materials,46.59,4611198660,1766073
2026-08-28,CF,2030-12-31,7.93,10.93046,7.14756,2,6600000000,12,Basic Materials,125.77,19321919330,1534733
2026-08-28,CF,2029-12-31,7.0786,9.75692,6.38017,3,6339661721,8,Basic Materials,125.77,19321919330,1534733
2026-08-28,CF,2028-12-31,8.87956,10.87725,7.37366,6,6829412379,14,Basic Materials,125.77,19321919330,1534733
2026-08-28,CF,2027-12-31,10.5633,11.94112,9.00576,8,7172924650,15,Basic Materials,125.77,19321919330,1534733
2026-08-28,CFG,2029-12-31,5.74,5.78667,5.68765,3,7235021651,1,Financial Services,69.71,29479104220,2375901
2026-08-28,CFG,2028-12-31,7.46827,7.79269,7.3007,6,10542998193,2,Financial Services,69.71,29479104220,2375901
2026-08-28,CFG,2027-12-31,6.4994,6.79845,6.37978,11,9976776006,6,Financial Services,69.71,29479104220,2375901
2026-08-28,CFG,2026-12-31,5.31132,5.39149,5.26121,11,9189541952,5,Financial Services,69.71,29479104220,2375901
2026-08-28,CG,2029-12-31,6.11368,6.47454,5.69435,1,5950600000,1,Financial Services,49.09,17671123660,1881190
2026-08-28,CG,2028-12-31,6.04919,7.40673,4.69163,2,5540876510,2,Financial Services,49.09,17671123660,1881190
2026-08-28,CG,2027-12-31,5.1428,5.7408,4.67437,9,5083532341,5,Financial Services,49.09,17671123660,1881190
2026-08-28,CG,2026-12-31,3.64763,4.03315,3.37085,9,3762925499,4,Financial Services,49.09,17671123660,1881190
2026-08-28,CGAU,2030-12-31,1.655,1.87052,1.49377,4,3067000000,2,Basic Materials,23.44,4585051520,1696818
2026-08-28,CGAU,2029-12-31,2.71895,3.07301,2.45406,2,2900205900,2,Basic Materials,23.44,4585051520,1696818
2026-08-28,CGAU,2028-12-31,2.2009,2.4875,1.98648,4,2432433817,1,Basic Materials,23.44,4585051520,1696818
2026-08-28,CGAU,2027-12-31,1.92653,2.79854,1.39927,7,1954032104,4,Basic Materials,23.44,4585051520,1696818
2026-08-28,CGBD,2028-12-31,1.37,1.39693,1.34186,1,240300000,1,Financial Services,11.78,818676168,668434
2026-08-28,CGBD,2027-12-31,1.40102,1.48051,1.35134,6,252384200,6,Financial Services,11.78,818676168,668434
2026-08-28,CGBD,2026-12-31,1.3899,1.45989,1.3299,5,250506400,4,Financial Services,11.78,818676168,668434
2026-08-28,CGBD,2025-12-31,1.52793,1.5479,1.49797,6,255310040,5,Financial Services,11.78,818676168,668434
2026-08-28,CGEM,2030-12-31,-1.705,-1.04505,-2.85419,4,237175150,6,Healthcare,21.7,1333638600,630052
2026-08-28,CGEM,2029-12-31,-2.93,-1.79589,-4.90486,2,77901500,6,Healthcare,21.7,1333638600,630052
2026-08-28,CGEM,2028-12-31,-3.13815,-2.91342,-3.49819,7,38687870,8,Healthcare,21.7,1333638600,630052
2026-08-28,CGEM,2027-12-31,-2.61803,-1.68439,-3.05116,8,45521446,8,Healthcare,21.7,1333638600,630052
2026-08-28,CGNX,2030-12-31,2.39,2.49241,2.27896,5,1643845000,5,Technology,60.46,10061720007,1087594
2026-08-28,CGNX,2029-12-31,2.475,2.58106,2.36001,5,1539121500,5,Technology,60.46,10061720007,1087594
2026-08-28,CGNX,2028-12-31,2.28017,2.61507,1.88285,8,1367787718,11,Technology,60.46,10061720007,1087594
2026-08-28,CGNX,2027-12-31,2.00727,2.24525,1.78999,13,1251842055,13,Technology,60.46,10061720007,1087594
2026-08-28,CGON,2030-12-31,6.29778,11.4796,0.3573,5,1515675000,6,Healthcare,74.34,6556971843,612555
2026-08-28,CGON,2029-12-31,2.65889,4.84663,0.15085,9,931206444,10,Healthcare,74.34,6556971843,612555
2026-08-28,CGON,2028-12-31,-0.90115,0.6876,-2.57303,12,390793083,12,Healthcare,74.34,6556971843,612555
2026-08-28,CGON,2027-12-31,-3.13055,-2.15727,-3.64227,11,80665628,10,Healthcare,74.34,6556971843,612555
2026-08-28,CHA,2028-12-31,10.61966,11.12934,9.84319,2,16911711827,2,Consumer Cyclical,10.8,2060243899,2011564
2026-08-28,CHA,2027-12-31,9.84159,10.31393,9.12201,4,15745889214,6,Consumer Cyclical,10.8,2060243899,2011564
2026-08-28,CHA,2026-12-31,8.91535,9.34324,8.26349,4,14202506792,6,Consumer Cyclical,10.8,2060243899,2011564
2026-08-28,CHA,2025-12-31,9.39405,10.59479,8.1933,5,13093185447,5,Consumer Cyclical,10.8,2060243899,2011564
2026-08-28,CHD,2030-12-31,4.82873,4.89619,4.77754,1,7323850722,5,Consumer Defensive,101.255,23991764720,1239046
2026-08-28,CHD,2029-12-31,4.64141,4.70626,4.5922,1,7045564823,5,Consumer Defensive,101.255,23991764720,1239046
2026-08-28,CHD,2028-12-31,4.34364,4.50856,4.19952,3,6755549123,10,Consumer Defensive,101.255,23991764720,1239046
2026-08-28,CHD,2027-12-31,4.0489,4.16976,3.89782,11,6497472677,13,Consumer Defensive,101.255,23991764720,1239046
2026-08-28,CHDN,2028-12-31,8.16956,8.47907,7.86005,2,3205959167,6,Consumer Cyclical,89.9,6266047980,1095153
2026-08-28,CHDN,2027-12-31,7.38051,7.54495,7.23541,5,3115664258,8,Consumer Cyclical,89.9,6266047980,1095153
2026-08-28,CHDN,2026-12-31,6.94516,7.12025,6.82843,5,3025435011,8,Consumer Cyclical,89.9,6266047980,1095153
2026-08-28,CHDN,2025-12-31,5.92857,6.02279,5.86615,4,2920161900,6,Consumer Cyclical,89.9,6266047980,1095153
2026-08-28,CHEF,2030-12-26,4.69,4.74673,4.62966,1,6277750000,2,Consumer Defensive,115,4691549545,849477
2026-08-28,CHEF,2029-12-26,4.155,4.20525,4.10154,1,5818350000,2,Consumer Defensive,115,4691549545,849477
2026-08-28,CHEF,2028-12-26,3.49161,3.69585,3.28737,2,5388757437,5,Consumer Defensive,115,4691549545,849477
2026-08-28,CHEF,2027-12-26,3.04884,3.11681,2.90319,5,4971499709,6,Consumer Defensive,115,4691549545,849477
2026-08-28,CHKP,2028-12-31,12.54892,14.08354,11.40754,8,3110468123,15,Technology,138.32,14122610320,1144996
2026-08-28,CHKP,2027-12-31,11.28473,11.69418,10.70551,23,2959612830,28,Technology,138.32,14122610320,1144996
2026-08-28,CHKP,2026-12-31,10.44395,10.62385,10.10415,23,2801847314,27,Technology,138.32,14122610320,1144996
2026-08-28,CHKP,2025-12-31,11.26669,11.29665,11.23673,24,2726734509,23,Technology,138.32,14122610320,1144996
2026-08-28,CHRD,2030-12-31,11.72,13.86551,9.68542,2,5629000000,3,Energy,146,8219683200,660475
2026-08-28,CHRD,2029-12-31,12.52667,14.81985,10.35205,3,5671500000,4,Energy,146,8219683200,660475
2026-08-28,CHRD,2028-12-31,14.72807,17.66803,8.57837,6,5823046573,6,Energy,146,8219683200,660475
2026-08-28,CHRD,2027-12-31,13.49794,17.9596,10.75317,8,5598313352,5,Energy,146,8219683200,660475
2026-08-28,CHRW,2030-12-31,8.34,9.01081,7.76117,1,20232500000,5,Industrials,150.39,17726926786,869756
2026-08-28,CHRW,2029-12-31,8.145,8.80013,7.57971,1,20005000000,5,Industrials,150.39,17726926786,869756
2026-08-28,CHRW,2028-12-31,8.27825,8.91486,7.29485,3,20358937092,11,Industrials,150.39,17726926786,869756
2026-08-28,CHRW,2027-12-31,7.50561,8.06802,6.20696,15,19608357039,17,Industrials,150.39,17726926786,869756
2026-08-28,CHTR,2030-12-31,64.99488,65.91013,63.93134,5,54605911915,6,Communication Services,153.62,20704517092,1688547
2026-08-28,CHTR,2029-12-31,56.88505,57.68609,55.95422,9,54335442489,11,Communication Services,153.62,20704517092,1688547
2026-08-28,CHTR,2028-12-31,51.72563,70.40828,34.60881,12,53863175901,13,Communication Services,153.62,20704517092,1688547
2026-08-28,CHTR,2027-12-31,45.06553,49.91626,41.15073,14,53766217098,13,Communication Services,153.62,20704517092,1688547
2026-08-28,CHWY,2031-02-01,1.6,1.62587,1.57768,3,17632266667,10,Consumer Cyclical,23.26,9632438946,5008842
2026-08-28,CHWY,2030-02-01,1.42667,1.44973,1.40677,4,16460974999,7,Consumer Cyclical,23.26,9632438946,5008842
2026-08-28,CHWY,2029-02-01,1.24503,1.39244,1.0419,7,15393953767,12,Consumer Cyclical,23.26,9632438946,5008842
2026-08-28,CHWY,2028-02-01,1.07739,1.14111,0.9963,15,14426939466,19,Consumer Cyclical,23.26,9632438946,5008842
2026-08-28,CHYM,2030-12-31,3.1401,3.24085,3.03736,5,4864103100,7,Technology,33.2,12649835016,5007502
2026-08-28,CHYM,2029-12-31,1.78568,1.84297,1.72725,9,4559318452,10,Technology,33.2,12649835016,5007502
2026-08-28,CHYM,2028-12-31,1.23113,1.65485,0.85033,12,3875194568,15,Technology,33.2,12649835016,5007502
2026-08-28,CHYM,2027-12-31,0.84284,1.2551,0.64129,13,3293422689,16,Technology,33.2,12649835016,5007502
2026-08-28,CI,2030-12-31,46.36,47.65697,44.76273,4,358207000000,12,Healthcare,278.88,73691386736,1310314
2026-08-28,CI,2029-12-31,41.442,42.60139,40.01417,4,339937557050,8,Healthcare,278.88,73691386736,1310314
2026-08-28,CI,2028-12-31,37.08715,40.23337,30.46037,10,316570255577,14,Healthcare,278.88,73691386736,1310314
2026-08-28,CI,2027-12-31,33.46895,33.90986,32.48693,15,299614848410,12,Healthcare,278.88,73691386736,1310314
2026-08-28,CIEN,2029-11-01,20.19,22.51927,18.64833,1,13113171883,7,Technology,378.44,53569287802,1316442
2026-08-28,CIEN,2028-11-01,14.28294,17.02624,10.35669,5,10221349128,13,Technology,378.44,53569287802,1316442
2026-08-28,CIEN,2027-11-01,9.68066,11.3896,7.62993,12,8029108747,14,Technology,378.44,53569287802,1316442
2026-08-28,CIEN,2026-11-01,6.53995,6.70019,6.44981,12,6329581397,13,Technology,378.44,53569287802,1316442
2026-08-28,CIFR,2030-12-31,0.83,0.98501,0.69544,1,1169000000,2,Technology,15.17,6205273330,30699841
2026-08-28,CIFR,2029-12-31,0.51275,0.60851,0.42963,1,1499924850,2,Technology,15.17,6205273330,30699841
2026-08-28,CIFR,2028-12-31,0.073002,0.20143,-0.01622657,3,953299659,5,Technology,15.17,6205273330,30699841
2026-08-28,CIFR,2027-12-31,-0.28633,-0.13563,-0.55759,5,800496459,10,Technology,15.17,6205273330,30699841
2026-08-28,CIM,2028-12-31,1.9,1.98247,1.82494,1,407051376,1,Real Estate,11.5,961929000,722998
2026-08-28,CIM,2027-12-31,2.0875,2.19,1.9,4,303300000,4,Real Estate,11.5,961929000,722998
2026-08-28,CIM,2026-12-31,1.99,2.02794,1.96586,3,306150000,3,Real Estate,11.5,961929000,722998
2026-08-28,CIM,2025-12-31,1.77229,1.84922,1.70227,3,339077620,2,Real Estate,11.5,961929000,722998
2026-08-28,CL,2030-12-31,4.78959,4.86718,4.67578,2,24182111642,6,Consumer Defensive,90.75,72617151750,2773008
2026-08-28,CL,2029-12-31,4.61074,4.68543,4.50118,3,23533802744,11,Consumer Defensive,90.75,72617151750,2773008
2026-08-28,CL,2028-12-31,4.40314,4.75194,3.61601,6,22902737616,13,Consumer Defensive,90.75,72617151750,2773008
2026-08-28,CL,2027-12-31,4.10866,4.27018,4.0279,12,22098867588,15,Consumer Defensive,90.75,72617151750,2773008
2026-08-28,CLBK,2028-12-31,0.41818,0.42921,0.40881,1,610709000,1,Financial Services,11.56,2582906080,2551213
2026-08-28,CLBK,2027-12-31,0.35,0.35455,0.34091,2,560809500,2,Financial Services,11.56,2582906080,2551213
2026-08-28,CLBK,2026-12-31,0.27879,0.29297,0.25989,2,408270500,2,Financial Services,11.56,2582906080,2551213
2026-08-28,CLBK,2025-12-31,0.22727,0.23182,0.21818,1,255350000,1,Financial Services,11.56,2582906080,2551213
2026-08-28,CLBT,2029-12-31,0.91,0.92208,0.89472,1,864700000,1,Technology,11.99,2990783406,1536193
2026-08-28,CLBT,2028-12-31,0.55093,0.55579,0.54608,2,742846332,2,Technology,11.99,2990783406,1536193
2026-08-28,CLBT,2027-12-31,0.37495,0.39638,0.34817,5,640922120,6,Technology,11.99,2990783406,1536193
2026-08-28,CLBT,2026-12-31,0.27593,0.28544,0.26166,5,556648411,6,Technology,11.99,2990783406,1536193
2026-08-28,CLF,2029-12-31,0.8944,0.92739,0.83948,1,22216341908,4,Basic Materials,11.62,6629674800,10679108
2026-08-28,CLF,2028-12-31,0.76606,1.19207,0.42792,4,21987259226,6,Basic Materials,11.62,6629674800,10679108
2026-08-28,CLF,2027-12-31,0.63013,0.8428,0.31507,7,22016535450,9,Basic Materials,11.62,6629674800,10679108
2026-08-28,CLF,2026-12-31,-0.19637,0.098185,-0.54002,5,21474269768,8,Basic Materials,11.62,6629674800,10679108
2026-08-28,CLMT,2030-12-31,3.57,4.2447,3.041,1,5941300000,2,Basic Materials,47.75,4161276269,1259460
2026-08-28,CLMT,2029-12-31,2.48,2.9487,2.11252,1,5663600000,2,Basic Materials,47.75,4161276269,1259460
2026-08-28,CLMT,2028-12-31,3.12149,3.71143,2.65895,1,5013288453,1,Basic Materials,47.75,4161276269,1259460
2026-08-28,CLMT,2027-12-31,1.88643,3.81944,0.68703,2,4706615151,4,Basic Materials,47.75,4161276269,1259460
2026-08-28,CLS,2029-12-31,33.11201,37.24042,29.00282,1,59811215759,5,Technology,298.7,34345123400,1549099
2026-08-28,CLS,2028-12-31,26.51609,28.17819,25.0008,5,47418730518,10,Technology,298.7,34345123400,1549099
2026-08-28,CLS,2027-12-31,19.67691,21.92696,14.68047,11,35776468120,12,Technology,298.7,34345123400,1549099
2026-08-28,CLS,2026-12-31,11.3684,11.86903,10.61746,10,20826729390,11,Technology,298.7,34345123400,1549099
2026-08-28,CLSK,2029-09-30,17.5231,25.51048,13.23312,2,1030648100,3,Financial Services,11.66,2992056346,19952907
2026-08-28,CLSK,2028-09-30,-1.00408,0.02165241,-1.92706,6,783856544,7,Financial Services,11.66,2992056346,19952907
2026-08-28,CLSK,2027-09-30,-1.48851,-0.63027,-1.99809,5,657194429,10,Financial Services,11.66,2992056346,19952907
2026-08-28,CLSK,2026-09-30,-3.58881,-3.22722,-3.79673,4,603230957,10,Financial Services,11.66,2992056346,19952907
2026-08-28,CLX,2030-06-30,6.93946,7.03848,6.81839,1,8297471369,4,Consumer Defensive,102.53,12398030130,1865694
2026-08-28,CLX,2029-06-30,6.64326,7.12023,6.3601,3,8056812476,9,Consumer Defensive,102.53,12398030130,1865694
2026-08-28,CLX,2028-06-30,6.27207,7.45177,5.97715,11,7814475068,13,Consumer Defensive,102.53,12398030130,1865694
2026-08-28,CLX,2027-06-30,5.80572,6.30109,5.69674,11,7634273272,12,Consumer Defensive,102.53,12398030130,1865694
2026-08-28,CLYM,2030-12-31,-2.051,-2.051,-2.051,4,48783143,6,Healthcare,14.57,834321910,840019
2026-08-28,CLYM,2029-12-31,-1.8,-1.8,-1.8,4,4851857,10,Healthcare,14.57,834321910,840019
2026-08-28,CLYM,2028-12-31,-1.38083,-0.8801,-2.58097,11,1071429,12,Healthcare,14.57,834321910,840019
2026-08-28,CLYM,2027-12-31,-1.00224,-0.84301,-1.34881,10,833333,14,Healthcare,14.57,834321910,840019
2026-08-28,CM,2029-10-31,11.43292,11.77397,11.15985,1,30874977781,2,Financial Services,114.33,105939435630,1263805
2026-08-28,CM,2028-10-31,12.46364,12.72179,12.20549,2,36691948229,3,Financial Services,114.33,105939435630,1263805
2026-08-28,CM,2027-10-31,11.37284,11.68366,11.09029,8,34145056598,7,Financial Services,114.33,105939435630,1263805
2026-08-28,CM,2026-10-31,10.49987,10.6274,10.37234,8,33094604441,7,Financial Services,114.33,105939435630,1263805
2026-08-28,CMBT,2029-12-31,1.34534,1.53198,1.24014,1,1786839417,2,Industrials,18.35,5324615059,874085
2026-08-28,CMBT,2028-12-31,1.80247,2.79258,0.44773,5,2126481128,4,Industrials,18.35,5324615059,874085
2026-08-28,CMBT,2027-12-31,1.75818,2.61753,1.21012,4,2073012127,5,Industrials,18.35,5324615059,874085
2026-08-28,CMBT,2026-12-31,2.49514,2.68535,2.34968,3,2196464912,5,Industrials,18.35,5324615059,874085
2026-08-28,CMC,2029-08-31,5.69,5.97009,5.45823,1,7783058933,2,Basic Materials,67.63,7481521612,643569
2026-08-28,CMC,2028-08-31,6.81855,7.6054,6.38806,3,10197973937,5,Basic Materials,67.63,7481521612,643569
2026-08-28,CMC,2027-08-31,7.19532,7.70927,6.1773,7,10043261045,8,Basic Materials,67.63,7481521612,643569
2026-08-28,CMC,2026-08-31,6.38858,6.62911,6.02297,7,9289277259,8,Basic Materials,67.63,7481521612,643569
2026-08-28,CMCSA,2030-12-31,4.93857,5.05273,4.84188,4,125266654562,7,Communication Services,27.06,96026106748,20584595
2026-08-28,CMCSA,2029-12-31,4.3375,4.43776,4.25258,4,121340756927,10,Communication Services,27.06,96026106748,20584595
2026-08-28,CMCSA,2028-12-31,3.90295,4.34588,3.47689,10,121622525666,15,Communication Services,27.06,96026106748,20584595
2026-08-28,CMCSA,2027-12-31,3.61824,4.14774,3.3731,14,118653405208,17,Communication Services,27.06,96026106748,20584595
2026-08-28,CME,2030-12-31,16.05,16.76861,15.2608,1,8730000000,5,Financial Services,285.8,102767757938,2740835
2026-08-28,CME,2029-12-31,14.94936,15.61869,14.21428,1,8473099839,3,Financial Services,285.8,102767757938,2740835
2026-08-28,CME,2028-12-31,13.88367,14.27548,13.20482,4,7866234084,7,Financial Services,285.8,102767757938,2740835
2026-08-28,CME,2027-12-31,12.92903,13.36269,12.20291,10,7385921702,11,Financial Services,285.8,102767757938,2740835
2026-08-28,CMG,2030-12-31,2.2,2.28206,2.14593,2,19509000000,12,Consumer Cyclical,38.03,48782221900,12706882
2026-08-28,CMG,2029-12-31,1.95424,2.02713,1.90621,3,18270000000,8,Consumer Cyclical,38.03,48782221900,12706882
2026-08-28,CMG,2028-12-31,1.58351,1.63019,1.54018,6,15893441853,14,Consumer Cyclical,38.03,48782221900,12706882
2026-08-28,CMG,2027-12-31,1.3707,1.46141,1.29007,21,14426406046,26,Consumer Cyclical,38.03,48782221900,12706882
2026-08-28,CMI,2028-12-31,40.39664,43.92894,30.545,10,44266972590,14,Industrials,564.85,77943086650,767452
2026-08-28,CMI,2027-12-31,34.54499,37.07219,32.85356,12,40979886870,15,Industrials,564.85,77943086650,767452
2026-08-28,CMI,2026-12-31,29.54335,30.40055,28.90544,11,37614333604,14,Industrials,564.85,77943086650,767452
2026-08-28,CMI,2025-12-31,22.79332,23.02942,22.48836,7,33261087532,12,Industrials,564.85,77943086650,767452
2026-08-28,CMPS,2030-12-31,1.417,4.05855,0.23601,4,761352150,6,Healthcare,13.73,1852496840,2643279
2026-08-28,CMPS,2029-12-31,0.006,0.01718509,0.000999330488,4,458040483,10,Healthcare,13.73,1852496840,2643279
2026-08-28,CMPS,2028-12-31,-1.16636,0.15866,-3.28945,11,197901809,12,Healthcare,13.73,1852496840,2643279
2026-08-28,CMPS,2027-12-31,-1.66375,-0.88971,-2.93603,8,41564538,12,Healthcare,13.73,1852496840,2643279
2026-08-28,CMS,2030-12-31,5.23811,5.57693,4.88865,1,10406879006,4,Utilities,68.21,21389087170,2176145
2026-08-28,CMS,2029-12-31,4.83842,5.15138,4.51562,1,10118854227,4,Utilities,68.21,21389087170,2176145
2026-08-28,CMS,2028-12-31,4.48574,4.51845,4.448,4,9799097372,9,Utilities,68.21,21389087170,2176145
2026-08-28,CMS,2027-12-31,4.15926,4.18925,4.12927,10,9357855895,8,Utilities,68.21,21389087170,2176145
2026-08-28,CNC,2030-12-31,9.055,9.34041,8.78875,1,216886000000,6,Healthcare,64.75,31986176250,2526609
2026-08-28,CNC,2029-12-31,8.14937,8.40623,7.90975,1,207120023567,10,Healthcare,64.75,31986176250,2526609
2026-08-28,CNC,2028-12-31,6.48044,7.14329,6.02257,5,200036672896,12,Healthcare,64.75,31986176250,2526609
2026-08-28,CNC,2027-12-31,5.26443,6.16155,4.91938,12,193472138005,12,Healthcare,64.75,31986176250,2526609
2026-08-28,CNH,2030-12-31,0.76,0.77965,0.73264,5,20374000000,5,Industrials,11.68,14482622272,12221773
2026-08-28,CNH,2029-12-31,0.74,0.75913,0.71336,10,19760000000,3,Industrials,11.68,14482622272,12221773
2026-08-28,CNH,2028-12-31,0.94252,0.96689,0.90859,8,20169466168,3,Industrials,11.68,14482622272,12221773
2026-08-28,CNH,2027-12-31,0.64998,0.99922,0.53357,13,18868124947,7,Industrials,11.68,14482622272,12221773
2026-08-28,CNI,2030-12-31,11.48108,11.86028,11.16406,14,23056553798,8,Industrials,126.01,76223449000,768366
2026-08-28,CNI,2029-12-31,11.20615,11.57626,10.89672,8,22187053810,13,Industrials,126.01,76223449000,768366
2026-08-28,CNI,2028-12-31,10.223,10.56064,9.94072,9,20894273275,8,Industrials,126.01,76223449000,768366
2026-08-28,CNI,2027-12-31,9.22321,9.51279,9.0205,19,19769543014,17,Industrials,126.01,76223449000,768366
2026-08-28,CNK,2030-12-31,3.34161,3.50973,3.22479,4,4293743939,6,Communication Services,35.99,4171672880,1720984
2026-08-28,CNK,2029-12-31,3.11505,3.27177,3.00615,2,4128684653,6,Communication Services,35.99,4171672880,1720984
2026-08-28,CNK,2028-12-31,2.79355,3.27666,2.34451,7,3807054415,8,Communication Services,35.99,4171672880,1720984
2026-08-28,CNK,2027-12-31,2.59243,2.99202,2.38776,8,3662750339,9,Communication Services,35.99,4171672880,1720984
2026-08-28,CNM,2029-02-01,3.9257,4.12022,3.58567,6,8641170883,8,Industrials,43.02,8053035590,1662548
2026-08-28,CNM,2028-02-01,3.49544,3.55502,3.44579,6,8205675144,10,Industrials,43.02,8053035590,1662548
2026-08-28,CNM,2027-02-01,3.13591,3.16578,3.10604,6,7840569154,9,Industrials,43.02,8053035590,1662548
2026-08-28,CNM,2026-02-01,2.28609,2.29389,2.27829,4,7655078484,8,Industrials,43.02,8053035590,1662548
2026-08-28,CNO,2029-12-31,6.3,6.3,6.3,1,4602502900,1,Financial Services,55.37,5168706445,532231
2026-08-28,CNO,2028-12-31,5.58043,5.58043,5.58043,1,4351300000,1,Financial Services,55.37,5168706445,532231
2026-08-28,CNO,2027-12-31,5.07061,5.1617,4.9694,2,4202300000,1,Financial Services,55.37,5168706445,532231
2026-08-28,CNO,2026-12-31,4.74645,4.75646,4.72642,2,4068450000,1,Financial Services,55.37,5168706445,532231
2026-08-28,CNP,2030-12-31,2.6929,3.09011,2.42198,2,12072695670,5,Utilities,39.24,25848172800,7220407
2026-08-28,CNP,2029-12-31,2.47351,2.83836,2.22466,3,11525102870,5,Utilities,39.24,25848172800,7220407
2026-08-28,CNP,2028-12-31,2.27712,2.36155,2.22854,6,10866526230,11,Utilities,39.24,25848172800,7220407
2026-08-28,CNP,2027-12-31,2.0855,2.10555,2.02534,11,10334326631,9,Utilities,39.24,25848172800,7220407
2026-08-28,CNQ,2030-12-31,3.82727,4.12797,3.53274,4,33736894000,2,Energy,48.99,102178932900,6923794
2026-08-28,CNQ,2029-12-31,3.69881,3.98941,3.41417,2,35221326000,2,Energy,48.99,102178932900,6923794
2026-08-28,CNQ,2028-12-31,3.65764,4.69246,2.12046,7,32303829857,5,Energy,48.99,102178932900,6923794
2026-08-28,CNQ,2027-12-31,3.69384,4.12045,3.50655,8,33030267558,5,Energy,48.99,102178932900,6923794
2026-08-28,CNX,2030-12-31,5.2,5.55156,4.89214,1,2534000000,2,Energy,36.2,5355559370,992098
2026-08-28,CNX,2029-12-31,4.455,4.75619,4.19125,1,2535000000,1,Energy,36.2,5355559370,992098
2026-08-28,CNX,2028-12-31,5.05857,6.71014,3.73939,3,2329237620,3,Energy,36.2,5355559370,992098
2026-08-28,CNX,2027-12-31,4.15951,5.38169,3.72815,6,2187982801,4,Energy,36.2,5355559370,992098
2026-08-28,CNXC,2029-11-30,15.18869,15.25719,15.12505,1,10858223349,1,Technology,29.38,1792717654,1252175
2026-08-28,CNXC,2028-11-30,15.32249,15.3916,15.25829,1,10793172082,1,Technology,29.38,1792717654,1252175
2026-08-28,CNXC,2027-11-30,11.575,11.6741,11.46599,2,10083604149,2,Technology,29.38,1792717654,1252175
2026-08-28,CNXC,2026-11-30,10.97,10.98996,10.95004,2,9957572667,2,Technology,29.38,1792717654,1252175
2026-08-28,COCO,2030-12-31,3.09,3.24473,2.96552,1,1240000000,2,Consumer Defensive,61.71,3541973992,599186
2026-08-28,COCO,2029-12-31,2.8,2.94021,2.68721,1,1132000000,2,Consumer Defensive,61.71,3541973992,599186
2026-08-28,COCO,2028-12-31,2.468,2.55,2.37,5,1093580632,5,Consumer Defensive,61.71,3541973992,599186
2026-08-28,COCO,2027-12-31,2.21455,2.4682,1.92188,5,962405279,7,Consumer Defensive,61.71,3541973992,599186
2026-08-28,COF,2029-12-31,39.16846,40.4658,38.1187,4,78638148872,11,Financial Services,215.67,132310309950,2536449
2026-08-28,COF,2028-12-31,27.75471,30.08778,25.55142,10,71736069226,13,Financial Services,215.67,132310309950,2536449
2026-08-28,COF,2027-12-31,23.8691,24.90689,22.45212,14,67856811889,15,Financial Services,215.67,132310309950,2536449
2026-08-28,COF,2026-12-31,20.43565,20.82845,19.99249,14,63956908555,11,Financial Services,215.67,132310309950,2536449
2026-08-28,COGT,2030-12-31,4.485,6.87238,0.78321,4,1800220833,6,Healthcare,34.67,5923993560,1771022
2026-08-28,COGT,2029-12-31,2.92719,4.48534,0.51117,2,1361099429,6,Healthcare,34.67,5923993560,1771022
2026-08-28,COGT,2028-12-31,1.02078,2.83642,-0.23823,7,809130484,8,Healthcare,34.67,5923993560,1771022
2026-08-28,COGT,2027-12-31,-0.9709,-0.33869,-1.37732,8,310294736,9,Healthcare,34.67,5923993560,1771022
2026-08-28,COHR,2029-06-30,18.52743,22.04521,16.54903,1,19150943483,5,Technology,279.2,54622498423,5203328
2026-08-28,COHR,2028-06-30,14.05331,17.10077,11.71624,9,14577090118,13,Technology,279.2,54622498423,5203328
2026-08-28,COHR,2027-06-30,9.43667,10.32199,8.18918,12,10601037730,15,Technology,279.2,54622498423,5203328
2026-08-28,COHR,2026-06-30,5.47694,5.57707,5.41686,11,7073879729,16,Technology,279.2,54622498423,5203328
2026-08-28,COHU,2028-12-27,2.555,3.18658,1.98085,3,887409833,5,Technology,48,2264414400,647763
2026-08-28,COHU,2027-12-27,1.84625,2.18775,1.54743,5,769802250,6,Technology,48,2264414400,647763
2026-08-28,COHU,2026-12-27,0.95,1.1067,0.7933,5,612467125,6,Technology,48,2264414400,647763
2026-08-28,COHU,2025-12-27,0.00072,0.00075228955,0.000681791908,4,452800000,3,Technology,48,2264414400,647763
2026-08-28,COIN,2030-12-31,1.25,1.90887,1.02842,5,5171000000,6,Financial Services,178.64,47131328626,9959934
2026-08-28,COIN,2029-12-31,7.34141,11.21104,6.04003,5,8350515713,10,Financial Services,178.64,47131328626,9959934
2026-08-28,COIN,2028-12-31,4.85092,7.51164,1.8154,8,7504660468,12,Financial Services,178.64,47131328626,9959934
2026-08-28,COIN,2027-12-31,2.57982,4.81374,0.61973,20,6594792519,21,Financial Services,178.64,47131328626,9959934
2026-08-28,COKE,2025-12-31,0,0,0,0,7228055000,1,Consumer Defensive,198.49,15591667188,577177
2026-08-28,COKE,2024-12-31,4.13073,4.13073,4.13073,1,6263202007,1,Consumer Defensive,198.49,15591667188,577177
2026-08-28,COKE,2023-12-31,3.89387,3.89387,3.89387,9,6092655656,1,Consumer Defensive,198.49,15591667188,577177
2026-08-28,COKE,2022-12-31,3.66646,3.66646,3.66646,6,5926739640,1,Consumer Defensive,198.49,15591667188,577177
2026-08-28,COLB,2028-12-31,3.42886,3.58808,3.33974,3,2842215629,2,Financial Services,30.07,8504307190,2649655
2026-08-28,COLB,2027-12-31,3.28069,3.34107,3.18006,10,2805517151,6,Financial Services,30.07,8504307190,2649655
2026-08-28,COLB,2026-12-31,3.02978,3.05978,2.98978,10,2739343923,6,Financial Services,30.07,8504307190,2649655
2026-08-28,COLB,2025-12-31,2.94355,2.97279,2.90456,7,2274830179,4,Financial Services,30.07,8504307190,2649655
2026-08-28,COLD,2030-12-31,0.36,0.38282,0.33657,1,3014150000,2,Real Estate,15.01,4282443060,2208411
2026-08-28,COLD,2029-12-31,0.29,0.30838,0.27113,1,2862100000,2,Real Estate,15.01,4282443060,2208411
2026-08-28,COLD,2028-12-31,0.071163,0.4957,-0.47587,3,2671192975,4,Real Estate,15.01,4282443060,2208411
2026-08-28,COLD,2027-12-31,0.098825,0.10251,0.095875,4,2518026633,6,Real Estate,15.01,4282443060,2208411
2026-08-28,COLL,2030-12-31,10.085,10.70714,9.31604,1,911400000,2,Healthcare,25.35,822196298,813950
2026-08-28,COLL,2029-12-31,9.885,10.4948,9.13129,1,884600000,1,Healthcare,25.35,822196298,813950
2026-08-28,COLL,2028-12-31,5.825,6.18434,5.38086,1,820166667,3,Healthcare,25.35,822196298,813950
2026-08-28,COLL,2027-12-31,6.76538,8.33462,5.15458,2,828100000,3,Healthcare,25.35,822196298,813950
2026-08-28,COMP,2030-12-31,1.18,1.22551,1.14689,1,19969000000,2,Real Estate,10.97,6671764230,8609295
2026-08-28,COMP,2029-12-31,0.88,0.91394,0.85531,1,18472000000,2,Real Estate,10.97,6671764230,8609295
2026-08-28,COMP,2028-12-31,0.51103,0.80919,0.35879,5,16758642210,5,Real Estate,10.97,6671764230,8609295
2026-08-28,COMP,2027-12-31,0.25733,0.34311,0.1787,5,15662323262,7,Real Estate,10.97,6671764230,8609295
2026-08-28,CON,2028-12-31,1.98223,1.99127,1.96612,1,2640491436,4,Healthcare,34.26,4383970583,507830
2026-08-28,CON,2027-12-31,1.83,1.89134,1.6562,5,2491161061,7,Healthcare,34.26,4383970583,507830
2026-08-28,CON,2026-12-31,1.63981,1.7218,1.52707,5,2347854609,7,Healthcare,34.26,4383970583,507830
2026-08-28,CON,2025-12-31,1.32106,1.32709,1.30089,2,2157488278,2,Healthcare,34.26,4383970583,507830
2026-08-28,COO,2029-10-31,5.79241,5.85645,5.74808,3,4992450627,6,Healthcare,71.17,13880356270,1011285
2026-08-28,COO,2028-10-31,5.43072,6.09628,4.47308,7,4750826079,12,Healthcare,71.17,13880356270,1011285
2026-08-28,COO,2027-10-31,5.00646,5.07669,4.9262,11,4514612245,13,Healthcare,71.17,13880356270,1011285
2026-08-28,COO,2026-10-31,4.63143,4.67144,4.61142,11,4306763438,13,Healthcare,71.17,13880356270,1011285
2026-08-28,COP,2030-12-31,11.825,12.56587,11.03373,1,74733500000,2,Energy,130.35,158804623812,4651172
2026-08-28,COP,2029-12-31,9.9648,10.58912,9.29801,1,72083500000,2,Energy,130.35,158804623812,4651172
2026-08-28,COP,2028-12-31,9.799,11.03369,8.35512,5,66861117103,4,Energy,130.35,158804623812,4651172
2026-08-28,COP,2027-12-31,9.153,10.48038,7.99402,11,65811868565,5,Energy,130.35,158804623812,4651172
2026-08-28,COR,2030-09-30,31.74,32.83602,30.95357,1,382997300000,5,Healthcare,322.03,62654498152,625238
2026-08-28,COR,2029-09-30,25.735,26.62366,25.09736,1,389070900000,3,Healthcare,322.03,62654498152,625238
2026-08-28,COR,2028-09-30,21.96459,24.50642,19.87291,3,371418815120,7,Healthcare,322.03,62654498152,625238
2026-08-28,COR,2027-09-30,19.80486,20.11541,19.47428,7,353247433749,8,Healthcare,322.03,62654498152,625238
2026-08-28,CORT,2030-12-31,12.2025,14.43491,10.88421,1,3121066750,2,Healthcare,113.88,12310200240,917880
2026-08-28,CORT,2029-12-31,8.5375,10.09941,7.61515,1,2489109000,2,Healthcare,113.88,12310200240,917880
2026-08-28,CORT,2028-12-31,7.115,11.63,3.72,4,2181914000,4,Healthcare,113.88,12310200240,917880
2026-08-28,CORT,2027-12-31,4.2907,5.06402,2.38234,4,1587326920,3,Healthcare,113.88,12310200240,917880
2026-08-28,CORZ,2030-12-31,1.6,2.13914,1.31642,5,4350400000,4,Technology,16.51,5305330681,10608191
2026-08-28,CORZ,2029-12-31,-0.38727,-0.31863,-0.51777,5,2567014250,4,Technology,16.51,5305330681,10608191
2026-08-28,CORZ,2028-12-31,0.77234,2.64042,-2.40842,8,1740412825,9,Technology,16.51,5305330681,10608191
2026-08-28,CORZ,2027-12-31,0.29522,0.69144,0.08545842,7,1155529967,11,Technology,16.51,5305330681,10608191
2026-08-28,COST,2030-08-31,28.49,29.26538,27.57266,9,394416500000,10,Consumer Defensive,945.47,419296090130,1400393
2026-08-28,COST,2029-08-31,27.25044,27.99208,26.37302,9,374837684938,10,Consumer Defensive,945.47,419296090130,1400393
2026-08-28,COST,2028-08-31,24.99417,26.91532,23.73065,21,350745484111,21,Consumer Defensive,945.47,419296090130,1400393
2026-08-28,COST,2027-08-31,22.69444,23.46067,21.8778,27,326781206669,25,Consumer Defensive,945.47,419296090130,1400393
2026-08-28,CP,2030-12-31,8.24914,8.49749,7.98607,1,21016840869,14,Industrials,94.12,82738936563,1332007
2026-08-28,CP,2029-12-31,7.8874,8.12486,7.63586,1,20640233474,14,Industrials,94.12,82738936563,1332007
2026-08-28,CP,2028-12-31,7.00593,7.34032,6.7096,4,19033108061,16,Industrials,94.12,82738936563,1332007
2026-08-28,CP,2027-12-31,6.14386,6.47249,6.02956,16,17765286052,19,Industrials,94.12,82738936563,1332007
2026-08-28,CPB,2030-08-03,2.08719,2.36804,1.99453,1,9780931094,1,Consumer Defensive,23.39,6975038340,3513142
2026-08-28,CPB,2029-08-03,2.12396,2.40976,2.02967,1,9757134873,2,Consumer Defensive,23.39,6975038340,3513142
2026-08-28,CPB,2028-08-03,1.98908,2.91457,1.57158,6,9686291110,11,Consumer Defensive,23.39,6975038340,3513142
2026-08-28,CPB,2027-08-03,1.86876,2.35255,1.56521,13,9657406394,14,Consumer Defensive,23.39,6975038340,3513142
2026-08-28,CPNG,2029-12-31,0.5502,0.58534,0.52378,7,48354233700,8,Consumer Cyclical,16.52,29694893069,12401448
2026-08-28,CPNG,2028-12-31,0.71346,1.16377,0.31486,14,47283358422,14,Consumer Cyclical,16.52,29694893069,12401448
2026-08-28,CPNG,2027-12-31,0.32117,0.37956,0.20438,8,42152970284,12,Consumer Cyclical,16.52,29694893069,12401448
2026-08-28,CPNG,2026-12-31,-0.50709,-0.29358,-0.64053,6,37029671977,12,Consumer Cyclical,16.52,29694893069,12401448
2026-08-28,CPRI,2029-03-28,2.68469,3.4099,1.95949,2,3569477509,5,Consumer Cyclical,13.5,1549747431,3186855
2026-08-28,CPRI,2028-03-28,2.51455,2.72163,2.2483,8,3488379843,11,Consumer Cyclical,13.5,1549747431,3186855
2026-08-28,CPRI,2027-03-28,2.12464,2.16492,1.96353,8,3401714776,10,Consumer Cyclical,13.5,1549747431,3186855
2026-08-28,CPRI,2026-03-28,1.40502,1.43534,1.33426,10,3478764402,9,Consumer Cyclical,13.5,1549747431,3186855
2026-08-28,CPRT,2030-07-31,2.19,2.30531,2.07932,1,5474600000,1,Industrials,32.99,30542520791,6771845
2026-08-28,CPRT,2029-07-31,2.02,2.07654,1.96346,2,5304100000,2,Industrials,32.99,30542520791,6771845
2026-08-28,CPRT,2028-07-31,1.85,1.91393,1.78872,4,5115650000,4,Industrials,32.99,30542520791,6771845
2026-08-28,CPRT,2027-07-31,1.67068,1.71094,1.55997,9,4818294666,9,Industrials,32.99,30542520791,6771845
2026-08-28,CPT,2030-12-31,0,0,0,0,1799055000,1,Real Estate,106.35,10690302000,845054
2026-08-28,CPT,2029-12-31,2.19,2.2456,2.12604,1,1700830000,1,Real Estate,106.35,10690302000,845054
2026-08-28,CPT,2028-12-31,1.46174,1.54747,1.376,2,1632957001,2,Real Estate,106.35,10690302000,845054
2026-08-28,CPT,2027-12-31,1.15978,1.17327,1.13787,4,1558102622,6,Real Estate,106.35,10690302000,845054
2026-08-28,CRBG,2029-12-31,7.6,8.28276,6.85442,3,24887000000,3,Financial Services,32.61,14536514698,1880863
2026-08-28,CRBG,2028-12-31,6.62191,7.00897,6.15971,6,22604632665,7,Financial Services,32.61,14536514698,1880863
2026-08-28,CRBG,2027-12-31,5.7664,5.86669,5.4856,10,21671515544,6,Financial Services,32.61,14536514698,1880863
2026-08-28,CRBG,2026-12-31,4.55208,4.84895,4.31458,10,19631071472,6,Financial Services,32.61,14536514698,1880863
2026-08-28,CRCL,2028-12-31,2.1252,3.2,1.14,14,4618539360,16,Financial Services,87.14,23291710204,14589870
2026-08-28,CRCL,2027-12-31,1.47,1.78,1.17,16,3790000000,20,Financial Services,87.14,23291710204,14589870
2026-08-28,CRCL,2026-12-31,1.04,1.24,0.76,17,3010000000,20,Financial Services,87.14,23291710204,14589870
2026-08-28,CRCL,2025-12-31,-0.89,-0.6,-1.4,10,2730000000,13,Financial Services,87.14,23291710204,14589870
2026-08-28,CRDO,2031-05-02,12.5,14.75239,10.57618,2,6000000000,2,Technology,232.75,43402730760,3516306
2026-08-28,CRDO,2030-05-02,10.85,12.80507,9.18012,1,5125000000,5,Technology,232.75,43402730760,3516306
2026-08-28,CRDO,2029-05-02,11.29202,13.44361,9.84637,4,4796328162,6,Technology,232.75,43402730760,3516306
2026-08-28,CRDO,2028-05-02,9.15179,10.66642,8.26648,11,3683761404,13,Technology,232.75,43402730760,3516306
2026-08-28,CRGY,2030-12-31,2.02,2.15156,1.88152,1,4375000000,2,Energy,13.54,4471947967,3666668
2026-08-28,CRGY,2029-12-31,1.81,1.92789,1.68592,1,4414000000,2,Energy,13.54,4471947967,3666668
2026-08-28,CRGY,2028-12-31,2.02148,2.58252,1.61246,4,4542942442,4,Energy,13.54,4471947967,3666668
2026-08-28,CRGY,2027-12-31,2.02339,2.70928,1.28605,7,4527716415,5,Energy,13.54,4471947967,3666668
2026-08-28,CRH,2030-12-31,10.145,10.63381,9.71327,5,51091000000,12,Basic Materials,95.86,64053671172,3341650
2026-08-28,CRH,2029-12-31,8.63261,9.04855,8.26524,9,48289102637,8,Basic Materials,95.86,64053671172,3341650
2026-08-28,CRH,2028-12-31,7.52384,8.43903,6.9221,12,44705685102,14,Basic Materials,95.86,64053671172,3341650
2026-08-28,CRH,2027-12-31,6.6511,6.84113,6.48107,12,42229752037,15,Basic Materials,95.86,64053671172,3341650
2026-08-28,CRI,2029-01-03,3.97375,4.26796,3.67953,2,3046165907,4,Consumer Cyclical,33.55,1236320855,1059206
2026-08-28,CRI,2028-01-03,3.6358,3.73092,3.54068,4,3021119849,4,Consumer Cyclical,33.55,1236320855,1059206
2026-08-28,CRI,2027-01-03,3.26041,3.39957,3.11131,4,2975168675,4,Consumer Cyclical,33.55,1236320855,1059206
2026-08-28,CRI,2026-01-03,3.31089,3.33114,3.28051,4,2895405279,3,Consumer Cyclical,33.55,1236320855,1059206
2026-08-28,CRK,2030-12-31,1.59,2.00062,1.27848,1,2985000000,3,Energy,14.29,4196915840,1356294
2026-08-28,CRK,2029-12-31,1.745,2.19565,1.40311,1,2844000000,4,Energy,14.29,4196915840,1356294
2026-08-28,CRK,2028-12-31,1.24866,2.18824,0.57947,3,2509474138,6,Energy,14.29,4196915840,1356294
2026-08-28,CRK,2027-12-31,0.64897,1.20708,-0.064897,5,2278961877,6,Energy,14.29,4196915840,1356294
2026-08-28,CRL,2030-12-27,16.46,16.83785,16.14634,1,4700793000,6,Healthcare,291.5,14040884550,659832
2026-08-28,CRL,2029-12-27,16.04177,16.41002,15.73608,1,4491668672,6,Healthcare,291.5,14040884550,659832
2026-08-28,CRL,2028-12-27,14.15283,17.8512,8.81657,5,4178700264,10,Healthcare,291.5,14040884550,659832
2026-08-28,CRL,2027-12-27,12.7329,13.18946,12.07343,10,3986576968,11,Healthcare,291.5,14040884550,659832
2026-08-28,CRM,2031-01-31,25.37,26.33014,24.89042,9,71498000000,21,Technology,256,209664000000,34320234
2026-08-28,CRM,2030-01-31,20.77,21.55605,20.37737,7,60655350000,18,Technology,256,209664000000,34320234
2026-08-28,CRM,2029-01-31,18.42592,21.22536,16.21125,17,55604909016,28,Technology,256,209664000000,34320234
2026-08-28,CRM,2028-01-31,15.93966,17.35125,14.68262,31,50696301071,39,Technology,256,209664000000,34320234
2026-08-28,CRNX,2030-12-31,5.315,8.54551,3.37997,2,1620154250,5,Healthcare,84.84,8990325120,711482
2026-08-28,CRNX,2029-12-31,1.6275,2.61671,1.03498,3,986271750,3,Healthcare,84.84,8990325120,711482
2026-08-28,CRNX,2028-12-31,-2.02038,-0.64908,-2.88291,6,454888019,7,Healthcare,84.84,8990325120,711482
2026-08-28,CRNX,2027-12-31,-4.02474,-3.35892,-4.65081,9,180399980,9,Healthcare,84.84,8990325120,711482
2026-08-28,CROX,2029-12-31,14.83,15.11676,14.53604,1,4563000000,2,Consumer Cyclical,122.23,5860329573,845214
2026-08-28,CROX,2028-12-31,15.21661,15.6284,14.80482,2,4182779558,4,Consumer Cyclical,122.23,5860329573,845214
2026-08-28,CROX,2027-12-31,14.95046,15.36047,14.34044,8,4203563180,10,Consumer Cyclical,122.23,5860329573,845214
2026-08-28,CROX,2026-12-31,13.95039,14.19213,13.41655,8,4101609251,10,Consumer Cyclical,122.23,5860329573,845214
2026-08-28,CRSP,2030-12-31,19.33714,117.2217,-4.4386,3,6751004571,5,Healthcare,57.72,5567024736,1385787
2026-08-28,CRSP,2029-12-31,4.45571,27.0105,-1.02275,3,2631629286,5,Healthcare,57.72,5567024736,1385787
2026-08-28,CRSP,2028-12-31,-2.00283,9.21601,-6.78438,9,560040575,10,Healthcare,57.72,5567024736,1385787
2026-08-28,CRSP,2027-12-31,-3.28689,-1.07439,-4.91668,15,147433182,13,Healthcare,57.72,5567024736,1385787
2026-08-28,CRSR,2028-12-31,0.87992,0.92392,0.83592,2,1630304780,5,Technology,12,1282584000,1193180
2026-08-28,CRSR,2027-12-31,0.82874,0.88186,0.74374,6,1511835375,6,Technology,12,1282584000,1193180
2026-08-28,CRSR,2026-12-31,0.89931,0.91929,0.87933,6,1440892125,6,Technology,12,1282584000,1193180
2026-08-28,CRSR,2025-12-31,0.45506,0.46517,0.44495,5,1455868833,4,Technology,12,1282584000,1193180
2026-08-28,CRUS,2029-03-28,10.32,10.59778,10.13016,1,2243000000,1,Technology,108.48,5473110849,611359
2026-08-28,CRUS,2028-03-28,8.9002,9.45883,8.57828,3,2117604249,4,Technology,108.48,5473110849,611359
2026-08-28,CRUS,2027-03-28,8.4312,8.97361,8.05056,3,2020775500,4,Technology,108.48,5473110849,611359
2026-08-28,CRUS,2026-03-28,9.06533,9.07534,8.89857,4,1991166000,4,Technology,108.48,5473110849,611359
2026-08-28,CRVS,2030-12-31,0.1325,0.1325,0.1325,2,159253750,2,Healthcare,14.16,1190720064,644531
2026-08-28,CRVS,2029-12-31,-0.328,-0.328,-0.328,3,83892250,2,Healthcare,14.16,1190720064,644531
2026-08-28,CRVS,2028-12-31,-0.75167,-0.03822035,-1.41415,6,31805600,4,Healthcare,14.16,1190720064,644531
2026-08-28,CRVS,2027-12-31,-0.92937,-0.70141,-1.12226,5,3788000,3,Healthcare,14.16,1190720064,644531
2026-08-28,CRWD,2031-01-31,2.73,2.89784,2.58664,4,11982300000,21,Technology,218.4,222387826752,14700037
2026-08-28,CRWD,2030-01-31,2.28917,2.42991,2.16896,3,10219100000,13,Technology,218.4,222387826752,14700037
2026-08-28,CRWD,2029-01-31,1.99913,3.63382,0.99003,9,8797035732,26,Technology,218.4,222387826752,14700037
2026-08-28,CRWD,2028-01-31,1.55784,1.95474,1.44869,27,7244485037,39,Technology,218.4,222387826752,14700037
2026-08-28,CRWV,2030-12-31,14.86388,17.64329,11.88291,4,83792819117,11,Technology,84.23,45953393781,17232715
2026-08-28,CRWV,2029-12-31,4.98512,5.91729,3.98535,4,58688536029,11,Technology,84.23,45953393781,17232715
2026-08-28,CRWV,2028-12-31,0.63788,1.23209,-0.47336,11,41999016570,23,Technology,84.23,45953393781,17232715
2026-08-28,CRWV,2027-12-31,-1.92729,1.54645,-3.80842,16,26476713750,29,Technology,84.23,45953393781,17232715
2026-08-28,CSCO,2029-07-25,5.99722,7.13956,5.30108,6,82797012040,11,Technology,109.93,433281912723,13033724
2026-08-28,CSCO,2028-07-25,5.59066,5.952,5.27951,14,78249996987,17,Technology,109.93,433281912723,13033724
2026-08-28,CSCO,2027-07-25,5.11984,5.38034,4.97957,14,73096056014,16,Technology,109.93,433281912723,13033724
2026-08-28,CSCO,2026-07-25,4.27656,4.32652,4.25658,14,62915882499,18,Technology,109.93,433281912723,13033724
2026-08-28,CSGP,2030-12-31,3.40224,3.52828,3.31282,5,5516085311,6,Real Estate,32.22,13055479560,4336370
2026-08-28,CSGP,2029-12-31,2.78045,2.88345,2.70737,5,5027222314,11,Real Estate,32.22,13055479560,4336370
2026-08-28,CSGP,2028-12-31,2.17627,2.54311,1.95624,8,4611145761,13,Real Estate,32.22,13055479560,4336370
2026-08-28,CSGP,2027-12-31,1.71225,1.93384,1.45038,13,4137904832,15,Real Estate,32.22,13055479560,4336370
2026-08-28,CSIQ,2030-12-31,5.55,6.98224,4.31827,1,7970000000,6,Energy,13.14,892162638,3082842
2026-08-28,CSIQ,2029-12-31,7.83,9.85063,6.09226,1,7586000000,6,Energy,13.14,892162638,3082842
2026-08-28,CSIQ,2028-12-31,3.19911,4.8853,1.50447,4,7165369178,8,Energy,13.14,892162638,3082842
2026-08-28,CSIQ,2027-12-31,2.05703,6.25925,-1.23422,3,6994659769,8,Energy,13.14,892162638,3082842
2026-08-28,CSTM,2030-12-31,0,0,0,0,10365000000,1,Basic Materials,26.98,3656545440,1183860
2026-08-28,CSTM,2029-12-31,0,0,0,0,9745000000,1,Basic Materials,26.98,3656545440,1183860
2026-08-28,CSTM,2028-12-31,2.75983,2.83476,2.6849,2,10251585709,2,Basic Materials,26.98,3656545440,1183860
2026-08-28,CSTM,2027-12-31,2.6473,2.66562,2.63814,2,10387910640,4,Basic Materials,26.98,3656545440,1183860
2026-08-28,CSWC,2028-03-31,2.402,2.46281,2.32092,4,300396000,4,Financial Services,25.47,1582723629,607710
2026-08-28,CSWC,2027-03-31,2.315,2.34559,2.28441,4,265396400,5,Financial Services,25.47,1582723629,607710
2026-08-28,CSWC,2026-03-31,2.38571,2.39578,2.30268,4,236111667,5,Financial Services,25.47,1582723629,607710
2026-08-28,CSWC,2025-03-31,2.54203,2.552,2.52209,3,205107833,5,Financial Services,25.47,1582723629,607710
2026-08-28,CSX,2030-12-31,2.935,3.02131,2.85409,4,18370000000,6,Industrials,51.28,94995174400,6691332
2026-08-28,CSX,2029-12-31,2.76397,2.84525,2.68777,2,17529998291,10,Industrials,51.28,94995174400,6691332
2026-08-28,CSX,2028-12-31,2.51203,2.66382,2.36266,7,16548823132,12,Industrials,51.28,94995174400,6691332
2026-08-28,CSX,2027-12-31,2.27612,2.3986,2.18426,16,15961544761,16,Industrials,51.28,94995174400,6691332
2026-08-28,CTAS,2030-05-31,7.4973,7.59379,7.38898,1,15074661928,4,Industrials,204.18,81706620965,1344010
2026-08-28,CTAS,2029-05-31,6.81822,7.09284,6.37556,5,14038392803,8,Industrials,204.18,81706620965,1344010
2026-08-28,CTAS,2028-05-31,6.12444,6.3152,5.98388,12,13114274923,14,Industrials,204.18,81706620965,1344010
2026-08-28,CTAS,2027-05-31,5.49816,5.56826,5.43807,13,12214543678,15,Industrials,204.18,81706620965,1344010
2026-08-28,CTRE,2029-12-31,1.9,2.13226,1.6509,1,798000000,1,Real Estate,39.03,9220456372,1011772
2026-08-28,CTRE,2028-12-31,1.81351,1.92226,1.633,4,761602788,3,Real Estate,39.03,9220456372,1011772
2026-08-28,CTRE,2027-12-31,1.6514,1.71746,1.55599,5,588966841,3,Real Estate,39.03,9220456372,1011772
2026-08-28,CTRE,2026-12-31,1.5133,1.52821,1.47603,4,504794794,2,Real Estate,39.03,9220456372,1011772
2026-08-28,CTRI,2030-12-28,2.38,2.49409,2.30112,1,6167000000,2,Utilities,20.32,2051569176,1280030
2026-08-28,CTRI,2029-12-28,1.95,2.04348,1.88537,1,5499000000,1,Utilities,20.32,2051569176,1280030
2026-08-28,CTRI,2028-12-28,1.24017,1.29962,1.19907,1,4536944450,3,Utilities,20.32,2051569176,1280030
2026-08-28,CTRI,2027-12-28,0.97836,1.12407,0.79101,3,4121537673,4,Utilities,20.32,2051569176,1280030
2026-08-28,CTSH,2029-12-31,6.2582,6.37252,6.14753,7,24739377871,9,Technology,64.04,28846447144,5302703
2026-08-28,CTSH,2028-12-31,6.97502,7.37759,6.77998,14,24454440165,19,Technology,64.04,28846447144,5302703
2026-08-28,CTSH,2027-12-31,6.31319,6.53295,6.19332,19,23241381187,22,Technology,64.04,28846447144,5302703
2026-08-28,CTSH,2026-12-31,5.75207,5.82259,5.45993,18,22188256015,21,Technology,64.04,28846447144,5302703
2026-08-28,CTVA,2029-12-31,5.16094,5.28845,5.05479,1,19415584431,10,Basic Materials,83.9,56113998000,3118530
2026-08-28,CTVA,2028-12-31,4.61507,4.73516,4.49498,2,19246136100,12,Basic Materials,83.9,56113998000,3118530
2026-08-28,CTVA,2027-12-31,4.15269,4.48826,3.69128,5,18733645059,15,Basic Materials,83.9,56113998000,3118530
2026-08-28,CTVA,2026-12-31,3.75249,3.8231,3.68188,11,18122685309,15,Basic Materials,83.9,56113998000,3118530
2026-08-28,CUBE,2030-12-31,1.52,1.56636,1.46475,1,1421800000,2,Real Estate,40.02,9061088280,1290718
2026-08-28,CUBE,2029-12-31,1.575,1.62304,1.51775,1,1277720000,2,Real Estate,40.02,9061088280,1290718
2026-08-28,CUBE,2028-12-31,1.56235,1.68788,1.45817,5,1203286333,4,Real Estate,40.02,9061088280,1290718
2026-08-28,CUBE,2027-12-31,1.5505,1.5802,1.44357,7,1160149136,6,Real Estate,40.02,9061088280,1290718
2026-08-28,CURB,2030-12-31,0.12,0.14116,0.10556,1,598000000,2,Real Estate,29.99,3449990250,1222362
2026-08-28,CURB,2029-12-31,0.41,0.4823,0.36065,1,488780000,2,Real Estate,29.99,3449990250,1222362
2026-08-28,CURB,2028-12-31,0.29187,0.46498,0.06038731,3,338375054,5,Real Estate,29.99,3449990250,1222362
2026-08-28,CURB,2027-12-31,0.2358,0.24259,0.22732,3,287568587,6,Real Estate,29.99,3449990250,1222362
2026-08-28,CUZ,2030-12-31,0,0,0,0,1209811000,2,Real Estate,29.44,4845882880,876286
2026-08-28,CUZ,2029-12-31,0.48,0.48713,0.47165,1,1161140000,2,Real Estate,29.44,4845882880,876286
2026-08-28,CUZ,2028-12-31,0.58379,0.59247,0.57364,1,1112988750,4,Real Estate,29.44,4845882880,876286
2026-08-28,CUZ,2027-12-31,0.46354,0.46805,0.45451,3,1086594931,5,Real Estate,29.44,4845882880,876286
2026-08-28,CVBF,2028-12-31,2.09,2.12576,2.05473,1,510012234,1,Financial Services,22.19,3182977802,949241
2026-08-28,CVBF,2027-12-31,1.98333,2.09296,1.91356,5,797377840,4,Financial Services,22.19,3182977802,949241
2026-08-28,CVBF,2026-12-31,1.50333,1.56451,1.44215,5,699467060,4,Financial Services,22.19,3182977802,949241
2026-08-28,CVBF,2025-12-31,1.50333,1.52324,1.47346,5,518441000,3,Financial Services,22.19,3182977802,949241
2026-08-28,CVE,2030-12-31,4.62557,5.15067,4.14841,2,50691175551,1,Energy,31.58,58241257100,4816223
2026-08-28,CVE,2029-12-31,4.41315,4.91414,3.9579,3,50444932541,1,Energy,31.58,58241257100,4816223
2026-08-28,CVE,2028-12-31,4.05721,5.00783,2.06373,6,57868634416,1,Energy,31.58,58241257100,4816223
2026-08-28,CVE,2027-12-31,3.72857,4.26894,3.10714,6,55383967192,3,Energy,31.58,58241257100,4816223
2026-08-28,CVI,2030-12-31,0.55,0.6039,0.49787,1,8275717007,2,Energy,41.76,4198157814,929667
2026-08-28,CVI,2029-12-31,1.65,1.8117,1.49362,1,8039913353,1,Energy,41.76,4198157814,929667
2026-08-28,CVI,2028-12-31,1.73792,1.90824,1.5732,1,7472221074,3,Energy,41.76,4198157814,929667
2026-08-28,CVI,2027-12-31,2.18951,2.7031,1.66691,3,7668352333,4,Energy,41.76,4198157814,929667
2026-08-28,CVNA,2030-12-31,2.85,3.14707,2.48455,4,60358650000,6,Consumer Cyclical,74.04,81209712785,4622532
2026-08-28,CVNA,2029-12-31,2.59,2.85997,2.25789,2,49994725000,10,Consumer Cyclical,74.04,81209712785,4622532
2026-08-28,CVNA,2028-12-31,2.72141,3.01872,2.42764,7,44498636288,12,Consumer Cyclical,74.04,81209712785,4622532
2026-08-28,CVNA,2027-12-31,2.20814,2.897,2.00054,11,36323870377,16,Consumer Cyclical,74.04,81209712785,4622532
2026-08-28,CVS,2030-12-31,12.68,13.2478,12.21871,5,499256000000,8,Healthcare,93.06,118738045800,3992593
2026-08-28,CVS,2029-12-31,10.9864,11.47837,10.58672,10,483490976967,13,Healthcare,93.06,118738045800,3992593
2026-08-28,CVS,2028-12-31,9.70751,11.18069,8.92157,13,451256120893,17,Healthcare,93.06,118738045800,3992593
2026-08-28,CVS,2027-12-31,8.49233,8.92245,8.24226,17,429108718253,17,Healthcare,93.06,118738045800,3992593
2026-08-28,CVX,2030-12-31,14,15.70726,12.01421,5,234010000000,5,Energy,201.88,402064208000,5244892
2026-08-28,CVX,2029-12-31,13.14,14.74238,11.27619,5,233554500000,5,Energy,201.88,402064208000,5244892
2026-08-28,CVX,2028-12-31,12.70913,16.63962,7.17624,8,214356848519,10,Energy,201.88,402064208000,5244892
2026-08-28,CVX,2027-12-31,13.0391,15.39223,10.27994,15,211444407155,10,Energy,201.88,402064208000,5244892
2026-08-28,CWEN,2030-12-31,1.98593,2.08278,1.87856,1,2666571223,6,Utilities,31.76,6526136999,934380
2026-08-28,CWEN,2029-12-31,0.94689,0.99307,0.8957,1,2385215706,6,Utilities,31.76,6526136999,934380
2026-08-28,CWEN,2028-12-31,0.74678,0.95272,0.34233,3,2072790081,8,Utilities,31.76,6526136999,934380
2026-08-28,CWEN,2027-12-31,0.32094,1.9133,-1.56767,3,1827587411,6,Utilities,31.76,6526136999,934380
2026-08-28,CWK,2030-12-31,2.5,2.5798,2.42215,1,13277000000,5,Real Estate,14.12,3308323131,1206590
2026-08-28,CWK,2029-12-31,2.215,2.2857,2.14603,1,12820500000,3,Real Estate,14.12,3308323131,1206590
2026-08-28,CWK,2028-12-31,1.9841,2.19955,1.56948,5,12584630612,7,Real Estate,14.12,3308323131,1206590
2026-08-28,CWK,2027-12-31,1.72678,1.83658,1.64693,7,11869008151,7,Real Estate,14.12,3308323131,1206590
2026-08-28,CX,2030-12-31,0,0,0,1,19535000000,6,Basic Materials,10.87,15770552797,3413935
2026-08-28,CX,2029-12-31,1.06,1.07992,1.03079,1,19869000000,6,Basic Materials,10.87,15770552797,3413935
2026-08-28,CX,2028-12-31,1.10606,1.12685,1.07558,2,19092166968,5,Basic Materials,10.87,15770552797,3413935
2026-08-28,CX,2027-12-31,0.95515,1.06536,0.87249,4,18339440783,8,Basic Materials,10.87,15770552797,3413935
2026-08-28,CXW,2027-12-31,2.3625,2.44544,2.3102,2,2924627250,3,Real Estate,33.81,3343418833,1074175
2026-08-28,CXW,2026-12-31,16.275,16.3355,16.154,2,2702936400,4,Real Estate,33.81,3343418833,1074175
2026-08-28,CXW,2025-12-31,1.01,1.02036,0.99964,2,2185027400,3,Real Estate,33.81,3343418833,1074175
2026-08-28,CXW,2024-12-31,0.542,0.5453,0.53,4,1947546800,4,Real Estate,33.81,3343418833,1074175
2026-08-28,CYTK,2030-12-31,4.00857,5.93344,2.7328,11,2301753625,14,Healthcare,72.09,8970374970,4360330
2026-08-28,CYTK,2029-12-31,0.85,1.25816,0.57948,7,1516053444,14,Healthcare,72.09,8970374970,4360330
2026-08-28,CYTK,2028-12-31,-1.99654,-0.2186,-4.03143,14,891808520,16,Healthcare,72.09,8970374970,4360330
2026-08-28,CYTK,2027-12-31,-4.48989,-3.02623,-5.37007,15,423565525,16,Healthcare,72.09,8970374970,4360330
2026-08-28,CZR,2028-12-31,0.28891,0.6019,-0.09404622,3,12262557931,9,Consumer Cyclical,29.73,6056606392,2735592
2026-08-28,CZR,2027-12-31,0.21517,0.65683,-0.29444,7,12147485556,13,Consumer Cyclical,29.73,6056606392,2735592
2026-08-28,CZR,2026-12-31,-0.87453,-0.69962,-1.01057,6,11866885049,13,Consumer Cyclical,29.73,6056606392,2735592
2026-08-28,CZR,2025-12-31,-1.33299,-1.15588,-1.43553,3,11455528101,12,Consumer Cyclical,29.73,6056606392,2735592
2026-08-28,D,2030-12-31,4.6581,5.16174,4.36011,1,22854833333,6,Utilities,65.52,57626540178,3275046
2026-08-28,D,2029-12-31,4.35402,4.82479,4.07548,1,21572457143,6,Utilities,65.52,57626540178,3275046
2026-08-28,D,2028-12-31,4.07738,4.10996,4.04981,4,20486598279,8,Utilities,65.52,57626540178,3275046
2026-08-28,D,2027-12-31,3.8132,3.84323,3.78317,10,19383163384,7,Utilities,65.52,57626540178,3275046
2026-08-28,DAKT,2029-05-02,0.15,0.15019,0.1498,1,922792881,1,Technology,19.3,931897489,588096
2026-08-28,DAKT,2028-05-02,1.46667,1.49562,1.42807,2,967019333,2,Technology,19.3,931897489,588096
2026-08-28,DAKT,2027-05-02,1.18667,1.1882,1.18505,2,898846667,2,Technology,19.3,931897489,588096
2026-08-28,DAKT,2026-05-02,0.97333,1.03173,0.91493,2,835365333,3,Technology,19.3,931897489,588096
2026-08-28,DAL,2030-12-31,11.66,12.19939,10.44887,2,82977000000,5,Industrials,80.07,52655873610,3800189
2026-08-28,DAL,2029-12-31,11.31849,11.84208,10.14283,3,77018000000,5,Industrials,80.07,52655873610,3800189
2026-08-28,DAL,2028-12-31,10.15474,11.09089,8.87076,6,73050264223,11,Industrials,80.07,52655873610,3800189
2026-08-28,DAL,2027-12-31,8.73677,10.17963,8.24918,7,69345235454,9,Industrials,80.07,52655873610,3800189
2026-08-28,DAN,2030-12-31,5.875,5.97307,5.78511,1,13235050000,2,Consumer Cyclical,30.35,3786949142,1030014
2026-08-28,DAN,2029-12-31,5.225,5.31222,5.14506,1,12759900000,2,Consumer Cyclical,30.35,3786949142,1030014
2026-08-28,DAN,2028-12-31,4.72315,4.73764,4.70867,2,11310171296,4,Consumer Cyclical,30.35,3786949142,1030014
2026-08-28,DAN,2027-12-31,3.931,3.99662,3.87085,3,10324271516,3,Consumer Cyclical,30.35,3786949142,1030014
2026-08-28,DAR,2031-01-03,5.15,5.40114,4.94169,1,9160252927,1,Consumer Defensive,64.32,10222184640,2965462
2026-08-28,DAR,2030-01-03,4.82616,5.06151,4.63095,1,6986992635,2,Consumer Defensive,64.32,10222184640,2965462
2026-08-28,DAR,2029-01-03,5.01929,5.90294,4.28918,3,7099548615,4,Consumer Defensive,64.32,10222184640,2965462
2026-08-28,DAR,2028-01-03,5.90494,6.46253,5.47532,7,7100515707,6,Consumer Defensive,64.32,10222184640,2965462
2026-08-28,DASH,2030-12-31,14.95714,15.88923,13.82247,10,35457928571,14,Communication Services,236.74,103152047879,2998943
2026-08-28,DASH,2029-12-31,12.30011,13.06662,11.36701,10,30987602433,24,Communication Services,236.74,103152047879,2998943
2026-08-28,DASH,2028-12-31,7.28045,10.52684,5.3461,23,25554502333,26,Communication Services,236.74,103152047879,2998943
2026-08-28,DASH,2027-12-31,4.69659,6,3.81329,28,21525557482,33,Communication Services,236.74,103152047879,2998943
2026-08-28,DB,2029-12-31,5.01489,5.06775,4.95204,1,37014015954,6,Financial Services,40.36,75839668800,1850124
2026-08-28,DB,2028-12-31,4.46436,4.51142,4.40841,1,36659846958,5,Financial Services,40.36,75839668800,1850124
2026-08-28,DB,2027-12-31,3.92385,4.48684,3.69354,3,35114353508,8,Financial Services,40.36,75839668800,1850124
2026-08-28,DB,2026-12-31,3.39878,3.58273,3.25862,3,33823654934,8,Financial Services,40.36,75839668800,1850124
2026-08-28,DBRG,2030-12-31,1.3,1.39012,1.225,1,689530500,2,Financial Services,15.93,2942764559,5470435
2026-08-28,DBRG,2029-12-31,1.13,1.20833,1.06481,1,635122000,1,Financial Services,15.93,2942764559,5470435
2026-08-28,DBRG,2028-12-31,0.93,1.42096,0.43904,2,581339000,3,Financial Services,15.93,2942764559,5470435
2026-08-28,DBRG,2027-12-31,1.16,1.28429,1.03571,3,492697000,3,Financial Services,15.93,2942764559,5470435
2026-08-28,DBX,2029-12-31,0,0,0,0,2299188000,1,Technology,35.7,9086160581,3065186
2026-08-28,DBX,2028-12-31,3.93286,4.37866,3.23206,3,2512814265,3,Technology,35.7,9086160581,3065186
2026-08-28,DBX,2027-12-31,3.32225,3.53561,3.03778,5,2519443968,5,Technology,35.7,9086160581,3065186
2026-08-28,DBX,2026-12-31,3.06642,3.20764,2.96555,5,2520142057,5,Technology,35.7,9086160581,3065186
2026-08-28,DCI,2029-07-31,5.3,5.35,5.25,2,4608100000,2,Industrials,91.89,10651061790,603080
2026-08-28,DCI,2028-07-31,4.84,4.9692,4.77043,3,4357936419,5,Industrials,91.89,10651061790,603080
2026-08-28,DCI,2027-07-31,4.39143,4.54217,4.32109,5,4139948724,6,Industrials,91.89,10651061790,603080
2026-08-28,DCI,2026-07-31,3.95714,3.96713,3.94715,5,3871639500,6,Industrials,91.89,10651061790,603080
2026-08-28,DD,2029-12-31,9.75,9.86245,9.60645,1,8069000000,5,Basic Materials,136.98,18494902620,1055511
2026-08-28,DD,2028-12-31,8.65874,9.50059,8.20513,3,7764058492,11,Basic Materials,136.98,18494902620,1055511
2026-08-28,DD,2027-12-31,7.94349,8.20525,7.67166,8,7446594555,11,Basic Materials,136.98,18494902620,1055511
2026-08-28,DD,2026-12-31,7.25671,7.34655,7.19682,8,7168156588,11,Basic Materials,136.98,18494902620,1055511
2026-08-28,DDOG,2030-12-31,5.26,5.66293,4.95793,5,9037700000,12,Technology,236.98,84355442035,2489254
2026-08-28,DDOG,2029-12-31,4.34,4.67246,4.09077,5,8587191966,12,Technology,236.98,84355442035,2489254
2026-08-28,DDOG,2028-12-31,3.61518,5.33523,2.08074,8,6715070774,25,Technology,236.98,84355442035,2489254
2026-08-28,DDOG,2027-12-31,2.95824,3.57997,2.69751,25,5465287137,34,Technology,236.98,84355442035,2489254
2026-08-28,DE,2028-11-02,26.39445,35.67066,21.93063,13,48781674963,8,Industrials,630.33,170149657100,629952
2026-08-28,DE,2027-11-02,22.23508,23.83042,19.02445,17,44756199356,11,Industrials,630.33,170149657100,629952
2026-08-28,DE,2026-11-02,18.10216,18.61851,17.87377,16,41451931029,11,Industrials,630.33,170149657100,629952
2026-08-28,DE,2025-11-02,18.41715,18.7352,18.18855,17,38285961899,11,Industrials,630.33,170149657100,629952
2026-08-28,DEC,2030-12-31,4.41,4.74321,3.95139,1,1951000000,2,Energy,14.75,1066771183,509599
2026-08-28,DEC,2029-12-31,2.27,2.44152,2.03394,1,1767489633,2,Energy,14.75,1066771183,509599
2026-08-28,DEC,2028-12-31,2.8598,4.94817,0.9576,5,1902459756,5,Energy,14.75,1066771183,509599
2026-08-28,DEC,2027-12-31,2.69472,3.52573,1.85565,4,1849640436,4,Energy,14.75,1066771183,509599
2026-08-28,DECK,2030-03-31,12.64,12.89761,12.23946,3,7479475000,5,Consumer Cyclical,87.76,11951332320,2551549
2026-08-28,DECK,2029-03-31,9.47421,11.07506,8.02397,8,6775076463,10,Consumer Cyclical,87.76,11951332320,2551549
2026-08-28,DECK,2028-03-31,8.3573,8.65937,7.85385,17,6322172106,19,Consumer Cyclical,87.76,11951332320,2551549
2026-08-28,DECK,2027-03-31,7.53428,7.58451,7.46396,17,5886966705,19,Consumer Cyclical,87.76,11951332320,2551549
2026-08-28,DEI,2029-12-31,-0.04,-0.03934743,-0.04088032,1,1166700000,2,Real Estate,11.76,1969623600,1286760
2026-08-28,DEI,2028-12-31,0.018801,0.07760413,-0.04000213,2,1002720755,4,Real Estate,11.76,1969623600,1286760
2026-08-28,DEI,2027-12-31,-0.10536,-0.1039,-0.10682,5,1049417175,5,Real Estate,11.76,1969623600,1286760
2026-08-28,DEI,2026-12-31,-0.1255,-0.12461,-0.12639,4,1016481238,3,Real Estate,11.76,1969623600,1286760
2026-08-28,DELL,2030-01-30,21.03,27.58117,15.93059,1,192311000000,7,Technology,455.85,302798792367,3916972
2026-08-28,DELL,2029-01-30,27.3156,29.69075,22.72864,4,220701851743,14,Technology,455.85,302798792367,3916972
2026-08-28,DELL,2028-01-30,23.02807,28.32717,19.34515,8,200562264381,19,Technology,455.85,302798792367,3916972
2026-08-28,DELL,2027-01-30,18.94621,23.95532,17.61045,13,174132330221,18,Technology,455.85,302798792367,3916972
2026-08-28,DFTX,2030-12-31,3.60476,21.45513,-0.3163,4,1150098600,6,Healthcare,40.98,5439818549,1801715
2026-08-28,DFTX,2029-12-31,1.09508,6.5178,-0.09608705,4,637534692,11,Healthcare,40.98,5439818549,1801715
2026-08-28,DFTX,2028-12-31,-0.77231,4.51718,-2.01852,11,275692538,13,Healthcare,40.98,5439818549,1801715
2026-08-28,DFTX,2027-12-31,-1.97235,-1.65077,-2.35824,11,31421714,9,Healthcare,40.98,5439818549,1801715
2026-08-28,DG,2031-01-30,10.11,10.36089,9.96332,5,51871850000,7,Consumer Defensive,122.89,27107893050,3297834
2026-08-28,DG,2030-01-30,9.86667,10.11152,9.72352,4,50008284667,8,Consumer Defensive,122.89,27107893050,3297834
2026-08-28,DG,2029-01-30,8.87319,9.93769,7.82244,11,48324297484,16,Consumer Defensive,122.89,27107893050,3297834
2026-08-28,DG,2028-01-30,8.03753,8.68895,7.17565,25,46290920367,28,Consumer Defensive,122.89,27107893050,3297834
2026-08-28,DGX,2030-12-31,14.82,15.08473,14.6127,4,11556099972,5,Healthcare,242.76,26794149480,639931
2026-08-28,DGX,2029-12-31,14.78006,15.04408,14.57332,2,13822971492,5,Healthcare,242.76,26794149480,639931
2026-08-28,DGX,2028-12-31,13.09462,14.09111,12.08225,7,13117617870,10,Healthcare,242.76,26794149480,639931
2026-08-28,DGX,2027-12-31,12.05779,12.33984,11.79588,11,12571869939,13,Healthcare,242.76,26794149480,639931
2026-08-28,DHI,2028-09-30,13.52689,15.30358,11.79813,6,36862070879,6,Consumer Cyclical,147.39,41225169743,1421314
2026-08-28,DHI,2027-09-30,11.74038,13.24914,10.68125,15,34540283486,14,Consumer Cyclical,147.39,41225169743,1421314
2026-08-28,DHI,2026-09-30,10.47492,10.8651,9.85463,15,32773172975,13,Consumer Cyclical,147.39,41225169743,1421314
2026-08-28,DHI,2025-09-30,11.81572,11.97566,11.73575,14,34018652952,12,Consumer Cyclical,147.39,41225169743,1421314
2026-08-28,DHR,2030-12-31,12.48,12.73416,12.12579,4,33857500000,14,Healthcare,216.07,151894196688,2859906
2026-08-28,DHR,2029-12-31,11.32838,11.55909,11.00686,2,32589575390,14,Healthcare,216.07,151894196688,2859906
2026-08-28,DHR,2028-12-31,10.20097,10.7534,9.08397,7,30243631228,16,Healthcare,216.07,151894196688,2859906
2026-08-28,DHR,2027-12-31,9.28848,9.38879,9.15808,15,28390992361,18,Healthcare,216.07,151894196688,2859906
2026-08-28,DHT,2030-12-31,0.97,1.05265,0.87145,1,394580000,2,Industrials,19.66,3166085720,1969228
2026-08-28,DHT,2029-12-31,0.535,0.58058,0.48065,1,292798900,1,Industrials,19.66,3166085720,1969228
2026-08-28,DHT,2028-12-31,1.60752,1.82166,1.37573,3,486542520,3,Industrials,19.66,3166085720,1969228
2026-08-28,DHT,2027-12-31,1.94634,2.39396,1.44902,6,541665373,6,Industrials,19.66,3166085720,1969228
2026-08-28,DINO,2030-12-31,4.23,5.04316,3.27725,1,27556000000,5,Energy,99.71,17726842640,1797162
2026-08-28,DINO,2029-12-31,4.76,5.67504,3.68788,1,27072000000,3,Energy,99.71,17726842640,1797162
2026-08-28,DINO,2028-12-31,7.1382,10.9376,5.16772,4,29692135852,7,Energy,99.71,17726842640,1797162
2026-08-28,DINO,2027-12-31,9.75224,13.22168,7.43928,9,30419582451,8,Energy,99.71,17726842640,1797162
2026-08-28,DIOD,2028-12-31,12,12.39968,11.60032,1,2935789000,1,Technology,88,4043136592,654626
2026-08-28,DIOD,2027-12-31,5.76667,5.95874,5.5746,1,2273529667,2,Technology,88,4043136592,654626
2026-08-28,DIOD,2026-12-31,3.24667,3.35481,3.13853,1,1873198667,1,Technology,88,4043136592,654626
2026-08-28,DIOD,2025-12-31,1.17,1.20897,1.13103,2,1471998750,2,Technology,88,4043136592,654626
2026-08-28,DIS,2030-09-27,10.02616,10.29092,9.75241,8,120550427369,16,Communication Services,108.1,187716731000,5440256
2026-08-28,DIS,2029-09-27,9.01704,9.25515,8.77084,5,115816248352,12,Communication Services,108.1,187716731000,5440256
2026-08-28,DIS,2028-09-27,8.31663,9.8753,6.30982,13,110703624890,21,Communication Services,108.1,187716731000,5440256
2026-08-28,DIS,2027-09-27,7.47024,7.65219,7.0659,19,106244108893,23,Communication Services,108.1,187716731000,5440256
2026-08-28,DK,2030-12-31,7.7,9.46864,6.05571,1,15741686145,2,Energy,72.25,4428021875,1246395
2026-08-28,DK,2029-12-31,2.48,3.04964,1.95041,1,14578184777,2,Energy,72.25,4428021875,1246395
2026-08-28,DK,2028-12-31,0.1379,0.46608,-0.3656,3,11855682592,5,Energy,72.25,4428021875,1246395
2026-08-28,DK,2027-12-31,5.59961,12.22244,0.4835,7,12266595508,6,Energy,72.25,4428021875,1246395
2026-08-28,DKNG,2030-12-31,3.26,3.62348,3.04801,6,10527850000,10,Consumer Cyclical,25.26,12532213917,19877738
2026-08-28,DKNG,2029-12-31,2.3775,2.64258,2.2229,9,9662741219,10,Consumer Cyclical,25.26,12532213917,19877738
2026-08-28,DKNG,2028-12-31,1.56717,2.13916,0.86711,15,8477053179,21,Consumer Cyclical,25.26,12532213917,19877738
2026-08-28,DKNG,2027-12-31,0.85854,0.9116,0.81513,14,7562394683,22,Consumer Cyclical,25.26,12532213917,19877738
2026-08-28,DKS,2031-01-31,20.28,20.7579,19.79885,4,25428500000,4,Consumer Cyclical,135.09,11541217324,5343844
2026-08-28,DKS,2030-01-31,18.11,18.53676,17.68033,2,24535200000,5,Consumer Cyclical,135.09,11541217324,5343844
2026-08-28,DKS,2029-01-31,17.11983,19.31977,14.83369,6,23785705484,11,Consumer Cyclical,135.09,11541217324,5343844
2026-08-28,DKS,2028-01-31,14.43231,15.04908,13.70981,16,22895091085,17,Consumer Cyclical,135.09,11541217324,5343844
2026-08-28,DLB,2029-09-26,5.7,5.80243,5.62018,1,1665863000,1,Technology,61.5,5850859019,1712217
2026-08-28,DLB,2028-09-26,5.1,5.19165,5.02859,1,1535094000,2,Technology,61.5,5850859019,1712217
2026-08-28,DLB,2027-09-26,4.57988,4.63021,4.51949,3,1467123450,3,Technology,61.5,5850859019,1712217
2026-08-28,DLB,2026-09-26,4.3217,4.36181,4.29162,3,1420082650,3,Technology,61.5,5850859019,1712217
2026-08-28,DLO,2030-12-31,0,0,0,1,3416900000,2,Technology,15.03,4411283222,1882263
2026-08-28,DLO,2029-12-31,0,0,0,1,2934500000,2,Technology,15.03,4411283222,1882263
2026-08-28,DLO,2028-12-31,1.32337,1.40332,1.26124,4,2476605418,5,Technology,15.03,4411283222,1882263
2026-08-28,DLO,2027-12-31,1.08432,1.16539,1.04378,4,2030570776,7,Technology,15.03,4411283222,1882263
2026-08-28,DLR,2030-12-31,4.68256,4.94713,4.42042,5,11244567827,8,Real Estate,185.47,68619449091,1699377
2026-08-28,DLR,2029-12-31,4.2284,4.46731,3.99169,9,10323792286,13,Real Estate,185.47,68619449091,1699377
2026-08-28,DLR,2028-12-31,3.20164,3.97516,2.34807,12,8976661677,17,Real Estate,185.47,68619449091,1699377
2026-08-28,DLR,2027-12-31,2.55957,2.70729,2.35787,11,7864297045,21,Real Estate,185.47,68619449091,1699377
2026-08-28,DLTR,2031-01-31,7.78,7.87609,7.62812,4,25018900000,4,Consumer Defensive,128.26,24648365500,2502109
2026-08-28,DLTR,2030-01-31,9.16189,9.27505,8.98303,3,24388440632,5,Consumer Defensive,128.26,24648365500,2502109
2026-08-28,DLTR,2029-01-31,8.60439,9.64952,6.97028,8,23151901240,10,Consumer Defensive,128.26,24648365500,2502109
2026-08-28,DLTR,2028-01-31,7.78466,8.27685,7.53354,17,21865656011,16,Consumer Defensive,128.26,24648365500,2502109
2026-08-28,DNLI,2030-12-31,0.012471,0.03520802,0.00381259,11,708964858,7,Healthcare,24,3809033688,807562
2026-08-28,DNLI,2029-12-31,-1.03744,-0.31716,-2.92889,7,445885595,10,Healthcare,24,3809033688,807562
2026-08-28,DNLI,2028-12-31,-1.73026,-0.16262,-2.58164,14,287388048,15,Healthcare,24,3809033688,807562
2026-08-28,DNLI,2027-12-31,-2.34079,-1.86683,-2.60195,16,129883030,15,Healthcare,24,3809033688,807562
2026-08-28,DNOW,2030-12-31,1.665,1.67844,1.65335,1,6124050000,1,Industrials,15.93,2907957780,1436174
2026-08-28,DNOW,2029-12-31,1.355,1.36594,1.34552,1,5844700000,1,Industrials,15.93,2907957780,1436174
2026-08-28,DNOW,2028-12-31,1.06,1.09845,1.02155,2,5688700000,2,Industrials,15.93,2907957780,1436174
2026-08-28,DNOW,2027-12-31,0.82667,0.90182,0.70857,4,5421450000,4,Industrials,15.93,2907957780,1436174
2026-08-28,DOC,2029-12-31,0,0,0,1,3778000000,3,Real Estate,20.96,14450243200,3073821
2026-08-28,DOC,2028-12-31,0.19273,0.20822,0.17524,2,3460157571,3,Real Estate,20.96,14450243200,3073821
2026-08-28,DOC,2027-12-31,0.16901,0.18208,0.16434,4,3232281444,7,Real Estate,20.96,14450243200,3073821
2026-08-28,DOC,2026-12-31,0.41326,0.4226,0.40626,3,3020179435,5,Real Estate,20.96,14450243200,3073821
2026-08-28,DOCN,2029-12-31,3.64,4.25856,3.45786,1,2935200000,10,Technology,111.21,13001338680,2101347
2026-08-28,DOCN,2028-12-31,2.8713,3.3763,2.36646,2,2593790540,12,Technology,111.21,13001338680,2101347
2026-08-28,DOCN,2027-12-31,1.79,2.25696,1.4106,9,1805536199,12,Technology,111.21,13001338680,2101347
2026-08-28,DOCN,2026-12-31,1.45298,1.72974,1.15645,9,1176384792,11,Technology,111.21,13001338680,2101347
2026-08-28,DOCS,2031-03-31,2.05,2.11672,1.99302,1,863100000,4,Healthcare,26.73,4999184264,3288414
2026-08-28,DOCS,2030-03-31,1.925,1.98765,1.8715,1,827950000,3,Healthcare,26.73,4999184264,3288414
2026-08-28,DOCS,2029-03-31,1.8259,2.10283,1.46617,3,777925458,7,Healthcare,26.73,4999184264,3288414
2026-08-28,DOCS,2028-03-31,1.55447,1.77065,1.40005,10,720926454,13,Healthcare,26.73,4999184264,3288414
2026-08-28,DOCU,2029-01-31,5.54421,6.91816,4.12203,4,3995678193,8,Technology,64,12220480000,3769755
2026-08-28,DOCU,2028-01-31,5.09351,5.25206,4.9845,12,3761552088,16,Technology,64,12220480000,3769755
2026-08-28,DOCU,2027-01-31,4.52459,4.60432,4.44486,12,3496397166,16,Technology,64,12220480000,3769755
2026-08-28,DOCU,2026-01-31,3.78593,3.84587,3.74597,16,3209399803,15,Technology,64,12220480000,3769755
2026-08-28,DOLE,2030-12-31,1.60876,1.63641,1.59119,1,10493755133,1,Consumer Defensive,13.78,1311290331,857477
2026-08-28,DOLE,2029-12-31,1.52342,1.5496,1.50678,1,10292068455,1,Consumer Defensive,13.78,1311290331,857477
2026-08-28,DOLE,2028-12-31,1.478,1.5034,1.46186,1,10041850000,2,Consumer Defensive,13.78,1311290331,857477
2026-08-28,DOLE,2027-12-31,1.50086,1.54198,1.44946,2,9939269672,3,Consumer Defensive,13.78,1311290331,857477
2026-08-28,DOV,2029-12-31,14.85,15.07008,14.54093,1,10109000000,4,Industrials,198.68,26758222400,1215415
2026-08-28,DOV,2028-12-31,12.68729,15.43555,11.27809,5,9499542749,9,Industrials,198.68,26758222400,1215415
2026-08-28,DOV,2027-12-31,11.74756,12.18758,10.81635,12,9114570656,14,Industrials,198.68,26758222400,1215415
2026-08-28,DOV,2026-12-31,10.69386,10.81413,10.52348,12,8676379076,14,Industrials,198.68,26758222400,1215415
2026-08-28,DOW,2028-12-31,1.95073,2.26909,1.70174,3,44353491892,11,Basic Materials,30.51,22038615093,5820848
2026-08-28,DOW,2027-12-31,1.76621,2.33465,0.96431,9,43254401253,12,Basic Materials,30.51,22038615093,5820848
2026-08-28,DOW,2026-12-31,2.4771,2.89159,2.27972,9,43721078370,11,Basic Materials,30.51,22038615093,5820848
2026-08-28,DOW,2025-12-31,-1.03889,-0.80231,-1.13146,12,39965880742,10,Basic Materials,30.51,22038615093,5820848
2026-08-28,DOX,2030-09-30,11.23,11.26818,11.16531,1,5428700000,1,Technology,62.91,6767291610,1293158
2026-08-28,DOX,2029-09-30,10.22,10.25474,10.16113,1,5219900000,1,Technology,62.91,6767291610,1293158
2026-08-28,DOX,2028-09-30,9.19,9.22124,9.13706,1,5019500000,2,Technology,62.91,6767291610,1293158
2026-08-28,DOX,2027-09-30,8.014,8.2838,7.82414,4,4843849424,4,Technology,62.91,6767291610,1293158
2026-08-28,DPC,2028-12-31,1.49816,2.04,0.95633,2,1306012880,4,Industrials,44.08,6398291300,621898
2026-08-28,DPC,2027-12-31,0.89,0.91739,0.87048,2,1180000000,3,Industrials,44.08,6398291300,621898
2026-08-28,DPC,2026-12-31,0.45,0.46385,0.44013,2,1040000000,3,Industrials,44.08,6398291300,621898
2026-08-28,DPZ,2030-12-28,27.49,28.25187,26.51027,7,6185900000,9,Consumer Cyclical,350,11578607250,1037349
2026-08-28,DPZ,2029-12-28,24.41754,25.09426,23.54731,6,5722625759,7,Consumer Cyclical,350,11578607250,1037349
2026-08-28,DPZ,2028-12-28,22.47915,23.10742,20.55463,9,5517634979,14,Consumer Cyclical,350,11578607250,1037349
2026-08-28,DPZ,2027-12-28,20.80608,21.43687,19.91496,19,5310661116,21,Consumer Cyclical,350,11578607250,1037349
2026-08-28,DQ,2028-12-31,0.30592,0.37786,0.22046,2,1209362167,1,Technology,13.68,925672740,716332
2026-08-28,DQ,2027-12-31,-2.47931,2.91684,-7.87546,4,881546864,5,Technology,13.68,925672740,716332
2026-08-28,DQ,2026-12-31,-4.38917,-4.2996,-4.45635,4,476442301,4,Technology,13.68,925672740,716332
2026-08-28,DQ,2025-12-31,-2.55888,-2.51693,-2.59034,3,778536604,6,Technology,13.68,925672740,716332
2026-08-28,DRH,2028-12-31,0.75,0.76228,0.73841,1,1207041086,4,Real Estate,12.7,2598492149,2083269
2026-08-28,DRH,2027-12-31,0.65077,0.66626,0.63528,3,1167709502,8,Real Estate,12.7,2598492149,2083269
2026-08-28,DRH,2026-12-31,0.73673,0.74881,0.71861,4,1142650297,8,Real Estate,12.7,2598492149,2083269
2026-08-28,DRH,2025-12-31,0.41581,0.41977,0.41185,3,1119102200,7,Real Estate,12.7,2598492149,2083269
2026-08-28,DRI,2030-05-31,14.375,14.55542,14.16759,1,16322950000,4,Consumer Cyclical,215.69,24704054797,779352
2026-08-28,DRI,2029-05-31,13.55165,14.15011,13.34878,5,15392166348,9,Consumer Cyclical,215.69,24704054797,779352
2026-08-28,DRI,2028-05-31,12.41091,12.8216,12.12042,17,14512479003,19,Consumer Cyclical,215.69,24704054797,779352
2026-08-28,DRI,2027-05-31,11.28781,11.59775,11.12784,18,13689637575,20,Consumer Cyclical,215.69,24704054797,779352
2026-08-28,DRS,2030-12-31,1.94,1.96343,1.91492,1,5095000000,3,Industrials,38.54,10285998911,810372
2026-08-28,DRS,2029-12-31,1.82,1.84198,1.79647,1,4798000000,4,Industrials,38.54,10285998911,810372
2026-08-28,DRS,2028-12-31,1.60684,1.65574,1.55794,2,4446161077,6,Industrials,38.54,10285998911,810372
2026-08-28,DRS,2027-12-31,1.46386,1.51434,1.42348,6,4215200686,7,Industrials,38.54,10285998911,810372
2026-08-28,DRVN,2030-12-27,2.13,2.20549,2.08585,1,2671600000,2,Consumer Cyclical,12.47,2057000871,810200
2026-08-28,DRVN,2029-12-27,1.81,1.87415,1.77248,1,2471800000,2,Consumer Cyclical,12.47,2057000871,810200
2026-08-28,DRVN,2028-12-27,1.61667,1.73251,1.50083,2,2349270914,4,Consumer Cyclical,12.47,2057000871,810200
2026-08-28,DRVN,2027-12-27,1.45,1.52682,1.39238,7,2187831739,7,Consumer Cyclical,12.47,2057000871,810200
2026-08-28,DSGN,2030-12-31,-0.315,-0.315,-0.315,2,247886000,5,Healthcare,15.11,943725270,820754
2026-08-28,DSGN,2029-12-31,-1.62167,-1.62167,-1.62167,3,66992333,3,Healthcare,15.11,943725270,820754
2026-08-28,DSGN,2028-12-31,-1.95571,-1.50223,-2.32164,6,6233333,7,Healthcare,15.11,943725270,820754
2026-08-28,DSGN,2027-12-31,-1.55857,-1.05406,-2.09911,5,204776000,7,Healthcare,15.11,943725270,820754
2026-08-28,DSGX,2030-01-31,3.6165,3.68445,3.5375,1,1162850875,4,Technology,81.835,7012508828,750843
2026-08-28,DSGX,2029-01-31,3.08725,3.14526,3.01981,1,1021132109,4,Technology,81.835,7012508828,750843
2026-08-28,DSGX,2028-01-31,2.69397,3.11655,2.11292,4,906816884,8,Technology,81.835,7012508828,750843
2026-08-28,DSGX,2027-01-31,2.32288,2.40129,2.26407,4,815104568,8,Technology,81.835,7012508828,750843
2026-08-28,DT,2031-03-31,3.07,3.1812,3.0082,3,3625000000,5,Technology,53.67,15643502590,5996364
2026-08-28,DT,2030-03-31,2.86091,2.96453,2.80332,2,3305392822,11,Technology,53.67,15643502590,5996364
2026-08-28,DT,2029-03-31,2.71094,3.59414,0.83863,6,3085249339,13,Technology,53.67,15643502590,5996364
2026-08-28,DT,2028-03-31,2.2743,2.38451,2.13403,17,2673713403,21,Technology,53.67,15643502590,5996364
2026-08-28,DTE,2030-12-31,10.40781,11.4678,9.19555,1,18604600061,5,Utilities,135.86,28270835680,877206
2026-08-28,DTE,2029-12-31,9.6931,10.6803,8.56409,1,17958720742,5,Utilities,135.86,28270835680,877206
2026-08-28,DTE,2028-12-31,9.00502,9.45764,8.79551,5,17176454381,11,Utilities,135.86,28270835680,877206
2026-08-28,DTE,2027-12-31,8.35196,8.56251,8.22162,10,16482822388,9,Utilities,135.86,28270835680,877206
2026-08-28,DTM,2030-12-31,7.49,8.12366,6.91087,5,2408600000,5,Energy,129.53,13214002950,837710
2026-08-28,DTM,2029-12-31,6.6303,7.19123,6.11764,5,1842900000,3,Energy,129.53,13214002950,837710
2026-08-28,DTM,2028-12-31,5.59503,6.07441,4.87978,8,1547543489,7,Energy,129.53,13214002950,837710
2026-08-28,DTM,2027-12-31,5.01213,5.41187,4.2844,8,1408731076,6,Energy,129.53,13214002950,837710
2026-08-28,DUK,2030-12-31,8.72604,9.04101,8.22131,5,39625828571,12,Utilities,120.25,93746419000,2702758
2026-08-28,DUK,2029-12-31,8.18918,8.48477,7.7155,5,38129712500,8,Utilities,120.25,93746419000,2702758
2026-08-28,DUK,2028-12-31,7.67788,7.7503,7.59971,8,36611368314,14,Utilities,120.25,93746419000,2702758
2026-08-28,DUK,2027-12-31,7.1727,7.22286,7.1426,13,35147389854,12,Utilities,120.25,93746419000,2702758
2026-08-28,DUOL,2028-12-31,4.09841,4.79975,3.15984,12,1533817592,13,Technology,146.98,6848256043,674059
2026-08-28,DUOL,2027-12-31,3.34324,3.72192,3.10521,10,1365051788,17,Technology,146.98,6848256043,674059
2026-08-28,DUOL,2026-12-31,2.76666,2.9553,2.57802,10,1207155116,17,Technology,146.98,6848256043,674059
2026-08-28,DUOL,2025-12-31,8.47084,8.60225,8.40008,6,1031097839,13,Technology,146.98,6848256043,674059
2026-08-28,DV,2030-12-31,0.69,0.71149,0.65067,2,967800000,4,Technology,13.38,2053350849,2379014
2026-08-28,DV,2029-12-31,0.64,0.65993,0.60352,3,920900000,4,Technology,13.38,2053350849,2379014
2026-08-28,DV,2028-12-31,0.602,0.72401,0.48267,6,930290354,9,Technology,13.38,2053350849,2379014
2026-08-28,DV,2027-12-31,0.56818,0.59975,0.50505,9,876509550,13,Technology,13.38,2053350849,2379014
2026-08-28,DVN,2030-12-31,5.25667,6.19192,4.29929,3,25891333333,2,Energy,47.35,52085000000,8783049
2026-08-28,DVN,2029-12-31,5.168,6.08748,4.22677,3,25773333333,2,Energy,47.35,52085000000,8783049
2026-08-28,DVN,2028-12-31,5.80894,6.9226,3.27277,9,25725829029,5,Energy,47.35,52085000000,8783049
2026-08-28,DVN,2027-12-31,5.0691,5.94066,3.82687,11,25337869217,7,Energy,47.35,52085000000,8783049
2026-08-28,DX,2028-12-31,1.67586,1.67586,1.67586,1,616032130,1,Real Estate,12.91,3194315503,3077680
2026-08-28,DX,2027-12-31,1.6052,1.75052,1.48436,4,524744909,1,Real Estate,12.91,3194315503,3077680
2026-08-28,DX,2026-12-31,1.48296,1.48296,1.48296,3,409626751,1,Real Estate,12.91,3194315503,3077680
2026-08-28,DX,2025-12-31,1.05625,1.05625,1.05625,2,218442537,1,Real Estate,12.91,3194315503,3077680
2026-08-28,DXC,2029-03-31,3.3525,3.53227,3.10085,3,12139200539,4,Technology,11.21,1816919748,2342309
2026-08-28,DXC,2028-03-31,2.95714,3.24017,2.57652,4,11987905114,5,Technology,11.21,1816919748,2342309
2026-08-28,DXC,2027-03-31,2.5925,2.72163,2.45344,5,12160660000,6,Technology,11.21,1816919748,2342309
2026-08-28,DXC,2026-03-31,3.1775,3.23689,3.1478,5,12685737429,6,Technology,11.21,1816919748,2342309
2026-08-28,DXCM,2030-12-31,5.05286,5.1695,4.92913,4,7979981714,10,Healthcare,90.82,34271926020,2544135
2026-08-28,DXCM,2029-12-31,4.33189,4.43189,4.22581,2,7198294844,10,Healthcare,90.82,34271926020,2544135
2026-08-28,DXCM,2028-12-31,3.71915,4.01133,2.90612,7,6451046975,21,Healthcare,90.82,34271926020,2544135
2026-08-28,DXCM,2027-12-31,3.12061,3.33338,2.86731,16,5796001600,21,Healthcare,90.82,34271926020,2544135
2026-08-28,DY,2031-01-31,32.88,34.41663,31.41998,1,11511000000,1,Industrials,294.34,8839471710,934111
2026-08-28,DY,2030-01-31,28.27,29.59119,27.01469,1,10423000000,1,Industrials,294.34,8839471710,934111
2026-08-28,DY,2029-01-31,24.18381,25.31403,23.10994,1,9576019982,2,Industrials,294.34,8839471710,934111
2026-08-28,DY,2028-01-31,19.96422,21.16568,18.72271,7,8482097143,7,Industrials,294.34,8839471710,934111
2026-08-28,DYN,2030-12-31,0.70286,2.15928,0.0987157,4,1258193857,5,Healthcare,25.07,4681722220,1186929
2026-08-28,DYN,2029-12-31,-1.14571,-0.16091,-3.51977,4,745253571,5,Healthcare,25.07,4681722220,1186929
2026-08-28,DYN,2028-12-31,-2.5939,-0.74168,-5.8741,10,290362092,10,Healthcare,25.07,4681722220,1186929
2026-08-28,DYN,2027-12-31,-3.35293,-2.42443,-4.39492,12,52438612,12,Healthcare,25.07,4681722220,1186929
2026-08-28,EAT,2030-06-24,17.88,18.32578,16.91227,1,7237600000,3,Consumer Cyclical,230.19,9872342682,615622
2026-08-28,EAT,2029-06-24,16.26606,17.50334,14.31399,3,6790433605,7,Consumer Cyclical,230.19,9872342682,615622
2026-08-28,EAT,2028-06-24,14.5199,15.49418,12.84372,12,6468306971,14,Consumer Cyclical,230.19,9872342682,615622
2026-08-28,EAT,2027-06-24,13.2211,13.80303,11.64886,14,6274348317,15,Consumer Cyclical,230.19,9872342682,615622
2026-08-28,EBAY,2030-12-31,10.374,10.70898,9.82576,11,16282166667,9,Consumer Cyclical,105.62,46895280000,4269025
2026-08-28,EBAY,2029-12-31,8.97571,9.26554,8.50136,7,15261095974,10,Consumer Cyclical,105.62,46895280000,4269025
2026-08-28,EBAY,2028-12-31,7.62334,9.13857,6.72653,14,14255550607,18,Consumer Cyclical,105.62,46895280000,4269025
2026-08-28,EBAY,2027-12-31,6.74742,6.99167,6.54388,20,13390242940,21,Consumer Cyclical,105.62,46895280000,4269025
2026-08-28,EBC,2028-12-31,2.58,2.64671,2.5412,4,1431848120,2,Financial Services,22.29,5152177470,1326385
2026-08-28,EBC,2027-12-31,2.1312,2.22,2.03253,7,1283456500,6,Financial Services,22.29,5152177470,1326385
2026-08-28,EBC,2026-12-31,1.8717,1.91152,1.84183,7,1225672833,6,Financial Services,22.29,5152177470,1326385
2026-08-28,EBC,2025-12-31,1.53667,1.54671,1.51658,5,1003793333,3,Financial Services,22.29,5152177470,1326385
2026-08-28,EC,2030-12-31,5196.17267,6476.83983,4021.6712,1,95724660177450,5,Energy,16.5,33921273128,927735
2026-08-28,EC,2029-12-31,4812.56261,5998.68387,3724.7693,1,93513671268838,3,Energy,16.5,33921273128,927735
2026-08-28,EC,2028-12-31,6209.49121,7739.90445,4805.94729,2,123285050625410,3,Energy,16.5,33921273128,927735
2026-08-28,EC,2027-12-31,6124.03073,7878.66875,4782.24872,5,122609923787253,7,Energy,16.5,33921273128,927735
2026-08-28,ECHO,2030-12-31,10.88,11.37639,10.20358,1,11224277000,2,Communication Services,86.84,13761100600,2271140
2026-08-28,ECHO,2029-12-31,10.03,10.48761,9.40642,1,11732226000,2,Communication Services,86.84,13761100600,2271140
2026-08-28,ECHO,2028-12-31,3.36212,7.27752,-2.17794,5,12504349000,4,Communication Services,86.84,13761100600,2271140
2026-08-28,ECHO,2027-12-31,2.55552,7.27499,-0.35035,3,13526562744,5,Communication Services,86.84,13761100600,2271140
2026-08-28,ECL,2028-12-31,10.73442,11.22063,10.22104,4,20452371078,11,Basic Materials,286.75,80702346500,730371
2026-08-28,ECL,2027-12-31,9.40053,9.821,8.96004,13,19261581836,15,Basic Materials,286.75,80702346500,730371
2026-08-28,ECL,2026-12-31,8.15532,8.41422,8.10553,13,17867108860,15,Basic Materials,286.75,80702346500,730371
2026-08-28,ECL,2025-12-31,7.52926,7.5593,7.50924,19,16055876025,17,Basic Materials,286.75,80702346500,730371
2026-08-28,ECO,2029-12-31,-1.5962,-1.51657,-1.69387,1,108068300,1,Industrials,66.86,2185977404,524850
2026-08-28,ECO,2028-12-31,5.48112,5.81652,5.20769,1,378855000,1,Industrials,66.86,2185977404,524850
2026-08-28,ECO,2027-12-31,6.92556,7.34935,6.58007,1,439426220,2,Industrials,66.86,2185977404,524850
2026-08-28,ECO,2026-12-31,16.15612,17.14474,15.35015,1,790737820,2,Industrials,66.86,2185977404,524850
2026-08-28,ECVT,2028-12-31,1.08717,1.13636,1.02129,1,1057551774,4,Basic Materials,10.11,1106574723,1335584
2026-08-28,ECVT,2027-12-31,0.87569,0.93899,0.81239,3,1019036887,4,Basic Materials,10.11,1106574723,1335584
2026-08-28,ECVT,2026-12-31,0.69157,0.72286,0.64967,3,1000536533,3,Basic Materials,10.11,1106574723,1335584
2026-08-28,ECVT,2025-12-31,0.40306,0.42545,0.38067,4,723453833,3,Basic Materials,10.11,1106574723,1335584
2026-08-28,ED,2030-12-31,7.82077,8.41548,7.19101,1,20038541750,5,Utilities,107.49,39613289700,1656970
2026-08-28,ED,2029-12-31,7.38043,7.94166,6.78613,1,19274814167,5,Utilities,107.49,39613289700,1656970
2026-08-28,ED,2028-12-31,6.90443,6.96611,6.87629,5,18960948953,11,Utilities,107.49,39613289700,1656970
2026-08-28,ED,2027-12-31,6.48385,6.61514,6.05967,9,18281803150,11,Utilities,107.49,39613289700,1656970
2026-08-28,EEFT,2030-12-31,17.72,17.94767,17.42919,1,5955090000,1,Technology,69.95,2663352825,545376
2026-08-28,EEFT,2029-12-31,15.7,15.90172,15.44234,1,5513973000,1,Technology,69.95,2663352825,545376
2026-08-28,EEFT,2028-12-31,13.1895,13.35896,12.97304,1,4902415000,1,Technology,69.95,2663352825,545376
2026-08-28,EEFT,2027-12-31,12.00344,12.06386,11.94302,4,4681647375,5,Technology,69.95,2663352825,545376
2026-08-28,EFC,2028-12-31,1.95999,2.09449,1.88724,1,532573470,1,Real Estate,13.57,1701596580,1033742
2026-08-28,EFC,2027-12-31,1.97736,2.08143,1.86383,5,525875900,3,Real Estate,13.57,1701596580,1033742
2026-08-28,EFC,2026-12-31,2.08428,2.10385,2.05492,5,517214790,3,Real Estate,13.57,1701596580,1033742
2026-08-28,EFC,2025-12-31,1.83542,1.96137,1.82539,4,385769279,2,Real Estate,13.57,1701596580,1033742
2026-08-28,EFOR,2028-12-31,5.40054,7.47072,4.12177,4,4229578327,4,Technology,31.95,1309950000,814497
2026-08-28,EFOR,2027-12-31,4.28414,4.33194,4.24085,5,4064741486,5,Technology,31.95,1309950000,814497
2026-08-28,EFOR,2026-12-31,3.6216,3.66201,3.585,5,3971942383,5,Technology,31.95,1309950000,814497
2026-08-28,EFOR,2025-12-31,4.57758,4.62866,4.53132,2,3973488071,1,Technology,31.95,1309950000,814497
2026-08-28,EFX,2030-12-31,13.49627,14.23785,12.90227,1,8604441180,6,Industrials,194.35,22833189538,1145037
2026-08-28,EFX,2029-12-31,13.53198,14.27553,12.9364,1,8234769358,10,Industrials,194.35,22833189538,1145037
2026-08-28,EFX,2028-12-31,12.24648,12.77926,11.56109,5,8056288939,12,Industrials,194.35,22833189538,1145037
2026-08-28,EFX,2027-12-31,10.16049,10.99712,9.5053,15,7356659319,16,Industrials,194.35,22833189538,1145037
2026-08-28,EGO,2030-12-31,5.44139,5.76375,5.04651,4,4425649019,2,Basic Materials,45.48,11861653899,3032933
2026-08-28,EGO,2029-12-31,5.50506,5.83119,5.10556,2,4629842369,1,Basic Materials,45.48,11861653899,3032933
2026-08-28,EGO,2028-12-31,5.53844,5.86655,5.13652,4,4309113233,1,Basic Materials,45.48,11861653899,3032933
2026-08-28,EGO,2027-12-31,5.39843,5.84741,4.61806,7,4265064781,3,Basic Materials,45.48,11861653899,3032933
2026-08-28,EHC,2030-12-31,9.26,9.3163,9.1862,1,8987400000,5,Healthcare,120.85,11988208818,887881
2026-08-28,EHC,2029-12-31,8.44,8.49132,8.37274,1,8271000000,3,Healthcare,120.85,11988208818,887881
2026-08-28,EHC,2028-12-31,7.27059,7.56582,6.60508,4,7561544325,7,Healthcare,120.85,11988208818,887881
2026-08-28,EHC,2027-12-31,6.678,6.97187,6.23212,8,6994328400,10,Healthcare,120.85,11988208818,887881
2026-08-28,EIX,2030-12-31,7.34385,7.80341,6.96191,1,22393000000,6,Utilities,70.17,27000994980,7395049
2026-08-28,EIX,2029-12-31,7.115,7.56024,6.74497,1,21379800000,10,Utilities,70.17,27000994980,7395049
2026-08-28,EIX,2028-12-31,6.87961,7.075,6.71323,4,20406011671,12,Utilities,70.17,27000994980,7395049
2026-08-28,EIX,2027-12-31,6.51258,6.5727,6.42241,9,19751151044,10,Utilities,70.17,27000994980,7395049
2026-08-28,EL,2031-06-30,4.25,4.34965,4.0213,3,17854000000,5,Consumer Defensive,103.39,37393541236,3120876
2026-08-28,EL,2030-06-30,4.95691,5.07313,4.69017,5,17704762012,6,Consumer Defensive,103.39,37393541236,3120876
2026-08-28,EL,2029-06-30,4.53674,5.2148,4.08078,7,17243913299,12,Consumer Defensive,103.39,37393541236,3120876
2026-08-28,EL,2028-06-30,3.94282,4.29218,3.74318,16,16410415321,19,Consumer Defensive,103.39,37393541236,3120876
2026-08-28,ELAN,2030-12-31,1.765,1.79216,1.73517,2,6207500000,5,Healthcare,24.11,12041729446,4165318
2026-08-28,ELAN,2029-12-31,1.58667,1.61109,1.55985,3,5954400000,5,Healthcare,24.11,12041729446,4165318
2026-08-28,ELAN,2028-12-31,1.44988,1.89915,0.61263,6,5672188113,11,Healthcare,24.11,12041729446,4165318
2026-08-28,ELAN,2027-12-31,1.27279,1.41421,1.21218,9,5404572396,11,Healthcare,24.11,12041729446,4165318
2026-08-28,ELF,2031-03-31,5.49,5.60304,5.31158,1,2563000000,2,Consumer Defensive,104.1,6135345968,1242889
2026-08-28,ELF,2030-03-31,4.96,5.06213,4.7988,1,2403450174,3,Consumer Defensive,104.1,6135345968,1242889
2026-08-28,ELF,2029-03-31,4.32228,4.41128,4.18181,1,2310487087,6,Consumer Defensive,104.1,6135345968,1242889
2026-08-28,ELF,2028-03-31,3.82363,4.02487,3.32052,11,2124869338,15,Consumer Defensive,104.1,6135345968,1242889
2026-08-28,ELS,2030-12-31,2.55,2.60297,2.44168,1,1926797000,2,Real Estate,63.74,12369678815,1976849
2026-08-28,ELS,2029-12-31,2.71,2.7663,2.59488,1,1828900000,2,Real Estate,63.74,12369678815,1976849
2026-08-28,ELS,2028-12-31,2.3895,2.50787,2.29721,5,1736443997,5,Real Estate,63.74,12369678815,1976849
2026-08-28,ELS,2027-12-31,2.20194,2.21501,2.18887,5,1640339431,7,Real Estate,63.74,12369678815,1976849
2026-08-28,ELV,2030-12-31,47.89,49.9111,45.76894,1,232225000000,4,Healthcare,394.43,85539754055,561304
2026-08-28,ELV,2029-12-31,40.94678,42.67486,39.13323,1,214004999171,4,Healthcare,394.43,85539754055,561304
2026-08-28,ELV,2028-12-31,33.99783,36.63952,32.14618,4,212545440164,9,Healthcare,394.43,85539754055,561304
2026-08-28,ELV,2027-12-31,29.63641,31.24928,29.06183,14,201479965686,14,Healthcare,394.43,85539754055,561304
2026-08-28,ELVN,2030-12-31,-1.62832,-1.62832,-1.62832,4,245382857,6,Healthcare,57.86,4133418881,584960
2026-08-28,ELVN,2029-12-31,-3.14151,-3.14151,-3.14151,2,38653857,6,Healthcare,57.86,4133418881,584960
2026-08-28,ELVN,2028-12-31,-2.796,-2.24085,-3.27146,7,10000,8,Healthcare,57.86,4133418881,584960
2026-08-28,ELVN,2027-12-31,-2.26044,-1.9933,-2.50703,5,5556,8,Healthcare,57.86,4133418881,584960
2026-08-28,EMBJ,2030-12-31,5.13,5.54838,4.94215,1,11376663950,6,Industrials,72.54,13312190577,1773575
2026-08-28,EMBJ,2029-12-31,4.62,4.99678,4.45082,1,10609350000,6,Industrials,72.54,13312190577,1773575
2026-08-28,EMBJ,2028-12-31,3.90615,4.22472,3.76311,2,10429439849,5,Industrials,72.54,13312190577,1773575
2026-08-28,EMBJ,2027-12-31,3.35517,3.82372,3.01212,4,9526193961,8,Industrials,72.54,13312190577,1773575
2026-08-28,EMN,2028-12-31,7.65246,7.84516,7.52857,3,9704691229,11,Basic Materials,73.03,8350980500,770512
2026-08-28,EMN,2027-12-31,6.88624,7.31847,6.64065,8,9462504904,10,Basic Materials,73.03,8350980500,770512
2026-08-28,EMN,2026-12-31,6.36741,6.66129,6.24006,8,9291316765,10,Basic Materials,73.03,8350980500,770512
2026-08-28,EMN,2025-12-31,5.37497,5.49397,5.30555,10,8794394968,9,Basic Materials,73.03,8350980500,770512
2026-08-28,EMR,2030-09-30,9.94,10.22048,9.60336,8,23757000000,8,Industrials,155.2,86927520000,1520698
2026-08-28,EMR,2029-09-30,9.11239,9.36952,8.80378,8,22456725058,8,Industrials,155.2,86927520000,1520698
2026-08-28,EMR,2028-09-30,8.04057,9.0664,7.04332,10,20970357009,17,Industrials,155.2,86927520000,1520698
2026-08-28,EMR,2027-09-30,7.26561,7.44801,6.97174,18,19911498780,21,Industrials,155.2,86927520000,1520698
2026-08-28,ENB,2030-12-31,3.86037,4.43721,3.19319,1,72298486637,3,Energy,50.2,109621740000,5446494
2026-08-28,ENB,2029-12-31,3.72699,4.2839,3.08286,1,71984013793,4,Energy,50.2,109621740000,5446494
2026-08-28,ENB,2028-12-31,3.61603,3.80743,3.39322,4,72766198977,6,Energy,50.2,109621740000,5446494
2026-08-28,ENB,2027-12-31,3.29774,3.42567,2.94238,10,70277889754,6,Energy,50.2,109621740000,5446494
2026-08-28,ENPH,2030-12-31,3.445,4.00916,2.93675,5,1586350000,10,Energy,37.25,4922388138,4350976
2026-08-28,ENPH,2029-12-31,3.37,3.92187,2.87282,10,1494666667,10,Energy,37.25,4922388138,4350976
2026-08-28,ENPH,2028-12-31,2.61831,4.63883,1.44963,13,1402315061,20,Energy,37.25,4922388138,4350976
2026-08-28,ENPH,2027-12-31,2.23371,3.16896,1.58902,16,1262046406,21,Energy,37.25,4922388138,4350976
2026-08-28,ENR,2030-09-30,3.87,3.96369,3.79517,1,3218800000,2,Industrials,22.27,1524904845,954833
2026-08-28,ENR,2029-09-30,3.7,3.78958,3.62846,1,3165900000,2,Industrials,22.27,1524904845,954833
2026-08-28,ENR,2028-09-30,3.51453,3.59962,3.44658,2,2992571994,4,Industrials,22.27,1524904845,954833
2026-08-28,ENR,2027-09-30,3.3793,3.42989,3.33883,4,2961185540,3,Industrials,22.27,1524904845,954833
2026-08-28,ENTG,2030-12-31,7,7.33839,6.6952,1,4918000000,5,Technology,134.92,20575300000,3037553
2026-08-28,ENTG,2029-12-31,5.81,6.09086,5.55702,1,4502200000,3,Technology,134.92,20575300000,3037553
2026-08-28,ENTG,2028-12-31,6.22698,8.92757,4.76888,3,4455896746,7,Technology,134.92,20575300000,3037553
2026-08-28,ENTG,2027-12-31,5.06163,5.60689,4.63983,7,4030001901,8,Technology,134.92,20575300000,3037553
2026-08-28,EOG,2030-12-31,16.105,18.48787,13.86456,3,26184500000,2,Energy,143.35,76352367150,2687415
2026-08-28,EOG,2029-12-31,15.10333,17.33799,13.00224,3,25961000000,2,Energy,143.35,76352367150,2687415
2026-08-28,EOG,2028-12-31,14.91741,18.43333,9.98592,9,25965140898,5,Energy,143.35,76352367150,2687415
2026-08-28,EOG,2027-12-31,14.47849,16.33444,13.22752,17,26129637155,9,Energy,143.35,76352367150,2687415
2026-08-28,EPAM,2028-12-31,15.17058,16.21111,14.16322,9,6143843974,13,Technology,114.8,5997662975,1233732
2026-08-28,EPAM,2027-12-31,14.10606,14.78017,13.35146,14,5850922826,15,Technology,114.8,5997662975,1233732
2026-08-28,EPAM,2026-12-31,13.14313,13.30317,13.0231,14,5654848651,15,Technology,114.8,5997662975,1233732
2026-08-28,EPAM,2025-12-31,11.42167,11.46168,11.37166,13,5442059302,12,Technology,114.8,5997662975,1233732
2026-08-28,EPD,2030-12-31,3.89,4.63927,3.00723,4,68615000000,6,Energy,39.02,84420482934,1046905
2026-08-28,EPD,2029-12-31,3.57,4.25763,2.75985,4,65428500000,6,Energy,39.02,84420482934,1046905
2026-08-28,EPD,2028-12-31,3.48218,3.59704,3.32875,10,74020255076,8,Energy,39.02,84420482934,1046905
2026-08-28,EPD,2027-12-31,3.21801,3.38686,3.10876,10,67295716291,8,Energy,39.02,84420482934,1046905
2026-08-28,EPRT,2030-12-31,1.55,1.60686,1.44829,1,1096500000,6,Real Estate,30.37,6567389653,710242
2026-08-28,EPRT,2029-12-31,1.48,1.53429,1.38289,1,973000000,6,Real Estate,30.37,6567389653,710242
2026-08-28,EPRT,2028-12-31,1.40464,1.51025,1.3174,4,797216510,8,Real Estate,30.37,6567389653,710242
2026-08-28,EPRT,2027-12-31,1.37192,1.39089,1.34663,5,706463157,8,Real Estate,30.37,6567389653,710242
2026-08-28,EQH,2029-12-31,11.85,12.81697,10.63096,3,17872000000,3,Financial Services,50.2,13702498728,1243005
2026-08-28,EQH,2028-12-31,10.58391,12.69897,7.14091,6,18107543506,7,Financial Services,50.2,13702498728,1243005
2026-08-28,EQH,2027-12-31,8.94336,9.43797,8.77176,9,16751754873,6,Financial Services,50.2,13702498728,1243005
2026-08-28,EQH,2026-12-31,7.17256,7.36289,7.06237,8,15105833482,5,Financial Services,50.2,13702498728,1243005
2026-08-28,EQNR,2030-12-31,3.84333,4.40508,3.16273,5,91680600000,6,Energy,41.39,98953142500,1780947
2026-08-28,EQNR,2029-12-31,3.67623,4.21356,3.02522,10,90851400000,11,Energy,41.39,98953142500,1780947
2026-08-28,EQNR,2028-12-31,3.65003,4.52385,2.77916,13,100680426306,13,Energy,41.39,98953142500,1780947
2026-08-28,EQNR,2027-12-31,3.93438,4.17569,3.63012,8,105090472418,10,Energy,41.39,98953142500,1780947
2026-08-28,EQPT,2030-12-31,0.86,0.89017,0.82042,1,11553600000,5,Industrials,17.71,4469562915,1573202
2026-08-28,EQPT,2029-12-31,0.59,0.6107,0.56285,1,9787650000,3,Industrials,17.71,4469562915,1573202
2026-08-28,EQPT,2028-12-31,1.32613,1.54195,1.0153,4,7758177701,7,Industrials,17.71,4469562915,1573202
2026-08-28,EQPT,2027-12-31,0.72389,0.86716,0.57308,4,6584928757,7,Industrials,17.71,4469562915,1573202
2026-08-28,EQT,2030-12-31,6.7925,7.60166,5.89144,5,11482000000,4,Energy,54.57,34134408120,3640328
2026-08-28,EQT,2029-12-31,6.54563,7.32538,5.67732,5,11342086175,4,Energy,54.57,34134408120,3640328
2026-08-28,EQT,2028-12-31,5.33876,7.31018,4.22698,8,10303927324,9,Energy,54.57,34134408120,3640328
2026-08-28,EQT,2027-12-31,3.92451,4.50592,3.03003,9,9275199723,9,Energy,54.57,34134408120,3640328
2026-08-28,EQX,2030-12-31,1.46545,1.90317,1.17657,1,6016858333,2,Basic Materials,12.99,10252845041,14239749
2026-08-28,EQX,2029-12-31,1.7704,2.29921,1.42141,1,6216039567,2,Basic Materials,12.99,10252845041,14239749
2026-08-28,EQX,2028-12-31,1.77362,2.2745,1.23437,3,5906880186,5,Basic Materials,12.99,10252845041,14239749
2026-08-28,EQX,2027-12-31,1.45176,1.80639,1.20795,5,5210223367,4,Basic Materials,12.99,10252845041,14239749
2026-08-28,ERAS,2030-12-31,-0.498,-0.498,-0.498,5,288558800,5,Healthcare,18.03,6258699810,2887317
2026-08-28,ERAS,2029-12-31,-0.888,-0.888,-0.888,5,41487000,3,Healthcare,18.03,6258699810,2887317
2026-08-28,ERAS,2028-12-31,-0.74922,-0.53034,-1.03121,8,2750000,7,Healthcare,18.03,6258699810,2887317
2026-08-28,ERAS,2027-12-31,-0.59958,-0.38334,-0.76668,8,375000,4,Healthcare,18.03,6258699810,2887317
2026-08-28,ERO,2030-12-31,4.2492,4.93248,3.67774,1,1356925367,2,Basic Materials,38.83,4049113497,1208644
2026-08-28,ERO,2029-12-31,4.66431,5.41434,4.03702,1,1195781975,2,Basic Materials,38.83,4049113497,1208644
2026-08-28,ERO,2028-12-31,4.32494,4.95474,3.56017,4,1295160050,5,Basic Materials,38.83,4049113497,1208644
2026-08-28,ERO,2027-12-31,4.70988,5.09013,4.21729,6,1367074743,7,Basic Materials,38.83,4049113497,1208644
2026-08-28,EROC,2028-12-31,1.08006,1.2,0.96012,2,2199506400,6,Industrials,12.31,3364603976,2086061
2026-08-28,EROC,2027-12-31,0.5,0.71,0.39,3,1440000000,5,Industrials,12.31,3364603976,2086061
2026-08-28,EROC,2026-12-31,-0.3,-0.04,-0.56,3,456480000,4,Industrials,12.31,3364603976,2086061
2026-08-28,EROC,2025-12-31,-315.61282,-293.61386,-334.87188,1,190772000,1,Industrials,12.31,3364603976,2086061
2026-08-28,ES,2030-12-31,5.92638,6.4723,5.6098,1,16075228800,2,Utilities,70.84,26641508971,1476970
2026-08-28,ES,2029-12-31,5.59818,6.11387,5.29913,1,15535488800,2,Utilities,70.84,26641508971,1476970
2026-08-28,ES,2028-12-31,5.26057,5.48313,5.00766,3,14965509765,5,Utilities,70.84,26641508971,1476970
2026-08-28,ES,2027-12-31,4.91993,5.10916,4.8303,8,14356316498,6,Utilities,70.84,26641508971,1476970
2026-08-28,ESAB,2030-12-31,9.86,10.28208,9.67711,1,3782600000,2,Industrials,76.43,4653189401,858907
2026-08-28,ESAB,2029-12-31,8.67,9.04114,8.50918,1,3616400000,2,Industrials,76.43,4653189401,858907
2026-08-28,ESAB,2028-12-31,7.32667,7.64031,7.19077,1,3482035207,4,Industrials,76.43,4653189401,858907
2026-08-28,ESAB,2027-12-31,6.45515,7.15139,6.16671,7,3341939955,7,Industrials,76.43,4653189401,858907
2026-08-28,ESI,2028-12-31,2.36164,2.42822,2.30063,2,4215797644,3,Basic Materials,34.93,8512123626,20712694
2026-08-28,ESI,2027-12-31,2.08356,2.18231,2.02431,5,3960726081,6,Basic Materials,34.93,8512123626,20712694
2026-08-28,ESI,2026-12-31,1.81424,1.82426,1.79419,5,3677974300,6,Basic Materials,34.93,8512123626,20712694
2026-08-28,ESI,2025-12-31,1.48198,1.52258,1.42108,7,2504268268,5,Basic Materials,34.93,8512123626,20712694
2026-08-28,ESNT,2028-12-31,7.9504,8.06915,7.83165,2,1631659500,2,Financial Services,68.9,6349332054,625042
2026-08-28,ESNT,2027-12-31,7.71615,8.13774,7.25534,5,1405863750,3,Financial Services,68.9,6349332054,625042
2026-08-28,ESNT,2026-12-31,7.45139,7.64748,7.19647,5,1329967250,3,Financial Services,68.9,6349332054,625042
2026-08-28,ESNT,2025-12-31,6.99773,7.07736,6.95791,4,1261558116,3,Financial Services,68.9,6349332054,625042
2026-08-28,ESS,2030-12-31,0,0,0,1,2161112000,5,Real Estate,284.03,18252261728,642611
2026-08-28,ESS,2029-12-31,8.28,8.4795,8.06032,1,2143790500,5,Real Estate,284.03,18252261728,642611
2026-08-28,ESS,2028-12-31,6.79865,7.10093,6.45066,4,2098197796,10,Real Estate,284.03,18252261728,642611
2026-08-28,ESS,2027-12-31,6.23447,6.30175,6.1485,8,2020820595,14,Real Estate,284.03,18252261728,642611
2026-08-28,ESTC,2030-04-30,4.57663,4.7952,4.40008,1,2931375433,5,Technology,99.91,10385807653,10104560
2026-08-28,ESTC,2029-04-30,4.73115,6.7522,2.71014,2,2642276752,8,Technology,99.91,10385807653,10104560
2026-08-28,ESTC,2028-04-30,3.85268,4.42564,3.69462,15,2284866436,21,Technology,99.91,10385807653,10104560
2026-08-28,ESTC,2027-04-30,3.24404,3.27398,3.22408,15,1995452445,22,Technology,99.91,10385807653,10104560
2026-08-28,ET,2030-12-31,2.265,2.65092,1.59228,3,126561500000,5,Energy,21.31,73331119600,5035880
2026-08-28,ET,2029-12-31,2.01388,2.35701,1.41575,3,120962333333,5,Energy,21.31,73331119600,5035880
2026-08-28,ET,2028-12-31,1.80709,2.21168,1.28257,9,124336310173,10,Energy,21.31,73331119600,5035880
2026-08-28,ET,2027-12-31,1.70948,1.9106,1.41786,11,120309361343,9,Energy,21.31,73331119600,5035880
2026-08-28,ETD,2028-06-30,1.25,1.25846,1.24154,1,567000000,1,Consumer Cyclical,23.47,597225576,723851
2026-08-28,ETD,2027-06-30,1.225,1.23329,1.21671,1,560550000,1,Consumer Cyclical,23.47,597225576,723851
2026-08-28,ETD,2026-06-30,1.435,1.44471,1.42529,1,581500000,1,Consumer Cyclical,23.47,597225576,723851
2026-08-28,ETD,2025-06-30,2.00103,2.01458,1.98748,2,606500000,1,Consumer Cyclical,23.47,597225576,723851
2026-08-28,ETN,2030-12-31,24.21,25.69255,22.66361,5,44014000000,6,Industrials,402.78,156399474000,1822113
2026-08-28,ETN,2029-12-31,22.58185,23.9647,21.13946,5,44254047471,10,Industrials,402.78,156399474000,1822113
2026-08-28,ETN,2028-12-31,18.6106,19.49235,16.96697,8,39755778276,12,Industrials,402.78,156399474000,1822113
2026-08-28,ETN,2027-12-31,15.98851,17.18589,14.77101,15,36344974358,18,Industrials,402.78,156399474000,1822113
2026-08-28,ETON,2030-12-31,5.81,6.4365,5.3546,1,558200667,2,Healthcare,59.78,1637515161,588694
2026-08-28,ETON,2029-12-31,5.01,5.55024,4.6173,1,424011333,2,Healthcare,59.78,1637515161,588694
2026-08-28,ETON,2028-12-31,3.44,4.07622,2.88641,4,295941000,4,Healthcare,59.78,1637515161,588694
2026-08-28,ETON,2027-12-31,2.45823,3.10439,1.79802,2,219905575,3,Healthcare,59.78,1637515161,588694
2026-08-28,ETOR,2029-12-31,4.02869,4.3454,3.78873,5,1224400000,3,Financial Services,31.03,2611354257,938770
2026-08-28,ETOR,2028-12-31,3.63814,3.92415,3.42144,6,1105038217,3,Financial Services,31.03,2611354257,938770
2026-08-28,ETOR,2027-12-31,3.02725,3.29737,2.89685,8,1024283255,7,Financial Services,31.03,2611354257,938770
2026-08-28,ETOR,2026-12-31,2.54813,2.73688,2.39713,8,924144670,7,Financial Services,31.03,2611354257,938770
2026-08-28,ETR,2030-12-31,7.26655,7.90528,6.7554,5,19873100000,7,Utilities,105.75,49346280914,1448273
2026-08-28,ETR,2029-12-31,6.50785,7.07989,6.05007,5,18256088889,10,Utilities,105.75,49346280914,1448273
2026-08-28,ETR,2028-12-31,5.78786,5.84941,5.7505,8,16791537864,15,Utilities,105.75,49346280914,1448273
2026-08-28,ETR,2027-12-31,5.0982,5.22892,4.85687,14,15321473091,12,Utilities,105.75,49346280914,1448273
2026-08-28,ETSY,2030-12-31,7.09333,7.32004,6.79022,8,3465812333,10,Consumer Cyclical,83.59,7932375949,1545203
2026-08-28,ETSY,2029-12-31,6.115,6.31044,5.85369,9,3301094783,10,Consumer Cyclical,83.59,7932375949,1545203
2026-08-28,ETSY,2028-12-31,5.23655,7.12029,3.63217,18,3122100614,21,Consumer Cyclical,83.59,7932375949,1545203
2026-08-28,ETSY,2027-12-31,4.56406,5.27741,3.87149,20,2984527553,23,Consumer Cyclical,83.59,7932375949,1545203
2026-08-28,EVRG,2030-12-31,5.96333,6.13254,5.67342,1,8029200000,5,Utilities,80.65,18590873450,1448127
2026-08-28,EVRG,2029-12-31,5.50429,5.66048,5.23669,1,7593200000,3,Utilities,80.65,18590873450,1448127
2026-08-28,EVRG,2028-12-31,4.96596,4.97103,4.96089,2,7027565716,7,Utilities,80.65,18590873450,1448127
2026-08-28,EVRG,2027-12-31,4.56048,4.59055,4.54043,6,6633085216,6,Utilities,80.65,18590873450,1448127
2026-08-28,EW,2030-12-31,4.62333,4.75817,4.47583,5,9808133333,11,Healthcare,90.21,51942918000,2043684
2026-08-28,EW,2029-12-31,4.20216,4.32472,4.06809,5,9001795418,14,Healthcare,90.21,51942918000,2043684
2026-08-28,EW,2028-12-31,3.79575,3.89012,3.6655,8,8199469507,22,Healthcare,90.21,51942918000,2043684
2026-08-28,EW,2027-12-31,3.3855,3.45541,3.28563,16,7418548511,22,Healthcare,90.21,51942918000,2043684
2026-08-28,EWBC,2028-12-31,12.07492,12.41214,11.89974,3,3660335079,5,Financial Services,129.44,17732796153,707226
2026-08-28,EWBC,2027-12-31,11.32717,11.64794,10.95628,12,3411867716,10,Financial Services,129.44,17732796153,707226
2026-08-28,EWBC,2026-12-31,10.63355,10.72375,10.55337,12,3194450255,10,Financial Services,129.44,17732796153,707226
2026-08-28,EWBC,2025-12-31,9.47875,9.52896,9.34822,11,2913997855,8,Financial Services,129.44,17732796153,707226
2026-08-28,EWTX,2030-12-31,-0.83875,-0.3325,-1.50076,5,338231375,5,Healthcare,42.76,4600676680,739751
2026-08-28,EWTX,2029-12-31,-1.2825,-0.50842,-2.29476,5,210788571,5,Healthcare,42.76,4600676680,739751
2026-08-28,EWTX,2028-12-31,-1.86431,-1.10951,-2.54483,8,89719444,10,Healthcare,42.76,4600676680,739751
2026-08-28,EWTX,2027-12-31,-1.63846,-0.42782,-2.29384,9,38645455,8,Healthcare,42.76,4600676680,739751
2026-08-28,EXC,2030-12-31,3.71157,3.87714,3.55113,2,28414133333,6,Utilities,43.93,45259056155,5456527
2026-08-28,EXC,2029-12-31,3.46032,3.61469,3.31074,3,27611171429,10,Utilities,43.93,45259056155,5456527
2026-08-28,EXC,2028-12-31,3.25808,3.29975,3.23975,6,27069089975,12,Utilities,43.93,45259056155,5456527
2026-08-28,EXC,2027-12-31,3.03767,3.07751,3.02771,12,26169292269,11,Utilities,43.93,45259056155,5456527
2026-08-28,EXE,2030-12-31,13.80763,16.70778,12.39607,4,15189648767,2,Energy,98.16,22724432640,1890549
2026-08-28,EXE,2029-12-31,10.37238,12.55099,9.31201,4,14956576233,2,Energy,98.16,22724432640,1890549
2026-08-28,EXE,2028-12-31,10.15414,17.09931,5.51104,10,13635961000,5,Energy,98.16,22724432640,1890549
2026-08-28,EXE,2027-12-31,8.55073,9.7512,7.33973,14,12965808999,6,Energy,98.16,22724432640,1890549
2026-08-28,EXEL,2031-01-02,4.15667,4.45618,3.59966,8,3034800900,10,Healthcare,54.45,13686284269,1486394
2026-08-28,EXEL,2030-01-02,4.83143,5.17956,4.184,6,3403584091,7,Healthcare,54.45,13686284269,1486394
2026-08-28,EXEL,2029-01-02,4.65421,6.33606,2.29961,9,3190786353,15,Healthcare,54.45,13686284269,1486394
2026-08-28,EXEL,2028-01-02,4.00605,4.71474,3.51391,10,2864340282,13,Healthcare,54.45,13686284269,1486394
2026-08-28,EXK,2030-12-31,0.71,0.96749,0.57158,1,1927903475,2,Basic Materials,10.76,3186509440,13122691
2026-08-28,EXK,2029-12-31,0.745,1.01518,0.59976,1,730985000,2,Basic Materials,10.76,3186509440,13122691
2026-08-28,EXK,2028-12-31,0.96,1.30815,0.77284,1,953853333,1,Basic Materials,10.76,3186509440,13122691
2026-08-28,EXK,2027-12-31,1.015,1.29766,0.71949,3,1056808166,4,Basic Materials,10.76,3186509440,13122691
2026-08-28,EXLS,2028-12-31,2.985,3.06472,2.86137,3,3007675000,4,Technology,38.4,5821939200,2786932
2026-08-28,EXLS,2027-12-31,2.59716,2.69705,2.51725,7,2691088914,7,Technology,38.4,5821939200,2786932
2026-08-28,EXLS,2026-12-31,2.28866,2.33863,2.26867,7,2409602287,7,Technology,38.4,5821939200,2786932
2026-08-28,EXLS,2025-12-31,1.9154,1.92538,1.90542,7,2077768975,6,Technology,38.4,5821939200,2786932
2026-08-28,EXPD,2028-12-31,8.03991,8.63639,7.35255,5,13329410336,7,Industrials,190.97,24977157270,555091
2026-08-28,EXPD,2027-12-31,7.98265,8.72618,7.17716,11,13147376712,11,Industrials,190.97,24977157270,555091
2026-08-28,EXPD,2026-12-31,7.70316,8.05559,7.40108,11,13060723356,11,Industrials,190.97,24977157270,555091
2026-08-28,EXPD,2025-12-31,5.9239,6.07451,5.77329,11,11026647829,9,Industrials,190.97,24977157270,555091
2026-08-28,EXPE,2030-12-31,33.2125,34.50288,32.32398,6,20886400000,11,Consumer Cyclical,329.44,37720427020,967090
2026-08-28,EXPE,2029-12-31,30.55923,31.74653,29.7417,9,20018821195,14,Consumer Cyclical,329.44,37720427020,967090
2026-08-28,EXPE,2028-12-31,28.03737,35.90733,22.22289,15,18699631548,22,Consumer Cyclical,329.44,37720427020,967090
2026-08-28,EXPE,2027-12-31,24.16134,26.0159,21.02526,22,17368462597,27,Consumer Cyclical,329.44,37720427020,967090
2026-08-28,EXR,2030-12-31,5.2,5.28209,5.14119,1,4295500000,1,Real Estate,142.91,30192532534,813288
2026-08-28,EXR,2029-12-31,5.3,5.38366,5.24005,1,3896657500,1,Real Estate,142.91,30192532534,813288
2026-08-28,EXR,2028-12-31,5.11871,5.40788,4.7629,5,3724933092,1,Real Estate,142.91,30192532534,813288
2026-08-28,EXR,2027-12-31,4.83128,4.95706,4.57399,8,3618628356,4,Real Estate,142.91,30192532534,813288
2026-08-28,EXTR,2029-06-30,1.71672,1.78996,1.66918,1,1698232442,2,Technology,22.58,2952969227,1638827
2026-08-28,EXTR,2028-06-30,1.52032,1.53981,1.50083,3,1522819482,5,Technology,22.58,2952969227,1638827
2026-08-28,EXTR,2027-06-30,1.30506,1.34461,1.26551,4,1394643095,6,Technology,22.58,2952969227,1638827
2026-08-28,EXTR,2026-06-30,1.03254,1.04247,1.02261,4,1277527096,6,Technology,22.58,2952969227,1638827
2026-08-28,EYE,2030-01-03,1.63,1.65665,1.60693,1,2478200000,2,Consumer Cyclical,17.38,1392428246,1660037
2026-08-28,EYE,2029-01-03,1.47905,1.50323,1.45812,1,2326669187,4,Consumer Cyclical,17.38,1392428246,1660037
2026-08-28,EYE,2028-01-03,1.20655,1.28905,1.0828,4,2165200938,8,Consumer Cyclical,17.38,1392428246,1660037
2026-08-28,EYE,2027-01-03,1.00539,1.02591,0.96435,7,2059971759,8,Consumer Cyclical,17.38,1392428246,1660037
2026-08-28,EZPW,2030-09-30,3.0193,3.08394,2.97721,1,2199716500,1,Financial Services,33,1932671631,595691
2026-08-28,EZPW,2029-09-30,2.7397,2.79836,2.70151,1,2061548600,1,Financial Services,33,1932671631,595691
2026-08-28,EZPW,2028-09-30,2.4246,2.4813,2.32122,3,1964059850,3,Financial Services,33,1932671631,595691
2026-08-28,EZPW,2027-09-30,2.16286,2.20917,2.13271,4,1824453857,4,Financial Services,33,1932671631,595691
2026-08-28,F,2030-12-31,2.50505,2.72486,2.34508,2,202676500000,5,Consumer Cyclical,13.87,55307953649,40101984
2026-08-28,F,2029-12-31,2.24339,2.44024,2.10013,3,198035040017,3,Consumer Cyclical,13.87,55307953649,40101984
2026-08-28,F,2028-12-31,2.15996,2.59465,1.85332,6,195659337519,7,Consumer Cyclical,13.87,55307953649,40101984
2026-08-28,F,2027-12-31,1.95803,2.08924,1.86719,13,189021071974,9,Consumer Cyclical,13.87,55307953649,40101984
2026-08-28,FA,2028-12-31,1.76027,1.77296,1.7341,1,1967654276,2,Industrials,21.04,3609139469,1146734
2026-08-28,FA,2027-12-31,1.50436,1.5152,1.4944,6,1818940291,7,Industrials,21.04,3609139469,1146734
2026-08-28,FA,2026-12-31,1.27528,1.30494,1.25551,6,1705850524,7,Industrials,21.04,3609139469,1146734
2026-08-28,FA,2025-12-31,1.00451,1.01175,0.98958,6,1546120053,6,Industrials,21.04,3609139469,1146734
2026-08-28,FAF,2028-12-31,7.49,7.64203,7.32778,2,8690800000,1,Financial Services,74.47,7603387000,889507
2026-08-28,FAF,2027-12-31,7.218,7.42311,7.13009,4,8509769246,4,Financial Services,74.47,7603387000,889507
2026-08-28,FAF,2026-12-31,6.962,7.00117,6.86408,4,8177686038,4,Financial Services,74.47,7603387000,889507
2026-08-28,FAF,2025-12-31,5.3675,5.45438,5.30958,4,7203235873,3,Financial Services,74.47,7603387000,889507
2026-08-28,FANG,2030-12-31,19.06667,22.15108,17.35251,3,16302333333,2,Energy,197.67,55607140710,2128057
2026-08-28,FANG,2029-12-31,18.655,21.67281,16.97785,3,16315000000,2,Energy,197.67,55607140710,2128057
2026-08-28,FANG,2028-12-31,19.29163,22.49208,15.56081,9,17499653073,4,Energy,197.67,55607140710,2128057
2026-08-28,FANG,2027-12-31,18.21319,23.49956,14.13484,16,17213211060,8,Energy,197.67,55607140710,2128057
2026-08-28,FAST,2029-12-31,1.63448,1.67468,1.5352,4,11861493517,10,Industrials,49.78,57122550000,5999665
2026-08-28,FAST,2028-12-31,1.52739,1.59415,1.47126,11,10996804761,12,Industrials,49.78,57122550000,5999665
2026-08-28,FAST,2027-12-31,1.4023,1.46283,1.36195,12,10167154848,12,Industrials,49.78,57122550000,5999665
2026-08-28,FAST,2026-12-31,1.2655,1.29563,1.22533,12,9311600730,12,Industrials,49.78,57122550000,5999665
2026-08-28,FBIN,2028-12-27,3.8818,3.9855,3.73419,3,4648735234,6,Basic Materials,45.5,5427850474,1154540
2026-08-28,FBIN,2027-12-27,3.36642,3.55399,3.01102,11,4452042095,13,Basic Materials,45.5,5427850474,1154540
2026-08-28,FBIN,2026-12-27,3.34765,3.42832,3.12582,9,4353548376,12,Basic Materials,45.5,5427850474,1154540
2026-08-28,FBIN,2025-12-27,3.73944,3.78957,3.71939,12,4521586675,10,Basic Materials,45.5,5427850474,1154540
2026-08-28,FBP,2028-12-31,2.7541,2.8048,2.70017,1,1145800000,1,Financial Services,28.01,4276410112,1255101
2026-08-28,FBP,2027-12-31,2.54812,2.6377,2.34905,6,1137536167,4,Financial Services,28.01,4276410112,1255101
2026-08-28,FBP,2026-12-31,2.39817,2.41815,2.3582,6,1089632667,4,Financial Services,28.01,4276410112,1255101
2026-08-28,FBP,2025-12-31,2.0994,2.13805,2.05829,5,1011552533,3,Financial Services,28.01,4276410112,1255101
2026-08-28,FBRX,2030-12-31,-5.59,-5.59,-5.59,1,133269000,1,Healthcare,76.99,1577524407,1399801
2026-08-28,FBRX,2029-12-31,-7.21,-7.21,-7.21,1,32440500,1,Healthcare,76.99,1577524407,1399801
2026-08-28,FBRX,2028-12-31,-2.61,-1.6336,-3.5864,2,14314000,2,Healthcare,76.99,1577524407,1399801
2026-08-28,FBRX,2027-12-31,-4.116,-2.70346,-5.52854,3,22500000,3,Healthcare,76.99,1577524407,1399801
2026-08-28,FCEL,2030-10-31,1.46667,1.84041,1.24069,1,1066979333,2,Industrials,17.76,1419986485,4956808
2026-08-28,FCEL,2029-10-31,0.54,0.6776,0.4568,1,796319000,2,Industrials,17.76,1419986485,4956808
2026-08-28,FCEL,2028-10-31,-0.583,-0.19433,-0.86235,3,409729469,4,Industrials,17.76,1419986485,4956808
2026-08-28,FCEL,2027-10-31,-1.17921,-0.99752,-1.47969,3,256356148,5,Industrials,17.76,1419986485,4956808
2026-08-28,FCPT,2030-12-31,0,0,0,0,341460773,1,Real Estate,25.23,2768972240,708240
2026-08-28,FCPT,2029-12-31,0,0,0,0,334461628,1,Real Estate,25.23,2768972240,708240
2026-08-28,FCPT,2028-12-31,1.17767,1.23624,1.10218,1,356420936,2,Real Estate,25.23,2768972240,708240
2026-08-28,FCPT,2027-12-31,1.17072,1.22894,1.09567,2,330675990,4,Real Estate,25.23,2768972240,708240
2026-08-28,FCX,2030-12-31,2.77,3.243,2.45371,4,41470000000,12,Basic Materials,76.46,109915837600,18054307
2026-08-28,FCX,2029-12-31,4.7039,5.50712,4.16679,4,41752000000,8,Basic Materials,76.46,109915837600,18054307
2026-08-28,FCX,2028-12-31,4.44905,6.50958,2.55773,10,36492346911,14,Basic Materials,76.46,109915837600,18054307
2026-08-28,FCX,2027-12-31,4.0037,5.44203,2.62978,14,35415145502,14,Basic Materials,76.46,109915837600,18054307
2026-08-28,FDMT,2030-12-31,-1.852,-0.84186,-3.36577,1,363262400,5,Healthcare,14.67,766892646,1101306
2026-08-28,FDMT,2029-12-31,-3.012,-1.36916,-5.47392,1,184334800,3,Healthcare,14.67,766892646,1101306
2026-08-28,FDMT,2028-12-31,-3.875,-2.99181,-4.83547,5,47440875,7,Healthcare,14.67,766892646,1101306
2026-08-28,FDMT,2027-12-31,-4.08667,-3.52299,-4.36851,6,18340741,5,Healthcare,14.67,766892646,1101306
2026-08-28,FDS,2030-08-31,27.39448,27.629,27.11894,5,3063562346,6,Financial Services,308.98,10989041476,715165
2026-08-28,FDS,2029-08-31,23.96015,24.16527,23.71916,5,2909492987,6,Financial Services,308.98,10989041476,715165
2026-08-28,FDS,2028-08-31,21.86085,22.70462,20.10945,8,2774929695,13,Financial Services,308.98,10989041476,715165
2026-08-28,FDS,2027-08-31,19.60982,20.11518,19.32246,12,2610573145,13,Financial Services,308.98,10989041476,715165
2026-08-28,FDX,2031-05-31,29.67,31.13671,27.83828,1,104279000000,1,Industrials,330.88,78279983485,956859
2026-08-28,FDX,2030-05-31,26.04457,27.33206,24.43667,1,100199800000,1,Industrials,330.88,78279983485,956859
2026-08-28,FDX,2029-05-31,24.37299,25.57785,22.86829,1,97621356937,3,Industrials,330.88,78279983485,956859
2026-08-28,FDX,2028-05-31,21.36197,23.78219,19.41179,4,94811109693,5,Industrials,330.88,78279983485,956859
2026-08-28,FDXF,2030-05-31,7.64045,7.75916,7.55977,3,10384223000,1,Industrials,133.45,19951475346,774102
2026-08-28,FDXF,2029-05-31,6.5798,6.68203,6.51032,2,10195111290,1,Industrials,133.45,19951475346,774102
2026-08-28,FDXF,2028-05-31,5.39641,5.48026,5.33942,3,9573731887,1,Industrials,133.45,19951475346,774102
2026-08-28,FDXF,2027-05-31,4.66806,4.98122,4.25704,6,9116949175,3,Industrials,133.45,19951475346,774102
2026-08-28,FE,2030-12-31,3.67459,4.01117,3.33395,1,18313980000,4,Utilities,45.87,26542213681,2340903
2026-08-28,FE,2029-12-31,3.40609,3.71808,3.09034,1,17609140000,4,Utilities,45.87,26542213681,2340903
2026-08-28,FE,2028-12-31,3.18311,3.24355,3.14282,3,17370749820,9,Utilities,45.87,26542213681,2340903
2026-08-28,FE,2027-12-31,2.94784,2.96783,2.91786,9,16497004647,8,Utilities,45.87,26542213681,2340903
2026-08-28,FER,2030-12-31,1.70643,1.75777,1.66,1,12678540889,5,Industrials,58.73,42598735616,1059664
2026-08-28,FER,2029-12-31,1.57029,1.61753,1.52756,1,12137202778,5,Industrials,58.73,42598735616,1059664
2026-08-28,FER,2028-12-31,1.35357,1.39429,1.31674,1,11330701180,4,Industrials,58.73,42598735616,1059664
2026-08-28,FER,2027-12-31,1.17895,1.44462,0.90496,2,10824627664,10,Industrials,58.73,42598735616,1059664
2026-08-28,FERG,2030-06-30,15.46,15.77758,15.08903,5,39418000000,13,Industrials,228.49,44312852492,1000721
2026-08-28,FERG,2029-06-30,15.29754,15.61178,14.93047,2,39154755089,9,Industrials,228.49,44312852492,1000721
2026-08-28,FERG,2028-06-30,13.94745,15.30747,13.12458,7,37108491678,14,Industrials,228.49,44312852492,1000721
2026-08-28,FERG,2027-06-30,12.61778,13.06172,12.17384,10,35118245993,14,Industrials,228.49,44312852492,1000721
2026-08-28,FFBC,2028-12-31,3.75,3.76632,3.73713,1,1267200000,1,Financial Services,32.82,3444655920,958171
2026-08-28,FFBC,2027-12-31,3.3796,3.42858,3.33062,5,1192241950,3,Financial Services,32.82,3444655920,958171
2026-08-28,FFBC,2026-12-31,3.02923,3.04241,3.01943,5,1079276483,4,Financial Services,32.82,3444655920,958171
2026-08-28,FFBC,2025-12-31,2.61817,2.62717,2.60917,3,913286917,4,Financial Services,32.82,3444655920,958171
2026-08-28,FFIN,2027-12-31,2.16,2.17796,2.13291,3,747405750,3,Financial Services,33.39,4784185980,635196
2026-08-28,FFIN,2026-12-31,2.046,2.06301,2.02034,3,704587750,3,Financial Services,33.39,4784185980,635196
2026-08-28,FFIN,2025-12-31,1.768,1.7827,1.74583,3,639722750,2,Financial Services,33.39,4784185980,635196
2026-08-28,FFIN,2024-12-31,1.5275,1.5402,1.50834,3,556044000,2,Financial Services,33.39,4784185980,635196
2026-08-28,FHB,2028-12-31,2.6797,2.81358,2.54502,3,1524533333,3,Financial Services,25.79,3138024040,1558599
2026-08-28,FHB,2027-12-31,2.50689,2.67668,2.38704,7,1460531857,5,Financial Services,25.79,3138024040,1558599
2026-08-28,FHB,2026-12-31,2.34033,2.35033,2.33033,6,916700300,4,Financial Services,25.79,3138024040,1558599
2026-08-28,FHB,2025-12-31,2.16032,2.17018,2.13073,6,881627907,5,Financial Services,25.79,3138024040,1558599
2026-08-28,FHN,2028-12-31,2.50986,2.61652,2.42011,6,3864449625,3,Financial Services,24.65,11699333700,4543770
2026-08-28,FHN,2027-12-31,2.30072,2.35971,2.21223,13,3697510568,9,Financial Services,24.65,11699333700,4543770
2026-08-28,FHN,2026-12-31,2.13985,2.16971,2.10004,13,3547735524,9,Financial Services,24.65,11699333700,4543770
2026-08-28,FHN,2025-12-31,1.8425,1.89257,1.81246,12,3393246900,6,Financial Services,24.65,11699333700,4543770
2026-08-28,FIBK,2028-12-31,3.2,3.23862,3.17144,1,1052269837,2,Financial Services,37.04,3598173016,801048
2026-08-28,FIBK,2027-12-31,2.85333,2.88275,2.84352,5,1012241211,4,Financial Services,37.04,3598173016,801048
2026-08-28,FIBK,2026-12-31,2.87,2.91042,2.81947,5,988305092,4,Financial Services,37.04,3598173016,801048
2026-08-28,FIBK,2025-12-31,2.64986,2.68141,2.61831,4,997620800,4,Financial Services,37.04,3598173016,801048
2026-08-28,FIG,2029-12-31,0.75,0.82969,0.72171,1,2759300000,6,Technology,28.82,14048623224,19067109
2026-08-28,FIG,2028-12-31,0.48808,0.51023,0.46593,2,2258079425,8,Technology,28.82,14048623224,19067109
2026-08-28,FIG,2027-12-31,0.36292,0.43097,0.29487,7,1818943191,11,Technology,28.82,14048623224,19067109
2026-08-28,FIG,2026-12-31,0.28647,0.30693,0.25578,8,1469333354,11,Technology,28.82,14048623224,19067109
2026-08-28,FIGR,2028-12-31,1.79668,1.88187,1.70839,1,1328618500,3,Financial Services,36.05,6583549777,2488743
2026-08-28,FIGR,2027-12-31,1.47565,1.58105,1.36066,3,1128071757,5,Financial Services,36.05,6583549777,2488743
2026-08-28,FIGR,2026-12-31,1.20496,1.25602,1.14369,3,884594729,5,Financial Services,36.05,6583549777,2488743
2026-08-28,FIGR,2025-12-31,0.66085,0.90867,0.39926,3,512298019,4,Financial Services,36.05,6583549777,2488743
2026-08-28,FIGS,2029-12-31,0,0,0,0,759000000,1,Consumer Cyclical,15.42,2575868487,2224645
2026-08-28,FIGS,2028-12-31,0.42,0.47676,0.36324,2,899105000,2,Consumer Cyclical,15.42,2575868487,2224645
2026-08-28,FIGS,2027-12-31,0.38957,0.4354,0.33228,7,829742167,7,Consumer Cyclical,15.42,2575868487,2224645
2026-08-28,FIGS,2026-12-31,0.36814,0.37837,0.35676,4,761084766,6,Consumer Cyclical,15.42,2575868487,2224645
2026-08-28,FIS,2029-12-31,7.89855,7.99574,7.77224,5,15146458100,10,Technology,41.44,21419465760,3729137
2026-08-28,FIS,2028-12-31,7.38451,9.58579,5.61811,8,14687530693,15,Technology,41.44,21419465760,3729137
2026-08-28,FIS,2027-12-31,6.70071,6.79032,6.53145,17,14259372327,19,Technology,41.44,21419465760,3729137
2026-08-28,FIS,2026-12-31,6.20208,6.23214,6.17202,17,13660130610,19,Technology,41.44,21419465760,3729137
2026-08-28,FISV,2030-12-31,13.78548,14.12686,13.41664,3,22543700000,7,Technology,53.18,28358447720,3984956
2026-08-28,FISV,2029-12-31,10.93087,11.20156,10.6384,3,21887246157,10,Technology,53.18,28358447720,3984956
2026-08-28,FISV,2028-12-31,9.04555,10.24334,8.00822,9,20937603803,15,Technology,53.18,28358447720,3984956
2026-08-28,FISV,2027-12-31,8.03882,8.69806,7.51733,22,20271288182,22,Technology,53.18,28358447720,3984956
2026-08-28,FITB,2028-12-31,5.41229,5.86725,4.6836,5,14693950923,5,Financial Services,54.54,49430256480,5617707
2026-08-28,FITB,2027-12-31,4.9325,5.14433,4.30711,13,13979192865,7,Financial Services,54.54,49430256480,5617707
2026-08-28,FITB,2026-12-31,3.06023,3.11197,3.01588,13,12867112162,3,Financial Services,54.54,49430256480,5617707
2026-08-28,FITB,2025-12-31,3.49044,3.54977,3.45089,14,9038922566,9,Financial Services,54.54,49430256480,5617707
2026-08-28,FIVE,2030-01-31,14.04,14.6995,13.22963,1,7494784800,6,Consumer Cyclical,241.89,13375392453,1022640
2026-08-28,FIVE,2029-01-31,11.34557,11.89633,10.97506,3,6688208310,13,Consumer Cyclical,241.89,13375392453,1022640
2026-08-28,FIVE,2028-01-31,9.9541,10.26454,9.4634,13,6049569944,18,Consumer Cyclical,241.89,13375392453,1022640
2026-08-28,FIVE,2027-01-31,9.25321,9.84168,9.07058,13,5535175799,18,Consumer Cyclical,241.89,13375392453,1022640
2026-08-28,FIVN,2030-12-31,4.23,4.29741,4.16448,1,1797400000,3,Technology,34.05,2607003791,1595508
2026-08-28,FIVN,2029-12-31,3.93,3.99263,3.86912,1,1663100000,4,Technology,34.05,2607003791,1595508
2026-08-28,FIVN,2028-12-31,4.47486,4.54617,4.40554,1,1527208619,6,Technology,34.05,2607003791,1595508
2026-08-28,FIVN,2027-12-31,3.83787,4.45557,3.62522,11,1380911398,15,Technology,34.05,2607003791,1595508
2026-08-28,FLEX,2029-03-31,9.66,9.96881,9.35119,2,51819122250,4,Technology,110.5,40819029069,2058200
2026-08-28,FLEX,2028-03-31,7.11875,7.83169,6.28876,6,44980915254,7,Technology,110.5,40819029069,2058200
2026-08-28,FLEX,2027-03-31,4.69846,4.74898,4.64794,6,34608931416,7,Technology,110.5,40819029069,2058200
2026-08-28,FLEX,2026-03-31,3.24644,3.25646,3.23642,5,27396479605,6,Technology,110.5,40819029069,2058200
2026-08-28,FLG,2028-12-31,1.80704,1.99925,1.61483,2,3126700376,2,Financial Services,13.45,5606161750,3977149
2026-08-28,FLG,2027-12-31,1.31385,1.56651,0.96012,13,2759387460,10,Financial Services,13.45,5606161750,3977149
2026-08-28,FLG,2026-12-31,0.33489,0.40593,0.2537,12,2179917632,9,Financial Services,13.45,5606161750,3977149
2026-08-28,FLG,2025-12-31,-0.54051,-0.50096,-0.55369,12,2023867085,9,Financial Services,13.45,5606161750,3977149
2026-08-28,FLNC,2030-09-30,1.2,1.37663,0.98949,6,6227667500,8,Utilities,10.88,2007650061,4905276
2026-08-28,FLNC,2029-09-30,0.75,0.86039,0.61843,5,5535632500,8,Utilities,10.88,2007650061,4905276
2026-08-28,FLNC,2028-09-30,0.41374,0.95925,0.08484556,9,4775682897,16,Utilities,10.88,2007650061,4905276
2026-08-28,FLNC,2027-09-30,0.13906,0.32447,-0.18541,6,3964935263,13,Utilities,10.88,2007650061,4905276
2026-08-28,FLOC,2028-12-31,1.92891,2.22281,1.60119,4,1060659386,7,Energy,21.16,1969715672,579613
2026-08-28,FLOC,2027-12-31,1.68852,1.80497,1.57207,5,1005802464,6,Energy,21.16,1969715672,579613
2026-08-28,FLOC,2026-12-31,1.47672,1.54473,1.399,4,925429027,5,Energy,21.16,1969715672,579613
2026-08-28,FLOC,2025-12-31,1.39263,1.4376,1.37069,4,752084253,4,Energy,21.16,1969715672,579613
2026-08-28,FLR,2028-12-31,3.90651,4.16289,3.76346,3,20273880400,3,Industrials,53.27,7440220900,2217771
2026-08-28,FLR,2027-12-31,3.38695,3.72674,3.091,5,18394780550,5,Industrials,53.27,7440220900,2217771
2026-08-28,FLR,2026-12-31,2.69826,2.73884,2.6374,5,16679928144,5,Industrials,53.27,7440220900,2217771
2026-08-28,FLR,2025-12-31,2.19781,2.26838,2.11716,6,15746076389,5,Industrials,53.27,7440220900,2217771
2026-08-28,FLS,2030-12-31,6.42,6.50742,6.35794,1,6043200000,2,Industrials,80.33,10297218894,1288872
2026-08-28,FLS,2029-12-31,5.84,5.91952,5.78355,1,5779600000,2,Industrials,80.33,10297218894,1288872
2026-08-28,FLS,2028-12-31,5.15992,5.23018,5.11004,1,5434491888,5,Industrials,80.33,10297218894,1288872
2026-08-28,FLS,2027-12-31,4.65993,4.72978,4.60006,7,5209828368,9,Industrials,80.33,10297218894,1288872
2026-08-28,FLUT,2030-12-31,19.09333,20.23967,18.46431,4,24460666667,8,Consumer Cyclical,101.78,17656909615,3015667
2026-08-28,FLUT,2029-12-31,15.15604,16.06599,14.65673,2,23249059484,13,Consumer Cyclical,101.78,17656909615,3015667
2026-08-28,FLUT,2028-12-31,10.66935,19.71097,3.82191,7,21225087540,17,Consumer Cyclical,101.78,17656909615,3015667
2026-08-28,FLUT,2027-12-31,7.54216,8.09473,6.1171,8,19519250633,21,Consumer Cyclical,101.78,17656909615,3015667
2026-08-28,FLY,2030-12-31,1.01,1.10298,0.89715,4,1763900000,5,Industrials,21.26,3491640565,2900477
2026-08-28,FLY,2029-12-31,-0.3244,-0.28815,-0.35427,2,1293633550,3,Industrials,21.26,3491640565,2900477
2026-08-28,FLY,2028-12-31,-0.72177,-0.34922,-1.33468,7,1074580769,7,Industrials,21.26,3491640565,2900477
2026-08-28,FLY,2027-12-31,-1.43714,-1.13814,-1.60111,6,684900139,8,Industrials,21.26,3491640565,2900477
2026-08-28,FLYW,2029-12-31,1.4805,1.53639,1.4196,3,1472964277,3,Industrials,18.79,2283830550,1156170
2026-08-28,FLYW,2028-12-31,0.97443,1.19657,0.80109,6,1015161548,7,Industrials,18.79,2283830550,1156170
2026-08-28,FLYW,2027-12-31,0.6818,0.7424,0.6212,7,881631453,11,Industrials,18.79,2283830550,1156170
2026-08-28,FLYW,2026-12-31,0.40219,0.42707,0.37731,6,764320586,11,Industrials,18.79,2283830550,1156170
2026-08-28,FMC,2029-12-31,2.33468,2.49848,2.22908,1,3875988944,5,Basic Materials,11.33,1418820086,2353881
2026-08-28,FMC,2028-12-31,2.01388,2.59628,1.39059,4,3915361231,11,Basic Materials,11.33,1418820086,2353881
2026-08-28,FMC,2027-12-31,1.67228,2.05091,1.36727,8,3757262283,10,Basic Materials,11.33,1418820086,2353881
2026-08-28,FMC,2026-12-31,1.32919,1.64135,1.09759,8,3591312812,10,Basic Materials,11.33,1418820086,2353881
2026-08-28,FMS,2030-12-31,3.32167,3.49994,3.2378,1,22671020324,4,Healthcare,23.1,12407686299,715623
2026-08-28,FMS,2029-12-31,2.97347,3.13305,2.89839,1,21756619225,4,Healthcare,23.1,12407686299,715623
2026-08-28,FMS,2028-12-31,2.45705,2.58891,2.39501,2,21021619484,3,Healthcare,23.1,12407686299,715623
2026-08-28,FMS,2027-12-31,2.14326,2.40775,1.89701,5,20262408389,9,Healthcare,23.1,12407686299,715623
2026-08-28,FN,2029-06-26,29.28,32.67982,27.06621,1,9410000000,2,Technology,414.36,14846394492,730472
2026-08-28,FN,2028-06-26,21.72811,24.25105,20.0853,3,7269159250,5,Technology,414.36,14846394492,730472
2026-08-28,FN,2027-06-26,18.2021,19.00483,16.88855,4,6087154875,5,Technology,414.36,14846394492,730472
2026-08-28,FN,2026-06-26,13.83951,13.86947,13.78958,4,4601450625,5,Technology,414.36,14846394492,730472
2026-08-28,FNB,2028-12-31,2.0711,2.08361,2.05827,1,2087500000,1,Financial Services,18.41,6553296301,3226912
2026-08-28,FNB,2027-12-31,1.87022,1.92959,1.78116,7,1995172383,5,Financial Services,18.41,6553296301,3226912
2026-08-28,FNB,2026-12-31,1.68709,1.69707,1.64716,7,1876163100,5,Financial Services,18.41,6553296301,3226912
2026-08-28,FNB,2025-12-31,1.49649,1.50647,1.47654,7,1769661250,5,Financial Services,18.41,6553296301,3226912
2026-08-28,FND,2028-12-25,2.64976,3.01126,2.06519,3,5531313592,9,Consumer Cyclical,53,5643970000,1909099
2026-08-28,FND,2027-12-25,2.20387,2.35014,1.98933,13,5104638983,16,Consumer Cyclical,53,5643970000,1909099
2026-08-28,FND,2026-12-25,1.97495,2.04442,1.88563,13,4853365016,16,Consumer Cyclical,53,5643970000,1909099
2026-08-28,FND,2025-12-25,1.90708,1.94702,1.84717,16,4686068204,13,Consumer Cyclical,53,5643970000,1909099
2026-08-28,FNF,2028-12-31,6.21283,6.27613,6.16308,1,16581000000,1,Financial Services,47.55,12798441027,1100919
2026-08-28,FNF,2027-12-31,5.7468,6.05691,5.57236,3,15596682763,3,Financial Services,47.55,12798441027,1100919
2026-08-28,FNF,2026-12-31,5.13276,5.34246,5.01293,3,14960133347,2,Financial Services,47.55,12798441027,1100919
2026-08-28,FNF,2025-12-31,5.11302,5.21508,5.02117,3,14099985861,3,Financial Services,47.55,12798441027,1100919
2026-08-28,FNV,2030-12-31,9.88,12.49809,8.0861,1,2670462300,2,Basic Materials,266.16,51330552960,1050853
2026-08-28,FNV,2029-12-31,8.9409,11.31014,7.31752,1,2868299667,2,Basic Materials,266.16,51330552960,1050853
2026-08-28,FNV,2028-12-31,10.34674,10.68914,10.00435,2,2961391417,4,Basic Materials,266.16,51330552960,1050853
2026-08-28,FNV,2027-12-31,9.38626,10.11081,7.84933,6,2899029062,6,Basic Materials,266.16,51330552960,1050853
2026-08-28,FORM,2028-12-27,4.38,4.73062,3.86353,1,1227000000,2,Technology,101.695,7927610539,1090905
2026-08-28,FORM,2027-12-27,3.74798,3.97639,3.21849,7,1196933544,8,Technology,101.695,7927610539,1090905
2026-08-28,FORM,2026-12-27,3.0482,3.05819,3.02821,6,1033064730,7,Technology,101.695,7927610539,1090905
2026-08-28,FORM,2025-12-27,1.12876,1.14806,1.09982,7,780137000,7,Technology,101.695,7927610539,1090905
2026-08-28,FOUR,2029-12-31,8.17,9.06229,7.58953,5,3377000000,4,Technology,43.96,4003213532,2024841
2026-08-28,FOUR,2028-12-31,8.15,10.76934,5.54561,8,6934000000,9,Technology,43.96,4003213532,2024841
2026-08-28,FOUR,2027-12-31,7.93707,9.31581,7.14212,15,5576000000,11,Technology,43.96,4003213532,2024841
2026-08-28,FOUR,2026-12-31,6.35752,9.987,4.86,21,5021812590,14,Technology,43.96,4003213532,2024841
2026-08-28,FOX,2030-06-30,6.07262,6.16034,5.98041,1,18123403934,1,Communication Services,61.32,26889116973,928258
2026-08-28,FOX,2029-06-30,6.74168,6.83906,6.63931,1,18789038302,1,Communication Services,61.32,26889116973,928258
2026-08-28,FOX,2028-06-30,5.87946,6.00131,5.66622,4,17956291615,3,Communication Services,61.32,26889116973,928258
2026-08-28,FOX,2027-06-30,5.95904,6.13045,5.65655,5,17602523464,3,Communication Services,61.32,26889116973,928258
2026-08-28,FOXA,2030-06-30,6.07262,6.33267,5.86803,5,18123403934,8,Communication Services,68.42,30002501358,3622657
2026-08-28,FOXA,2029-06-30,6.74168,7.22958,6.27389,7,18789038302,11,Communication Services,68.42,30002501358,3622657
2026-08-28,FOXA,2028-06-30,5.86097,6.21587,5.35397,11,17937917958,13,Communication Services,68.42,30002501358,3622657
2026-08-28,FOXA,2027-06-30,5.95537,6.09573,5.62452,12,17605609850,12,Communication Services,68.42,30002501358,3622657
2026-08-28,FPS,2029-06-30,0,0,0,0,3519803000,2,Industrials,30.4,7903123538,5529236
2026-08-28,FPS,2028-06-30,2.00569,2.17488,1.85407,1,2849088970,9,Industrials,30.4,7903123538,5529236
2026-08-28,FPS,2027-06-30,1.09,1.25,0.92,5,1990000000,8,Industrials,30.4,7903123538,5529236
2026-08-28,FPS,2026-06-30,0.68,0.74,0.6,5,1390000000,8,Industrials,30.4,7903123538,5529236
2026-08-28,FRO,2029-12-31,3.38,4.14648,2.52494,1,2405000000,4,Industrials,44.19,9837705465,3315849
2026-08-28,FRO,2028-12-31,2.79597,2.97035,2.62159,2,1480246550,6,Industrials,44.19,9837705465,3315849
2026-08-28,FRO,2027-12-31,3.79345,4.93258,2.92789,5,1701315929,6,Industrials,44.19,9837705465,3315849
2026-08-28,FRO,2026-12-31,8.52845,10.46244,6.37095,3,2477884757,5,Industrials,44.19,9837705465,3315849
2026-08-28,FROG,2028-12-31,1.44189,4.42637,-1.54231,2,908176022,9,Technology,98.74,11959388800,2607918
2026-08-28,FROG,2027-12-31,1.14462,1.29012,1.04762,13,767488282,16,Technology,98.74,11959388800,2607918
2026-08-28,FROG,2026-12-31,0.98031,1.00032,0.9503,12,651821635,16,Technology,98.74,11959388800,2607918
2026-08-28,FROG,2025-12-31,0.7921,0.80213,0.78207,15,524610834,14,Technology,98.74,11959388800,2607918
2026-08-28,FRPT,2030-12-31,3.0742,3.1384,3.00411,2,1669994113,4,Consumer Defensive,70.82,3480292459,1118487
2026-08-28,FRPT,2029-12-31,2.59475,2.64893,2.53559,3,1575365143,4,Consumer Defensive,70.82,3480292459,1118487
2026-08-28,FRPT,2028-12-31,2.5516,3.06663,2.11876,6,1435131139,9,Consumer Defensive,70.82,3480292459,1118487
2026-08-28,FRPT,2027-12-31,1.85807,1.89145,1.82469,6,1328594443,14,Consumer Defensive,70.82,3480292459,1118487
2026-08-28,FRSH,2028-12-31,0.9914,1.03097,0.94953,3,1273403644,9,Technology,13.86,3831377860,4010056
2026-08-28,FRSH,2027-12-31,0.83319,0.85351,0.79255,9,1102013952,12,Technology,13.86,3831377860,4010056
2026-08-28,FRSH,2026-12-31,0.66905,0.67717,0.65906,9,965005389,12,Technology,13.86,3831377860,4010056
2026-08-28,FRSH,2025-12-31,0.63494,0.64502,0.62896,11,834822080,10,Technology,13.86,3831377860,4010056
2026-08-28,FRT,2030-12-31,3.52,3.62718,3.41239,1,1732600000,2,Real Estate,116.75,10085938750,579264
2026-08-28,FRT,2029-12-31,3.46,3.56535,3.35423,1,1524820000,2,Real Estate,116.75,10085938750,579264
2026-08-28,FRT,2028-12-31,3.54,4.08121,3.15754,5,1506231434,5,Real Estate,116.75,10085938750,579264
2026-08-28,FRT,2027-12-31,3.16667,3.21065,3.1027,8,1429433949,7,Real Estate,116.75,10085938750,579264
2026-08-28,FRVO,2030-12-31,0.7675,0.87091,0.63846,1,807197189,5,Utilities,14.77,4236915731,4074255
2026-08-28,FRVO,2029-12-31,0.3,0.34042,0.24956,1,522312122,5,Utilities,14.77,4236915731,4074255
2026-08-28,FRVO,2028-12-31,-0.237,-0.19758,-0.27642,2,230380000,10,Utilities,14.77,4236915731,4074255
2026-08-28,FRVO,2027-12-31,-0.37442,-0.20968,-0.69642,5,72901979,8,Utilities,14.77,4236915731,4074255
2026-08-28,FSK,2028-12-31,1.29,1.31,1.27,2,969650000,2,Financial Services,12.26,3433614469,1207223
2026-08-28,FSK,2027-12-31,1.529,1.73152,1.38724,8,1078112070,8,Financial Services,12.26,3433614469,1207223
2026-08-28,FSK,2026-12-31,1.646,1.71626,1.56571,7,1137466733,8,Financial Services,12.26,3433614469,1207223
2026-08-28,FSK,2025-12-31,2.36038,2.3803,2.3305,7,1531383367,8,Financial Services,12.26,3433614469,1207223
2026-08-28,FSLR,2030-12-31,31.03,34.81518,27.99882,13,7226610333,14,Energy,204.46,21973272650,1446985
2026-08-28,FSLR,2029-12-31,34.47286,38.67801,31.10536,21,7246818571,24,Energy,204.46,21973272650,1446985
2026-08-28,FSLR,2028-12-31,29.44414,40.28734,23.01837,24,6582098127,26,Energy,204.46,21973272650,1446985
2026-08-28,FSLR,2027-12-31,23.4217,29.78363,17.54915,23,5893217206,23,Energy,204.46,21973272650,1446985
2026-08-28,FSLY,2030-12-31,0.74,0.75331,0.72412,4,1043200000,2,Technology,23.04,3605760000,3999236
2026-08-28,FSLY,2029-12-31,0.67,0.68205,0.65562,2,966600000,2,Technology,23.04,3605760000,3999236
2026-08-28,FSLY,2028-12-31,0.6831,0.69539,0.66844,4,922318971,4,Technology,23.04,3605760000,3999236
2026-08-28,FSLY,2027-12-31,0.58392,0.71577,0.49916,7,829267203,9,Technology,23.04,3605760000,3999236
2026-08-28,FSM,2030-12-31,1.95,2.19313,1.64615,1,705391174,2,Basic Materials,12.26,3714257565,6819687
2026-08-28,FSM,2029-12-31,1.96,2.20438,1.65459,1,750245882,1,Basic Materials,12.26,3714257565,6819687
2026-08-28,FSM,2028-12-31,2.07417,2.33278,1.75097,1,1799020467,1,Basic Materials,12.26,3714257565,6819687
2026-08-28,FSM,2027-12-31,1.76035,1.97984,1.48605,2,1498407800,3,Basic Materials,12.26,3714257565,6819687
2026-08-28,FTAI,2030-12-31,36.48,40.52131,32.13576,2,12996000000,3,Industrials,194.98,20001633340,984484
2026-08-28,FTAI,2029-12-31,24.485,27.19748,21.56919,3,10082400000,4,Industrials,194.98,20001633340,984484
2026-08-28,FTAI,2028-12-31,18.33833,22.64,16.27,6,8018497396,6,Industrials,194.98,20001633340,984484
2026-08-28,FTAI,2027-12-31,13.0345,14.47848,11.48228,4,6419402790,6,Industrials,194.98,20001633340,984484
2026-08-28,FTI,2030-12-31,5.25,5.62997,5.02917,3,13112500000,14,Energy,75.84,29741747489,1452606
2026-08-28,FTI,2029-12-31,4.81966,5.16848,4.61694,3,12586642534,14,Energy,75.84,29741747489,1452606
2026-08-28,FTI,2028-12-31,4.1186,4.72147,3.38297,9,11985437212,16,Energy,75.84,29741747489,1452606
2026-08-28,FTI,2027-12-31,3.6098,4.30976,3.38981,13,11364774988,17,Energy,75.84,29741747489,1452606
2026-08-28,FTNT,2030-12-31,3.77129,4.06284,3.56069,3,12191745262,11,Technology,166,121796466398,5077849
2026-08-28,FTNT,2029-12-31,3.54975,3.82417,3.35152,3,11423122342,11,Technology,166,121796466398,5077849
2026-08-28,FTNT,2028-12-31,4.26837,5.42004,3.63823,9,10030681945,23,Technology,166,121796466398,5077849
2026-08-28,FTNT,2027-12-31,3.76623,4.50956,3.31032,26,9032191310,33,Technology,166,121796466398,5077849
2026-08-28,FTRE,2030-12-31,2.07333,2.1025,2.05024,1,3163850000,4,Healthcare,18.81,1788831000,1140969
2026-08-28,FTRE,2029-12-31,1.73333,1.75771,1.71403,1,3018800000,4,Healthcare,18.81,1788831000,1140969
2026-08-28,FTRE,2028-12-31,1.33199,39.2937,-31.30176,4,2861076248,9,Healthcare,18.81,1788831000,1140969
2026-08-28,FTRE,2027-12-31,1.06382,1.28461,0.88317,7,2743162803,9,Healthcare,18.81,1788831000,1140969
2026-08-28,FTS,2030-12-31,4.72097,5.3798,4.36804,1,15263085325,2,Utilities,54.66,27829209507,609697
2026-08-28,FTS,2029-12-31,4.45413,5.07572,4.12115,1,14634991712,2,Utilities,54.66,27829209507,609697
2026-08-28,FTS,2028-12-31,4.20502,4.33949,4.15613,5,15254365778,5,Utilities,54.66,27829209507,609697
2026-08-28,FTS,2027-12-31,3.97822,4.05055,3.93482,8,13872405421,5,Utilities,54.66,27829209507,609697
2026-08-28,FTV,2030-12-31,4.17,4.20587,4.11257,1,5138000000,5,Technology,59.69,18027397834,1540799
2026-08-28,FTV,2029-12-31,3.94,3.97389,3.88574,1,4939000000,3,Technology,59.69,18027397834,1540799
2026-08-28,FTV,2028-12-31,3.48254,3.64323,3.35748,4,4708449902,7,Technology,59.69,18027397834,1540799
2026-08-28,FTV,2027-12-31,3.24907,3.30924,3.17887,9,4537958826,11,Technology,59.69,18027397834,1540799
2026-08-28,FUBO,2030-12-31,1.5902,1.60887,1.57153,1,7746894635,1,Communication Services,10.3,1126748291,812716
2026-08-28,FUBO,2029-12-31,1.3921,1.40844,1.37576,1,7392653803,1,Communication Services,10.3,1126748291,812716
2026-08-28,FUBO,2028-12-31,0.78798,0.79723,0.77873,1,6784572544,1,Communication Services,10.3,1126748291,812716
2026-08-28,FUBO,2027-12-31,-0.10333,-0.08610833,-0.12055,2,6513296000,2,Communication Services,10.3,1126748291,812716
2026-08-28,FULT,2028-12-31,2.1167,2.13571,2.09007,3,2153079879,1,Financial Services,23.675,4525097450,1148777
2026-08-28,FULT,2027-12-31,2.30394,2.38271,2.22517,6,1519164000,4,Financial Services,23.675,4525097450,1148777
2026-08-28,FULT,2026-12-31,2.0928,2.14911,2.03649,6,1439433667,4,Financial Services,23.675,4525097450,1148777
2026-08-28,FULT,2025-12-31,2.04515,2.05503,2.03527,2,1326500000,1,Financial Services,23.675,4525097450,1148777
2026-08-28,FUN,2029-12-31,1.56,1.60663,1.53196,1,3248000000,2,Consumer Cyclical,16.22,1657747939,1645101
2026-08-28,FUN,2028-12-31,0.51234,0.97867,0.10328,5,3111179932,5,Consumer Cyclical,16.22,1657747939,1645101
2026-08-28,FUN,2027-12-31,-0.082763,0.13883,-0.19489,6,3036634528,9,Consumer Cyclical,16.22,1657747939,1645101
2026-08-28,FUN,2026-12-31,-2.64746,-2.29973,-2.90825,5,2921921839,9,Consumer Cyclical,16.22,1657747939,1645101
2026-08-28,FUTU,2028-12-31,112.99799,145.35653,101.41218,9,30889137200,10,Financial Services,124.26,17341513985,869065
2026-08-28,FUTU,2027-12-31,96.23899,109.48368,86.6065,8,26662117233,9,Financial Services,124.26,17341513985,869065
2026-08-28,FUTU,2026-12-31,76.10748,86.01644,68.6133,6,24771791498,8,Financial Services,124.26,17341513985,869065
2026-08-28,FUTU,2025-12-31,74.49157,76.19128,71.90506,7,22285717213,7,Financial Services,124.26,17341513985,869065
2026-08-28,FWONK,2030-12-31,3.92324,4.08255,3.76625,1,6664958487,6,Communication Services,101.8,25511662398,933113
2026-08-28,FWONK,2029-12-31,3.40401,3.54224,3.2678,1,6201405007,10,Communication Services,101.8,25511662398,933113
2026-08-28,FWONK,2028-12-31,2.8522,2.96802,2.73807,2,5681350362,5,Communication Services,101.8,25511662398,933113
2026-08-28,FWONK,2027-12-31,2.24708,3.06068,1.6272,5,5284294388,12,Communication Services,101.8,25511662398,933113
2026-08-28,FWRG,2030-12-28,0.38,0.38419,0.37513,1,2033500000,2,Consumer Cyclical,12.51,772022549,585538
2026-08-28,FWRG,2029-12-28,0.33,0.33364,0.32577,1,1861500000,2,Consumer Cyclical,12.51,772022549,585538
2026-08-28,FWRG,2028-12-28,0.36314,0.3816,0.34468,2,1740752388,5,Consumer Cyclical,12.51,772022549,585538
2026-08-28,FWRG,2027-12-28,0.2602,0.33454,0.14869,7,1551058663,8,Consumer Cyclical,12.51,772022549,585538
2026-08-28,G,2028-12-31,5.04871,5.23608,4.81538,5,6287510401,6,Technology,38.02,6444656140,2280369
2026-08-28,G,2027-12-31,4.51383,4.59408,4.41352,9,5823246137,9,Technology,38.02,6444656140,2280369
2026-08-28,G,2026-12-31,4.11994,4.15001,4.04977,9,5436571983,9,Technology,38.02,6444656140,2280369
2026-08-28,G,2025-12-31,3.61839,3.63838,3.5984,9,5068947402,8,Technology,38.02,6444656140,2280369
2026-08-28,GAP,2029-01-31,2.77915,3.01214,2.59679,3,16487825547,9,Consumer Cyclical,23.48,8452306920,26351139
2026-08-28,GAP,2028-01-31,2.53627,2.65424,2.4183,6,15995687970,13,Consumer Cyclical,23.48,8452306920,26351139
2026-08-28,GAP,2027-01-31,2.31797,2.36771,2.22843,7,15511300535,14,Consumer Cyclical,23.48,8452306920,26351139
2026-08-28,GAP,2026-01-31,2.1528,2.16281,2.14279,8,15374051574,10,Consumer Cyclical,23.48,8452306920,26351139
2026-08-28,GBCI,2027-12-31,3.605,3.75647,3.48382,5,1411701540,3,Financial Services,46.88,6101103840,898128
2026-08-28,GBCI,2026-12-31,3.03833,3.05787,3.02856,5,1301486920,3,Financial Services,46.88,6101103840,898128
2026-08-28,GBCI,2025-12-31,1.99667,2.14255,1.87815,5,1036348400,3,Financial Services,46.88,6101103840,898128
2026-08-28,GBCI,2024-12-31,1.65167,1.67076,1.62303,5,844437200,3,Financial Services,46.88,6101103840,898128
2026-08-28,GBDC,2028-09-30,1.215,1.22,1.21,2,740855500,2,Financial Services,13.03,3394252208,866229
2026-08-28,GBDC,2027-09-30,1.27857,1.31916,1.24813,4,743206800,4,Financial Services,13.03,3394252208,866229
2026-08-28,GBDC,2026-09-30,1.37571,1.39594,1.35548,4,771974400,4,Financial Services,13.03,3394252208,866229
2026-08-28,GBDC,2025-09-30,1.55948,1.59181,1.53705,3,878132150,2,Financial Services,13.03,3394252208,866229
2026-08-28,GCMG,2028-12-31,1.23,1.25226,1.2098,1,737400000,1,Financial Services,13.72,2563993600,859068
2026-08-28,GCMG,2027-12-31,1.08,1.15,1.04,3,670533333,2,Financial Services,13.72,2563993600,859068
2026-08-28,GCMG,2026-12-31,0.9,0.93,0.88,3,586800000,2,Financial Services,13.72,2563993600,859068
2026-08-28,GCMG,2025-12-31,0.77898,0.79895,0.75901,5,534585200,2,Financial Services,13.72,2563993600,859068
2026-08-28,GCT,2027-12-31,4.80667,4.85097,4.77245,1,1662198000,2,Technology,52.95,1976358591,896897
2026-08-28,GCT,2026-12-31,4.37667,4.417,4.34551,1,1547486000,2,Technology,52.95,1976358591,896897
2026-08-28,GCT,2025-12-31,3.13,3.15884,3.10771,1,1259501000,2,Technology,52.95,1976358591,896897
2026-08-28,GCT,2024-12-31,3.10333,3.20344,2.99321,2,1153620000,2,Technology,52.95,1976358591,896897
2026-08-28,GD,2030-12-31,22.15,22.55996,21.68747,13,65799000000,15,Industrials,379.32,102627681240,624400
2026-08-28,GD,2029-12-31,21.70333,22.10502,21.25013,13,63500666667,9,Industrials,379.32,102627681240,624400
2026-08-28,GD,2028-12-31,20.07806,21.03698,19.26482,16,61282962273,19,Industrials,379.32,102627681240,624400
2026-08-28,GD,2027-12-31,18.58614,19.3877,17.62427,16,58680370060,17,Industrials,379.32,102627681240,624400
2026-08-28,GDDY,2030-12-31,15.83,15.98475,15.60238,3,6256950000,5,Technology,97.7,12936442052,2044644
2026-08-28,GDDY,2029-12-31,13.47,13.60168,13.27632,3,6002900000,5,Technology,97.7,12936442052,2044644
2026-08-28,GDDY,2028-12-31,10.47802,12.93602,8.85908,9,5753144019,11,Technology,97.7,12936442052,2044644
2026-08-28,GDDY,2027-12-31,9.23613,11.74943,5.74026,11,5517558051,14,Technology,97.7,12936442052,2044644
2026-08-28,GDS,2030-12-31,1.36198,1.49415,1.26281,1,24790467548,6,Technology,33.41,6512569538,977310
2026-08-28,GDS,2029-12-31,0.58515,0.64193,0.54254,1,21189746429,11,Technology,33.41,6512569538,977310
2026-08-28,GDS,2028-12-31,1.46551,2.88434,0.74283,3,17691020798,13,Technology,33.41,6512569538,977310
2026-08-28,GDS,2027-12-31,0.91514,2.15769,0.16102,4,14222669534,13,Technology,33.41,6512569538,977310
2026-08-28,GE,2030-12-31,12.98345,13.54471,12.45285,5,70421125200,7,Industrials,342.58,355448165704,2534654
2026-08-28,GE,2029-12-31,11.68084,12.18579,11.20347,9,65798649015,10,Industrials,342.58,355448165704,2534654
2026-08-28,GE,2028-12-31,10.37199,11.40207,9.01652,12,61010541523,15,Industrials,342.58,355448165704,2534654
2026-08-28,GE,2027-12-31,9.10733,9.42138,8.78315,11,55851746967,13,Industrials,342.58,355448165704,2534654
2026-08-28,GEHC,2030-12-31,7.3,7.39549,7.19387,3,26418666667,14,Healthcare,71.725,32397196425,1984263
2026-08-28,GEHC,2029-12-31,6.66722,6.75444,6.57029,3,25084527261,14,Healthcare,71.725,32397196425,1984263
2026-08-28,GEHC,2028-12-31,6.0325,6.38645,5.39559,9,23819870248,16,Healthcare,71.725,32397196425,1984263
2026-08-28,GEHC,2027-12-31,5.43764,5.57836,5.15621,12,22726113244,14,Healthcare,71.725,32397196425,1984263
2026-08-28,GEN,2029-04-03,3.61371,3.91503,3.31239,2,6206529267,4,Technology,31.02,18567860556,5942528
2026-08-28,GEN,2028-04-03,3.30466,3.48117,3.18699,6,5816083959,7,Technology,31.02,18567860556,5942528
2026-08-28,GEN,2027-04-03,2.92902,2.97935,2.8183,6,5423256743,6,Technology,31.02,18567860556,5942528
2026-08-28,GEN,2026-04-03,2.54948,2.55952,2.52941,7,4963030286,6,Technology,31.02,18567860556,5942528
2026-08-28,GENB,2030-12-31,-2.625,-1.99948,-3.44661,1,163200000,2,Healthcare,15.33,1965190780,2351824
2026-08-28,GENB,2029-12-31,-2.975,-2.26608,-3.90616,1,22500000,2,Healthcare,15.33,1965190780,2351824
2026-08-28,GENB,2028-12-31,-1.835,-1.54526,-2.12474,2,92230034,4,Healthcare,15.33,1965190780,2351824
2026-08-28,GENB,2027-12-31,-2.295,-1.63319,-2.90344,4,23827005,4,Healthcare,15.33,1965190780,2351824
2026-08-28,GEO,2027-12-31,1.79,1.84525,1.7237,2,3265231333,2,Industrials,32.28,4313189040,1361006
2026-08-28,GEO,2026-12-31,1.26667,1.29087,1.257,3,2994260250,3,Industrials,32.28,4313189040,1361006
2026-08-28,GEO,2025-12-31,1.09,1.11083,1.06271,2,2590404000,3,Industrials,32.28,4313189040,1361006
2026-08-28,GEO,2024-12-31,0.84725,0.86344,0.83704,3,2423391180,4,Industrials,32.28,4313189040,1361006
2026-08-28,GEV,2030-12-31,58.76793,62.56385,54.30285,10,79821725000,15,Industrials,911.93,242877599848,1857872
2026-08-28,GEV,2029-12-31,47.21809,50.26799,43.63054,13,70877459252,25,Industrials,911.93,242877599848,1857872
2026-08-28,GEV,2028-12-31,34.75819,47.49006,21.99986,22,61094710047,31,Industrials,911.93,242877599848,1857872
2026-08-28,GEV,2027-12-31,24.69703,27.5254,18.7431,21,53111342547,26,Industrials,911.93,242877599848,1857872
2026-08-28,GFI,2030-12-31,3.44,4.41722,2.92323,1,15619000000,4,Basic Materials,45.96,41135303040,5857306
2026-08-28,GFI,2029-12-31,4.135,5.30965,3.51382,1,11023550000,4,Basic Materials,45.96,41135303040,5857306
2026-08-28,GFI,2028-12-31,5.01483,5.85117,4.52445,3,12526443663,9,Basic Materials,45.96,41135303040,5857306
2026-08-28,GFI,2027-12-31,5.36652,6.67096,4.64564,4,12633980916,7,Basic Materials,45.96,41135303040,5857306
2026-08-28,GFL,2030-12-31,2.1154,2.21661,2.05487,1,10379965369,4,Industrials,42.83,14950983414,3991057
2026-08-28,GFL,2029-12-31,1.87761,1.96744,1.82388,1,9771371394,4,Industrials,42.83,14950983414,3991057
2026-08-28,GFL,2028-12-31,1.38725,2.0171,0.80772,3,8808484379,9,Industrials,42.83,14950983414,3991057
2026-08-28,GFL,2027-12-31,1.07901,2.20119,0.51793,9,8322066653,13,Industrials,42.83,14950983414,3991057
2026-08-28,GFS,2030-12-31,8.09,8.77788,7.75922,4,13767000000,12,Technology,44.76,24559849285,3303274
2026-08-28,GFS,2029-12-31,7.4,8.02921,7.09743,4,12308000000,8,Technology,44.76,24559849285,3303274
2026-08-28,GFS,2028-12-31,3.36887,5.50545,2.69767,11,9350406450,14,Technology,44.76,24559849285,3303274
2026-08-28,GFS,2027-12-31,2.52523,3.33485,2.35174,15,8201848762,16,Technology,44.76,24559849285,3303274
2026-08-28,GGAL,2030-12-31,0,0,0,0,25414520887391,5,Financial Services,42.24,6784938589,787489
2026-08-28,GGAL,2029-12-31,0,0,0,0,22868481714601,3,Financial Services,42.24,6784938589,787489
2026-08-28,GGAL,2028-12-31,13501.05229,16348.09422,8577.26429,1,16578734326814,7,Financial Services,42.24,6784938589,787489
2026-08-28,GGAL,2027-12-31,9818.71722,12341.79315,7934.00989,4,13120559274464,5,Financial Services,42.24,6784938589,787489
2026-08-28,GGG,2028-12-26,3.80667,3.96163,3.63823,3,2591342667,4,Industrials,79.29,12841318705,1798353
2026-08-28,GGG,2027-12-26,3.50111,3.62184,3.42062,8,2457945222,8,Industrials,79.29,12841318705,1798353
2026-08-28,GGG,2026-12-26,3.29333,3.41456,3.13169,7,2351550000,8,Industrials,79.29,12841318705,1798353
2026-08-28,GGG,2025-12-26,2.98088,3.0609,2.94087,8,2234086022,8,Industrials,79.29,12841318705,1798353
2026-08-28,GH,2030-12-31,4.5436,5.16809,4.12311,3,3817053660,8,Healthcare,161.5,21672681455,1820734
2026-08-28,GH,2029-12-31,2.67177,3.03899,2.42451,3,3156826533,13,Healthcare,161.5,21672681455,1820734
2026-08-28,GH,2028-12-31,-0.075811,5.62826,-11.55499,9,2481235837,17,Healthcare,161.5,21672681455,1820734
2026-08-28,GH,2027-12-31,-1.93355,5.49128,-4.33115,12,1831192059,18,Healthcare,161.5,21672681455,1820734
2026-08-28,GIL,2029-12-28,0,0,0,0,8017000000,5,Consumer Cyclical,53.12,8127750963,604389
2026-08-28,GIL,2028-12-28,6.38658,6.7466,6.1823,3,6554206969,7,Consumer Cyclical,53.12,8127750963,604389
2026-08-28,GIL,2027-12-28,5.5626,5.71655,5.33681,7,6252316647,9,Consumer Cyclical,53.12,8127750963,604389
2026-08-28,GIL,2026-12-28,4.66845,4.72843,4.62846,6,6020676709,9,Consumer Cyclical,53.12,8127750963,604389
2026-08-28,GILD,2030-12-31,13.08539,13.70734,12.63916,4,39018846154,10,Healthcare,145.68,180871899244,3946644
2026-08-28,GILD,2029-12-31,12.03899,12.61121,11.62844,4,36937830818,10,Healthcare,145.68,180871899244,3946644
2026-08-28,GILD,2028-12-31,10.66932,12.18309,9.15745,10,34426365818,21,Healthcare,145.68,180871899244,3946644
2026-08-28,GILD,2027-12-31,9.89552,11.26253,7.89601,16,32720598007,18,Healthcare,145.68,180871899244,3946644
2026-08-28,GIS,2030-05-31,3.29718,3.3724,3.2055,1,18287700570,5,Consumer Defensive,41.55,22175567358,8925450
2026-08-28,GIS,2029-05-31,3.39164,3.52547,3.2996,4,18188196321,10,Consumer Defensive,41.55,22175567358,8925450
2026-08-28,GIS,2028-05-31,3.21306,3.33317,3.153,10,17936319375,12,Consumer Defensive,41.55,22175567358,8925450
2026-08-28,GIS,2027-05-31,3.08197,3.13216,3.0117,11,17806574283,12,Consumer Defensive,41.55,22175567358,8925450
2026-08-28,GKOS,2030-12-31,4.11,4.47585,3.83511,5,1443000000,6,Healthcare,179.87,10609434093,551891
2026-08-28,GKOS,2029-12-31,2.64,2.875,2.46343,5,1299600000,10,Healthcare,179.87,10609434093,551891
2026-08-28,GKOS,2028-12-31,1.63982,2.44825,0.86709,8,1088132171,12,Healthcare,179.87,10609434093,551891
2026-08-28,GKOS,2027-12-31,0.5046,0.83111,0.19788,9,844580820,11,Healthcare,179.87,10609434093,551891
2026-08-28,GLBE,2029-12-31,2.5,2.66657,2.25492,3,2557815100,3,Consumer Cyclical,39.95,6710297270,923573
2026-08-28,GLBE,2028-12-31,2.26714,2.62437,1.76909,6,2153232013,7,Consumer Cyclical,39.95,6710297270,923573
2026-08-28,GLBE,2027-12-31,1.62665,1.81224,1.5284,7,1714177173,10,Consumer Cyclical,39.95,6710297270,923573
2026-08-28,GLBE,2026-12-31,1.20475,1.24937,1.17128,6,1334415263,9,Consumer Cyclical,39.95,6710297270,923573
2026-08-28,GLNG,2030-12-31,0,0,0,1,1096000000,2,Energy,50.29,5118504382,1126849
2026-08-28,GLNG,2029-12-31,6.28027,7.03198,5.63876,1,1092000000,2,Energy,50.29,5118504382,1126849
2026-08-28,GLNG,2028-12-31,4.12702,4.66767,2.93674,4,851971033,4,Energy,50.29,5118504382,1126849
2026-08-28,GLNG,2027-12-31,0.49505,1.31379,-0.32369,4,420490000,4,Energy,50.29,5118504382,1126849
2026-08-28,GLOB,2029-12-31,7.15415,7.63578,6.901,3,3166953453,8,Technology,40.52,1749635609,914040
2026-08-28,GLOB,2028-12-31,6.55263,8.75076,2.56104,6,2605216433,14,Technology,40.52,1749635609,914040
2026-08-28,GLOB,2027-12-31,6.25295,6.59311,6.03285,12,2511867312,17,Technology,40.52,1749635609,914040
2026-08-28,GLOB,2026-12-31,5.96298,6.2027,5.83313,12,2449425834,17,Technology,40.52,1749635609,914040
2026-08-28,GLPI,2029-12-31,0,0,0,1,2000000000,6,Real Estate,42.56,12053921553,2522150
2026-08-28,GLPI,2028-12-31,3.47185,3.83044,3.2,4,1902539409,8,Real Estate,42.56,12053921553,2522150
2026-08-28,GLPI,2027-12-31,3.31669,3.36308,3.2935,7,1827011419,13,Real Estate,42.56,12053921553,2522150
2026-08-28,GLPI,2026-12-31,3.21174,3.21955,3.20393,5,1724383213,11,Real Estate,42.56,12053921553,2522150
2026-08-28,GLUE,2030-12-31,-1.85542,-0.07380068,-6.08006,2,143167400,3,Healthcare,13.38,1130334613,884550
2026-08-28,GLUE,2029-12-31,-2.08816,-0.08305808,-6.84273,3,123406667,4,Healthcare,13.38,1130334613,884550
2026-08-28,GLUE,2028-12-31,-1.6653,0.90906,-3.00023,6,122281600,6,Healthcare,13.38,1130334613,884550
2026-08-28,GLUE,2027-12-31,-1.89724,0.3398,-3.08655,5,57067429,5,Healthcare,13.38,1130334613,884550
2026-08-28,GLW,2030-12-31,0,0,0,2,40000000000,5,Technology,148.87,128234831560,6103606
2026-08-28,GLW,2029-12-31,6.4,6.76218,6.10361,3,30981000000,5,Technology,148.87,128234831560,6103606
2026-08-28,GLW,2028-12-31,5.92797,7.90112,3.57276,6,27708152423,10,Technology,148.87,128234831560,6103606
2026-08-28,GLW,2027-12-31,4.31748,5.0337,3.88371,10,22798563770,8,Technology,148.87,128234831560,6103606
2026-08-28,GLXY,2029-12-31,-0.37,-0.29211,-0.5107,1,77061400000,2,Financial Services,23.21,7698456407,4816437
2026-08-28,GLXY,2028-12-31,0.46064,1.64714,-0.72586,2,50844073163,4,Financial Services,23.21,7698456407,4816437
2026-08-28,GLXY,2027-12-31,-0.18256,0.54159,-1.76475,9,46940930198,9,Financial Services,23.21,7698456407,4816437
2026-08-28,GLXY,2026-12-31,-0.71633,-0.23551,-1.23641,10,37429428945,9,Financial Services,23.21,7698456407,4816437
2026-08-28,GM,2030-12-31,14.8104,15.62748,14.26479,2,206190000000,6,Consumer Cyclical,86.27,78027034442,6375526
2026-08-28,GM,2029-12-31,15.97401,16.85528,15.38553,3,196625726525,11,Consumer Cyclical,86.27,78027034442,6375526
2026-08-28,GM,2028-12-31,16.21289,18.29535,13.0305,6,194660745123,13,Consumer Cyclical,86.27,78027034442,6375526
2026-08-28,GM,2027-12-31,15.0065,16.31053,13.69229,15,190738355763,16,Consumer Cyclical,86.27,78027034442,6375526
2026-08-28,GMAB,2030-12-31,2.70099,2.93139,2.44359,6,6656217724,9,Healthcare,33.23,20401089625,1514286
2026-08-28,GMAB,2029-12-31,2.56796,2.78701,2.32324,9,6462670040,10,Healthcare,33.23,20401089625,1514286
2026-08-28,GMAB,2028-12-31,2.58395,3.49346,1.64686,15,6285616959,18,Healthcare,33.23,20401089625,1514286
2026-08-28,GMAB,2027-12-31,1.72365,2.14924,1.21294,7,5234859263,14,Healthcare,33.23,20401089625,1514286
2026-08-28,GME,2028-01-31,1.37,1.37,1.37,1,4116292000,1,Consumer Cyclical,17.87,8018112763,4498762
2026-08-28,GME,2027-01-31,1.3,1.3,1.3,1,3901068000,1,Consumer Cyclical,17.87,8018112763,4498762
2026-08-28,GME,2026-01-31,0.99,0.99,0.99,1,4158675000,1,Consumer Cyclical,17.87,8018112763,4498762
2026-08-28,GME,2025-01-31,0.07,0.07,0.07,1,4017842500,1,Consumer Cyclical,17.87,8018112763,4498762
2026-08-28,GMED,2030-12-31,7.46,7.55457,7.37493,1,4330800000,4,Healthcare,82.97,11189687154,1055364
2026-08-28,GMED,2029-12-31,6.55,6.63303,6.47531,1,3939750000,4,Healthcare,82.97,11189687154,1055364
2026-08-28,GMED,2028-12-31,5.85693,6.73632,5.2318,4,3601086102,9,Healthcare,82.97,11189687154,1055364
2026-08-28,GMED,2027-12-31,5.35302,5.66553,4.78848,8,3391646631,11,Healthcare,82.97,11189687154,1055364
2026-08-28,GNRC,2030-12-31,17.1325,18.52222,16.12831,5,7481466625,6,Industrials,183.8,10820067060,2429165
2026-08-28,GNRC,2029-12-31,17.0463,18.42903,16.04716,5,7367107660,10,Industrials,183.8,10820067060,2429165
2026-08-28,GNRC,2028-12-31,14.13737,16.01868,11.40605,8,6767883800,12,Industrials,183.8,10820067060,2429165
2026-08-28,GNRC,2027-12-31,11.7572,13.32278,10.20185,14,5981108504,15,Industrials,183.8,10820067060,2429165
2026-08-28,GNTX,2030-12-31,2.88,2.92436,2.84108,1,3100500000,3,Consumer Cyclical,22.67,4827618394,3597263
2026-08-28,GNTX,2029-12-31,2.62,2.66036,2.58459,1,3006500000,4,Consumer Cyclical,22.67,4827618394,3597263
2026-08-28,GNTX,2028-12-31,2.46534,2.55937,2.3532,5,2940001258,6,Consumer Cyclical,22.67,4827618394,3597263
2026-08-28,GNTX,2027-12-31,2.22171,2.25242,2.20123,5,2808019378,6,Consumer Cyclical,22.67,4827618394,3597263
2026-08-28,GO,2031-01-03,1.08,1.11334,1.04659,1,6611900000,2,Consumer Defensive,12.17,1203889259,2990896
2026-08-28,GO,2030-01-03,0.915,0.94325,0.88669,1,5803900000,3,Consumer Defensive,12.17,1203889259,2990896
2026-08-28,GO,2029-01-03,0.73932,1.43631,0.04230805,2,5192789408,6,Consumer Defensive,12.17,1203889259,2990896
2026-08-28,GO,2028-01-03,0.66901,0.78883,0.59911,8,4912142401,11,Consumer Defensive,12.17,1203889259,2990896
2026-08-28,GOOG,2030-12-31,24.53833,26.61131,21.92505,16,924742450000,15,Communication Services,342.88,4161158232742,17479507
2026-08-28,GOOG,2029-12-31,20.79902,22.55611,18.58397,29,817427678309,25,Communication Services,342.88,4161158232742,17479507
2026-08-28,GOOG,2028-12-31,17.79657,19.30001,15.90127,26,726517668166,14,Communication Services,342.88,4161158232742,17479507
2026-08-28,GOOG,2027-12-31,15.07504,16.74209,13.98072,34,610775579925,31,Communication Services,342.88,4161158232742,17479507
2026-08-28,GOOGL,2030-12-31,24.53833,27.05373,20.49298,16,924742450000,33,Communication Services,346.59,4194470750615,25240919
2026-08-28,GOOGL,2029-12-31,20.79902,22.93111,17.37013,29,817427678309,23,Communication Services,346.59,4194470750615,25240919
2026-08-28,GOOGL,2028-12-31,17.83263,20.24479,13.68154,34,727792189421,37,Communication Services,346.59,4194470750615,25240919
2026-08-28,GOOGL,2027-12-31,15.0859,16.75415,13.99079,42,611315102914,38,Communication Services,346.59,4194470750615,25240919
2026-08-28,GPC,2029-12-31,10.75,10.84385,10.64246,1,29010000000,2,Consumer Cyclical,137.51,18957095323,718260
2026-08-28,GPC,2028-12-31,9.0146,9.1105,8.9187,2,27536664434,5,Consumer Cyclical,137.51,18957095323,718260
2026-08-28,GPC,2027-12-31,8.30453,8.93426,8.01918,6,26425202000,7,Consumer Cyclical,137.51,18957095323,718260
2026-08-28,GPC,2026-12-31,7.73943,7.81953,7.60927,6,25538521569,7,Consumer Cyclical,137.51,18957095323,718260
2026-08-28,GPGI,2028-12-31,1.52276,1.52276,1.52276,1,2537590353,1,Industrials,13.25,3840658250,1950860
2026-08-28,GPGI,2027-12-31,1.25799,1.25799,1.25799,1,2328083550,1,Industrials,13.25,3840658250,1950860
2026-08-28,GPGI,2026-12-31,0.99255,0.99255,0.99255,1,2019874000,1,Industrials,13.25,3840658250,1950860
2026-08-28,GPGI,2025-12-31,1.02412,1.02412,1.02412,2,462417704,3,Industrials,13.25,3840658250,1950860
2026-08-28,GPK,2029-12-31,1.9,1.9988,1.8665,1,9034000000,4,Consumer Cyclical,11.56,3420453720,4009849
2026-08-28,GPK,2028-12-31,1.2412,1.4258,1.11257,5,8975378586,6,Consumer Cyclical,11.56,3420453720,4009849
2026-08-28,GPK,2027-12-31,1.11931,1.25677,0.98185,7,8799367683,9,Consumer Cyclical,11.56,3420453720,4009849
2026-08-28,GPK,2026-12-31,0.71259,0.77281,0.65237,8,8620164667,9,Consumer Cyclical,11.56,3420453720,4009849
2026-08-28,GPN,2030-12-31,23.24,23.62764,22.39865,5,15370291000,15,Financial Services,91.82,22794737739,1869170
2026-08-28,GPN,2029-12-31,21.61335,21.97386,20.83089,9,14338155000,9,Financial Services,91.82,22794737739,1869170
2026-08-28,GPN,2028-12-31,18.70107,30.26638,7.47987,12,13635953798,19,Financial Services,91.82,22794737739,1869170
2026-08-28,GPN,2027-12-31,16.02803,16.8215,15.49244,21,13004884601,21,Financial Services,91.82,22794737739,1869170
2026-08-28,GPRE,2030-12-31,2.7,3.28741,2.32942,1,4000000000,1,Basic Materials,14.66,1026642351,3340394
2026-08-28,GPRE,2029-12-31,2.5,3.0439,2.15687,1,3800000000,1,Basic Materials,14.66,1026642351,3340394
2026-08-28,GPRE,2028-12-31,1.99594,2.25,1.74188,2,3034462929,2,Basic Materials,14.66,1026642351,3340394
2026-08-28,GPRE,2027-12-31,1.74375,2.12312,1.50442,3,2280486345,3,Basic Materials,14.66,1026642351,3340394
2026-08-28,GRAL,2030-12-31,-9.54333,-8.73589,-10.72306,5,489350850,6,Healthcare,80,3433327200,658441
2026-08-28,GRAL,2029-12-31,-10.32667,-9.45296,-11.60324,5,376708400,6,Healthcare,80,3433327200,658441
2026-08-28,GRAL,2028-12-31,-10.23,-8.52334,-12.71514,8,287209354,8,Healthcare,80,3433327200,658441
2026-08-28,GRAL,2027-12-31,-10.63,-10.19288,-10.99758,5,226828462,7,Healthcare,80,3433327200,658441
2026-08-28,GRMN,2028-12-27,12.79719,13.6386,11.95578,2,10097709958,5,Technology,285.19,54999747070,780728
2026-08-28,GRMN,2027-12-27,11.14375,12.19703,10.63817,5,9090569422,6,Technology,285.19,54999747070,780728
2026-08-28,GRMN,2026-12-27,10.07247,10.3866,9.52527,5,8109678110,5,Technology,285.19,54999747070,780728
2026-08-28,GRMN,2025-12-27,8.20347,8.30351,8.11343,6,7144305907,5,Technology,285.19,54999747070,780728
2026-08-28,GRND,2030-12-31,1.68,1.71957,1.65112,1,933700000,2,Technology,15.59,2770748340,923057
2026-08-28,GRND,2029-12-31,1.37,1.40227,1.34645,1,811500000,1,Technology,15.59,2770748340,923057
2026-08-28,GRND,2028-12-31,0.9825,1.17564,0.79496,4,732650115,3,Technology,15.59,2770748340,923057
2026-08-28,GRND,2027-12-31,0.7875,0.81033,0.75326,2,635558349,4,Technology,15.59,2770748340,923057
2026-08-28,GRPN,2028-12-31,1.16,1.6,0.72,2,609649000,2,Communication Services,19.53,741827520,649130
2026-08-28,GRPN,2027-12-31,0.86,1.06791,0.67099,3,560266667,3,Communication Services,19.53,741827520,649130
2026-08-28,GRPN,2026-12-31,-0.12667,-0.05428714,-0.17191,2,518633333,3,Communication Services,19.53,741827520,649130
2026-08-28,GRPN,2025-12-31,-2.02333,-1.94662,-2.06169,2,502275667,3,Communication Services,19.53,741827520,649130
2026-08-28,GRRR,2028-12-31,-4.167,-3.86139,-4.57203,1,2333700000,1,Technology,14.41,357265675,1017830
2026-08-28,GRRR,2027-12-31,-4.7835,-3.08934,-6.45274,2,591919600,2,Technology,14.41,357265675,1017830
2026-08-28,GRRR,2026-12-31,-5.9685,-2.03052,-9.90648,2,191400000,3,Technology,14.41,357265675,1017830
2026-08-28,GRRR,2025-12-31,0.845,0.92713,0.78303,1,99785333,1,Technology,14.41,357265675,1017830
2026-08-28,GS,2029-12-31,77.09273,83.76489,68.76907,4,77134603918,5,Financial Services,1033.99,305034287930,1043471
2026-08-28,GS,2028-12-31,77.20595,95.30477,65.62274,10,74891363970,10,Financial Services,1033.99,305034287930,1043471
2026-08-28,GS,2027-12-31,73.33544,75.35478,67.26728,17,73391560428,15,Financial Services,1033.99,305034287930,1043471
2026-08-28,GS,2026-12-31,70.2307,74.25757,66.08149,17,71548941812,15,Financial Services,1033.99,305034287930,1043471
2026-08-28,GSAT,2030-12-31,1.06,1.06904,1.05097,1,763600000,1,Communication Services,81.76,10529782999,925886
2026-08-28,GSAT,2029-12-31,0.84,0.84716,0.83284,1,693200000,1,Communication Services,81.76,10529782999,925886
2026-08-28,GSAT,2028-12-31,0.31,0.31264,0.30736,1,515000000,1,Communication Services,81.76,10529782999,925886
2026-08-28,GSAT,2027-12-31,-0.10367,-0.10279,-0.10455,1,346450000,2,Communication Services,81.76,10529782999,925886
2026-08-28,GSBD,2028-12-31,1.09,1.13212,1.0462,1,288658100,1,Financial Services,10.13,1140324649,518827
2026-08-28,GSBD,2027-12-31,1.18,1.27077,1.06906,4,316159575,3,Financial Services,10.13,1140324649,518827
2026-08-28,GSBD,2026-12-31,1.276,1.44613,1.09523,2,322423225,2,Financial Services,10.13,1140324649,518827
2026-08-28,GSBD,2025-12-31,1.53736,1.5572,1.51752,4,366481875,3,Financial Services,10.13,1140324649,518827
2026-08-28,GSK,2030-12-31,4.37487,4.57893,4.207,4,37936568816,9,Healthcare,50.82,101817870000,3432072
2026-08-28,GSK,2029-12-31,4.29193,4.49212,4.12724,4,38398598908,10,Healthcare,50.82,101817870000,3432072
2026-08-28,GSK,2028-12-31,4.05363,4.54141,3.73033,10,36858485880,18,Healthcare,50.82,101817870000,3432072
2026-08-28,GSK,2027-12-31,3.83815,4.06216,3.644,6,35691611643,14,Healthcare,50.82,101817870000,3432072
2026-08-28,GTES,2028-12-31,2.15562,2.49639,1.965,4,3951428121,7,Industrials,25.87,6570980000,1801166
2026-08-28,GTES,2027-12-31,1.92976,1.94997,1.90955,6,3794725708,7,Industrials,25.87,6570980000,1801166
2026-08-28,GTES,2026-12-31,1.67339,1.68353,1.66325,6,3614951280,7,Industrials,25.87,6570980000,1801166
2026-08-28,GTES,2025-12-31,1.50008,1.51008,1.49008,7,3440369056,6,Industrials,25.87,6570980000,1801166
2026-08-28,GTLB,2031-01-31,1.63,1.75828,1.59441,2,1913200000,3,Technology,44.87,7578543045,3957542
2026-08-28,GTLB,2030-01-31,1.38,1.4886,1.34987,1,1684700000,4,Technology,44.87,7578543045,3957542
2026-08-28,GTLB,2029-01-31,1.17599,24.04392,-14.56317,4,1466912533,9,Technology,44.87,7578543045,3957542
2026-08-28,GTLB,2028-01-31,1.01732,1.20044,0.91559,14,1286078475,18,Technology,44.87,7578543045,3957542
2026-08-28,GTX,2029-12-31,2.72,2.78033,2.67515,1,4158000000,2,Consumer Cyclical,26.66,4971914417,2364779
2026-08-28,GTX,2028-12-31,2.64573,2.71246,2.52229,3,4247233599,5,Consumer Cyclical,26.66,4971914417,2364779
2026-08-28,GTX,2027-12-31,2.25005,2.37113,2.18951,3,4013709820,5,Consumer Cyclical,26.66,4971914417,2364779
2026-08-28,GTX,2026-12-31,1.9817,2.08545,1.91945,3,3830204648,5,Consumer Cyclical,26.66,4971914417,2364779
2026-08-28,GWRE,2029-07-31,3.61,3.80794,3.43192,1,2252623000,1,Technology,205.85,17138329940,1599408
2026-08-28,GWRE,2028-07-31,5.12184,6.26938,4.18516,7,1968271977,14,Technology,205.85,17138329940,1599408
2026-08-28,GWRE,2027-07-31,4.09469,4.59772,3.28984,10,1705210651,13,Technology,205.85,17138329940,1599408
2026-08-28,GWRE,2026-07-31,3.46558,3.57327,3.3481,9,1466869688,13,Technology,205.85,17138329940,1599408
2026-08-28,GXO,2028-12-31,4.26218,5.4086,3.5616,3,15480697646,7,Industrials,47.6,5476312836,830965
2026-08-28,GXO,2027-12-31,3.53997,3.68076,3.39918,11,14707173060,11,Industrials,47.6,5476312836,830965
2026-08-28,GXO,2026-12-31,3.03301,3.08257,2.99336,11,13958908048,11,Industrials,47.6,5476312836,830965
2026-08-28,GXO,2025-12-31,2.47054,2.51071,2.44041,10,13147176444,10,Industrials,47.6,5476312836,830965
2026-08-28,HAE,2030-03-28,7,7.12036,6.86646,1,1670300000,5,Healthcare,103.96,4724566160,659180
2026-08-28,HAE,2029-03-28,6.36393,6.81588,5.85091,3,1579737738,6,Healthcare,103.96,4724566160,659180
2026-08-28,HAE,2028-03-28,5.7394,5.84958,5.6192,7,1486349042,9,Healthcare,103.96,4724566160,659180
2026-08-28,HAE,2027-03-28,5.29692,5.37718,5.21666,8,1414730551,9,Healthcare,103.96,4724566160,659180
2026-08-28,HAL,2030-12-31,4.13,4.2833,3.97137,5,27725483300,7,Energy,36.18,30224690052,9237035
2026-08-28,HAL,2029-12-31,4.09313,4.24506,3.93592,5,26644488947,10,Energy,36.18,30224690052,9237035
2026-08-28,HAL,2028-12-31,3.35485,3.9891,3.02179,8,24563933063,15,Energy,36.18,30224690052,9237035
2026-08-28,HAL,2027-12-31,2.89026,3.01894,2.6626,16,23572956966,18,Energy,36.18,30224690052,9237035
2026-08-28,HALO,2030-12-31,9.38333,10.04891,8.59673,1,1904266667,2,Healthcare,105.35,12495879550,1681619
2026-08-28,HALO,2029-12-31,10.71333,11.47325,9.81523,1,2142666667,2,Healthcare,105.35,12495879550,1681619
2026-08-28,HALO,2028-12-31,11.72086,12.20145,11.03373,3,2230576144,5,Healthcare,105.35,12495879550,1681619
2026-08-28,HALO,2027-12-31,10.31,10.75687,9.9908,4,2050680490,6,Healthcare,105.35,12495879550,1681619
2026-08-28,HAPN,2028-12-31,3.145,3.25744,3.04271,2,1451665000,1,Financial Services,17.89,2064631230,1022729
2026-08-28,HAPN,2027-12-31,2.36778,2.38855,2.34701,4,1255388333,5,Financial Services,17.89,2064631230,1022729
2026-08-28,HAPN,2026-12-31,1.82,1.88033,1.74961,4,1072756777,5,Financial Services,17.89,2064631230,1022729
2026-08-28,HAPN,2025-12-31,1.13637,1.177,1.09941,2,994480806,1,Financial Services,17.89,2064631230,1022729
2026-08-28,HAS,2030-12-28,7.73,8.05641,7.42942,2,5914000000,3,Consumer Cyclical,94.23,13290620125,901016
2026-08-28,HAS,2029-12-28,7.35,7.66037,7.06419,2,5687000000,5,Consumer Cyclical,94.23,13290620125,901016
2026-08-28,HAS,2028-12-28,7.14979,7.36295,6.84133,4,5510060445,7,Consumer Cyclical,94.23,13290620125,901016
2026-08-28,HAS,2027-12-28,6.5086,6.76656,6.30025,9,5413556574,10,Consumer Cyclical,94.23,13290620125,901016
2026-08-28,HASI,2030-12-31,4.37667,5.50604,3.05484,1,694539333,1,Financial Services,40,5112040000,552257
2026-08-28,HASI,2029-12-31,4.0125,5.04789,2.80066,1,659335250,1,Financial Services,40,5112040000,552257
2026-08-28,HASI,2028-12-31,3.6432,5.20006,2.13376,4,587876149,1,Financial Services,40,5112040000,552257
2026-08-28,HASI,2027-12-31,3.33024,3.518,3.22154,5,518325063,2,Financial Services,40,5112040000,552257
2026-08-28,HAWK,2030-12-31,1.38,1.40121,1.35441,1,487666667,5,Industrials,19.38,1898464199,768486
2026-08-28,HAWK,2029-12-31,0.915,0.92906,0.89803,1,405313378,3,Industrials,19.38,1898464199,768486
2026-08-28,HAWK,2028-12-31,0.424,0.4497,0.41115,4,334558513,7,Industrials,19.38,1898464199,768486
2026-08-28,HAWK,2027-12-31,0.09875,0.13673,0.05317308,5,270598776,7,Industrials,19.38,1898464199,768486
2026-08-28,HAYW,2028-12-31,1.07833,1.08572,1.06356,3,1333776333,7,Industrials,14.15,3001498000,1812110
2026-08-28,HAYW,2027-12-31,0.96931,0.9791,0.94973,6,1247344486,7,Industrials,14.15,3001498000,1812110
2026-08-28,HAYW,2026-12-31,0.86484,0.87478,0.8549,6,1181510000,7,Industrials,14.15,3001498000,1812110
2026-08-28,HAYW,2025-12-31,0.76117,0.77259,0.75137,6,1104504471,6,Industrials,14.15,3001498000,1812110
2026-08-28,HBAN,2029-12-31,1.73,1.75673,1.69937,3,8208759118,2,Financial Services,16.92,34185421428,21522473
2026-08-28,HBAN,2028-12-31,2.09876,2.26605,1.7205,6,13113000896,4,Financial Services,16.92,34185421428,21522473
2026-08-28,HBAN,2027-12-31,1.87169,2.01946,1.77318,14,12289923091,5,Financial Services,16.92,34185421428,21522473
2026-08-28,HBAN,2026-12-31,1.38061,1.49209,1.32916,14,11255100548,5,Financial Services,16.92,34185421428,21522473
2026-08-28,HBM,2030-12-31,2.00857,2.31262,1.7707,3,3424173400,5,Basic Materials,29.29,13008274800,4225670
2026-08-28,HBM,2029-12-31,2.1342,2.45727,1.88145,3,3712702680,5,Basic Materials,29.29,13008274800,4225670
2026-08-28,HBM,2028-12-31,1.89899,2.50388,0.93194,9,3354741353,11,Basic Materials,29.29,13008274800,4225670
2026-08-28,HBM,2027-12-31,1.9398,2.62745,1.44715,14,3394033402,14,Basic Materials,29.29,13008274800,4225670
2026-08-28,HCA,2030-12-31,44.81,45.67957,43.60211,5,96856000000,8,Healthcare,417.82,90458657566,1000801
2026-08-28,HCA,2029-12-31,39.24125,40.00276,38.18347,9,91447053633,13,Healthcare,417.82,90458657566,1000801
2026-08-28,HCA,2028-12-31,35.34111,38.49693,32.93686,12,85434102556,17,Healthcare,417.82,90458657566,1000801
2026-08-28,HCA,2027-12-31,32.18384,34.14198,30.42653,15,81562190880,18,Healthcare,417.82,90458657566,1000801
2026-08-28,HCSG,2028-12-31,1.4236,1.4456,1.40159,2,2167653993,2,Healthcare,22.44,1540106613,632735
2026-08-28,HCSG,2027-12-31,1.23083,1.26186,1.18946,5,2033550619,5,Healthcare,22.44,1540106613,632735
2026-08-28,HCSG,2026-12-31,1.19919,1.24127,1.15711,5,1915452572,5,Healthcare,22.44,1540106613,632735
2026-08-28,HCSG,2025-12-31,0.80158,0.81365,0.78899,2,1837690284,3,Healthcare,22.44,1540106613,632735
2026-08-28,HD,2031-02-01,19.565,19.84219,19.13679,4,195210350000,9,Consumer Cyclical,330.19,329238062230,2659416
2026-08-28,HD,2030-02-01,19.00542,19.27468,18.58946,3,193241821492,19,Consumer Cyclical,330.19,329238062230,2659416
2026-08-28,HD,2029-02-01,17.38496,18.04383,16.1632,9,185269547921,21,Consumer Cyclical,330.19,329238062230,2659416
2026-08-28,HD,2028-02-01,15.99561,16.46343,15.32871,21,177561629423,26,Consumer Cyclical,330.19,329238062230,2659416
2026-08-28,HDB,2030-03-31,254.49801,254.53166,254.46436,1,3052486971977,9,Financial Services,23.08,118385132095,17152674
2026-08-28,HDB,2029-03-31,215.04271,215.07114,215.01428,1,2623362110848,9,Financial Services,23.08,118385132095,17152674
2026-08-28,HDB,2028-03-31,184.15328,190.83241,175.56582,2,2284076189041,19,Financial Services,23.08,118385132095,17152674
2026-08-28,HDB,2027-03-31,158.13734,166.65971,150.5619,2,1987294300616,18,Financial Services,23.08,118385132095,17152674
2026-08-28,HE,2030-12-31,0.96,0.96267,0.95733,1,3542000000,1,Utilities,11.4,1968050400,1788044
2026-08-28,HE,2029-12-31,0.96,0.96267,0.95733,1,3483000000,1,Utilities,11.4,1968050400,1788044
2026-08-28,HE,2028-12-31,1.06,1.06295,1.05705,1,3420000000,2,Utilities,11.4,1968050400,1788044
2026-08-28,HE,2027-12-31,1.0925,1.09554,1.08946,1,3340000000,1,Utilities,11.4,1968050400,1788044
2026-08-28,HELE,2029-02-28,4.28428,4.32171,4.24033,1,1909160248,1,Consumer Defensive,28.62,666618786,544251
2026-08-28,HELE,2028-02-28,4.00115,4.0518,3.9505,3,1845008787,3,Consumer Defensive,28.62,666618786,544251
2026-08-28,HELE,2027-02-28,3.59244,3.66348,3.55185,3,1810646747,3,Consumer Defensive,28.62,666618786,544251
2026-08-28,HELE,2026-02-28,3.42756,3.52897,3.29573,3,1766709117,3,Consumer Defensive,28.62,666618786,544251
2026-08-28,HELP,2031-03-31,3.48877,7.80698,0.81097,3,913114636,2,Healthcare,12.18,754966338,1451330
2026-08-28,HELP,2030-03-31,0.44743,1.00123,0.10401,2,511325039,3,Healthcare,12.18,754966338,1451330
2026-08-28,HELP,2029-03-31,-1.10415,0.78063,-3.40705,6,195723988,6,Healthcare,12.18,754966338,1451330
2026-08-28,HELP,2028-03-31,-2.20847,-0.51336,-4.942,2,9592320,4,Healthcare,12.18,754966338,1451330
2026-08-28,HESM,2030-12-31,2.77,2.82004,2.72104,1,2393440178,2,Energy,39.56,8174447528,841812
2026-08-28,HESM,2029-12-31,2.72,2.76914,2.67193,1,2212945958,2,Energy,39.56,8174447528,841812
2026-08-28,HESM,2028-12-31,3.20197,3.48083,2.73141,4,1714843671,5,Energy,39.56,8174447528,841812
2026-08-28,HESM,2027-12-31,3.03243,3.15292,2.85169,3,1670151115,4,Energy,39.56,8174447528,841812
2026-08-28,HGV,2028-12-31,6.93667,7.34275,6.57122,1,5834289481,3,Real Estate,43.81,3439759674,568775
2026-08-28,HGV,2027-12-31,5.5899,7.45943,4.14101,6,5814437714,6,Real Estate,43.81,3439759674,568775
2026-08-28,HGV,2026-12-31,4.7878,5.23438,4.40353,7,5502900791,7,Real Estate,43.81,3439759674,568775
2026-08-28,HGV,2025-12-31,2.3743,2.5172,2.13247,6,5164727669,5,Real Estate,43.81,3439759674,568775
2026-08-28,HIG,2028-12-31,14.63105,15.17144,13.85218,3,30806543711,4,Financial Services,138.55,37980825111,875240
2026-08-28,HIG,2027-12-31,13.70183,14.17087,13.22281,14,29914935841,4,Financial Services,138.55,37980825111,875240
2026-08-28,HIG,2026-12-31,12.73853,12.99728,12.34045,12,28878513526,4,Financial Services,138.55,37980825111,875240
2026-08-28,HIG,2025-12-31,12.55767,12.73792,12.46754,16,28287491325,3,Financial Services,138.55,37980825111,875240
2026-08-28,HIMS,2030-12-31,0.85,0.9625,0.77261,2,4641300000,4,Healthcare,28.84,6433627200,14658817
2026-08-28,HIMS,2029-12-31,0.78333,0.887,0.71201,3,4975366667,4,Healthcare,28.84,6433627200,14658817
2026-08-28,HIMS,2028-12-31,0.71575,1.04648,0.50723,6,4585113178,9,Healthcare,28.84,6433627200,14658817
2026-08-28,HIMS,2027-12-31,0.35777,0.44363,0.27191,8,4028753541,11,Healthcare,28.84,6433627200,14658817
2026-08-28,HIMX,2029-12-31,2.85,2.98478,2.71522,1,1974260000,1,Technology,13.64,2378816000,723128
2026-08-28,HIMX,2028-12-31,2.45,3.07033,1.82967,2,1747259000,2,Technology,13.64,2378816000,723128
2026-08-28,HIMX,2027-12-31,1.3,1.36148,1.23852,1,1309692000,1,Technology,13.64,2378816000,723128
2026-08-28,HIMX,2026-12-31,0.47,0.49223,0.44777,1,946801000,1,Technology,13.64,2378816000,723128
2026-08-28,HIW,2030-12-31,0,0,0,0,983563000,2,Real Estate,31.15,3435882598,624913
2026-08-28,HIW,2029-12-31,0.69,0.70384,0.6735,1,925903000,2,Real Estate,31.15,3435882598,624913
2026-08-28,HIW,2028-12-31,0.69,0.70384,0.6735,1,808158516,4,Real Estate,31.15,3435882598,624913
2026-08-28,HIW,2027-12-31,0.68542,0.68916,0.68168,2,886785111,4,Real Estate,31.15,3435882598,624913
2026-08-28,HL,2030-12-31,0.7135,0.9323,0.61394,1,1546000000,2,Basic Materials,20.38,13669110560,28524980
2026-08-28,HL,2029-12-31,0.815,1.06493,0.70128,1,1650000000,2,Basic Materials,20.38,13669110560,28524980
2026-08-28,HL,2028-12-31,0.885,0.88968,0.88032,2,1506060000,4,Basic Materials,20.38,13669110560,28524980
2026-08-28,HL,2027-12-31,1.04257,1.36229,0.8971,4,1523858433,3,Basic Materials,20.38,13669110560,28524980
2026-08-28,HLF,2028-12-31,3.59194,3.60917,3.57293,1,5557896108,2,Consumer Defensive,12.43,1288610841,897044
2026-08-28,HLF,2027-12-31,3.07861,3.17066,2.98656,2,5390352944,2,Consumer Defensive,12.43,1288610841,897044
2026-08-28,HLF,2026-12-31,2.36506,2.3764,2.35254,1,5258581188,2,Consumer Defensive,12.43,1288610841,897044
2026-08-28,HLF,2025-12-31,2.16289,2.17326,2.15144,2,4998590788,2,Consumer Defensive,12.43,1288610841,897044
2026-08-28,HLI,2029-03-31,9.68521,10.51681,9.01991,1,3360201303,3,Financial Services,133.02,9296301432,684408
2026-08-28,HLI,2028-03-31,8.68547,9.49432,8.32919,6,3122514252,8,Financial Services,133.02,9296301432,684408
2026-08-28,HLI,2027-03-31,6.93594,7.22619,6.67572,6,2630154848,8,Financial Services,133.02,9296301432,684408
2026-08-28,HLI,2026-03-31,7.70155,7.90081,7.5521,5,2661714375,7,Financial Services,133.02,9296301432,684408
2026-08-28,HLIT,2028-12-31,0.81333,0.93312,0.69354,2,593800000,2,Technology,12.02,1304127161,1428745
2026-08-28,HLIT,2027-12-31,0.80413,0.89936,0.7089,4,572707233,5,Technology,12.02,1304127161,1428745
2026-08-28,HLIT,2026-12-31,0.715,0.726,0.682,3,518273432,4,Technology,12.02,1304127161,1428745
2026-08-28,HLIT,2025-12-31,0.43119,0.44122,0.42116,4,555026450,3,Technology,12.02,1304127161,1428745
2026-08-28,HLN,2030-12-31,0.56538,0.57353,0.55908,2,13329008258,7,Healthcare,10.11,44522412945,7906722
2026-08-28,HLN,2029-12-31,0.52313,0.53067,0.5173,3,12907233979,10,Healthcare,10.11,44522412945,7906722
2026-08-28,HLN,2028-12-31,0.50119,0.5319,0.47659,6,12456705911,15,Healthcare,10.11,44522412945,7906722
2026-08-28,HLN,2027-12-31,0.46151,0.46908,0.44638,5,11970677801,12,Healthcare,10.11,44522412945,7906722
2026-08-28,HLT,2030-12-31,16.67,17.42339,14.753,4,17859000000,5,Consumer Cyclical,321.85,72437170250,1220076
2026-08-28,HLT,2029-12-31,14.16181,14.80185,12.53325,2,16473100306,5,Consumer Cyclical,321.85,72437170250,1220076
2026-08-28,HLT,2028-12-31,11.93566,13.54146,10.55529,7,15292541905,10,Consumer Cyclical,321.85,72437170250,1220076
2026-08-28,HLT,2027-12-31,10.38735,11.04577,9.99426,16,14158374997,13,Consumer Cyclical,321.85,72437170250,1220076
2026-08-28,HLX,2030-12-31,0.38,0.38755,0.36016,1,1456000000,1,Energy,10.14,1493652085,1200525
2026-08-28,HLX,2029-12-31,0.67,0.68331,0.63502,1,1484000000,1,Energy,10.14,1493652085,1200525
2026-08-28,HLX,2028-12-31,0.86145,0.87856,0.81647,1,2158924993,1,Energy,10.14,1493652085,1200525
2026-08-28,HLX,2027-12-31,0.55669,0.56775,0.52762,2,1429495579,3,Energy,10.14,1493652085,1200525
2026-08-28,HMC,2031-03-31,855.46763,923.51872,803.43182,1,26287037949601,3,Consumer Cyclical,31.86,41343837312,692771
2026-08-28,HMC,2030-03-31,892.19392,963.16653,837.92414,1,26288977863513,4,Consumer Cyclical,31.86,41343837312,692771
2026-08-28,HMC,2029-03-31,777.08414,838.89995,729.81619,1,25242485710409,4,Consumer Cyclical,31.86,41343837312,692771
2026-08-28,HMC,2028-03-31,653.52896,804.06091,488.31096,2,24559745597053,9,Consumer Cyclical,31.86,41343837312,692771
2026-08-28,HMY,2030-06-30,69.5416,77.00355,57.73977,1,121382695054,4,Basic Materials,20.23,12640525581,5933308
2026-08-28,HMY,2029-06-30,65.74843,72.80336,54.59034,1,125218349106,4,Basic Materials,20.23,12640525581,5933308
2026-08-28,HMY,2028-06-30,66.25631,73.36574,55.01203,1,131359477318,3,Basic Materials,20.23,12640525581,5933308
2026-08-28,HMY,2027-06-30,59.34732,65.7154,49.27555,1,119974561711,5,Basic Materials,20.23,12640525581,5933308
2026-08-28,HNGE,2030-12-31,5.29,5.67707,4.98015,1,2013000000,6,Healthcare,87.35,6759154356,2148710
2026-08-28,HNGE,2029-12-31,4.36,4.67902,4.10463,1,1677000000,6,Healthcare,87.35,6759154356,2148710
2026-08-28,HNGE,2028-12-31,4.29667,5.26719,3.23347,3,1326330080,8,Healthcare,87.35,6759154356,2148710
2026-08-28,HNGE,2027-12-31,3.12962,3.83355,2.65399,9,1087109840,12,Healthcare,87.35,6759154356,2148710
2026-08-28,HNRG,2030-12-31,3.06,3.15263,2.95259,1,611080000,1,Utilities,16.24,765397566,613501
2026-08-28,HNRG,2029-12-31,2.71,2.79203,2.61488,1,590412000,1,Utilities,16.24,765397566,613501
2026-08-28,HNRG,2028-12-31,1.255,1.29299,1.21095,1,533250000,1,Utilities,16.24,765397566,613501
2026-08-28,HNRG,2027-12-31,0.6525,1.0701,0.2349,2,491643750,2,Utilities,16.24,765397566,613501
2026-08-28,HOG,2028-12-31,2.9194,3.48016,1.77061,6,4340712095,4,Consumer Cyclical,28.1,2958030800,1146884
2026-08-28,HOG,2027-12-31,1.90545,2.56722,1.25509,12,4034729577,9,Consumer Cyclical,28.1,2958030800,1146884
2026-08-28,HOG,2026-12-31,0.68096,1.05792,0.26752,11,3870280489,8,Consumer Cyclical,28.1,2958030800,1146884
2026-08-28,HOG,2025-12-31,4.13795,4.47055,3.86404,8,3680798218,7,Consumer Cyclical,28.1,2958030800,1146884
2026-08-28,HOMB,2028-12-31,2.69479,2.74356,2.65113,3,1243214024,1,Financial Services,29.62,5965853060,1154925
2026-08-28,HOMB,2027-12-31,2.59794,2.64888,2.547,6,1204661835,6,Financial Services,29.62,5965853060,1154925
2026-08-28,HOMB,2026-12-31,2.51265,2.52266,2.50264,5,1156347447,4,Financial Services,29.62,5965853060,1154925
2026-08-28,HOMB,2025-12-31,2.35734,2.38731,2.33736,5,1077663318,5,Financial Services,29.62,5965853060,1154925
2026-08-28,HON,2030-12-31,13.54,14.30298,12.85224,1,24611000000,7,Industrials,217.43,68912264200,2108966
2026-08-28,HON,2029-12-31,12.90333,13.63043,12.24791,1,23250538292,10,Industrials,217.43,68912264200,2108966
2026-08-28,HON,2028-12-31,11.34337,13.17989,8.43391,5,21710106501,15,Industrials,217.43,68912264200,2108966
2026-08-28,HON,2027-12-31,10.00809,10.8628,9.34221,11,20549476853,16,Industrials,217.43,68912264200,2108966
2026-08-28,HONA,2028-12-31,10.30816,11.18,9.59,9,21384257250,12,Industrials,162.37,51461507208,2540125
2026-08-28,HONA,2027-12-31,9.29,9.58,8.85,9,19910000000,10,Industrials,162.37,51461507208,2540125
2026-08-28,HONA,2026-12-31,8.1,8.58,7.75,7,18500000000,10,Industrials,162.37,51461507208,2540125
2026-08-28,HOOD,2030-12-31,3.5,4.05673,3.2531,4,8002000000,12,Financial Services,104.26,93738322162,16200263
2026-08-28,HOOD,2029-12-31,3.85072,4.46324,3.57908,4,8957054672,8,Financial Services,104.26,93738322162,16200263
2026-08-28,HOOD,2028-12-31,3.39597,3.91744,3.01764,10,7591826769,14,Financial Services,104.26,93738322162,16200263
2026-08-28,HOOD,2027-12-31,2.80078,3.40321,2.47314,16,6544306682,19,Financial Services,104.26,93738322162,16200263
2026-08-28,HOPE,2027-12-31,1.505,1.54286,1.44821,3,761000000,2,Financial Services,13.92,1779518880,637286
2026-08-28,HOPE,2026-12-31,1.0775,1.09657,1.06796,3,620800000,2,Financial Services,13.92,1779518880,637286
2026-08-28,HOPE,2025-12-31,0.445,0.46034,0.42966,3,534866667,2,Financial Services,13.92,1779518880,637286
2026-08-28,HOPE,2024-12-31,0.77,0.80624,0.72471,4,476794375,3,Financial Services,13.92,1779518880,637286
2026-08-28,HP,2030-09-30,1.17,1.21297,1.12128,1,4295000000,3,Energy,42.55,4252064050,952985
2026-08-28,HP,2029-09-30,1.18,1.22334,1.13087,1,4298000000,3,Energy,42.55,4252064050,952985
2026-08-28,HP,2028-09-30,2.1209,2.9642,1.58169,3,4455397393,6,Energy,42.55,4252064050,952985
2026-08-28,HP,2027-09-30,1.42937,1.82996,1.10162,7,4309571196,10,Energy,42.55,4252064050,952985
2026-08-28,HPE,2029-10-31,5.0895,5.41406,4.87826,1,59488000000,6,Technology,52.3,69255844148,13866958
2026-08-28,HPE,2028-10-31,4.49451,4.9496,4.24445,4,53206901841,12,Technology,52.3,69255844148,13866958
2026-08-28,HPE,2027-10-31,4.08222,4.58249,3.88211,11,50276138381,14,Technology,52.3,69255844148,13866958
2026-08-28,HPE,2026-10-31,3.43779,3.59815,3.35761,11,45043897956,14,Technology,52.3,69255844148,13866958
2026-08-28,HPQ,2029-10-31,3.7431,3.83672,3.60214,1,60746516500,5,Technology,30.52,27911241960,15844562
2026-08-28,HPQ,2028-10-31,3.28489,3.77378,2.86325,5,57864201644,11,Technology,30.52,27911241960,15844562
2026-08-28,HPQ,2027-10-31,3.01118,3.28115,2.58546,9,57744852531,10,Technology,30.52,27911241960,15844562
2026-08-28,HPQ,2026-10-31,3.05048,3.27197,2.89947,9,57752131816,10,Technology,30.52,27911241960,15844562
2026-08-28,HQY,2029-01-31,6.01028,6.31993,5.78692,3,1612391980,3,Healthcare,96.37,8056739870,2258890
2026-08-28,HQY,2028-01-31,5.46637,5.6496,5.24242,10,1524286677,11,Healthcare,96.37,8056739870,2258890
2026-08-28,HQY,2027-01-31,4.71907,4.76917,4.67899,8,1415745486,11,Healthcare,96.37,8056739870,2258890
2026-08-28,HQY,2026-01-31,3.95592,3.97595,3.92588,11,1311572929,10,Healthcare,96.37,8056739870,2258890
2026-08-28,HR,2029-12-31,0.15,0.15501,0.14584,1,1177400000,1,Real Estate,18.99,6660780404,2148892
2026-08-28,HR,2028-12-31,0.11306,0.175,0.08071521,3,1196148500,2,Real Estate,18.99,6660780404,2148892
2026-08-28,HR,2027-12-31,0.07072,0.07278784,0.0682386,3,1142395278,3,Real Estate,18.99,6660780404,2148892
2026-08-28,HR,2026-12-31,-0.062621,-0.06147549,-0.06338467,4,1103171489,3,Real Estate,18.99,6660780404,2148892
2026-08-28,HRB,2029-06-30,8.06,8.14635,7.93635,1,4518452000,1,Consumer Cyclical,52.48,6652375663,1004098
2026-08-28,HRB,2028-06-30,6.906,7.43805,5.86318,2,4309716000,3,Consumer Cyclical,52.48,6652375663,1004098
2026-08-28,HRB,2027-06-30,6.146,6.34226,5.75348,2,4136529749,3,Consumer Cyclical,52.48,6652375663,1004098
2026-08-28,HRB,2026-06-30,5.162,5.18193,5.14207,3,3918377750,4,Consumer Cyclical,52.48,6652375663,1004098
2026-08-28,HRL,2028-10-26,1.68333,1.79906,1.5676,2,12614385667,4,Consumer Defensive,21.55,11859288250,10611708
2026-08-28,HRL,2027-10-26,1.579,1.64012,1.42619,6,12356752396,7,Consumer Defensive,21.55,11859288250,10611708
2026-08-28,HRL,2026-10-26,1.4961,1.50607,1.48613,6,12236507942,7,Consumer Defensive,21.55,11859288250,10611708
2026-08-28,HRL,2025-10-26,1.3635,1.3736,1.3534,6,12144301134,5,Consumer Defensive,21.55,11859288250,10611708
2026-08-28,HSAI,2030-12-31,11.40024,13.76415,9.83245,4,10632351707,10,Consumer Cyclical,17.42,2531727321,1173125
2026-08-28,HSAI,2029-12-31,9.51557,11.48868,8.20696,4,8962986727,10,Consumer Cyclical,17.42,2531727321,1173125
2026-08-28,HSAI,2028-12-31,8.5437,13.19805,5.04573,10,7963969120,20,Consumer Cyclical,17.42,2531727321,1173125
2026-08-28,HSAI,2027-12-31,5.97944,8.08332,4.65068,7,6101973221,17,Consumer Cyclical,17.42,2531727321,1173125
2026-08-28,HSBC,2030-12-31,12.75,12.98411,12.53865,1,87654000000,5,Financial Services,103.53,355803621600,1268624
2026-08-28,HSBC,2029-12-31,10.4749,10.66724,10.30126,1,83935858127,3,Financial Services,103.53,355803621600,1268624
2026-08-28,HSBC,2028-12-31,10.2223,10.41,10.05285,1,82572018330,3,Financial Services,103.53,355803621600,1268624
2026-08-28,HSBC,2027-12-31,9.38767,9.67741,9.03032,2,78459298399,7,Financial Services,103.53,355803621600,1268624
2026-08-28,HSIC,2029-12-27,6.975,7.09123,6.91081,2,15784250000,7,Healthcare,89.52,10197849840,795954
2026-08-28,HSIC,2028-12-27,6.63064,7.23659,5.93303,6,15009003350,13,Healthcare,89.52,10197849840,795954
2026-08-28,HSIC,2027-12-27,6.01088,6.37518,5.81861,11,14430574931,13,Healthcare,89.52,10197849840,795954
2026-08-28,HSIC,2026-12-27,5.38452,5.45484,5.32425,11,13871342398,12,Healthcare,89.52,10197849840,795954
2026-08-28,HST,2028-12-31,1.03,1.14867,0.94153,3,6342679778,7,Real Estate,22.28,15259104120,4349012
2026-08-28,HST,2027-12-31,1.06263,1.1063,1.01896,7,6177874810,13,Real Estate,22.28,15259104120,4349012
2026-08-28,HST,2026-12-31,1.37775,1.40326,1.33948,6,6135950014,7,Real Estate,22.28,15259104120,4349012
2026-08-28,HST,2025-12-31,1.09213,1.09751,1.08675,5,6010974805,11,Real Estate,22.28,15259104120,4349012
2026-08-28,HSY,2030-12-31,12.00495,12.16095,11.87824,5,13715759712,12,Consumer Defensive,179.05,36313059775,821326
2026-08-28,HSY,2029-12-31,11.19563,11.34111,11.07746,5,13175933917,8,Consumer Defensive,179.05,36313059775,821326
2026-08-28,HSY,2028-12-31,10.53321,10.91981,9.63633,8,12914614285,14,Consumer Defensive,179.05,36313059775,821326
2026-08-28,HSY,2027-12-31,9.88768,10.37906,9.45647,13,12598637877,16,Consumer Defensive,179.05,36313059775,821326
2026-08-28,HTFL,2030-12-31,0.61333,0.63098,0.59819,1,515876667,3,Healthcare,47.78,4120586762,1394256
2026-08-28,HTFL,2029-12-31,0.35333,0.3635,0.34461,1,443910000,4,Healthcare,47.78,4120586762,1394256
2026-08-28,HTFL,2028-12-31,0.058487,0.14397,-0.026994,2,370930912,6,Healthcare,47.78,4120586762,1394256
2026-08-28,HTFL,2027-12-31,-0.26375,-0.15216,-0.48692,5,309206035,7,Healthcare,47.78,4120586762,1394256
2026-08-28,HTGC,2028-12-31,1.92201,1.94603,1.9,3,684683500,2,Financial Services,17.48,3271626720,1389893
2026-08-28,HTGC,2027-12-31,1.95014,2.01874,1.87174,6,623271062,5,Financial Services,17.48,3271626720,1389893
2026-08-28,HTGC,2026-12-31,1.93309,1.95292,1.91326,6,582103950,5,Financial Services,17.48,3271626720,1389893
2026-08-28,HTGC,2025-12-31,1.92882,1.93887,1.90873,6,536580437,5,Financial Services,17.48,3271626720,1389893
2026-08-28,HTHT,2028-12-31,22.52147,25.40647,18.4087,9,30853957483,16,Consumer Cyclical,47.82,14688017630,976268
2026-08-28,HTHT,2027-12-31,20.5142,22.09751,18.93089,6,29058307602,14,Consumer Cyclical,47.82,14688017630,976268
2026-08-28,HTHT,2026-12-31,18.12608,18.19296,18.05919,6,27384365488,14,Consumer Cyclical,47.82,14688017630,976268
2026-08-28,HTHT,2025-12-31,14.83115,15.04003,14.62226,4,25171567438,10,Consumer Cyclical,47.82,14688017630,976268
2026-08-28,HTLD,2028-12-31,0.72657,0.73735,0.71578,2,832770618,4,Industrials,12.18,943824497,620036
2026-08-28,HTLD,2027-12-31,0.5175,0.54679,0.48821,3,787444579,4,Industrials,12.18,943824497,620036
2026-08-28,HTLD,2026-12-31,0.18539,0.19285,0.17563,3,733429699,4,Industrials,12.18,943824497,620036
2026-08-28,HTLD,2025-12-31,-0.48793,-0.42564,-0.55022,3,817752279,3,Industrials,12.18,943824497,620036
2026-08-28,HUBG,2029-12-31,3.66,3.83607,3.5349,1,4821686000,1,Industrials,39.61,2399518623,903989
2026-08-28,HUBG,2028-12-31,2.3494,2.46242,2.2691,1,4363847300,2,Industrials,39.61,2399518623,903989
2026-08-28,HUBG,2027-12-31,1.9,2.05891,1.78255,4,4045100000,6,Industrials,39.61,2399518623,903989
2026-08-28,HUBG,2026-12-31,1.34,1.43136,1.26691,5,3777100000,7,Industrials,39.61,2399518623,903989
2026-08-28,HUBS,2030-12-31,23.67,24.20966,23.15628,1,6149350000,14,Technology,260.87,13361161399,1297281
2026-08-28,HUBS,2029-12-31,20.795,21.26911,20.34368,1,5434550000,14,Technology,260.87,13361161399,1297281
2026-08-28,HUBS,2028-12-31,19.80534,24.30315,17.9777,4,4798032333,16,Technology,260.87,13361161399,1297281
2026-08-28,HUBS,2027-12-31,16.72541,18.59383,14.70631,20,4206974685,26,Technology,260.87,13361161399,1297281
2026-08-28,HUM,2030-12-31,35.78,37.97264,33.71307,5,205756000000,9,Healthcare,385.54,46295643200,746502
2026-08-28,HUM,2029-12-31,35.02248,37.1687,32.99931,5,190009914475,10,Healthcare,385.54,46295643200,746502
2026-08-28,HUM,2028-12-31,27.8708,33.7039,19.87495,8,179488166105,18,Healthcare,385.54,46295643200,746502
2026-08-28,HUM,2027-12-31,16.71723,19.83939,11.38218,16,167995896168,17,Healthcare,385.54,46295643200,746502
2026-08-28,HUT,2030-12-31,3.89,5.23331,2.49425,4,3443000000,4,Financial Services,79.42,8942224137,4434043
2026-08-28,HUT,2029-12-31,0.125,0.16817,0.0801495,2,2019226464,4,Financial Services,79.42,8942224137,4434043
2026-08-28,HUT,2028-12-31,0.44571,6.09817,-4.30181,7,1390196386,9,Financial Services,79.42,8942224137,4434043
2026-08-28,HUT,2027-12-31,-3.57071,-1.27417,-7.61986,6,556757405,11,Financial Services,79.42,8942224137,4434043
2026-08-28,HWC,2028-12-31,7.69576,7.79247,7.50734,4,1807429638,1,Financial Services,75.07,6092531060,582238
2026-08-28,HWC,2027-12-31,7.29673,7.4683,7.17562,7,1774691309,6,Financial Services,75.07,6092531060,582238
2026-08-28,HWC,2026-12-31,6.49224,6.55273,6.44183,7,1627483103,6,Financial Services,75.07,6092531060,582238
2026-08-28,HWC,2025-12-31,5.73273,5.75274,5.69271,6,1524593528,5,Financial Services,75.07,6092531060,582238
2026-08-28,HWM,2030-12-31,9.21,9.51886,8.8099,11,14753666667,8,Industrials,264.85,105968466873,1650417
2026-08-28,HWM,2029-12-31,8.566,8.85326,8.19387,7,13868002363,13,Industrials,264.85,105968466873,1650417
2026-08-28,HWM,2028-12-31,7.59915,8.92362,6.89102,14,12727063848,17,Industrials,264.85,105968466873,1650417
2026-08-28,HWM,2027-12-31,6.43412,6.85328,6.02544,13,11435129402,14,Industrials,264.85,105968466873,1650417
2026-08-28,HXL,2029-12-31,5.38,6.26045,5.09986,3,2801000000,10,Industrials,94.87,7174396891,679280
2026-08-28,HXL,2028-12-31,3.82584,4.83151,3.30926,9,2497696249,12,Industrials,94.87,7174396891,679280
2026-08-28,HXL,2027-12-31,3.13037,4.95184,2.6361,10,2297333390,11,Industrials,94.87,7174396891,679280
2026-08-28,HXL,2026-12-31,2.40342,2.44416,2.34232,11,2093949480,11,Industrials,94.87,7174396891,679280
2026-08-28,HYMC,2030-12-31,-0.175,-0.175,-0.175,1,0,0,Basic Materials,23.825,2220053550,2472164
2026-08-28,HYMC,2029-12-31,-0.03,-0.03,-0.03,1,0,0,Basic Materials,23.825,2220053550,2472164
2026-08-28,HYMC,2028-12-31,-0.255,-0.255,-0.255,1,0,0,Basic Materials,23.825,2220053550,2472164
2026-08-28,HYMC,2027-12-31,-0.725,-0.725,-0.725,1,6230200,1,Basic Materials,23.825,2220053550,2472164
2026-08-28,HZO,2028-09-30,2.57294,2.65321,2.53549,1,2399299200,2,Consumer Cyclical,52.18,1149429076,618247
2026-08-28,HZO,2027-09-30,1.57486,1.69772,1.452,5,2283685435,6,Consumer Cyclical,52.18,1149429076,618247
2026-08-28,HZO,2026-09-30,0.71147,0.72178,0.70116,5,2185148832,6,Consumer Cyclical,52.18,1149429076,618247
2026-08-28,HZO,2025-09-30,0.78547,0.90478,0.66616,5,2289902389,5,Consumer Cyclical,52.18,1149429076,618247
2026-08-28,IAG,2030-12-31,1.70607,2.06896,1.46642,1,3322051601,5,Basic Materials,20.59,11901020000,6598527
2026-08-28,IAG,2029-12-31,1.73434,2.10324,1.49072,1,3804861160,3,Basic Materials,20.59,11901020000,6598527
2026-08-28,IAG,2028-12-31,2.34802,2.50407,2.25586,4,4024690047,3,Basic Materials,20.59,11901020000,6598527
2026-08-28,IAG,2027-12-31,2.39161,2.88842,2.10277,7,4223081218,7,Basic Materials,20.59,11901020000,6598527
2026-08-28,IART,2029-12-31,3,3.03845,2.9612,1,1806800000,6,Healthcare,16.89,1313577626,776237
2026-08-28,IART,2028-12-31,2.85086,3.38594,2.31578,2,1785740790,8,Healthcare,16.89,1313577626,776237
2026-08-28,IART,2027-12-31,2.60544,2.67668,2.54438,6,1728026172,8,Healthcare,16.89,1313577626,776237
2026-08-28,IART,2026-12-31,2.45683,2.4768,2.44684,6,1674260936,9,Healthcare,16.89,1313577626,776237
2026-08-28,IBKR,2029-12-31,3.91932,4.1442,3.75319,1,10748336731,2,Financial Services,95.84,165614628666,2229749
2026-08-28,IBKR,2028-12-31,3.63,3.77774,3.38839,4,9899354909,4,Financial Services,95.84,165614628666,2229749
2026-08-28,IBKR,2027-12-31,3.17744,3.2877,2.99702,7,8654052842,5,Financial Services,95.84,165614628666,2229749
2026-08-28,IBKR,2026-12-31,2.71359,2.75394,2.64298,6,7463900447,5,Financial Services,95.84,165614628666,2229749
2026-08-28,IBM,2030-12-31,12.56,12.90589,12.27797,2,81471000000,7,Technology,235.59,221957349060,3938126
2026-08-28,IBM,2029-12-31,14.11013,14.49871,13.79329,3,80974021200,10,Technology,235.59,221957349060,3938126
2026-08-28,IBM,2028-12-31,14.28952,16.14315,12.79866,6,76908963547,15,Technology,235.59,221957349060,3938126
2026-08-28,IBM,2027-12-31,13.1471,13.77315,12.61048,14,73070455812,18,Technology,235.59,221957349060,3938126
2026-08-28,IBN,2030-03-31,273.55546,294.16861,252.63803,1,2177569676081,10,Financial Services,29.88,106863154525,4482728
2026-08-28,IBN,2029-03-31,210.83255,226.71935,194.71123,1,1774499064966,10,Financial Services,29.88,106863154525,4482728
2026-08-28,IBN,2028-03-31,184.67936,189.5139,178.87792,2,1555411354580,20,Financial Services,29.88,106863154525,4482728
2026-08-28,IBN,2027-03-31,159.95276,163.80705,154.17134,3,1349460474173,20,Financial Services,29.88,106863154525,4482728
2026-08-28,ICE,2030-12-31,12.65,12.94617,12.12492,1,14196000000,6,Financial Services,162.33,91131250350,3000843
2026-08-28,ICE,2029-12-31,11.10118,11.36109,10.64039,1,13384577672,6,Financial Services,162.33,91131250350,3000843
2026-08-28,ICE,2028-12-31,9.88061,10.39074,8.43869,4,12438953606,8,Financial Services,162.33,91131250350,3000843
2026-08-28,ICE,2027-12-31,8.82006,8.98079,8.37805,8,11673386803,9,Financial Services,162.33,91131250350,3000843
2026-08-28,ICHR,2030-12-26,5.18,5.47449,4.97896,1,2328600000,2,Technology,55.445,1933206360,593530
2026-08-28,ICHR,2029-12-26,3.62,3.8258,3.47951,1,2019600000,2,Technology,55.445,1933206360,593530
2026-08-28,ICHR,2028-12-26,3.6875,4.95373,2.06302,4,1790325000,4,Technology,55.445,1933206360,593530
2026-08-28,ICHR,2027-12-26,3.26867,3.45976,3.11781,5,1629564125,6,Technology,55.445,1933206360,593530
2026-08-28,IDYA,2030-12-31,1.415,3.112,0.16109,4,1043372875,6,Healthcare,40.11,3813783141,714064
2026-08-28,IDYA,2029-12-31,-1.51375,-0.17233,-3.32918,4,567211875,10,Healthcare,40.11,3813783141,714064
2026-08-28,IDYA,2028-12-31,-3.35523,-0.33404,-4.44454,11,254787419,12,Healthcare,40.11,3813783141,714064
2026-08-28,IDYA,2027-12-31,-4.13471,-1.83995,-5.22007,10,115491013,10,Healthcare,40.11,3813783141,714064
2026-08-28,IE,2030-12-31,0,0,0,0,719000000,1,Basic Materials,11.19,1771282926,1221379
2026-08-28,IE,2029-12-31,1.47,1.5909,1.39585,1,532000000,1,Basic Materials,11.19,1771282926,1221379
2026-08-28,IE,2028-12-31,-0.43,-0.40831,-0.46537,1,8000000,1,Basic Materials,11.19,1771282926,1221379
2026-08-28,IE,2027-12-31,-0.72002,-0.42668,-1.08003,2,3988875,2,Basic Materials,11.19,1771282926,1221379
2026-08-28,IFF,2029-12-31,4.864,4.95594,4.75997,1,8520738047,10,Basic Materials,87.95,22453898850,1162278
2026-08-28,IFF,2028-12-31,4.54839,5.41842,3.21581,4,8458339695,12,Basic Materials,87.95,22453898850,1162278
2026-08-28,IFF,2027-12-31,3.98451,5.21051,2.88704,9,8029993688,12,Basic Materials,87.95,22453898850,1162278
2026-08-28,IFF,2026-12-31,3.42577,4.62175,2.53385,7,7937498203,10,Basic Materials,87.95,22453898850,1162278
2026-08-28,ILMN,2030-12-28,8.8875,9.17105,8.6605,2,5999533333,7,Healthcare,215.59,32618767000,1791493
2026-08-28,ILMN,2029-12-28,8.048,8.30476,7.84244,4,5734675000,7,Healthcare,215.59,32618767000,1791493
2026-08-28,ILMN,2028-12-28,7.02123,7.71562,6.6697,7,5255578625,15,Healthcare,215.59,32618767000,1791493
2026-08-28,ILMN,2027-12-28,6.07194,6.5513,5.85223,12,4904081647,13,Healthcare,215.59,32618767000,1791493
2026-08-28,IMAX,2030-12-31,3.34,3.63822,3.18539,1,617633014,5,Communication Services,50.38,2762945703,1100935
2026-08-28,IMAX,2029-12-31,2.6,2.83214,2.47965,1,548925934,3,Communication Services,50.38,2762945703,1100935
2026-08-28,IMAX,2028-12-31,2.32192,2.45293,2.18189,3,506934790,7,Communication Services,50.38,2762945703,1100935
2026-08-28,IMAX,2027-12-31,2.04164,2.41285,1.6802,6,476762736,8,Communication Services,50.38,2762945703,1100935
2026-08-28,IMMX,2030-12-31,1.51333,3.09408,0.50764,1,458331667,2,Healthcare,13.94,758362444,1143437
2026-08-28,IMMX,2029-12-31,0.07,0.14312,0.02348098,1,286294000,2,Healthcare,13.94,758362444,1143437
2026-08-28,IMMX,2028-12-31,-0.665,-0.48414,-0.76795,3,150385209,5,Healthcare,13.94,758362444,1143437
2026-08-28,IMMX,2027-12-31,-0.90375,-0.14176,-2.25051,6,23101468,5,Healthcare,13.94,758362444,1143437
2026-08-28,IMNM,2030-12-31,0.83,1.66752,0.13681,5,594116000,5,Healthcare,27.57,2635560712,783497
2026-08-28,IMNM,2029-12-31,-0.46286,-0.07629457,-0.92991,5,372461333,5,Healthcare,27.57,2635560712,783497
2026-08-28,IMNM,2028-12-31,-1.50102,-0.64281,-2.49981,8,196800526,10,Healthcare,27.57,2635560712,783497
2026-08-28,IMNM,2027-12-31,-2.46597,-1.89841,-2.80847,9,53346357,8,Healthcare,27.57,2635560712,783497
2026-08-28,IMVT,2031-03-31,2.77833,2.77833,2.77833,7,1711234333,6,Healthcare,41.2,8503762400,1082320
2026-08-28,IMVT,2030-03-31,0.14143,0.14143,0.14143,5,920547286,6,Healthcare,41.2,8503762400,1082320
2026-08-28,IMVT,2029-03-31,-1.87421,-0.03514366,-3.40068,11,403229983,11,Healthcare,41.2,8503762400,1082320
2026-08-28,IMVT,2028-03-31,-2.91903,-2.41267,-3.44525,9,42941259,9,Healthcare,41.2,8503762400,1082320
2026-08-28,INCY,2030-12-31,4.48623,4.87422,4.22166,5,5182907077,9,Healthcare,124.37,25209518670,1215027
2026-08-28,INCY,2029-12-31,3.81648,4.14655,3.59141,9,4812193650,10,Healthcare,124.37,25209518670,1215027
2026-08-28,INCY,2028-12-31,9.08977,11.76234,6.60403,12,6540135432,18,Healthcare,124.37,25209518670,1215027
2026-08-28,INCY,2027-12-31,8.54234,10.42091,7.51427,14,6232765365,18,Healthcare,124.37,25209518670,1215027
2026-08-28,INDV,2030-12-31,5.41,5.44049,5.35863,1,1546800000,2,Healthcare,34.87,4350729900,2204669
2026-08-28,INDV,2029-12-31,4.985,5.01309,4.93766,1,1545135550,2,Healthcare,34.87,4350729900,2204669
2026-08-28,INDV,2028-12-31,4.84,5.36123,4.31877,2,1489266667,4,Healthcare,34.87,4350729900,2204669
2026-08-28,INDV,2027-12-31,4.62,4.64603,4.57613,2,1399533333,3,Healthcare,34.87,4350729900,2204669
2026-08-28,INFQ,2028-12-31,-0.25266,-0.24781,-0.25716,1,72814933,1,Technology,12.8,2792920064,8885458
2026-08-28,INFQ,2027-12-31,-0.23989,-0.23529,-0.24417,1,56400090,2,Technology,12.8,2792920064,8885458
2026-08-28,INFQ,2026-12-31,-0.22139,-0.21714,-0.22534,2,44719800,2,Technology,12.8,2792920064,8885458
2026-08-28,INFQ,2025-12-31,-0.15,-0.14712,-0.15267,1,32464000,1,Technology,12.8,2792920064,8885458
2026-08-28,INFY,2030-03-31,0.98889,1.03001,0.95409,10,24837732744,20,Technology,12.05,48893839000,11604331
2026-08-28,INFY,2029-03-31,0.8807,0.99382,0.80492,22,21956910323,30,Technology,12.05,48893839000,11604331
2026-08-28,INFY,2028-03-31,0.83078,0.8601,0.81123,16,21001695671,34,Technology,12.05,48893839000,11604331
2026-08-28,INFY,2027-03-31,0.79539,0.80521,0.77575,16,20268660955,34,Technology,12.05,48893839000,11604331
2026-08-28,ING,2030-12-31,4.51582,4.61316,4.36539,1,31544374520,4,Financial Services,35.24,100665844383,1128948
2026-08-28,ING,2029-12-31,3.65453,3.7333,3.53279,1,29047724144,4,Financial Services,35.24,100665844383,1128948
2026-08-28,ING,2028-12-31,3.36801,3.44061,3.25581,1,28369472751,3,Financial Services,35.24,100665844383,1128948
2026-08-28,ING,2027-12-31,2.91763,3.23575,2.53589,3,26713917175,9,Financial Services,35.24,100665844383,1128948
2026-08-28,INGM,2029-12-27,4.03,4.18246,3.87956,1,60193000000,4,Technology,28.7,6619996817,835786
2026-08-28,INGM,2028-12-27,4.19888,4.80077,3.59699,2,62563123726,8,Technology,28.7,6619996817,835786
2026-08-28,INGM,2027-12-27,3.77218,3.91376,3.60026,8,60006482597,10,Technology,28.7,6619996817,835786
2026-08-28,INGM,2026-12-27,3.4095,3.4702,3.30833,8,57990581200,10,Technology,28.7,6619996817,835786
2026-08-28,INIO,2028-12-31,1.02102,1.08124,0.98213,6,6035203360,9,Industrials,20.83,15622500000,2962503
2026-08-28,INIO,2027-12-31,0.77,0.81,0.74,6,5160000000,7,Industrials,20.83,15622500000,2962503
2026-08-28,INIO,2026-12-31,0.24,0.24628,0.23332,5,3860000000,7,Industrials,20.83,15622500000,2962503
2026-08-28,INIO,2025-12-31,4084,4190.93911,3970.37296,2,2811400000,5,Industrials,20.83,15622500000,2962503
2026-08-28,INOD,2031-12-31,1.2503,1.32209,1.17888,1,301512500,1,Technology,56.59,1847966709,955401
2026-08-28,INOD,2030-12-31,0.863,0.91256,0.8137,1,234425967,2,Technology,56.59,1847966709,955401
2026-08-28,INOD,2029-12-31,0.79633,0.84206,0.75084,1,164279750,2,Technology,56.59,1847966709,955401
2026-08-28,INOD,2027-12-31,1.63433,2.18237,1.08629,3,460042175,4,Technology,56.59,1847966709,955401
2026-08-28,INSM,2030-12-31,10.8325,12.6546,9.2806,7,6383036538,15,Healthcare,118.54,25693782080,1977202
2026-08-28,INSM,2029-12-31,7.29063,8.51696,6.24615,12,5073003379,9,Healthcare,118.54,25693782080,1977202
2026-08-28,INSM,2028-12-31,3.63729,7.2794,0.24593,17,3888603201,19,Healthcare,118.54,25693782080,1977202
2026-08-28,INSM,2027-12-31,0.96094,6.60876,-0.19882,16,2894090670,15,Healthcare,118.54,25693782080,1977202
2026-08-28,INSP,2030-12-31,3.235,3.30551,3.13572,1,1166250000,5,Healthcare,61.44,1776253440,517994
2026-08-28,INSP,2029-12-31,2.445,2.49829,2.36997,1,1065000000,5,Healthcare,61.44,1776253440,517994
2026-08-28,INSP,2028-12-31,1.94521,2.98294,0.86247,5,947230672,11,Healthcare,61.44,1776253440,517994
2026-08-28,INSP,2027-12-31,1.47005,1.72151,1.28629,9,887598032,13,Healthcare,61.44,1776253440,517994
2026-08-28,INTA,2029-06-30,2.3054,2.37248,2.25554,1,887974545,3,Technology,43.47,3349867752,752160
2026-08-28,INTA,2028-06-30,1.95544,2.0147,1.87643,6,758037451,7,Technology,43.47,3349867752,752160
2026-08-28,INTA,2027-06-30,1.59893,1.60886,1.57907,6,659090096,7,Technology,43.47,3349867752,752160
2026-08-28,INTA,2026-06-30,1.23106,1.26688,1.20444,6,575027658,7,Technology,43.47,3349867752,752160
2026-08-28,INTC,2030-12-27,7.028,8.07801,5.83682,9,130998675000,16,Technology,89.47,451286657364,85801756
2026-08-28,INTC,2029-12-27,4.616,5.30565,3.83363,6,98795700000,15,Technology,89.47,451286657364,85801756
2026-08-28,INTC,2028-12-27,3.06357,5.44396,1.53951,13,81880053506,30,Technology,89.47,451286657364,85801756
2026-08-28,INTC,2027-12-27,2.06913,2.57586,1.67853,28,72072280078,35,Technology,89.47,451286657364,85801756
2026-08-28,INTU,2030-07-31,40.295,43.31984,38.03945,1,33947500000,3,Technology,358.06,97942658220,4116751
2026-08-28,INTU,2029-07-31,35.49071,36.85253,33.89266,3,30312811428,6,Technology,358.06,97942658220,4116751
2026-08-28,INTU,2028-07-31,30.31283,33.00427,28.29914,13,26157133072,26,Technology,358.06,97942658220,4116751
2026-08-28,INTU,2027-07-31,26.95501,27.97199,26.16512,20,23697179128,24,Technology,358.06,97942658220,4116751
2026-08-28,INVA,2030-12-31,1.97,2.24215,1.71196,1,615475000,2,Healthcare,20.97,1547769467,527008
2026-08-28,INVA,2029-12-31,1.79,2.03728,1.55554,1,548088000,2,Healthcare,20.97,1547769467,527008
2026-08-28,INVA,2028-12-31,1.97,2.2256,1.58036,3,498804667,4,Healthcare,20.97,1547769467,527008
2026-08-28,INVA,2027-12-31,2.305,2.54086,2.05842,2,487236000,3,Healthcare,20.97,1547769467,527008
2026-08-28,INVH,2028-12-31,0.77684,1.00934,0.6016,7,3157027333,2,Real Estate,29.24,17369788080,4427886
2026-08-28,INVH,2027-12-31,0.74267,0.7573,0.72438,8,3016399000,5,Real Estate,29.24,17369788080,4427886
2026-08-28,INVH,2026-12-31,0.98431,0.98936,0.97926,7,2951425000,5,Real Estate,29.24,17369788080,4427886
2026-08-28,INVH,2025-12-31,0.9079,0.92194,0.89844,4,2727739585,8,Real Estate,29.24,17369788080,4427886
2026-08-28,INVX,2030-12-31,2.92,3.05071,2.82118,1,1350000000,2,Energy,30.11,2102292244,684023
2026-08-28,INVX,2029-12-31,2.72,2.84176,2.62795,1,1293000000,1,Energy,30.11,2102292244,684023
2026-08-28,INVX,2028-12-31,2.16852,2.26559,2.09513,1,1200064532,3,Energy,30.11,2102292244,684023
2026-08-28,INVX,2027-12-31,1.85326,1.93622,1.79054,2,1145531550,2,Energy,30.11,2102292244,684023
2026-08-28,IONQ,2030-12-31,-1.96,-1.67374,-2.67033,1,1447639667,5,Technology,39.2,14632181962,19694329
2026-08-28,IONQ,2029-12-31,-2.43,-2.0751,-3.31066,1,932293000,3,Technology,39.2,14632181962,19694329
2026-08-28,IONQ,2028-12-31,-2.59167,-2.25025,-2.93752,5,645633283,7,Technology,39.2,14632181962,19694329
2026-08-28,IONQ,2027-12-31,-2.60714,-1.76158,-3.52316,6,391103852,10,Technology,39.2,14632181962,19694329
2026-08-28,IONS,2030-12-31,5.57644,7.54465,4.34988,6,3245584655,9,Healthcare,61.05,10145533200,1850625
2026-08-28,IONS,2029-12-31,2.59812,3.51513,2.02665,9,2537351727,10,Healthcare,61.05,10145533200,1850625
2026-08-28,IONS,2028-12-31,0.18608,261.47448,-251.04759,15,1981009238,18,Healthcare,61.05,10145533200,1850625
2026-08-28,IONS,2027-12-31,-1.93186,-0.22728,-2.85991,10,1379990921,18,Healthcare,61.05,10145533200,1850625
2026-08-28,IOT,2030-01-31,0,0,0,0,3572000000,4,Technology,41.16,23751679826,4636358
2026-08-28,IOT,2029-01-31,1.14167,1.30773,0.97561,2,2849603286,8,Technology,41.16,23751679826,4636358
2026-08-28,IOT,2028-01-31,0.90333,1.07817,0.74792,11,2405691990,17,Technology,41.16,23751679826,4636358
2026-08-28,IOT,2027-01-31,0.7125,0.85693,0.67399,11,2010339435,17,Technology,41.16,23751679826,4636358
2026-08-28,IP,2029-12-31,3.86,4.06338,3.73257,1,27035000000,4,Basic Materials,39.31,20815313270,3520347
2026-08-28,IP,2028-12-31,3.48692,3.88572,3.05342,5,26264151715,9,Basic Materials,39.31,20815313270,3520347
2026-08-28,IP,2027-12-31,3.00286,3.73329,2.58692,8,25983336811,9,Basic Materials,39.31,20815313270,3520347
2026-08-28,IP,2026-12-31,1.37077,1.44238,1.2787,7,24609450643,9,Basic Materials,39.31,20815313270,3520347
2026-08-28,IPGP,2029-12-31,3.6,3.7404,3.48377,1,1330793000,1,Technology,76.53,3248208708,672488
2026-08-28,IPGP,2028-12-31,3.06185,3.2052,2.9185,2,1391419604,2,Technology,76.53,3248208708,672488
2026-08-28,IPGP,2027-12-31,2.26693,2.7534,1.94586,6,1245056204,7,Technology,76.53,3248208708,672488
2026-08-28,IPGP,2026-12-31,1.10082,1.24925,0.95858,7,1122808619,7,Technology,76.53,3248208708,672488
2026-08-28,IQMX,2027-12-31,-0.72352,-0.6421,-0.80494,1,79193800,2,Technology,10.59,2234370164,580521
2026-08-28,IQMX,2026-12-31,-0.71873,-0.63785,-0.79961,1,45199350,2,Technology,10.59,2234370164,580521
2026-08-28,IQV,2030-12-31,20.78,21.47732,20.50483,3,22248500000,6,Healthcare,261.75,43084050000,1842139
2026-08-28,IQV,2029-12-31,18.31223,18.92674,18.06974,3,20811000000,11,Healthcare,261.75,43084050000,1842139
2026-08-28,IQV,2028-12-31,16.15048,18.66574,14.02392,9,19508733710,13,Healthcare,261.75,43084050000,1842139
2026-08-28,IQV,2027-12-31,14.423,15.10741,13.99021,14,18424002372,14,Healthcare,261.75,43084050000,1842139
2026-08-28,IR,2030-12-31,4.99,5.109,4.88984,1,9954900000,5,Industrials,78.58,30751261460,3232248
2026-08-28,IR,2029-12-31,4.59,4.69946,4.49787,1,9461400000,5,Industrials,78.58,30751261460,3232248
2026-08-28,IR,2028-12-31,4.2594,4.48294,3.91502,4,8883840717,10,Industrials,78.58,30751261460,3232248
2026-08-28,IR,2027-12-31,3.90351,3.9546,3.81154,8,8500004639,10,Industrials,78.58,30751261460,3232248
2026-08-28,IRDM,2030-12-31,3.21,3.38373,3.01623,1,1076100000,2,Communication Services,46.6,4937736000,1507500
2026-08-28,IRDM,2029-12-31,2.3,2.42448,2.16116,1,1020700000,2,Communication Services,46.6,4937736000,1507500
2026-08-28,IRDM,2028-12-31,1.6475,1.84623,1.44877,2,1059438690,4,Communication Services,46.6,4937736000,1507500
2026-08-28,IRDM,2027-12-31,1.348,2.10759,1.08054,4,968882258,5,Communication Services,46.6,4937736000,1507500
2026-08-28,IREN,2030-06-30,2.91,4.3862,2.03561,1,14902958100,2,Technology,35.45,12650596744,89323370
2026-08-28,IREN,2029-06-30,1.3179,2.00364,0.57859,3,8475220250,4,Technology,35.45,12650596744,89323370
2026-08-28,IREN,2028-06-30,1.4495,3.36958,-0.41549,5,5421127330,10,Technology,35.45,12650596744,89323370
2026-08-28,IREN,2027-06-30,-0.45704,2.33743,-3.77384,8,2815216579,11,Technology,35.45,12650596744,89323370
2026-08-28,IRM,2030-12-31,0,0,0,1,10365000000,6,Real Estate,117.4,34929397549,1144365
2026-08-28,IRM,2029-12-31,0,0,0,1,10180900000,6,Real Estate,117.4,34929397549,1144365
2026-08-28,IRM,2028-12-31,3.07203,3.90101,2.04092,4,9371970633,8,Real Estate,117.4,34929397549,1144365
2026-08-28,IRM,2027-12-31,2.73198,2.75712,2.70684,4,8701534646,7,Real Estate,117.4,34929397549,1144365
2026-08-28,IRON,2030-12-31,1.85111,3.10098,0.72957,4,563482222,5,Healthcare,80.03,3072575784,665566
2026-08-28,IRON,2029-12-31,-2.58556,-1.01903,-4.33133,4,326733000,5,Healthcare,80.03,3072575784,665566
2026-08-28,IRON,2028-12-31,-5.56273,-4.09846,-6.94876,10,135582494,11,Healthcare,80.03,3072575784,665566
2026-08-28,IRON,2027-12-31,-7.06005,-5.80251,-8.33739,9,33853339,9,Healthcare,80.03,3072575784,665566
2026-08-28,IRT,2029-12-31,0.19,0.19377,0.18694,1,743900000,1,Real Estate,16.31,3844511650,1848944
2026-08-28,IRT,2028-12-31,0.15233,0.18378,0.12298,3,719266778,2,Real Estate,16.31,3844511650,1848944
2026-08-28,IRT,2027-12-31,0.14623,0.14748,0.14498,3,698384241,6,Real Estate,16.31,3844511650,1848944
2026-08-28,IRT,2026-12-31,0.13543,0.13811,0.13325,2,675424705,5,Real Estate,16.31,3844511650,1848944
2026-08-28,ISRG,2030-12-31,17,18.24695,16.06045,5,18492500000,14,Healthcare,372.6,131631382800,1801300
2026-08-28,ISRG,2029-12-31,15.59902,16.74321,14.7369,5,16828135374,24,Healthcare,372.6,131631382800,1801300
2026-08-28,ISRG,2028-12-31,13.60113,15.06752,12.06518,8,15024669808,26,Healthcare,372.6,131631382800,1801300
2026-08-28,ISRG,2027-12-31,12.08086,12.69754,11.84834,17,13273765491,25,Healthcare,372.6,131631382800,1801300
2026-08-28,IT,2030-12-31,42.14112,42.92985,41.41041,1,7593101297,4,Technology,198.39,13282587243,610198
2026-08-28,IT,2029-12-31,32.13623,32.73771,31.579,1,7329123188,4,Technology,198.39,13282587243,610198
2026-08-28,IT,2028-12-31,18.9566,25.42431,16.91284,5,7036797610,9,Technology,198.39,13282587243,610198
2026-08-28,IT,2027-12-31,16.54762,18.62964,14.87016,10,6691676884,10,Technology,198.39,13282587243,610198
2026-08-28,ITGR,2029-12-31,8.56,8.73401,8.40546,3,2225731000,1,Healthcare,125.33,4255555084,569647
2026-08-28,ITGR,2028-12-31,7.31,7.4586,7.17803,3,2035960500,3,Healthcare,125.33,4255555084,569647
2026-08-28,ITGR,2027-12-31,6.86143,7.07617,6.63647,6,1925745386,8,Healthcare,125.33,4255555084,569647
2026-08-28,ITGR,2026-12-31,6.15375,6.37605,5.96176,6,1816720845,8,Healthcare,125.33,4255555084,569647
2026-08-28,ITW,2029-12-31,13.51,13.69485,13.27496,2,19179000000,6,Industrials,280.1,80584770000,835436
2026-08-28,ITW,2028-12-31,13.03121,13.58146,12.72956,7,18052183785,8,Industrials,280.1,80584770000,835436
2026-08-28,ITW,2027-12-31,12.31799,12.8824,11.8328,11,17457015932,11,Industrials,280.1,80584770000,835436
2026-08-28,ITW,2026-12-31,11.43032,11.60032,11.29032,11,16829967861,11,Industrials,280.1,80584770000,835436
2026-08-28,IVZ,2029-12-31,4.21449,4.28003,4.14304,1,6333049650,1,Financial Services,32.86,14566739420,2777033
2026-08-28,IVZ,2028-12-31,3.81284,3.87213,3.7482,1,6073862450,1,Financial Services,32.86,14566739420,2777033
2026-08-28,IVZ,2027-12-31,3.27232,3.47064,3.11366,7,5883269385,3,Financial Services,32.86,14566739420,2777033
2026-08-28,IVZ,2026-12-31,2.81148,2.8713,2.78157,7,5430962824,3,Financial Services,32.86,14566739420,2777033
2026-08-28,J,2029-09-26,11.43,12.16495,10.24967,1,11604000000,2,Industrials,151.98,17945950380,615193
2026-08-28,J,2028-09-26,9.58098,10.64068,8.67423,3,10766500000,5,Industrials,151.98,17945950380,615193
2026-08-28,J,2027-09-26,8.28935,8.38946,8.19925,9,10151231305,6,Industrials,151.98,17945950380,615193
2026-08-28,J,2026-09-26,7.2558,7.28578,7.23581,7,9560033905,4,Industrials,151.98,17945950380,615193
2026-08-28,JAN,2030-12-31,0.52,0.64671,0.37069,1,2078000000,5,Real Estate,30.5,6472801378,575828
2026-08-28,JAN,2029-12-31,0.44,0.54722,0.31366,1,1905000000,3,Real Estate,30.5,6472801378,575828
2026-08-28,JAN,2028-12-31,0.29764,0.37017,0.21218,1,1534521654,7,Real Estate,30.5,6472801378,575828
2026-08-28,JAN,2027-12-31,0.24912,0.2639,0.23856,3,1187090140,8,Real Estate,30.5,6472801378,575828
2026-08-28,JANX,2030-12-31,-2.74432,-1.18772,-6.96932,5,151175800,6,Healthcare,18.03,1099547903,637806
2026-08-28,JANX,2029-12-31,-3.69224,-1.59797,-9.37661,10,50421000,11,Healthcare,18.03,1099547903,637806
2026-08-28,JANX,2028-12-31,-3.3272,-2.23,-5.29,13,10038182,13,Healthcare,18.03,1099547903,637806
2026-08-28,JANX,2027-12-31,-2.67421,-2.0179,-3.31093,12,8716538,10,Healthcare,18.03,1099547903,637806
2026-08-28,JAZZ,2030-12-31,35.45151,37.82622,33.00243,2,6245501144,8,Healthcare,244.54,15361415904,1192885
2026-08-28,JAZZ,2029-12-31,33.99203,36.26898,31.64378,3,6013535737,13,Healthcare,244.54,15361415904,1192885
2026-08-28,JAZZ,2028-12-31,29.95625,38.55897,21.80354,6,5467301271,17,Healthcare,244.54,15361415904,1192885
2026-08-28,JAZZ,2027-12-31,25.93036,30.04249,23.11575,11,4997032919,15,Healthcare,244.54,15361415904,1192885
2026-08-28,JBGS,2028-12-31,0,0,0,0,463700000,1,Real Estate,12.08,703731272,672367
2026-08-28,JBGS,2027-12-31,0,0,0,0,484817500,2,Real Estate,12.08,703731272,672367
2026-08-28,JBGS,2026-12-31,-1.94,-1.90909,-1.97091,1,477895500,1,Real Estate,12.08,703731272,672367
2026-08-28,JBGS,2025-12-31,-2.07,-2.03701,-2.10299,1,464936500,1,Real Estate,12.08,703731272,672367
2026-08-28,JBHT,2030-12-31,14.54,15.524,13.53052,4,18650500000,5,Industrials,261.03,24514606347,555316
2026-08-28,JBHT,2029-12-31,13.63935,14.5624,12.6924,2,17399529350,5,Industrials,261.03,24514606347,555316
2026-08-28,JBHT,2028-12-31,12.113,13.2138,10.42316,7,16104385838,10,Industrials,261.03,24514606347,555316
2026-08-28,JBHT,2027-12-31,10.15532,10.97313,9.33751,17,14945684913,16,Industrials,261.03,24514606347,555316
2026-08-28,JBL,2028-08-31,20.42644,22.00246,18.85043,2,48388297537,5,Technology,301.45,31588067979,1022747
2026-08-28,JBL,2027-08-31,16.7964,17.2115,16.14844,6,42664408039,6,Technology,301.45,31588067979,1022747
2026-08-28,JBL,2026-08-31,12.75879,12.81888,12.71873,6,35031159009,6,Technology,301.45,31588067979,1022747
2026-08-28,JBL,2025-08-31,9.38771,9.54733,9.29792,6,29139034501,5,Technology,301.45,31588067979,1022747
2026-08-28,JBS,2028-12-31,10.18193,10.66893,9.43114,2,502877334055,3,Consumer Defensive,13.59,30144067199,4443739
2026-08-28,JBS,2027-12-31,7.06563,8.90463,5.80737,5,492422928905,9,Consumer Defensive,13.59,30144067199,4443739
2026-08-28,JBS,2026-12-31,4.58234,7.80695,2.6306,5,479820127132,8,Consumer Defensive,13.59,30144067199,4443739
2026-08-28,JBS,2025-12-31,10.59456,11.46834,9.39312,6,477644516833,8,Consumer Defensive,13.59,30144067199,4443739
2026-08-28,JCI,2030-09-30,9.00667,9.31939,8.74734,3,33951666666,8,Basic Materials,139.59,84555451797,2681027
2026-08-28,JCI,2029-09-30,8.05118,8.33072,7.81936,3,32023140192,8,Basic Materials,139.59,84555451797,2681027
2026-08-28,JCI,2028-09-30,7.05304,7.71763,6.37489,8,29625749836,16,Basic Materials,139.59,84555451797,2681027
2026-08-28,JCI,2027-09-30,6.0216,6.34115,5.54227,13,27542611680,15,Basic Materials,139.59,84555451797,2681027
2026-08-28,JD,2029-12-31,32.83577,34.55187,31.23463,3,1613971976796,12,Consumer Cyclical,28.74,40346644746,4612312
2026-08-28,JD,2028-12-31,34.75809,44.31918,27.35112,9,1524761882188,25,Consumer Cyclical,28.74,40346644746,4612312
2026-08-28,JD,2027-12-31,28.4115,31.70448,25.88433,15,1449780015349,27,Consumer Cyclical,28.74,40346644746,4612312
2026-08-28,JD,2026-12-31,22.28355,23.06419,21.92872,14,1367481467908,27,Consumer Cyclical,28.74,40346644746,4612312
2026-08-28,JEF,2029-11-30,3.1693,3.64214,2.75327,1,10100163400,2,Financial Services,53.09,10798081015,1015427
2026-08-28,JEF,2028-11-30,5.38482,6.99054,2.39893,4,10173309585,4,Financial Services,53.09,10798081015,1015427
2026-08-28,JEF,2027-11-30,4.75317,5.26244,3.90439,4,9387683076,5,Financial Services,53.09,10798081015,1015427
2026-08-28,JEF,2026-11-30,3.54571,3.88435,3.11744,4,8534176638,5,Financial Services,53.09,10798081015,1015427
2026-08-28,JHX,2030-03-31,2.28302,2.51328,2.10106,1,6925625376,6,Basic Materials,29.93,17369479257,3574596
2026-08-28,JHX,2029-03-31,1.9035,2.09548,1.75179,1,6527162131,10,Basic Materials,29.93,17369479257,3574596
2026-08-28,JHX,2028-03-31,1.59739,2.11049,1.21014,5,6000197584,12,Basic Materials,29.93,17369479257,3574596
2026-08-28,JHX,2027-03-31,1.34757,1.71768,1.11981,5,5710976957,12,Basic Materials,29.93,17369479257,3574596
2026-08-28,JKHY,2029-06-30,8.97392,9.09816,8.78338,5,3071406250,6,Technology,169.73,12059452284,901756
2026-08-28,JKHY,2028-06-30,8.01271,8.58283,7.17309,9,2873921571,10,Technology,169.73,12059452284,901756
2026-08-28,JKHY,2027-06-30,7.34569,7.55876,6.63547,10,2692107452,11,Technology,169.73,12059452284,901756
2026-08-28,JKHY,2026-06-30,6.8407,6.8507,6.8307,9,2531691809,11,Technology,169.73,12059452284,901756
2026-08-28,JNJ,2030-12-28,18.04556,18.25411,17.8253,1,134637651400,1,Healthcare,268.04,645949171425,5761434
2026-08-28,JNJ,2029-12-28,16.1769,16.36385,15.97945,1,125199287361,1,Healthcare,268.04,645949171425,5761434
2026-08-28,JNJ,2028-12-28,14.25336,16.47795,10.69325,5,117106945938,2,Healthcare,268.04,645949171425,5761434
2026-08-28,JNJ,2027-12-28,12.74775,13.48473,12.2,4,108637650845,5,Healthcare,268.04,645949171425,5761434
2026-08-28,JOYY,2029-12-31,7.2738,7.71789,6.83645,2,2815479717,11,Communication Services,74.53,3855992298,565673
2026-08-28,JOYY,2028-12-31,7.24469,10.11235,6.30443,7,2912786851,13,Communication Services,74.53,3855992298,565673
2026-08-28,JOYY,2027-12-31,6.36149,6.45788,6.2651,7,2577698714,10,Communication Services,74.53,3855992298,565673
2026-08-28,JOYY,2026-12-31,5.40973,5.45847,5.36099,7,2336456167,10,Communication Services,74.53,3855992298,565673
2026-08-28,JPM,2028-12-31,27.2038,29.68585,25.57919,7,222999587935,5,Financial Services,357.62,958246366200,3911023
2026-08-28,JPM,2027-12-31,25.12454,25.75717,24.01994,11,212982322918,9,Financial Services,357.62,958246366200,3911023
2026-08-28,JPM,2026-12-31,24.82611,26.28003,23.89999,9,207534628307,9,Financial Services,357.62,958246366200,3911023
2026-08-28,JPM,2025-12-31,20.19756,20.29671,20.12815,4,183543557830,7,Financial Services,357.62,958246366200,3911023
2026-08-28,KBH,2028-11-30,5.76108,6.27015,4.791,3,5824474695,3,Consumer Cyclical,54.86,3363450142,721966
2026-08-28,KBH,2027-11-30,4.51703,5.03705,4.18055,11,5537392503,8,Consumer Cyclical,54.86,3363450142,721966
2026-08-28,KBH,2026-11-30,3.32702,3.52866,3.13546,11,5121116645,8,Consumer Cyclical,54.86,3363450142,721966
2026-08-28,KBH,2025-11-30,6.3985,6.45858,6.33842,7,6196801339,5,Consumer Cyclical,54.86,3363450142,721966
2026-08-28,KBR,2029-01-02,3.89837,4.08186,3.71489,2,8913896117,3,Industrials,38.03,4794366040,976476
2026-08-28,KBR,2028-01-02,4.04148,4.26547,3.55455,6,8492538656,7,Industrials,38.03,4794366040,976476
2026-08-28,KBR,2027-01-02,3.98766,4.04733,3.89816,6,8033537719,7,Industrials,38.03,4794366040,976476
2026-08-28,KBR,2026-01-02,3.81325,3.9123,3.77363,8,7851504930,7,Industrials,38.03,4794366040,976476
2026-08-28,KC,2029-12-31,1.54023,1.77288,1.21519,1,20995797834,10,Technology,10.64,3147502488,1547508
2026-08-28,KC,2028-12-31,-0.21884,-0.08097486,-0.35669,2,21123988234,12,Technology,10.64,3147502488,1547508
2026-08-28,KC,2027-12-31,-0.69282,2.30938,-3.69502,4,16812626015,11,Technology,10.64,3147502488,1547508
2026-08-28,KC,2026-12-31,-1.66166,-1.24624,-1.91091,5,12990750157,8,Technology,10.64,3147502488,1547508
2026-08-28,KD,2029-03-31,2.44333,2.50647,2.38834,1,14788232647,3,Technology,13.2,2910827146,3148556
2026-08-28,KD,2028-03-31,2.49167,2.69312,2.29022,3,14782077337,4,Technology,13.2,2910827146,3148556
2026-08-28,KD,2027-03-31,1.855,1.93522,1.75473,3,14789700333,4,Technology,13.2,2910827146,3148556
2026-08-28,KD,2026-03-31,1.74286,1.86517,1.68171,4,15084714286,5,Technology,13.2,2910827146,3148556
2026-08-28,KDP,2030-12-31,3.07,3.11632,3.01172,4,33960000000,6,Consumer Defensive,32.18,43782803777,8222396
2026-08-28,KDP,2029-12-31,2.9068,2.95066,2.85161,2,32706329700,11,Consumer Defensive,32.18,43782803777,8222396
2026-08-28,KDP,2028-12-31,2.7195,3.51379,1.85577,7,30943041258,13,Consumer Defensive,32.18,43782803777,8222396
2026-08-28,KDP,2027-12-31,2.53173,2.59201,2.43126,11,29957121571,13,Consumer Defensive,32.18,43782803777,8222396
2026-08-28,KEP,2028-12-31,6647.59568,6832.87116,6463.27832,1,107880414003748,4,Utilities,11.68,14996279040,1090690
2026-08-28,KEP,2027-12-31,5491.1858,8508.32085,2443.87939,1,106163944303848,11,Utilities,11.68,14996279040,1090690
2026-08-28,KEP,2026-12-31,4012.91498,4875.06468,3135.08983,1,104558005908419,6,Utilities,11.68,14996279040,1090690
2026-08-28,KEP,2025-12-31,6803.7699,6993.39812,6615.12231,1,95548422843865,19,Utilities,11.68,14996279040,1090690
2026-08-28,KEY,2028-12-31,2.45332,2.57975,2.21555,7,9022154377,5,Financial Services,21.91,23648996700,7584761
2026-08-28,KEY,2027-12-31,2.14743,2.22771,2.06715,13,8599067658,7,Financial Services,21.91,23648996700,7584761
2026-08-28,KEY,2026-12-31,1.82725,1.8572,1.7973,13,8058738632,7,Financial Services,21.91,23648996700,7584761
2026-08-28,KEY,2025-12-31,1.47874,1.49529,1.44877,14,7464715688,8,Financial Services,21.91,23648996700,7584761
2026-08-28,KEYS,2029-10-31,11.1817,11.97234,10.57463,1,7531654400,5,Technology,319.97,54681390899,2195517
2026-08-28,KEYS,2028-10-31,15.27055,16.3715,14.1696,2,8805051955,10,Technology,319.97,54681390899,2195517
2026-08-28,KEYS,2027-10-31,13.45783,14.38748,12.25149,6,8071045639,8,Technology,319.97,54681390899,2195517
2026-08-28,KEYS,2026-10-31,11.32063,11.45252,11.21072,6,7084441603,7,Technology,319.97,54681390899,2195517
2026-08-28,KFY,2029-04-30,7.06384,7.15718,6.99318,1,3283205667,2,Industrials,86.28,4387941960,532598
2026-08-28,KFY,2028-04-30,6.32074,6.40426,6.25751,2,3151102596,3,Industrials,86.28,4387941960,532598
2026-08-28,KFY,2027-04-30,5.78093,5.85732,5.7231,2,3010862718,3,Industrials,86.28,4387941960,532598
2026-08-28,KFY,2026-04-30,5.33023,5.40066,5.27691,2,2891045210,3,Industrials,86.28,4387941960,532598
2026-08-28,KGC,2030-12-31,2.28154,2.74871,1.95501,5,7026071393,6,Basic Materials,31.27,37093749472,10932867
2026-08-28,KGC,2029-12-31,2.52727,3.04475,2.16557,9,7511623439,6,Basic Materials,31.27,37093749472,10932867
2026-08-28,KGC,2028-12-31,3.16983,3.81888,2.71617,6,9778919520,5,Basic Materials,31.27,37093749472,10932867
2026-08-28,KGC,2027-12-31,3.06661,4.05274,2.58557,12,9875344110,8,Basic Materials,31.27,37093749472,10932867
2026-08-28,KGS,2030-12-31,7.13667,7.63399,6.77124,1,2852550000,5,Energy,57.67,5819993770,1352739
2026-08-28,KGS,2029-12-31,5.63269,6.0252,5.34427,1,2412317973,5,Energy,57.67,5819993770,1352739
2026-08-28,KGS,2028-12-31,4.04948,4.90112,2.91645,5,2051949522,10,Energy,57.67,5819993770,1352739
2026-08-28,KGS,2027-12-31,3.02112,3.83489,2.20735,6,1769094038,9,Energy,57.67,5819993770,1352739
2026-08-28,KHC,2030-12-27,2.24801,2.27406,2.20045,1,25202976521,10,Consumer Defensive,25.7,30474485297,20652379
2026-08-28,KHC,2029-12-27,2.19889,2.22437,2.15237,1,25069261079,7,Consumer Defensive,25.7,30474485297,20652379
2026-08-28,KHC,2028-12-27,2.12676,2.56619,1.93175,5,25025943080,13,Consumer Defensive,25.7,30474485297,20652379
2026-08-28,KHC,2027-12-27,2.06955,2.34033,1.9535,11,24692344033,14,Consumer Defensive,25.7,30474485297,20652379
2026-08-28,KIM,2030-12-31,0.87,0.89253,0.84938,1,2760300000,2,Real Estate,23.775,16033622250,3934838
2026-08-28,KIM,2029-12-31,0.865,0.8874,0.8445,1,2502196500,2,Real Estate,23.775,16033622250,3934838
2026-08-28,KIM,2028-12-31,0.9214,1.01159,0.81939,5,2376842588,4,Real Estate,23.775,16033622250,3934838
2026-08-28,KIM,2027-12-31,0.88619,0.90939,0.86763,8,2293243232,7,Real Estate,23.775,16033622250,3934838
2026-08-28,KKR,2029-12-31,9.71224,10.32781,8.90906,1,9737974500,1,Financial Services,108.68,97580831228,2423598
2026-08-28,KKR,2028-12-31,8.55685,9.03321,8.08049,2,16392077807,3,Financial Services,108.68,97580831228,2423598
2026-08-28,KKR,2027-12-31,7.3996,7.64625,6.87669,11,12473857111,5,Financial Services,108.68,97580831228,2423598
2026-08-28,KKR,2026-12-31,6.33097,6.51185,6.08979,10,10616473741,5,Financial Services,108.68,97580831228,2423598
2026-08-28,KLAC,2031-06-30,10.15,11.11317,9.03065,4,31774200000,4,Technology,175.54,229304391200,9926064
2026-08-28,KLAC,2030-06-30,8.6,9.41608,7.65159,3,27752400000,4,Technology,175.54,229304391200,9926064
2026-08-28,KLAC,2029-06-30,7.64009,8.74965,6.85088,5,24240399661,9,Technology,175.54,229304391200,9926064
2026-08-28,KLAC,2028-06-30,6.65963,7.57609,5.91628,14,21619035486,16,Technology,175.54,229304391200,9926064
2026-08-28,KLAR,2030-12-31,2.63,2.89196,2.4642,4,8198000000,6,Financial Services,14.2,5360612180,11903631
2026-08-28,KLAR,2029-12-31,1.67872,1.84593,1.57289,4,6581464378,11,Financial Services,14.2,5360612180,11903631
2026-08-28,KLAR,2028-12-31,1.0298,1.13237,0.96488,5,5512788680,7,Financial Services,14.2,5360612180,11903631
2026-08-28,KLAR,2027-12-31,0.565,0.99142,0.25585,10,4745609331,13,Financial Services,14.2,5360612180,11903631
2026-08-28,KLIC,2028-10-04,5.36,5.69202,4.97202,1,1461650000,2,Technology,81.03,4240533023,555755
2026-08-28,KLIC,2027-10-04,5.90333,6.63586,5.1708,2,1517000000,2,Technology,81.03,4240533023,555755
2026-08-28,KLIC,2026-10-04,3.86333,3.87331,3.84336,2,1149600000,2,Technology,81.03,4240533023,555755
2026-08-28,KLIC,2025-10-04,0.14116,0.15124,0.13094,4,646622833,3,Technology,81.03,4240533023,555755
2026-08-28,KLRA,2030-12-31,-2.7,-2.7,-2.7,2,496465000,3,Healthcare,16.21,2100258506,531875
2026-08-28,KLRA,2029-12-31,-3.87333,-3.87333,-3.87333,3,66899666,4,Healthcare,16.21,2100258506,531875
2026-08-28,KLRA,2028-12-31,-4.355,-2.13768,-6.98539,6,0,0,Healthcare,16.21,2100258506,531875
2026-08-28,KLRA,2027-12-31,-4.6225,-3.09201,-6.09095,4,0,0,Healthcare,16.21,2100258506,531875
2026-08-28,KMB,2030-12-31,8.98905,9.12621,8.87833,1,35817629440,5,Consumer Defensive,109.55,36364027000,2433377
2026-08-28,KMB,2029-12-31,8.47614,8.60547,8.37174,1,26289154169,3,Consumer Defensive,109.55,36364027000,2433377
2026-08-28,KMB,2028-12-31,8.06856,8.19167,7.96918,1,17493567970,7,Consumer Defensive,109.55,36364027000,2433377
2026-08-28,KMB,2027-12-31,7.46219,7.62054,7.20487,7,17067650643,9,Consumer Defensive,109.55,36364027000,2433377
2026-08-28,KMI,2030-12-31,1.92005,1.99877,1.84218,4,21559000000,5,Energy,31.56,70277808000,5498738
2026-08-28,KMI,2029-12-31,1.79734,1.87103,1.72445,2,20377333333,3,Energy,31.56,70277808000,5498738
2026-08-28,KMI,2028-12-31,1.661,1.82852,1.5602,7,19795288662,7,Energy,31.56,70277808000,5498738
2026-08-28,KMI,2027-12-31,1.53061,1.73798,1.42199,10,18695814851,7,Energy,31.56,70277808000,5498738
2026-08-28,KMPR,2028-12-31,5.26197,5.41933,5.15469,1,4451198944,3,Financial Services,27.93,1644357300,879908
2026-08-28,KMPR,2027-12-31,4.14963,4.68918,3.4335,3,4270119660,3,Financial Services,27.93,1644357300,879908
2026-08-28,KMPR,2026-12-31,2.0066,2.19534,1.83773,4,4279801276,4,Financial Services,27.93,1644357300,879908
2026-08-28,KMPR,2025-12-31,4.17867,4.45858,3.85877,5,4757712510,3,Financial Services,27.93,1644357300,879908
2026-08-28,KMT,2029-06-30,2.68,2.73675,2.64498,1,3586548439,3,Industrials,29.54,2251246443,883116
2026-08-28,KMT,2028-06-30,2.46367,3.54575,1.92263,4,3508134733,5,Industrials,29.54,2251246443,883116
2026-08-28,KMT,2027-06-30,4.81111,5.22259,4.00926,5,3296344423,5,Industrials,29.54,2251246443,883116
2026-08-28,KMT,2026-06-30,3.89971,4.769,1.38844,5,2345590540,6,Industrials,29.54,2251246443,883116
2026-08-28,KMX,2029-02-28,3.00109,4.26371,1.96435,5,28711668442,6,Consumer Cyclical,62.11,8814092210,958391
2026-08-28,KMX,2028-02-28,3.10646,3.38524,2.68828,12,27722560234,13,Consumer Cyclical,62.11,8814092210,958391
2026-08-28,KMX,2027-02-28,2.70764,2.97543,2.49936,12,27165174732,14,Consumer Cyclical,62.11,8814092210,958391
2026-08-28,KMX,2026-02-28,2.69398,2.77531,2.62282,11,25663933577,12,Consumer Cyclical,62.11,8814092210,958391
2026-08-28,KN,2028-12-31,1.85,1.86178,1.84227,1,796000000,1,Technology,34.23,2923595630,745109
2026-08-28,KN,2027-12-31,1.6175,1.6278,1.61074,3,707440000,3,Technology,34.23,2923595630,745109
2026-08-28,KN,2026-12-31,1.335,1.3435,1.32942,3,662060000,3,Technology,34.23,2923595630,745109
2026-08-28,KN,2025-12-31,1.095,1.10197,1.09042,2,587225000,2,Technology,34.23,2923595630,745109
2026-08-28,KNF,2030-12-31,6.21,6.43582,5.99677,1,4423000000,2,Basic Materials,64.24,3646481972,509318
2026-08-28,KNF,2029-12-31,5.38,5.57564,5.19527,1,4167000000,2,Basic Materials,64.24,3646481972,509318
2026-08-28,KNF,2028-12-31,3.85134,4.17277,3.32468,4,3810020000,5,Basic Materials,64.24,3646481972,509318
2026-08-28,KNF,2027-12-31,3.53783,3.84418,3.1129,5,3665461429,7,Basic Materials,64.24,3646481972,509318
2026-08-28,KNTK,2030-12-31,3.07,3.45531,2.60615,5,3483472000,3,Energy,53.81,3960539763,869328
2026-08-28,KNTK,2029-12-31,2.75687,3.10288,2.34033,5,3203401000,4,Energy,53.81,3960539763,869328
2026-08-28,KNTK,2028-12-31,2.38223,3.05763,1.84669,8,2639684604,6,Energy,53.81,3960539763,869328
2026-08-28,KNTK,2027-12-31,1.87579,2.53141,1.15643,6,2347870070,6,Energy,53.81,3960539763,869328
2026-08-28,KNX,2028-12-31,5.31005,6.17053,4.44957,2,9388399484,8,Industrials,67.24,10943713373,3152051
2026-08-28,KNX,2027-12-31,4.03742,4.39517,3.47525,13,8829392933,14,Industrials,67.24,10943713373,3152051
2026-08-28,KNX,2026-12-31,2.31435,2.50471,2.20414,13,8161668642,14,Industrials,67.24,10943713373,3152051
2026-08-28,KNX,2025-12-31,1.32652,1.43706,1.28632,13,7514895255,11,Industrials,67.24,10943713373,3152051
2026-08-28,KO,2030-12-31,4.33,4.4888,4.24738,4,56940000000,6,Consumer Defensive,89.66,385766537422,9879988
2026-08-28,KO,2029-12-31,4.25909,4.41529,4.17782,2,53917920098,10,Consumer Defensive,89.66,385766537422,9879988
2026-08-28,KO,2028-12-31,3.80168,4.00637,3.48068,7,52294109385,12,Consumer Defensive,89.66,385766537422,9879988
2026-08-28,KO,2027-12-31,3.53201,3.61228,3.4417,14,49896465137,14,Consumer Defensive,89.66,385766537422,9879988
2026-08-28,KR,2031-01-31,6.29,6.42681,6.15323,2,166379000000,7,Consumer Defensive,57.72,35361984840,3968170
2026-08-28,KR,2030-01-31,6,6.1305,5.86953,1,162321000000,7,Consumer Defensive,57.72,35361984840,3968170
2026-08-28,KR,2029-01-31,5.89109,6.63437,4.36735,5,156936297365,14,Consumer Defensive,57.72,35361984840,3968170
2026-08-28,KR,2028-01-31,5.53227,5.71202,5.34254,12,153772486642,15,Consumer Defensive,57.72,35361984840,3968170
2026-08-28,KRC,2029-12-31,0.99,1.01319,0.96235,1,1200200000,2,Real Estate,36.21,4211548455,724943
2026-08-28,KRC,2028-12-31,0.81995,0.86536,0.72923,3,1135852000,5,Real Estate,36.21,4211548455,724943
2026-08-28,KRC,2027-12-31,0.458,0.46062,0.45406,4,1080157982,7,Real Estate,36.21,4211548455,724943
2026-08-28,KRC,2026-12-31,0.25222,0.25292,0.25011,3,1059281326,7,Real Estate,36.21,4211548455,724943
2026-08-28,KRG,2029-12-31,0.5,0.51528,0.48408,1,899842000,1,Real Estate,26,5211091392,1498051
2026-08-28,KRG,2028-12-31,0.58675,0.68025,0.46,3,850296333,3,Real Estate,26,5211091392,1498051
2026-08-28,KRG,2027-12-31,0.43507,0.45303,0.42709,4,816140667,5,Real Estate,26,5211091392,1498051
2026-08-28,KRG,2026-12-31,0.87211,0.88042,0.86796,5,791126500,5,Real Estate,26,5211091392,1498051
2026-08-28,KRMN,2030-12-31,0,0,0,1,1622000000,2,Industrials,45.57,6039223445,2079979
2026-08-28,KRMN,2029-12-31,0,0,0,0,1352000000,2,Industrials,45.57,6039223445,2079979
2026-08-28,KRMN,2028-12-31,1.31157,1.48598,1.14065,3,1185905555,5,Industrials,45.57,6039223445,2079979
2026-08-28,KRMN,2027-12-31,0.93852,1.03033,0.83651,7,937871223,7,Industrials,45.57,6039223445,2079979
2026-08-28,KRP,2028-12-31,1.0882,1.30861,0.9128,3,409867913,3,Energy,14.91,1470905316,763879
2026-08-28,KRP,2027-12-31,0.94762,1.07321,0.82203,3,400440698,4,Energy,14.91,1470905316,763879
2026-08-28,KRP,2026-12-31,1.00527,1.07973,0.93081,2,386345778,4,Energy,14.91,1470905316,763879
2026-08-28,KRP,2025-12-31,0.75243,0.88175,0.62311,2,324955147,3,Energy,14.91,1470905316,763879
2026-08-28,KSPI,2030-12-31,0,0,0,0,5334690318840,1,Technology,106.29,20197998103,757133
2026-08-28,KSPI,2029-12-31,0,0,0,0,4687686549000,1,Technology,106.29,20197998103,757133
2026-08-28,KSPI,2028-12-31,8202.76058,8487.76151,7877.90334,1,5759590217552,1,Technology,106.29,20197998103,757133
2026-08-28,KSPI,2027-12-31,6967.82237,7209.91597,6691.87289,2,5109953618513,2,Technology,106.29,20197998103,757133
2026-08-28,KSS,2029-01-31,1.49487,1.7369,1.25284,2,14784184473,4,Consumer Cyclical,17.5,1984500000,4695568
2026-08-28,KSS,2028-01-31,1.50073,1.72424,1.24529,8,14814568079,9,Consumer Cyclical,17.5,1984500000,4695568
2026-08-28,KSS,2027-01-31,1.44916,1.69069,1.29164,8,14761446096,9,Consumer Cyclical,17.5,1984500000,4695568
2026-08-28,KSS,2026-01-31,1.39888,1.58003,1.25799,3,14834477309,6,Consumer Cyclical,17.5,1984500000,4695568
2026-08-28,KT,2030-12-31,0,0,0,0,30617633749071,6,Communication Services,19.63,9465458837,892909
2026-08-28,KT,2029-12-31,4976.03107,5240.46903,4815.62052,1,31102034513042,10,Communication Services,19.63,9465458837,892909
2026-08-28,KT,2028-12-31,3653.86919,3848.04437,3536.0807,1,30690262210241,5,Communication Services,19.63,9465458837,892909
2026-08-28,KT,2027-12-31,3466.78284,4055.48181,2861.73112,1,30030566652179,12,Communication Services,19.63,9465458837,892909
2026-08-28,KTOS,2030-12-28,2.52,2.77306,2.29253,7,3584700000,11,Industrials,52,9751040000,1965771
2026-08-28,KTOS,2029-12-28,2.12,2.33289,1.92864,6,3073600000,7,Industrials,52,9751040000,1965771
2026-08-28,KTOS,2028-12-28,1.45033,2.15174,0.92333,9,2682509414,12,Industrials,52,9751040000,1965771
2026-08-28,KTOS,2027-12-28,1.12729,1.69592,0.85794,14,2203423332,14,Industrials,52,9751040000,1965771
2026-08-28,KURA,2030-12-31,2.2375,5.10674,1.24458,4,866773500,6,Healthcare,12.66,1123883461,1805273
2026-08-28,KURA,2029-12-31,-0.22778,-0.1267,-0.51987,4,493556091,10,Healthcare,12.66,1123883461,1805273
2026-08-28,KURA,2028-12-31,-1.87048,-0.11925,-2.94148,11,291144173,12,Healthcare,12.66,1123883461,1805273
2026-08-28,KURA,2027-12-31,-2.37355,-1.59583,-3.29267,9,215415478,10,Healthcare,12.66,1123883461,1805273
2026-08-28,KVUE,2030-12-28,1.45555,1.47015,1.43683,1,17432998118,3,Consumer Defensive,19.17,36806566166,11888237
2026-08-28,KVUE,2029-12-28,1.4423,1.45677,1.42375,1,17062279767,5,Consumer Defensive,19.17,36806566166,11888237
2026-08-28,KVUE,2028-12-28,1.33825,1.4231,1.2729,3,16480947815,7,Consumer Defensive,19.17,36806566166,11888237
2026-08-28,KVUE,2027-12-28,1.24821,1.33954,1.17717,8,15968639694,10,Consumer Defensive,19.17,36806566166,11888237
2026-08-28,KVYO,2030-12-31,1.68,1.71537,1.63505,1,2899600000,5,Technology,20.15,6030488151,6041255
2026-08-28,KVYO,2029-12-31,1.58,1.61326,1.53773,1,2543500000,5,Technology,20.15,6030488151,6041255
2026-08-28,KVYO,2028-12-31,1.32572,1.35363,1.29025,1,2176052133,10,Technology,20.15,6030488151,6041255
2026-08-28,KVYO,2027-12-31,1.05767,1.08732,1.01813,12,1830649528,15,Technology,20.15,6030488151,6041255
2026-08-28,LASR,2030-12-31,1.75,1.89563,1.60485,1,567000000,2,Technology,42.94,2422189578,1081837
2026-08-28,LASR,2029-12-31,1.25,1.35402,1.14632,1,490000000,2,Technology,42.94,2422189578,1081837
2026-08-28,LASR,2028-12-31,1,1.82222,0.17778,2,419615375,4,Technology,42.94,2422189578,1081837
2026-08-28,LASR,2027-12-31,0.63,0.75044,0.53735,6,347070000,7,Technology,42.94,2422189578,1081837
2026-08-28,LAUR,2028-12-31,2.78,3.01608,2.36677,4,2218469674,5,Consumer Defensive,38.8,5344675556,621779
2026-08-28,LAUR,2027-12-31,2.422,2.53209,2.33193,4,2059573602,5,Consumer Defensive,38.8,5344675556,621779
2026-08-28,LAUR,2026-12-31,2.10833,2.13816,2.06855,3,1924309245,5,Consumer Defensive,38.8,5344675556,621779
2026-08-28,LAUR,2025-12-31,1.67603,1.70561,1.63659,3,1688011057,3,Consumer Defensive,38.8,5344675556,621779
2026-08-28,LAZ,2029-12-31,4.7197,4.8583,4.5437,1,4356114900,1,Financial Services,43.64,4252744184,712190
2026-08-28,LAZ,2028-12-31,4.85462,4.99718,4.67359,1,4256789845,3,Financial Services,43.64,4252744184,712190
2026-08-28,LAZ,2027-12-31,3.84809,4.20315,3.45464,5,3974151759,5,Financial Services,43.64,4252744184,712190
2026-08-28,LAZ,2026-12-31,2.22988,2.32194,2.16851,5,3325925640,5,Financial Services,43.64,4252744184,712190
2026-08-28,LBRT,2030-12-31,1.25,1.32689,1.1711,1,9311000000,6,Energy,19.02,3103900732,1962664
2026-08-28,LBRT,2029-12-31,-0.02,-0.01873754,-0.02123017,1,7554000000,6,Energy,19.02,3103900732,1962664
2026-08-28,LBRT,2028-12-31,0.68277,1.33933,-0.48837,3,5740099770,8,Energy,19.02,3103900732,1962664
2026-08-28,LBRT,2027-12-31,0.16586,0.49758,-0.4445,6,4979657650,9,Energy,19.02,3103900732,1962664
2026-08-28,LBTYK,2030-12-31,-0.41,-0.38326,-0.4475,1,5394000000,5,Communication Services,10.43,3557315345,971066
2026-08-28,LBTYK,2029-12-31,-0.68667,-0.64188,-0.74947,1,4195000000,3,Communication Services,10.43,3557315345,971066
2026-08-28,LBTYK,2028-12-31,-0.94854,-0.88667,-1.0353,1,4493795204,3,Communication Services,10.43,3557315345,971066
2026-08-28,LBTYK,2027-12-31,-1.22044,-1.14084,-1.33207,1,5045316899,7,Communication Services,10.43,3557315345,971066
2026-08-28,LDOS,2030-01-02,15,15.18894,14.76972,4,21224000000,6,Technology,140.66,17692918100,949256
2026-08-28,LDOS,2029-01-02,13.9032,15.20615,12.92156,8,20088290320,12,Technology,140.66,17692918100,949256
2026-08-28,LDOS,2028-01-02,12.78248,13.58768,12.32956,11,19184293375,12,Technology,140.66,17692918100,949256
2026-08-28,LDOS,2027-01-02,12.38471,12.46474,12.30468,10,18323440767,11,Technology,140.66,17692918100,949256
2026-08-28,LEGN,2030-12-31,1.354,1.48829,1.22045,1,2536151400,5,Healthcare,19.88,3676670498,1151124
2026-08-28,LEGN,2029-12-31,0.95272,1.04721,0.85875,1,2231579499,5,Healthcare,19.88,3676670498,1151124
2026-08-28,LEGN,2028-12-31,0.93062,1.51103,0.35021,2,2007885767,10,Healthcare,19.88,3676670498,1151124
2026-08-28,LEGN,2027-12-31,0.61724,0.89684,0.36929,4,1771687274,10,Healthcare,19.88,3676670498,1151124
2026-08-28,LEN,2028-11-30,7.94752,10.0583,5.22272,5,34736098522,5,Consumer Cyclical,86.33,21435330745,2359367
2026-08-28,LEN,2027-11-30,6.43215,6.90714,6.05612,11,33308510562,6,Consumer Cyclical,86.33,21435330745,2359367
2026-08-28,LEN,2026-11-30,5.50438,5.82698,5.34308,10,32332949182,7,Consumer Cyclical,86.33,21435330745,2359367
2026-08-28,LEN,2025-11-30,8.26651,8.34667,8.20639,6,33971254452,5,Consumer Cyclical,86.33,21435330745,2359367
2026-08-28,LEU,2030-12-31,3.375,3.96692,2.71466,4,651346750,5,Energy,175.78,3331662753,814761
2026-08-28,LEU,2029-12-31,2.0525,2.41248,1.65091,2,526817750,3,Energy,175.78,3331662753,814761
2026-08-28,LEU,2028-12-31,2.43759,6.12083,-2.5563,7,424054734,7,Energy,175.78,3331662753,814761
2026-08-28,LEU,2027-12-31,2.88869,5.77738,-0.23394,11,470173873,11,Energy,175.78,3331662753,814761
2026-08-28,LEVI,2028-11-30,1.96076,2.06196,1.85955,2,7554295941,5,Consumer Cyclical,21.29,8330218010,1596513
2026-08-28,LEVI,2027-11-30,1.70911,1.79906,1.62915,9,7084836021,10,Consumer Cyclical,21.29,8330218010,1596513
2026-08-28,LEVI,2026-11-30,1.54076,1.60079,1.52075,8,6760605812,10,Consumer Cyclical,21.29,8330218010,1596513
2026-08-28,LEVI,2025-11-30,1.3271,1.33715,1.30775,9,6228076432,8,Consumer Cyclical,21.29,8330218010,1596513
2026-08-28,LFST,2028-12-31,0.40464,0.49641,0.31187,5,2244652877,7,Healthcare,12.31,4774236540,4000111
2026-08-28,LFST,2027-12-31,0.21942,0.22896,0.20988,5,1953996104,8,Healthcare,12.31,4774236540,4000111
2026-08-28,LFST,2026-12-31,0.16053,0.17056,0.14046,5,1707986723,7,Healthcare,12.31,4774236540,4000111
2026-08-28,LFST,2025-12-31,-0.004334,-0.00424458,-0.00443057,3,1420381040,6,Healthcare,12.31,4774236540,4000111
2026-08-28,LGN,2030-12-31,4.73,4.87405,4.53102,1,7170200000,5,Industrials,53.845,6516929810,778629
2026-08-28,LGN,2029-12-31,4.8676,5.01584,4.66283,1,6984210342,3,Industrials,53.845,6516929810,778629
2026-08-28,LGN,2028-12-31,3.76064,4.07934,3.44194,2,6202178634,7,Industrials,53.845,6516929810,778629
2026-08-28,LGN,2027-12-31,2.64214,3.33043,2.3424,8,5460312712,11,Industrials,53.845,6516929810,778629
2026-08-28,LHX,2031-01-02,20.23,20.77745,19.8339,6,31712000000,5,Industrials,262.82,48941026300,1397351
2026-08-28,LHX,2030-01-02,17.92805,18.41321,17.57702,5,29378500000,6,Industrials,262.82,48941026300,1397351
2026-08-28,LHX,2029-01-02,15.61322,16.52026,14.55564,12,27207911388,12,Industrials,262.82,48941026300,1397351
2026-08-28,LHX,2028-01-02,13.60487,14.23061,12.86811,10,25243875333,10,Industrials,262.82,48941026300,1397351
2026-08-28,LI,2028-12-31,5.88634,13.67384,-1.73206,15,167111548330,26,Consumer Cyclical,12.23,12351815117,1764169
2026-08-28,LI,2027-12-31,2.22201,3.73701,-0.87534,9,148137488707,21,Consumer Cyclical,12.23,12351815117,1764169
2026-08-28,LI,2026-12-31,-3.75696,11.55984,-23.40865,8,117413749173,11,Consumer Cyclical,12.23,12351815117,1764169
2026-08-28,LI,2025-12-31,1.94929,2.92394,1.29953,5,116809967911,14,Consumer Cyclical,12.23,12351815117,1764169
2026-08-28,LIFE,2030-12-31,0,0,0,0,877000000,2,Financial Services,38.64,2452430761,1087304
2026-08-28,LIFE,2029-12-31,0,0,0,0,759000000,1,Financial Services,38.64,2452430761,1087304
2026-08-28,LIFE,2028-12-31,1.07247,1.19494,0.95,2,1097205263,3,Financial Services,38.64,2452430761,1087304
2026-08-28,LIFE,2027-12-31,0.95939,1.10616,0.81262,3,937694766,6,Financial Services,38.64,2452430761,1087304
2026-08-28,LIN,2030-12-31,25.05,25.68413,24.22864,3,44140000000,10,Basic Materials,489.51,226447326000,1240207
2026-08-28,LIN,2029-12-31,25.41566,26.05905,24.58231,3,43676968803,10,Basic Materials,489.51,226447326000,1240207
2026-08-28,LIN,2028-12-31,21.53771,23.598,20.04435,9,40139969200,20,Basic Materials,489.51,226447326000,1240207
2026-08-28,LIN,2027-12-31,19.59074,19.72055,19.42099,10,38052728365,19,Basic Materials,489.51,226447326000,1240207
2026-08-28,LINC,2030-12-31,1.9,1.91393,1.88024,1,850000000,1,Consumer Defensive,25.43,806658113,731747
2026-08-28,LINC,2029-12-31,0,0,0,0,778600000,1,Consumer Defensive,25.43,806658113,731747
2026-08-28,LINC,2028-12-31,1.31,1.31961,1.29637,1,709799000,1,Consumer Defensive,25.43,806658113,731747
2026-08-28,LINC,2027-12-31,1.03167,1.08431,0.97903,4,649559167,4,Consumer Defensive,25.43,806658113,731747
2026-08-28,LIND,2028-12-31,0.66,0.66942,0.65216,1,943800000,1,Consumer Cyclical,29.59,1941686598,986137
2026-08-28,LIND,2027-12-31,0.404,0.43286,0.38476,3,922078667,4,Consumer Cyclical,29.59,1941686598,986137
2026-08-28,LIND,2026-12-31,0.14619,0.16339,0.12899,3,856972167,4,Consumer Cyclical,29.59,1941686598,986137
2026-08-28,LIND,2025-12-31,-0.49026,-0.44854,-0.53198,2,755690721,3,Consumer Cyclical,29.59,1941686598,986137
2026-08-28,LINE,2030-12-31,0.21,0.2196,0.20313,1,6734700000,5,Real Estate,39.32,8952156032,563446
2026-08-28,LINE,2029-12-31,-0.19,-0.18379,-0.19868,1,6236600000,3,Real Estate,39.32,8952156032,563446
2026-08-28,LINE,2028-12-31,-0.38012,0.03912463,-0.67133,4,5788401470,7,Real Estate,39.32,8952156032,563446
2026-08-28,LINE,2027-12-31,-0.53595,-0.52523,-0.55382,4,5508408926,9,Real Estate,39.32,8952156032,563446
2026-08-28,LION,2029-12-31,0.79,0.85797,0.73011,1,3722202352,2,Technology,11.4,3391396716,1447576
2026-08-28,LION,2028-12-31,0.548,0.84308,-0.06744615,4,3596395675,5,Technology,11.4,3391396716,1447576
2026-08-28,LION,2027-12-31,0.50984,0.58267,0.43701,5,3436871621,7,Technology,11.4,3391396716,1447576
2026-08-28,LION,2026-12-31,0.38116,0.44624,0.30679,4,3345888370,8,Technology,11.4,3391396716,1447576
2026-08-28,LITE,2029-06-27,45.98301,57.43743,34.5286,2,13192495493,5,Technology,895,69631000000,3439848
2026-08-28,LITE,2028-06-27,33.23458,38.44,24.86587,7,9473917416,12,Technology,895,69631000000,3439848
2026-08-28,LITE,2027-06-27,21.49251,22.98799,19.24929,12,6220857595,15,Technology,895,69631000000,3439848
2026-08-28,LITE,2026-06-27,8.22514,8.54651,7.63261,13,3000576673,16,Technology,895,69631000000,3439848
2026-08-28,LKQ,2029-12-31,3.55,3.63239,3.4846,1,14274000000,1,Consumer Cyclical,25.53,6459143536,3178245
2026-08-28,LKQ,2028-12-31,3.31,3.38682,3.24902,1,13829500000,2,Consumer Cyclical,25.53,6459143536,3178245
2026-08-28,LKQ,2027-12-31,3.09244,3.2552,2.8483,6,13935436750,7,Consumer Cyclical,25.53,6459143536,3178245
2026-08-28,LKQ,2026-12-31,2.68433,2.76476,2.61395,6,13597388000,7,Consumer Cyclical,25.53,6459143536,3178245
2026-08-28,LLY,2030-12-31,66.16083,72.27624,60.11844,3,132394916667,12,Healthcare,1172.86,1104530349260,2446017
2026-08-28,LLY,2029-12-31,60.29896,65.87255,54.79193,3,122870858397,12,Healthcare,1172.86,1104530349260,2446017
2026-08-28,LLY,2028-12-31,53.48641,59.46486,48.0749,9,113795494928,25,Healthcare,1172.86,1104530349260,2446017
2026-08-28,LLY,2027-12-31,46.61775,51.23176,41.05858,15,101831534006,20,Healthcare,1172.86,1104530349260,2446017
2026-08-28,LMND,2029-12-31,2.7,2.76466,2.60804,3,2616000000,3,Financial Services,52.96,4068429568,751119
2026-08-28,LMND,2028-12-31,0.47381,0.82204,0.08562883,6,2137507158,7,Financial Services,52.96,4068429568,751119
2026-08-28,LMND,2027-12-31,-1.06808,-0.69526,-1.8238,10,1641927247,9,Financial Services,52.96,4068429568,751119
2026-08-28,LMND,2026-12-31,-1.85015,-1.74014,-1.97016,10,1217470826,9,Financial Services,52.96,4068429568,751119
2026-08-28,LMT,2030-12-31,40.6,41.64765,38.8059,7,96175333333,8,Industrials,563.85,130131505350,611694
2026-08-28,LMT,2029-12-31,37.865,38.84207,36.19176,12,92122666667,13,Industrials,563.85,130131505350,611694
2026-08-28,LMT,2028-12-31,35.26285,38.55413,32.04511,17,90591571557,17,Industrials,563.85,130131505350,611694
2026-08-28,LMT,2027-12-31,32.67444,34.73767,31.59323,16,85525477189,15,Industrials,563.85,130131505350,611694
2026-08-28,LNC,2029-12-31,10.65301,10.97485,10.37296,3,22318386113,3,Financial Services,43.29,8287740630,1226906
2026-08-28,LNC,2028-12-31,9.65738,10.38261,8.30612,6,21431106908,7,Financial Services,43.29,8287740630,1226906
2026-08-28,LNC,2027-12-31,8.71418,9.11167,8.20458,8,20536886356,5,Financial Services,43.29,8287740630,1226906
2026-08-28,LNC,2026-12-31,7.91035,8.11189,7.65843,7,19777864324,5,Financial Services,43.29,8287740630,1226906
2026-08-28,LNG,2030-12-31,14.58,16.03232,12.55291,4,25377000000,5,Energy,282.33,59162816160,1300200
2026-08-28,LNG,2029-12-31,16.735,18.40198,14.4083,4,26047000000,3,Energy,282.33,59162816160,1300200
2026-08-28,LNG,2028-12-31,15.78302,19.62003,11.98083,10,24347647575,7,Energy,282.33,59162816160,1300200
2026-08-28,LNG,2027-12-31,17.30789,27.6554,12.81342,9,23450840201,8,Energy,282.33,59162816160,1300200
2026-08-28,LNT,2030-12-31,4.72171,4.97388,4.51471,1,5648100000,3,Utilities,68.03,17570584310,2044512
2026-08-28,LNT,2029-12-31,4.35734,4.59005,4.16631,1,5204700000,4,Utilities,68.03,17570584310,2044512
2026-08-28,LNT,2028-12-31,4.01607,4.10394,3.96415,5,4864500000,6,Utilities,68.03,17570584310,2044512
2026-08-28,LNT,2027-12-31,3.67806,3.74802,3.57811,8,4597766072,5,Utilities,68.03,17570584310,2044512
2026-08-28,LNTH,2030-12-31,8.595,9.57262,8.10554,1,2191350000,4,Healthcare,100.77,6560739883,1143239
2026-08-28,LNTH,2029-12-31,7.82,8.70947,7.37467,1,2034633333,4,Healthcare,100.77,6560739883,1143239
2026-08-28,LNTH,2028-12-31,7.66875,10.01586,5.81672,3,1867204750,9,Healthcare,100.77,6560739883,1143239
2026-08-28,LNTH,2027-12-31,6.34274,7.02411,5.80165,6,1651525330,8,Healthcare,100.77,6560739883,1143239
2026-08-28,LOAR,2028-12-31,1.90078,1.93243,1.87372,1,817217746,5,Industrials,71.69,6711938254,605885
2026-08-28,LOAR,2027-12-31,1.61703,1.64396,1.59401,2,746952306,3,Industrials,71.69,6711938254,605885
2026-08-28,LOAR,2026-12-31,1.37023,1.39305,1.35073,2,672593042,3,Industrials,71.69,6711938254,605885
2026-08-28,LOAR,2025-12-31,0.97752,0.9938,0.96361,3,492303942,3,Industrials,71.69,6711938254,605885
2026-08-28,LOW,2031-01-30,16.67,17.10103,16.3922,9,104098600000,9,Consumer Cyclical,208.05,116655091350,2742791
2026-08-28,LOW,2030-01-30,15.94186,16.35406,15.6762,5,102178983462,17,Consumer Cyclical,208.05,116655091350,2742791
2026-08-28,LOW,2029-01-30,14.26316,15.67106,12.40926,12,98110581022,21,Consumer Cyclical,208.05,116655091350,2742791
2026-08-28,LOW,2028-01-30,13.02821,13.58472,12.49158,22,94558059029,25,Consumer Cyclical,208.05,116655091350,2742791
2026-08-28,LPLA,2029-12-31,41.10418,42.04443,40.07573,2,31797876273,2,Financial Services,370.69,29648846744,554371
2026-08-28,LPLA,2028-12-31,36.13896,41.40129,33.50348,7,26995587188,4,Financial Services,370.69,29648846744,554371
2026-08-28,LPLA,2027-12-31,30.02175,32.70638,27.86804,11,24049154460,5,Financial Services,370.69,29648846744,554371
2026-08-28,LPLA,2026-12-31,23.7436,26.21751,21.89063,11,20912114393,5,Financial Services,370.69,29648846744,554371
2026-08-28,LPTH,2028-06-30,0.51,0.52017,0.49935,1,139500000,1,Technology,11.23,705125041,8735040
2026-08-28,LPTH,2027-06-30,0.024,0.042,0.003,2,104835840,3,Technology,11.23,705125041,8735040
2026-08-28,LPTH,2026-06-30,-0.224,-0.21932,-0.22847,2,71171900,3,Technology,11.23,705125041,8735040
2026-08-28,LPTH,2025-06-30,-0.22501500000000002,-0.22239,-0.22764,2,37262050,3,Technology,11.23,705125041,8735040
2026-08-28,LPX,2028-12-31,4.1375,4.27629,3.99376,1,3015969250,2,Basic Materials,71.26,4978571349,974402
2026-08-28,LPX,2027-12-31,3.12387,4.0443,2.18485,8,2808073014,9,Basic Materials,71.26,4978571349,974402
2026-08-28,LPX,2026-12-31,1.07592,1.58169,0.9012,8,2507598260,9,Basic Materials,71.26,4978571349,974402
2026-08-28,LPX,2025-12-31,2.60248,2.67309,2.53187,6,2728975219,6,Basic Materials,71.26,4978571349,974402
2026-08-28,LQDA,2030-12-31,8.546,10.02592,6.20937,1,1743134000,2,Healthcare,67.69,6019543021,925267
2026-08-28,LQDA,2029-12-31,7.72,9.05688,5.60921,1,1602699600,2,Healthcare,67.69,6019543021,925267
2026-08-28,LQDA,2028-12-31,6.55964,7.38959,4.70974,5,1425720260,5,Healthcare,67.69,6019543021,925267
2026-08-28,LQDA,2027-12-31,5.56721,8.14745,4.08008,5,1225761429,5,Healthcare,67.69,6019543021,925267
2026-08-28,LRCX,2031-06-28,17.3,19.77193,14.16566,4,55747600000,6,Technology,301.9,377547083000,8034911
2026-08-28,LRCX,2030-06-28,14.1,16.1147,11.54542,3,48122500000,11,Technology,301.9,377547083000,8034911
2026-08-28,LRCX,2029-06-28,13.58252,17.01707,11.21782,9,46184650886,14,Technology,301.9,377547083000,8034911
2026-08-28,LRCX,2028-06-28,11.74254,12.82885,10.07686,17,41339812389,20,Technology,301.9,377547083000,8034911
2026-08-28,LSCC,2029-01-03,4.24286,5.54136,1.67068,6,1605006571,7,Technology,114.4,15673715200,1166899
2026-08-28,LSCC,2028-01-03,3.21308,3.47388,2.7645,9,1333495478,9,Technology,114.4,15673715200,1166899
2026-08-28,LSCC,2027-01-03,2.13231,2.2124,2.05222,9,919317386,9,Technology,114.4,15673715200,1166899
2026-08-28,LSCC,2026-01-03,1.05027,1.06027,0.97426,9,520652982,9,Technology,114.4,15673715200,1166899
2026-08-28,LTH,2029-12-31,3.18,3.27423,3.1138,1,4559300000,6,Consumer Cyclical,43.51,9722828748,2752760
2026-08-28,LTH,2028-12-31,2.00341,2.13705,1.94,5,4184381739,8,Consumer Cyclical,43.51,9722828748,2752760
2026-08-28,LTH,2027-12-31,1.82025,1.90904,1.67818,7,3770741574,11,Consumer Cyclical,43.51,9722828748,2752760
2026-08-28,LTH,2026-12-31,1.58549,1.62132,1.55862,7,3369871835,10,Consumer Cyclical,43.51,9722828748,2752760
2026-08-28,LTM,2029-12-31,11.9027,12.62801,11.19135,1,20761526750,4,Industrials,50.53,14512221255,832532
2026-08-28,LTM,2028-12-31,5.764,6.11524,5.41952,1,20060762233,6,Industrials,50.53,14512221255,832532
2026-08-28,LTM,2027-12-31,6.34369,7.18717,5.49142,3,18390037787,8,Industrials,50.53,14512221255,832532
2026-08-28,LTM,2026-12-31,4.59602,4.87608,4.32134,3,17159972059,6,Industrials,50.53,14512221255,832532
2026-08-28,LULU,2030-02-01,12.7926,13.26087,12.0995,2,12902009328,7,Consumer Cyclical,120.81,13718448592,3900557
2026-08-28,LULU,2029-02-01,11.97986,15.25642,10.97924,6,11840107030,14,Consumer Cyclical,120.81,13718448592,3900557
2026-08-28,LULU,2028-02-01,11.17934,12.2274,9.9469,19,11310155057,24,Consumer Cyclical,120.81,13718448592,3900557
2026-08-28,LULU,2027-02-01,10.84341,11.06167,10.24816,18,11025225956,24,Consumer Cyclical,120.81,13718448592,3900557
2026-08-28,LUNR,2030-12-31,0.94171,0.96956,0.90326,1,2048378677,1,Industrials,15.37,2449556355,5780583
2026-08-28,LUNR,2029-12-31,0.55535,0.57177,0.53268,1,1810702128,1,Industrials,15.37,2449556355,5780583
2026-08-28,LUNR,2028-12-31,0.10881,0.11203,0.10437,1,1383458007,1,Industrials,15.37,2449556355,5780583
2026-08-28,LUNR,2027-12-31,-0.205,-0.13045,-0.29197,3,1144866500,3,Industrials,15.37,2449556355,5780583
2026-08-28,LUV,2030-12-31,7.32,7.6146,7.04516,5,40004000000,14,Industrials,39.64,19392205120,3130477
2026-08-28,LUV,2029-12-31,6.85,7.12569,6.59281,5,38207000000,14,Industrials,39.64,19392205120,3130477
2026-08-28,LUV,2028-12-31,5.41198,6.49114,4.46266,8,35632680830,16,Industrials,39.64,19392205120,3130477
2026-08-28,LUV,2027-12-31,4.80962,6.93018,3.97944,15,34256115647,16,Industrials,39.64,19392205120,3130477
2026-08-28,LVS,2028-12-31,3.71801,3.99562,3.34739,4,15104699551,9,Consumer Cyclical,45.04,29172461327,6847697
2026-08-28,LVS,2027-12-31,3.52403,3.71699,3.31076,11,14531523946,13,Consumer Cyclical,45.04,29172461327,6847697
2026-08-28,LVS,2026-12-31,3.11053,3.30179,2.94947,10,13814761867,13,Consumer Cyclical,45.04,29172461327,6847697
2026-08-28,LVS,2025-12-31,2.92247,3.04175,2.85289,10,12687327454,11,Consumer Cyclical,45.04,29172461327,6847697
2026-08-28,LW,2030-05-31,4.1274,4.19437,4.06289,1,7032925949,5,Consumer Defensive,54.98,7558705985,1279992
2026-08-28,LW,2029-05-31,3.71458,4.0727,3.37883,5,6788816667,7,Consumer Defensive,54.98,7558705985,1279992
2026-08-28,LW,2028-05-31,3.39358,3.64418,2.42249,8,6617458752,8,Consumer Defensive,54.98,7558705985,1279992
2026-08-28,LW,2027-05-31,3.04296,3.11257,2.94352,8,6512164500,9,Consumer Defensive,54.98,7558705985,1279992
2026-08-28,LXFR,2029-12-31,1.5,1.50651,1.49349,1,434000000,1,Industrials,17.17,459456168,591435
2026-08-28,LXFR,2028-12-31,1.41,1.41612,1.40388,1,406000000,1,Industrials,17.17,459456168,591435
2026-08-28,LXFR,2027-12-31,1.425,1.43118,1.41882,1,387650000,1,Industrials,17.17,459456168,591435
2026-08-28,LXFR,2026-12-31,1.02,1.02442,1.01558,1,364800000,1,Industrials,17.17,459456168,591435
2026-08-28,LYB,2028-12-31,7.07763,8.73199,4.92006,3,32353791278,12,Basic Materials,63.67,20551720950,2171268
2026-08-28,LYB,2027-12-31,6.57758,8.99596,4.4198,9,31424118464,11,Basic Materials,63.67,20551720950,2171268
2026-08-28,LYB,2026-12-31,9.26002,9.90071,8.50921,8,33202336282,11,Basic Materials,63.67,20551720950,2171268
2026-08-28,LYB,2025-12-31,2.12532,2.43729,1.73535,11,29974310969,10,Basic Materials,63.67,20551720950,2171268
2026-08-28,LYFT,2030-12-31,1.42,1.48619,1.22793,13,10266171429,14,Technology,17.7,6720389100,8941250
2026-08-28,LYFT,2029-12-31,1.33238,1.39449,1.15216,21,9720179303,22,Technology,17.7,6720389100,8941250
2026-08-28,LYFT,2028-12-31,1.15078,1.60695,0.54235,24,9045955005,24,Technology,17.7,6720389100,8941250
2026-08-28,LYFT,2027-12-31,1.02363,1.17565,0.84627,27,8318568879,30,Technology,17.7,6720389100,8941250
2026-08-28,LYV,2030-12-31,3.99,4.15965,3.8697,4,43428412029,14,Communication Services,181.65,42272316450,1279067
2026-08-28,LYV,2029-12-31,4.06669,4.2396,3.94408,4,36767349847,14,Communication Services,181.65,42272316450,1279067
2026-08-28,LYV,2028-12-31,2.88301,4.25656,0.94438,10,33613058251,16,Communication Services,181.65,42272316450,1279067
2026-08-28,LYV,2027-12-31,1.88992,3.00528,0.47506,14,30748632747,19,Communication Services,181.65,42272316450,1279067
2026-08-28,LZB,2030-04-25,3.36,3.42512,3.30807,1,2266400000,1,Consumer Cyclical,32.57,1303164784,719473
2026-08-28,LZB,2029-04-25,3.06,3.1193,3.01271,1,2196600000,1,Consumer Cyclical,32.57,1303164784,719473
2026-08-28,LZB,2028-04-25,2.81333,3.08438,2.56097,3,2162898333,2,Consumer Cyclical,32.57,1303164784,719473
2026-08-28,LZB,2027-04-25,2.51667,2.8429,2.33025,3,2089701000,2,Consumer Cyclical,32.57,1303164784,719473
2026-08-28,M,2029-01-31,2.46126,2.59254,2.33206,1,20225447685,3,Consumer Cyclical,22.01,5789465368,4140551
2026-08-28,M,2028-01-31,2.33027,2.508,2.16241,7,21480487491,7,Consumer Cyclical,22.01,5789465368,4140551
2026-08-28,M,2027-01-31,2.2366,2.36757,2.13585,7,21704556508,7,Consumer Cyclical,22.01,5789465368,4140551
2026-08-28,M,2026-01-31,2.1882,2.27731,2.13869,8,21629041397,5,Consumer Cyclical,22.01,5789465368,4140551
2026-08-28,MA,2030-12-31,35.19,35.89067,34.29265,11,58300100000,12,Financial Services,595.3,522099530800,1881012
2026-08-28,MA,2029-12-31,30.949,31.56523,30.15979,7,53064049267,12,Financial Services,595.3,522099530800,1881012
2026-08-28,MA,2028-12-31,26.89447,28.00011,24.9664,14,47053630671,25,Financial Services,595.3,522099530800,1881012
2026-08-28,MA,2027-12-31,23.09062,23.74603,22.51588,25,41969139434,27,Financial Services,595.3,522099530800,1881012
2026-08-28,MAA,2030-12-31,0,0,0,1,2472972000,5,Real Estate,129.61,15084634187,844913
2026-08-28,MAA,2029-12-31,4.03,4.09668,3.95989,1,2497865333,3,Real Estate,129.61,15084634187,844913
2026-08-28,MAA,2028-12-31,3.49928,3.96836,3.22322,5,2372171737,7,Real Estate,129.61,15084634187,844913
2026-08-28,MAA,2027-12-31,3.10008,3.13249,3.07128,9,2286219764,13,Real Estate,129.61,15084634187,844913
2026-08-28,MAC,2030-12-31,0.42,0.43513,0.40496,1,1248300000,2,Real Estate,23.75,7067035156,1324691
2026-08-28,MAC,2029-12-31,0.43,0.44549,0.4146,1,1213459500,2,Real Estate,23.75,7067035156,1324691
2026-08-28,MAC,2028-12-31,0.28364,0.32306,0.25749,3,1072431567,4,Real Estate,23.75,7067035156,1324691
2026-08-28,MAC,2027-12-31,0.11298,0.1178,0.10747,6,1040733982,4,Real Estate,23.75,7067035156,1324691
2026-08-28,MAIR,2030-12-31,1.67,1.70052,1.64116,1,5118300000,6,Industrials,26.33,13193807416,1918324
2026-08-28,MAIR,2029-12-31,1.67375,1.70434,1.64484,1,4873126578,6,Industrials,26.33,13193807416,1918324
2026-08-28,MAIR,2028-12-31,1.4304,1.45654,1.40569,1,4462406130,8,Industrials,26.33,13193807416,1918324
2026-08-28,MAIR,2027-12-31,1.28081,1.34085,1.24078,5,4170955634,8,Industrials,26.33,13193807416,1918324
2026-08-28,MAN,2028-12-31,6.5507,7.10159,5.72953,3,20653516878,5,Industrials,62.39,2901593067,596341
2026-08-28,MAN,2027-12-31,4.87592,5.4866,4.63737,6,19866077787,7,Industrials,62.39,2901593067,596341
2026-08-28,MAN,2026-12-31,3.62673,3.65679,3.60669,6,19163771082,7,Industrials,62.39,2901593067,596341
2026-08-28,MAN,2025-12-31,2.87102,2.90093,2.83114,8,17878180931,6,Industrials,62.39,2901593067,596341
2026-08-28,MANE,2030-12-31,4.4525,17.60226,0.56136,1,533500000,3,Healthcare,97.93,4091386818,623477
2026-08-28,MANE,2029-12-31,-0.4625,-0.0583107,-1.82842,1,221725000,4,Healthcare,97.93,4091386818,623477
2026-08-28,MANE,2028-12-31,-1.6453,-0.69947,-2.4141,5,113069409,6,Healthcare,97.93,4091386818,623477
2026-08-28,MANE,2027-12-31,-2.62926,-2.47298,-2.78554,4,10389309,6,Healthcare,97.93,4091386818,623477
2026-08-28,MANH,2029-12-31,8.11889,8.20887,8.04703,1,1514234661,2,Technology,223.28,13018340400,568079
2026-08-28,MANH,2028-12-31,7.09153,7.34144,6.84162,2,1376018180,4,Technology,223.28,13018340400,568079
2026-08-28,MANH,2027-12-31,6.12884,6.34371,5.86281,7,1263884992,9,Technology,223.28,13018340400,568079
2026-08-28,MANH,2026-12-31,5.49673,5.54716,5.3757,7,1164443608,9,Technology,223.28,13018340400,568079
2026-08-28,MAR,2030-12-31,20.6,21.83702,19.35604,5,29041000000,6,Consumer Cyclical,351.08,91549828391,1001556
2026-08-28,MAR,2029-12-31,16.42599,17.41236,15.43409,5,30828838571,10,Consumer Cyclical,351.08,91549828391,1001556
2026-08-28,MAR,2028-12-31,14.67488,15.74651,14.0156,8,30763005166,12,Consumer Cyclical,351.08,91549828391,1001556
2026-08-28,MAR,2027-12-31,13.1099,14.36219,12.74791,18,29466861088,16,Consumer Cyclical,351.08,91549828391,1001556
2026-08-28,MARA,2029-12-31,-1.1139,-0.84031,-1.35795,1,1477437600,2,Financial Services,10.67,4068156267,41744319
2026-08-28,MARA,2028-12-31,-1.30959,46.71944,-28.25973,4,754806528,4,Financial Services,10.67,4068156267,41744319
2026-08-28,MARA,2027-12-31,-0.73871,-0.01393792,-1.45651,4,942290558,6,Financial Services,10.67,4068156267,41744319
2026-08-28,MARA,2026-12-31,-4.55579,-3.93313,-5.16807,3,771828606,6,Financial Services,10.67,4068156267,41744319
2026-08-28,MAS,2029-12-31,5.47,5.5878,5.38584,1,8213000000,4,Basic Materials,73.25,14443979248,1314044
2026-08-28,MAS,2028-12-31,5.12493,5.17679,5.04687,3,8144686036,6,Basic Materials,73.25,14443979248,1314044
2026-08-28,MAS,2027-12-31,4.65669,4.75727,4.46559,13,7876479422,14,Basic Materials,73.25,14443979248,1314044
2026-08-28,MAS,2026-12-31,4.52992,4.57001,4.49985,13,7648054805,15,Basic Materials,73.25,14443979248,1314044
2026-08-28,MASS,2029-12-31,-0.2,-0.19615,-0.20463,1,101800000,1,Healthcare,10.73,440221856,557073
2026-08-28,MASS,2028-12-31,-0.235,-0.22,-0.25,2,97538500,2,Healthcare,10.73,440221856,557073
2026-08-28,MASS,2027-12-31,-0.37,-0.333,-0.407,3,82644600,4,Healthcare,10.73,440221856,557073
2026-08-28,MASS,2026-12-31,-0.77,-0.65887,-0.88113,2,69207800,4,Healthcare,10.73,440221856,557073
2026-08-28,MAT,2030-12-31,1.98,2.03288,1.88725,1,6623400000,5,Consumer Cyclical,15.14,4399684000,1917203
2026-08-28,MAT,2029-12-31,1.87,1.91994,1.7824,1,6430500000,3,Consumer Cyclical,15.14,4399684000,1917203
2026-08-28,MAT,2028-12-31,1.79593,2.10121,1.47415,4,6211871617,7,Consumer Cyclical,15.14,4399684000,1917203
2026-08-28,MAT,2027-12-31,1.58412,1.69582,1.39118,9,6000668254,11,Consumer Cyclical,15.14,4399684000,1917203
2026-08-28,MBGL,2027-12-31,1.64,1.65,1.63,5,2049999999,4,Technology,20.24,5967183517,2999455
2026-08-28,MBGL,2026-12-31,1.52,1.59,1.45,5,1890000000,4,Technology,20.24,5967183517,2999455
2026-08-28,MBUU,2029-06-30,4.21,4.41367,3.8429,1,1065840999,1,Consumer Cyclical,27.36,537268320,579423
2026-08-28,MBUU,2028-06-30,3.19437,3.65591,2.73283,3,1184144367,4,Consumer Cyclical,27.36,537268320,579423
2026-08-28,MBUU,2027-06-30,2.46652,2.65464,2.35156,7,1092264100,8,Consumer Cyclical,27.36,537268320,579423
2026-08-28,MBUU,2026-06-30,1.48478,1.54622,1.43358,7,882927300,8,Consumer Cyclical,27.36,537268320,579423
2026-08-28,MCD,2030-12-31,16.53,16.97341,16.02088,4,32141000000,8,Consumer Cyclical,265,188284090000,3882072
2026-08-28,MCD,2029-12-31,15.94468,16.37239,15.45359,4,32081825591,13,Consumer Cyclical,265,188284090000,3882072
2026-08-28,MCD,2028-12-31,14.96436,15.50657,14.21935,11,30921106948,17,Consumer Cyclical,265,188284090000,3882072
2026-08-28,MCD,2027-12-31,13.96546,14.28697,13.70424,21,29659297957,24,Consumer Cyclical,265,188284090000,3882072
2026-08-28,MCHP,2029-03-31,5.2303,6.78187,4.12204,5,8228823288,9,Technology,72.93,39601573440,11080523
2026-08-28,MCHP,2028-03-31,4.57368,5.02389,4.17463,16,7447977599,18,Technology,72.93,39601573440,11080523
2026-08-28,MCHP,2027-03-31,3.641,3.79145,3.48052,16,6397435147,18,Technology,72.93,39601573440,11080523
2026-08-28,MCHP,2026-03-31,1.56786,1.6274,1.54801,16,4665615532,19,Technology,72.93,39601573440,11080523
2026-08-28,MCK,2031-03-31,80.34,83.28587,75.391,1,560340000000,5,Healthcare,893.39,104596314420,603082
2026-08-28,MCK,2030-03-31,67.67,70.15129,63.50148,1,515480250000,6,Healthcare,893.39,104596314420,603082
2026-08-28,MCK,2029-03-31,57.62407,59.45433,55.53381,3,496027137763,12,Healthcare,893.39,104596314420,603082
2026-08-28,MCK,2028-03-31,50.49285,51.26327,47.41117,9,461999741807,12,Healthcare,893.39,104596314420,603082
2026-08-28,MD,2029-12-31,2.17,2.21149,2.13863,1,2234900000,1,Healthcare,26.61,2185263759,706848
2026-08-28,MD,2028-12-31,2.42903,2.67451,2.18824,3,2100264607,3,Healthcare,26.61,2185263759,706848
2026-08-28,MD,2027-12-31,2.43966,2.59278,2.32737,4,2009088048,5,Healthcare,26.61,2185263759,706848
2026-08-28,MD,2026-12-31,2.34776,2.42872,2.28704,5,1961302923,6,Healthcare,26.61,2185263759,706848
2026-08-28,MDA,2030-12-31,1.5162,1.56779,1.44689,1,2104774399,6,Industrials,28.88,4676224590,948445
2026-08-28,MDA,2029-12-31,1.32848,1.37368,1.26775,1,1883483277,6,Industrials,28.88,4676224590,948445
2026-08-28,MDA,2028-12-31,1.49713,1.61611,1.37815,2,2186427044,8,Industrials,28.88,4676224590,948445
2026-08-28,MDA,2027-12-31,1.3112,1.63661,1.16764,4,1981446239,9,Industrials,28.88,4676224590,948445
2026-08-28,MDB,2031-01-31,12.77,13.72746,12.33131,2,5684300000,7,Technology,446.62,35922507237,1447954
2026-08-28,MDB,2030-01-31,15.405,16.56003,14.87579,1,4848900000,8,Technology,446.62,35922507237,1447954
2026-08-28,MDB,2029-01-31,9.12545,17.90036,3.22159,5,4188719992,16,Technology,446.62,35922507237,1447954
2026-08-28,MDB,2028-01-31,7.33282,8.13074,7.05001,21,3496474399,28,Technology,446.62,35922507237,1447954
2026-08-28,MDLN,2030-12-31,2.29,2.32171,2.26914,3,41935666667,15,Healthcare,35.28,29832986277,5713037
2026-08-28,MDLN,2029-12-31,2.03073,2.05885,2.01223,3,39057921101,9,Healthcare,35.28,29832986277,5713037
2026-08-28,MDLN,2028-12-31,1.7961,2.02194,1.26371,9,36292492759,19,Healthcare,35.28,29832986277,5713037
2026-08-28,MDLN,2027-12-31,1.57389,1.6735,1.48424,15,33669629008,19,Healthcare,35.28,29832986277,5713037
2026-08-28,MDLZ,2030-12-31,4.22042,4.3632,4.08977,2,44750621639,7,Consumer Defensive,62.36,79590691600,9164737
2026-08-28,MDLZ,2029-12-31,3.84659,3.97672,3.72751,3,43531074788,10,Consumer Defensive,62.36,79590691600,9164737
2026-08-28,MDLZ,2028-12-31,3.61349,3.87735,3.46973,6,42759584707,15,Consumer Defensive,62.36,79590691600,9164737
2026-08-28,MDLZ,2027-12-31,3.36193,3.39177,3.30225,12,41372430223,17,Consumer Defensive,62.36,79590691600,9164737
2026-08-28,MDT,2031-04-24,8.225,8.46873,7.67969,3,46572900000,6,Healthcare,91.23,116778961500,6464713
2026-08-28,MDT,2030-04-24,7.635,7.86124,7.1288,2,44849600000,7,Healthcare,91.23,116778961500,6464713
2026-08-28,MDT,2029-04-24,6.94408,7.4279,6.21336,7,42147060478,14,Healthcare,91.23,116778961500,6464713
2026-08-28,MDT,2028-04-24,6.39481,6.57523,6.25449,17,40234425273,22,Healthcare,91.23,116778961500,6464713
2026-08-28,MDU,2030-12-31,1.36333,1.40198,1.30582,1,2559900000,3,Utilities,19.79,4136228740,1181182
2026-08-28,MDU,2029-12-31,1.24,1.27515,1.18769,1,2430700000,4,Utilities,19.79,4136228740,1181182
2026-08-28,MDU,2028-12-31,1.15574,1.21583,1.12493,4,2221639241,6,Utilities,19.79,4136228740,1181182
2026-08-28,MDU,2027-12-31,1.05597,1.06593,1.03605,5,2122192947,5,Utilities,19.79,4136228740,1181182
2026-08-28,MEI,2028-05-02,0.15333,0.15578,0.14932,2,1112335500,2,Technology,18.21,645941478,1046769
2026-08-28,MEI,2027-05-02,-0.58333,-0.56806,-0.59265,2,1048322750,2,Technology,18.21,645941478,1046769
2026-08-28,MEI,2026-05-02,-1.21,-1.17833,-1.22933,1,959562667,2,Technology,18.21,645941478,1046769
2026-08-28,MEI,2025-05-03,-0.76333,-0.74335,-0.77552,1,1023853000,2,Technology,18.21,645941478,1046769
2026-08-28,MET,2029-12-31,13.5,13.91149,12.87443,2,92830000000,6,Financial Services,96.51,62098083541,2878195
2026-08-28,MET,2028-12-31,12.41297,13.66062,10.88084,7,87961014529,8,Financial Services,96.51,62098083541,2878195
2026-08-28,MET,2027-12-31,11.11175,12.08025,7.5814,12,84257635051,7,Financial Services,96.51,62098083541,2878195
2026-08-28,MET,2026-12-31,9.98276,10.62979,7.38437,12,79952028948,7,Financial Services,96.51,62098083541,2878195
2026-08-28,META,2030-12-31,51.69833,58.11039,48.45498,16,457177166667,30,Communication Services,578.02,1472498187191,15573685
2026-08-28,META,2029-12-31,47.98405,53.93543,44.97372,29,423415014560,30,Communication Services,578.02,1472498187191,15573685
2026-08-28,META,2028-12-31,39.08665,52.87615,29.3681,34,359500861324,40,Communication Services,578.02,1472498187191,15573685
2026-08-28,META,2027-12-31,33.87479,37.59935,30.75953,40,305161430134,43,Communication Services,578.02,1472498187191,15573685
2026-08-28,METC,2028-12-31,0.60667,1.89746,-0.30979,5,875151743,6,Energy,13.3,715605170,2264150
2026-08-28,METC,2027-12-31,-0.0508,0.1016,-0.15966,4,697807463,6,Energy,13.3,715605170,2264150
2026-08-28,METC,2026-12-31,-0.95197,-0.9053,-1.00797,4,576129729,5,Energy,13.3,715605170,2264150
2026-08-28,METC,2025-12-31,-0.99006,-0.88126,-1.08798,4,555425188,5,Energy,13.3,715605170,2264150
2026-08-28,MFC,2028-12-31,5.65984,5.90895,4.88975,6,46901189338,2,Financial Services,42.76,71361736400,1563226
2026-08-28,MFC,2027-12-31,5.15712,5.52097,4.76164,8,44330543508,1,Financial Services,42.76,71361736400,1563226
2026-08-28,MFC,2026-12-31,4.6042,4.83213,4.34588,8,41621513160,1,Financial Services,42.76,71361736400,1563226
2026-08-28,MFC,2025-12-31,4.14785,4.16187,4.13384,7,34745574512,1,Financial Services,42.76,71361736400,1563226
2026-08-28,MFG,2031-03-31,204.43133,211.50133,199.02592,1,9595644371040,1,Financial Services,10.64,129618532924,2373352
2026-08-28,MFG,2030-03-31,187.3489,193.82813,182.39517,1,2580639337265,2,Financial Services,10.64,129618532924,2373352
2026-08-28,MFG,2029-03-31,149.00082,154.15383,145.06106,1,4902971275838,1,Financial Services,10.64,129618532924,2373352
2026-08-28,MFG,2028-03-31,135.43579,144.99596,119.50217,2,4563101930354,3,Financial Services,10.64,129618532924,2373352
2026-08-28,MFP,2028-12-31,2.79,2.81358,2.76717,1,1069700000,1,Industrials,46.77,2114686281,522904
2026-08-28,MFP,2027-12-31,2.5825,2.65395,2.50084,2,1004750000,3,Industrials,46.77,2114686281,522904
2026-08-28,MFP,2026-12-31,2.155,2.26842,2.03127,2,951550000,3,Industrials,46.77,2114686281,522904
2026-08-28,MFP,2025-12-31,1.8749,1.89075,1.85956,1,909703000,1,Industrials,46.77,2114686281,522904
2026-08-28,MGA,2030-12-31,9.42219,9.59422,9.25832,5,48745323305,5,Consumer Cyclical,65.86,17928738500,892590
2026-08-28,MGA,2029-12-31,8.86496,9.02682,8.71078,9,46623305238,5,Consumer Cyclical,65.86,17928738500,892590
2026-08-28,MGA,2028-12-31,8.50847,8.66382,8.36049,6,43679416280,4,Consumer Cyclical,65.86,17928738500,892590
2026-08-28,MGA,2027-12-31,7.91289,8.16489,7.63065,12,42924803918,10,Consumer Cyclical,65.86,17928738500,892590
2026-08-28,MGM,2028-12-31,2.32259,3.01747,2.06304,4,18247377727,13,Consumer Cyclical,42.28,10637639333,1667668
2026-08-28,MGM,2027-12-31,2.00142,2.71364,1.06382,10,17911545833,16,Consumer Cyclical,42.28,10637639333,1667668
2026-08-28,MGM,2026-12-31,1.84216,2.23691,1.5132,10,17684627454,17,Consumer Cyclical,42.28,10637639333,1667668
2026-08-28,MGM,2025-12-31,2.54191,2.91416,2.25475,8,17422708325,13,Consumer Cyclical,42.28,10637639333,1667668
2026-08-28,MGNI,2030-12-31,1.56,1.598,1.49743,1,1131700000,2,Communication Services,23.7,3394195571,1658716
2026-08-28,MGNI,2029-12-31,1.34,1.37264,1.28625,1,1031099999,1,Communication Services,23.7,3394195571,1658716
2026-08-28,MGNI,2028-12-31,1.49333,1.90007,0.74957,3,956300400,3,Communication Services,23.7,3394195571,1658716
2026-08-28,MGNI,2027-12-31,1.345,1.94525,1.02264,8,841514923,7,Communication Services,23.7,3394195571,1658716
2026-08-28,MGTX,2030-12-31,1.11667,1.48178,0.85503,1,589838000,2,Healthcare,13.82,1279863290,914207
2026-08-28,MGTX,2029-12-31,-0.42667,-0.3267,-0.56618,1,284558333,1,Healthcare,13.82,1279863290,914207
2026-08-28,MGTX,2028-12-31,-1.46333,-1.34139,-1.66032,3,106843667,3,Healthcare,13.82,1279863290,914207
2026-08-28,MGTX,2027-12-31,-1.71333,-1.23598,-2.09691,4,67559660,4,Healthcare,13.82,1279863290,914207
2026-08-28,MGY,2030-12-31,3.46,3.71735,3.27151,1,2846000000,2,Energy,26.25,6220425540,3049401
2026-08-28,MGY,2029-12-31,3.2125,3.45144,3.03749,1,2760500000,2,Energy,26.25,6220425540,3049401
2026-08-28,MGY,2028-12-31,3.14785,3.66396,2.6541,4,2508226453,5,Energy,26.25,6220425540,3049401
2026-08-28,MGY,2027-12-31,3.0493,3.58918,2.65939,9,2500264479,8,Energy,26.25,6220425540,3049401
2026-08-28,MHK,2029-12-31,15.73,16.11058,15.29335,1,12062791000,4,Consumer Cyclical,129.89,7917198159,696402
2026-08-28,MHK,2028-12-31,11.38069,11.95897,10.80346,3,11883983437,6,Consumer Cyclical,129.89,7917198159,696402
2026-08-28,MHK,2027-12-31,10.03074,10.41498,9.63639,10,11419102936,11,Consumer Cyclical,129.89,7917198159,696402
2026-08-28,MHK,2026-12-31,9.84596,9.97525,9.74651,9,11157484510,11,Consumer Cyclical,129.89,7917198159,696402
2026-08-28,MIAX,2030-12-31,1.95,2.06786,1.8162,1,656000000,2,Financial Services,43,4161911520,921078
2026-08-28,MIAX,2029-12-31,1.85,1.96181,1.72306,1,626000000,2,Financial Services,43,4161911520,921078
2026-08-28,MIAX,2028-12-31,2.0375,2.10504,1.96996,2,631026157,4,Financial Services,43,4161911520,921078
2026-08-28,MIAX,2027-12-31,1.91,1.96162,1.78611,5,598036719,6,Financial Services,43,4161911520,921078
2026-08-28,MIR,2028-12-31,0.78074,0.79557,0.77271,1,1314537938,4,Industrials,14.4,3503204525,2495033
2026-08-28,MIR,2027-12-31,0.66353,0.72478,0.63291,4,1226818299,6,Industrials,14.4,3503204525,2495033
2026-08-28,MIR,2026-12-31,0.54131,0.55133,0.52126,5,1137410050,7,Industrials,14.4,3503204525,2495033
2026-08-28,MIR,2025-12-31,0.48715,0.49709,0.47721,5,928432948,5,Industrials,14.4,3503204525,2495033
2026-08-28,MITK,2028-09-30,1.42055,1.43266,1.41055,1,236598550,1,Technology,18.85,851244341,898911
2026-08-28,MITK,2027-09-30,1.18,1.28977,1.10682,4,214252200,4,Technology,18.85,851244341,898911
2026-08-28,MITK,2026-09-30,1.156,1.18616,1.11579,4,197826600,4,Technology,18.85,851244341,898911
2026-08-28,MITK,2025-09-30,0.912,0.93161,0.88258,3,175782240,3,Technology,18.85,851244341,898911
2026-08-28,MKC,2030-11-30,4.63212,4.72036,4.55613,2,8840009634,4,Consumer Defensive,55.33,14875556538,2002520
2026-08-28,MKC,2029-11-30,4.29861,4.3805,4.22809,4,8918000000,8,Consumer Defensive,55.33,14875556538,2002520
2026-08-28,MKC,2028-11-30,3.63762,3.74042,3.4765,6,8493202219,9,Consumer Defensive,55.33,14875556538,2002520
2026-08-28,MKC,2027-11-30,3.29469,3.32473,3.2346,7,8181636474,9,Consumer Defensive,55.33,14875556538,2002520
2026-08-28,MKSI,2028-12-31,19.92375,21.08131,18.41348,1,6706308265,5,Technology,255.76,17275079016,1398793
2026-08-28,MKSI,2027-12-31,17.50369,19.38855,15.28262,8,6112751912,9,Technology,255.76,17275079016,1398793
2026-08-28,MKSI,2026-12-31,13.13394,13.64065,12.01918,9,5081193236,10,Technology,255.76,17275079016,1398793
2026-08-28,MKSI,2025-12-31,7.86614,7.97539,7.80655,8,3919537583,6,Technology,255.76,17275079016,1398793
2026-08-28,MKTX,2030-12-31,12.9,13.29962,12.56035,1,1170500000,6,Financial Services,162.72,5726588688,830101
2026-08-28,MKTX,2029-12-31,9.98437,10.29367,9.72149,1,1074511493,6,Financial Services,162.72,5726588688,830101
2026-08-28,MKTX,2028-12-31,9.59046,10.11805,8.47714,5,1025862265,8,Financial Services,162.72,5726588688,830101
2026-08-28,MKTX,2027-12-31,8.66077,8.98703,7.98847,9,955988643,10,Financial Services,162.72,5726588688,830101
2026-08-28,MLI,2029-12-27,3.88,3.88,3.88,1,5110000000,1,Industrials,62.8,13890166800,1212768
2026-08-28,MLI,2028-12-27,4.92,4.92,4.92,1,5943000000,1,Industrials,62.8,13890166800,1212768
2026-08-28,MLI,2027-12-27,4.415,4.415,4.415,1,5463000000,1,Industrials,62.8,13890166800,1212768
2026-08-28,MLI,2026-12-27,4.165,4.165,4.165,1,5073000000,1,Industrials,62.8,13890166800,1212768
2026-08-28,MLKN,2028-05-30,2.35333,2.41216,2.3043,3,4179200000,3,Consumer Cyclical,23.13,1575690518,628267
2026-08-28,MLKN,2027-05-30,2.02,2.05,2,3,3991800000,3,Consumer Cyclical,23.13,1575690518,628267
2026-08-28,MLKN,2026-05-30,1.82,1.82995,1.80011,3,3811368350,3,Consumer Cyclical,23.13,1575690518,628267
2026-08-28,MLKN,2025-05-31,1.79,1.82178,1.75419,2,3621900000,2,Consumer Cyclical,23.13,1575690518,628267
2026-08-28,MLM,2030-12-31,28.4,29.63279,27.63151,1,6544019956,4,Basic Materials,531.05,31897943090,559071
2026-08-28,MLM,2029-12-31,25.9,27.02427,25.19916,1,6544015965,4,Basic Materials,531.05,31897943090,559071
2026-08-28,MLM,2028-12-31,25.43673,26.95705,23.70605,5,8451642489,9,Basic Materials,531.05,31897943090,559071
2026-08-28,MLM,2027-12-31,21.62844,25.86338,20.28738,12,7758139834,13,Basic Materials,531.05,31897943090,559071
2026-08-28,MLTX,2030-12-31,2.39333,3.94074,0.10237,4,852336200,4,Healthcare,14.99,1260889846,699849
2026-08-28,MLTX,2029-12-31,-0.44167,-0.01889186,-0.72723,2,455287600,4,Healthcare,14.99,1260889846,699849
2026-08-28,MLTX,2028-12-31,-2.66662,-0.88748,-4.10616,7,123869222,9,Healthcare,14.99,1260889846,699849
2026-08-28,MLTX,2027-12-31,-3.42422,-2.68113,-4.21751,8,19168583,9,Healthcare,14.99,1260889846,699849
2026-08-28,MLYS,2030-12-31,4.454,6.33693,1.96062,2,1102869600,5,Healthcare,25.6,2256857088,812833
2026-08-28,MLYS,2029-12-31,1.9,2.70323,0.83637,3,659538400,3,Healthcare,25.6,2256857088,812833
2026-08-28,MLYS,2028-12-31,-1.21,-0.43319,-1.90926,6,248511000,7,Healthcare,25.6,2256857088,812833
2026-08-28,MLYS,2027-12-31,-2.42826,-1.51766,-3.50327,6,88688396,6,Healthcare,25.6,2256857088,812833
2026-08-28,MMED,2031-04-24,3.19,3.25623,3.14727,3,5058100000,2,Healthcare,20.1,5644940883,1329265
2026-08-28,MMED,2030-04-24,2.4459,2.49668,2.41314,2,4560136377,3,Healthcare,20.1,5644940883,1329265
2026-08-28,MMED,2029-04-24,1.76777,1.89374,1.53308,4,4067138650,7,Healthcare,20.1,5644940883,1329265
2026-08-28,MMED,2028-04-24,0.68886,0.79484,0.41332,5,3699351046,10,Healthcare,20.1,5644940883,1329265
2026-08-28,MMM,2030-12-31,11.895,12.0832,11.71965,1,28541500000,6,Industrials,174.34,89911046180,2335571
2026-08-28,MMM,2029-12-31,11.32333,11.50249,11.15641,1,28341333333,6,Industrials,174.34,89911046180,2335571
2026-08-28,MMM,2028-12-31,10.59403,12.05243,9.46583,4,27460984450,8,Industrials,174.34,89911046180,2335571
2026-08-28,MMM,2027-12-31,9.83712,10.1087,9.5756,10,26510650455,11,Industrials,174.34,89911046180,2335571
2026-08-28,MNDY,2030-12-31,13.3,13.63121,13.00389,1,2403700000,5,Technology,100.71,4257426524,814709
2026-08-28,MNDY,2029-12-31,9.7,9.94156,9.48404,1,2259650000,5,Technology,100.71,4257426524,814709
2026-08-28,MNDY,2028-12-31,7.9572,8.12308,7.79129,2,1946118532,11,Technology,100.71,4257426524,814709
2026-08-28,MNDY,2027-12-31,6.68329,8.59724,4.58312,14,1694372477,18,Technology,100.71,4257426524,814709
2026-08-28,MNRO,2029-03-28,0.7933,0.80076,0.78678,1,1218435500,1,Consumer Cyclical,12.96,405182218,969954
2026-08-28,MNRO,2028-03-28,0.408,0.41184,0.40465,2,1187710000,3,Consumer Cyclical,12.96,405182218,969954
2026-08-28,MNRO,2027-03-28,0.12,0.12113,0.11901,2,1153372400,3,Consumer Cyclical,12.96,405182218,969954
2026-08-28,MNRO,2026-03-28,0.54643,0.55157,0.54194,3,1166816084,3,Consumer Cyclical,12.96,405182218,969954
2026-08-28,MNSO,2028-12-31,12.51502,13.56123,11.31487,5,33208439596,16,Consumer Cyclical,10.33,3152023580,2133390
2026-08-28,MNSO,2027-12-31,10.81838,10.95445,10.6823,7,29463946102,14,Consumer Cyclical,10.33,3152023580,2133390
2026-08-28,MNSO,2026-12-31,10.1901,12.41102,7.96919,7,25713784823,13,Consumer Cyclical,10.33,3152023580,2133390
2026-08-28,MNSO,2025-12-31,8.02906,8.08853,7.91011,7,21319573968,9,Consumer Cyclical,10.33,3152023580,2133390
2026-08-28,MNST,2030-12-31,1.7675,1.85702,1.64045,5,13528550000,14,Consumer Defensive,46.86,91658920069,5279487
2026-08-28,MNST,2029-12-31,1.66579,1.75016,1.54605,5,12893966157,14,Consumer Defensive,46.86,91658920069,5279487
2026-08-28,MNST,2028-12-31,1.46846,1.52154,1.41152,8,11698155993,16,Consumer Defensive,46.86,91658920069,5279487
2026-08-28,MNST,2027-12-31,1.30901,1.58951,0.65451,12,10684268663,18,Consumer Defensive,46.86,91658920069,5279487
2026-08-28,MNTN,2030-12-31,1.99,2.04597,1.91691,1,610500000,3,Technology,13.23,978015724,845960
2026-08-28,MNTN,2029-12-31,1.74,1.78893,1.6761,1,545600000,4,Technology,13.23,978015724,845960
2026-08-28,MNTN,2028-12-31,1.45376,1.55835,1.33871,5,489514278,6,Technology,13.23,978015724,845960
2026-08-28,MNTN,2027-12-31,1.15223,1.23937,1.06509,4,417312085,7,Technology,13.23,978015724,845960
2026-08-28,MO,2030-12-31,6.67384,6.79596,6.59385,1,22489054046,4,Consumer Defensive,68.65,114627922923,5842231
2026-08-28,MO,2029-12-31,6.29596,6.41116,6.2205,1,21439624711,4,Consumer Defensive,68.65,114627922923,5842231
2026-08-28,MO,2028-12-31,6.0971,6.41762,5.71426,4,20957359529,9,Consumer Defensive,68.65,114627922923,5842231
2026-08-28,MO,2027-12-31,5.87886,5.99966,5.70773,8,20754572424,9,Consumer Defensive,68.65,114627922923,5842231
2026-08-28,MOD,2029-03-31,15.50775,16.81746,13.50711,1,6569285731,2,Industrials,177.63,9434408901,1453148
2026-08-28,MOD,2028-03-31,11.18208,12.10699,9.5401,5,5050269235,6,Industrials,177.63,9434408901,1453148
2026-08-28,MOD,2027-03-31,7.6441,8.25363,6.98461,6,4060348344,7,Industrials,177.63,9434408901,1453148
2026-08-28,MOD,2026-03-31,5.17967,5.26564,4.86803,6,3148295194,7,Industrials,177.63,9434408901,1453148
2026-08-28,MOH,2030-12-31,24.555,25.51394,22.84155,1,56903500000,6,Healthcare,200,10440000000,967153
2026-08-28,MOH,2029-12-31,21.40528,22.24121,19.91162,1,56240748500,10,Healthcare,200,10440000000,967153
2026-08-28,MOH,2028-12-31,13.54884,15.21561,11.08318,4,51139984167,12,Healthcare,200,10440000000,967153
2026-08-28,MOH,2027-12-31,9.71824,10.84185,8.8706,6,48202637254,11,Healthcare,200,10440000000,967153
2026-08-28,MOS,2030-12-31,2.82,3.41108,2.428,1,11900000000,12,Basic Materials,23.6,7501180798,5384647
2026-08-28,MOS,2029-12-31,2.86681,3.46771,2.4683,1,13641547907,8,Basic Materials,23.6,7501180798,5384647
2026-08-28,MOS,2028-12-31,1.9657,3.57527,0.99116,5,12707037384,14,Basic Materials,23.6,7501180798,5384647
2026-08-28,MOS,2027-12-31,1.54745,2.50068,0.68088,10,12698038125,14,Basic Materials,23.6,7501180798,5384647
2026-08-28,MP,2030-12-31,2.57949,3.36346,2.12177,5,1812492740,5,Basic Materials,56.13,9992374860,4876488
2026-08-28,MP,2029-12-31,1.6283,2.12318,1.33937,5,1223952900,5,Basic Materials,56.13,9992374860,4876488
2026-08-28,MP,2028-12-31,1.33909,2.34218,0.70753,8,985004972,11,Basic Materials,56.13,9992374860,4876488
2026-08-28,MP,2027-12-31,0.82129,1.20937,0.27075,10,791138292,9,Basic Materials,56.13,9992374860,4876488
2026-08-28,MPC,2030-12-31,40.1,52.79417,27.43877,1,170700569493,5,Energy,368.83,107675123710,1917722
2026-08-28,MPC,2029-12-31,23.58,31.04455,16.13482,1,162316065151,3,Energy,368.83,107675123710,1917722
2026-08-28,MPC,2028-12-31,21.2398,27.06337,13.88678,5,153321857451,7,Energy,368.83,107675123710,1917722
2026-08-28,MPC,2027-12-31,34.60587,43.39325,26.65868,11,155454533613,8,Energy,368.83,107675123710,1917722
2026-08-28,MPLX,2030-12-31,5.63,5.91967,5.38918,3,15435430899,3,Energy,59.25,60122752500,672520
2026-08-28,MPLX,2029-12-31,5.27,5.54115,5.04458,3,14632429940,4,Energy,59.25,60122752500,672520
2026-08-28,MPLX,2028-12-31,5.10387,6.00887,4.52959,9,14662104075,6,Energy,59.25,60122752500,672520
2026-08-28,MPLX,2027-12-31,4.79344,5.04895,4.33352,8,13911881005,6,Energy,59.25,60122752500,672520
2026-08-28,MPWR,2030-12-31,54.93,68.05626,47.23545,1,8032500000,4,Technology,1256.26,61720053800,703215
2026-08-28,MPWR,2029-12-31,47,58.23128,40.41628,1,6900000000,4,Technology,1256.26,61720053800,703215
2026-08-28,MPWR,2028-12-31,43.08571,51.48424,36.3219,5,6420371429,9,Technology,1256.26,61720053800,703215
2026-08-28,MPWR,2027-12-31,35.91578,38.88377,33.4235,9,5338899571,12,Technology,1256.26,61720053800,703215
2026-08-28,MQ,2030-12-31,1,1.02619,0.97152,5,1319600000,5,Technology,16.47,1610856585,846571
2026-08-28,MQ,2029-12-31,0.56,0.57466,0.54405,5,1099600000,5,Technology,16.47,1610856585,846571
2026-08-28,MQ,2028-12-31,0.76999,1.1496,0.36722,8,921121281,10,Technology,16.47,1610856585,846571
2026-08-28,MQ,2027-12-31,0.50427,0.64699,0.34252,6,805947575,10,Technology,16.47,1610856585,846571
2026-08-28,MRAM,2028-12-31,0.34,0.34251,0.33563,1,87074250,1,Technology,16.55,388057399,853207
2026-08-28,MRAM,2027-12-31,0.13,0.14524,0.12104,2,86200000,3,Technology,16.55,388057399,853207
2026-08-28,MRAM,2026-12-31,-0.11,-0.10766,-0.11234,2,74533333,3,Technology,16.55,388057399,853207
2026-08-28,MRAM,2025-12-31,-0.025,-0.02467879,-0.0251843,2,54849500,2,Technology,16.55,388057399,853207
2026-08-28,MRCY,2030-07-03,3.25,3.41747,3.10655,1,1465300000,1,Industrials,88.54,5316232277,641254
2026-08-28,MRCY,2029-07-03,2.555,2.68666,2.44223,1,1312936000,1,Industrials,88.54,5316232277,641254
2026-08-28,MRCY,2028-07-03,2.22317,2.73265,1.90822,6,1197055340,7,Industrials,88.54,5316232277,641254
2026-08-28,MRCY,2027-07-03,1.66332,2.1803,1.3374,6,1080112431,7,Industrials,88.54,5316232277,641254
2026-08-28,MRK,2030-12-31,10.02803,10.37013,9.75703,5,75223943582,9,Healthcare,148.26,366175513200,7694759
2026-08-28,MRK,2029-12-31,10.17584,10.52299,9.90084,5,74347540105,10,Healthcare,148.26,366175513200,7694759
2026-08-28,MRK,2028-12-31,10.52639,12.63529,8.70834,8,74325924981,18,Healthcare,148.26,366175513200,7694759
2026-08-28,MRK,2027-12-31,9.54228,9.92753,9.09776,14,70188604583,17,Healthcare,148.26,366175513200,7694759
2026-08-28,MRNA,2030-12-31,3.90402,5.89939,2.98017,11,7625871429,14,Healthcare,137.99,54752500140,25736829
2026-08-28,MRNA,2029-12-31,0.68113,1.02926,0.51995,7,5559064691,14,Healthcare,137.99,54752500140,25736829
2026-08-28,MRNA,2028-12-31,-2.81593,0.54499,-4.76091,14,3253618407,16,Healthcare,137.99,54752500140,25736829
2026-08-28,MRNA,2027-12-31,-4.90403,-2.93597,-7.64642,15,2381126368,16,Healthcare,137.99,54752500140,25736829
2026-08-28,MRP,2029-12-31,2.94,2.98277,2.90062,1,1218591000,1,Real Estate,30.61,4720922631,708905
2026-08-28,MRP,2028-12-31,3.02,3.06394,2.97955,1,878364333,2,Real Estate,30.61,4720922631,708905
2026-08-28,MRP,2027-12-31,3.25667,3.27,3.24,3,870592917,5,Real Estate,30.61,4720922631,708905
2026-08-28,MRP,2026-12-31,3.10667,3.14,3.08,3,814549945,5,Real Estate,30.61,4720922631,708905
2026-08-28,MRSH,2028-12-31,12.49216,13.10132,11.75414,4,31567348983,11,Financial Services,192.64,91929978668,1446780
2026-08-28,MRSH,2027-12-31,11.40608,11.65687,10.93459,14,30001046777,13,Financial Services,192.64,91929978668,1446780
2026-08-28,MRSH,2026-12-31,10.4498,10.54999,10.31955,14,28584804857,13,Financial Services,192.64,91929978668,1446780
2026-08-28,MRSH,2025-12-31,9.60062,9.71051,9.54068,16,26941979316,12,Financial Services,192.64,91929978668,1446780
2026-08-28,MRVL,2031-01-31,18.21,21.00725,16.7777,9,49101000000,12,Technology,216.62,189708430920,48739012
2026-08-28,MRVL,2030-01-31,12.9632,14.95449,11.94359,5,32493624792,18,Technology,216.62,189708430920,48739012
2026-08-28,MRVL,2029-01-31,9.53253,12.90151,5.32568,13,24175671375,27,Technology,216.62,189708430920,48739012
2026-08-28,MRVL,2028-01-31,6.33148,6.97692,5.91143,25,16912614914,30,Technology,216.62,189708430920,48739012
2026-08-28,MRX,2029-12-31,10.45,11.08465,9.0945,1,16771011413,2,Financial Services,72.84,5239444571,598731
2026-08-28,MRX,2028-12-31,7.70468,8.1726,6.70528,2,3205426251,1,Financial Services,72.84,5239444571,598731
2026-08-28,MRX,2027-12-31,6.75484,7.14862,6.10864,5,2990849140,4,Financial Services,72.84,5239444571,598731
2026-08-28,MRX,2026-12-31,6.03146,6.42392,5.60802,4,2717011564,3,Financial Services,72.84,5239444571,598731
2026-08-28,MS,2029-12-31,16.339,17.23534,15.47972,4,99106494086,4,Financial Services,214.767,338747693760,3541586
2026-08-28,MS,2028-12-31,14.76738,16.3822,11.69001,10,91144146047,9,Financial Services,214.767,338747693760,3541586
2026-08-28,MS,2027-12-31,13.65939,14.74712,12.06963,16,86343792434,12,Financial Services,214.767,338747693760,3541586
2026-08-28,MS,2026-12-31,12.89607,13.25906,12.61375,16,81858702645,12,Financial Services,214.767,338747693760,3541586
2026-08-28,MSFT,2031-06-30,44.85,48.31067,41.10417,7,869907500000,11,Technology,513.53,3813242691500,28953449
2026-08-28,MSFT,2030-06-30,35.14968,37.86186,32.21401,12,655796850000,13,Technology,513.53,3813242691500,28953449
2026-08-28,MSFT,2029-06-30,28.59935,32.2921,26.55371,14,561586951203,24,Technology,513.53,3813242691500,28953449
2026-08-28,MSFT,2028-06-30,23.4785,24.63318,22.08073,29,466662143258,38,Technology,513.53,3813242691500,28953449
2026-08-28,MSI,2028-12-31,21.05263,21.12507,20.9551,3,14697637253,7,Technology,486,80674056000,504504
2026-08-28,MSI,2027-12-31,19.11619,19.89172,18.41117,9,13854475357,9,Technology,486,80674056000,504504
2026-08-28,MSI,2026-12-31,17.70626,17.76628,17.65624,9,12973012383,9,Technology,486,80674056000,504504
2026-08-28,MSI,2025-12-31,15.15742,15.27748,15.12741,10,11645567050,9,Technology,486,80674056000,504504
2026-08-28,MSTR,2029-12-31,391.6026,412.45527,359.49781,1,476389300,2,Technology,127.31,42115166480,30989446
2026-08-28,MSTR,2028-12-31,42.39932,117.89091,3.93086,3,526141334,5,Technology,127.31,42115166480,30989446
2026-08-28,MSTR,2027-12-31,7.40345,20.42474,-0.82445,5,506890152,6,Technology,127.31,42115166480,30989446
2026-08-28,MSTR,2026-12-31,-17.92329,49.455,-52.86465,8,497062944,9,Technology,127.31,42115166480,30989446
2026-08-28,MT,2027-12-31,7.4,9.13,5.5,5,70010000000,10,Basic Materials,74.39,56618229000,1122297
2026-08-28,MT,2026-12-31,4.48,4.75,4.22,5,67019999999,10,Basic Materials,74.39,56618229000,1122297
2026-08-28,MT,2025-12-31,4.17,4.95,3.48,5,62110000000,9,Basic Materials,74.39,56618229000,1122297
2026-08-28,MT,2024-12-31,2.81,3.15,2.49,5,62300000000,9,Basic Materials,74.39,56618229000,1122297
2026-08-28,MTB,2028-12-31,23.20402,23.79027,22.44365,7,10879994243,5,Financial Services,237.29,34391151570,867697
2026-08-28,MTB,2027-12-31,21.0706,21.6073,20.75255,13,10419065783,8,Financial Services,237.29,34391151570,867697
2026-08-28,MTB,2026-12-31,19.34708,19.77524,19.01849,13,10060367289,7,Financial Services,237.29,34391151570,867697
2026-08-28,MTB,2025-12-31,16.81697,17.02869,16.42377,11,9681029274,5,Financial Services,237.29,34391151570,867697
2026-08-28,MTCH,2030-12-31,5.24667,5.45561,5.15821,4,4361800000,5,Communication Services,41.58,9699241860,2164280
2026-08-28,MTCH,2029-12-31,4.42,4.59602,4.34548,4,4121899999,5,Communication Services,41.58,9699241860,2164280
2026-08-28,MTCH,2028-12-31,3.55956,4.11,3.34319,10,3822593099,10,Communication Services,41.58,9699241860,2164280
2026-08-28,MTCH,2027-12-31,3.22741,4.18155,2.72793,9,3617346890,14,Communication Services,41.58,9699241860,2164280
2026-08-28,MTDR,2030-12-31,9.145,10.4552,7.51468,2,4806000000,2,Energy,56.39,7002410221,901104
2026-08-28,MTDR,2029-12-31,9.00333,10.29324,7.39827,3,4731000000,2,Energy,56.39,7002410221,901104
2026-08-28,MTDR,2028-12-31,8.1619,9.87722,6.68403,6,4775007080,4,Energy,56.39,7002410221,901104
2026-08-28,MTDR,2027-12-31,8.17057,10.22812,6.32175,10,4681336575,5,Energy,56.39,7002410221,901104
2026-08-28,MTG,2028-12-31,3.3375,3.36764,3.30235,1,1184468000,1,Financial Services,30.99,6356823750,1046653
2026-08-28,MTG,2027-12-31,3.39388,3.79956,3.11683,4,1207301667,2,Financial Services,30.99,6356823750,1046653
2026-08-28,MTG,2026-12-31,3.20724,3.32603,3.08845,3,1191922000,2,Financial Services,30.99,6356823750,1046653
2026-08-28,MTG,2025-12-31,3.14429,3.16445,3.12413,3,1223658340,2,Financial Services,30.99,6356823750,1046653
2026-08-28,MTSI,2029-10-03,12.48,13.44366,11.7459,1,2467000000,4,Technology,265.27,20238979969,1085058
2026-08-28,MTSI,2028-10-03,9.96143,10.44354,8.89501,5,2092783332,6,Technology,265.27,20238979969,1085058
2026-08-28,MTSI,2027-10-03,8.4775,9.7081,5.57453,11,1797051076,11,Technology,265.27,20238979969,1085058
2026-08-28,MTSI,2026-10-03,5.51244,5.65589,4.69275,11,1324154557,11,Technology,265.27,20238979969,1085058
2026-08-28,MTZ,2030-12-31,25.72333,27.283,24.12548,2,32254519422,6,Industrials,241,19353491504,1464018
2026-08-28,MTZ,2029-12-31,22.47667,23.83949,21.08049,3,29408177939,10,Industrials,241,19353491504,1464018
2026-08-28,MTZ,2028-12-31,16.31496,19.60777,13.98221,6,24993635505,12,Industrials,241,19353491504,1464018
2026-08-28,MTZ,2027-12-31,12.54801,14.54272,10.70069,13,21662689578,14,Industrials,241,19353491504,1464018
2026-08-28,MU,2030-08-28,264.67,336.91497,134.34229,7,449422500000,15,Technology,932.86,1053562755400,22761175
2026-08-28,MU,2029-08-28,184.97667,235.46835,93.89122,6,344814000000,14,Technology,932.86,1053562755400,22761175
2026-08-28,MU,2028-08-28,169.81343,193.72549,121.76344,11,281305809033,28,Technology,932.86,1053562755400,22761175
2026-08-28,MU,2027-08-28,155.39365,217.85436,129.92299,24,249490060869,33,Technology,932.86,1053562755400,22761175
2026-08-28,MUFG,2031-03-31,358.69403,369.18786,346.70967,1,15125966593945,1,Financial Services,22.9,258240382998,2693814
2026-08-28,MUFG,2030-03-31,346.38348,356.51716,334.81043,1,29350884030845,2,Financial Services,22.9,258240382998,2693814
2026-08-28,MUFG,2029-03-31,299.96345,308.73908,289.94135,1,7958900249727,1,Financial Services,22.9,258240382998,2693814
2026-08-28,MUFG,2028-03-31,280.07321,286.54889,260.64617,3,7396458434566,3,Financial Services,22.9,258240382998,2693814
2026-08-28,MUR,2030-12-31,3.26,3.55498,3.05484,1,3655000000,2,Energy,35.63,5107560500,1122726
2026-08-28,MUR,2029-12-31,2.69,2.9334,2.52071,1,3584000000,2,Energy,35.63,5107560500,1122726
2026-08-28,MUR,2028-12-31,3.22371,3.82151,2.54768,4,3285231730,4,Energy,35.63,5107560500,1122726
2026-08-28,MUR,2027-12-31,2.94929,5.12786,1.51061,9,3089928868,6,Energy,35.63,5107560500,1122726
2026-08-28,MUX,2030-12-31,10.6901,12.49585,8.46925,1,354425562,1,Basic Materials,20.42,1219892842,950421
2026-08-28,MUX,2029-12-31,1.2369,1.44583,0.97994,1,315323803,1,Basic Materials,20.42,1219892842,950421
2026-08-28,MUX,2028-12-31,3.69125,4.31477,2.9244,1,679600000,1,Basic Materials,20.42,1219892842,950421
2026-08-28,MUX,2027-12-31,2.31334,2.7041,1.83275,2,380507333,2,Basic Materials,20.42,1219892842,950421
2026-08-28,MWA,2028-09-30,1.63667,1.65617,1.60673,2,1572755500,2,Industrials,24.38,3814762980,648197
2026-08-28,MWA,2027-09-30,1.6082,1.66704,1.54936,3,1531357250,4,Industrials,24.38,3814762980,648197
2026-08-28,MWA,2026-09-30,1.569,1.62027,1.50747,3,1475000750,3,Industrials,24.38,3814762980,648197
2026-08-28,MWA,2025-09-30,1.26333,1.27328,1.24344,4,1407356667,4,Industrials,24.38,3814762980,648197
2026-08-28,MWH,2030-12-31,2.0425,2.137,1.97331,1,5074092575,5,Utilities,26.29,3224472706,1030312
2026-08-28,MWH,2029-12-31,1.87,1.95652,1.80665,1,4899893443,3,Utilities,26.29,3224472706,1030312
2026-08-28,MWH,2028-12-31,1.83429,2.02981,1.47622,4,4807364753,7,Utilities,26.29,3224472706,1030312
2026-08-28,MWH,2027-12-31,1.64875,1.8486,1.35897,3,4490695577,5,Utilities,26.29,3224472706,1030312
2026-08-28,MXL,2029-12-31,3.53,3.7822,2.97189,1,1251000000,4,Technology,61.73,5598490680,1350757
2026-08-28,MXL,2028-12-31,3.31,4.23597,1.78033,3,1160520000,6,Technology,61.73,5598490680,1350757
2026-08-28,MXL,2027-12-31,2.69556,2.9368,2.48579,6,964150000,8,Technology,61.73,5598490680,1350757
2026-08-28,MXL,2026-12-31,1.75,1.79023,1.72989,5,738835400,7,Technology,61.73,5598490680,1350757
2026-08-28,NAMS,2030-12-31,3.239,12.32641,-0.09849038,4,1138065545,6,Healthcare,25.9,3027813056,1035970
2026-08-28,NAMS,2029-12-31,1.50364,5.72228,-0.04572216,4,777761583,10,Healthcare,25.9,3027813056,1035970
2026-08-28,NAMS,2028-12-31,-0.37668,3.06517,-1.77193,10,402390325,12,Healthcare,25.9,3027813056,1035970
2026-08-28,NAMS,2027-12-31,-1.56343,2.07492,-3.04965,10,156541422,11,Healthcare,25.9,3027813056,1035970
2026-08-28,NAVN,2029-01-31,0.576,1.27326,-0.12126,2,1363437946,7,Technology,28.5,6812257131,2330874
2026-08-28,NAVN,2028-01-31,0.38498,0.42623,0.32998,7,1126893777,10,Technology,28.5,6812257131,2330874
2026-08-28,NAVN,2027-01-31,0.25359,0.27472,0.21133,7,911226473,11,Technology,28.5,6812257131,2330874
2026-08-28,NAVN,2026-01-31,-0.22807,-0.14757,-0.30857,6,686509578,8,Technology,28.5,6812257131,2330874
2026-08-28,NBIS,2030-12-31,13.58,20.26553,8.87703,2,57939766667,6,Technology,209.18,50203200000,13064528
2026-08-28,NBIS,2029-12-31,5.87,8.75984,3.83712,3,40897600000,11,Technology,209.18,50203200000,13064528
2026-08-28,NBIS,2028-12-31,0.5123,0.76451,0.33488,3,22153863311,7,Technology,209.18,50203200000,13064528
2026-08-28,NBIS,2027-12-31,-3.02415,-1.62296,-4.88904,6,11917302055,13,Technology,209.18,50203200000,13064528
2026-08-28,NBIX,2030-12-31,14.24345,16.22174,13.3053,7,5682211908,15,Healthcare,154.06,15490730381,812952
2026-08-28,NBIX,2029-12-31,13.19888,15.03209,12.32953,12,5312226189,9,Healthcare,154.06,15490730381,812952
2026-08-28,NBIX,2028-12-31,12.5036,19.0813,8.85883,17,5087012727,19,Healthcare,154.06,15490730381,812952
2026-08-28,NBIX,2027-12-31,9.75433,10.8956,7.46286,14,4529820739,18,Healthcare,154.06,15490730381,812952
2026-08-28,NCLH,2030-12-31,3.19333,3.38586,3.0958,1,12859333333,6,Consumer Cyclical,16.65,7644181500,14002398
2026-08-28,NCLH,2029-12-31,2.93213,3.10891,2.84257,1,12013313696,11,Consumer Cyclical,16.65,7644181500,14002398
2026-08-28,NCLH,2028-12-31,2.06049,2.06795,2.04559,3,11204283141,13,Consumer Cyclical,16.65,7644181500,14002398
2026-08-28,NCLH,2027-12-31,1.70888,2.17584,1.42075,14,10536219610,18,Consumer Cyclical,16.65,7644181500,14002398
2026-08-28,NCNO,2029-01-31,1.80447,1.82602,1.77937,1,761899410,5,Technology,22.99,2518622321,2606224
2026-08-28,NCNO,2028-01-31,1.56445,1.63333,1.41686,8,701043990,10,Technology,22.99,2518622321,2606224
2026-08-28,NCNO,2027-01-31,1.31077,1.35049,1.25119,3,646011598,9,Technology,22.99,2518622321,2606224
2026-08-28,NCNO,2026-01-31,0.90527,0.91608,0.88537,11,593028694,11,Technology,22.99,2518622321,2606224
2026-08-28,NDAQ,2030-12-31,6.15,6.28319,6.01108,1,7563000000,4,Financial Services,99.31,55512042813,2528852
2026-08-28,NDAQ,2029-12-31,5.96299,6.09213,5.82829,1,7511561134,4,Financial Services,99.31,55512042813,2528852
2026-08-28,NDAQ,2028-12-31,5.32408,5.78295,5.06541,5,6980944992,9,Financial Services,99.31,55512042813,2528852
2026-08-28,NDAQ,2027-12-31,4.67367,5.07228,4.53416,10,6420470654,11,Financial Services,99.31,55512042813,2528852
2026-08-28,NE,2028-12-31,3.53972,4.44487,2.03253,3,3517775084,5,Energy,45.76,7305217920,880783
2026-08-28,NE,2027-12-31,2.299,2.45082,2.14718,5,3232507755,6,Energy,45.76,7305217920,880783
2026-08-28,NE,2026-12-31,0.65106,0.95248,0.34964,5,2893789628,5,Energy,45.76,7305217920,880783
2026-08-28,NE,2025-12-31,1.0238,1.06318,0.9713,3,3241109430,4,Energy,45.76,7305217920,880783
2026-08-28,NEA,2025-10-31,0.9,0.9,0.9,1,126800000,1,Financial Services,11.23,3356634108,694595
2026-08-28,NEA,2024-10-31,0.81354,0.81354,0.81354,1,119735500,1,Financial Services,11.23,3356634108,694595
2026-08-28,NEA,2023-10-31,0.7491,0.7491,0.7491,1,110400000,1,Financial Services,11.23,3356634108,694595
2026-08-28,NEE,2030-12-31,5.63268,6.40671,4.82583,3,42772255201,12,Utilities,81.84,170716455397,13950121
2026-08-28,NEE,2029-12-31,5.17133,5.88196,4.43057,3,39724942829,8,Utilities,81.84,170716455397,13950121
2026-08-28,NEE,2028-12-31,4.76452,5.02536,4.54405,9,36980731698,14,Utilities,81.84,170716455397,13950121
2026-08-28,NEE,2027-12-31,4.39305,4.48373,4.26206,14,33947369171,12,Utilities,81.84,170716455397,13950121
2026-08-28,NEM,2030-12-31,8.98,11.27683,7.89084,3,24669177200,7,Basic Materials,127.98,134851536843,8173292
2026-08-28,NEM,2029-12-31,10.93485,13.73168,9.60859,3,30422401426,10,Basic Materials,127.98,134851536843,8173292
2026-08-28,NEM,2028-12-31,11.83135,17.33458,7.5546,9,29738954835,15,Basic Materials,127.98,134851536843,8173292
2026-08-28,NEM,2027-12-31,10.67135,13.03198,8.785,10,28992205464,13,Basic Materials,127.98,134851536843,8173292
2026-08-28,NEO,2030-12-31,0.81,0.8197,0.80156,1,1111500000,3,Healthcare,18.05,463794750,1723855
2026-08-28,NEO,2029-12-31,0.69,0.69826,0.68281,1,1029099999,4,Healthcare,18.05,463794750,1723855
2026-08-28,NEO,2028-12-31,0.46833,0.9521,0.05146484,5,965618386,6,Healthcare,18.05,463794750,1723855
2026-08-28,NEO,2027-12-31,0.33818,0.38791,0.29839,7,884794303,9,Healthcare,18.05,463794750,1723855
2026-08-28,NEOG,2031-05-31,0.54,0.56218,0.52232,1,995600000,1,Healthcare,11.66,2542532960,1055763
2026-08-28,NEOG,2030-05-31,0.5,0.52054,0.48363,1,964800000,1,Healthcare,11.66,2542532960,1055763
2026-08-28,NEOG,2029-05-31,0.46,0.47889,0.44494,2,895950000,2,Healthcare,11.66,2542532960,1055763
2026-08-28,NEOG,2028-05-31,0.41,0.48972,0.36444,3,851300000,4,Healthcare,11.66,2542532960,1055763
2026-08-28,NESR,2028-12-31,3.56012,4.35142,2.76881,2,2963408014,3,Energy,34.44,3473179462,1304197
2026-08-28,NESR,2027-12-31,2.90869,3.27633,2.68162,5,2514948551,5,Energy,34.44,3473179462,1304197
2026-08-28,NESR,2026-12-31,1.82512,1.93543,1.65464,4,2045506015,5,Energy,34.44,3473179462,1304197
2026-08-28,NESR,2025-12-31,0.75775,0.77769,0.74778,5,1296248425,5,Energy,34.44,3473179462,1304197
2026-08-28,NET,2030-12-31,4.31,4.66301,4.10214,1,6989800000,15,Technology,299.73,106386025627,2537993
2026-08-28,NET,2029-12-31,3.36335,3.63882,3.20115,1,5698638795,9,Technology,299.73,106386025627,2537993
2026-08-28,NET,2028-12-31,2.2596,5.63045,-2.47398,5,4705397598,19,Technology,299.73,106386025627,2537993
2026-08-28,NET,2027-12-31,1.67061,1.92314,1.44721,19,3690726929,25,Technology,299.73,106386025627,2537993
2026-08-28,NEWT,2028-12-31,2.8,2.8879,2.72104,1,620101961,1,Financial Services,11.91,344093001,670149
2026-08-28,NEWT,2027-12-31,2.35714,2.48698,2.27724,5,340600000,2,Financial Services,11.91,344093001,670149
2026-08-28,NEWT,2026-12-31,2.17429,2.31392,2.0546,3,311433333,1,Financial Services,11.91,344093001,670149
2026-08-28,NEWT,2025-12-31,2.23,2.31036,2.15968,4,291763333,3,Financial Services,11.91,344093001,670149
2026-08-28,NEXA,2030-12-31,1.31395,1.42001,1.18979,2,2987596900,3,Basic Materials,13.35,1768055457,1324805
2026-08-28,NEXA,2029-12-31,1.54185,1.6663,1.39616,3,3067155250,4,Basic Materials,13.35,1768055457,1324805
2026-08-28,NEXA,2028-12-31,2.40396,4.41641,1.33172,6,3350888111,6,Basic Materials,13.35,1768055457,1324805
2026-08-28,NEXA,2027-12-31,2.91717,4.05112,2.17645,4,3485328897,5,Basic Materials,13.35,1768055457,1324805
2026-08-28,NFLX,2030-12-31,6.46,6.60549,6.30881,15,73725730210,26,Communication Services,81.72,340277176718,29028023
2026-08-28,NFLX,2029-12-31,5.46222,5.58524,5.33438,29,68329526968,25,Communication Services,81.72,340277176718,29028023
2026-08-28,NFLX,2028-12-31,4.57578,5.09556,3.80668,32,62860114081,33,Communication Services,81.72,340277176718,29028023
2026-08-28,NFLX,2027-12-31,3.81305,4.0719,3.58407,34,57007211449,35,Communication Services,81.72,340277176718,29028023
2026-08-28,NGG,2031-03-31,6.15166,7.13016,5.23505,1,32745013151,4,Utilities,79.35,79775198562,729039
2026-08-28,NGG,2030-03-31,5.8357,6.76394,4.96617,1,27260381933,3,Utilities,79.35,79775198562,729039
2026-08-28,NGG,2029-03-31,5.40899,6.26936,4.60304,1,23726890556,4,Utilities,79.35,79775198562,729039
2026-08-28,NGG,2028-03-31,4.97578,5.08053,4.86355,3,21904920862,7,Utilities,79.35,79775198562,729039
2026-08-28,NI,2030-12-31,3.01167,3.12647,2.89944,4,9382300000,2,Utilities,40.565,19448452973,3052533
2026-08-28,NI,2029-12-31,2.74875,2.85353,2.64632,2,8782680000,2,Utilities,40.565,19448452973,3052533
2026-08-28,NI,2028-12-31,2.48139,2.54033,2.42988,7,7920797046,4,Utilities,40.565,19448452973,3052533
2026-08-28,NI,2027-12-31,2.2537,2.41185,2.17462,10,7446605585,3,Utilities,40.565,19448452973,3052533
2026-08-28,NICE,2030-12-31,25.08,25.61942,24.38491,5,5149900000,6,Technology,108.835,6377424956,524754
2026-08-28,NICE,2029-12-31,19.92,20.34844,19.36792,5,4543500000,6,Technology,108.835,6377424956,524754
2026-08-28,NICE,2028-12-31,15.53035,15.86438,15.09993,6,3877952855,8,Technology,108.835,6377424956,524754
2026-08-28,NICE,2027-12-31,12.707,13.15654,12.03768,8,3469516815,12,Technology,108.835,6377424956,524754
2026-08-28,NIQ,2028-12-31,1.49558,1.50381,1.48987,1,4979777459,5,Technology,19.2,5666617920,897429
2026-08-28,NIQ,2027-12-31,1.29032,1.40852,1.19182,8,4741589344,9,Technology,19.2,5666617920,897429
2026-08-28,NIQ,2026-12-31,1.0928,1.11285,1.04267,8,4506633515,9,Technology,19.2,5666617920,897429
2026-08-28,NIQ,2025-12-31,0.30528,0.32436,0.24804,8,4178282790,8,Technology,19.2,5666617920,897429
2026-08-28,NKE,2030-05-31,4.25,4.59489,3.95791,5,58265000000,8,Consumer Cyclical,39.6,58600524510,28339979
2026-08-28,NKE,2029-05-31,2.37708,3.72554,1.44775,13,48653116227,16,Consumer Cyclical,39.6,58600524510,28339979
2026-08-28,NKE,2028-05-31,2.17953,3.72569,1.58342,25,47323764385,27,Consumer Cyclical,39.6,58600524510,28339979
2026-08-28,NKE,2027-05-31,1.7302,2.28705,1.49155,24,45684807257,29,Consumer Cyclical,39.6,58600524510,28339979
2026-08-28,NKTR,2030-12-31,-5.55226,-1.99901,-21.5465,4,175929571,5,Healthcare,72.52,2080451077,579634
2026-08-28,NKTR,2029-12-31,-9.27139,-3.33803,-35.97922,4,51298571,5,Healthcare,72.52,2080451077,579634
2026-08-28,NKTR,2028-12-31,-10.99597,-6.41,-19.84,11,38642655,11,Healthcare,72.52,2080451077,579634
2026-08-28,NKTR,2027-12-31,-10.53969,-4.05373,-19.80394,8,56996161,10,Healthcare,72.52,2080451077,579634
2026-08-28,NLY,2028-12-31,3.01746,3.37291,2.7184,1,2716575932,1,Real Estate,23.04,17365570560,4962696
2026-08-28,NLY,2027-12-31,3.12351,3.16408,3.08294,8,2872353725,3,Real Estate,23.04,17365570560,4962696
2026-08-28,NLY,2026-12-31,3.09456,3.11459,3.07453,8,2546575438,3,Real Estate,23.04,17365570560,4962696
2026-08-28,NLY,2025-12-31,2.90866,3.2513,2.89863,5,1845477278,3,Real Estate,23.04,17365570560,4962696
2026-08-28,NMAX,2028-12-31,0.82,0.83568,0.80432,1,288296000,1,Communication Services,10.71,963057637,1039754
2026-08-28,NMAX,2027-12-31,0.215,0.21911,0.21089,1,237241500,1,Communication Services,10.71,963057637,1039754
2026-08-28,NMAX,2026-12-31,-0.01,-0.00980883,-0.01019117,1,213300000,1,Communication Services,10.71,963057637,1039754
2026-08-28,NMAX,2025-12-31,-1.09,-1.06916,-1.11084,1,180300000,1,Communication Services,10.71,963057637,1039754
2026-08-28,NMIH,2028-12-31,5.76483,5.81333,5.71633,2,677298000,1,Financial Services,44.81,3404300839,500197
2026-08-28,NMIH,2027-12-31,5.45286,5.59191,5.36347,5,657655667,2,Financial Services,44.81,3404300839,500197
2026-08-28,NMIH,2026-12-31,5.26891,5.36927,5.20869,4,631962667,2,Financial Services,44.81,3404300839,500197
2026-08-28,NMIH,2025-12-31,4.90253,4.92258,4.87245,5,602587667,3,Financial Services,44.81,3404300839,500197
2026-08-28,NMR,2030-03-31,143.64869,153.94158,132.07169,1,2207198327276,2,Financial Services,10.3,30102700165,660482
2026-08-28,NMR,2029-03-31,151.73307,162.60524,139.50453,1,2473652396110,2,Financial Services,10.3,30102700165,660482
2026-08-28,NMR,2028-03-31,146.77375,157.29056,134.9449,1,2406541124686,5,Financial Services,10.3,30102700165,660482
2026-08-28,NMR,2027-03-31,144.87782,155.25878,133.20176,1,2340232444878,4,Financial Services,10.3,30102700165,660482
2026-08-28,NMRK,2030-12-31,2.65,2.69151,2.61125,1,4848000000,2,Real Estate,15.83,2473313773,1195835
2026-08-28,NMRK,2029-12-31,2.635,2.67628,2.59646,1,4778500000,1,Real Estate,15.83,2473313773,1195835
2026-08-28,NMRK,2028-12-31,2.42,2.4987,2.3413,2,4548772667,3,Real Estate,15.83,2473313773,1195835
2026-08-28,NMRK,2027-12-31,2.21086,2.22119,2.20053,3,4196457400,4,Real Estate,15.83,2473313773,1195835
2026-08-28,NN,2027-12-31,-0.57,-0.53128,-0.60872,1,3200000,1,Technology,15.36,2095671383,2136555
2026-08-28,NN,2026-12-31,-0.57,-0.50423,-0.62481,1,4129500,2,Technology,15.36,2095671383,2136555
2026-08-28,NN,2025-12-31,-1,-0.93207,-1.06793,1,4485000,2,Technology,15.36,2095671383,2136555
2026-08-28,NN,2024-12-31,-0.74,-0.72,-0.76,2,5484000,2,Technology,15.36,2095671383,2136555
2026-08-28,NNE,2030-09-30,-1.60333,-1.43301,-1.92722,1,118370333,1,Industrials,17.97,964955612,1943184
2026-08-28,NNE,2029-09-30,-1.63,-1.45684,-1.95927,1,22057667,1,Industrials,17.97,964955612,1943184
2026-08-28,NNE,2028-09-30,-1.51297,-1.39193,-1.63401,2,7477555,2,Industrials,17.97,964955612,1943184
2026-08-28,NNE,2027-09-30,-1.24531,-0.87663,-1.44194,5,6843795,4,Industrials,17.97,964955612,1943184
2026-08-28,NNN,2029-12-31,2.12,2.15535,2.03459,1,1113200000,3,Real Estate,45.67,8688634244,907806
2026-08-28,NNN,2028-12-31,2.17824,2.35564,2.11713,5,1065962154,7,Real Estate,45.67,8688634244,907806
2026-08-28,NNN,2027-12-31,2.09945,2.13368,2.0481,5,1025187965,9,Real Estate,45.67,8688634244,907806
2026-08-28,NNN,2026-12-31,2.04623,2.08062,2.0233,4,973908476,9,Real Estate,45.67,8688634244,907806
2026-08-28,NOG,2030-12-31,4.78,5.29287,4.23019,1,2562000000,2,Energy,25.73,2799016282,1703492
2026-08-28,NOG,2029-12-31,4.49667,4.97914,3.97945,1,2521000000,2,Energy,25.73,2799016282,1703492
2026-08-28,NOG,2028-12-31,3.85436,4.08894,3.67916,3,2378791215,5,Energy,25.73,2799016282,1703492
2026-08-28,NOG,2027-12-31,3.74623,4.8137,2.82981,5,2274646697,4,Energy,25.73,2799016282,1703492
2026-08-28,NOK,2030-12-31,0.62632,0.66372,0.5998,2,24832291586,7,Technology,10.21,55143107320,50550048
2026-08-28,NOK,2029-12-31,0.49907,0.52887,0.47794,3,24419712476,10,Technology,10.21,55143107320,50550048
2026-08-28,NOK,2028-12-31,0.47542,0.50381,0.45529,3,23578496281,6,Technology,10.21,55143107320,50550048
2026-08-28,NOK,2027-12-31,0.4072,0.48864,0.34205,6,22167218902,15,Technology,10.21,55143107320,50550048
2026-08-28,NOMD,2030-12-31,1.7114,1.73024,1.69961,1,3045626533,1,Consumer Defensive,11.88,1660717080,783781
2026-08-28,NOMD,2029-12-31,1.66612,1.68446,1.65464,1,3045626533,1,Consumer Defensive,11.88,1660717080,783781
2026-08-28,NOMD,2028-12-31,1.69265,1.71128,1.68099,1,3055950573,2,Consumer Defensive,11.88,1660717080,783781
2026-08-28,NOMD,2027-12-31,1.53889,1.63346,1.43573,3,3061561306,3,Consumer Defensive,11.88,1660717080,783781
2026-08-28,NOV,2030-12-31,1.92,1.97973,1.80319,4,10062000000,4,Energy,20.99,7482475844,2920236
2026-08-28,NOV,2029-12-31,1.76,1.81475,1.65293,2,9784000000,4,Energy,20.99,7482475844,2920236
2026-08-28,NOV,2028-12-31,1.45452,1.86461,1.14753,7,9513564228,9,Energy,20.99,7482475844,2920236
2026-08-28,NOV,2027-12-31,1.26906,1.44343,0.93,12,9095408096,13,Energy,20.99,7482475844,2920236
2026-08-28,NOW,2030-12-31,8.50814,8.93888,8.3577,5,31020899160,26,Technology,144.71,149610170020,28890423
2026-08-28,NOW,2029-12-31,7.09853,7.4579,6.97301,10,26718787868,25,Technology,144.71,149610170020,28890423
2026-08-28,NOW,2028-12-31,6.09126,8.79841,3.6472,13,22817022573,33,Technology,144.71,149610170020,28890423
2026-08-28,NOW,2027-12-31,5.01827,5.2505,4.39225,26,19244731423,35,Technology,144.71,149610170020,28890423
2026-08-28,NPKI,2027-12-31,0.63,0.633,0.62,2,353638500,2,Basic Materials,13.16,1117414205,767281
2026-08-28,NPKI,2026-12-31,0.5525,0.55513,0.55049,2,319324000,2,Basic Materials,13.16,1117414205,767281
2026-08-28,NPKI,2025-12-31,0.396,0.41631,0.38585,3,270708600,3,Basic Materials,13.16,1117414205,767281
2026-08-28,NPKI,2024-12-31,0.315,0.3165,0.31386,1,219050000,2,Basic Materials,13.16,1117414205,767281
2026-08-28,NRG,2030-12-31,17.15798,19.80101,14.15803,2,38247536611,6,Utilities,111.12,23444764320,2162040
2026-08-28,NRG,2029-12-31,14.61612,16.8676,12.0606,3,37142124202,6,Utilities,111.12,23444764320,2162040
2026-08-28,NRG,2028-12-31,12.77812,15.31906,10.12882,6,36639311986,8,Utilities,111.12,23444764320,2162040
2026-08-28,NRG,2027-12-31,11.07548,11.71669,10.4537,7,35329292103,6,Utilities,111.12,23444764320,2162040
2026-08-28,NRIX,2030-11-30,-0.27286,-0.17985,-0.45992,1,400353286,2,Healthcare,26.21,2720126220,908262
2026-08-28,NRIX,2029-11-30,-1.21,-0.79754,-2.03954,1,236765143,2,Healthcare,26.21,2720126220,908262
2026-08-28,NRIX,2028-11-30,-0.60295,14.26749,-14.78766,3,259329630,4,Healthcare,26.21,2720126220,908262
2026-08-28,NRIX,2027-11-30,-1.98689,-0.71486,-2.90149,5,104615923,4,Healthcare,26.21,2720126220,908262
2026-08-28,NSC,2030-12-31,19.12,19.79803,18.3008,1,16173500000,6,Industrials,348.68,78316317440,980303
2026-08-28,NSC,2029-12-31,17.66887,18.29544,16.91184,1,15272895408,11,Industrials,348.68,78316317440,980303
2026-08-28,NSC,2028-12-31,15.70438,16.11997,15.36435,4,14458055896,13,Industrials,348.68,78316317440,980303
2026-08-28,NSC,2027-12-31,14.34715,14.94927,13.7035,13,13824727394,14,Industrials,348.68,78316317440,980303
2026-08-28,NTAP,2029-04-24,11.34659,12.07472,10.87527,1,8488249914,6,Technology,187.02,36699682680,1497184
2026-08-28,NTAP,2028-04-24,10.01655,11.70792,9.14555,12,7963923417,14,Technology,187.02,36699682680,1497184
2026-08-28,NTAP,2027-04-24,9.0121,9.82139,8.84225,12,7534386765,14,Technology,187.02,36699682680,1497184
2026-08-28,NTAP,2026-04-24,7.98287,8.02288,7.95286,13,6848027374,12,Technology,187.02,36699682680,1497184
2026-08-28,NTCT,2028-03-31,2.89667,2.93621,2.84724,2,937228000,2,Technology,39.06,2839732191,536718
2026-08-28,NTCT,2027-03-31,2.73333,2.74331,2.71338,1,904230333,2,Technology,39.06,2839732191,536718
2026-08-28,NTCT,2026-03-31,2.41333,2.44194,2.40336,2,855076333,2,Technology,39.06,2839732191,536718
2026-08-28,NTCT,2025-03-31,2.195,2.22103,2.17138,1,812672000,1,Technology,39.06,2839732191,536718
2026-08-28,NTES,2029-12-31,87.8765,94.41221,78.95224,2,155265239751,22,Technology,122.76,78372602962,505410
2026-08-28,NTES,2028-12-31,77.94934,89.74165,72.56253,7,139501744726,24,Technology,122.76,78372602962,505410
2026-08-28,NTES,2027-12-31,72.09367,74.62448,69.90487,11,130738104618,21,Technology,122.76,78372602962,505410
2026-08-28,NTES,2026-12-31,62.5776,64.23836,61.04969,10,121728839936,21,Technology,122.76,78372602962,505410
2026-08-28,NTLA,2030-12-31,4.07125,24.6374,-0.71456,4,1573627625,6,Healthcare,12.87,1798225615,3435253
2026-08-28,NTLA,2029-12-31,1.08,6.53568,-0.18956,4,959402875,10,Healthcare,12.87,1798225615,3435253
2026-08-28,NTLA,2028-12-31,-1.67003,5.9012,-3.94816,10,354995222,12,Healthcare,12.87,1798225615,3435253
2026-08-28,NTLA,2027-12-31,-2.66591,1.12432,-3.88296,13,120324722,13,Healthcare,12.87,1798225615,3435253
2026-08-28,NTNX,2028-07-31,2.57583,3.04657,2.28493,5,3607492634,14,Technology,69.16,18695331200,3454716
2026-08-28,NTNX,2027-07-31,2.20474,2.3261,1.97213,12,3201909813,16,Technology,69.16,18695331200,3454716
2026-08-28,NTNX,2026-07-31,1.92925,1.95924,1.85928,12,2834585619,15,Technology,69.16,18695331200,3454716
2026-08-28,NTNX,2025-07-31,1.73817,1.91902,1.66784,14,2527203920,13,Technology,69.16,18695331200,3454716
2026-08-28,NTR,2030-12-31,4.47325,4.78352,4.29146,1,29109648861,6,Basic Materials,73.51,35286531013,1818463
2026-08-28,NTR,2029-12-31,4.48664,4.79784,4.30431,1,28480732831,6,Basic Materials,73.51,35286531013,1818463
2026-08-28,NTR,2028-12-31,4.54311,5.46311,3.77746,5,27461303633,8,Basic Materials,73.51,35286531013,1818463
2026-08-28,NTR,2027-12-31,4.93632,5.47701,3.9851,13,27671711123,12,Basic Materials,73.51,35286531013,1818463
2026-08-28,NTRA,2030-12-31,5.31413,5.72003,5.02179,6,5920910375,14,Healthcare,326.26,46725325900,833443
2026-08-28,NTRA,2029-12-31,2.8372,3.05391,2.68112,9,4981159367,14,Healthcare,326.26,46725325900,833443
2026-08-28,NTRA,2028-12-31,1.63897,4.48956,-0.40415,15,4201283117,16,Healthcare,326.26,46725325900,833443
2026-08-28,NTRA,2027-12-31,-0.16266,0.8133,-1.30128,12,3478634877,15,Healthcare,326.26,46725325900,833443
2026-08-28,NTRS,2029-12-31,16.0149,16.40934,15.59271,1,10417831300,2,Financial Services,186.79,34174351240,603016
2026-08-28,NTRS,2028-12-31,14.27657,14.75671,14.00125,3,9980866065,5,Financial Services,186.79,34174351240,603016
2026-08-28,NTRS,2027-12-31,12.53574,12.74401,12.15887,10,9425040966,8,Financial Services,186.79,34174351240,603016
2026-08-28,NTRS,2026-12-31,11.47046,12.56901,11.09438,7,9454574494,8,Financial Services,186.79,34174351240,603016
2026-08-28,NTSK,2029-01-31,0.15351,0.16774,0.12874,4,1286163117,8,Technology,15.09,6095208210,3822387
2026-08-28,NTSK,2028-01-31,0.021426,0.053565,-0.032139,6,1070763911,15,Technology,15.09,6095208210,3822387
2026-08-28,NTSK,2027-01-31,-0.17926,-0.17441,-0.18363,9,881206848,13,Technology,15.09,6095208210,3822387
2026-08-28,NTSK,2026-01-31,-0.53363,-0.53229,-0.53497,10,702071087,11,Technology,15.09,6095208210,3822387
2026-08-28,NTST,2030-12-31,0.36,0.41074,0.30108,1,256032056,3,Real Estate,20.47,1990924625,618626
2026-08-28,NTST,2029-12-31,0.6,0.68457,0.5018,1,326681113,4,Real Estate,20.47,1990924625,618626
2026-08-28,NTST,2028-12-31,0.45322,0.5756,0.31999,4,324081188,6,Real Estate,20.47,1990924625,618626
2026-08-28,NTST,2027-12-31,0.42946,0.43828,0.42064,6,272980336,6,Real Estate,20.47,1990924625,618626
2026-08-28,NU,2029-12-31,1.78486,1.94139,1.62432,9,30913432744,2,Financial Services,14.3,69256616000,79125113
2026-08-28,NU,2028-12-31,1.44523,1.7746,1.17291,12,32996541611,4,Financial Services,14.3,69256616000,79125113
2026-08-28,NU,2027-12-31,1.11973,1.22323,1.03504,12,27855430594,7,Financial Services,14.3,69256616000,79125113
2026-08-28,NU,2026-12-31,0.86648,0.89671,0.8161,12,22743589681,6,Financial Services,14.3,69256616000,79125113
2026-08-28,NUE,2030-12-31,17.3129,18.37689,16.26715,2,40435608912,4,Basic Materials,250.5,57049120500,929810
2026-08-28,NUE,2029-12-31,16.4849,17.49801,15.48916,3,40668279912,4,Basic Materials,250.5,57049120500,929810
2026-08-28,NUE,2028-12-31,18.37844,21.50411,16.2295,6,40916089017,9,Basic Materials,250.5,57049120500,929810
2026-08-28,NUE,2027-12-31,18.93151,21.93056,15.38987,10,40650839497,11,Basic Materials,250.5,57049120500,929810
2026-08-28,NVCR,2030-12-31,4.53,4.80646,4.32838,1,1739500000,2,Healthcare,17.82,2075064869,855450
2026-08-28,NVCR,2029-12-31,1.9,2.01595,1.81544,1,1406800000,2,Healthcare,17.82,2075064869,855450
2026-08-28,NVCR,2028-12-31,-0.37199,-0.21761,-0.68223,4,948556702,5,Healthcare,17.82,2075064869,855450
2026-08-28,NVCR,2027-12-31,-0.81637,-0.25657,-1.23622,6,804777143,6,Healthcare,17.82,2075064869,855450
2026-08-28,NVDA,2031-01-25,20,24.35728,15.46534,7,1005000000000,21,Technology,217.55,5269278550000,194036188
2026-08-28,NVDA,2030-01-25,12.29,14.96755,9.50345,8,774228304289,13,Technology,217.55,5269278550000,194036188
2026-08-28,NVDA,2029-01-25,15.42842,19.40344,12.85413,15,695203684496,27,Technology,217.55,5269278550000,194036188
2026-08-28,NVDA,2028-01-25,12.80708,14.86191,9.81639,31,570333016529,41,Technology,217.55,5269278550000,194036188
2026-08-28,NVG,2024-10-31,,0,0,0,-2698043676,0,Financial Services,12.2,2633016200,743239
2026-08-28,NVG,2023-10-31,,0,0,0,-1798695784,0,Financial Services,12.2,2633016200,743239
2026-08-28,NVG,2022-10-31,,0,0,0,-899347892,0,Financial Services,12.2,2633016200,743239
2026-08-28,NVO,2030-12-31,28.38842,32.26143,25.92884,4,367110971432,14,Healthcare,45.61,202536158976,8487691
2026-08-28,NVO,2029-12-31,26.93523,30.60999,24.60156,2,349890353558,14,Healthcare,45.61,202536158976,8487691
2026-08-28,NVO,2028-12-31,23.7477,26.98758,21.6902,4,323545923252,13,Healthcare,45.61,202536158976,8487691
2026-08-28,NVO,2027-12-31,21.91198,23.73256,20.22144,7,304527247608,16,Healthcare,45.61,202536158976,8487691
2026-08-28,NVS,2030-12-31,13.142,13.80217,12.75779,5,71451857143,6,Healthcare,153.81,292348949540,1165870
2026-08-28,NVS,2029-12-31,11.84374,12.4387,11.49749,5,68223184361,11,Healthcare,153.81,292348949540,1165870
2026-08-28,NVS,2028-12-31,10.81098,11.35406,10.49492,6,65050743510,7,Healthcare,153.81,292348949540,1165870
2026-08-28,NVS,2027-12-31,9.78939,9.97899,9.64968,8,60959827852,13,Healthcare,153.81,292348949540,1165870
2026-08-28,NVST,2029-12-31,1.97333,2.01245,1.93955,1,3173033333,10,Healthcare,27.13,4414808551,1209970
2026-08-28,NVST,2028-12-31,1.81978,2.18153,1.41714,5,3094019259,12,Healthcare,27.13,4414808551,1209970
2026-08-28,NVST,2027-12-31,1.6674,1.7284,1.61656,10,2983038409,12,Healthcare,27.13,4414808551,1209970
2026-08-28,NVST,2026-12-31,1.53261,1.54263,1.51258,10,2882836431,12,Healthcare,27.13,4414808551,1209970
2026-08-28,NVT,2030-12-31,10.77,11.63621,9.56606,1,10068000000,4,Industrials,148.48,24012185600,1856036
2026-08-28,NVT,2029-12-31,9.0912,9.82239,8.07492,1,8582175499,4,Industrials,148.48,24012185600,1856036
2026-08-28,NVT,2028-12-31,7.69495,8.15642,7.29117,4,7544490040,9,Industrials,148.48,24012185600,1856036
2026-08-28,NVT,2027-12-31,6.53198,7.18723,6.06102,9,6585965030,12,Industrials,148.48,24012185600,1856036
2026-08-28,NVTS,2030-12-31,0.35,0.41506,0.31315,1,500000000,5,Technology,11.49,2999958570,17412508
2026-08-28,NVTS,2029-12-31,-0.08,-0.07157658,-0.09486992,1,200000000,3,Technology,11.49,2999958570,17412508
2026-08-28,NVTS,2028-12-31,-0.06806,-0.03065766,-0.14613,5,116216424,7,Technology,11.49,2999958570,17412508
2026-08-28,NVTS,2027-12-31,-0.12333,-0.10963,-0.13703,5,72712589,6,Technology,11.49,2999958570,17412508
2026-08-28,NWBI,2027-12-31,1.44858,1.48827,1.38905,7,760575571,5,Financial Services,15.34,2245722479,902524
2026-08-28,NWBI,2026-12-31,1.40738,1.43754,1.39733,6,726646000,5,Financial Services,15.34,2245722479,902524
2026-08-28,NWBI,2025-12-31,1.245,1.25496,1.22508,6,650818000,4,Financial Services,15.34,2245722479,902524
2026-08-28,NWBI,2024-12-31,1.02833,1.03831,1.01835,5,542891200,3,Financial Services,15.34,2245722479,902524
2026-08-28,NWG,2030-12-31,2.84934,2.9057,2.81216,1,29310886100,5,Financial Services,18.38,36589688237,2534451
2026-08-28,NWG,2029-12-31,2.65581,2.70834,2.62116,1,28516246673,5,Financial Services,18.38,36589688237,2534451
2026-08-28,NWG,2028-12-31,2.45757,2.50618,2.4255,2,27545591966,4,Financial Services,18.38,36589688237,2534451
2026-08-28,NWG,2027-12-31,2.22208,2.2528,2.18113,5,26356624324,10,Financial Services,18.38,36589688237,2534451
2026-08-28,NWS,2030-06-30,2.23,2.27762,2.18829,1,11176760995,3,Communication Services,34.85,19076803537,1583071
2026-08-28,NWS,2029-06-30,1.77059,1.8084,1.73747,1,10190941839,3,Communication Services,34.85,19076803537,1583071
2026-08-28,NWS,2028-06-30,1.53729,1.57012,1.50853,3,9783194568,6,Communication Services,34.85,19076803537,1583071
2026-08-28,NWS,2027-06-30,1.32112,1.35137,1.29087,3,9411419527,7,Communication Services,34.85,19076803537,1583071
2026-08-28,NWSA,2030-06-30,2.23,2.31083,2.1685,1,11176760995,9,Communication Services,30.97,17384448540,5268015
2026-08-28,NWSA,2029-06-30,1.77059,2.17492,1.42116,4,10190941839,10,Communication Services,30.97,17384448540,5268015
2026-08-28,NWSA,2028-06-30,1.53729,1.81294,1.35706,4,9775255369,8,Communication Services,30.97,17384448540,5268015
2026-08-28,NWSA,2027-06-30,1.32112,1.41188,1.22027,5,9407977091,9,Communication Services,30.97,17384448540,5268015
2026-08-28,NXE,2030-12-31,-0.26632,-0.26632,-0.26632,1,359798556,5,Energy,10.4,6883853600,5781974
2026-08-28,NXE,2029-12-31,-0.23246,-0.23246,-0.23246,1,26729726,5,Energy,10.4,6883853600,5781974
2026-08-28,NXE,2028-12-31,-0.27756,-0.17126,-0.49082,4,727502914,10,Energy,10.4,6883853600,5781974
2026-08-28,NXE,2027-12-31,-0.20923,-0.08559284,-0.33286,6,2246622,11,Energy,10.4,6883853600,5781974
2026-08-28,NXPI,2030-12-31,22.29,23.28291,21.2572,3,18637000000,8,Technology,223.58,56378866023,3296785
2026-08-28,NXPI,2029-12-31,22.605,23.61194,21.5576,3,18247500000,13,Technology,223.58,56378866023,3296785
2026-08-28,NXPI,2028-12-31,20.95556,22.64571,18.7389,9,17250573221,17,Technology,223.58,56378866023,3296785
2026-08-28,NXPI,2027-12-31,18.18057,20.32474,15.95662,18,15931629130,21,Technology,223.58,56378866023,3296785
2026-08-28,NXT,2031-03-31,9.065,9.74046,8.3516,4,7519000000,3,Energy,85.44,12957254534,1205457
2026-08-28,NXT,2030-03-31,7.80568,8.3873,7.19139,3,6711876473,4,Energy,85.44,12957254534,1205457
2026-08-28,NXT,2029-03-31,6.865,8.41229,5.50102,8,5872464681,9,Energy,85.44,12957254534,1205457
2026-08-28,NXT,2028-03-31,5.71888,6.49873,5.42894,12,5112642199,14,Energy,85.44,12957254534,1205457
2026-08-28,NYT,2030-12-31,3.4,3.44157,3.33515,1,3701000000,2,Communication Services,68.16,11069251410,995063
2026-08-28,NYT,2029-12-31,3.18,3.21888,3.11934,1,3547000000,2,Communication Services,68.16,11069251410,995063
2026-08-28,NYT,2028-12-31,3.32985,3.37056,3.26634,1,3517998433,5,Communication Services,68.16,11069251410,995063
2026-08-28,NYT,2027-12-31,3.10453,3.24428,2.78509,5,3324906114,6,Communication Services,68.16,11069251410,995063
2026-08-28,O,2030-12-31,0,0,0,1,5907668838,2,Real Estate,61.98,57795916140,3694054
2026-08-28,O,2029-12-31,2.15,2.2778,2.004,1,7239551849,1,Real Estate,61.98,57795916140,3694054
2026-08-28,O,2028-12-31,1.64875,1.72287,1.57548,4,6535667759,3,Real Estate,61.98,57795916140,3694054
2026-08-28,O,2027-12-31,1.69292,1.74444,1.67452,6,6098058957,6,Real Estate,61.98,57795916140,3694054
2026-08-28,OBDC,2028-12-31,1.2095,1.24883,1.17017,2,1531404700,2,Financial Services,11.3,5608251291,2477200
2026-08-28,OBDC,2027-12-31,1.28822,1.31841,1.25803,10,1539815842,9,Financial Services,11.3,5608251291,2477200
2026-08-28,OBDC,2026-12-31,1.29855,1.31868,1.25828,9,1564818672,8,Financial Services,11.3,5608251291,2477200
2026-08-28,OBDC,2025-12-31,1.53568,1.57609,1.51547,9,1847837907,7,Financial Services,11.3,5608251291,2477200
2026-08-28,OC,2028-12-31,14.46418,15.06335,13.86501,2,10829287092,6,Basic Materials,143.13,11526018298,669610
2026-08-28,OC,2027-12-31,12.0123,12.28935,11.84409,9,10334464403,11,Basic Materials,143.13,11526018298,669610
2026-08-28,OC,2026-12-31,10.04327,10.32732,9.6882,9,9976646886,11,Basic Materials,143.13,11526018298,669610
2026-08-28,OC,2025-12-31,12.21366,12.74943,12.0053,12,10131657252,10,Basic Materials,143.13,11526018298,669610
2026-08-28,OCFC,2028-12-31,2.75,2.78113,2.71442,1,371169930,1,Financial Services,18.88,1138285905,863125
2026-08-28,OCFC,2027-12-31,2.30143,2.36998,2.26226,6,755004667,4,Financial Services,18.88,1138285905,863125
2026-08-28,OCFC,2026-12-31,1.78714,1.81676,1.73777,5,598094500,4,Financial Services,18.88,1138285905,863125
2026-08-28,OCFC,2025-12-31,1.39885,1.42883,1.35888,4,402362000,3,Financial Services,18.88,1138285905,863125
2026-08-28,OCTV,2030-12-31,0,0,0,1,2185100000,3,Technology,19.85,5328489973,2990544
2026-08-28,OCTV,2029-12-31,2.08134,2.13495,2.02305,1,1949903432,4,Technology,19.85,5328489973,2990544
2026-08-28,OCTV,2028-12-31,1.46859,1.86538,1.25341,3,1840125663,6,Technology,19.85,5328489973,2990544
2026-08-28,OCTV,2027-12-31,1.36152,1.66929,1.24969,5,1729757268,8,Technology,19.85,5328489973,2990544
2026-08-28,OCUL,2030-12-31,1.116,1.92962,0.51817,2,991014000,3,Healthcare,10.36,2268425600,1558576
2026-08-28,OCUL,2029-12-31,0.02,0.03458099,0.00928615,3,636258833,4,Healthcare,10.36,2268425600,1558576
2026-08-28,OCUL,2028-12-31,-1.01643,-0.44989,-1.83957,6,286839667,6,Healthcare,10.36,2268425600,1558576
2026-08-28,OCUL,2027-12-31,-1.47037,-0.99114,-1.74266,7,100620390,9,Healthcare,10.36,2268425600,1558576
2026-08-28,ODD,2030-12-31,1.58,1.72394,1.46743,1,895510000,2,Consumer Defensive,14.35,817908012,581686
2026-08-28,ODD,2029-12-31,1.12,1.22203,1.04021,1,824790000,2,Consumer Defensive,14.35,817908012,581686
2026-08-28,ODD,2028-12-31,1.138,1.66323,0.61277,2,785323966,4,Consumer Defensive,14.35,817908012,581686
2026-08-28,ODD,2027-12-31,1.02111,1.18734,0.85488,4,716179046,6,Consumer Defensive,14.35,817908012,581686
2026-08-28,ODFL,2030-12-31,9.61,10.12547,9.19977,4,7946000000,5,Industrials,198.63,41308740052,1173826
2026-08-28,ODFL,2029-12-31,8.42,8.87164,8.06057,2,7252328011,5,Industrials,198.63,41308740052,1173826
2026-08-28,ODFL,2028-12-31,7.66184,7.9735,7.39747,7,6957581381,10,Industrials,198.63,41308740052,1173826
2026-08-28,ODFL,2027-12-31,6.64452,7.21836,6.24182,16,6379309886,15,Industrials,198.63,41308740052,1173826
2026-08-28,OGE,2030-12-31,3.3025,3.49912,3.10753,5,4179000000,6,Utilities,45.74,9449014940,1310199
2026-08-28,OGE,2029-12-31,3.03667,3.21746,2.85739,5,3957500000,6,Utilities,45.74,9449014940,1310199
2026-08-28,OGE,2028-12-31,2.81446,2.87433,2.77453,8,3664833068,8,Utilities,45.74,9449014940,1310199
2026-08-28,OGE,2027-12-31,2.60191,2.61196,2.59186,10,3507882237,7,Utilities,45.74,9449014940,1310199
2026-08-28,OGN,2030-12-31,3.9,3.97266,3.82658,1,6505000000,2,Healthcare,13.76,3613499826,2708312
2026-08-28,OGN,2029-12-31,3.8,3.8708,3.72846,1,6460000000,1,Healthcare,13.76,3613499826,2708312
2026-08-28,OGN,2028-12-31,4.01,4.08471,3.93451,1,6678000000,3,Healthcare,13.76,3613499826,2708312
2026-08-28,OGN,2027-12-31,3.63,3.82105,3.42889,4,6359000000,3,Healthcare,13.76,3613499826,2708312
2026-08-28,OGS,2030-12-31,6.08768,6.49627,5.69951,1,2841613000,3,Utilities,79.47,4987735875,551812
2026-08-28,OGS,2029-12-31,5.79239,6.18117,5.42304,1,2728948500,4,Utilities,79.47,4987735875,551812
2026-08-28,OGS,2028-12-31,5.47875,5.52538,5.43546,3,2628380819,6,Utilities,79.47,4987735875,551812
2026-08-28,OGS,2027-12-31,5.05444,5.17407,4.98465,6,2553710054,5,Utilities,79.47,4987735875,551812
2026-08-28,OHI,2030-12-31,0,0,0,1,1109577000,2,Real Estate,45.99,13756114890,913679
2026-08-28,OHI,2029-12-31,2.01,2.09697,1.86792,1,1206758500,2,Real Estate,45.99,13756114890,913679
2026-08-28,OHI,2028-12-31,2.06396,2.24,1.96188,3,1231518724,4,Real Estate,45.99,13756114890,913679
2026-08-28,OHI,2027-12-31,2.01042,2.0407,1.94987,6,1140506749,5,Real Estate,45.99,13756114890,913679
2026-08-28,OII,2030-12-31,3.19,3.27633,3.06403,1,3681000000,1,Energy,50.59,5035207523,578598
2026-08-28,OII,2029-12-31,3.09,3.17363,2.96798,1,3582000000,1,Energy,50.59,5035207523,578598
2026-08-28,OII,2028-12-31,2.64632,2.71794,2.54182,1,3337397325,2,Energy,50.59,5035207523,578598
2026-08-28,OII,2027-12-31,2.36098,2.42488,2.26775,2,3068595136,2,Energy,50.59,5035207523,578598
2026-08-28,OKE,2030-12-31,7.5613,9.93707,5.93505,5,36690000000,6,Energy,94.76,59712729720,2605885
2026-08-28,OKE,2029-12-31,7.07415,9.29686,5.55268,10,36027500000,6,Energy,94.76,59712729720,2605885
2026-08-28,OKE,2028-12-31,6.9465,7.79678,6.20744,13,40731928392,8,Energy,94.76,59712729720,2605885
2026-08-28,OKE,2027-12-31,6.23615,7.00217,5.63709,13,40261101472,8,Energy,94.76,59712729720,2605885
2026-08-28,OKLO,2030-12-31,-0.42857,-0.000637418515,-0.83055,5,248921990,6,Utilities,40.14,6983998218,11315634
2026-08-28,OKLO,2029-12-31,-0.83954,-0.00124866,-1.627,9,156413976,11,Utilities,40.14,6983998218,11315634
2026-08-28,OKLO,2028-12-31,-1.17762,-0.24871,-1.98964,12,70931175,13,Utilities,40.14,6983998218,11315634
2026-08-28,OKLO,2027-12-31,-1.01064,-0.20417,-1.42919,15,10471723,12,Utilities,40.14,6983998218,11315634
2026-08-28,OKTA,2031-01-31,5.35,5.58144,5.24292,4,4417800000,8,Technology,166.23,27614127600,4422042
2026-08-28,OKTA,2030-01-31,4.9,5.11198,4.80193,2,4103700000,8,Technology,166.23,27614127600,4422042
2026-08-28,OKTA,2029-01-31,4.779,6.05418,4.22574,6,3862531552,17,Technology,166.23,27614127600,4422042
2026-08-28,OKTA,2028-01-31,4.2652,4.93133,4.02659,24,3502997670,32,Technology,166.23,27614127600,4422042
2026-08-28,OLLI,2029-01-31,5.57207,5.67822,5.39577,1,3622941591,5,Consumer Defensive,72.42,4378027407,1495005
2026-08-28,OLLI,2028-01-31,5.03322,5.15354,4.62214,9,3291126759,11,Consumer Defensive,72.42,4378027407,1495005
2026-08-28,OLLI,2027-01-31,4.43824,4.5282,4.24832,9,2963895095,11,Consumer Defensive,72.42,4378027407,1495005
2026-08-28,OLLI,2026-01-31,3.8699,3.92003,3.8298,10,2653232106,9,Consumer Defensive,72.42,4378027407,1495005
2026-08-28,OLMA,2030-12-31,-0.0875,-0.03619544,-0.1371,1,480565000,6,Healthcare,10.27,897058527,740846
2026-08-28,OLMA,2029-12-31,-1.5825,-0.65462,-2.47958,1,233675000,6,Healthcare,10.27,897058527,740846
2026-08-28,OLMA,2028-12-31,-2.25312,-1.91177,-2.89357,5,89667435,8,Healthcare,10.27,897058527,740846
2026-08-28,OLMA,2027-12-31,-2.66306,-2.43787,-3.02531,7,8187661,7,Healthcare,10.27,897058527,740846
2026-08-28,OLN,2028-12-31,1.4627,1.91676,1.21292,5,7617752302,10,Basic Materials,17.15,1954791300,3341431
2026-08-28,OLN,2027-12-31,0.69643,1.47643,-0.51536,6,7324856684,10,Basic Materials,17.15,1954791300,3341431
2026-08-28,OLN,2026-12-31,-0.30204,-0.13073,-0.49589,6,6947126780,10,Basic Materials,17.15,1954791300,3341431
2026-08-28,OLN,2025-12-31,-0.19737,0.16448,-0.32895,5,6653917907,9,Basic Materials,17.15,1954791300,3341431
2026-08-28,OMC,2030-12-31,16.54,17.08574,15.96486,4,27235500000,4,Communication Services,88.28,24219264880,1389407
2026-08-28,OMC,2029-12-31,11.96039,12.35502,11.54449,2,26311616753,4,Communication Services,88.28,24219264880,1389407
2026-08-28,OMC,2028-12-31,13.36044,16.0473,9.84129,7,25978326505,9,Communication Services,88.28,24219264880,1389407
2026-08-28,OMC,2027-12-31,11.82272,12.40656,10.21717,8,25033950147,8,Communication Services,88.28,24219264880,1389407
2026-08-28,OMCL,2028-12-31,2.46,2.66902,2.25098,2,1346520667,4,Healthcare,33.08,1504442012,538712
2026-08-28,OMCL,2027-12-31,2.09,2.59117,1.55684,5,1288305689,6,Healthcare,33.08,1504442012,538712
2026-08-28,OMCL,2026-12-31,2.26875,2.41648,2.13157,5,1236922781,6,Healthcare,33.08,1504442012,538712
2026-08-28,OMCL,2025-12-31,1.71625,1.73644,1.68596,6,1183885937,5,Healthcare,33.08,1504442012,538712
2026-08-28,OMDA,2030-12-31,0,0,0,0,577000000,3,Healthcare,23.69,1408335083,1042054
2026-08-28,OMDA,2029-12-31,0,0,0,0,505000000,4,Healthcare,23.69,1408335083,1042054
2026-08-28,OMDA,2028-12-31,0.73534,0.75225,0.71791,1,490522504,6,Healthcare,23.69,1408335083,1042054
2026-08-28,OMDA,2027-12-31,0.46114,0.53963,0.38265,4,407610122,8,Healthcare,23.69,1408335083,1042054
2026-08-28,OMER,2030-12-31,2.99667,3.32651,2.5626,1,512266667,2,Healthcare,18.61,1346905357,1143547
2026-08-28,OMER,2029-12-31,2.32,2.57536,1.98395,1,431366667,1,Healthcare,18.61,1346905357,1143547
2026-08-28,OMER,2028-12-31,1.59333,2.04,0.83,3,315966667,3,Healthcare,18.61,1346905357,1143547
2026-08-28,OMER,2027-12-31,1,1.77876,0.21239,2,215233333,2,Healthcare,18.61,1346905357,1143547
2026-08-28,OMF,2028-12-31,10.02812,10.27222,9.86175,1,6422882500,1,Financial Services,62.84,7259968040,799661
2026-08-28,OMF,2027-12-31,8.59328,8.90304,8.29351,9,5659023888,6,Financial Services,62.84,7259968040,799661
2026-08-28,OMF,2026-12-31,7.09206,7.30153,6.78284,9,5263374779,6,Financial Services,62.84,7259968040,799661
2026-08-28,OMF,2025-12-31,6.61628,6.77547,6.3775,11,4996395375,5,Financial Services,62.84,7259968040,799661
2026-08-28,ON,2028-12-31,5.84583,6.77321,4.5762,9,8404460067,17,Technology,72.61,28267944320,7059711
2026-08-28,ON,2027-12-31,4.49765,4.79749,3.99791,20,7394263348,22,Technology,72.61,28267944320,7059711
2026-08-28,ON,2026-12-31,3.19892,3.54555,2.97113,20,6550932525,22,Technology,72.61,28267944320,7059711
2026-08-28,ON,2025-12-31,2.33261,2.6489,2.28319,23,6000353413,23,Technology,72.61,28267944320,7059711
2026-08-28,ONB,2028-12-31,3.21096,3.23948,3.18282,6,3227226713,2,Financial Services,25.85,9889434500,3420204
2026-08-28,ONB,2027-12-31,2.891,2.94172,2.85042,8,3063327906,6,Financial Services,25.85,9889434500,3420204
2026-08-28,ONB,2026-12-31,2.60633,2.62638,2.58628,8,2910039432,6,Financial Services,25.85,9889434500,3420204
2026-08-28,ONB,2025-12-31,2.1648,2.17478,2.14485,7,2540297450,7,Financial Services,25.85,9889434500,3420204
2026-08-28,ONON,2029-12-31,2.28462,2.39588,2.04852,5,5593074733,10,Consumer Cyclical,28.85,9616562797,4971550
2026-08-28,ONON,2028-12-31,2.07603,2.37567,1.74812,8,5008370225,12,Consumer Cyclical,28.85,9616562797,4971550
2026-08-28,ONON,2027-12-31,1.66829,1.70999,1.60989,14,4169039220,20,Consumer Cyclical,28.85,9616562797,4971550
2026-08-28,ONON,2026-12-31,1.40335,1.41968,1.36256,14,3520436184,20,Consumer Cyclical,28.85,9616562797,4971550
2026-08-28,ONTO,2031-01-03,19.09,20.71277,17.4576,2,2871250000,3,Technology,270.79,13470060508,1082841
2026-08-28,ONTO,2030-01-03,15.56,16.88269,14.22945,1,2401750000,8,Technology,270.79,13470060508,1082841
2026-08-28,ONTO,2029-01-03,13.8975,14.48942,13.09533,5,2185289781,9,Technology,270.79,13470060508,1082841
2026-08-28,ONTO,2028-01-03,11.65455,12.85489,8.93584,8,1868429669,9,Technology,270.79,13470060508,1082841
2026-08-28,OOMA,2031-01-31,2.66,2.69449,2.61689,1,460700000,1,Communication Services,22.91,629448195,760576
2026-08-28,OOMA,2030-01-31,2.05,2.07658,2.01677,1,393601000,1,Communication Services,22.91,629448195,760576
2026-08-28,OOMA,2029-01-31,1.81333,1.83684,1.78394,1,369481000,3,Communication Services,22.91,629448195,760576
2026-08-28,OOMA,2028-01-31,1.49429,1.57907,1.40951,4,342510000,5,Communication Services,22.91,629448195,760576
2026-08-28,OPCH,2030-12-31,2.79,2.83146,2.75338,1,7784968000,6,Healthcare,23.9,3579867571,1195557
2026-08-28,OPCH,2029-12-31,2.55,2.5879,2.51653,1,7220374000,6,Healthcare,23.9,3579867571,1195557
2026-08-28,OPCH,2028-12-31,2.32147,2.43262,2.15648,5,6636880124,8,Healthcare,23.9,3579867571,1195557
2026-08-28,OPCH,2027-12-31,2.08349,2.13406,2.00258,8,6133276156,10,Healthcare,23.9,3579867571,1195557
2026-08-28,OPLN,2028-12-31,2.22,2.27481,2.14855,3,2561000000,1,Consumer Cyclical,35.09,3717645140,601504
2026-08-28,OPLN,2027-12-31,1.73078,2.04193,1.54603,6,2363963459,6,Consumer Cyclical,35.09,3717645140,601504
2026-08-28,OPLN,2026-12-31,1.44256,1.50225,1.38287,6,2188510378,6,Consumer Cyclical,35.09,3717645140,601504
2026-08-28,OPLN,2025-12-31,1.24697,1.25695,1.20684,5,1910422681,5,Consumer Cyclical,35.09,3717645140,601504
2026-08-28,OR,2030-12-31,3.11214,3.40249,2.8902,1,549009912,1,Basic Materials,37.4,7012345314,1012044
2026-08-28,OR,2029-12-31,2.69314,2.9444,2.50108,1,768798870,1,Basic Materials,37.4,7012345314,1012044
2026-08-28,OR,2028-12-31,2.25728,2.449,2.06556,2,690225255,1,Basic Materials,37.4,7012345314,1012044
2026-08-28,OR,2027-12-31,1.87314,2.016,1.74615,5,638001003,2,Basic Materials,37.4,7012345314,1012044
2026-08-28,ORCL,2031-05-31,23.95,25.81548,19.84184,6,257133700000,11,Technology,150.72,434144438400,17242913
2026-08-28,ORCL,2030-05-31,19.76955,21.30941,16.37846,9,218500169954,12,Technology,150.72,434144438400,17242913
2026-08-28,ORCL,2029-05-31,15.44618,18.23345,10.38719,12,180130878021,24,Technology,150.72,434144438400,17242913
2026-08-28,ORCL,2028-05-31,10.93843,12.21271,8.44084,24,130502297388,30,Technology,150.72,434144438400,17242913
2026-08-28,ORI,2028-12-31,3.35055,3.36677,3.33433,1,10730000000,1,Financial Services,42.07,10246316780,801216
2026-08-28,ORI,2027-12-31,3.2866,3.31722,3.21515,2,10370050000,2,Financial Services,42.07,10246316780,801216
2026-08-28,ORI,2026-12-31,2.9835,3.1783,2.79895,2,9932350000,2,Financial Services,42.07,10246316780,801216
2026-08-28,ORI,2025-12-31,3.2675,3.30759,3.22741,2,9059850000,2,Financial Services,42.07,10246316780,801216
2026-08-28,ORIC,2030-12-31,-0.6775,-0.6775,-0.6775,4,248586000,4,Healthcare,13.24,1370572521,765428
2026-08-28,ORIC,2029-12-31,-1.78,-1.78,-1.78,2,46612500,4,Healthcare,13.24,1370572521,765428
2026-08-28,ORIC,2028-12-31,-1.69647,-1.47495,-1.91469,7,5514349,9,Healthcare,13.24,1370572521,765428
2026-08-28,ORIC,2027-12-31,-1.63873,-1.3881,-1.8026,11,2211857,11,Healthcare,13.24,1370572521,765428
2026-08-28,ORKA,2030-12-31,-3.982,-3.982,-3.982,4,131097800,3,Healthcare,91.145,5497146446,589421
2026-08-28,ORKA,2029-12-31,-4.026,-4.026,-4.026,2,0,0,Healthcare,91.145,5497146446,589421
2026-08-28,ORKA,2028-12-31,-3.57695,-2.65306,-6.08238,7,0,0,Healthcare,91.145,5497146446,589421
2026-08-28,ORKA,2027-12-31,-2.72719,-2.20538,-3.06194,7,0,0,Healthcare,91.145,5497146446,589421
2026-08-28,ORLY,2030-12-31,4.665,4.73628,4.55852,5,23256800000,5,Consumer Cyclical,88.5,73341277500,4704785
2026-08-28,ORLY,2029-12-31,4.37556,4.44242,4.27569,5,22495431680,5,Consumer Cyclical,88.5,73341277500,4704785
2026-08-28,ORLY,2028-12-31,4.06579,4.24356,3.88749,8,21523993909,11,Consumer Cyclical,88.5,73341277500,4704785
2026-08-28,ORLY,2027-12-31,3.65812,3.71858,3.56742,19,20263860214,19,Consumer Cyclical,88.5,73341277500,4704785
2026-08-28,OSCR,2030-12-31,3.03,3.23569,2.66225,1,27433613000,3,Healthcare,30.47,7900051113,5179072
2026-08-28,OSCR,2029-12-31,2.62,2.79785,2.30201,1,24602239000,4,Healthcare,30.47,7900051113,5179072
2026-08-28,OSCR,2028-12-31,2.4579,2.59666,2.24711,5,22349875935,6,Healthcare,30.47,7900051113,5179072
2026-08-28,OSCR,2027-12-31,1.90428,2.39365,1.44683,6,20264197291,6,Healthcare,30.47,7900051113,5179072
2026-08-28,OSW,2029-12-31,1.72,1.75523,1.70331,1,1419608000,1,Consumer Cyclical,25.26,2563864740,561717
2026-08-28,OSW,2028-12-31,1.48,1.51032,1.46564,1,1200200000,2,Consumer Cyclical,25.26,2563864740,561717
2026-08-28,OSW,2027-12-31,1.29,1.34954,1.25031,4,1122855833,4,Consumer Cyclical,25.26,2563864740,561717
2026-08-28,OSW,2026-12-31,1.13667,1.14655,1.12679,4,1034071833,4,Consumer Cyclical,25.26,2563864740,561717
2026-08-28,OTEX,2029-06-30,0,0,0,3,5247874433,3,Technology,25.1,6090825236,1277712
2026-08-28,OTEX,2028-06-30,4.2573,4.28713,4.23183,5,5303246879,7,Technology,25.1,6090825236,1277712
2026-08-28,OTEX,2027-06-30,3.96768,3.99548,3.94394,5,5226167452,7,Technology,25.1,6090825236,1277712
2026-08-28,OTEX,2026-06-30,4.14972,4.1788,4.1249,5,5112821027,7,Technology,25.1,6090825236,1277712
2026-08-28,OTF,2028-12-31,1.3,1.42,1.18,2,1582112900,2,Financial Services,11.38,5264868282,2222342
2026-08-28,OTF,2027-12-31,1.35735,1.44399,1.28034,6,1565046713,6,Financial Services,11.38,5264868282,2222342
2026-08-28,OTF,2026-12-31,1.28966,1.33965,1.20968,6,1380104413,6,Financial Services,11.38,5264868282,2222342
2026-08-28,OTF,2025-12-31,1.34407,1.39822,1.27777,4,1151379225,5,Financial Services,11.38,5264868282,2222342
2026-08-28,OTIS,2030-12-31,6.42,6.53766,6.29036,3,19147000000,6,Industrials,71.74,27309218380,3499361
2026-08-28,OTIS,2029-12-31,5.81298,5.91951,5.6956,3,18103025854,10,Industrials,71.74,27309218380,3499361
2026-08-28,OTIS,2028-12-31,5.0911,5.74541,4.79606,9,16807905100,12,Industrials,71.74,27309218380,3499361
2026-08-28,OTIS,2027-12-31,4.5623,4.72597,4.46001,9,15988163653,10,Industrials,71.74,27309218380,3499361
2026-08-28,OUST,2030-12-31,0,0,0,1,768100000,2,Technology,34.62,2496528968,2263025
2026-08-28,OUST,2029-12-31,0.42,0.44807,0.38706,1,565600000,2,Technology,34.62,2496528968,2263025
2026-08-28,OUST,2028-12-31,0.37667,27.12024,-34.65364,4,394020000,4,Technology,34.62,2496528968,2263025
2026-08-28,OUST,2027-12-31,0.0075,0.01544118,-0.000220588235,3,297814286,5,Technology,34.62,2496528968,2263025
2026-08-28,OUT,2029-12-31,1.86,1.8901,1.83816,1,2206200000,2,Real Estate,29.6,5211479896,1218555
2026-08-28,OUT,2028-12-31,1.6424,1.68291,1.60189,2,2136620480,4,Real Estate,29.6,5211479896,1218555
2026-08-28,OUT,2027-12-31,1.47293,1.5472,1.39248,3,2051122190,5,Real Estate,29.6,5211479896,1218555
2026-08-28,OUT,2026-12-31,1.3902,1.42055,1.34163,3,1998220433,5,Real Estate,29.6,5211479896,1218555
2026-08-28,OVV,2030-12-31,8.035,9.67418,6.42544,5,9468500000,2,Energy,64.59,17865594000,2155668
2026-08-28,OVV,2029-12-31,7.178,8.64235,5.74011,5,8965666667,2,Energy,64.59,17865594000,2155668
2026-08-28,OVV,2028-12-31,8.13724,10.50007,4.4662,8,9675179360,5,Energy,64.59,17865594000,2155668
2026-08-28,OVV,2027-12-31,6.93923,9.12138,5.04076,13,9225002059,6,Energy,64.59,17865594000,2155668
2026-08-28,OWL,2029-12-31,1.31751,1.37662,1.2539,1,4293112500,2,Financial Services,12.02,18789823349,14954378
2026-08-28,OWL,2028-12-31,1.13141,1.41426,0.84856,2,3615919013,5,Financial Services,12.02,18789823349,14954378
2026-08-28,OWL,2027-12-31,0.98729,1.06707,0.92745,9,3129841228,8,Financial Services,12.02,18789823349,14954378
2026-08-28,OWL,2026-12-31,0.88553,0.90566,0.8654,9,2832381443,8,Financial Services,12.02,18789823349,14954378
2026-08-28,OXY,2030-12-31,4.88,5.18456,4.54188,2,24368000000,4,Energy,59.1,58782910829,4428409
2026-08-28,OXY,2029-12-31,4.17,4.43025,3.88108,3,24621000000,4,Energy,59.1,58782910829,4428409
2026-08-28,OXY,2028-12-31,4.04692,5.22318,3.09796,6,24336397817,9,Energy,59.1,58782910829,4428409
2026-08-28,OXY,2027-12-31,3.84973,7.43719,2.61332,13,23850410344,9,Energy,59.1,58782910829,4428409
2026-08-28,OZK,2028-12-31,6.99382,7.26286,6.72477,2,1963038680,4,Financial Services,49.4,5392794225,937862
2026-08-28,OZK,2027-12-31,6.06756,6.36115,5.92076,8,1807825932,7,Financial Services,49.4,5392794225,937862
2026-08-28,OZK,2026-12-31,5.79738,5.85684,5.74783,7,1729444451,7,Financial Services,49.4,5392794225,937862
2026-08-28,OZK,2025-12-31,6.19239,6.23234,6.16243,8,1729541191,6,Financial Services,49.4,5392794225,937862
2026-08-28,P,2031-02-01,4.88,5.27946,4.49791,1,7750000000,3,Technology,93.44,31059923200,3245565
2026-08-28,P,2030-02-01,3.91,4.23006,3.60386,1,6763000000,4,Technology,93.44,31059923200,3245565
2026-08-28,P,2029-02-01,3.74446,4.05097,3.45128,1,5912752928,8,Technology,93.44,31059923200,3245565
2026-08-28,P,2028-02-01,3.09218,3.97705,2.75185,13,5242952918,15,Technology,93.44,31059923200,3245565
2026-08-28,PAA,2030-12-31,2.31,2.90496,1.95683,2,51650373268,5,Energy,25.48,17976955360,1443193
2026-08-28,PAA,2029-12-31,2.23,2.80435,1.88906,3,63464000000,3,Energy,25.48,17976955360,1443193
2026-08-28,PAA,2028-12-31,1.97753,2.52824,1.53256,6,61560689559,7,Energy,25.48,17976955360,1443193
2026-08-28,PAA,2027-12-31,1.71628,2.34743,1.07406,7,61263366551,7,Energy,25.48,17976955360,1443193
2026-08-28,PAAS,2030-12-31,2.55644,3.14591,2.08197,1,3020689315,2,Basic Materials,52.87,22276774500,6988929
2026-08-28,PAAS,2029-12-31,2.72351,3.3515,2.21804,1,3116631548,1,Basic Materials,52.87,22276774500,6988929
2026-08-28,PAAS,2028-12-31,4.8289,5.94236,3.93267,1,4873123373,3,Basic Materials,52.87,22276774500,6988929
2026-08-28,PAAS,2027-12-31,4.77755,8.30612,2.332,7,5176088376,6,Basic Materials,52.87,22276774500,6988929
2026-08-28,PAGP,2030-12-31,2.37,2.51218,2.22149,1,35746113396,2,Energy,27.97,5535378348,1697858
2026-08-28,PAGP,2029-12-31,2.28,2.41678,2.13713,1,37306909167,2,Energy,27.97,5535378348,1697858
2026-08-28,PAGP,2028-12-31,2.0034,2.27978,1.63455,4,60294879117,5,Energy,27.97,5535378348,1697858
2026-08-28,PAGP,2027-12-31,1.83902,4.5463,0.4492,3,57862009736,4,Energy,27.97,5535378348,1697858
2026-08-28,PANW,2030-07-31,0,0,0,0,21083600000,3,Technology,371.59,302845850000,5837234
2026-08-28,PANW,2029-07-31,5.712,8.64398,2.03276,3,18590780000,7,Technology,371.59,302845850000,5837234
2026-08-28,PANW,2028-07-31,4.82939,7.23558,2.11567,12,15803111501,36,Technology,371.59,302845850000,5837234
2026-08-28,PANW,2027-07-31,4.10732,4.597,3.8275,17,13834659162,40,Technology,371.59,302845850000,5837234
2026-08-28,PAR,2028-12-31,2.64,72.42177,-59.97428,3,629828000,3,Technology,19.15,789864711,656225
2026-08-28,PAR,2027-12-31,1.428,1.6261,1.2299,5,571776625,6,Technology,19.15,789864711,656225
2026-08-28,PAR,2026-12-31,0.76667,0.77472,0.75578,5,520200443,6,Technology,19.15,789864711,656225
2026-08-28,PAR,2025-12-31,0.12667,0.128,0.12487,4,451780800,5,Technology,19.15,789864711,656225
2026-08-28,PARR,2029-12-31,9.59,10.02242,9.07709,1,7427234153,1,Energy,78.85,3953876241,801527
2026-08-28,PARR,2028-12-31,7.72864,8.07713,7.31529,1,7331671080,3,Energy,78.85,3953876241,801527
2026-08-28,PARR,2027-12-31,12.09149,17.02377,7.15921,4,7397333373,4,Energy,78.85,3953876241,801527
2026-08-28,PARR,2026-12-31,19.71611,23.89411,16.63807,4,8709140433,4,Energy,78.85,3953876241,801527
2026-08-28,PATH,2029-01-31,1.05067,1.42895,0.68531,3,2070504616,5,Technology,18.15,9654195032,53108174
2026-08-28,PATH,2028-01-31,0.90149,0.96159,0.82136,11,1927926852,14,Technology,18.15,9654195032,53108174
2026-08-28,PATH,2027-01-31,0.78274,0.82188,0.73382,11,1778366147,15,Technology,18.15,9654195032,53108174
2026-08-28,PATH,2026-01-31,0.67352,0.69363,0.65341,10,1594327560,15,Technology,18.15,9654195032,53108174
2026-08-28,PAX,2028-12-31,1.6325,1.75712,1.50788,2,548824000,4,Financial Services,11.34,1829883625,1125971
2026-08-28,PAX,2027-12-31,1.52228,1.53174,1.51282,3,478884394,4,Financial Services,11.34,1829883625,1125971
2026-08-28,PAX,2026-12-31,1.36536,1.40494,1.31589,2,432856171,4,Financial Services,11.34,1829883625,1125971
2026-08-28,PAX,2025-12-31,1.21511,1.22491,1.19551,3,364938400,3,Financial Services,11.34,1829883625,1125971
2026-08-28,PAY,2028-12-31,1.385,1.4985,1.29236,3,2011621500,4,Technology,35.99,4520338566,1130941
2026-08-28,PAY,2027-12-31,1.07667,1.1354,1.01794,5,1705686667,6,Technology,35.99,4520338566,1130941
2026-08-28,PAY,2026-12-31,0.90167,0.94087,0.87227,4,1452494333,6,Technology,35.99,4520338566,1130941
2026-08-28,PAY,2025-12-31,0.65441,0.69348,0.62511,5,1179803053,5,Technology,35.99,4520338566,1130941
2026-08-28,PAYP,2029-03-31,1.45864,1.85447,1.28624,8,3996885382,8,Technology,15.28,10346747103,547980
2026-08-28,PAYP,2028-03-31,1.07468,1.14701,1.03335,7,3609312234,8,Technology,15.28,10346747103,547980
2026-08-28,PAYP,2027-03-31,0.80244,0.88268,0.74226,7,3039931680,9,Technology,15.28,10346747103,547980
2026-08-28,PAYP,2026-03-31,0.96941,1.17174,0.87406,8,2519781818,12,Technology,15.28,10346747103,547980
2026-08-28,PAYS,2027-12-31,0.42,0.42648,0.41149,2,133220200,3,Industrials,12.89,720625414,727732
2026-08-28,PAYS,2026-12-31,0.345,0.35032,0.33801,2,114650600,3,Industrials,12.89,720625414,727732
2026-08-28,PAYS,2025-12-31,0.1275,0.12947,0.12492,2,80821460,3,Industrials,12.89,720625414,727732
2026-08-28,PAYS,2024-12-31,0.06,0.06092528,0.05878428,2,58202640,3,Industrials,12.89,720625414,727732
2026-08-28,PAYX,2029-05-31,6.81226,6.92617,6.7439,3,7605823824,6,Industrials,127.04,45185950534,1546116
2026-08-28,PAYX,2028-05-31,6.40895,6.52015,6.15623,10,7238975523,12,Industrials,127.04,45185950534,1546116
2026-08-28,PAYX,2027-05-31,5.96362,6.00364,5.9236,12,6863251748,13,Industrials,127.04,45185950534,1546116
2026-08-28,PAYX,2026-05-31,5.49341,5.51342,5.4734,12,6507061764,13,Industrials,127.04,45185950534,1546116
2026-08-28,PB,2028-12-31,8.64,8.73069,8.46817,1,2129784371,2,Financial Services,72.3,8688780037,601920
2026-08-28,PB,2027-12-31,7.28153,7.92723,7.07292,11,2051700719,9,Financial Services,72.3,8688780037,601920
2026-08-28,PB,2026-12-31,5.81206,5.88392,5.74918,11,1747159694,9,Financial Services,72.3,8688780037,601920
2026-08-28,PB,2025-12-31,5.64634,5.67616,5.5867,11,1249386678,7,Financial Services,72.3,8688780037,601920
2026-08-28,PBF,2030-12-31,4.18,5.02739,3.44916,1,32084000000,5,Energy,71.28,8449305813,1819902
2026-08-28,PBF,2029-12-31,5.275,6.34438,4.35271,1,31766000000,3,Energy,71.28,8449305813,1819902
2026-08-28,PBF,2028-12-31,5.97017,6.44713,5.49321,2,34297142914,7,Energy,71.28,8449305813,1819902
2026-08-28,PBF,2027-12-31,11.72911,16.62432,6.325,4,34047762928,8,Energy,71.28,8449305813,1819902
2026-08-28,PBI,2028-12-31,2.03333,2.05956,1.99299,1,1836815000,3,Industrials,17.21,2359322549,1134284
2026-08-28,PBI,2027-12-31,1.82167,1.87064,1.76291,4,1836690267,3,Industrials,17.21,2359322549,1134284
2026-08-28,PBI,2026-12-31,1.675,1.69494,1.66503,3,1847619212,3,Industrials,17.21,2359322549,1134284
2026-08-28,PBI,2025-12-31,1.3,1.31677,1.29,3,1898561706,3,Industrials,17.21,2359322549,1134284
2026-08-28,PBR,2030-12-31,4.0958,4.85046,3.18842,1,113016298503,4,Energy,18.53,119414104278,18768796
2026-08-28,PBR,2029-12-31,3.8741,4.58791,3.01583,1,109925877069,4,Energy,18.53,119414104278,18768796
2026-08-28,PBR,2028-12-31,3.51155,4.15856,2.7336,1,107708566461,3,Energy,18.53,119414104278,18768796
2026-08-28,PBR,2027-12-31,3.56259,3.91582,3.18917,3,108799209965,9,Energy,18.53,119414104278,18768796
2026-08-28,PBR-A,2030-12-31,4.0958,4.93228,3.10721,1,113016298503,14,Energy,16.77,108073309177,6035766
2026-08-28,PBR-A,2029-12-31,3.8741,4.6653,2.93902,1,109925877069,14,Energy,16.77,108073309177,6035766
2026-08-28,PBR-A,2028-12-31,3.60652,4.34307,2.73602,2,108921602756,13,Energy,16.77,108073309177,6035766
2026-08-28,PBR-A,2027-12-31,3.64106,3.91343,3.23917,5,109739144031,16,Energy,16.77,108073309177,6035766
2026-08-28,PCAR,2030-12-31,7.95,8.67858,7.37995,4,34829000000,4,Industrials,125.34,65974583209,1839829
2026-08-28,PCAR,2029-12-31,7.68,8.38383,7.12931,4,33735000000,4,Industrials,125.34,65974583209,1839829
2026-08-28,PCAR,2028-12-31,7.84191,9.984,6.41265,10,32730875000,9,Industrials,125.34,65974583209,1839829
2026-08-28,PCAR,2027-12-31,7.11741,7.57984,6.63487,12,31576060852,9,Industrials,125.34,65974583209,1839829
2026-08-28,PCG,2030-12-31,2.33678,2.46595,2.19744,1,29826838025,5,Utilities,16.6,44489834234,114326369
2026-08-28,PCG,2029-12-31,2.12764,2.24525,2.00077,1,28776200940,5,Utilities,16.6,44489834234,114326369
2026-08-28,PCG,2028-12-31,1.96107,1.99288,1.90962,5,28329984409,11,Utilities,16.6,44489834234,114326369
2026-08-28,PCG,2027-12-31,1.79708,1.83679,1.77722,10,27270473070,9,Utilities,16.6,44489834234,114326369
2026-08-28,PCOR,2030-12-31,0,0,0,1,2626000000,4,Technology,63.72,9614710800,1464966
2026-08-28,PCOR,2029-12-31,0,0,0,1,2304000000,4,Technology,63.72,9614710800,1464966
2026-08-28,PCOR,2028-12-31,2.95117,4.46753,2.02817,4,1969503955,9,Technology,63.72,9614710800,1464966
2026-08-28,PCOR,2027-12-31,2.45684,3.01194,2.21013,10,1723358555,15,Technology,63.72,9614710800,1464966
2026-08-28,PCVX,2030-12-31,6.18667,11.55601,2.18284,2,2426471429,6,Healthcare,59.835,8640035302,759733
2026-08-28,PCVX,2029-12-31,1.16667,2.17921,0.41164,3,1489928571,6,Healthcare,59.835,8640035302,759733
2026-08-28,PCVX,2028-12-31,-6.04,-3.98973,-11.06674,6,177144125,8,Healthcare,59.835,8640035302,759733
2026-08-28,PCVX,2027-12-31,-6.51667,-5.36783,-7.71502,6,87145778,9,Healthcare,59.835,8640035302,759733
2026-08-28,PD,2029-01-31,1.36,1.37747,1.34776,1,500442495,1,Technology,13.83,1261464989,3674842
2026-08-28,PD,2028-01-31,1.40875,1.45049,1.37744,4,508244136,6,Technology,13.83,1261464989,3674842
2026-08-28,PD,2027-01-31,1.31508,1.33198,1.30325,4,494217346,6,Technology,13.83,1261464989,3674842
2026-08-28,PD,2026-01-31,1.12477,1.1349,1.11465,6,490911045,5,Technology,13.83,1261464989,3674842
2026-08-28,PDD,2029-12-31,84.97997,95.79486,78.71092,12,572302547197,24,Consumer Cyclical,85.69,121970841715,6268956
2026-08-28,PDD,2028-12-31,97.86079,118.84273,70.44703,17,581588747709,26,Consumer Cyclical,85.69,121970841715,6268956
2026-08-28,PDD,2027-12-31,83.62649,98.85009,72.26045,18,529328842487,25,Consumer Cyclical,85.69,121970841715,6268956
2026-08-28,PDD,2026-12-31,69.91889,82.05525,61.22117,17,475186483238,23,Consumer Cyclical,85.69,121970841715,6268956
2026-08-28,PDFS,2028-12-31,2.02095,2.06523,1.98871,1,383070600,4,Technology,44.81,1876091637,1363064
2026-08-28,PDFS,2027-12-31,1.62823,1.65731,1.59915,3,318330567,4,Technology,44.81,1876091637,1363064
2026-08-28,PDFS,2026-12-31,1.28923,1.31748,1.27931,3,263624000,4,Technology,44.81,1876091637,1363064
2026-08-28,PDFS,2025-12-31,0.85333,0.89445,0.80192,3,218571475,2,Technology,44.81,1876091637,1363064
2026-08-28,PDI,2026-06-30,-0.0025,-0.0025,-0.0025,1,909629925,1,Financial Services,15.33,7075782467,1969902
2026-08-28,PDI,2025-06-30,-0.007,-0.007,-0.007,1,975618000,1,Financial Services,15.33,7075782467,1969902
2026-08-28,PEB,2028-12-31,-0.09,-0.06428571,-0.11571,2,1561687562,5,Real Estate,18.49,2086467070,1379220
2026-08-28,PEB,2027-12-31,-0.184,-0.16602,-0.20198,3,1510114044,10,Real Estate,18.49,2086467070,1379220
2026-08-28,PEB,2026-12-31,-0.298,-0.28772,-0.30828,3,1482076898,10,Real Estate,18.49,2086467070,1379220
2026-08-28,PEB,2025-12-31,-0.89,-0.8373,-0.92513,3,1469981190,8,Real Estate,18.49,2086467070,1379220
2026-08-28,PECO,2028-12-31,0.93963,0.9721,0.89563,3,803827017,4,Real Estate,39.07,5017564750,572141
2026-08-28,PECO,2027-12-31,0.83804,0.85239,0.82369,4,808360310,6,Real Estate,39.07,5017564750,572141
2026-08-28,PECO,2026-12-31,0.82267,0.82861,0.81376,3,761659880,6,Real Estate,39.07,5017564750,572141
2026-08-28,PECO,2025-12-31,0.61663,0.64461,0.61426,2,658295924,5,Real Estate,39.07,5017564750,572141
2026-08-28,PEG,2030-12-31,5.66968,6.41847,4.95992,1,14809200000,6,Utilities,73.19,36472113990,2284221
2026-08-28,PEG,2029-12-31,5.37325,6.08289,4.7006,1,14297763214,11,Utilities,73.19,36472113990,2284221
2026-08-28,PEG,2028-12-31,5.026,5.14228,4.92175,5,13701626507,13,Utilities,73.19,36472113990,2284221
2026-08-28,PEG,2027-12-31,4.67229,4.74217,4.59242,13,13076278528,11,Utilities,73.19,36472113990,2284221
2026-08-28,PEGA,2028-12-31,2.80831,2.97741,2.63922,2,2237813403,4,Technology,36.17,5946528850,1404556
2026-08-28,PEGA,2027-12-31,2.6435,3.08408,2.4933,6,2059147239,8,Technology,36.17,5946528850,1404556
2026-08-28,PEGA,2026-12-31,2.4516,2.82956,2.20644,6,1886218234,7,Technology,36.17,5946528850,1404556
2026-08-28,PEGA,2025-12-31,2.07731,2.16763,2.00706,8,1733326798,8,Technology,36.17,5946528850,1404556
2026-08-28,PENG,2028-08-29,3.9975,4.14221,3.91195,1,2458301500,4,Technology,49.51,2537026077,1420806
2026-08-28,PENG,2027-08-29,3.35557,3.47704,3.28375,3,2139065286,4,Technology,49.51,2537026077,1420806
2026-08-28,PENG,2026-08-29,2.61471,2.70936,2.55875,3,1663576857,4,Technology,49.51,2537026077,1420806
2026-08-28,PENG,2025-08-29,1.83884,1.90541,1.79949,5,1372987789,4,Technology,49.51,2537026077,1420806
2026-08-28,PENN,2029-12-31,4.1,4.22397,3.87994,3,7630000000,4,Consumer Cyclical,17.36,2321803669,2246762
2026-08-28,PENN,2028-12-31,1.96833,3.53177,1.24136,6,7924684408,9,Consumer Cyclical,17.36,2321803669,2246762
2026-08-28,PENN,2027-12-31,1.46518,1.68853,0.84873,8,7724022913,15,Consumer Cyclical,17.36,2321803669,2246762
2026-08-28,PENN,2026-12-31,0.8534,1.11277,0.66933,7,7424326969,15,Consumer Cyclical,17.36,2321803669,2246762
2026-08-28,PEP,2030-12-27,9.97,10.14262,9.84611,2,109620500000,10,Consumer Defensive,141.07,192701620000,5462892
2026-08-28,PEP,2029-12-27,9.58163,9.74753,9.46257,3,106248650930,10,Consumer Defensive,141.07,192701620000,5462892
2026-08-28,PEP,2028-12-27,9.46497,10.51207,7.61183,7,105259369016,16,Consumer Defensive,141.07,192701620000,5462892
2026-08-28,PEP,2027-12-27,8.96566,9.19478,8.617,13,101854171426,17,Consumer Defensive,141.07,192701620000,5462892
2026-08-28,PFE,2030-12-31,2.43909,2.55049,2.35074,5,53206181818,11,Healthcare,27.96,159356342400,27164507
2026-08-28,PFE,2029-12-31,2.35739,2.46506,2.272,5,52869439757,14,Healthcare,27.96,159356342400,27164507
2026-08-28,PFE,2028-12-31,2.48564,3.0143,1.60001,8,54781173675,22,Healthcare,27.96,159356342400,27164507
2026-08-28,PFE,2027-12-31,2.89303,3.11025,2.77454,14,59719626044,18,Healthcare,27.96,159356342400,27164507
2026-08-28,PFG,2029-12-31,12.22335,12.43076,12.0228,1,19739267400,1,Financial Services,111.41,23853438050,806379
2026-08-28,PFG,2028-12-31,11.40317,11.92618,10.74953,4,18805828102,3,Financial Services,111.41,23853438050,806379
2026-08-28,PFG,2027-12-31,10.4438,10.61484,10.22245,7,17920893664,4,Financial Services,111.41,23853438050,806379
2026-08-28,PFG,2026-12-31,9.61237,9.89361,9.37131,7,16305809861,4,Financial Services,111.41,23853438050,806379
2026-08-28,PFGC,2030-06-27,8.955,9.12384,8.6422,1,82488900000,4,Consumer Defensive,100.85,15842526500,1108493
2026-08-28,PFGC,2029-06-27,7.9804,8.96705,6.93652,5,78669709680,9,Consumer Defensive,100.85,15842526500,1108493
2026-08-28,PFGC,2028-06-27,6.8031,7.16851,5.93256,7,75089461304,10,Consumer Defensive,100.85,15842526500,1108493
2026-08-28,PFGC,2027-06-27,5.68231,5.78414,5.62121,7,72844466802,9,Consumer Defensive,100.85,15842526500,1108493
2026-08-28,PFS,2027-12-31,2.60017,2.67072,2.51954,5,985720433,5,Financial Services,23.51,3063682140,873895
2026-08-28,PFS,2026-12-31,2.46298,2.50386,2.43232,5,926597083,5,Financial Services,23.51,3063682140,873895
2026-08-28,PFS,2025-12-31,2.14845,2.15844,2.13846,3,868470900,3,Financial Services,23.51,3063682140,873895
2026-08-28,PFS,2024-12-31,1.86333,1.95447,1.76206,4,701650000,2,Financial Services,23.51,3063682140,873895
2026-08-28,PG,2031-06-30,7.37,7.53516,7.21894,5,94163000000,6,Consumer Defensive,143.76,341747556783,5773586
2026-08-28,PG,2030-06-30,8.00302,8.18237,7.83898,2,97609125858,13,Consumer Defensive,143.76,341747556783,5773586
2026-08-28,PG,2029-06-30,7.80689,8.15426,7.22923,6,94502872553,14,Consumer Defensive,143.76,341747556783,5773586
2026-08-28,PG,2028-06-30,7.39281,7.47252,7.22343,14,91242726657,18,Consumer Defensive,143.76,341747556783,5773586
2026-08-28,PGNY,2030-12-31,1.94,1.99733,1.899,2,1738000000,5,Healthcare,26,2036641620,832624
2026-08-28,PGNY,2029-12-31,2.06,2.12088,2.01646,3,1723150000,3,Healthcare,26,2036641620,832624
2026-08-28,PGNY,2028-12-31,1.70667,1.94083,1.13048,6,1605558714,7,Healthcare,26,2036641620,832624
2026-08-28,PGNY,2027-12-31,1.52109,1.54709,1.49509,7,1512286324,8,Healthcare,26,2036641620,832624
2026-08-28,PGR,2028-12-31,15.96901,17.17328,14.80681,7,97871031367,5,Financial Services,218.64,127117296000,924333
2026-08-28,PGR,2027-12-31,16.20202,17.75701,14.59687,15,92799627720,7,Financial Services,218.64,127117296000,924333
2026-08-28,PGR,2026-12-31,17.89657,18.96593,16.30263,16,88118375891,7,Financial Services,218.64,127117296000,924333
2026-08-28,PGR,2025-12-31,17.99283,18.29271,17.65297,16,83927441435,6,Financial Services,218.64,127117296000,924333
2026-08-28,PGY,2028-12-31,3.27,3.38601,3.18605,1,1967222000,2,Technology,21.98,1833700029,1937247
2026-08-28,PGY,2027-12-31,2.32556,2.40807,2.26586,6,1710862273,7,Technology,21.98,1833700029,1937247
2026-08-28,PGY,2026-12-31,1.69778,1.75801,1.65419,6,1471047510,7,Technology,21.98,1833700029,1937247
2026-08-28,PGY,2025-12-31,0.88889,0.92043,0.86607,4,1315960489,6,Technology,21.98,1833700029,1937247
2026-08-28,PH,2031-06-30,49.91,53.01663,46.45972,2,29586000000,1,Industrials,995.02,125458478783,550623
2026-08-28,PH,2030-06-30,48.215,51.21613,44.8819,1,28945500000,2,Industrials,995.02,125458478783,550623
2026-08-28,PH,2029-06-30,42.95633,47.98376,40.41582,3,25907279530,4,Industrials,995.02,125458478783,550623
2026-08-28,PH,2028-06-30,38.66633,41.17792,36.59022,7,24381483843,7,Industrials,995.02,125458478783,550623
2026-08-28,PHG,2030-12-31,2.12388,2.1425,2.11401,1,21073313679,5,Healthcare,26.72,26116859834,531709
2026-08-28,PHG,2029-12-31,1.98203,1.9994,1.97282,1,20332549408,5,Healthcare,26.72,26116859834,531709
2026-08-28,PHG,2028-12-31,1.91164,1.9284,1.90276,1,19536019632,4,Healthcare,26.72,26116859834,531709
2026-08-28,PHG,2027-12-31,1.66865,1.85211,1.52887,3,18692742311,10,Healthcare,26.72,26116859834,531709
2026-08-28,PHM,2028-12-31,13.2518,13.51687,12.98674,2,18345019984,4,Consumer Cyclical,128.55,24811537954,1065613
2026-08-28,PHM,2027-12-31,11.24169,11.65655,10.87742,10,17122204693,9,Consumer Cyclical,128.55,24811537954,1065613
2026-08-28,PHM,2026-12-31,10.1737,10.39487,9.96259,10,16403331149,9,Consumer Cyclical,128.55,24811537954,1065613
2026-08-28,PHM,2025-12-31,11.36433,11.4445,11.26412,9,16998755786,7,Consumer Cyclical,128.55,24811537954,1065613
2026-08-28,PHR,2031-01-31,0.99,1.02443,0.95053,2,553000000,1,Healthcare,12.15,751014451,508617
2026-08-28,PHR,2030-01-31,0.92,0.952,0.88332,1,539200000,2,Healthcare,12.15,751014451,508617
2026-08-28,PHR,2029-01-31,0.77219,0.85,0.66,4,558368430,5,Healthcare,12.15,751014451,508617
2026-08-28,PHR,2028-01-31,0.66903,0.93082,0.54298,8,540349534,13,Healthcare,12.15,751014451,508617
2026-08-28,PII,2028-12-31,4.24201,4.69546,3.78856,2,7937900890,6,Consumer Cyclical,63.78,3629305230,993354
2026-08-28,PII,2027-12-31,3.44524,3.91081,3.02622,10,7677380555,13,Consumer Cyclical,63.78,3629305230,993354
2026-08-28,PII,2026-12-31,3.02602,3.43012,2.90385,9,7424344205,13,Consumer Cyclical,63.78,3629305230,993354
2026-08-28,PII,2025-12-31,-0.040655,0.14229,-0.10164,9,7048473129,10,Consumer Cyclical,63.78,3629305230,993354
2026-08-28,PINS,2030-12-31,3.5,3.63473,3.34857,8,7342750000,11,Communication Services,23.195,14756309150,6541068
2026-08-28,PINS,2029-12-31,2.84931,2.959,2.72604,9,6674651382,14,Communication Services,23.195,14756309150,6541068
2026-08-28,PINS,2028-12-31,2.69288,3.58944,1.98839,18,6184411614,22,Communication Services,23.195,14756309150,6541068
2026-08-28,PINS,2027-12-31,2.4062,2.57143,2.12737,20,5551812175,28,Communication Services,23.195,14756309150,6541068
2026-08-28,PIPR,2028-12-31,0,0,0,1,2505666000,1,Financial Services,75.61,5103675000,531726
2026-08-28,PIPR,2027-12-31,5.4975,5.57986,5.40485,2,2348913250,3,Financial Services,75.61,5103675000,531726
2026-08-28,PIPR,2026-12-31,4.625,4.69678,4.55322,2,2081971750,3,Financial Services,75.61,5103675000,531726
2026-08-28,PIPR,2025-12-31,3.88188,3.90955,3.85169,3,1762170500,2,Financial Services,75.61,5103675000,531726
2026-08-28,PK,2028-12-31,0.5,0.65008,0.34992,2,2622786035,5,Real Estate,15.83,3187557848,3375404
2026-08-28,PK,2027-12-31,0.58502,0.64382,0.54386,5,2580820816,11,Real Estate,15.83,3187557848,3375404
2026-08-28,PK,2026-12-31,0.45595,0.51207,0.42322,5,2517308974,9,Real Estate,15.83,3187557848,3375404
2026-08-28,PK,2025-12-31,-0.34952,-0.3459,-0.35495,3,2533927307,8,Real Estate,15.83,3187557848,3375404
2026-08-28,PL,2030-01-31,0.28,0.29964,0.26409,1,846800000,4,Industrials,19.98,6651516425,8235198
2026-08-28,PL,2029-01-31,0.11426,0.23614,-0.00761733,2,743386223,7,Industrials,19.98,6651516425,8235198
2026-08-28,PL,2028-01-31,-0.00512,0.00170667,-0.01536,5,569890151,9,Industrials,19.98,6651516425,8235198
2026-08-28,PL,2027-01-31,-0.078847,-0.05631929,-0.10137,5,436057304,9,Industrials,19.98,6651516425,8235198
2026-08-28,PLAB,2030-10-31,2.5,2.52917,2.47746,1,1062688000,1,Technology,27.73,1635063401,2632299
2026-08-28,PLAB,2029-10-31,2.35,2.37742,2.32881,1,1015763000,1,Technology,27.73,1635063401,2632299
2026-08-28,PLAB,2028-10-31,2.19,2.21555,2.17025,1,961736000,1,Technology,27.73,1635063401,2632299
2026-08-28,PLAB,2027-10-31,2.02,2.07,1.96,2,898270000,3,Technology,27.73,1635063401,2632299
2026-08-28,PLD,2030-12-31,5.31,5.42133,5.2139,1,11058474000,2,Real Estate,140.74,131321116240,1862490
2026-08-28,PLD,2029-12-31,4.74,4.83938,4.65421,1,10396225000,1,Real Estate,140.74,131321116240,1862490
2026-08-28,PLD,2028-12-31,3.95,4.67934,3.29287,3,10122185333,3,Real Estate,140.74,131321116240,1862490
2026-08-28,PLD,2027-12-31,3.65,3.6994,3.57865,4,9381357143,3,Real Estate,140.74,131321116240,1862490
2026-08-28,PLNT,2030-12-31,6.75,7.08233,6.40773,1,2020500000,4,Consumer Cyclical,53.33,4236683404,1515882
2026-08-28,PLNT,2029-12-31,6,6.2954,5.69576,1,1865700000,4,Consumer Cyclical,53.33,4236683404,1515882
2026-08-28,PLNT,2028-12-31,4.22631,4.77491,3.89058,5,1653513557,9,Consumer Cyclical,53.33,4236683404,1515882
2026-08-28,PLNT,2027-12-31,3.6572,3.91843,3.34373,12,1523895324,15,Consumer Cyclical,53.33,4236683404,1515882
2026-08-28,PLTR,2030-12-31,14.38,16.06219,12.98948,3,70119129000,8,Technology,186.29,427734880300,24959261
2026-08-28,PLTR,2029-12-31,6.7,7.48377,6.05212,3,33441100000,13,Technology,186.29,427734880300,24959261
2026-08-28,PLTR,2028-12-31,3.43836,4.14863,2.62832,9,17929512848,17,Technology,186.29,427734880300,24959261
2026-08-28,PLTR,2027-12-31,2.28179,2.94097,1.61246,20,12222216484,24,Technology,186.29,427734880300,24959261
2026-08-28,PM,2030-12-31,12.05294,12.43427,11.81682,1,54209961288,5,Consumer Defensive,191.89,299081672900,3811283
2026-08-28,PM,2029-12-31,10.8725,11.21648,10.6595,1,51016250000,5,Consumer Defensive,191.89,299081672900,3811283
2026-08-28,PM,2028-12-31,9.99542,10.34158,9.51883,5,48738712636,11,Consumer Defensive,191.89,299081672900,3811283
2026-08-28,PM,2027-12-31,9.13391,9.27351,9.03419,9,45903049767,11,Consumer Defensive,191.89,299081672900,3811283
2026-08-28,PNC,2029-12-31,19.46,19.68529,19.09382,5,19962523281,1,Financial Services,242.22,96645780000,1376293
2026-08-28,PNC,2028-12-31,23.88338,25.04447,21.43645,8,29013999243,3,Financial Services,242.22,96645780000,1376293
2026-08-28,PNC,2027-12-31,21.52689,22.40492,20.12406,15,27652173624,7,Financial Services,242.22,96645780000,1376293
2026-08-28,PNC,2026-12-31,18.99422,19.36917,18.50086,14,26335319399,8,Financial Services,242.22,96645780000,1376293
2026-08-28,PNFP,2028-12-31,12.94235,13.53622,12.40157,3,5903483611,6,Financial Services,101.09,15264590000,916763
2026-08-28,PNFP,2027-12-31,11.4336,11.7758,11.22224,14,5452511572,13,Financial Services,101.09,15264590000,916763
2026-08-28,PNFP,2026-12-31,10.18375,10.33366,10.06382,13,5030905208,13,Financial Services,101.09,15264590000,916763
2026-08-28,PNFP,2025-12-31,8.41971,8.52919,8.34009,11,2081261043,9,Financial Services,101.09,15264590000,916763
2026-08-28,PNR,2030-12-31,6.2,6.55971,5.98722,1,4698500000,5,Industrials,61.67,9844875460,3592471
2026-08-28,PNR,2029-12-31,5.8,6.1365,5.60095,1,4524400000,3,Industrials,61.67,9844875460,3592471
2026-08-28,PNR,2028-12-31,5.58912,6.02036,5.40289,4,4387444745,7,Industrials,61.67,9844875460,3592471
2026-08-28,PNR,2027-12-31,5.18069,5.39443,4.95677,11,4290169833,12,Industrials,61.67,9844875460,3592471
2026-08-28,PNW,2030-12-31,7.18167,7.67231,6.65034,5,6819725000,5,Utilities,97.615,11829669005,753646
2026-08-28,PNW,2029-12-31,6.66,7.115,6.16727,5,6501640000,5,Utilities,97.615,11829669005,753646
2026-08-28,PNW,2028-12-31,6.12037,6.39471,6.01562,8,6212407403,10,Utilities,97.615,11829669005,753646
2026-08-28,PNW,2027-12-31,5.54044,5.73974,5.06213,8,5888734389,8,Utilities,97.615,11829669005,753646
2026-08-28,PODD,2030-12-31,12.64,13.04988,11.59703,4,5283450000,10,Healthcare,145.13,10052382138,1043227
2026-08-28,PODD,2029-12-31,11.14306,11.5044,10.22361,4,4935171268,10,Healthcare,145.13,10052382138,1043227
2026-08-28,PODD,2028-12-31,9.28465,9.74954,8.94974,10,4287367614,20,Healthcare,145.13,10052382138,1043227
2026-08-28,PODD,2027-12-31,7.71524,8.02585,7.51484,15,3763667354,19,Healthcare,145.13,10052382138,1043227
2026-08-28,POOL,2028-12-31,12.89694,13.06859,12.37867,6,5877423489,9,Industrials,188.07,6853835010,545111
2026-08-28,POOL,2027-12-31,11.82101,11.95113,11.65085,9,5632208857,11,Industrials,188.07,6853835010,545111
2026-08-28,POOL,2026-12-31,10.98073,11.11121,10.91047,9,5438671746,11,Industrials,188.07,6853835010,545111
2026-08-28,POOL,2025-12-31,10.86194,10.94188,10.782,8,5306325743,10,Industrials,188.07,6853835010,545111
2026-08-28,POR,2030-12-31,4.36167,4.72385,4.10417,1,4891475000,5,Utilities,49.6,5740208000,814423
2026-08-28,POR,2029-12-31,4.005,4.33756,3.76856,1,4648157370,5,Utilities,49.6,5740208000,814423
2026-08-28,POR,2028-12-31,3.77927,3.83314,3.7253,4,4190318891,10,Utilities,49.6,5740208000,814423
2026-08-28,POR,2027-12-31,3.57668,3.71694,3.36629,7,3952702143,8,Utilities,49.6,5740208000,814423
2026-08-28,POST,2028-09-30,8.665,9.03664,8.4205,3,8031600000,5,Consumer Defensive,85.35,3868282715,886856
2026-08-28,POST,2027-09-30,7.19857,7.4003,6.99684,4,7975360000,4,Consumer Defensive,85.35,3868282715,886856
2026-08-28,POST,2026-09-30,7.65257,7.73355,7.57159,3,8175120000,4,Consumer Defensive,85.35,3868282715,886856
2026-08-28,POST,2025-09-30,7.02172,7.23029,6.9522,6,8159149386,6,Consumer Defensive,85.35,3868282715,886856
2026-08-28,POWI,2028-12-31,2.87,2.91822,2.82178,2,671900000,2,Technology,51.51,2870136376,770172
2026-08-28,POWI,2027-12-31,1.86,1.97759,1.73172,4,540500000,4,Technology,51.51,2870136376,770172
2026-08-28,POWI,2026-12-31,1.4,1.44148,1.34815,3,477675000,4,Technology,51.51,2870136376,770172
2026-08-28,POWI,2025-12-31,1.21128,1.2313,1.20127,4,443257063,4,Technology,51.51,2870136376,770172
2026-08-28,POWL,2030-09-30,10.43,11.13732,9.67584,1,2118000000,2,Industrials,182.71,6656417636,536878
2026-08-28,POWL,2029-09-30,9.38,10.01611,8.70176,1,1964000000,2,Industrials,182.71,6656417636,536878
2026-08-28,POWL,2028-09-30,8.91311,9.80635,8.17955,4,1719915477,4,Industrials,182.71,6656417636,536878
2026-08-28,POWL,2027-09-30,6.71753,7.1771,5.99395,4,1502793359,3,Industrials,182.71,6656417636,536878
2026-08-28,PPC,2028-12-28,3.38927,3.66526,3.08676,3,19276096140,4,Consumer Defensive,31.69,7539748180,833849
2026-08-28,PPC,2027-12-28,2.93805,3.62796,2.24814,5,18866967081,5,Consumer Defensive,31.69,7539748180,833849
2026-08-28,PPC,2026-12-28,2.46125,2.61835,2.30415,4,18528670466,5,Consumer Defensive,31.69,7539748180,833849
2026-08-28,PPC,2025-12-28,5.2635,5.39188,5.16858,4,18375981458,4,Consumer Defensive,31.69,7539748180,833849
2026-08-28,PPG,2029-12-31,10.38806,10.71106,10.05434,1,17974085038,10,Basic Materials,114.22,25391106343,1051922
2026-08-28,PPG,2028-12-31,9.45713,9.76393,9.01785,5,17837648084,15,Basic Materials,114.22,25391106343,1051922
2026-08-28,PPG,2027-12-31,8.65169,8.88981,8.48302,12,17331943180,16,Basic Materials,114.22,25391106343,1051922
2026-08-28,PPG,2026-12-31,7.90582,7.97605,7.76536,12,16779923766,16,Basic Materials,114.22,25391106343,1051922
2026-08-28,PPL,2030-12-31,2.65473,2.7879,2.53342,1,12457500000,4,Utilities,34.2,25738142976,5653324
2026-08-28,PPL,2029-12-31,2.46128,2.58475,2.34881,1,11500666667,4,Utilities,34.2,25738142976,5653324
2026-08-28,PPL,2028-12-31,2.29693,2.30822,2.28815,3,10867936948,9,Utilities,34.2,25738142976,5653324
2026-08-28,PPL,2027-12-31,2.11807,2.13815,2.09799,8,10315591309,8,Utilities,34.2,25738142976,5653324
2026-08-28,PPLC,2030-12-31,2.6575,2.79864,2.52047,1,12457500000,5,Utilities,46.08,34223716685,756296
2026-08-28,PPLC,2029-12-31,2.46143,2.59216,2.33451,1,11493500000,5,Utilities,46.08,34223716685,756296
2026-08-28,PPLC,2028-12-31,2.29812,2.42018,2.17962,1,10859444830,4,Utilities,46.08,34223716685,756296
2026-08-28,PPLC,2027-12-31,2.11825,2.23075,2.00903,1,10304970052,11,Utilities,46.08,34223716685,756296
2026-08-28,PPLI,2030-12-31,1.87,1.90167,1.83444,2,1949400000,6,Communication Services,39.14,2911526633,785028
2026-08-28,PPLI,2029-12-31,1.65,1.67795,1.61862,3,1897100000,6,Communication Services,39.14,2911526633,785028
2026-08-28,PPLI,2028-12-31,1.67569,8.7398,0.08146281,6,1871959201,8,Communication Services,39.14,2911526633,785028
2026-08-28,PPLI,2027-12-31,1.1399,1.48343,0.79637,4,1837837194,8,Communication Services,39.14,2911526633,785028
2026-08-28,PPTA,2030-12-31,2.71,2.71,2.71,1,1677112000,1,Basic Materials,25.11,3141122970,1053387
2026-08-28,PPTA,2029-12-31,0.19,0.19,0.19,1,1076479000,1,Basic Materials,25.11,3141122970,1053387
2026-08-28,PPTA,2028-12-31,2.71,2.71,2.71,1,442000000,1,Basic Materials,25.11,3141122970,1053387
2026-08-28,PPTA,2027-12-31,-0.68,-0.68,-0.68,2,19000000,1,Basic Materials,25.11,3141122970,1053387
2026-08-28,PR,2030-12-31,2.205,2.38819,2.04831,5,6495666667,3,Energy,22.7,19006440415,8555991
2026-08-28,PR,2029-12-31,2.175,2.3557,2.02044,5,6423666667,4,Energy,22.7,19006440415,8555991
2026-08-28,PR,2028-12-31,2.09925,2.64713,1.53514,8,6669184968,6,Energy,22.7,19006440415,8555991
2026-08-28,PR,2027-12-31,2.13296,2.4167,1.70245,13,6667474838,7,Energy,22.7,19006440415,8555991
2026-08-28,PRCH,2028-12-31,0.4,0.40692,0.39014,1,694100000,1,Financial Services,17.4,1975245146,1200704
2026-08-28,PRCH,2027-12-31,0.18857,0.25143,0.12571,2,601813429,4,Financial Services,17.4,1975245146,1200704
2026-08-28,PRCH,2026-12-31,-0.018571,-0.0148568,-0.0204281,1,517932143,4,Financial Services,17.4,1975245146,1200704
2026-08-28,PRCH,2025-12-31,-0.03875,0.06458333,-0.12917,4,415258857,5,Financial Services,17.4,1975245146,1200704
2026-08-28,PRCT,2030-12-31,0.64,0.65814,0.60624,4,716100000,4,Healthcare,20.83,1185619479,687244
2026-08-28,PRCT,2029-12-31,-0.46,-0.43574,-0.47304,2,652625500,4,Healthcare,20.83,1185619479,687244
2026-08-28,PRCT,2028-12-31,-0.80664,-0.46271,-1.00442,7,560848621,9,Healthcare,20.83,1185619479,687244
2026-08-28,PRCT,2027-12-31,-1.13542,-0.87013,-1.40071,9,476976474,10,Healthcare,20.83,1185619479,687244
2026-08-28,PRDO,2027-12-31,3.11,3.11,3.11,1,880000000,1,Consumer Defensive,33.57,2104943067,666661
2026-08-28,PRDO,2026-12-31,2.94,2.94,2.94,1,854501000,1,Consumer Defensive,33.57,2104943067,666661
2026-08-28,PRDO,2025-12-31,2.36,2.36,2.36,1,844400000,1,Consumer Defensive,33.57,2104943067,666661
2026-08-28,PRDO,2024-12-31,2.18,2.18,2.18,1,664954000,1,Consumer Defensive,33.57,2104943067,666661
2026-08-28,PRGO,2030-12-31,2.9,2.94006,2.85314,1,4107000000,2,Healthcare,14.48,2003565310,2604131
2026-08-28,PRGO,2029-12-31,2.81,2.84882,2.76459,1,4081000000,1,Healthcare,14.48,2003565310,2604131
2026-08-28,PRGO,2028-12-31,2.695,2.73223,2.65145,1,4112750000,3,Healthcare,14.48,2003565310,2604131
2026-08-28,PRGO,2027-12-31,2.4,2.49153,2.32881,3,4074900000,4,Healthcare,14.48,2003565310,2604131
2026-08-28,PRIM,2030-12-31,7.94,8.48736,7.2431,1,10592300000,5,Industrials,73.12,3967118288,723276
2026-08-28,PRIM,2029-12-31,7.09333,7.58233,6.47074,1,9790500000,5,Industrials,73.12,3967118288,723276
2026-08-28,PRIM,2028-12-31,6.41151,7.53467,5.54584,5,8989646269,10,Industrials,73.12,3967118288,723276
2026-08-28,PRIM,2027-12-31,5.28057,6.10664,3.91076,9,8143299552,11,Industrials,73.12,3967118288,723276
2026-08-28,PRM,2028-12-31,1.98529,3.08382,0.88676,2,1082287364,3,Basic Materials,30.62,4994950577,725809
2026-08-28,PRM,2027-12-31,1.83415,1.93548,1.65175,3,995513378,3,Basic Materials,30.62,4994950577,725809
2026-08-28,PRM,2026-12-31,1.54588,1.71653,1.42542,3,881470833,3,Basic Materials,30.62,4994950577,725809
2026-08-28,PRM,2025-12-31,1.3597,1.39157,1.32574,1,641980238,1,Basic Materials,30.62,4994950577,725809
2026-08-28,PRMB,2030-12-31,2.44,2.47295,2.40504,1,8018000000,3,Consumer Defensive,23,8345976926,4175934
2026-08-28,PRMB,2029-12-31,2.2,2.2297,2.16848,1,7743000000,4,Consumer Defensive,23,8345976926,4175934
2026-08-28,PRMB,2028-12-31,1.82,1.84457,1.79392,1,7363237882,6,Consumer Defensive,23,8345976926,4175934
2026-08-28,PRMB,2027-12-31,1.49133,1.77216,1.3267,7,7084553142,7,Consumer Defensive,23,8345976926,4175934
2026-08-28,PRU,2029-12-31,18.4,19.03562,17.49262,1,64268000000,3,Financial Services,119.79,41567130000,1248456
2026-08-28,PRU,2028-12-31,16.21929,17.25752,15.64801,4,61824118382,7,Financial Services,119.79,41567130000,1248456
2026-08-28,PRU,2027-12-31,14.84339,15.24456,14.11125,10,60485404661,7,Financial Services,119.79,41567130000,1248456
2026-08-28,PRU,2026-12-31,14.23698,14.89684,13.71709,10,59479795049,7,Financial Services,119.79,41567130000,1248456
2026-08-28,PRVA,2030-12-31,0.89333,0.93845,0.84503,4,3473933333,4,Healthcare,20.79,2619797255,823729
2026-08-28,PRVA,2029-12-31,0.74333,0.78087,0.70314,2,3163066667,4,Healthcare,20.79,2619797255,823729
2026-08-28,PRVA,2028-12-31,0.57153,0.80006,0.48003,7,2998494712,9,Healthcare,20.79,2619797255,823729
2026-08-28,PRVA,2027-12-31,0.41433,0.50105,0.37579,9,2681494849,11,Healthcare,20.79,2619797255,823729
2026-08-28,PSA,2030-12-31,10.89,11.57856,10.12286,1,7337600000,2,Real Estate,313.51,58462090760,533719
2026-08-28,PSA,2029-12-31,11.76,12.50357,10.93157,1,6575518000,2,Real Estate,313.51,58462090760,533719
2026-08-28,PSA,2028-12-31,10.69705,11.4472,9.92824,3,5833924968,5,Real Estate,313.51,58462090760,533719
2026-08-28,PSA,2027-12-31,10.16942,10.37386,9.98834,5,5589672984,7,Real Estate,313.51,58462090760,533719
2026-08-28,PSKY,2030-12-31,1.2,1.24572,1.14789,4,31133500000,14,Communication Services,10.88,11833849600,10028916
2026-08-28,PSKY,2029-12-31,0.97287,1.00993,0.93063,2,31072117461,14,Communication Services,10.88,11833849600,10028916
2026-08-28,PSKY,2028-12-31,1.08595,1.72737,0.46142,7,31827299334,16,Communication Services,10.88,11833849600,10028916
2026-08-28,PSKY,2027-12-31,0.81745,1.04801,0.41921,13,30508192909,16,Communication Services,10.88,11833849600,10028916
2026-08-28,PSLV,2024-12-31,,0,0,0,323463000,0,Financial Services,21.84,13885485738,14446153
2026-08-28,PSLV,2023-12-31,,0,0,0,215642000,0,Financial Services,21.84,13885485738,14446153
2026-08-28,PSLV,2022-12-31,,0,0,0,107821000,0,Financial Services,21.84,13885485738,14446153
2026-08-28,PSN,2028-12-31,3.86793,4.69161,3.06668,3,7066721926,6,Technology,49,5233464306,965022
2026-08-28,PSN,2027-12-31,3.38923,3.55919,3.24926,8,6723661935,9,Technology,49,5233464306,965022
2026-08-28,PSN,2026-12-31,2.43519,3.06758,2.17091,8,6359158639,9,Technology,49,5233464306,965022
2026-08-28,PSN,2025-12-31,3.20984,3.23975,3.17993,8,6429026337,7,Technology,49,5233464306,965022
2026-08-28,PSNL,2030-12-31,-0.47,-0.44148,-0.50019,1,227400000,2,Healthcare,17.07,1822239570,2973107
2026-08-28,PSNL,2029-12-31,-0.58,-0.54481,-0.61725,1,184100000,1,Healthcare,17.07,1822239570,2973107
2026-08-28,PSNL,2028-12-31,-0.655,-0.54637,-0.70932,3,155505115,3,Healthcare,17.07,1822239570,2973107
2026-08-28,PSNL,2027-12-31,-0.93897,-0.882,-0.99927,5,109933126,5,Healthcare,17.07,1822239570,2973107
2026-08-28,PSX,2030-12-31,26,30.72878,20.84582,1,185578037223,2,Energy,244.01,97832154230,1728245
2026-08-28,PSX,2029-12-31,21.56,25.48125,17.28599,1,173404484621,2,Energy,244.01,97832154230,1728245
2026-08-28,PSX,2028-12-31,18.34732,18.69767,17.85683,4,155444001515,4,Energy,244.01,97832154230,1728245
2026-08-28,PSX,2027-12-31,22.16152,28.66927,18.94386,11,154004341794,6,Energy,244.01,97832154230,1728245
2026-08-28,PTC,2028-09-30,9.7883,10.41785,8.56405,6,3116260581,10,Technology,157.15,18151767900,1069117
2026-08-28,PTC,2027-09-30,8.88644,9.3552,8.49747,12,2896686571,15,Technology,157.15,18151767900,1069117
2026-08-28,PTC,2026-09-30,8.17737,8.3873,7.91745,12,2723118741,15,Technology,157.15,18151767900,1069117
2026-08-28,PTC,2025-09-30,6.80214,6.84227,6.73191,13,2596309383,12,Technology,157.15,18151767900,1069117
2026-08-28,PTCT,2030-12-31,5.96497,6.74209,4.99253,4,1964226400,5,Healthcare,70.09,5849767472,691054
2026-08-28,PTCT,2029-12-31,4.8534,5.4857,4.06217,4,1801699750,5,Healthcare,70.09,5849767472,691054
2026-08-28,PTCT,2028-12-31,4.89907,6.98935,1.70566,10,1597717619,11,Healthcare,70.09,5849767472,691054
2026-08-28,PTCT,2027-12-31,2.67679,4.46132,1.72169,7,1369318121,9,Healthcare,70.09,5849767472,691054
2026-08-28,PTEN,2028-12-31,0.51108,0.72101,0.30607,4,5327833166,6,Energy,12.43,4718647427,10084849
2026-08-28,PTEN,2027-12-31,0.28715,0.482,0.04102143,7,5271214224,10,Energy,12.43,4718647427,10084849
2026-08-28,PTEN,2026-12-31,-0.019417,0.038834,-0.0485425,5,4910468601,9,Energy,12.43,4718647427,10084849
2026-08-28,PTEN,2025-12-31,-0.28894,-0.26345,-0.33143,4,4786061322,9,Energy,12.43,4718647427,10084849
2026-08-28,PTRN,2030-12-31,1.77,1.8104,1.71919,1,7326000000,2,Technology,21.17,3284812777,961226
2026-08-28,PTRN,2029-12-31,1.36,1.39104,1.32096,1,6139000000,2,Technology,21.17,3284812777,961226
2026-08-28,PTRN,2028-12-31,1.02,1.08,0.96,2,5190660750,4,Technology,21.17,3284812777,961226
2026-08-28,PTRN,2027-12-31,0.76286,0.83312,0.67252,3,4284679911,6,Technology,21.17,3284812777,961226
2026-08-28,PUBM,2030-12-31,0.63,0.64926,0.61069,1,405800000,2,Technology,16.82,785550599,746020
2026-08-28,PUBM,2029-12-31,0.48,0.49468,0.46529,1,381100000,2,Technology,16.82,785550599,746020
2026-08-28,PUBM,2028-12-31,0.378,0.57927,0.11782,4,367696920,4,Technology,16.82,785550599,746020
2026-08-28,PUBM,2027-12-31,0.14841,0.15295,0.14386,5,334610985,9,Technology,16.82,785550599,746020
2026-08-28,PUK,2030-12-31,3.94,5.63915,3.06944,1,43661315813,1,Financial Services,27.65,34401853500,1001978
2026-08-28,PUK,2029-12-31,3.42,4.89489,2.66434,1,39886623577,1,Financial Services,27.65,34401853500,1001978
2026-08-28,PUK,2028-12-31,3.13871,4.4923,2.4452,1,10468562463,1,Financial Services,27.65,34401853500,1001978
2026-08-28,PUK,2027-12-31,2.82036,3.60176,1.61163,2,7859118741,2,Financial Services,27.65,34401853500,1001978
2026-08-28,PUMP,2029-12-31,0,0,0,1,1623000000,2,Energy,10.98,1348606609,3286660
2026-08-28,PUMP,2028-12-31,1.19142,1.25659,1.14623,2,1616438703,4,Energy,10.98,1348606609,3286660
2026-08-28,PUMP,2027-12-31,0.36822,0.8206,-0.22093,4,1451459690,6,Energy,10.98,1348606609,3286660
2026-08-28,PUMP,2026-12-31,-0.007997,0.00621989,-0.02487956,5,1232874738,6,Energy,10.98,1348606609,3286660
2026-08-28,PVH,2030-02-01,16.45,16.95476,16.10287,1,9474000000,2,Consumer Cyclical,75.79,3494532899,697710
2026-08-28,PVH,2029-02-01,13.91823,14.34531,13.62452,1,9242127334,5,Consumer Cyclical,75.79,3494532899,697710
2026-08-28,PVH,2028-02-01,12.60093,13.19625,11.96592,6,9045863530,9,Consumer Cyclical,75.79,3494532899,697710
2026-08-28,PVH,2027-02-01,12.01948,12.10955,11.90939,6,8899427834,9,Consumer Cyclical,75.79,3494532899,697710
2026-08-28,PWP,2028-12-31,1.73,1.82629,1.63533,2,1161945000,1,Financial Services,16.98,1667655891,664172
2026-08-28,PWP,2027-12-31,1.4625,1.75,1.35,4,1052226500,4,Financial Services,16.98,1667655891,664172
2026-08-28,PWP,2026-12-31,1.0025,1.08,0.89,4,849480750,4,Financial Services,16.98,1667655891,664172
2026-08-28,PWP,2025-12-31,0.6125,0.67,0.56,4,703353250,4,Financial Services,16.98,1667655891,664172
2026-08-28,PWR,2030-12-31,29.764,32.46304,26.50431,4,62915383333,12,Industrials,602.7,90611726100,881696
2026-08-28,PWR,2029-12-31,25.98436,28.34066,23.13861,4,56323319775,8,Industrials,602.7,90611726100,881696
2026-08-28,PWR,2028-12-31,22.99747,25.45917,19.77005,10,51694605966,14,Industrials,602.7,90611726100,881696
2026-08-28,PWR,2027-12-31,19.70322,22.88317,16.16994,17,45962625202,19,Industrials,602.7,90611726100,881696
2026-08-28,PYPL,2030-12-31,7.58,7.89841,7.33733,8,42373100000,26,Financial Services,53.66,45904037260,36208248
2026-08-28,PYPL,2029-12-31,6.617,6.89496,6.40516,9,39310963367,22,Financial Services,53.66,45904037260,36208248
2026-08-28,PYPL,2028-12-31,6.28098,7.16796,5.35317,18,37898085586,28,Financial Services,53.66,45904037260,36208248
2026-08-28,PYPL,2027-12-31,5.78395,6.06318,5.54461,27,36229789341,31,Financial Services,53.66,45904037260,36208248
2026-08-28,PZZA,2028-12-28,1.53728,1.63356,1.46069,1,1845135525,3,Consumer Cyclical,23.72,780435772,937111
2026-08-28,PZZA,2027-12-28,1.34925,1.95482,1.00928,10,1844039724,11,Consumer Cyclical,23.72,780435772,937111
2026-08-28,PZZA,2026-12-28,1.19294,1.45695,1.04627,9,1883262050,11,Consumer Cyclical,23.72,780435772,937111
2026-08-28,PZZA,2025-12-28,1.40467,1.44424,1.3651,11,2072994863,10,Consumer Cyclical,23.72,780435772,937111
2026-08-28,Q,2030-12-31,7.17,7.55234,6.91792,1,7775300000,5,Technology,120.26,25175132192,1997615
2026-08-28,Q,2029-12-31,6.27,6.60434,6.04956,1,7013500000,3,Technology,120.26,25175132192,1997615
2026-08-28,Q,2028-12-31,6.12167,6.28131,5.96203,2,6790890000,7,Technology,120.26,25175132192,1997615
2026-08-28,Q,2027-12-31,5.3775,5.82047,5.11996,4,6225859250,6,Technology,120.26,25175132192,1997615
2026-08-28,QBTS,2030-12-31,-0.076,-0.04934512,-0.09820913,5,431868250,5,Technology,17.005,6245410603,16497023.86268
2026-08-28,QBTS,2029-12-31,-0.286,-0.18569,-0.36958,5,314100200,5,Technology,17.005,6245410603,16497023.86268
2026-08-28,QBTS,2028-12-31,-0.359,-0.25962,-0.45433,8,146988600,11,Technology,17.005,6245410603,16497023.86268
2026-08-28,QBTS,2027-12-31,-0.37588,-0.23366,-0.5181,11,80384471,13,Technology,17.005,6245410603,16497023.86268
2026-08-28,QCOM,2030-09-28,24.93,26.45022,23.15571,4,71251000000,23,Technology,164.19,172399500000,7713846
2026-08-28,QCOM,2029-09-28,17.54855,18.61865,16.2996,3,61690005928,12,Technology,164.19,172399500000,7713846
2026-08-28,QCOM,2028-09-28,13.20401,15.49137,11.20165,9,52269858153,24,Technology,164.19,172399500000,7713846
2026-08-28,QCOM,2027-09-28,10.20776,12.26553,9.43736,21,44973794161,26,Technology,164.19,172399500000,7713846
2026-08-28,QDEL,2030-12-28,0.9,0.90436,0.89335,1,2825772000,1,Healthcare,14.74,1005135178,1207588
2026-08-28,QDEL,2029-12-28,2.12,2.13027,2.10434,1,2796000000,1,Healthcare,14.74,1005135178,1207588
2026-08-28,QDEL,2028-12-28,1.85928,1.86829,1.84555,1,2682537429,1,Healthcare,14.74,1005135178,1207588
2026-08-28,QDEL,2027-12-28,1.44255,1.44954,1.43189,1,2591547971,2,Healthcare,14.74,1005135178,1207588
2026-08-28,QGEN,2030-12-31,3.30121,3.51116,3.22567,1,2603796195,6,Healthcare,43.11,8891437500,1376257
2026-08-28,QGEN,2029-12-31,3.0666,3.26163,2.99642,1,2495345007,10,Healthcare,43.11,8891437500,1376257
2026-08-28,QGEN,2028-12-31,2.85463,2.9736,2.70327,3,2370645557,12,Healthcare,43.11,8891437500,1376257
2026-08-28,QGEN,2027-12-31,2.61021,3.25317,2.47586,8,2243639411,13,Healthcare,43.11,8891437500,1376257
2026-08-28,QMCO,2030-03-31,0,0,0,0,340900000,1,Technology,22.26,876476370,727488
2026-08-28,QMCO,2029-03-31,0,0,0,0,321300000,1,Technology,22.26,876476370,727488
2026-08-28,QMCO,2028-03-31,0.84,0.86568,0.81432,1,377950000,1,Technology,22.26,876476370,727488
2026-08-28,QMCO,2027-03-31,0.465,0.47921,0.45079,1,332500000,1,Technology,22.26,876476370,727488
2026-08-28,QNST,2031-06-30,2.43,2.50271,2.3559,1,1951800000,1,Communication Services,19.18,1101802197,611478
2026-08-28,QNST,2030-06-30,2.33,2.39972,2.25895,1,1854700000,1,Communication Services,19.18,1101802197,611478
2026-08-28,QNST,2029-06-30,2.26,2.47425,2.04575,2,1800314500,2,Communication Services,19.18,1101802197,611478
2026-08-28,QNST,2028-06-30,1.87,2.01609,1.63625,3,1628604500,3,Communication Services,19.18,1101802197,611478
2026-08-28,QNT,2027-12-31,-1.65,-1.49,-2,8,61150000,8,Technology,49.92,13144342199,1474479
2026-08-28,QNT,2026-12-31,-1.64,-1.5,-2,7,30100000,8,Technology,49.92,13144342199,1474479
2026-08-28,QRVO,2029-03-28,9.03024,11.3496,6.67483,4,3876838398,7,Technology,94.73,8357232168,830780
2026-08-28,QRVO,2028-03-28,8.03324,8.62363,6.97827,7,3674332835,9,Technology,94.73,8357232168,830780
2026-08-28,QRVO,2027-03-28,7.64813,8.52711,6.77925,10,3524332471,12,Technology,94.73,8357232168,830780
2026-08-28,QRVO,2026-03-28,6.51247,6.55236,6.49252,12,3671675087,12,Technology,94.73,8357232168,830780
2026-08-28,QSR,2030-12-31,5.8,6.11859,5.3892,2,9970000000,6,Consumer Cyclical,78.26,27153605959,2471248
2026-08-28,QSR,2029-12-31,5.525,5.82849,5.13368,3,10394000000,11,Consumer Cyclical,78.26,27153605959,2471248
2026-08-28,QSR,2028-12-31,4.83328,5.01401,4.68175,6,9962798202,13,Consumer Cyclical,78.26,27153605959,2471248
2026-08-28,QSR,2027-12-31,4.41853,4.58963,4.26756,14,9928448145,18,Consumer Cyclical,78.26,27153605959,2471248
2026-08-28,QURE,2030-12-31,3.85833,9.12839,0.28906,4,882063667,6,Healthcare,48.72,3379531008,843554
2026-08-28,QURE,2029-12-31,1.19667,2.83119,0.08965342,2,652560357,6,Healthcare,48.72,3379531008,843554
2026-08-28,QURE,2028-12-31,-1.12383,3.09835,-4.21375,7,408644400,8,Healthcare,48.72,3379531008,843554
2026-08-28,QURE,2027-12-31,-2.98492,-2.41805,-3.42779,8,143217909,7,Healthcare,48.72,3379531008,843554
2026-08-28,QXO,2030-12-31,2.11983,2.409,1.92365,1,33181763408,14,Industrials,13.52,14026729600,9206214
2026-08-28,QXO,2029-12-31,1.63483,1.85784,1.48354,1,28597849693,14,Industrials,13.52,14026729600,9206214
2026-08-28,QXO,2028-12-31,1.0856,1.23369,0.98513,5,23463034452,16,Industrials,13.52,14026729600,9206214
2026-08-28,QXO,2027-12-31,0.65152,0.91854,0.53403,9,19238283084,13,Industrials,13.52,14026729600,9206214
2026-08-28,RAL,2029-12-31,4.21,4.29814,4.14014,1,2642000000,2,Technology,61.71,6827595141,629576
2026-08-28,RAL,2028-12-31,3.89881,4.47216,3.50893,3,2593852875,5,Technology,61.71,6827595141,629576
2026-08-28,RAL,2027-12-31,3.30887,3.68874,2.97898,8,2444150613,8,Technology,61.71,6827595141,629576
2026-08-28,RAL,2026-12-31,2.85803,2.92774,2.77836,8,2294931232,8,Technology,61.71,6827595141,629576
2026-08-28,RAMP,2029-03-31,0,0,0,0,1024099999,1,Technology,37.74,2294075528,644342
2026-08-28,RAMP,2028-03-31,3.76333,3.80696,3.7197,2,982587315,3,Technology,37.74,2294075528,644342
2026-08-28,RAMP,2027-03-31,2.935,3.00634,2.85347,1,887918781,1,Technology,37.74,2294075528,644342
2026-08-28,RAMP,2026-03-31,2.295,2.30752,2.28475,3,812359279,5,Technology,37.74,2294075528,644342
2026-08-28,RARE,2030-12-31,5.28,7.72532,4.16832,5,2173158889,12,Healthcare,25.61,2522308412,1612149
2026-08-28,RARE,2029-12-31,2.62444,3.83989,2.07188,10,1642162889,8,Healthcare,25.61,2522308412,1612149
2026-08-28,RARE,2028-12-31,0.60581,4.37049,-1.84632,13,1268366034,14,Healthcare,25.61,2522308412,1612149
2026-08-28,RARE,2027-12-31,-0.62054,5.58486,-3.28886,10,1013367195,14,Healthcare,25.61,2522308412,1612149
2026-08-28,RBA,2028-12-31,5.14353,5.72055,4.56651,2,5441273902,1,Industrials,86.06,16032978000,1061548
2026-08-28,RBA,2027-12-31,4.8536,5.04582,4.69982,6,5338197212,7,Industrials,86.06,16032978000,1061548
2026-08-28,RBA,2026-12-31,4.40751,4.46844,4.35673,6,5078024587,7,Industrials,86.06,16032978000,1061548
2026-08-28,RBA,2025-12-31,3.8739,3.88391,3.86389,5,4563124392,5,Industrials,86.06,16032978000,1061548
2026-08-28,RBLX,2030-12-31,0.26,0.29001,0.22959,13,12818900000,14,Technology,38.53,27524902695,7735978
2026-08-28,RBLX,2029-12-31,-0.27,-0.23842,-0.30117,13,11197233333,14,Technology,38.53,27524902695,7735978
2026-08-28,RBLX,2028-12-31,-0.92039,-0.30188,-1.8562,16,9035290908,16,Technology,38.53,27524902695,7735978
2026-08-28,RBLX,2027-12-31,-1.19825,-0.52539,-1.83424,19,7820296055,19,Technology,38.53,27524902695,7735978
2026-08-28,RBRK,2031-01-31,1.96,2.03642,1.90423,2,3261200000,4,Technology,93.05,19152160012,9407511
2026-08-28,RBRK,2030-01-31,1.4807,1.53843,1.43857,1,2813410450,5,Technology,93.05,19152160012,9407511
2026-08-28,RBRK,2029-01-31,1.07888,2.20044,0.31629,4,2416436994,11,Technology,93.05,19152160012,9407511
2026-08-28,RBRK,2028-01-31,0.63994,0.92648,0.48712,14,1998247651,20,Technology,93.05,19152160012,9407511
2026-08-28,RCI,2028-12-31,3.81265,3.88878,3.77559,6,23736694588,4,Communication Services,36.59,19766843325,719695
2026-08-28,RCI,2027-12-31,3.51097,4.01105,3.11507,12,23423143319,10,Communication Services,36.59,19766843325,719695
2026-08-28,RCI,2026-12-31,3.42639,3.56261,3.31113,12,23150891845,10,Communication Services,36.59,19766843325,719695
2026-08-28,RCI,2025-12-31,3.57352,3.70625,3.34889,10,21527360078,9,Communication Services,36.59,19766843325,719695
2026-08-28,RCL,2030-12-31,27.59,28.7402,27.06716,1,25046500000,12,Consumer Cyclical,279.41,74936364950,1107231
2026-08-28,RCL,2029-12-31,24.55466,25.57832,24.08934,1,24247826447,8,Consumer Cyclical,279.41,74936364950,1107231
2026-08-28,RCL,2028-12-31,23.25661,25.30297,21.80162,5,22834029592,14,Consumer Cyclical,279.41,74936364950,1107231
2026-08-28,RCL,2027-12-31,20.33674,21.08471,19.30575,16,20948233744,19,Consumer Cyclical,279.41,74936364950,1107231
2026-08-28,RCUS,2030-12-31,0.505,0.79878,0.2747,5,823566571,5,Healthcare,29.21,3673834062,1086192
2026-08-28,RCUS,2029-12-31,-1.55333,-0.84494,-2.45696,5,388024143,5,Healthcare,29.21,3673834062,1086192
2026-08-28,RCUS,2028-12-31,-2.37236,-1.69386,-3.35483,8,170722477,10,Healthcare,29.21,3673834062,1086192
2026-08-28,RCUS,2027-12-31,-3.48205,-2.30007,-4.84505,8,49065147,8,Healthcare,29.21,3673834062,1086192
2026-08-28,RDDT,2030-12-31,14.33333,15.71552,12.70483,14,7354700000,11,Communication Services,152.92,29438483008,2742231
2026-08-28,RDDT,2029-12-31,10.5076,11.52087,9.31376,8,6165507354,14,Communication Services,152.92,29438483008,2742231
2026-08-28,RDDT,2028-12-31,8.94202,11.2635,6.45368,19,5568271309,22,Communication Services,152.92,29438483008,2742231
2026-08-28,RDDT,2027-12-31,7.05671,8.73446,4.42315,23,4463508152,25,Communication Services,152.92,29438483008,2742231
2026-08-28,RDN,2028-12-31,5.33643,5.39306,5.2798,1,2215695000,1,Financial Services,36.41,4841619750,907327
2026-08-28,RDN,2027-12-31,5.1612,5.60561,4.74709,3,2377653500,1,Financial Services,36.41,4841619750,907327
2026-08-28,RDN,2026-12-31,4.73524,4.91062,4.42345,3,2160466500,1,Financial Services,36.41,4841619750,907327
2026-08-28,RDN,2025-12-31,4.25186,4.28159,4.21222,3,1221036436,1,Financial Services,36.41,4841619750,907327
2026-08-28,RDW,2028-12-31,-0.15,-0.11,-0.19,2,683800000,2,Industrials,10.87,2596027750,9723960
2026-08-28,RDW,2027-12-31,-0.35,-0.23049,-0.45244,4,564845000,6,Industrials,10.87,2596027750,9723960
2026-08-28,RDW,2026-12-31,-0.745,-0.4711,-0.98603,4,475017250,6,Industrials,10.87,2596027750,9723960
2026-08-28,RDW,2025-12-31,-1.688,-1.20424,-1.9762,3,328660648,6,Industrials,10.87,2596027750,9723960
2026-08-28,RDY,2029-03-31,68.76573,76.64257,64.63023,1,427435793601,10,Healthcare,12.18,10145274241,1674277
2026-08-28,RDY,2028-03-31,56.24174,64.13532,47.36147,2,388073272253,20,Healthcare,12.18,10145274241,1674277
2026-08-28,RDY,2027-03-31,42.81905,47.57672,38.06138,2,347470883785,20,Healthcare,12.18,10145274241,1674277
2026-08-28,RDY,2026-03-31,60.13494,63.95303,57.27137,2,345083120879,18,Healthcare,12.18,10145274241,1674277
2026-08-28,REAL,2028-12-31,0.47807,0.49103,0.46292,1,981812070,2,Consumer Cyclical,10.93,1316930867,2035838
2026-08-28,REAL,2027-12-31,0.2866,0.31967,0.22046,5,883434428,7,Consumer Cyclical,10.93,1316930867,2035838
2026-08-28,REAL,2026-12-31,0.098822,0.12078,0.07686156,4,795534939,7,Consumer Cyclical,10.93,1316930867,2035838
2026-08-28,REAL,2025-12-31,-0.14487,-0.11383,-0.16557,4,689484036,7,Consumer Cyclical,10.93,1316930867,2035838
2026-08-28,REAX,2030-12-31,2.5,2.56776,2.4102,1,4168500000,1,Real Estate,21.09,459644191,1807580
2026-08-28,REAX,2029-12-31,2,2.05421,1.92816,1,3741500000,1,Real Estate,21.09,459644191,1807580
2026-08-28,REAX,2028-12-31,1.4,1.43794,1.34971,1,3309400000,2,Real Estate,21.09,459644191,1807580
2026-08-28,REAX,2027-12-31,0.4,0.62857,0.17143,3,2754941667,4,Real Estate,21.09,459644191,1807580
2026-08-28,REG,2030-12-31,3,3.0729,2.94322,4,2168400000,2,Real Estate,75.52,13791048626,847942
2026-08-28,REG,2029-12-31,2.88,2.94999,2.82549,2,1915584000,1,Real Estate,75.52,13791048626,847942
2026-08-28,REG,2028-12-31,2.76977,2.99606,2.6485,7,1812866565,3,Real Estate,75.52,13791048626,847942
2026-08-28,REG,2027-12-31,2.60804,2.62854,2.56705,8,1744401726,4,Real Estate,75.52,13791048626,847942
2026-08-28,RELX,2029-12-31,1.82145,1.83389,1.80445,1,12024947767,6,Industrials,36.54,63794992703,1246101
2026-08-28,RELX,2028-12-31,1.7493,1.76124,1.73297,1,11424312587,5,Industrials,36.54,63794992703,1246101
2026-08-28,RELX,2027-12-31,1.56348,1.5923,1.53466,2,10655597367,8,Industrials,36.54,63794992703,1246101
2026-08-28,RELX,2026-12-31,1.4086,1.4305,1.3867,2,9998648292,8,Industrials,36.54,63794992703,1246101
2026-08-28,RELY,2030-12-31,1.91,1.93381,1.88317,1,3730482900,2,Technology,26.55,5590396674,4103499
2026-08-28,RELY,2029-12-31,1.46,1.4782,1.43949,1,3272353400,2,Technology,26.55,5590396674,4103499
2026-08-28,RELY,2028-12-31,1.31747,1.3963,1.20985,4,2824265300,5,Technology,26.55,5590396674,4103499
2026-08-28,RELY,2027-12-31,1.06525,1.07853,1.05029,4,2372817986,7,Technology,26.55,5590396674,4103499
2026-08-28,REPL,2031-03-31,1.01667,1.89014,0.11972,2,547104000,1,Healthcare,15.5,1302404085,2386210
2026-08-28,REPL,2030-03-31,0.0525,0.09760538,0.00618218,1,389270000,2,Healthcare,15.5,1302404085,2386210
2026-08-28,REPL,2029-03-31,-1.12123,0.6763,-3.35776,4,246591527,4,Healthcare,15.5,1302404085,2386210
2026-08-28,REPL,2028-03-31,-2.06429,-1.96702,-2.24802,3,175431771,5,Healthcare,15.5,1302404085,2386210
2026-08-28,REXR,2030-12-31,1.27,1.36432,1.19377,1,1089485500,5,Real Estate,37.13,8489232253,2632262
2026-08-28,REXR,2029-12-31,1.015,1.09039,0.95408,1,961115000,3,Real Estate,37.13,8489232253,2632262
2026-08-28,REXR,2028-12-31,1.23838,1.62514,0.95,3,924124788,7,Real Estate,37.13,8489232253,2632262
2026-08-28,REXR,2027-12-31,1.41141,1.4772,1.37553,3,910658545,7,Real Estate,37.13,8489232253,2632262
2026-08-28,REYN,2030-12-31,1.96,1.97648,1.94805,1,4070000000,2,Consumer Defensive,24.05,5069523117,1667656
2026-08-28,REYN,2029-12-31,1.88,1.89581,1.86854,1,4002500000,1,Consumer Defensive,24.05,5069523117,1667656
2026-08-28,REYN,2028-12-31,1.7633,1.85715,1.66945,2,3956158439,3,Consumer Defensive,24.05,5069523117,1667656
2026-08-28,REYN,2027-12-31,1.67982,1.69395,1.66958,3,3870602401,3,Consumer Defensive,24.05,5069523117,1667656
2026-08-28,REZI,2028-12-31,2.15553,2.3498,1.77477,1,3164728244,1,Industrials,19.63,4271478892,1782834
2026-08-28,REZI,2027-12-31,1.88146,2.33799,1.45951,2,3019816027,3,Industrials,19.63,4271478892,1782834
2026-08-28,REZI,2026-12-31,1.88294,2.19208,1.56677,2,4537313333,2,Industrials,19.63,4271478892,1782834
2026-08-28,REZI,2025-12-31,1.84322,2.00934,1.51762,2,7449920000,2,Industrials,19.63,4271478892,1782834
2026-08-28,RF,2028-12-31,3.12652,3.3292,3.02597,7,8525613714,3,Financial Services,30.33,25883015400,5897989
2026-08-28,RF,2027-12-31,2.85,2.92025,2.72958,15,8181733079,6,Financial Services,30.33,25883015400,5897989
2026-08-28,RF,2026-12-31,2.63657,2.69672,2.57642,15,7822559025,6,Financial Services,30.33,25883015400,5897989
2026-08-28,RF,2025-12-31,2.35806,2.38804,2.3081,9,7574743083,5,Financial Services,30.33,25883015400,5897989
2026-08-28,RGEN,2030-12-31,5.376,5.85639,5.19096,2,1440203600,6,Healthcare,176.27,9947903212,818464
2026-08-28,RGEN,2029-12-31,4.3499,4.7386,4.20018,3,1254882911,10,Healthcare,176.27,9947903212,818464
2026-08-28,RGEN,2028-12-31,3.4223,4.05862,3.13951,6,1117218914,12,Healthcare,176.27,9947903212,818464
2026-08-28,RGEN,2027-12-31,2.62347,2.72399,2.48275,11,963579233,14,Healthcare,176.27,9947903212,818464
2026-08-28,RGLD,2030-12-31,12.62,15.2775,10.38467,1,1979538900,2,Basic Materials,262.85,22307186336,677262
2026-08-28,RGLD,2029-12-31,11.88033,14.38207,9.77602,1,1953032750,2,Basic Materials,262.85,22307186336,677262
2026-08-28,RGLD,2028-12-31,13.16951,13.51257,12.82644,2,2155444598,4,Basic Materials,262.85,22307186336,677262
2026-08-28,RGLD,2027-12-31,12.94273,13.39744,12.21075,5,2152377687,6,Basic Materials,262.85,22307186336,677262
2026-08-28,RGTI,2030-12-31,-0.15333,-0.10104,-0.25732,2,221294333,6,Technology,15.59,5182097401,14541223
2026-08-28,RGTI,2029-12-31,-0.23,-0.15156,-0.38599,3,128890667,6,Technology,15.59,5182097401,14541223
2026-08-28,RGTI,2028-12-31,-0.18429,-0.11283,-0.29336,6,85763143,8,Technology,15.59,5182097401,14541223
2026-08-28,RGTI,2027-12-31,-0.19636,-0.13435,-0.28937,7,52155000,9,Technology,15.59,5182097401,14541223
2026-08-28,RH,2031-01-31,28.2,28.82714,27.34783,1,5321300000,3,Consumer Cyclical,149.49,2825510490,627013
2026-08-28,RH,2030-01-31,21.02,21.48746,20.3848,1,4887400000,4,Consumer Cyclical,149.49,2825510490,627013
2026-08-28,RH,2029-01-31,13.39328,19.16109,7.62547,2,4286106122,8,Consumer Cyclical,149.49,2825510490,627013
2026-08-28,RH,2028-01-31,9.33819,10.99255,7.71372,11,3939194917,15,Consumer Cyclical,149.49,2825510490,627013
2026-08-28,RHI,2029-12-31,2.99,3.04555,2.95155,1,6070000000,4,Industrials,45.31,4634941140,1083902
2026-08-28,RHI,2028-12-31,2.48593,2.83679,2.07951,5,5817368733,6,Industrials,45.31,4634941140,1083902
2026-08-28,RHI,2027-12-31,1.9721,2.07844,1.90443,7,5531826881,7,Industrials,45.31,4634941140,1083902
2026-08-28,RHI,2026-12-31,1.26793,1.27791,1.25795,7,5313089933,7,Industrials,45.31,4634941140,1083902
2026-08-28,RIO,2030-12-31,6.91,7.63291,6.0562,5,64510000000,9,Basic Materials,103.3,167864541415,2250764
2026-08-28,RIO,2029-12-31,8.30293,9.17156,7.27702,5,71335756067,10,Basic Materials,103.3,167864541415,2250764
2026-08-28,RIO,2028-12-31,8.13039,9.07176,6.86875,8,66528299963,18,Basic Materials,103.3,167864541415,2250764
2026-08-28,RIO,2027-12-31,8.29415,9.68579,7.79316,6,65555004504,15,Basic Materials,103.3,167864541415,2250764
2026-08-28,RIOT,2030-12-31,1.59,2.07537,1.09728,3,3338000000,5,Financial Services,18.99,7181091858,17289252
2026-08-28,RIOT,2029-12-31,1.5354,2.0041,1.0596,3,2144329632,5,Financial Services,18.99,7181091858,17289252
2026-08-28,RIOT,2028-12-31,-0.63852,0.44878,-1.70063,9,1206892030,10,Financial Services,18.99,7181091858,17289252
2026-08-28,RIOT,2027-12-31,-1.13607,-0.28938,-2.04707,8,800473971,14,Financial Services,18.99,7181091858,17289252
2026-08-28,RITM,2028-12-31,2.4501,2.51374,2.34616,3,6850150000,1,Real Estate,10.08,5628742560,3358304
2026-08-28,RITM,2027-12-31,2.35354,2.49742,2.12744,7,6360697429,5,Real Estate,10.08,5628742560,3358304
2026-08-28,RITM,2026-12-31,2.30059,2.38203,2.17843,7,5848553429,5,Real Estate,10.08,5628742560,3358304
2026-08-28,RITM,2025-12-31,2.17448,2.20496,2.13384,5,4457060000,4,Real Estate,10.08,5628742560,3358304
2026-08-28,RIVN,2030-12-31,0.4124,0.56525,0.34,5,33676866667,8,Consumer Cyclical,16.07,19507017998,40838481
2026-08-28,RIVN,2029-12-31,-0.39755,-0.32775,-0.5449,5,26086450000,13,Consumer Cyclical,16.07,19507017998,40838481
2026-08-28,RIVN,2028-12-31,-1.3408,-0.56565,-1.74838,8,15971566136,17,Consumer Cyclical,16.07,19507017998,40838481
2026-08-28,RIVN,2027-12-31,-1.89426,-1.34993,-2.66721,12,11794643023,18,Consumer Cyclical,16.07,19507017998,40838481
2026-08-28,RJF,2029-09-30,20.4884,21.10183,19.51609,1,20834637600,2,Financial Services,179.36,34455056000,1759382
2026-08-28,RJF,2028-09-30,16.63977,18.18692,15.09263,2,18933785171,4,Financial Services,179.36,34455056000,1759382
2026-08-28,RJF,2027-09-30,14.28045,16.61562,4.26617,9,17557849659,7,Financial Services,179.36,34455056000,1759382
2026-08-28,RJF,2026-09-30,12.14862,12.39018,11.72588,9,15749897780,7,Financial Services,179.36,34455056000,1759382
2026-08-28,RKLB,2030-12-31,0.882,0.95683,0.80913,2,2717933333,4,Industrials,64.39,37273276715,18446759
2026-08-28,RKLB,2029-12-31,0.53,0.57497,0.48621,3,2180583333,4,Industrials,64.39,37273276715,18446759
2026-08-28,RKLB,2028-12-31,0.29222,0.68672,0.1315,6,1858363187,9,Industrials,64.39,37273276715,18446759
2026-08-28,RKLB,2027-12-31,-0.042206,-0.0316545,-0.04748175,9,1394280569,14,Industrials,64.39,37273276715,18446759
2026-08-28,RKT,2028-12-31,1.045,1.23371,0.84739,5,13044387723,4,Financial Services,13.77,38886675314,23440097
2026-08-28,RKT,2027-12-31,0.88422,1.00344,0.80474,10,11984641120,8,Financial Services,13.77,38886675314,23440097
2026-08-28,RKT,2026-12-31,0.61946,0.68829,0.58013,9,11040279314,7,Financial Services,13.77,38886675314,23440097
2026-08-28,RKT,2025-12-31,0.24231,0.26169,0.23262,8,6314397560,5,Financial Services,13.77,38886675314,23440097
2026-08-28,RL,2030-03-28,23.61,24.81193,22.85436,1,9861000000,8,Consumer Cyclical,354.04,21596373440,511944
2026-08-28,RL,2029-03-28,23.52419,24.32325,22.72513,2,9663649986,9,Consumer Cyclical,354.04,21596373440,511944
2026-08-28,RL,2028-03-28,21.00215,21.366,20.59787,10,9146884601,13,Consumer Cyclical,354.04,21596373440,511944
2026-08-28,RL,2027-03-28,18.92133,19.0321,18.73,9,8686872695,13,Consumer Cyclical,354.04,21596373440,511944
2026-08-28,RLAY,2030-12-31,-0.2925,-0.08153995,-0.9587,4,449458375,5,Healthcare,18.77,4113288414,2762698
2026-08-28,RLAY,2029-12-31,-1.11375,-0.31048,-3.65045,4,183090750,5,Healthcare,18.77,4113288414,2762698
2026-08-28,RLAY,2028-12-31,-1.60689,-1.45733,-1.75273,10,35449378,10,Healthcare,18.77,4113288414,2762698
2026-08-28,RLAY,2027-12-31,-1.6213,-1.47118,-1.76141,10,17912714,9,Healthcare,18.77,4113288414,2762698
2026-08-28,RLJ,2028-12-31,0,0,0,2,1454086200,2,Real Estate,11.46,1741114660,1525410
2026-08-28,RLJ,2027-12-31,0.065383,0.06992349,0.06356681,4,1420494300,7,Real Estate,11.46,1741114660,1525410
2026-08-28,RLJ,2026-12-31,0.030274,0.03090036,0.02902128,4,1390653996,5,Real Estate,11.46,1741114660,1525410
2026-08-28,RLJ,2025-12-31,-0.006528,-0.00647964,-0.00657636,4,1339224822,6,Real Estate,11.46,1741114660,1525410
2026-08-28,RMBS,2029-12-31,4.83,5.21059,4.62464,1,1327700000,4,Technology,85.76,9301666816,2431653
2026-08-28,RMBS,2028-12-31,4.70083,7.65202,3.60467,5,1232614143,6,Technology,85.76,9301666816,2431653
2026-08-28,RMBS,2027-12-31,3.75149,4.0471,3.59199,5,996725662,6,Technology,85.76,9301666816,2431653
2026-08-28,RMBS,2026-12-31,3.03455,3.27366,2.90553,5,828853150,6,Technology,85.76,9301666816,2431653
2026-08-28,RMD,2030-06-30,15.47584,16.3032,14.8373,5,7065159953,11,Healthcare,240.33,34861400767,1386747
2026-08-28,RMD,2029-06-30,14.50196,15.142,12.8968,7,6602103414,17,Healthcare,240.33,34861400767,1386747
2026-08-28,RMD,2028-06-30,13.29645,13.672,13.11375,14,6194148543,21,Healthcare,240.33,34861400767,1386747
2026-08-28,RMD,2027-06-30,12.09833,12.30952,11.80668,14,5817494558,21,Healthcare,240.33,34861400767,1386747
2026-08-28,RNG,2030-12-31,8.295,8.4565,8.21625,1,3298300000,6,Technology,69.38,5982475120,1442190
2026-08-28,RNG,2029-12-31,7.4,7.54407,7.32974,1,3114700000,6,Technology,69.38,5982475120,1442190
2026-08-28,RNG,2028-12-31,6.1987,6.31938,6.13985,1,2884442913,8,Technology,69.38,5982475120,1442190
2026-08-28,RNG,2027-12-31,5.59383,6.12463,4.48119,8,2761937129,11,Technology,69.38,5982475120,1442190
2026-08-28,RNST,2027-12-31,3.92857,3.9884,3.8488,6,1160613833,5,Financial Services,41.09,3755758721,588744
2026-08-28,RNST,2026-12-31,3.78286,3.82278,3.75292,6,1124144500,5,Financial Services,41.09,3755758721,588744
2026-08-28,RNST,2025-12-31,2.03429,2.04869,2.02737,3,993631883,4,Financial Services,41.09,3755758721,588744
2026-08-28,RNST,2024-12-31,3.24333,3.30452,3.1699,4,667715600,3,Financial Services,41.09,3755758721,588744
2026-08-28,ROAD,2030-09-30,4.7,4.79681,4.60158,1,4613000000,1,Industrials,110.1,6222269021,515471
2026-08-28,ROAD,2029-09-30,4.18,4.2661,4.09247,1,4291000000,1,Industrials,110.1,6222269021,515471
2026-08-28,ROAD,2028-09-30,3.7,3.77622,3.62252,1,3992000000,1,Industrials,110.1,6222269021,515471
2026-08-28,ROAD,2027-09-30,3.885,4.1958,3.42916,4,4088895336,4,Industrials,110.1,6222269021,515471
2026-08-28,ROIV,2031-03-31,2.766,4.60328,0.91145,2,4993844200,4,Healthcare,34.71,25074712260,8764828
2026-08-28,ROIV,2030-03-31,1.412,2.34991,0.46528,1,3194764600,3,Healthcare,34.71,25074712260,8764828
2026-08-28,ROIV,2029-03-31,-0.38053,0.39985,-1.25954,5,1480375332,7,Healthcare,34.71,25074712260,8764828
2026-08-28,ROIV,2028-03-31,-1.26544,-0.41699,-2.10599,4,406947048,8,Healthcare,34.71,25074712260,8764828
2026-08-28,ROK,2030-09-30,18.24,18.7277,17.61703,8,10587000000,8,Industrials,430.86,47943515640,565901
2026-08-28,ROK,2029-09-30,18.06788,18.55098,17.45079,8,10633055107,8,Industrials,430.86,47943515640,565901
2026-08-28,ROK,2028-09-30,16.59951,17.15439,15.79834,10,10163556322,17,Industrials,430.86,47943515640,565901
2026-08-28,ROK,2027-09-30,14.81376,15.35499,14.25248,18,9550868273,20,Industrials,430.86,47943515640,565901
2026-08-28,ROKU,2030-12-31,6.9239,7.19856,6.7089,5,7896979657,6,Communication Services,157.675,23389850236,1557121
2026-08-28,ROKU,2029-12-31,6.75694,7.02497,6.54712,9,7653794080,11,Communication Services,157.675,23389850236,1557121
2026-08-28,ROKU,2028-12-31,5.60417,6.71654,4.39553,12,7167029300,13,Communication Services,157.675,23389850236,1557121
2026-08-28,ROKU,2027-12-31,3.82082,4.33289,3.2989,14,6318893735,21,Communication Services,157.675,23389850236,1557121
2026-08-28,ROL,2030-12-31,1.67,1.71207,1.62748,4,5433157300,6,Industrials,36.38,17504069798,2723387
2026-08-28,ROL,2029-12-31,1.5781,1.61786,1.53792,2,5241253098,10,Industrials,36.38,17504069798,2723387
2026-08-28,ROL,2028-12-31,1.41568,1.51541,1.36586,7,4810931028,12,Industrials,36.38,17504069798,2723387
2026-08-28,ROL,2027-12-31,1.27353,1.3421,1.23434,12,4441026465,13,Industrials,36.38,17504069798,2723387
2026-08-28,ROP,2029-12-31,30.25,30.97766,29.78499,1,10148000000,6,Technology,426.2,43010825400,560823
2026-08-28,ROP,2028-12-31,26.58224,27.37338,25.7911,2,9585420187,8,Technology,426.2,43010825400,560823
2026-08-28,ROP,2027-12-31,24.33454,25.64694,22.86184,11,9073560632,16,Technology,426.2,43010825400,560823
2026-08-28,ROP,2026-12-31,22.21824,22.32823,22.00826,11,8570039994,16,Technology,426.2,43010825400,560823
2026-08-28,ROST,2030-01-31,9.31,9.55167,8.91186,3,27904000000,4,Consumer Cyclical,228.55,73314514920,2375298
2026-08-28,ROST,2029-01-31,10.01344,11.12933,9.06631,8,29235640203,9,Consumer Cyclical,228.55,73314514920,2375298
2026-08-28,ROST,2028-01-31,9.021,9.44273,8.56841,14,27434768315,15,Consumer Cyclical,228.55,73314514920,2375298
2026-08-28,ROST,2027-01-31,8.47125,8.73933,8.13883,14,25668936034,14,Consumer Cyclical,228.55,73314514920,2375298
2026-08-28,RPD,2029-12-31,1.97,2.00727,1.93184,1,904000000,6,Technology,13.29,888178674,1429708
2026-08-28,RPD,2028-12-31,1.77134,1.84941,1.65134,3,842619479,8,Technology,13.29,888178674,1429708
2026-08-28,RPD,2027-12-31,1.82702,2.06714,1.45118,14,830333327,18,Technology,13.29,888178674,1429708
2026-08-28,RPD,2026-12-31,1.79845,1.86918,1.59638,13,838971073,18,Technology,13.29,888178674,1429708
2026-08-28,RPM,2030-05-31,7.5515,7.69561,7.37718,1,8886152600,2,Basic Materials,106.65,13623577650,1118753
2026-08-28,RPM,2029-05-31,7.42628,7.59568,7.25688,2,8962684971,5,Basic Materials,106.65,13623577650,1118753
2026-08-28,RPM,2028-05-31,6.73718,6.97996,6.52475,6,8618230243,10,Basic Materials,106.65,13623577650,1118753
2026-08-28,RPM,2027-05-31,6.00118,6.1112,5.89116,7,8298798341,11,Basic Materials,106.65,13623577650,1118753
2026-08-28,RPRX,2030-12-31,7.56,7.84513,7.31486,1,4910000000,2,Healthcare,60.85,26973222900,1666318
2026-08-28,RPRX,2029-12-31,6.95,7.21212,6.72464,1,4540000000,2,Healthcare,60.85,26973222900,1666318
2026-08-28,RPRX,2028-12-31,6.47406,8.47482,4.4733,2,4135508157,4,Healthcare,60.85,26973222900,1666318
2026-08-28,RPRX,2027-12-31,5.73683,6.05784,5.188,4,3809540719,4,Healthcare,60.85,26973222900,1666318
2026-08-28,RRC,2030-12-31,5.69,6.3068,5.2129,2,4254000000,3,Energy,41.46,9688372800,1522655
2026-08-28,RRC,2029-12-31,6.27727,6.95773,5.75093,3,4571295100,4,Energy,41.46,9688372800,1522655
2026-08-28,RRC,2028-12-31,4.71181,6.39848,3.66719,6,3907892158,6,Energy,41.46,9688372800,1522655
2026-08-28,RRC,2027-12-31,3.90687,5.1418,3.40167,13,3616139149,7,Energy,41.46,9688372800,1522655
2026-08-28,RRR,2028-12-31,3.32408,4.63057,2.80602,5,2276003577,7,Consumer Cyclical,56.97,3330787169,1380072
2026-08-28,RRR,2027-12-31,2.95485,3.29579,2.54896,8,2146818061,12,Consumer Cyclical,56.97,3330787169,1380072
2026-08-28,RRR,2026-12-31,2.71325,3.11848,2.43135,7,2023102319,12,Consumer Cyclical,56.97,3330787169,1380072
2026-08-28,RRR,2025-12-31,2.26886,2.35661,2.19365,4,2002961198,9,Consumer Cyclical,56.97,3330787169,1380072
2026-08-28,RRX,2030-12-31,20.40526,20.81548,19.88387,1,8884108265,3,Industrials,157.43,10480047877,1714619
2026-08-28,RRX,2029-12-31,17.20657,17.55248,16.76691,1,8132888596,4,Industrials,157.43,10480047877,1714619
2026-08-28,RRX,2028-12-31,14.59911,16.0263,13.17498,4,7458926275,6,Industrials,157.43,10480047877,1714619
2026-08-28,RRX,2027-12-31,12.994,13.67633,12.62811,8,7066746433,9,Industrials,157.43,10480047877,1714619
2026-08-28,RSG,2030-12-31,10.20838,10.36499,10.05156,5,20738678437,7,Industrials,222.11,68335251040,1401605
2026-08-28,RSG,2029-12-31,9.63514,9.78296,9.48713,5,19944056524,10,Industrials,222.11,68335251040,1401605
2026-08-28,RSG,2028-12-31,8.89239,9.7819,8.46252,8,18929880885,15,Industrials,222.11,68335251040,1401605
2026-08-28,RSG,2027-12-31,8.07558,8.26738,7.8636,17,18096305257,19,Industrials,222.11,68335251040,1401605
2026-08-28,RSI,2028-12-31,1.06407,1.14525,0.99737,1,2131466800,5,Consumer Cyclical,26.41,6536582145,2530173
2026-08-28,RSI,2027-12-31,0.84036,0.85142,0.8293,5,1838560182,8,Consumer Cyclical,26.41,6536582145,2530173
2026-08-28,RSI,2026-12-31,0.61991,0.6672,0.60991,5,1587863091,8,Consumer Cyclical,26.41,6536582145,2530173
2026-08-28,RSI,2025-12-31,0.40283,0.41266,0.393,3,1115095851,5,Consumer Cyclical,26.41,6536582145,2530173
2026-08-28,RTO,2030-12-31,1.50362,1.53258,1.47573,3,6334743788,14,Industrials,23.53,11841425440,1105461
2026-08-28,RTO,2029-12-31,1.34428,1.37017,1.31935,3,6138569512,14,Industrials,23.53,11841425440,1105461
2026-08-28,RTO,2028-12-31,1.25737,1.3821,1.12742,9,5834900782,16,Industrials,23.53,11841425440,1105461
2026-08-28,RTO,2027-12-31,1.14581,1.35898,0.7994,5,5592442767,13,Industrials,23.53,11841425440,1105461
2026-08-28,RTX,2030-12-31,10.47333,10.83195,10.15965,4,121652000000,9,Industrials,211.71,285333867563,2311449
2026-08-28,RTX,2029-12-31,9.71997,10.05279,9.42885,4,116843910818,10,Industrials,211.71,285333867563,2311449
2026-08-28,RTX,2028-12-31,8.76994,9.30551,8.08262,11,110826907692,18,Industrials,211.71,285333867563,2311449
2026-08-28,RTX,2027-12-31,7.90542,8.11936,7.46736,15,103364383063,17,Industrials,211.71,285333867563,2311449
2026-08-28,RVLV,2028-12-31,1.34763,1.39526,1.30001,2,1621655432,2,Consumer Cyclical,22.91,1634736933,623802
2026-08-28,RVLV,2027-12-31,1.11051,1.29732,0.96521,10,1518312286,12,Consumer Cyclical,22.91,1634736933,623802
2026-08-28,RVLV,2026-12-31,0.88294,0.98443,0.8119,8,1391923135,12,Consumer Cyclical,22.91,1634736933,623802
2026-08-28,RVLV,2025-12-31,0.77642,0.81783,0.75572,7,1207111295,10,Consumer Cyclical,22.91,1634736933,623802
2026-08-28,RVMD,2030-12-31,11.35754,33.37104,4.08435,8,6270894758,8,Healthcare,207.88,44194456480,2004020
2026-08-28,RVMD,2029-12-31,4.20248,12.34785,1.51128,9,4275741092,13,Healthcare,207.88,44194456480,2004020
2026-08-28,RVMD,2028-12-31,-3.40988,9.84425,-10.18406,18,2221547288,17,Healthcare,207.88,44194456480,2004020
2026-08-28,RVMD,2027-12-31,-6.69336,-0.03891488,-10.44865,16,905436721,14,Healthcare,207.88,44194456480,2004020
2026-08-28,RVTY,2030-12-28,7.564,7.6704,7.48461,1,3519581650,8,Healthcare,128.8,14368928000,1576262
2026-08-28,RVTY,2029-12-28,7.03414,7.13309,6.96031,1,3371662725,7,Healthcare,128.8,14368928000,1576262
2026-08-28,RVTY,2028-12-28,6.47532,9.00227,4.70645,3,3186326605,9,Healthcare,128.8,14368928000,1576262
2026-08-28,RVTY,2027-12-28,5.88401,5.91403,5.84398,8,3003509575,10,Healthcare,128.8,14368928000,1576262
2026-08-28,RXO,2030-12-31,1.24,1.33389,1.152,1,7339000000,5,Industrials,21.91,3613404036,666136
2026-08-28,RXO,2029-12-31,1.76,1.89327,1.6351,1,7896000000,3,Industrials,21.91,3613404036,666136
2026-08-28,RXO,2028-12-31,1.03007,1.30506,0.60351,3,8165689958,7,Industrials,21.91,3613404036,666136
2026-08-28,RXO,2027-12-31,0.61003,0.74947,0.46188,12,7464667695,14,Industrials,21.91,3613404036,666136
2026-08-28,RY,2028-10-31,19.65593,20.57205,18.73981,2,81717214218,3,Financial Services,204.23,283834769400,922552
2026-08-28,RY,2027-10-31,17.91449,18.16981,17.81521,8,76494658202,8,Financial Services,204.23,283834769400,922552
2026-08-28,RY,2026-10-31,16.35495,16.45373,16.25618,8,72813152819,8,Financial Services,204.23,283834769400,922552
2026-08-28,RY,2025-10-31,14.10203,14.31251,13.9617,9,66131128462,6,Financial Services,204.23,283834769400,922552
2026-08-28,RYAAY,2031-03-31,6.78655,6.96397,6.64919,2,20434635634,6,Industrials,56.13,29154763894,587404
2026-08-28,RYAAY,2030-03-31,5.81857,5.97068,5.7008,1,19181990600,6,Industrials,56.13,29154763894,587404
2026-08-28,RYAAY,2029-03-31,4.74767,4.87179,4.65158,1,18261242851,5,Industrials,56.13,29154763894,587404
2026-08-28,RYAAY,2028-03-31,3.80602,4.18348,3.47575,5,17240543409,11,Industrials,56.13,29154763894,587404
2026-08-28,RYAN,2028-12-31,2.7025,3.19718,1.73383,3,3842304071,10,Financial Services,43.87,5679761116,910126
2026-08-28,RYAN,2027-12-31,2.41446,2.83822,2.17794,11,3534140939,12,Financial Services,43.87,5679761116,910126
2026-08-28,RYAN,2026-12-31,2.16065,2.23994,2.10118,10,3292294853,12,Financial Services,43.87,5679761116,910126
2026-08-28,RYAN,2025-12-31,2.01099,2.031,1.99098,12,3077498079,9,Financial Services,43.87,5679761116,910126
2026-08-28,RYN,2028-12-31,0.68605,0.73598,0.62474,1,1726668777,3,Real Estate,20.38,3153562478,3263149
2026-08-28,RYN,2027-12-31,0.626,0.73033,0.44863,3,1611612085,4,Real Estate,20.38,3153562478,3263149
2026-08-28,RYN,2026-12-31,0.43174,0.55084,0.31264,2,1481635612,3,Real Estate,20.38,3153562478,3263149
2026-08-28,RYN,2025-12-31,0.47587,0.49612,0.45562,3,476781846,4,Real Estate,20.38,3153562478,3263149
2026-08-28,S,2030-01-31,0.84,0.85512,0.82722,1,1922000000,5,Technology,21.54,7253487558,16422710
2026-08-28,S,2029-01-31,0.70576,1.06742,0.15814,5,1639466480,10,Technology,21.54,7253487558,16422710
2026-08-28,S,2028-01-31,0.4915,0.6219,0.32098,13,1412864122,25,Technology,21.54,7253487558,16422710
2026-08-28,S,2027-01-31,0.34277,0.36236,0.32318,14,1201423655,26,Technology,21.54,7253487558,16422710
2026-08-28,SA,2028-12-31,-0.85421,-0.85421,-0.85421,1,0,0,Basic Materials,32.39,3485906994,658845
2026-08-28,SA,2027-12-31,-0.32058,-0.32058,-0.32058,1,0,0,Basic Materials,32.39,3485906994,658845
2026-08-28,SA,2026-12-31,0.36552,0.36552,0.36552,1,0,0,Basic Materials,32.39,3485906994,658845
2026-08-28,SA,2025-12-31,-0.4205,-0.4205,-0.4205,1,0,0,Basic Materials,32.39,3485906994,658845
2026-08-28,SAIC,2029-01-30,12.47619,13.33651,11.59747,4,7428881168,6,Technology,125.96,5325188121,848482
2026-08-28,SAIC,2028-01-30,11.00097,11.40879,10.49119,6,7271129989,7,Technology,125.96,5325188121,848482
2026-08-28,SAIC,2027-01-30,10.17834,10.72742,9.43606,7,7189454700,8,Technology,125.96,5325188121,848482
2026-08-28,SAIC,2026-01-30,10.09229,10.24746,9.95357,4,7277088333,3,Technology,125.96,5325188121,848482
2026-08-28,SAN,2029-12-31,1.47449,1.51238,1.44028,9,73423778908,11,Financial Services,14.67,215329527141,8747137
2026-08-28,SAN,2028-12-31,1.45048,1.66157,0.82077,12,72164471864,13,Financial Services,14.67,215329527141,8747137
2026-08-28,SAN,2027-12-31,1.26053,1.39732,0.99669,5,69155052819,9,Financial Services,14.67,215329527141,8747137
2026-08-28,SAN,2026-12-31,1.04786,1.22852,0.84009,5,63633498057,9,Financial Services,14.67,215329527141,8747137
2026-08-28,SANM,2028-09-27,15.70333,17.55476,13.8519,2,18311800000,3,Technology,194.01,10398431574,673159
2026-08-28,SANM,2027-09-27,13.93167,16.2303,12.78236,4,16378860157,3,Technology,194.01,10398431574,673159
2026-08-28,SANM,2026-09-27,12.09833,12.41376,11.39624,4,14144667864,3,Technology,194.01,10398431574,673159
2026-08-28,SANM,2025-09-27,5.9475,5.96753,5.92747,2,8088571682,1,Technology,194.01,10398431574,673159
2026-08-28,SAP,2030-12-31,11.8249,12.17526,11.53502,5,59521615215,15,Technology,221.54,258146198233,2317789
2026-08-28,SAP,2029-12-31,10.61152,10.92593,10.35139,9,55077607798,9,Technology,221.54,258146198233,2317789
2026-08-28,SAP,2028-12-31,9.65305,11.13321,8.19919,12,50282529449,19,Technology,221.54,258146198233,2317789
2026-08-28,SAP,2027-12-31,8.27073,8.89232,7.9772,12,44857310493,19,Technology,221.54,258146198233,2317789
2026-08-28,SARO,2030-12-31,2.225,2.29825,2.10171,4,8838249000,5,Industrials,25.01,8315124020,2253704
2026-08-28,SARO,2029-12-31,1.95667,2.02109,1.84825,4,8110101325,5,Industrials,25.01,8315124020,2253704
2026-08-28,SARO,2028-12-31,1.87956,2.11363,1.71152,10,7782433023,11,Industrials,25.01,8315124020,2253704
2026-08-28,SARO,2027-12-31,1.50375,1.76712,1.32534,8,7100655220,9,Industrials,25.01,8315124020,2253704
2026-08-28,SBAC,2030-12-31,10.35,10.52328,10.15894,4,3235592000,12,Real Estate,190.95,20252729850,681159
2026-08-28,SBAC,2029-12-31,10.02333,10.19114,9.8383,4,3195263525,8,Real Estate,190.95,20252729850,681159
2026-08-28,SBAC,2028-12-31,9.35569,9.86869,8.04432,10,3045372387,14,Real Estate,190.95,20252729850,681159
2026-08-28,SBAC,2027-12-31,8.40882,8.7759,7.8786,9,2933776499,12,Real Estate,190.95,20252729850,681159
2026-08-28,SBCF,2028-12-31,3,3.02739,2.96226,1,1220315764,1,Financial Services,34.37,3342372516,851606
2026-08-28,SBCF,2027-12-31,2.77173,2.81119,2.71255,4,900985400,3,Financial Services,34.37,3342372516,851606
2026-08-28,SBCF,2026-12-31,2.54985,2.57985,2.51985,4,849973400,3,Financial Services,34.37,3342372516,851606
2026-08-28,SBCF,2025-12-31,1.91,2.06,1.68,4,651446620,3,Financial Services,34.37,3342372516,851606
2026-08-28,SBH,2028-09-30,2.45,2.46279,2.44221,2,3874640536,2,Consumer Cyclical,16.55,1579010675,907294
2026-08-28,SBH,2027-09-30,2.2391,2.26882,2.21928,3,3788931266,4,Consumer Cyclical,16.55,1579010675,907294
2026-08-28,SBH,2026-09-30,2.06658,2.08655,2.0566,3,3731885751,4,Consumer Cyclical,16.55,1579010675,907294
2026-08-28,SBH,2025-09-30,1.828,1.83799,1.82219,4,3686121776,3,Consumer Cyclical,16.55,1579010675,907294
2026-08-28,SBLK,2029-12-31,3.32417,3.54365,3.14145,1,870992638,1,Industrials,30.48,3399462624,797582
2026-08-28,SBLK,2028-12-31,4.68366,6.34388,3.66708,3,1224513813,2,Industrials,30.48,3399462624,797582
2026-08-28,SBLK,2027-12-31,4.23689,4.51663,4.004,3,1153064660,3,Industrials,30.48,3399462624,797582
2026-08-28,SBLK,2026-12-31,4.52739,4.82631,4.27854,2,1193812484,1,Industrials,30.48,3399462624,797582
2026-08-28,SBRA,2030-12-31,0,0,0,1,1422449000,2,Real Estate,20.61,5197637858,1607208
2026-08-28,SBRA,2029-12-31,0.86,0.94127,0.79853,1,1171412500,2,Real Estate,20.61,5197637858,1607208
2026-08-28,SBRA,2028-12-31,0.82273,0.87952,0.77995,4,1055168758,5,Real Estate,20.61,5197637858,1607208
2026-08-28,SBRA,2027-12-31,0.76633,0.78502,0.73829,6,1003710044,5,Real Estate,20.61,5197637858,1607208
2026-08-28,SBSW,2030-12-31,38.24441,46.16933,30.28076,1,157429496574,5,Basic Materials,12.09,8555389555,8789847
2026-08-28,SBSW,2029-12-31,20.90946,25.24227,16.55547,1,132928833483,3,Basic Materials,12.09,8555389555,8789847
2026-08-28,SBSW,2028-12-31,34.42493,41.55839,27.25661,1,159508287944,3,Basic Materials,12.09,8555389555,8789847
2026-08-28,SBSW,2027-12-31,34.97165,58.18757,11.75573,2,172272563360,7,Basic Materials,12.09,8555389555,8789847
2026-08-28,SBUX,2030-09-28,4.88,5.04516,4.73107,6,45920500000,23,Consumer Cyclical,107.85,122949000000,4828385
2026-08-28,SBUX,2029-09-28,4.43035,4.58029,4.29514,6,43380796584,12,Consumer Cyclical,107.85,122949000000,4828385
2026-08-28,SBUX,2028-09-28,3.75118,4.55399,3.17369,10,40548315690,24,Consumer Cyclical,107.85,122949000000,4828385
2026-08-28,SBUX,2027-09-28,3.15226,3.47557,2.87947,20,38595366798,23,Consumer Cyclical,107.85,122949000000,4828385
2026-08-28,SCCO,2030-12-31,8.7921,9.73705,7.93628,5,18514932750,5,Basic Materials,209.8,175042791919,1342026
2026-08-28,SCCO,2029-12-31,8.2047,9.08652,7.40605,5,19533326825,5,Basic Materials,209.8,175042791919,1342026
2026-08-28,SCCO,2028-12-31,6.90726,9.43444,5.26385,8,16217326175,11,Basic Materials,209.8,175042791919,1342026
2026-08-28,SCCO,2027-12-31,7.02175,8.14845,5.90511,9,15996896252,9,Basic Materials,209.8,175042791919,1342026
2026-08-28,SCHW,2030-12-31,10.25,10.75325,9.54005,5,38447000000,5,Financial Services,110.16,191583662400,12818280
2026-08-28,SCHW,2029-12-31,9.58185,10.0523,8.91818,5,36062501026,5,Financial Services,110.16,191583662400,12818280
2026-08-28,SCHW,2028-12-31,9.15513,9.74615,8.10028,8,34838964083,10,Financial Services,110.16,191583662400,12818280
2026-08-28,SCHW,2027-12-31,7.87536,8.51907,6.91986,15,31898028962,14,Financial Services,110.16,191583662400,12818280
2026-08-28,SCI,2028-12-31,5.09143,5.14803,5.03483,2,4848936296,2,Consumer Cyclical,83.36,11388559840,634673
2026-08-28,SCI,2027-12-31,4.59812,4.62817,4.56807,5,4626647907,5,Consumer Cyclical,83.36,11388559840,634673
2026-08-28,SCI,2026-12-31,4.19034,4.20034,4.15034,5,4466135425,5,Consumer Cyclical,83.36,11388559840,634673
2026-08-28,SCI,2025-12-31,3.85135,3.89658,3.84135,5,4314607978,5,Consumer Cyclical,83.36,11388559840,634673
2026-08-28,SDGR,2030-12-31,0.4,0.43629,0.36594,1,406500000,2,Technology,19.7,1471998263,911292
2026-08-28,SDGR,2029-12-31,-0.01,-0.00914859,-0.01090737,1,371800000,2,Technology,19.7,1471998263,911292
2026-08-28,SDGR,2028-12-31,-0.90516,-0.33548,-1.64,3,280154820,4,Technology,19.7,1471998263,911292
2026-08-28,SDGR,2027-12-31,-1.41682,-1.07634,-1.85614,3,250302659,5,Technology,19.7,1471998263,911292
2026-08-28,SE,2030-12-31,8.74,9.57578,7.49427,6,53770700000,7,Consumer Cyclical,119.36,71657690777,3567670
2026-08-28,SE,2029-12-31,7.55,8.27199,6.47388,9,48433300000,10,Consumer Cyclical,119.36,71657690777,3567670
2026-08-28,SE,2028-12-31,5.97068,7.88784,4.14185,15,44428942410,15,Consumer Cyclical,119.36,71657690777,3567670
2026-08-28,SE,2027-12-31,4.74037,5.06338,4.41736,11,38450573226,17,Consumer Cyclical,119.36,71657690777,3567670
2026-08-28,SEDG,2030-12-31,2.98,3.48674,2.65359,4,2023000000,14,Energy,31.41,1910299725,3208250
2026-08-28,SEDG,2029-12-31,3.51,4.10687,3.12554,4,1899500000,14,Energy,31.41,1910299725,3208250
2026-08-28,SEDG,2028-12-31,1.89889,10.16757,-11.00097,11,1640872929,16,Energy,31.41,1910299725,3208250
2026-08-28,SEDG,2027-12-31,0.9842,1.52689,0.34033,14,1473273626,17,Energy,31.41,1910299725,3208250
2026-08-28,SEI,2030-12-31,8.6842,10.79304,7.34821,1,2341721550,4,Energy,49.89,3057409868,1362727
2026-08-28,SEI,2029-12-31,8.4973,10.56076,7.19007,1,2220850000,4,Energy,49.89,3057409868,1362727
2026-08-28,SEI,2028-12-31,4.11282,5.57202,2.05736,5,1766803283,9,Energy,49.89,3057409868,1362727
2026-08-28,SEI,2027-12-31,1.93117,3.38698,0.38623,6,1298677249,8,Energy,49.89,3057409868,1362727
2026-08-28,SEIC,2030-12-31,10.5,10.83926,10.1808,1,3378000000,2,Financial Services,111.63,13397720970,660725
2026-08-28,SEIC,2029-12-31,9.2,9.49726,8.92032,1,3167000000,2,Financial Services,111.63,13397720970,660725
2026-08-28,SEIC,2028-12-31,7.85441,8.22513,7.45075,4,3033490862,4,Financial Services,111.63,13397720970,660725
2026-08-28,SEIC,2027-12-31,7.01443,7.32118,6.4725,5,2813676873,5,Financial Services,111.63,13397720970,660725
2026-08-28,SF,2029-12-31,7.9652,8.26774,7.54834,1,7785828000,1,Financial Services,81.29,12322669810,996768
2026-08-28,SF,2028-12-31,7.99795,9.87829,6.11762,2,7193753196,3,Financial Services,81.29,12322669810,996768
2026-08-28,SF,2027-12-31,7.5069,8.13425,6.46487,5,6646456850,4,Financial Services,81.29,12322669810,996768
2026-08-28,SF,2026-12-31,6.52386,6.75979,6.16484,4,6070329206,4,Financial Services,81.29,12322669810,996768
2026-08-28,SFBS,2027-12-31,3.63397,3.67369,3.60418,2,763733333,2,Financial Services,43.2,4722865920,511299
2026-08-28,SFBS,2026-12-31,3.21487,3.22482,3.185,2,682566667,2,Financial Services,43.2,4722865920,511299
2026-08-28,SFBS,2025-12-31,2.52823,2.54822,2.49825,3,561655667,2,Financial Services,43.2,4722865920,511299
2026-08-28,SFBS,2024-12-31,2.04668,2.06169,2.02666,2,475559667,2,Financial Services,43.2,4722865920,511299
2026-08-28,SFD,2028-12-28,2.58805,2.60207,2.57402,2,16148248460,4,Consumer Defensive,21.94,8632891150,1291048
2026-08-28,SFD,2027-12-28,2.44887,2.50379,2.39884,3,15578535042,3,Consumer Defensive,21.94,8632891150,1291048
2026-08-28,SFD,2026-12-28,2.48231,2.53798,2.4316,3,15572280145,3,Consumer Defensive,21.94,8632891150,1291048
2026-08-28,SFD,2025-12-28,2.38558,2.40554,2.36562,4,15412996676,3,Consumer Defensive,21.94,8632891150,1291048
2026-08-28,SFL,2028-12-31,1.17777,1.21997,1.15092,3,864950000,3,Industrials,12.37,1644951776,929048
2026-08-28,SFL,2027-12-31,1.105,1.75539,0.51199,4,806700000,4,Industrials,12.37,1644951776,929048
2026-08-28,SFL,2026-12-31,0.495,0.91596,0.14811,4,695600000,4,Industrials,12.37,1644951776,929048
2026-08-28,SFL,2025-12-31,0.048883,0.05037941,0.04745006,4,725209044,4,Industrials,12.37,1644951776,929048
2026-08-28,SFM,2030-12-28,7.44,7.55235,7.31077,2,13911600000,4,Consumer Defensive,81.46,7595951533,1111134
2026-08-28,SFM,2029-12-28,7.37,7.48129,7.24198,4,12299700000,4,Consumer Defensive,81.46,7595951533,1111134
2026-08-28,SFM,2028-12-28,6.55959,7.03684,6.30716,7,11162171181,8,Consumer Defensive,81.46,7595951533,1111134
2026-08-28,SFM,2027-12-28,5.97178,6.11543,5.79735,9,10215926581,10,Consumer Defensive,81.46,7595951533,1111134
2026-08-28,SFNC,2028-12-31,2.48,2.49956,2.44956,2,1102164638,1,Financial Services,22.69,3291502160,1001228
2026-08-28,SFNC,2027-12-31,2.2,2.24,2.15,5,1046338950,5,Financial Services,22.69,3291502160,1001228
2026-08-28,SFNC,2026-12-31,2.04143,2.05139,2.03147,5,1004197559,5,Financial Services,22.69,3291502160,1001228
2026-08-28,SFNC,2025-12-31,1.66333,1.68313,1.62373,5,909270588,4,Financial Services,22.69,3291502160,1001228
2026-08-28,SGHC,2030-12-31,1.24151,1.27119,1.21665,1,3194255050,2,Consumer Cyclical,13.82,7021621210,2592504
2026-08-28,SGHC,2029-12-31,1.12785,1.15481,1.10526,1,2981100710,2,Consumer Cyclical,13.82,7021621210,2592504
2026-08-28,SGHC,2028-12-31,0.95299,1.03649,0.81192,3,2693649208,4,Consumer Cyclical,13.82,7021621210,2592504
2026-08-28,SGHC,2027-12-31,0.85861,0.87914,0.84142,2,2487840649,5,Consumer Cyclical,13.82,7021621210,2592504
2026-08-28,SGI,2030-12-31,5.59,5.752,5.43978,1,8803500000,3,Consumer Cyclical,64.37,13541226656,8545428
2026-08-28,SGI,2029-12-31,5.06,5.20664,4.92403,1,8487000000,4,Consumer Cyclical,64.37,13541226656,8545428
2026-08-28,SGI,2028-12-31,4.53628,4.85221,4.12077,3,8276760380,6,Consumer Cyclical,64.37,13541226656,8545428
2026-08-28,SGI,2027-12-31,3.62322,3.73094,3.33924,7,7897968008,9,Consumer Cyclical,64.37,13541226656,8545428
2026-08-28,SGML,2030-12-31,3.81,4.4334,3.21599,1,1000000000,1,Basic Materials,12.26,1365800780,1317174
2026-08-28,SGML,2029-12-31,4.09,4.75921,3.45233,1,989000000,1,Basic Materials,12.26,1365800780,1317174
2026-08-28,SGML,2028-12-31,3.25,3.78177,2.7433,1,776300000,1,Basic Materials,12.26,1365800780,1317174
2026-08-28,SGML,2027-12-31,1.72333,2.0053,1.45465,1,490200000,2,Basic Materials,12.26,1365800780,1317174
2026-08-28,SGMT,2030-12-31,0.80333,0.80333,0.80333,5,300719000,6,Healthcare,10.55,343737958,573990
2026-08-28,SGMT,2029-12-31,-0.71412,-0.71412,-0.71412,5,121898233,6,Healthcare,10.55,343737958,573990
2026-08-28,SGMT,2028-12-31,-1.67537,-0.88041,-2.73445,8,24382125,8,Healthcare,10.55,343737958,573990
2026-08-28,SGMT,2027-12-31,-1.38855,-0.72555,-2.10159,7,7526500,6,Healthcare,10.55,343737958,573990
2026-08-28,SGRY,2029-12-31,0.56,0.56391,0.55503,1,3600400000,2,Healthcare,13.69,1790487720,2038303
2026-08-28,SGRY,2028-12-31,0.69346,0.6983,0.6873,1,3662915305,4,Healthcare,13.69,1790487720,2038303
2026-08-28,SGRY,2027-12-31,0.54212,0.66533,0.41891,5,3512564467,7,Healthcare,13.69,1790487720,2038303
2026-08-28,SGRY,2026-12-31,0.44507,0.48849,0.39079,6,3420485533,8,Healthcare,13.69,1790487720,2038303
2026-08-28,SHAK,2030-12-31,2.45,2.52092,2.39287,1,2769200000,5,Consumer Cyclical,69.89,2820110423,941333
2026-08-28,SHAK,2029-12-31,1.94,1.99616,1.89477,1,2452300000,5,Consumer Cyclical,69.89,2820110423,941333
2026-08-28,SHAK,2028-12-31,1.78483,2.22122,1.42005,5,2139086267,11,Consumer Cyclical,69.89,2820110423,941333
2026-08-28,SHAK,2027-12-31,1.39601,1.67941,1.15459,15,1890857090,20,Consumer Cyclical,69.89,2820110423,941333
2026-08-28,SHAZ,2029-12-31,9.3,11.20584,6.92293,1,6588318000,1,Technology,52.37,1835443859,2585826
2026-08-28,SHAZ,2028-12-31,-1.3125,-0.97703,-1.58147,1,2764059500,2,Technology,52.37,1835443859,2585826
2026-08-28,SHAZ,2027-12-31,-2,0.14847,-4.14847,1,1520937000,3,Technology,52.37,1835443859,2585826
2026-08-28,SHAZ,2026-12-31,-14.062,-10.46776,-16.94372,2,119495400,2,Technology,52.37,1835443859,2585826
2026-08-28,SHC,2029-12-31,1.27,1.27752,1.26338,1,1481000000,2,Healthcare,19.27,5495167974,1388661
2026-08-28,SHC,2028-12-31,1.18653,1.32793,1.04513,2,1399220110,5,Healthcare,19.27,5495167974,1388661
2026-08-28,SHC,2027-12-31,1.07487,1.10501,1.05478,5,1320918145,6,Healthcare,19.27,5495167974,1388661
2026-08-28,SHC,2026-12-31,0.98463,0.99468,0.97458,5,1246833841,6,Healthcare,19.27,5495167974,1388661
2026-08-28,SHEL,2030-12-31,10.65909,12.23911,8.87916,1,308495000000,6,Energy,90.91,253465716450,7516350
2026-08-28,SHEL,2029-12-31,9.98941,11.47017,8.32131,1,308205000000,10,Energy,90.91,253465716450,7516350
2026-08-28,SHEL,2028-12-31,9.28855,9.91949,8.80333,3,303658007810,12,Energy,90.91,253465716450,7516350
2026-08-28,SHEL,2027-12-31,9.05798,9.75094,8.47391,8,303358114489,10,Energy,90.91,253465716450,7516350
2026-08-28,SHO,2028-12-31,0.29,0.30175,0.2828,1,968071700,3,Real Estate,11.33,2110680089,2480352
2026-08-28,SHO,2027-12-31,0.22717,0.24571,0.20863,3,955053452,6,Real Estate,11.33,2110680089,2480352
2026-08-28,SHO,2026-12-31,0.29654,0.30864,0.28746,3,975447500,5,Real Estate,11.33,2110680089,2480352
2026-08-28,SHO,2025-12-31,0.010364,0.01048738,0.01010684,2,937906399,5,Real Estate,11.33,2110680089,2480352
2026-08-28,SHOE,2029-01-31,1.99,1.99707,1.98293,1,1167245500,1,Consumer Cyclical,13.69,371701407,819979
2026-08-28,SHOE,2028-01-31,1.84333,1.84988,1.83678,1,1152608569,1,Consumer Cyclical,13.69,371701407,819979
2026-08-28,SHOE,2027-01-31,1.49667,1.50199,1.49135,1,1129326864,1,Consumer Cyclical,13.69,371701407,819979
2026-08-28,SHOE,2026-01-31,1.9,1.90675,1.89325,1,1135089000,1,Consumer Cyclical,13.69,371701407,819979
2026-08-28,SHOO,2029-12-31,3.13,3.20064,3.06005,1,2863800000,1,Consumer Cyclical,44.24,3233299689,720854
2026-08-28,SHOO,2028-12-31,3.50546,3.58458,3.42712,1,3325129218,3,Consumer Cyclical,44.24,3233299689,720854
2026-08-28,SHOO,2027-12-31,2.7741,2.83598,2.6916,4,3070569472,5,Consumer Cyclical,44.24,3233299689,720854
2026-08-28,SHOO,2026-12-31,2.19122,2.24218,2.14026,4,2868333440,5,Consumer Cyclical,44.24,3233299689,720854
2026-08-28,SHOP,2030-12-31,4.53767,5.05725,4.24332,5,34035827981,11,Technology,152.9,198411401031,4923650
2026-08-28,SHOP,2029-12-31,3.82297,4.26072,3.57498,10,28807102441,14,Technology,152.9,198411401031,4923650
2026-08-28,SHOP,2028-12-31,3.36041,4.13431,2.57375,13,24230053803,22,Technology,152.9,198411401031,4923650
2026-08-28,SHOP,2027-12-31,2.49014,3.10473,2.11927,27,19347924978,38,Technology,152.9,198411401031,4923650
2026-08-28,SHW,2029-12-31,16.55447,16.81347,16.14767,5,28891512345,10,Basic Materials,344.86,83717575954,1557020
2026-08-28,SHW,2028-12-31,15.09013,16.38868,13.99711,8,27483916884,15,Basic Materials,344.86,83717575954,1557020
2026-08-28,SHW,2027-12-31,13.57843,13.96328,13.1245,14,26276407641,16,Basic Materials,344.86,83717575954,1557020
2026-08-28,SHW,2026-12-31,12.09685,12.16695,12.00672,14,25144564897,16,Basic Materials,344.86,83717575954,1557020
2026-08-28,SIG,2029-01-31,13.3141,15.13857,11.48963,2,7043039924,5,Consumer Cyclical,82.7,3252574460,651594
2026-08-28,SIG,2028-01-31,12.3387,13.0719,11.81499,5,6940815773,7,Consumer Cyclical,82.7,3252574460,651594
2026-08-28,SIG,2027-01-31,10.81699,10.99981,10.62401,6,6840600019,8,Consumer Cyclical,82.7,3252574460,651594
2026-08-28,SIG,2026-01-31,9.47407,9.67738,9.2606,6,6810407537,4,Consumer Cyclical,82.7,3252574460,651594
2026-08-28,SIRI,2030-12-31,5.4055,5.67437,5.32129,3,9613717525,5,Communication Services,28.54,9619888898,3297609
2026-08-28,SIRI,2029-12-31,4.14755,4.35385,4.08294,3,8973568875,5,Communication Services,28.54,9619888898,3297609
2026-08-28,SIRI,2028-12-31,3.45122,3.86514,2.72179,9,8770760006,11,Communication Services,28.54,9619888898,3297609
2026-08-28,SIRI,2027-12-31,3.23551,3.60922,3.04866,10,8738871965,11,Communication Services,28.54,9619888898,3297609
2026-08-28,SITE,2028-12-28,6.164,7.00378,5.6458,3,5363632929,6,Industrials,96.39,4207944006,544960
2026-08-28,SITE,2027-12-28,5.05531,5.22208,4.80515,6,5094991518,9,Industrials,96.39,4207944006,544960
2026-08-28,SITE,2026-12-28,4.1444,4.18658,4.08113,6,4897994889,9,Industrials,96.39,4207944006,544960
2026-08-28,SITE,2025-12-28,3.6737,3.71757,3.59694,5,4712583387,7,Industrials,96.39,4207944006,544960
2026-08-28,SJM,2030-04-30,11.56566,12.00679,11.1421,3,9130667196,5,Consumer Defensive,132.34,14144590515,1448156
2026-08-28,SJM,2029-04-30,11.53739,12.30768,10.59457,5,9092976120,8,Consumer Defensive,132.34,14144590515,1448156
2026-08-28,SJM,2028-04-30,10.79457,11.10907,9.7699,6,8904872812,10,Consumer Defensive,132.34,14144590515,1448156
2026-08-28,SJM,2027-04-30,10.06934,10.3014,9.23191,10,8781779367,11,Consumer Defensive,132.34,14144590515,1448156
2026-08-28,SKE,2030-12-31,7.17614,12.5949,3.49606,1,2305451193,2,Basic Materials,33.24,4124564957,745417
2026-08-28,SKE,2029-12-31,10.23552,17.96445,4.98652,1,2378224621,2,Basic Materials,33.24,4124564957,745417
2026-08-28,SKE,2028-12-31,11.57227,12.95571,10.18883,2,2772121909,4,Basic Materials,33.24,4124564957,745417
2026-08-28,SKE,2027-12-31,3.03043,3.21063,2.85024,2,533728532,4,Basic Materials,33.24,4124564957,745417
2026-08-28,SKHY,2030-12-31,123832.63428,144829.3846,91256.68661,2,1362159079011451,14,Technology,161.04,1143150316466,11625472
2026-08-28,SKHY,2029-12-31,75555.56614,88366.57809,55679.59255,3,907945985788169,24,Technology,161.04,1143150316466,11625472
2026-08-28,SKHY,2028-12-31,55412.16485,64807.71229,40835.20141,3,641944967905052,12,Technology,161.04,1143150316466,11625472
2026-08-28,SKHY,2027-12-31,50610.96009,56676.16757,43469.91889,6,569536004369527,26,Technology,161.04,1143150316466,11625472
2026-08-28,SKM,2030-12-31,0,0,0,0,19010067439504,6,Communication Services,39.34,15102159428,1217961
2026-08-28,SKM,2029-12-31,3948.94415,4049.03705,3921.12867,1,18774064369984,11,Communication Services,39.34,15102159428,1217961
2026-08-28,SKM,2028-12-31,4221.79559,4328.80438,4192.0582,1,19535119002151,7,Communication Services,39.34,15102159428,1217961
2026-08-28,SKM,2027-12-31,3911.89421,4159.28673,3664.50169,1,19175394330132,13,Communication Services,39.34,15102159428,1217961
2026-08-28,SLB,2030-12-31,4.34,4.45465,3.98506,5,46715000000,12,Energy,57.33,85085933554,17902297
2026-08-28,SLB,2029-12-31,4.14239,4.25182,3.80361,5,43646553373,8,Energy,57.33,85085933554,17902297
2026-08-28,SLB,2028-12-31,3.71035,4.45933,2.80773,8,42189859256,14,Energy,57.33,85085933554,17902297
2026-08-28,SLB,2027-12-31,3.19776,3.3782,2.99727,17,39777984088,19,Energy,57.33,85085933554,17902297
2026-08-28,SLDE,2028-12-31,3.81,4.05567,3.54274,1,1896307300,2,Financial Services,23.48,2742739162,726585
2026-08-28,SLDE,2027-12-31,3.70367,3.74255,3.66479,3,1906632310,2,Financial Services,23.48,2742739162,726585
2026-08-28,SLDE,2026-12-31,3.75917,3.76909,3.73933,3,1793341126,2,Financial Services,23.48,2742739162,726585
2026-08-28,SLDE,2025-12-31,3,3.01,2.99,3,1492986686,2,Financial Services,23.48,2742739162,726585
2026-08-28,SLGN,2028-12-31,4.42402,4.96438,3.86134,4,7205180979,8,Consumer Cyclical,42.1,4449117812,552475
2026-08-28,SLGN,2027-12-31,4.09411,4.20422,3.984,8,7030246211,10,Consumer Cyclical,42.1,4449117812,552475
2026-08-28,SLGN,2026-12-31,3.81879,3.84878,3.7788,8,6875182428,10,Consumer Cyclical,42.1,4449117812,552475
2026-08-28,SLGN,2025-12-31,3.68811,3.70805,3.67814,8,6472538747,7,Consumer Cyclical,42.1,4449117812,552475
2026-08-28,SLM,2028-12-31,3.78545,4.05116,3.47099,6,2167500116,3,Financial Services,26.41,4965080000,1770898
2026-08-28,SLM,2027-12-31,3.35664,3.51507,3.17841,8,1974956304,4,Financial Services,26.41,4965080000,1770898
2026-08-28,SLM,2026-12-31,3.11873,3.14872,3.09874,8,1911126790,4,Financial Services,26.41,4965080000,1770898
2026-08-28,SLM,2025-12-31,3.28784,3.38777,3.10796,8,1974935421,3,Financial Services,26.41,4965080000,1770898
2026-08-28,SLN,2030-12-31,-0.435,-0.03194001,-0.85358,1,100600000,2,Healthcare,13.42,633879582,539702
2026-08-28,SLN,2029-12-31,-0.62,-0.04552369,-1.21659,1,850000,2,Healthcare,13.42,633879582,539702
2026-08-28,SLN,2028-12-31,-0.66392,-0.04874853,-1.30278,1,697651,1,Healthcare,13.42,633879582,539702
2026-08-28,SLN,2027-12-31,-0.58309,-0.16914,-1.12167,3,1351414,4,Healthcare,13.42,633879582,539702
2026-08-28,SLS,2030-12-31,2.34,2.34,2.34,1,630286000,1,Healthcare,13.21,2457495930,9757807
2026-08-28,SLS,2029-12-31,1.23,1.23,1.23,1,357586000,1,Healthcare,13.21,2457495930,9757807
2026-08-28,SLS,2028-12-31,0.035,0.27,-0.2,2,122043000,1,Healthcare,13.21,2457495930,9757807
2026-08-28,SLS,2027-12-31,-0.095,0.01,-0.2,2,53094000,1,Healthcare,13.21,2457495930,9757807
2026-08-28,SM,2030-12-31,7.45,8.10865,6.95406,2,7184000000,3,Energy,36.62,8779608380,4480017
2026-08-28,SM,2029-12-31,7.425,8.08144,6.93072,3,7258000000,4,Energy,36.62,8779608380,4480017
2026-08-28,SM,2028-12-31,7.54152,9.24849,5.64072,6,7463847000,6,Energy,36.62,8779608380,4480017
2026-08-28,SM,2027-12-31,7.32128,9.1428,5.99254,8,7474874621,8,Energy,36.62,8779608380,4480017
2026-08-28,SMA,2030-12-31,0.61,0.63818,0.57973,1,344000000,2,Real Estate,33.04,1829269347,697985
2026-08-28,SMA,2029-12-31,0.6,0.62771,0.57023,1,316900000,1,Real Estate,33.04,1829269347,697985
2026-08-28,SMA,2028-12-31,0.545,0.55,0.54,2,270815450,3,Real Estate,33.04,1829269347,697985
2026-08-28,SMA,2027-12-31,0.52485,0.53957,0.51504,3,261721429,3,Real Estate,33.04,1829269347,697985
2026-08-28,SMCI,2029-06-30,6.01239,6.98112,5.18917,1,91721103978,5,Technology,37.08,23986050840,28943597
2026-08-28,SMCI,2028-06-30,5.34772,6.35423,4.71738,7,79014681318,9,Technology,37.08,23986050840,28943597
2026-08-28,SMCI,2027-06-30,4.33836,4.89657,3.89767,7,67129640450,12,Technology,37.08,23986050840,28943597
2026-08-28,SMCI,2026-06-30,2.80316,2.85791,2.68271,10,39542715988,12,Technology,37.08,23986050840,28943597
2026-08-28,SMFG,2031-03-31,471.3047,547.66672,424.60916,1,11151103798281,1,Financial Services,25.92,100420922880,1481074
2026-08-28,SMFG,2030-03-31,437.89577,508.84478,394.51029,1,17170949037156,2,Financial Services,25.92,100420922880,1481074
2026-08-28,SMFG,2029-03-31,353.6204,410.9149,318.58469,1,6220335411698,2,Financial Services,25.92,100420922880,1481074
2026-08-28,SMFG,2028-03-31,322.15519,329.89931,314.41107,1,5828053158676,4,Financial Services,25.92,100420922880,1481074
2026-08-28,SMG,2030-09-30,6.27,6.36273,6.18336,1,3740000000,3,Basic Materials,60.43,3515934453,631149
2026-08-28,SMG,2029-09-30,5.615,5.69804,5.53741,1,3554050000,3,Basic Materials,60.43,3515934453,631149
2026-08-28,SMG,2028-09-30,5.21523,5.43364,4.99682,2,3450504370,6,Basic Materials,60.43,3515934453,631149
2026-08-28,SMG,2027-09-30,4.82727,5.15734,4.2187,5,3367144026,7,Basic Materials,60.43,3515934453,631149
2026-08-28,SMMT,2030-12-31,1.17375,4.24526,-0.11184,4,3297768300,6,Healthcare,13.73,10953102035,3891333
2026-08-28,SMMT,2029-12-31,0.008037,0.02906853,-0.000765812199,2,1614676080,10,Healthcare,13.73,10953102035,3891333
2026-08-28,SMMT,2028-12-31,-0.6756,0.21852,-1.14423,7,561159343,12,Healthcare,13.73,10953102035,3891333
2026-08-28,SMMT,2027-12-31,-1.15666,-0.97159,-1.38799,8,59526862,10,Healthcare,13.73,10953102035,3891333
2026-08-28,SMPL,2030-08-30,1.98797,2.08587,1.90563,1,1359872918,3,Consumer Defensive,10.93,966662393,1733059
2026-08-28,SMPL,2029-08-30,1.94537,2.04117,1.8648,1,1331623898,6,Consumer Defensive,10.93,966662393,1733059
2026-08-28,SMPL,2028-08-30,1.80842,1.89748,1.73352,1,1311743429,7,Consumer Defensive,10.93,966662393,1733059
2026-08-28,SMPL,2027-08-30,1.70041,1.7987,1.55298,4,1267591503,8,Consumer Defensive,10.93,966662393,1733059
2026-08-28,SMTC,2029-01-25,6.46988,10.58708,4.1312,4,2204096793,6,Technology,131.17,12218638707,3066571
2026-08-28,SMTC,2028-01-25,4.30497,4.59983,3.52654,9,1713634659,11,Technology,131.17,12218638707,3066571
2026-08-28,SMTC,2027-01-25,2.8621,2.9697,2.7545,9,1397559949,11,Technology,131.17,12218638707,3066571
2026-08-28,SMTC,2026-01-25,1.69514,2.00516,1.68517,9,1048888858,9,Technology,131.17,12218638707,3066571
2026-08-28,SN,2030-12-31,11.0302,11.80662,10.74313,1,10678396600,6,Consumer Cyclical,191.23,27062944180,1319915
2026-08-28,SN,2029-12-31,9.7766,10.46477,9.52215,1,9887404200,6,Consumer Cyclical,191.23,27062944180,1319915
2026-08-28,SN,2028-12-31,8.44787,8.84561,8.13834,3,9413397995,8,Consumer Cyclical,191.23,27062944180,1319915
2026-08-28,SN,2027-12-31,7.545,7.98413,7.13581,8,8453790401,10,Consumer Cyclical,191.23,27062944180,1319915
2026-08-28,SNDA,2028-12-31,-0.31667,1.18913,-1.78369,4,923009863,3,Healthcare,37.46,1775156053,597662
2026-08-28,SNDA,2027-12-31,-1.1275,-1.0977,-1.1479,2,858024920,2,Healthcare,37.46,1775156053,597662
2026-08-28,SNDA,2026-12-31,-3.22,-3.13489,-3.27825,2,728112092,2,Healthcare,37.46,1775156053,597662
2026-08-28,SNDA,2025-12-31,-3.74,-3.64115,-3.80765,1,337932698,1,Healthcare,37.46,1775156053,597662
2026-08-28,SNDK,2030-07-03,456.5,611.90971,326.38354,1,88588333333,5,Technology,1484.98,219910316955,8104535
2026-08-28,SNDK,2029-07-03,265.41516,431.10502,154.21643,4,57191830590,9,Technology,1484.98,219910316955,8104535
2026-08-28,SNDK,2028-07-03,256.54501,324.95363,175.8064,11,57345765318,14,Technology,1484.98,219910316955,8104535
2026-08-28,SNDK,2027-07-03,210.18363,230.43339,191.08678,12,48588439228,15,Technology,1484.98,219910316955,8104535
2026-08-28,SNDR,2028-12-31,2.34591,2.48198,2.2382,1,6877875901,6,Industrials,34.44,6032182979,592258
2026-08-28,SNDR,2027-12-31,1.71425,1.88875,1.4371,10,6533865225,11,Industrials,34.44,6032182979,592258
2026-08-28,SNDR,2026-12-31,1.06652,1.15881,0.97422,10,6108457021,11,Industrials,34.44,6032182979,592258
2026-08-28,SNDR,2025-12-31,0.69591,0.72573,0.67603,11,5728281441,9,Industrials,34.44,6032182979,592258
2026-08-28,SNDX,2030-12-31,2.92667,3.6555,2.43328,5,1083236429,5,Healthcare,19.54,1731439400,1042312
2026-08-28,SNDX,2029-12-31,2.03667,2.54386,1.69332,5,889209714,5,Healthcare,19.54,1731439400,1042312
2026-08-28,SNDX,2028-12-31,0.44894,1.74967,-1.12541,8,646445172,10,Healthcare,19.54,1731439400,1042312
2026-08-28,SNDX,2027-12-31,-0.79511,-0.33265,-1.59022,8,463105814,9,Healthcare,19.54,1731439400,1042312
2026-08-28,SNEX,2028-09-30,4.63305,4.748,4.5181,2,6173600000,1,Financial Services,68.64,8159717280,603927
2026-08-28,SNEX,2027-09-30,4.425,4.425,4.425,1,5934950000,1,Financial Services,68.64,8159717280,603927
2026-08-28,SNEX,2026-09-30,4.365,4.365,4.365,1,5840200000,1,Financial Services,68.64,8159717280,603927
2026-08-28,SNEX,2025-09-30,2.56573,2.56573,2.56573,1,3960550000,1,Financial Services,68.64,8159717280,603927
2026-08-28,SNN,2030-12-31,2.9802,3.0301,2.9364,1,8038000000,4,Healthcare,28.97,12165331136,1488333
2026-08-28,SNN,2029-12-31,2.85534,2.90315,2.81338,1,7625127154,4,Healthcare,28.97,12165331136,1488333
2026-08-28,SNN,2028-12-31,2.71103,2.75643,2.67119,1,7215731210,3,Healthcare,28.97,12165331136,1488333
2026-08-28,SNN,2027-12-31,2.41865,2.53044,2.30686,2,6843642025,9,Healthcare,28.97,12165331136,1488333
2026-08-28,SNOW,2031-01-31,5.96,6.37349,5.57699,4,12837500000,12,Technology,328,113684800000,3082511
2026-08-28,SNOW,2030-01-31,5.04333,5.39323,4.71923,3,11985650000,18,Technology,328,113684800000,3082511
2026-08-28,SNOW,2029-01-31,3.8389,7.16577,-0.78858,9,9707128197,27,Technology,328,113684800000,3082511
2026-08-28,SNOW,2028-01-31,2.74749,3.5969,2.43289,27,7691393965,36,Technology,328,113684800000,3082511
2026-08-28,SNPS,2029-10-31,23.31714,23.92512,22.63436,7,13194859368,7,Technology,442.61,84750664038,2002907
2026-08-28,SNPS,2028-10-31,20.39128,33.47704,13.89238,9,12006457954,15,Technology,442.61,84750664038,2002907
2026-08-28,SNPS,2027-10-31,17.27942,17.84332,16.60476,15,10732282725,18,Technology,442.61,84750664038,2002907
2026-08-28,SNPS,2026-10-31,14.77784,14.85777,14.73787,15,9679484306,18,Technology,442.61,84750664038,2002907
2026-08-28,SNY,2030-12-31,5.81982,6.15447,5.46274,2,57440257666,6,Healthcare,44.82,107621784000,1357676
2026-08-28,SNY,2029-12-31,5.43227,5.74464,5.09897,3,55597712168,6,Healthcare,44.82,107621784000,1357676
2026-08-28,SNY,2028-12-31,4.9028,5.18472,4.60198,3,53323866914,5,Healthcare,44.82,107621784000,1357676
2026-08-28,SNY,2027-12-31,4.46561,4.73884,3.97038,6,50695760617,8,Healthcare,44.82,107621784000,1357676
2026-08-28,SO,2030-12-31,6.18918,6.47296,5.91861,1,38850527574,12,Utilities,88.25,101519270000,6345625
2026-08-28,SO,2029-12-31,5.7729,6.03759,5.52052,1,36489806812,8,Utilities,88.25,101519270000,6345625
2026-08-28,SO,2028-12-31,5.37787,5.49918,5.21613,4,34633805747,14,Utilities,88.25,101519270000,6345625
2026-08-28,SO,2027-12-31,4.92779,4.96785,4.84766,14,32446094849,13,Utilities,88.25,101519270000,6345625
2026-08-28,SOFI,2029-12-31,1.37981,1.67082,1.27898,4,8130663319,4,Financial Services,18.06,23166284400,45306917
2026-08-28,SOFI,2028-12-31,1.06168,1.19771,0.96015,10,7430194929,9,Financial Services,18.06,23166284400,45306917
2026-08-28,SOFI,2027-12-31,0.82589,0.89726,0.78511,14,6007310591,15,Financial Services,18.06,23166284400,45306917
2026-08-28,SOFI,2026-12-31,0.59601,0.64568,0.55628,13,4864370202,13,Financial Services,18.06,23166284400,45306917
2026-08-28,SOLS,2029-12-31,0,0,0,0,5027000000,2,Basic Materials,63.53,10091573162,16437232
2026-08-28,SOLS,2028-12-31,3.80449,4.30011,3.30886,2,4647337323,5,Basic Materials,63.53,10091573162,16437232
2026-08-28,SOLS,2027-12-31,3.35253,3.45291,3.212,4,4414631989,5,Basic Materials,63.53,10091573162,16437232
2026-08-28,SOLS,2026-12-31,2.88737,2.92761,2.84713,4,4174743166,5,Basic Materials,63.53,10091573162,16437232
2026-08-28,SOLV,2030-12-31,11.18,11.34989,10.94129,2,9623200000,5,Healthcare,91.12,15779679757,658526
2026-08-28,SOLV,2029-12-31,8.73573,8.86848,8.54921,3,9230593080,5,Healthcare,91.12,15779679757,658526
2026-08-28,SOLV,2028-12-31,8.09295,10.4735,4.13512,6,8858319478,11,Healthcare,91.12,15779679757,658526
2026-08-28,SOLV,2027-12-31,7.29574,7.65287,6.59168,10,8525055275,10,Healthcare,91.12,15779679757,658526
2026-08-28,SON,2028-12-31,6.99276,7.88968,6.08309,3,7762514060,5,Consumer Cyclical,56.47,5583471250,722084
2026-08-28,SON,2027-12-31,6.34779,6.5977,6.05789,7,7613008571,8,Consumer Cyclical,56.47,5583471250,722084
2026-08-28,SON,2026-12-31,5.81937,5.8595,5.71904,7,7465591296,7,Consumer Cyclical,56.47,5583471250,722084
2026-08-28,SON,2025-12-31,5.66206,5.682,5.63215,7,7613966005,6,Consumer Cyclical,56.47,5583471250,722084
2026-08-28,SONO,2028-09-27,0.83,0.92321,0.73679,2,1767188474,3,Technology,15.3,1809898200,754159
2026-08-28,SONO,2027-09-27,0.26,0.26247,0.25581,1,1646901727,3,Technology,15.3,1809898200,754159
2026-08-28,SONO,2026-09-27,0.64,0.64609,0.62968,1,1542751998,3,Technology,15.3,1809898200,754159
2026-08-28,SONO,2025-09-27,-0.43,-0.42306,-0.43409,1,1433616315,2,Technology,15.3,1809898200,754159
2026-08-28,SONY,2031-03-31,342.17378,364.40674,322.61665,1,16245272486401,5,Technology,24.85,145930773738,4809501
2026-08-28,SONY,2030-03-31,293.78306,312.8718,276.99173,1,14967009636259,6,Technology,24.85,145930773738,4809501
2026-08-28,SONY,2029-03-31,245.97083,261.95294,231.91223,1,13671137939136,10,Technology,24.85,145930773738,4809501
2026-08-28,SONY,2028-03-31,232.96071,240.88454,220.28258,3,12935723834698,12,Technology,24.85,145930773738,4809501
2026-08-28,SPCX,2028-12-31,4.26623,7.76,0.12606,13,184429292140,15,Industrials,141.5,1850234960043,54893647
2026-08-28,SPCX,2027-12-31,1.62,3.46,-0.02,14,103480000000,15,Industrials,141.5,1850234960043,54893647
2026-08-28,SPCX,2026-12-31,-0.15,0.91,-1.48,13,43300000000,16,Industrials,141.5,1850234960043,54893647
2026-08-28,SPCX,2025-12-31,-2.94468,-1.15837,-4.3549,12,19301000000,13,Industrials,141.5,1850234960043,54893647
2026-08-28,SPG,2030-12-31,7.33,7.54966,7.1299,1,8717300000,3,Real Estate,214.56,69577945920,852660
2026-08-28,SPG,2029-12-31,7.575,7.802,7.36821,1,7806287000,4,Real Estate,214.56,69577945920,852660
2026-08-28,SPG,2028-12-31,7.69205,8.65604,6.71642,5,7060929449,6,Real Estate,214.56,69577945920,852660
2026-08-28,SPG,2027-12-31,6.9433,7.09557,6.87732,7,6883652464,8,Real Estate,214.56,69577945920,852660
2026-08-28,SPGI,2030-12-31,26.90537,27.391,26.54766,1,18611410823,12,Financial Services,442.89,130563972000,1288459
2026-08-28,SPGI,2029-12-31,25.03671,25.48861,24.70384,1,17678934775,8,Financial Services,442.89,130563972000,1288459
2026-08-28,SPGI,2028-12-31,23.1232,24.2349,21.73375,5,16759582049,14,Financial Services,442.89,130563972000,1288459
2026-08-28,SPGI,2027-12-31,20.27958,22.19237,19.71876,14,15647620754,16,Financial Services,442.89,130563972000,1288459
2026-08-28,SPHR,2030-06-30,1.2,1.20569,1.19431,1,1596866271,1,Communication Services,141.68,5097388259,564779
2026-08-28,SPHR,2029-06-30,-0.2938,-0.29241,-0.29519,1,1507107423,1,Communication Services,141.68,5097388259,564779
2026-08-28,SPHR,2028-06-30,-1.76992,-1.76152,-1.77832,2,1424234734,1,Communication Services,141.68,5097388259,564779
2026-08-28,SPHR,2027-06-30,-2.25857,-1.44457,-2.85474,3,1368323989,3,Communication Services,141.68,5097388259,564779
2026-08-28,SPIR,2027-12-31,-0.39,-0.38072,-0.40003,2,99999667,3,Industrials,13.17,428504019,500422
2026-08-28,SPIR,2026-12-31,-1.015,-0.99085,-1.0411,2,79411750,3,Industrials,13.17,428504019,500422
2026-08-28,SPIR,2025-12-31,-1.97,-1.92312,-2.02065,1,71199000,4,Industrials,13.17,428504019,500422
2026-08-28,SPIR,2024-12-31,-2.35333,-2.29733,-2.41383,2,109137350,2,Industrials,13.17,428504019,500422
2026-08-28,SPOT,2030-12-31,27.33123,28.28508,26.30663,10,33165183909,13,Communication Services,547.51,112559408080,1386076
2026-08-28,SPOT,2029-12-31,22.37409,23.15494,21.53533,10,29353365098,13,Communication Services,547.51,112559408080,1386076
2026-08-28,SPOT,2028-12-31,19.59585,25.56811,16.92903,23,25929219098,27,Communication Services,547.51,112559408080,1386076
2026-08-28,SPOT,2027-12-31,15.62058,18.79514,14.43773,24,22816227494,27,Communication Services,547.51,112559408080,1386076
2026-08-28,SPT,2029-12-31,2.09,2.14009,2.04899,1,663100000,2,Technology,11.49,690612597,1605030
2026-08-28,SPT,2028-12-31,1.8925,1.93786,1.85537,1,573722108,4,Technology,11.49,690612597,1605030
2026-08-28,SPT,2027-12-31,1.5698,1.82331,1.35529,6,523136151,7,Technology,11.49,690612597,1605030
2026-08-28,SPT,2026-12-31,1.1274,1.14735,1.10745,5,494499704,7,Technology,11.49,690612597,1605030
2026-08-28,SQM,2030-12-31,6.41,8.74723,4.62064,4,7875000000,6,Basic Materials,78.63,22459607037,893875
2026-08-28,SQM,2029-12-31,4.9105,6.70098,3.53973,4,7759000000,10,Basic Materials,78.63,22459607037,893875
2026-08-28,SQM,2028-12-31,7.33028,10.86653,4.85084,10,8408563705,12,Basic Materials,78.63,22459607037,893875
2026-08-28,SQM,2027-12-31,7.14277,11.5078,5.59156,11,8199334709,13,Basic Materials,78.63,22459607037,893875
2026-08-28,SR,2030-09-30,6.98833,8.72246,6.00142,1,3512615967,3,Utilities,82.56,4880683008,692144
2026-08-28,SR,2029-09-30,6.56143,8.18963,5.63481,1,3360554500,3,Utilities,82.56,4880683008,692144
2026-08-28,SR,2028-09-30,6.16,7.68858,5.29007,1,3079072465,6,Utilities,82.56,4880683008,692144
2026-08-28,SR,2027-09-30,5.501,5.54086,5.43124,6,2929764620,7,Utilities,82.56,4880683008,692144
2026-08-28,SRAD,2030-12-31,1.03066,1.05568,1.00226,5,2361030738,6,Technology,12.94,3829614260,1968140
2026-08-28,SRAD,2029-12-31,0.95923,0.98251,0.9328,10,2161021219,11,Technology,12.94,3829614260,1968140
2026-08-28,SRAD,2028-12-31,0.73814,0.88735,0.56401,13,1921350867,13,Technology,12.94,3829614260,1968140
2026-08-28,SRAD,2027-12-31,0.49808,0.65134,0.1341,8,1734076028,15,Technology,12.94,3829614260,1968140
2026-08-28,SRE,2030-12-31,7.16519,8.10613,6.26668,1,14647633333,5,Utilities,84.32,55120574240,4904322
2026-08-28,SRE,2029-12-31,6.51359,7.36896,5.69679,1,13846057143,5,Utilities,84.32,55120574240,4904322
2026-08-28,SRE,2028-12-31,5.98976,6.1286,5.88067,3,13632055400,10,Utilities,84.32,55120574240,4904322
2026-08-28,SRE,2027-12-31,5.52473,5.66485,5.40463,10,13399964517,9,Utilities,84.32,55120574240,4904322
2026-08-28,SRPT,2030-12-31,1.15981,1.35319,0.92461,5,1309152642,12,Healthcare,20.86,2202315360,3612129
2026-08-28,SRPT,2029-12-31,1.14671,1.3379,0.91416,9,1334769213,8,Healthcare,20.86,2202315360,3612129
2026-08-28,SRPT,2028-12-31,0.32284,2.65016,-6.18372,12,1317029689,14,Healthcare,20.86,2202315360,3612129
2026-08-28,SRPT,2027-12-31,0.74826,1.26774,0.26647,11,1405205437,15,Healthcare,20.86,2202315360,3612129
2026-08-28,SRRK,2030-12-31,1.41875,2.2132,0.55193,5,899146375,6,Healthcare,57.8,6926058400,809722
2026-08-28,SRRK,2029-12-31,-0.32391,-0.12601,-0.50529,9,586654625,11,Healthcare,57.8,6926058400,809722
2026-08-28,SRRK,2028-12-31,-1.40088,-0.59166,-2.22546,12,357987958,13,Healthcare,57.8,6926058400,809722
2026-08-28,SRRK,2027-12-31,-2.55963,-2.2221,-2.92529,13,146161440,12,Healthcare,57.8,6926058400,809722
2026-08-28,SSB,2028-12-31,11.57416,12.06148,11.08685,2,3121683595,3,Financial Services,105.98,10277001735,806279
2026-08-28,SSB,2027-12-31,10.30378,10.56287,10.15431,11,2906619089,9,Financial Services,105.98,10277001735,806279
2026-08-28,SSB,2026-12-31,9.47675,9.68602,9.32727,10,2727297249,9,Financial Services,105.98,10277001735,806279
2026-08-28,SSB,2025-12-31,7.65629,7.89161,7.32012,8,2664227858,8,Financial Services,105.98,10277001735,806279
2026-08-28,SSL,2028-06-30,45.07665,50.77097,39.025,1,271335893859,1,Basic Materials,11.82,7536848667,868951
2026-08-28,SSL,2027-06-30,44.94212,45.21451,44.66975,1,269622458403,4,Basic Materials,11.82,7536848667,868951
2026-08-28,SSL,2026-06-30,40.78029,44.66413,36.89645,1,270589387138,4,Basic Materials,11.82,7536848667,868951
2026-08-28,SSL,2025-06-30,28.51192,32.1137,24.68413,1,246968336359,9,Basic Materials,11.82,7536848667,868951
2026-08-28,SSNC,2030-12-31,10.45,10.60234,10.13105,1,8338000000,3,Technology,83.42,19574920267,1096872
2026-08-28,SSNC,2029-12-31,9.5,9.63849,9.21004,1,7927000000,4,Technology,83.42,19574920267,1096872
2026-08-28,SSNC,2028-12-31,8.3639,9.05128,7.373,5,7457598070,6,Technology,83.42,19574920267,1096872
2026-08-28,SSNC,2027-12-31,7.78467,7.97651,7.31012,6,7117550114,8,Technology,83.42,19574920267,1096872
2026-08-28,SSRM,2030-12-31,2.22,2.68349,1.96333,1,1985492588,3,Basic Materials,37.29,7737339390,2117250
2026-08-28,SSRM,2029-12-31,3.7725,4.56011,3.33633,1,2159000000,4,Basic Materials,37.29,7737339390,2117250
2026-08-28,SSRM,2028-12-31,4.13371,4.99674,3.65578,2,2394849702,2,Basic Materials,37.29,7737339390,2117250
2026-08-28,SSRM,2027-12-31,4.64412,5.43005,4.14398,4,2561055796,6,Basic Materials,37.29,7737339390,2117250
2026-08-28,ST,2029-12-31,4.84,4.92587,4.76962,1,4605800000,2,Technology,41.03,5971336418,1235009
2026-08-28,ST,2028-12-31,4.4428,4.93842,3.94719,2,4230837094,4,Technology,41.03,5971336418,1235009
2026-08-28,ST,2027-12-31,4.09446,4.17455,4.00436,7,4047382535,8,Technology,41.03,5971336418,1235009
2026-08-28,ST,2026-12-31,3.75973,3.7697,3.73978,7,3870805944,8,Technology,41.03,5971336418,1235009
2026-08-28,STAG,2030-12-31,0,0,0,0,788620555,2,Real Estate,37.18,7168425727,1375284
2026-08-28,STAG,2029-12-31,1.27,1.30766,1.23572,1,1104650000,2,Real Estate,37.18,7168425727,1375284
2026-08-28,STAG,2028-12-31,1.0946,1.22,0.96919,2,1044146000,4,Real Estate,37.18,7168425727,1375284
2026-08-28,STAG,2027-12-31,1.103,1.10698,1.09504,2,967581324,4,Real Estate,37.18,7168425727,1375284
2026-08-28,STEP,2029-03-31,3.7393,4.0836,3.24168,1,1942528657,2,Financial Services,50.32,6495503660,1035837
2026-08-28,STEP,2028-03-31,3.40395,3.45162,3.32767,5,1779667547,4,Financial Services,50.32,6495503660,1035837
2026-08-28,STEP,2027-03-31,2.47887,2.57685,2.39069,6,1481620729,4,Financial Services,50.32,6495503660,1035837
2026-08-28,STEP,2026-03-31,2.09227,2.12216,2.04245,6,1193936889,4,Financial Services,50.32,6495503660,1035837
2026-08-28,STLD,2029-12-31,14.8793,16.15266,12.95238,1,23383323045,3,Basic Materials,234.665,33634087883,670280
2026-08-28,STLD,2028-12-31,18.33965,24.23057,14.65151,5,23780016020,7,Basic Materials,234.665,33634087883,670280
2026-08-28,STLD,2027-12-31,19.387,21.11904,17.76322,8,23742281753,8,Basic Materials,234.665,33634087883,670280
2026-08-28,STLD,2026-12-31,16.86068,18.95597,15.90649,9,23633101396,8,Basic Materials,234.665,33634087883,670280
2026-08-28,STM,2030-12-31,4.73,4.87897,4.51593,2,22545000000,5,Technology,49.38,44073881334,7343546
2026-08-28,STM,2029-12-31,4.3,4.43543,4.10539,3,20940000000,5,Technology,49.38,44073881334,7343546
2026-08-28,STM,2028-12-31,3.88375,4.00607,3.70798,3,19402946708,4,Technology,49.38,44073881334,7343546
2026-08-28,STM,2027-12-31,2.67527,3.03262,2.20203,6,17117859886,11,Technology,49.38,44073881334,7343546
2026-08-28,STOK,2030-12-31,2.1475,4.55662,0.15363,4,623996500,5,Healthcare,31.62,2040318444,754095
2026-08-28,STOK,2029-12-31,-0.11778,-0.00842586,-0.24991,4,357840444,5,Healthcare,31.62,2040318444,754095
2026-08-28,STOK,2028-12-31,-2.36999,-0.87326,-4.0846,10,131121975,11,Healthcare,31.62,2040318444,754095
2026-08-28,STOK,2027-12-31,-3.53939,-2.67025,-4.71221,10,44826484,9,Healthcare,31.62,2040318444,754095
2026-08-28,STRC,2029-12-31,100.5652,108.51667,87.69412,1,476389300,2,Technology,97.33,33572398578,1870646
2026-08-28,STRC,2028-12-31,24.14187,26.05071,21.05201,1,526141334,1,Technology,97.33,33572398578,1870646
2026-08-28,STRC,2027-12-31,15.93036,17.18994,13.89147,1,510704722,4,Technology,97.33,33572398578,1870646
2026-08-28,STRC,2026-12-31,-23.02142,-21.01956,-25.02328,2,500615805,7,Technology,97.33,33572398578,1870646
2026-08-28,STT,2029-12-31,18.6085,18.97099,18.19525,1,17814152600,2,Financial Services,193.33,53507364110,627396
2026-08-28,STT,2028-12-31,17.00924,17.68288,15.76302,3,17463548403,4,Financial Services,193.33,53507364110,627396
2026-08-28,STT,2027-12-31,15.2429,15.69122,14.5754,10,16657540465,8,Financial Services,193.33,53507364110,627396
2026-08-28,STT,2026-12-31,13.64169,14.11791,13.43334,10,15874032565,7,Financial Services,193.33,53507364110,627396
2026-08-28,STWD,2028-12-31,1.93544,1.99649,1.87437,2,1789089594,1,Real Estate,15.81,5861534892,3732205
2026-08-28,STWD,2027-12-31,1.88997,1.90997,1.86997,5,2316725000,2,Real Estate,15.81,5861534892,3732205
2026-08-28,STWD,2026-12-31,1.55918,1.73472,1.4456,5,2124600000,2,Real Estate,15.81,5861534892,3732205
2026-08-28,STWD,2025-12-31,1.6842,1.74369,1.67418,6,1879225000,2,Real Estate,15.81,5861534892,3732205
2026-08-28,STX,2030-07-03,115.6,148.85039,95.47387,1,36808000000,5,Technology,829.76,186056255040,2797766
2026-08-28,STX,2029-07-03,80.04817,91.84418,73.85689,4,31193970824,9,Technology,829.76,186056255040,2797766
2026-08-28,STX,2028-07-03,56.52482,81.07795,42.00143,11,25317434034,15,Technology,829.76,186056255040,2797766
2026-08-28,STX,2027-07-03,36.00484,43.10497,29.53241,12,18722566575,16,Technology,829.76,186056255040,2797766
2026-08-28,STZ,2031-02-28,15.095,15.51444,14.40351,2,10026400000,6,Consumer Defensive,130.69,22322420894,1999158
2026-08-28,STZ,2030-02-28,14.75879,15.16889,14.0827,1,9887360153,7,Consumer Defensive,130.69,22322420894,1999158
2026-08-28,STZ,2029-02-28,13.22274,14.2806,12.23464,5,9502273542,15,Consumer Defensive,130.69,22322420894,1999158
2026-08-28,STZ,2028-02-28,12.40904,12.99513,11.95431,13,9280101139,16,Consumer Defensive,130.69,22322420894,1999158
2026-08-28,SU,2030-12-31,8.38252,9.09042,7.6778,1,56195219822,3,Energy,65.43,77256472500,3140773
2026-08-28,SU,2029-12-31,8.04394,8.72325,7.36769,1,56037213890,4,Energy,65.43,77256472500,3140773
2026-08-28,SU,2028-12-31,8.12873,10.05682,5.30919,5,57513414813,6,Energy,65.43,77256472500,3140773
2026-08-28,SU,2027-12-31,7.60424,8.16235,7.02288,7,57265693277,7,Energy,65.43,77256472500,3140773
2026-08-28,SUI,2030-12-31,3.52,3.88522,3.22513,1,2495674000,2,Real Estate,122.92,15147524650,1358934
2026-08-28,SUI,2029-12-31,3.505,3.86866,3.21138,1,2388975000,2,Real Estate,122.92,15147524650,1358934
2026-08-28,SUI,2028-12-31,3.50916,4.38743,2.98995,5,2126530558,5,Real Estate,122.92,15147524650,1358934
2026-08-28,SUI,2027-12-31,3.17319,3.19566,3.13723,5,2007304816,7,Real Estate,122.92,15147524650,1358934
2026-08-28,SUNB,2030-04-30,6.40806,6.6413,6.13888,3,15140173040,4,Industrials,73.2,30008161099,13245065
2026-08-28,SUNB,2029-04-30,5.2226,5.41269,5.00322,3,13481925359,4,Industrials,73.2,30008161099,13245065
2026-08-28,SUNB,2028-04-30,4.62731,5.60463,3.92922,5,12670789767,9,Industrials,73.2,30008161099,13245065
2026-08-28,SUNB,2027-04-30,4.00389,4.68398,3.59201,8,11888828369,9,Industrials,73.2,30008161099,13245065
2026-08-28,SVM,2030-03-31,1.17,1.33677,0.95688,1,942149492,1,Basic Materials,12.77,2824762310,3154978
2026-08-28,SVM,2029-03-31,1.75277,2.0026,1.4335,1,1038900000,1,Basic Materials,12.77,2824762310,3154978
2026-08-28,SVM,2028-03-31,1.388,1.75905,1.00321,2,799150000,3,Basic Materials,12.77,2824762310,3154978
2026-08-28,SVM,2027-03-31,0.784,0.97406,0.6177,3,484050000,4,Basic Materials,12.77,2824762310,3154978
2026-08-28,SVV,2030-01-03,0,0,0,2,2111100000,1,Consumer Cyclical,10.57,1627633711,811275
2026-08-28,SVV,2029-01-03,0.79749,0.80534,0.79032,3,2051293886,2,Consumer Cyclical,10.57,1627633711,811275
2026-08-28,SVV,2028-01-03,0.61058,0.63163,0.579,6,1928009378,7,Consumer Cyclical,10.57,1627633711,811275
2026-08-28,SVV,2027-01-03,0.4958,0.51646,0.48547,6,1783686816,8,Consumer Cyclical,10.57,1627633711,811275
2026-08-28,SW,2030-12-31,0,0,0,4,39444000000,6,Consumer Cyclical,48.29,25329210841,3973811
2026-08-28,SW,2029-12-31,4.82,4.97939,4.65256,4,35987000000,6,Consumer Cyclical,48.29,25329210841,3973811
2026-08-28,SW,2028-12-31,3.93633,4.0665,3.79958,5,34761247024,5,Consumer Cyclical,48.29,25329210841,3973811
2026-08-28,SW,2027-12-31,3.44786,3.80764,2.99814,10,34053047586,8,Consumer Cyclical,48.29,25329210841,3973811
2026-08-28,SWBI,2027-04-30,0.505,0.50731,0.50269,1,550959500,2,Industrials,12.78,571611929,531338
2026-08-28,SWBI,2026-04-30,0.275,0.27626,0.27374,1,500747500,2,Industrials,12.78,571611929,531338
2026-08-28,SWBI,2025-04-30,0.33,0.33151,0.32849,1,486304000,3,Industrials,12.78,571611929,531338
2026-08-28,SWBI,2024-04-30,0.815,0.81873,0.81127,1,533481000,2,Industrials,12.78,571611929,531338
2026-08-28,SWK,2030-01-03,7.61,7.78263,7.3794,1,16847000000,6,Industrials,97.8,14769462600,1230816
2026-08-28,SWK,2029-01-03,7.18822,7.81067,6.66888,5,16064803001,8,Industrials,97.8,14769462600,1230816
2026-08-28,SWK,2028-01-03,6.38458,6.9064,6.0674,9,15478820615,10,Industrials,97.8,14769462600,1230816
2026-08-28,SWK,2027-01-03,5.59604,5.66637,5.55585,9,15169432250,10,Industrials,97.8,14769462600,1230816
2026-08-28,SWKS,2029-10-03,6.55,6.80446,6.20301,1,4530000000,6,Technology,65.79,9899604328,4822880
2026-08-28,SWKS,2028-10-03,5.80858,10.63967,2.15389,5,4296672154,11,Technology,65.79,9899604328,4822880
2026-08-28,SWKS,2027-10-03,4.96124,5.33905,4.61326,13,4043076013,18,Technology,65.79,9899604328,4822880
2026-08-28,SWKS,2026-10-03,5.04024,5.06028,5.01018,13,3949921348,18,Technology,65.79,9899604328,4822880
2026-08-28,SXC,2028-12-31,0.36,0.47,0.25,2,1747800000,2,Basic Materials,10.16,862328425,860545
2026-08-28,SXC,2027-12-31,0.365,0.38646,0.34354,1,1828900000,1,Basic Materials,10.16,862328425,860545
2026-08-28,SXC,2026-12-31,0.345,0.36528,0.32472,1,1843350000,1,Basic Materials,10.16,862328425,860545
2026-08-28,SXC,2025-12-31,0.57,0.60351,0.53649,1,1794600000,1,Basic Materials,10.16,862328425,860545
2026-08-28,SYF,2029-12-31,12.80101,13.08361,12.41274,4,16961598617,6,Financial Services,78.05,25395194062,2932014
2026-08-28,SYF,2028-12-31,12.11859,14.47197,10.38066,10,16874598334,8,Financial Services,78.05,25395194062,2932014
2026-08-28,SYF,2027-12-31,10.44146,10.90508,9.998,18,16002256267,12,Financial Services,78.05,25395194062,2932014
2026-08-28,SYF,2026-12-31,9.35264,9.50204,9.2132,17,15154572074,12,Financial Services,78.05,25395194062,2932014
2026-08-28,SYK,2030-12-31,23.11333,23.97916,22.73049,4,37890000000,11,Healthcare,330.69,126773570386,2227711
2026-08-28,SYK,2029-12-31,20.78507,21.56368,20.44079,2,34878576888,14,Healthcare,330.69,126773570386,2227711
2026-08-28,SYK,2028-12-31,18.66117,19.6072,17.39999,7,32011116922,22,Healthcare,330.69,126773570386,2227711
2026-08-28,SYK,2027-12-31,16.76133,17.08136,16.46131,16,29697631502,20,Healthcare,330.69,126773570386,2227711
2026-08-28,SYM,2030-09-27,3.25,3.6043,3.05875,1,6915000000,4,Industrials,39.875,25587667556,1328032
2026-08-28,SYM,2029-09-27,2.96,3.28269,2.78581,1,5523800000,4,Industrials,39.875,25587667556,1328032
2026-08-28,SYM,2028-09-27,0.85401,2.14874,0.16443,5,4503453332,9,Industrials,39.875,25587667556,1328032
2026-08-28,SYM,2027-09-27,0.75214,0.94268,0.62177,7,3620003894,13,Industrials,39.875,25587667556,1328032
2026-08-28,SYNA,2029-06-27,6.7024,6.97844,6.41448,1,1533290000,1,Technology,95.08,3714079234,749111
2026-08-28,SYNA,2028-06-27,6.57731,6.98386,5.86,4,1467212559,6,Technology,95.08,3714079234,749111
2026-08-28,SYNA,2027-06-27,5.23979,5.29866,5.16129,5,1297379134,6,Technology,95.08,3714079234,749111
2026-08-28,SYNA,2026-06-27,4.61195,4.64196,4.59194,8,1194101268,9,Technology,95.08,3714079234,749111
2026-08-28,SYRE,2030-12-31,-4.13687,-4.13687,-4.13687,3,229126831,4,Healthcare,90.36,7846979868,1266306
2026-08-28,SYRE,2029-12-31,-4.34041,-4.34041,-4.34041,3,93326000,4,Healthcare,90.36,7846979868,1266306
2026-08-28,SYRE,2028-12-31,-4.11419,-2.45802,-5.57087,9,200000,9,Healthcare,90.36,7846979868,1266306
2026-08-28,SYRE,2027-12-31,-3.52741,-2.40229,-4.3079,10,166667,12,Healthcare,90.36,7846979868,1266306
2026-08-28,SYY,2030-06-27,6.15,6.39761,6.00884,1,98915000000,4,Consumer Defensive,81.94,39182315020,2082994
2026-08-28,SYY,2029-06-27,5.83921,5.99051,5.61098,4,96097678187,6,Consumer Defensive,81.94,39182315020,2082994
2026-08-28,SYY,2028-06-27,5.40714,5.82307,5.12985,8,92159374150,9,Consumer Defensive,81.94,39182315020,2082994
2026-08-28,SYY,2027-06-27,5.07149,5.19129,4.82191,8,89583877108,10,Consumer Defensive,81.94,39182315020,2082994
2026-08-28,T,2030-12-31,3.52,3.57631,3.46822,4,143203000000,7,Communication Services,26,178162140000,22666415
2026-08-28,T,2029-12-31,3.1475,3.19785,3.1012,2,138958000000,10,Communication Services,26,178162140000,22666415
2026-08-28,T,2028-12-31,2.90975,2.97975,2.84131,7,134728437470,15,Communication Services,26,178162140000,22666415
2026-08-28,T,2027-12-31,2.5584,2.76745,2.41903,14,131939306713,17,Communication Services,26,178162140000,22666415
2026-08-28,TAC,2030-12-31,1.22068,1.30531,1.14896,1,2156648821,1,Utilities,12.19,3638853698,851108
2026-08-28,TAC,2029-12-31,0.98997,1.0586,0.93181,1,2204001355,1,Utilities,12.19,3638853698,851108
2026-08-28,TAC,2028-12-31,0.7597,0.81237,0.71507,2,2651950812,1,Utilities,12.19,3638853698,851108
2026-08-28,TAC,2027-12-31,0.57204,0.6117,0.53843,4,2354324753,2,Utilities,12.19,3638853698,851108
2026-08-28,TAK,2031-03-31,165.28229,173.26967,159.11597,1,5272921306264,3,Healthcare,18.03,57374097681,1803189
2026-08-28,TAK,2030-03-31,171.43264,179.71724,165.03687,1,5246567881529,4,Healthcare,18.03,57374097681,1803189
2026-08-28,TAK,2029-03-31,120.7929,126.6303,116.28638,1,4973653303649,4,Healthcare,18.03,57374097681,1803189
2026-08-28,TAK,2028-03-31,98.895,106.05188,91.0875,2,4829490751914,9,Healthcare,18.03,57374097681,1803189
2026-08-28,TAL,2030-02-28,0,0,0,3,3723000000,8,Consumer Defensive,11.94,7265749361,1768855
2026-08-28,TAL,2029-02-28,1.44206,1.66031,1.25872,8,5043257049,16,Consumer Defensive,11.94,7265749361,1768855
2026-08-28,TAL,2028-02-28,1.22417,1.469,0.96821,9,4416835538,14,Consumer Defensive,11.94,7265749361,1768855
2026-08-28,TAL,2027-02-28,1.40189,1.57108,1.08767,7,3752335100,13,Consumer Defensive,11.94,7265749361,1768855
2026-08-28,TALO,2030-12-31,0.45,0.47855,0.41436,1,2006000000,2,Energy,16.67,2782653386,1330243
2026-08-28,TALO,2029-12-31,0.58,0.61679,0.53406,1,2099000000,1,Energy,16.67,2782653386,1330243
2026-08-28,TALO,2028-12-31,0.27608,0.99572,-0.1414,3,2105062681,3,Energy,16.67,2782653386,1330243
2026-08-28,TALO,2027-12-31,0.77109,1.43469,0.2617,5,2178551510,5,Energy,16.67,2782653386,1330243
2026-08-28,TAP,2030-12-31,6.17,6.36099,6.05754,2,11219900000,7,Consumer Defensive,41.46,7775879469,2005029
2026-08-28,TAP,2029-12-31,5.74935,5.92732,5.64456,3,11100033613,10,Consumer Defensive,41.46,7775879469,2005029
2026-08-28,TAP,2028-12-31,5.16577,5.62724,4.57453,6,11096085676,15,Consumer Defensive,41.46,7775879469,2005029
2026-08-28,TAP,2027-12-31,4.87021,5.58412,4.5866,11,11073901696,14,Consumer Defensive,41.46,7775879469,2005029
2026-08-28,TARS,2030-12-31,10.3325,11.08841,9.8417,1,1535077000,2,Healthcare,71.76,3087402240,615723
2026-08-28,TARS,2029-12-31,6.8275,7.32699,6.50319,1,1321434000,1,Healthcare,71.76,3087402240,615723
2026-08-28,TARS,2028-12-31,4.72334,6.07987,2.22602,3,1121894000,3,Healthcare,71.76,3087402240,615723
2026-08-28,TARS,2027-12-31,1.465,5.15276,-4.44552,4,920800963,3,Healthcare,71.76,3087402240,615723
2026-08-28,TBBB,2030-12-31,19.64767,20.43184,19.25073,1,283133177728,5,Consumer Defensive,48.99,5676539347,546323
2026-08-28,TBBB,2029-12-31,11.22779,11.67591,11.00095,1,226767611343,3,Consumer Defensive,48.99,5676539347,546323
2026-08-28,TBBB,2028-12-31,4.1686,4.33498,4.08438,1,173681234826,3,Consumer Defensive,48.99,5676539347,546323
2026-08-28,TBBB,2027-12-31,-1.4934,4.48016,-6.72021,2,138172760139,7,Consumer Defensive,48.99,5676539347,546323
2026-08-28,TCOM,2029-12-31,23.95375,25.87158,22.5701,5,96253959126,10,Consumer Cyclical,45.35,29458608868,1806619
2026-08-28,TCOM,2028-12-31,30.91553,36.06113,23.99447,8,83370561397,21,Consumer Cyclical,45.35,29458608868,1806619
2026-08-28,TCOM,2027-12-31,27.82263,29.02954,26.23458,13,75450248478,23,Consumer Cyclical,45.35,29458608868,1806619
2026-08-28,TCOM,2026-12-31,23.69441,25.09947,21.52295,12,68005887942,21,Consumer Cyclical,45.35,29458608868,1806619
2026-08-28,TD,2029-10-31,11.14913,11.23099,11.00514,1,162386841349,1,Financial Services,121.25,204851875000,1477595
2026-08-28,TD,2028-10-31,12.24245,13.38039,11.10451,2,68379632854,1,Financial Services,121.25,204851875000,1477595
2026-08-28,TD,2027-10-31,10.96622,11.19117,10.74126,7,63526626815,2,Financial Services,121.25,204851875000,1477595
2026-08-28,TD,2026-10-31,9.85556,9.92605,9.79916,7,60570439682,2,Financial Services,121.25,204851875000,1477595
2026-08-28,TDC,2028-12-31,3.23849,3.26094,3.21567,1,1703924304,4,Technology,28.77,2707257000,1410029
2026-08-28,TDC,2027-12-31,2.91215,3.01292,2.81138,5,1669155008,5,Technology,28.77,2707257000,1410029
2026-08-28,TDC,2026-12-31,2.70887,2.73908,2.65852,5,1647285800,5,Technology,28.77,2707257000,1410029
2026-08-28,TDC,2025-12-31,2.40479,2.41481,2.38475,7,1642562941,6,Technology,28.77,2707257000,1410029
2026-08-28,TDS,2028-12-31,0.083048,0.56995,-0.38081,3,1297437267,3,Communication Services,33.65,3576995000,531369
2026-08-28,TDS,2027-12-31,0.21622,0.22279,0.21071,2,1253864935,2,Communication Services,33.65,3576995000,531369
2026-08-28,TDS,2026-12-31,3.70093,3.81342,3.60661,2,1241335010,2,Communication Services,33.65,3576995000,531369
2026-08-28,TDS,2025-12-31,-1.18774,-1.15747,-1.22384,1,1824835904,1,Communication Services,33.65,3576995000,531369
2026-08-28,TEAM,2031-06-30,0,0,0,2,12434900000,5,Technology,190.415,50017129691,5212790
2026-08-28,TEAM,2030-06-30,7.86,8.41945,7.59936,1,10996200000,6,Technology,190.415,50017129691,5212790
2026-08-28,TEAM,2029-06-30,8.48713,9.26677,7.06448,3,9988253125,12,Technology,190.415,50017129691,5212790
2026-08-28,TEAM,2028-06-30,6.68684,8.94264,5.86106,15,8564130353,21,Technology,190.415,50017129691,5212790
2026-08-28,TECH,2031-06-30,0,0,0,0,1891000000,1,Healthcare,72.35,11327767150,1630489
2026-08-28,TECH,2030-06-30,2.4576,2.5993,2.36536,1,1658296000,2,Healthcare,72.35,11327767150,1630489
2026-08-28,TECH,2029-06-30,2.68,2.83452,2.57941,1,1550486000,4,Healthcare,72.35,11327767150,1630489
2026-08-28,TECH,2028-06-30,2.33999,2.41411,2.2447,3,1380131740,6,Healthcare,72.35,11327767150,1630489
2026-08-28,TECK,2030-12-31,3.56026,4.34729,3.05251,7,14840768029,7,Basic Materials,69.34,33491220000,2807242
2026-08-28,TECK,2029-12-31,4.11364,5.02301,3.52697,12,14314144726,10,Basic Materials,69.34,33491220000,2807242
2026-08-28,TECK,2028-12-31,3.84127,4.69043,3.29344,9,13078954210,6,Basic Materials,69.34,33491220000,2807242
2026-08-28,TECK,2027-12-31,5.17133,6.75334,2.60268,17,15456889942,15,Basic Materials,69.34,33491220000,2807242
2026-08-28,TEL,2029-09-26,17.05,17.51529,16.74753,1,24510000000,5,Technology,202.66,58759376588,1384371
2026-08-28,TEL,2028-09-26,14.37614,15.448,13.46504,5,23170126002,10,Technology,202.66,58759376588,1384371
2026-08-28,TEL,2027-09-26,12.98617,13.75182,12.50888,9,21732101766,11,Technology,202.66,58759376588,1384371
2026-08-28,TEL,2026-09-26,11.446,11.59556,11.38618,9,19847088813,12,Technology,202.66,58759376588,1384371
2026-08-28,TEM,2030-12-31,2.80025,2.93493,2.69985,4,3261549300,5,Healthcare,64.04,11219812483,8708914
2026-08-28,TEM,2029-12-31,1.8811,1.97157,1.81365,2,2795671467,5,Healthcare,64.04,11219812483,8708914
2026-08-28,TEM,2028-12-31,0.69398,1.15145,-0.04497835,7,2364695239,10,Healthcare,64.04,11219812483,8708914
2026-08-28,TEM,2027-12-31,0.028274,1.66817,-1.27233,10,1970147158,14,Healthcare,64.04,11219812483,8708914
2026-08-28,TENB,2029-12-31,2.9,2.93887,2.84483,1,1361475000,4,Technology,37.67,4153946240,23858725
2026-08-28,TENB,2028-12-31,2.4433,3.02205,1.4688,4,1236553185,9,Technology,37.67,4153946240,23858725
2026-08-28,TENB,2027-12-31,2.17705,2.34682,1.99729,13,1156548592,17,Technology,37.67,4153946240,23858725
2026-08-28,TENB,2026-12-31,1.9804,2.01041,1.94039,13,1078384458,17,Technology,37.67,4153946240,23858725
2026-08-28,TER,2028-12-31,15.45611,20.08533,10.66258,6,7772333012,12,Technology,354.97,55496364770,2373639
2026-08-28,TER,2027-12-31,11.74928,13.57532,9.39108,11,6240876946,13,Technology,354.97,55496364770,2373639
2026-08-28,TER,2026-12-31,9.2068,9.45973,9.0348,10,5145478843,12,Technology,354.97,55496364770,2373639
2026-08-28,TER,2025-12-31,3.55561,3.61587,3.51543,13,3081213856,12,Technology,354.97,55496364770,2373639
2026-08-28,TEVA,2030-12-31,4.26,4.31611,4.1811,1,19519575000,6,Healthcare,36.44,42439481600,3138885
2026-08-28,TEVA,2029-12-31,3.76,3.80952,3.69036,1,18573278200,6,Healthcare,36.44,42439481600,3138885
2026-08-28,TEVA,2028-12-31,3.44036,3.87839,3.16197,3,18078670842,8,Healthcare,36.44,42439481600,3138885
2026-08-28,TEVA,2027-12-31,3.06822,3.12722,3.02888,7,17285479256,8,Healthcare,36.44,42439481600,3138885
2026-08-28,TEX,2028-12-31,6.83744,7.82382,5.60446,6,9252309955,8,Industrials,63.73,7284339000,836221
2026-08-28,TEX,2027-12-31,5.97841,6.34381,5.73481,11,8787470959,11,Industrials,63.73,7284339000,836221
2026-08-28,TEX,2026-12-31,5.04207,5.16308,4.89081,11,8139697171,11,Industrials,63.73,7284339000,836221
2026-08-28,TEX,2025-12-31,4.9313,4.96125,4.89137,8,5410095949,6,Industrials,63.73,7284339000,836221
2026-08-28,TFC,2028-12-31,5.58925,5.98118,4.95198,7,22796373742,6,Financial Services,50.43,62829728400,4615520
2026-08-28,TFC,2027-12-31,5.01661,5.22987,4.66118,14,21926642345,9,Financial Services,50.43,62829728400,4615520
2026-08-28,TFC,2026-12-31,4.63056,4.75188,4.43846,14,21206087479,8,Financial Services,50.43,62829728400,4615520
2026-08-28,TFC,2025-12-31,3.91182,3.97169,3.88188,10,20494516949,6,Financial Services,50.43,62829728400,4615520
2026-08-28,TFSL,2028-09-30,0.41,0.4114,0.4086,1,392900000,1,Financial Services,17.53,4915975432,777035
2026-08-28,TFSL,2027-09-30,0.39,0.39133,0.38867,1,374162000,1,Financial Services,17.53,4915975432,777035
2026-08-28,TFSL,2026-09-30,0.36,0.36123,0.35877,1,347746000,1,Financial Services,17.53,4915975432,777035
2026-08-28,TFSL,2025-09-30,0.31,0.31106,0.30894,1,320349000,1,Financial Services,17.53,4915975432,777035
2026-08-28,TGT,2031-01-31,11.72333,11.93598,11.43377,9,122686750000,8,Consumer Defensive,163.14,74096719740,3567412
2026-08-28,TGT,2030-01-31,10.704,10.89816,10.43962,5,119733925000,17,Consumer Defensive,163.14,74096719740,3567412
2026-08-28,TGT,2029-01-31,10.29383,11.68567,8.26323,13,117098491017,19,Consumer Defensive,163.14,74096719740,3567412
2026-08-28,TGT,2028-01-31,9.56947,10.17853,8.65072,26,113407897982,28,Consumer Defensive,163.14,74096719740,3567412
2026-08-28,TGTX,2030-12-31,5.362,5.87127,5.01829,2,2231480000,3,Healthcare,53.93,8255797469,1030693
2026-08-28,TGTX,2029-12-31,4.242,4.64489,3.97009,3,1904660000,4,Healthcare,53.93,8255797469,1030693
2026-08-28,TGTX,2028-12-31,3.67185,4.21,3.14,6,1623437864,6,Healthcare,53.93,8255797469,1030693
2026-08-28,TGTX,2027-12-31,2.86181,4.27652,2.33265,6,1318061895,6,Healthcare,53.93,8255797469,1030693
2026-08-28,TH,2028-12-31,0.94216,1.22536,0.76349,3,780628877,3,Industrials,18.55,1847311025,1627782
2026-08-28,TH,2027-12-31,0.63167,0.75609,0.38283,4,683681906,5,Industrials,18.55,1847311025,1627782
2026-08-28,TH,2026-12-31,-0.20638,-0.14447,-0.24766,4,410091796,4,Industrials,18.55,1847311025,1627782
2026-08-28,TH,2025-12-31,-0.3225,-0.2795,-0.344,3,316700000,3,Industrials,18.55,1847311025,1627782
2026-08-28,THC,2029-12-31,28.72,30.32774,27.97898,1,24085000000,11,Healthcare,266.8,21482470267,519366
2026-08-28,THC,2028-12-31,22.78882,26.1076,19.66724,5,23554427812,13,Healthcare,266.8,21482470267,519366
2026-08-28,THC,2027-12-31,20.82931,22.53259,18.94133,12,22520087567,15,Healthcare,266.8,21482470267,519366
2026-08-28,THC,2026-12-31,21.00737,21.83339,17.94804,11,22213195795,15,Healthcare,266.8,21482470267,519366
2026-08-28,TIGO,2030-12-31,0,0,0,1,9200000000,5,Communication Services,93.38,15645020041,597331
2026-08-28,TIGO,2029-12-31,10.6,10.98781,10.1505,1,9128000000,3,Communication Services,93.38,15645020041,597331
2026-08-28,TIGO,2028-12-31,7.16982,9.29135,4.54873,5,9288506748,7,Communication Services,93.38,15645020041,597331
2026-08-28,TIGO,2027-12-31,5.82749,7.49249,4.14907,4,9006256939,6,Communication Services,93.38,15645020041,597331
2026-08-28,TJX,2030-01-31,6.85,7.02224,6.72702,2,75501000000,4,Consumer Cyclical,135.14,149289758832,6779518
2026-08-28,TJX,2029-01-31,6.49236,6.75109,6.25118,6,73234504675,8,Consumer Cyclical,135.14,149289758832,6779518
2026-08-28,TJX,2028-01-31,5.78287,5.87386,5.62111,12,68046892240,16,Consumer Cyclical,135.14,149289758832,6779518
2026-08-28,TJX,2027-01-31,5.28216,5.31263,5.24153,12,64027825475,16,Consumer Cyclical,135.14,149289758832,6779518
2026-08-28,TKO,2030-12-31,10.7,11.16412,10.20567,2,7685651362,6,Communication Services,184.64,13842036128,641161
2026-08-28,TKO,2029-12-31,7.805,8.14354,7.44442,3,6875282701,11,Communication Services,184.64,13842036128,641161
2026-08-28,TKO,2028-12-31,7.21846,10.30659,3.42816,6,7431732025,13,Communication Services,184.64,13842036128,641161
2026-08-28,TKO,2027-12-31,5.4723,9.025,2.45442,7,5874704367,15,Communication Services,184.64,13842036128,641161
2026-08-28,TKR,2028-12-31,8.47514,9.62502,6.982,6,5195727330,9,Industrials,120.82,8396325490,639070
2026-08-28,TKR,2027-12-31,7.31735,7.80721,6.81728,9,5020686536,9,Industrials,120.82,8396325490,639070
2026-08-28,TKR,2026-12-31,6.27818,6.41949,5.99556,9,4849854750,9,Industrials,120.82,8396325490,639070
2026-08-28,TKR,2025-12-31,5.27327,5.30323,5.23332,10,4544309452,8,Industrials,120.82,8396325490,639070
2026-08-28,TLN,2030-12-31,51.03507,56.89912,41.26021,2,5985956246,4,Utilities,296.105,13441688844,684213
2026-08-28,TLN,2029-12-31,44.10687,49.17485,35.65898,3,5762540493,4,Utilities,296.105,13441688844,684213
2026-08-28,TLN,2028-12-31,35.98305,42.59012,28.11837,6,5392849002,9,Utilities,296.105,13441688844,684213
2026-08-28,TLN,2027-12-31,30.53462,37.79354,21.13573,7,5157732395,9,Utilities,296.105,13441688844,684213
2026-08-28,TMDX,2029-12-31,5.41,5.66261,5.25592,3,1183000000,3,Healthcare,88.43,3056220387,629879
2026-08-28,TMDX,2028-12-31,3.23153,4.03564,2.44736,6,1015653906,7,Healthcare,88.43,3056220387,629879
2026-08-28,TMDX,2027-12-31,2.29967,2.61687,1.72475,8,874752495,9,Healthcare,88.43,3056220387,629879
2026-08-28,TMDX,2026-12-31,1.49612,1.56598,1.48487,6,743101831,10,Healthcare,88.43,3056220387,629879
2026-08-28,TMO,2030-12-31,39.07,39.69874,38.67474,1,58775000000,8,Healthcare,622.18,231215153780,1016554
2026-08-28,TMO,2029-12-31,34.21503,34.76564,33.86888,1,57022201778,13,Healthcare,622.18,231215153780,1016554
2026-08-28,TMO,2028-12-31,30.19591,32.89642,27.10446,5,53462822435,17,Healthcare,622.18,231215153780,1016554
2026-08-28,TMO,2027-12-31,27.41967,28.97455,26.40302,16,50312475470,20,Healthcare,622.18,231215153780,1016554
2026-08-28,TMUS,2030-12-31,20.5025,20.75905,19.94746,5,109542400000,14,Communication Services,181.37,194550450450,3105620
2026-08-28,TMUS,2029-12-31,17.76652,17.98884,17.28555,10,106077600000,14,Communication Services,181.37,194550450450,3105620
2026-08-28,TMUS,2028-12-31,16.66918,20.68444,14.6059,13,102575283748,16,Communication Services,181.37,194550450450,3105620
2026-08-28,TMUS,2027-12-31,13.8956,16.16962,12.05124,17,98572970883,18,Communication Services,181.37,194550450450,3105620
2026-08-28,TNDM,2030-12-31,1.74333,1.85372,1.69015,13,1673400000,15,Healthcare,21.43,1468578377,921790
2026-08-28,TNDM,2029-12-31,1.33081,1.41508,1.29021,13,1504875385,9,Healthcare,21.43,1468578377,921790
2026-08-28,TNDM,2028-12-31,0.80923,1.83871,-0.05868238,16,1373832602,19,Healthcare,21.43,1468578377,921790
2026-08-28,TNDM,2027-12-31,0.14194,0.58195,-0.42582,16,1205674952,18,Healthcare,21.43,1468578377,921790
2026-08-28,TNGX,2030-12-31,1.14143,1.14143,1.14143,4,803056429,5,Healthcare,23.34,3800093908,1998350
2026-08-28,TNGX,2029-12-31,-1.11,-1.11,-1.11,4,304439650,5,Healthcare,23.34,3800093908,1998350
2026-08-28,TNGX,2028-12-31,-1.843,-0.82006,-2.64019,10,53078667,11,Healthcare,23.34,3800093908,1998350
2026-08-28,TNGX,2027-12-31,-1.65965,-1.2341,-2.24478,11,3140000,8,Healthcare,23.34,3800093908,1998350
2026-08-28,TOL,2028-10-31,16.02705,16.67072,15.28149,7,11856118043,6,Consumer Cyclical,146.2,13665460200,816233
2026-08-28,TOL,2027-10-31,14.07559,14.49726,13.60373,12,11022723790,11,Consumer Cyclical,146.2,13665460200,816233
2026-08-28,TOL,2026-10-31,12.76344,13.3513,12.5542,12,10792590755,11,Consumer Cyclical,146.2,13665460200,816233
2026-08-28,TOL,2025-10-31,13.82941,14.03986,13.69913,8,10810527194,7,Consumer Cyclical,146.2,13665460200,816233
2026-08-28,TOST,2029-12-31,2.66463,2.7505,2.58691,4,12261349333,10,Technology,35.15,20386998453,9800592
2026-08-28,TOST,2028-12-31,2.18677,2.45929,1.69328,10,10377663012,15,Technology,35.15,20386998453,9800592
2026-08-28,TOST,2027-12-31,1.72482,1.82011,1.64858,14,8844154631,21,Technology,35.15,20386998453,9800592
2026-08-28,TOST,2026-12-31,1.38477,1.41423,1.32584,13,7470148676,21,Technology,35.15,20386998453,9800592
2026-08-28,TOWN,2027-12-31,3.50205,3.83193,3.32508,2,1047028499,2,Financial Services,37.43,3450492036,574544
2026-08-28,TOWN,2026-12-31,3.14143,3.43734,2.98269,3,997025000,2,Financial Services,37.43,3450492036,574544
2026-08-28,TOWN,2025-12-31,2.97085,3.25069,2.82073,2,841327750,2,Financial Services,37.43,3450492036,574544
2026-08-28,TOWN,2024-12-31,2.10218,2.3002,1.99595,3,689629500,2,Financial Services,37.43,3450492036,574544
2026-08-28,TPG,2029-12-31,4.78061,5.15228,4.52873,1,3613062800,1,Financial Services,53.97,20688602741,2259410
2026-08-28,TPG,2028-12-31,4.28211,4.61502,4.05649,1,3545592880,3,Financial Services,53.97,20688602741,2259410
2026-08-28,TPG,2027-12-31,3.61204,3.96732,3.26663,2,3129037787,5,Financial Services,53.97,20688602741,2259410
2026-08-28,TPG,2026-12-31,2.84794,2.95672,2.65017,2,2610891415,4,Financial Services,53.97,20688602741,2259410
2026-08-28,TPR,2029-06-27,10.31263,10.67436,10.00656,3,9655457483,8,Consumer Cyclical,125.49,25354627050,3485696
2026-08-28,TPR,2028-06-27,8.89007,9.5258,8.36534,12,8993570460,15,Consumer Cyclical,125.49,25354627050,3485696
2026-08-28,TPR,2027-06-27,7.96325,8.34436,7.82284,12,8541090534,14,Consumer Cyclical,125.49,25354627050,3485696
2026-08-28,TPR,2026-06-27,6.99728,7.05751,6.95712,12,7992739243,14,Consumer Cyclical,125.49,25354627050,3485696
2026-08-28,TREE,2030-12-31,9.54,9.69939,9.38234,1,1798586000,2,Financial Services,28.96,404078880,552256
2026-08-28,TREE,2029-12-31,8.45,8.59118,8.31035,1,1677717000,1,Financial Services,28.96,404078880,552256
2026-08-28,TREE,2028-12-31,7.23,7.68588,6.94371,3,1508137000,3,Financial Services,28.96,404078880,552256
2026-08-28,TREE,2027-12-31,6.61,6.83931,6.37072,3,1401180200,4,Financial Services,28.96,404078880,552256
2026-08-28,TREX,2028-12-31,2.40163,2.4129,2.39037,2,1425095140,7,Basic Materials,45.77,4755457230,1143842
2026-08-28,TREX,2027-12-31,2.01686,2.06654,1.94731,10,1322295514,14,Basic Materials,45.77,4755457230,1143842
2026-08-28,TREX,2026-12-31,1.76832,1.81856,1.73818,10,1243068242,14,Basic Materials,45.77,4755457230,1143842
2026-08-28,TREX,2025-12-31,1.82902,1.87927,1.77877,13,1157641566,13,Basic Materials,45.77,4755457230,1143842
2026-08-28,TRGP,2030-12-31,18.9644,22.23483,14.42685,5,35586700000,6,Energy,287.82,61778836080,805544
2026-08-28,TRGP,2029-12-31,16.72966,19.61471,12.72681,10,32317500000,6,Energy,287.82,61778836080,805544
2026-08-28,TRGP,2028-12-31,14.90083,18.28923,12.8949,13,25602237056,8,Energy,287.82,61778836080,805544
2026-08-28,TRGP,2027-12-31,12.31843,14.07964,11.1208,10,22948342941,7,Energy,287.82,61778836080,805544
2026-08-28,TRI,2028-12-31,5.79474,6.14576,5.44372,2,9540010909,8,Industrials,106.225,46371337960,1202809
2026-08-28,TRI,2027-12-31,5.12194,5.26337,4.9704,8,8783159798,10,Industrials,106.225,46371337960,1202809
2026-08-28,TRI,2026-12-31,4.48066,4.58135,4.37997,9,8200409217,11,Industrials,106.225,46371337960,1202809
2026-08-28,TRI,2025-12-31,3.98865,4.05066,3.97845,9,7534797257,8,Industrials,106.225,46371337960,1202809
2026-08-28,TRIN,2028-12-31,1.96,1.97054,1.94946,2,389712000,2,Financial Services,18.56,1668314617,748270
2026-08-28,TRIN,2027-12-31,2.10622,2.15637,2.04604,7,418123823,6,Financial Services,18.56,1668314617,748270
2026-08-28,TRIN,2026-12-31,2.0797,2.10984,2.04956,6,368307225,6,Financial Services,18.56,1668314617,748270
2026-08-28,TRIN,2025-12-31,2.07914,2.23086,1.93808,5,290880612,5,Financial Services,18.56,1668314617,748270
2026-08-28,TRLV,2030-12-31,0.54,0.55655,0.52861,1,991600000,1,Healthcare,11.82,2008226971,1363138
2026-08-28,TRLV,2029-12-31,0.53,0.54625,0.51882,1,949400000,1,Healthcare,11.82,2008226971,1363138
2026-08-28,TRLV,2028-12-31,0.51,0.52563,0.49924,1,915047000,1,Healthcare,11.82,2008226971,1363138
2026-08-28,TRLV,2027-12-31,0.575,0.66579,0.51447,4,936363933,5,Healthcare,11.82,2008226971,1363138
2026-08-28,TRMB,2029-01-02,4.76083,4.89118,4.63048,2,4648947500,3,Technology,61.01,14222133774,2532695
2026-08-28,TRMB,2028-01-02,4.12351,4.23606,4.05189,8,4236123166,9,Technology,61.01,14222133774,2532695
2026-08-28,TRMB,2027-01-02,3.66946,3.72014,3.61878,8,3930629417,9,Technology,61.01,14222133774,2532695
2026-08-28,TRMB,2026-01-02,3.09053,3.10053,3.08053,9,3566932775,9,Technology,61.01,14222133774,2532695
2026-08-28,TRMD,2029-12-31,-2.1154,-1.97433,-2.30865,1,483887900,2,Industrials,32.62,3339211540,781733
2026-08-28,TRMD,2028-12-31,2.24112,2.44586,2.09167,1,945909382,1,Industrials,32.62,3339211540,781733
2026-08-28,TRMD,2027-12-31,3.27116,3.57,3.05302,1,1116680454,5,Industrials,32.62,3339211540,781733
2026-08-28,TRMD,2026-12-31,7.47172,8.1543,6.97346,1,1428498814,2,Industrials,32.62,3339211540,781733
2026-08-28,TROW,2029-12-31,11.05878,11.43818,10.5957,1,8308396350,1,Financial Services,111.24,23835061080,1059328
2026-08-28,TROW,2028-12-31,9.83352,10.17089,9.42175,1,7981229779,2,Financial Services,111.24,23835061080,1059328
2026-08-28,TROW,2027-12-31,10.21875,10.67359,9.19789,8,7964753727,5,Financial Services,111.24,23835061080,1059328
2026-08-28,TROW,2026-12-31,10.19053,10.64277,9.88904,8,7756480471,4,Financial Services,111.24,23835061080,1059328
2026-08-28,TRP,2030-12-31,5.09385,5.54045,4.85961,1,19225103944,5,Energy,61.86,64396458571,1073665
2026-08-28,TRP,2029-12-31,4.5636,4.96371,4.35374,1,18699640006,5,Energy,61.86,64396458571,1073665
2026-08-28,TRP,2028-12-31,4.27843,4.87896,3.97233,4,18070610244,10,Energy,61.86,64396458571,1073665
2026-08-28,TRP,2027-12-31,4.0227,4.8847,3.68063,10,17153180087,9,Energy,61.86,64396458571,1073665
2026-08-28,TRU,2030-12-31,7.51403,7.91244,7.18226,5,6544781148,6,Financial Services,85.67,16414372000,1415479
2026-08-28,TRU,2029-12-31,7.3457,7.73518,7.02136,5,6140286010,11,Financial Services,85.67,16414372000,1415479
2026-08-28,TRU,2028-12-31,6.48771,6.81404,5.89376,8,6022922304,13,Financial Services,85.67,16414372000,1415479
2026-08-28,TRU,2027-12-31,5.60898,6.10064,5.318,14,5591660777,16,Financial Services,85.67,16414372000,1415479
2026-08-28,TRV,2028-12-31,30.50838,34.13313,25.50285,7,46683656515,7,Financial Services,369.9,77151900638,976830
2026-08-28,TRV,2027-12-31,30.2456,33.39745,28.38682,17,45240694199,11,Financial Services,369.9,77151900638,976830
2026-08-28,TRV,2026-12-31,34.07583,35.5771,32.0204,18,43950523152,12,Financial Services,369.9,77151900638,976830
2026-08-28,TRV,2025-12-31,25.44409,25.88313,24.60684,18,44730230129,9,Financial Services,369.9,77151900638,976830
2026-08-28,TRVI,2030-12-31,-0.075,-0.075,-0.075,3,244331375,5,Healthcare,16.79,2383839297,1972018
2026-08-28,TRVI,2029-12-31,-0.712,-0.712,-0.712,3,64257333,5,Healthcare,16.79,2383839297,1972018
2026-08-28,TRVI,2028-12-31,-0.74091,-0.35851,-1.17795,9,31868500,10,Healthcare,16.79,2383839297,1972018
2026-08-28,TRVI,2027-12-31,-0.61482,-0.45616,-0.88256,8,3466667,6,Healthcare,16.79,2383839297,1972018
2026-08-28,TS,2030-12-31,4.2342,4.47374,4.08027,4,13197000000,5,Energy,53.97,28958392649,680942
2026-08-28,TS,2029-12-31,4.1435,4.37791,3.99287,2,13316919776,5,Energy,53.97,28958392649,680942
2026-08-28,TS,2028-12-31,4.42315,4.67338,4.26235,4,13474417007,4,Energy,53.97,28958392649,680942
2026-08-28,TS,2027-12-31,4.20018,4.91904,3.46078,7,12984620313,10,Energy,53.97,28958392649,680942
2026-08-28,TSCO,2030-12-27,2.585,2.6358,2.53245,3,19398050000,8,Consumer Cyclical,34.72,18208904000,8331754
2026-08-28,TSCO,2029-12-27,2.36667,2.41318,2.31856,2,18419900000,7,Consumer Cyclical,34.72,18208904000,8331754
2026-08-28,TSCO,2028-12-27,2.24271,2.58202,2.09541,6,17496537998,14,Consumer Cyclical,34.72,18208904000,8331754
2026-08-28,TSCO,2027-12-27,2.04978,2.21571,1.95217,13,16609846215,21,Consumer Cyclical,34.72,18208904000,8331754
2026-08-28,TSEM,2028-12-31,10.47,10.94911,10.14589,3,3572671600,4,Technology,208.01,23468715769,1248115
2026-08-28,TSEM,2027-12-31,6.63688,7.38304,5.89072,4,2748997957,6,Technology,208.01,23468715769,1248115
2026-08-28,TSEM,2026-12-31,3.85575,3.97378,3.73772,4,1973825223,5,Technology,208.01,23468715769,1248115
2026-08-28,TSEM,2025-12-31,2.184,2.34828,2.17389,4,1566980000,4,Technology,208.01,23468715769,1248115
2026-08-28,TSLA,2030-12-31,9.06537,10.94976,7.61723,9,240120315833,26,Consumer Cyclical,348.75,1377404653658,32818355
2026-08-28,TSLA,2029-12-31,6.5059,7.85826,5.46662,9,194263247333,25,Consumer Cyclical,348.75,1377404653658,32818355
2026-08-28,TSLA,2028-12-31,3.13998,7.11188,1.38904,21,142689262100,33,Consumer Cyclical,348.75,1377404653658,32818355
2026-08-28,TSLA,2027-12-31,2.24087,3.45113,1.35209,25,120164618648,35,Consumer Cyclical,348.75,1377404653658,32818355
2026-08-28,TSM,2029-12-31,1100.3217,1217.13396,993.99654,4,11654173860000,14,Technology,417.52,2165459129600,8859447
2026-08-28,TSM,2028-12-31,884.9992,978.95241,799.48086,5,9161033095597,10,Technology,417.52,2165459129600,8859447
2026-08-28,TSM,2027-12-31,699.65519,796.87608,560.19349,10,7267796682586,22,Technology,417.52,2165459129600,8859447
2026-08-28,TSM,2026-12-31,535.32475,565.58931,425.6564,10,5406788846231,22,Technology,417.52,2165459129600,8859447
2026-08-28,TSN,2029-09-27,6.5866,6.74233,6.42114,1,60713621500,6,Consumer Defensive,55.4,19640397973,1945674
2026-08-28,TSN,2028-09-27,5.30712,5.57227,5.10791,3,57526083700,8,Consumer Defensive,55.4,19640397973,1945674
2026-08-28,TSN,2027-09-27,4.51984,5.03323,4.23798,7,56766018276,8,Consumer Defensive,55.4,19640397973,1945674
2026-08-28,TSN,2026-09-27,3.89098,4.12739,3.77277,7,56541281891,7,Consumer Defensive,55.4,19640397973,1945674
2026-08-28,TT,2030-12-31,26.5,27.34217,25.53819,4,33955000000,6,Industrials,448.96,98781608240,721492
2026-08-28,TT,2029-12-31,23.27405,24.0137,22.42932,2,30588500000,11,Industrials,448.96,98781608240,721492
2026-08-28,TT,2028-12-31,20.17415,21.21878,18.82916,7,28081737005,13,Industrials,448.96,98781608240,721492
2026-08-28,TT,2027-12-31,17.50604,17.96858,17.09378,14,25865920467,17,Industrials,448.96,98781608240,721492
2026-08-28,TTAN,2030-01-31,1.81,1.87839,1.77542,1,1562500000,2,Technology,99.87,9526657924,1347620
2026-08-28,TTAN,2029-01-31,2.08469,2.16346,2.04486,1,1498615549,5,Technology,99.87,9526657924,1347620
2026-08-28,TTAN,2028-01-31,1.64145,1.8564,1.43627,9,1304503363,13,Technology,99.87,9526657924,1347620
2026-08-28,TTAN,2027-01-31,1.31131,1.3896,1.25259,9,1138165946,13,Technology,99.87,9526657924,1347620
2026-08-28,TTD,2030-12-31,0.675,0.8375,0.61091,5,3035554400,10,Communication Services,13.57,6379370120,12947167
2026-08-28,TTD,2029-12-31,0.605,0.75065,0.54756,9,2979671660,10,Communication Services,13.57,6379370120,12947167
2026-08-28,TTD,2028-12-31,0.44134,1.16857,-0.12229,12,2881882171,20,Communication Services,13.57,6379370120,12947167
2026-08-28,TTD,2027-12-31,0.23584,0.28223,0.11019,17,2632904979,26,Communication Services,13.57,6379370120,12947167
2026-08-28,TTE,2030-12-31,11.0975,13.42514,8.89572,4,213965000000,6,Energy,86.35,192301704560,1542810
2026-08-28,TTE,2029-12-31,11.03512,13.34967,8.84572,2,205476500000,11,Energy,86.35,192301704560,1542810
2026-08-28,TTE,2028-12-31,9.24978,11.00787,7.87922,7,188443126071,13,Energy,86.35,192301704560,1542810
2026-08-28,TTE,2027-12-31,9.43969,10.39622,8.78268,7,192647380644,10,Energy,86.35,192301704560,1542810
2026-08-28,TTEK,2029-09-28,2,2.03899,1.97382,1,4902000000,1,Industrials,36.54,9483043463,1738996
2026-08-28,TTEK,2028-09-28,1.9356,1.97334,1.91027,1,4624700000,1,Industrials,36.54,9483043463,1738996
2026-08-28,TTEK,2027-09-28,1.7378,1.74762,1.71816,4,4543157096,5,Industrials,36.54,9483043463,1738996
2026-08-28,TTEK,2026-09-28,1.57707,1.60782,1.55643,4,4353944532,5,Industrials,36.54,9483043463,1738996
2026-08-28,TTMI,2028-12-29,7.87,8.63579,7.10421,2,6078650000,2,Technology,118.65,12321802500,1355806
2026-08-28,TTMI,2027-12-29,6.914,7.49518,6.01217,3,5531557980,3,Technology,118.65,12321802500,1355806
2026-08-28,TTMI,2026-12-29,4.83958,5.04039,4.67893,3,4394594340,3,Technology,118.65,12321802500,1355806
2026-08-28,TTMI,2025-12-29,2.4366,2.44659,2.41663,3,2884917100,3,Technology,118.65,12321802500,1355806
2026-08-28,TTWO,2031-03-31,9.46,11.52056,8.4593,4,10122800000,6,Technology,235.39,44013222200,3703598
2026-08-28,TTWO,2030-03-31,11.58654,14.1103,10.36089,3,9986635944,6,Technology,235.39,44013222200,3703598
2026-08-28,TTWO,2029-03-31,10.62,17.62857,5.46086,8,9348906319,11,Technology,235.39,44013222200,3703598
2026-08-28,TTWO,2028-03-31,10.3231,12.26507,7.56346,16,9200555209,19,Technology,235.39,44013222200,3703598
2026-08-28,TVTX,2030-12-31,5.624,6.93599,4.53152,4,1917940375,5,Healthcare,65.67,6106843743,808192
2026-08-28,TVTX,2029-12-31,4.64598,5.72982,3.74348,2,1600132375,5,Healthcare,65.67,6106843743,808192
2026-08-28,TVTX,2028-12-31,4.51711,7.63504,2.2586,7,1356840321,11,Healthcare,65.67,6106843743,808192
2026-08-28,TVTX,2027-12-31,3.1616,6.99639,-0.2284,8,1082457051,11,Healthcare,65.67,6106843743,808192
2026-08-28,TW,2030-12-31,6.9,7.22879,6.64395,1,3483000000,4,Financial Services,108.87,23176924622,941566
2026-08-28,TW,2029-12-31,5.57182,5.83732,5.36506,1,3151166059,4,Financial Services,108.87,23176924622,941566
2026-08-28,TW,2028-12-31,5.18679,5.3626,4.93066,3,2893905337,9,Financial Services,108.87,23176924622,941566
2026-08-28,TW,2027-12-31,4.578,4.92085,3.89231,10,2623110116,13,Financial Services,108.87,23176924622,941566
2026-08-28,TWLO,2030-12-31,8.58,8.9334,7.99477,2,8260299999,9,Technology,237.78,36088788431,1756638
2026-08-28,TWLO,2029-12-31,7.81,8.13169,7.27729,3,7757700000,10,Technology,237.78,36088788431,1756638
2026-08-28,TWLO,2028-12-31,7.74946,10.61868,3.93149,6,7404281023,18,Technology,237.78,36088788431,1756638
2026-08-28,TWLO,2027-12-31,6.78743,7.43482,6.18051,17,6694214369,24,Technology,237.78,36088788431,1756638
2026-08-28,TWO,2027-12-31,1.1775,2.05555,0.18677,2,44200000,2,Real Estate,12.18,1280541328,19379294
2026-08-28,TWO,2026-12-31,1.19836,2.09197,0.19008,2,18750000,1,Real Estate,12.18,1280541328,19379294
2026-08-28,TWO,2025-12-31,1.31618,2.29764,0.20877,4,493780000,1,Real Estate,12.18,1280541328,19379294
2026-08-28,TWO,2024-12-31,0.62099,0.74519,0.49679,5,257735000,1,Real Estate,12.18,1280541328,19379294
2026-08-28,TWST,2030-09-30,1.39333,1.42755,1.31833,4,888675000,4,Healthcare,141.38,8803916394,1377467
2026-08-28,TWST,2029-09-30,0.34667,0.35518,0.32801,2,750375000,4,Healthcare,141.38,8803916394,1377467
2026-08-28,TWST,2028-09-30,-0.79857,-0.43496,-1.33709,7,636204500,8,Healthcare,141.38,8803916394,1377467
2026-08-28,TWST,2027-09-30,-1.40225,-1.32677,-1.43669,4,544355556,7,Healthcare,141.38,8803916394,1377467
2026-08-28,TXG,2030-12-31,-0.17,-0.1628,-0.17702,4,886300000,5,Healthcare,61.54,7812884117,2360177
2026-08-28,TXG,2029-12-31,-0.29,-0.27771,-0.30197,4,804300000,5,Healthcare,61.54,7812884117,2360177
2026-08-28,TXG,2028-12-31,-0.41926,-0.0171286,-0.92282,11,739493685,11,Healthcare,61.54,7812884117,2360177
2026-08-28,TXG,2027-12-31,-0.71712,-0.46024,-1.07033,8,677391095,12,Healthcare,61.54,7812884117,2360177
2026-08-28,TXN,2030-12-31,12.16,13.9945,11.17184,8,33594000000,14,Technology,258.64,236202381507,5841246
2026-08-28,TXN,2029-12-31,11.32,13.02778,10.4001,9,28551666667,22,Technology,258.64,236202381507,5841246
2026-08-28,TXN,2028-12-31,12.03706,18.34331,10.06262,18,27630276473,24,Technology,258.64,236202381507,5841246
2026-08-28,TXN,2027-12-31,10.2749,11.45126,9.50454,22,24976508355,25,Technology,258.64,236202381507,5841246
2026-08-28,TXT,2031-01-03,7.66,7.93555,7.01006,3,17680000000,5,Industrials,83.04,14281800480,1939960
2026-08-28,TXT,2030-01-03,8.315,8.61412,7.60948,2,17138500000,6,Industrials,83.04,14281800480,1939960
2026-08-28,TXT,2029-01-03,8.0145,8.51927,7.53805,6,16647898202,12,Industrials,83.04,14281800480,1939960
2026-08-28,TXT,2028-01-03,7.24889,7.50636,7.03103,10,16164688520,11,Industrials,83.04,14281800480,1939960
2026-08-28,TYL,2030-12-31,24.53,24.81705,24.11311,1,3792300000,5,Technology,377.94,15477512262,1105330
2026-08-28,TYL,2029-12-31,20.45333,20.69268,20.10572,1,3418700000,5,Technology,377.94,15477512262,1105330
2026-08-28,TYL,2028-12-31,17.575,17.89664,17.1277,3,3061243057,10,Technology,377.94,15477512262,1105330
2026-08-28,TYL,2027-12-31,15.37241,17.29148,14.24881,14,2806886292,18,Technology,377.94,15477512262,1105330
2026-08-28,U,2030-12-31,0.48,0.52376,0.43045,5,4189000000,8,Technology,43.31,18906330720,7634488
2026-08-28,U,2029-12-31,0.23,0.25097,0.20626,9,3615000000,13,Technology,43.31,18906330720,7634488
2026-08-28,U,2028-12-31,1.64581,2.17585,0.71313,12,3230951417,17,Technology,43.31,18906330720,7634488
2026-08-28,U,2027-12-31,1.03775,1.22489,0.85629,12,2694231487,19,Technology,43.31,18906330720,7634488
2026-08-28,UAL,2030-12-31,23.24,24.04292,21.31746,2,84479000000,8,Industrials,110.6,35897411917,2283651
2026-08-28,UAL,2029-12-31,21.12808,21.85804,19.38025,3,79931305864,13,Industrials,110.6,35897411917,2283651
2026-08-28,UAL,2028-12-31,18.23448,19.72538,15.33839,6,75394934991,17,Industrials,110.6,35897411917,2283651
2026-08-28,UAL,2027-12-31,15.08911,20.82523,12.71554,13,71107075501,17,Industrials,110.6,35897411917,2283651
2026-08-28,UBER,2030-12-31,6.956,7.37707,6.21988,11,92277250000,15,Technology,78.82,160445914205,10692241
2026-08-28,UBER,2029-12-31,6.50774,6.90167,5.81905,11,83835170454,25,Technology,78.82,160445914205,10692241
2026-08-28,UBER,2028-12-31,5.52284,7.74005,3.71676,25,75669394096,31,Technology,78.82,160445914205,10692241
2026-08-28,UBER,2027-12-31,4.42372,5.80493,3.04251,30,66803888179,37,Technology,78.82,160445914205,10692241
2026-08-28,UBS,2029-12-31,4.96468,5.10152,4.75293,1,58810974703,6,Financial Services,54.9,179951490218,1734499
2026-08-28,UBS,2028-12-31,4.79151,4.92357,4.58715,1,56924767853,5,Financial Services,54.9,179951490218,1734499
2026-08-28,UBS,2027-12-31,4.24846,4.30915,4.0765,3,54991564444,8,Financial Services,54.9,179951490218,1734499
2026-08-28,UBS,2026-12-31,3.64301,3.83528,3.32931,3,53471789028,8,Financial Services,54.9,179951490218,1734499
2026-08-28,UBSI,2027-12-31,3.85833,3.87822,3.8285,4,1345451200,2,Financial Services,47.6,6559232400,854762
2026-08-28,UBSI,2026-12-31,3.70833,3.72832,3.69833,5,1294461000,2,Financial Services,47.6,6559232400,854762
2026-08-28,UBSI,2025-12-31,3.22,3.23,3.21,3,1228375750,2,Financial Services,47.6,6559232400,854762
2026-08-28,UBSI,2024-12-31,2.728,2.73799,2.69802,4,1037566250,2,Financial Services,47.6,6559232400,854762
2026-08-28,UCB,2028-12-31,3.53,3.59196,3.45236,1,1066603852,1,Financial Services,35.18,4213121620,682004
2026-08-28,UCB,2027-12-31,3.2246,3.32382,3.14523,5,1144511333,4,Financial Services,35.18,4213121620,682004
2026-08-28,UCB,2026-12-31,2.90911,2.92897,2.89918,5,1105733833,5,Financial Services,35.18,4213121620,682004
2026-08-28,UCB,2025-12-31,2.70714,2.72705,2.68723,5,1060341116,4,Financial Services,35.18,4213121620,682004
2026-08-28,UCTT,2030-12-26,11.24,12.88449,10.30272,1,5381200000,1,Technology,69.48,3114677232,693397
2026-08-28,UCTT,2029-12-26,7.86,9.00997,7.20457,1,4676800000,2,Technology,69.48,3114677232,693397
2026-08-28,UCTT,2028-12-26,7.71713,13.64447,4.23624,3,4314573393,3,Technology,69.48,3114677232,693397
2026-08-28,UCTT,2027-12-26,6.54795,7.50596,6.00193,3,3867574099,4,Technology,69.48,3114677232,693397
2026-08-28,UDR,2030-12-31,0,0,0,1,1892642000,2,Real Estate,37.12,11925327921,1935742
2026-08-28,UDR,2029-12-31,0.86,0.875,0.85099,1,1880166000,2,Real Estate,37.12,11925327921,1935742
2026-08-28,UDR,2028-12-31,0.6733,0.92098,0.36765,5,1818791389,5,Real Estate,37.12,11925327921,1935742
2026-08-28,UDR,2027-12-31,0.59084,0.5954,0.57715,6,1753312070,9,Real Estate,37.12,11925327921,1935742
2026-08-28,UE,2028-12-31,0.51592,0.57742,0.39561,1,421637741,2,Real Estate,21.39,2695567672,625201
2026-08-28,UE,2027-12-31,0.5066,0.56699,0.38846,2,491990288,3,Real Estate,21.39,2695567672,625201
2026-08-28,UE,2026-12-31,0.51098,0.57189,0.39182,1,485169562,3,Real Estate,21.39,2695567672,625201
2026-08-28,UE,2025-12-31,0.31667,0.35442,0.24282,1,459941016,2,Real Estate,21.39,2695567672,625201
2026-08-28,UEC,2030-07-31,0.43,0.66469,0.20626,1,223200000,1,Energy,12.4,6136412800,10133858
2026-08-28,UEC,2029-07-31,0.355,0.54875,0.17029,1,311033333,2,Energy,12.4,6136412800,10133858
2026-08-28,UEC,2028-07-31,0.21242,0.31444,0.1118,5,258888379,3,Energy,12.4,6136412800,10133858
2026-08-28,UEC,2027-07-31,-0.038788,0.21333,-0.29091,3,100384367,3,Energy,12.4,6136412800,10133858
2026-08-28,UGI,2030-09-30,4.27541,4.50358,4.04755,1,7782000000,1,Utilities,38.01,8149115940,1537120
2026-08-28,UGI,2029-09-30,3.76751,3.96857,3.56672,1,8062333333,1,Utilities,38.01,8149115940,1537120
2026-08-28,UGI,2028-09-30,3.52019,3.68719,3.2864,3,7864000000,3,Utilities,38.01,8149115940,1537120
2026-08-28,UGI,2027-09-30,3.25528,3.32583,3.17465,2,7714000000,2,Utilities,38.01,8149115940,1537120
2026-08-28,UHS,2029-12-31,25.65,26.44667,24.82336,5,21229000000,11,Healthcare,171.66,10391670184,553337
2026-08-28,UHS,2028-12-31,26.7174,28.29637,24.27393,8,20423271272,13,Healthcare,171.66,10391670184,553337
2026-08-28,UHS,2027-12-31,24.08945,25.6086,23.05366,12,19524129029,14,Healthcare,171.66,10391670184,553337
2026-08-28,UHS,2026-12-31,22.55852,23.0289,21.99995,11,18611604552,14,Healthcare,171.66,10391670184,553337
2026-08-28,UL,2030-12-31,3.91623,4.02676,3.73198,1,59609064483,5,Consumer Defensive,65.07,140182080274,4450371
2026-08-28,UL,2029-12-31,3.71896,3.82393,3.544,1,57270424565,5,Consumer Defensive,65.07,140182080274,4450371
2026-08-28,UL,2028-12-31,3.56764,3.66834,3.39979,2,54336669556,4,Consumer Defensive,65.07,140182080274,4450371
2026-08-28,UL,2027-12-31,3.33127,3.63493,3.00976,4,52524084758,11,Consumer Defensive,65.07,140182080274,4450371
2026-08-28,ULTA,2031-01-31,43.65,44.29313,43.07097,4,16427400000,9,Consumer Cyclical,517.5,22246968443,1606711
2026-08-28,ULTA,2030-01-31,37.12514,37.67213,36.63267,3,15109524707,6,Consumer Cyclical,517.5,22246968443,1606711
2026-08-28,ULTA,2029-01-31,35.32709,36.72105,32.21758,9,14655644986,12,Consumer Cyclical,517.5,22246968443,1606711
2026-08-28,ULTA,2028-01-31,31.97142,32.77146,31.5114,16,13955899703,20,Consumer Cyclical,517.5,22246968443,1606711
2026-08-28,UMAC,2030-12-31,1.3,1.88001,0.78979,1,432040000,2,Technology,23.98,1146098226,5944927
2026-08-28,UMAC,2029-12-31,0.46,0.66523,0.27946,1,285023000,2,Technology,23.98,1146098226,5944927
2026-08-28,UMAC,2028-12-31,-0.24,-0.19726,-0.28603,3,170782750,4,Technology,23.98,1146098226,5944927
2026-08-28,UMAC,2027-12-31,-0.486,-0.243,-0.69862,3,103275377,6,Technology,23.98,1146098226,5944927
2026-08-28,UMC,2028-12-31,44.17995,52.18719,38.19273,1,402151168918,5,Technology,19.79,49363343039,19841030
2026-08-28,UMC,2027-12-31,35.98645,41.54798,30.4249,2,348729802382,12,Technology,19.79,49363343039,19841030
2026-08-28,UMC,2026-12-31,36.87559,39.5738,34.17738,2,280072314491,10,Technology,19.79,49363343039,19841030
2026-08-28,UMC,2025-12-31,17.04126,17.36279,16.71973,2,236417582516,10,Technology,19.79,49363343039,19841030
2026-08-28,UMH,2028-12-31,0,0,0,1,338349804,1,Real Estate,16.48,1403538894,826168
2026-08-28,UMH,2027-12-31,0.154,0.1547,0.15336,3,264561832,3,Real Estate,16.48,1403538894,826168
2026-08-28,UMH,2026-12-31,0.152,0.15269,0.15137,3,245781833,3,Real Estate,16.48,1403538894,826168
2026-08-28,UMH,2025-12-31,0.12,0.12054,0.1195,2,263483999,2,Real Estate,16.48,1403538894,826168
2026-08-28,UNH,2030-12-31,34.285,35.45656,33.13798,5,542960000000,15,Healthcare,392.95,356855343552,2453364
2026-08-28,UNH,2029-12-31,30.57787,31.62276,29.55488,10,506179177667,9,Healthcare,392.95,356855343552,2453364
2026-08-28,UNH,2028-12-31,26.21766,29.0597,23.35576,13,485417367413,19,Healthcare,392.95,356855343552,2453364
2026-08-28,UNH,2027-12-31,22.4478,23.90183,21.11328,19,458616419994,19,Healthcare,392.95,356855343552,2453364
2026-08-28,UNIT,2030-12-31,-2.77,-2.70946,-2.81867,1,3909445000,2,Real Estate,10.02,2432105853,2458458
2026-08-28,UNIT,2029-12-31,-2.79,-2.72902,-2.83902,1,3882213000,2,Real Estate,10.02,2432105853,2458458
2026-08-28,UNIT,2028-12-31,-2.20397,-0.96837,-4.62881,4,3726147604,5,Real Estate,10.02,2432105853,2458458
2026-08-28,UNIT,2027-12-31,-2.11275,-1.99487,-2.30317,6,3631434114,6,Real Estate,10.02,2432105853,2458458
2026-08-28,UNM,2029-12-31,12.05,13.39484,11.6169,1,13256405700,2,Financial Services,93.05,14730466350,1546243
2026-08-28,UNM,2028-12-31,10.5252,11.53103,10.08682,4,13113831741,5,Financial Services,93.05,14730466350,1546243
2026-08-28,UNM,2027-12-31,9.45081,9.93238,8.83881,8,12361079057,4,Financial Services,93.05,14730466350,1546243
2026-08-28,UNM,2026-12-31,8.666,8.73621,8.62588,8,11811692052,4,Financial Services,93.05,14730466350,1546243
2026-08-28,UNP,2030-12-31,20.24,20.82755,19.54998,2,38956333333,6,Industrials,307.41,182624748840,1717024
2026-08-28,UNP,2029-12-31,18.30225,18.83355,17.6783,3,35210823272,10,Industrials,307.41,182624748840,1717024
2026-08-28,UNP,2028-12-31,15.68942,16.22486,15.01254,6,30542381922,12,Industrials,307.41,182624748840,1717024
2026-08-28,UNP,2027-12-31,14.17034,14.49703,13.59863,16,27955844126,16,Industrials,307.41,182624748840,1717024
2026-08-28,UPBD,2030-12-31,6.16,6.24266,6.03859,1,5487400000,1,Technology,19.22,1120404914,732237
2026-08-28,UPBD,2029-12-31,5.65,5.72581,5.53864,1,5290800000,1,Technology,19.22,1120404914,732237
2026-08-28,UPBD,2028-12-31,5.12,5.2,5.04,2,5201377000,2,Technology,19.22,1120404914,732237
2026-08-28,UPBD,2027-12-31,4.58286,4.6529,4.50281,5,4937143000,5,Technology,19.22,1120404914,732237
2026-08-28,UPS,2030-12-31,12.08,12.47279,11.5278,4,108750000000,6,Industrials,105.32,89469568123,2338161
2026-08-28,UPS,2029-12-31,10.17215,10.5029,9.70716,2,102346500000,11,Industrials,105.32,89469568123,2338161
2026-08-28,UPS,2028-12-31,8.66763,9.4931,7.17141,7,98235563633,13,Industrials,105.32,89469568123,2338161
2026-08-28,UPS,2027-12-31,8.0294,8.41175,7.16408,19,94996560956,19,Industrials,105.32,89469568123,2338161
2026-08-28,UPST,2029-12-31,5.11491,5.41373,4.78496,1,3435435776,2,Financial Services,29.08,2783293328,4713223
2026-08-28,UPST,2028-12-31,2.94759,3.40241,2.68938,3,2394472644,5,Financial Services,29.08,2783293328,4713223
2026-08-28,UPST,2027-12-31,1.81894,2.01543,1.69543,7,1859093587,10,Financial Services,29.08,2783293328,4713223
2026-08-28,UPST,2026-12-31,0.69085,0.74109,0.62176,7,1419057053,10,Financial Services,29.08,2783293328,4713223
2026-08-28,URBN,2029-01-31,7.46031,7.92175,7.127,3,7592167869,7,Consumer Cyclical,81.09,6944150259,1659716
2026-08-28,URBN,2028-01-31,6.78376,7.14556,6.47221,6,7160023847,10,Consumer Cyclical,81.09,6944150259,1659716
2026-08-28,URBN,2027-01-31,6.18309,6.41508,5.98136,6,6710133117,10,Consumer Cyclical,81.09,6944150259,1659716
2026-08-28,URBN,2026-01-31,5.27354,5.33381,5.21327,7,6154258851,8,Consumer Cyclical,81.09,6944150259,1659716
2026-08-28,URGN,2030-12-31,8.7675,11.15979,7.4909,1,1004920500,3,Healthcare,43.62,2125240598,580048
2026-08-28,URGN,2029-12-31,6.764,8.60962,5.77912,1,831958600,4,Healthcare,43.62,2125240598,580048
2026-08-28,URGN,2028-12-31,4.965,7.84291,3.46916,5,681041500,6,Healthcare,43.62,2125240598,580048
2026-08-28,URGN,2027-12-31,2.51429,4.78363,0.75645,6,541487250,6,Healthcare,43.62,2125240598,580048
2026-08-28,URI,2029-12-31,0,0,0,3,21274795321,5,Industrials,1030.25,64125335625,547121
2026-08-28,URI,2028-12-31,65.07538,71.21488,58.38366,9,20965299133,11,Industrials,1030.25,64125335625,547121
2026-08-28,URI,2027-12-31,57.1757,63.89803,54.43545,15,19271200355,16,Industrials,1030.25,64125335625,547121
2026-08-28,URI,2026-12-31,49.42599,51.73695,47.04377,15,17733079050,15,Industrials,1030.25,64125335625,547121
2026-08-28,USAR,2030-12-31,2.09333,2.88777,1.53535,1,3077260000,2,Basic Materials,17.99,2386167712,12895980
2026-08-28,USAR,2029-12-31,0.93,1.28295,0.68211,1,2344577333,2,Basic Materials,17.99,2386167712,12895980
2026-08-28,USAR,2028-12-31,0.44833,0.76394,0.00647408,4,1624223400,4,Basic Materials,17.99,2386167712,12895980
2026-08-28,USAR,2027-12-31,-0.091429,-0.042198,-0.15473,3,588310333,4,Basic Materials,17.99,2386167712,12895980
2026-08-28,USB,2028-12-31,6.43151,6.75872,5.79896,8,34907056742,7,Financial Services,62.47,97311501048,6255985
2026-08-28,USB,2027-12-31,5.82234,5.97396,5.44834,16,33019798906,10,Financial Services,62.47,97311501048,6255985
2026-08-28,USB,2026-12-31,5.21998,5.32998,4.94998,16,30962493669,8,Financial Services,62.47,97311501048,6255985
2026-08-28,USB,2025-12-31,4.54915,4.58914,4.51916,13,28598063400,8,Financial Services,62.47,97311501048,6255985
2026-08-28,USFD,2030-12-27,8.48,8.6534,8.35947,1,50030500000,10,Consumer Defensive,107.27,23623213940,1342307
2026-08-28,USFD,2029-12-27,7.64585,7.80219,7.53718,1,47443833333,7,Consumer Defensive,107.27,23623213940,1342307
2026-08-28,USFD,2028-12-27,6.52097,7.09502,6.03077,5,45538655614,13,Consumer Defensive,107.27,23623213940,1342307
2026-08-28,USFD,2027-12-27,5.55629,5.70978,5.12652,10,43224699344,12,Consumer Defensive,107.27,23623213940,1342307
2026-08-28,UTI,2029-09-30,1.71,1.71977,1.69461,1,1187213000,1,Consumer Defensive,21.31,1173358029,1723535
2026-08-28,UTI,2028-09-30,1.26667,1.3672,1.16614,2,1078764667,2,Consumer Defensive,21.31,1173358029,1723535
2026-08-28,UTI,2027-09-30,0.74286,0.77339,0.70216,5,972436714,5,Consumer Defensive,21.31,1173358029,1723535
2026-08-28,UTI,2026-09-30,0.60429,0.6241,0.58448,5,896122000,5,Consumer Defensive,21.31,1173358029,1723535
2026-08-28,UTZ,2028-12-28,0.88051,0.8863,0.87162,1,1533023395,4,Consumer Defensive,14.2,1258307440,905926
2026-08-28,UTZ,2027-12-28,0.83438,0.86349,0.79557,4,1508260826,6,Consumer Defensive,14.2,1258307440,905926
2026-08-28,UTZ,2026-12-28,0.77645,0.78155,0.76674,4,1494039422,4,Consumer Defensive,14.2,1258307440,905926
2026-08-28,UTZ,2025-12-28,0.80918,0.8145,0.79919,6,1439939199,5,Consumer Defensive,14.2,1258307440,905926
2026-08-28,UUUU,2030-12-31,1.5225,1.94012,1.21921,1,1125966667,2,Energy,14.67,3666313784,6859130
2026-08-28,UUUU,2029-12-31,0.896,1.14177,0.71751,1,662550000,1,Energy,14.67,3666313784,6859130
2026-08-28,UUUU,2028-12-31,0.40833,0.52034,0.32699,1,407937800,1,Energy,14.67,3666313784,6859130
2026-08-28,UUUU,2027-12-31,0.15125,0.85708,-0.605,2,250696000,3,Energy,14.67,3666313784,6859130
2026-08-28,V,2030-09-30,19.16,19.52551,18.61237,6,65961800000,12,Financial Services,381.6,712465215718,4625359
2026-08-28,V,2029-09-30,19.60018,19.97409,19.03997,6,63132674999,12,Financial Services,381.6,712465215718,4625359
2026-08-28,V,2028-09-30,17.06157,18.01884,16.22777,14,56153552305,24,Financial Services,381.6,712465215718,4625359
2026-08-28,V,2027-09-30,15.0224,15.24302,14.65135,25,50819965192,26,Financial Services,381.6,712465215718,4625359
2026-08-28,VAL,2028-12-31,8.04216,8.15074,7.93242,1,2527698204,1,Energy,86.29,5975736096,649960
2026-08-28,VAL,2027-12-31,6.99919,7.09369,6.90368,5,2469208871,5,Energy,86.29,5975736096,649960
2026-08-28,VAL,2026-12-31,2.90347,2.94267,2.86385,3,2155533164,2,Energy,86.29,5975736096,649960
2026-08-28,VAL,2025-12-31,4.82977,4.89498,4.76387,3,2325615335,4,Energy,86.29,5975736096,649960
2026-08-28,VALE,2030-12-31,2.57744,2.6611,2.46817,5,45946143488,6,Basic Materials,15.03,64095946035,36621049
2026-08-28,VALE,2029-12-31,2.16128,2.23143,2.06966,5,44628997083,10,Basic Materials,15.03,64095946035,36621049
2026-08-28,VALE,2028-12-31,1.86568,1.92624,1.78659,6,42315494328,5,Basic Materials,15.03,64095946035,36621049
2026-08-28,VALE,2027-12-31,1.86299,2.09365,1.57023,8,41309759597,12,Basic Materials,15.03,64095946035,36621049
2026-08-28,VCTR,2028-12-31,9.315,9.60183,8.99834,2,1821512847,2,Financial Services,118.31,7398055151,534974
2026-08-28,VCTR,2027-12-31,8.58286,8.93669,8.21892,4,1734245377,5,Financial Services,118.31,7398055151,534974
2026-08-28,VCTR,2026-12-31,7.94914,8.07945,7.67849,4,1636076550,4,Financial Services,118.31,7398055151,534974
2026-08-28,VCTR,2025-12-31,6.23514,6.2851,6.16519,6,1304368418,5,Financial Services,118.31,7398055151,534974
2026-08-28,VCYT,2030-12-31,2.38,2.44736,2.31264,1,945732275,6,Healthcare,43.34,3458211284,1684022
2026-08-28,VCYT,2029-12-31,2.18,2.2417,2.1183,1,844757325,6,Healthcare,43.34,3458211284,1684022
2026-08-28,VCYT,2028-12-31,2.06654,2.52754,1.52606,5,728961688,8,Healthcare,43.34,3458211284,1684022
2026-08-28,VCYT,2027-12-31,1.95091,1.98062,1.9212,7,659223362,9,Healthcare,43.34,3458211284,1684022
2026-08-28,VEEV,2031-01-31,14.49,14.92139,14.1794,3,5701906333,8,Technology,276.69,44946434187,3638382
2026-08-28,VEEV,2030-01-31,12.7,13.0781,12.42777,3,5078901333,8,Technology,276.69,44946434187,3638382
2026-08-28,VEEV,2029-01-31,11.33404,12.23227,9.97981,7,4593167899,17,Technology,276.69,44946434187,3638382
2026-08-28,VEEV,2028-01-31,10.02781,10.41349,9.38838,16,4083910181,21,Technology,276.69,44946434187,3638382
2026-08-28,VELO,2030-12-31,0,0,0,0,127000000,1,Industrials,11.87,353737870,1059967
2026-08-28,VELO,2029-12-31,0,0,0,0,111000000,1,Industrials,11.87,353737870,1059967
2026-08-28,VELO,2028-12-31,-0.38,-0.35551,-0.40337,1,122299000,1,Industrials,11.87,353737870,1059967
2026-08-28,VELO,2027-12-31,-0.6725,-0.62917,-0.71386,2,92082000,4,Industrials,11.87,353737870,1059967
2026-08-28,VERA,2030-12-31,6.02714,10.63043,1.97613,3,1464192000,5,Healthcare,34.19,2454257351,1256413
2026-08-28,VERA,2029-12-31,3.02143,5.32908,0.99064,3,1054981857,5,Healthcare,34.19,2454257351,1256413
2026-08-28,VERA,2028-12-31,-0.39966,4.10698,-3.13802,9,610636240,10,Healthcare,34.19,2454257351,1256413
2026-08-28,VERA,2027-12-31,-4.28058,-2.2303,-5.08069,8,234896368,8,Healthcare,34.19,2454257351,1256413
2026-08-28,VERX,2028-12-31,1.22951,1.3919,1.06712,2,1019673747,9,Technology,14.225,2307550879,906887
2026-08-28,VERX,2027-12-31,1.01627,1.10683,0.93577,8,914059888,12,Technology,14.225,2307550879,906887
2026-08-28,VERX,2026-12-31,0.81978,0.93975,0.70981,8,827138224,12,Technology,14.225,2307550879,906887
2026-08-28,VERX,2025-12-31,0.63855,0.67909,0.61828,10,748099174,10,Technology,14.225,2307550879,906887
2026-08-28,VET,2029-12-31,0,0,0,0,1653380000,1,Energy,12.46,1903888000,963695
2026-08-28,VET,2028-12-31,0.17097,0.17589,0.16775,1,1689480000,1,Energy,12.46,1903888000,963695
2026-08-28,VET,2027-12-31,0.98871,1.01716,0.97008,1,1543636000,2,Energy,12.46,1903888000,963695
2026-08-28,VET,2026-12-31,0.43026,0.44264,0.42215,1,1478896666,1,Energy,12.46,1903888000,963695
2026-08-28,VFC,2030-03-28,1.76,1.82523,1.67094,2,10822000000,7,Consumer Cyclical,13.67,5374149572,4422269
2026-08-28,VFC,2029-03-28,1.58284,2.06657,0.88707,4,10013205216,8,Consumer Cyclical,13.67,5374149572,4422269
2026-08-28,VFC,2028-03-28,1.35108,1.64694,1.09467,13,9794423891,16,Consumer Cyclical,13.67,5374149572,4422269
2026-08-28,VFC,2027-03-28,1.08834,1.14937,0.98663,12,9499675536,16,Consumer Cyclical,13.67,5374149572,4422269
2026-08-28,VG,2030-12-31,1.17,1.37011,0.94785,3,25793000000,5,Energy,14.18,34625424988,6154590
2026-08-28,VG,2029-12-31,1.73425,2.03086,1.40496,3,25597333333,5,Energy,14.18,34625424988,6154590
2026-08-28,VG,2028-12-31,1.26534,1.75896,0.76445,9,20399669699,10,Energy,14.18,34625424988,6154590
2026-08-28,VG,2027-12-31,0.79003,1.3192,0.43973,10,16018719825,9,Energy,14.18,34625424988,6154590
2026-08-28,VIAV,2029-06-27,2.50885,2.63756,2.40307,1,2499305769,1,Technology,36.54,9013893541,2492331
2026-08-28,VIAV,2028-06-27,1.95072,2.07864,1.8228,4,2140352254,5,Technology,36.54,9013893541,2492331
2026-08-28,VIAV,2027-06-27,1.64374,1.81677,1.35176,5,1886717611,6,Technology,36.54,9013893541,2492331
2026-08-28,VIAV,2026-06-27,0.93712,0.95727,0.92704,5,1507817400,6,Technology,36.54,9013893541,2492331
2026-08-28,VICI,2029-12-31,0,0,0,0,4642000000,4,Real Estate,25.87,28484876167,4362855
2026-08-28,VICI,2028-12-31,3.05423,3.08699,3.02148,2,4468095565,6,Real Estate,25.87,28484876167,4362855
2026-08-28,VICI,2027-12-31,2.96573,3.04877,2.69288,5,4343924135,10,Real Estate,25.87,28484876167,4362855
2026-08-28,VICI,2026-12-31,2.8084,2.83123,2.79698,4,4192557412,9,Real Estate,25.87,28484876167,4362855
2026-08-28,VICR,2028-12-31,7.915,8.14537,7.45425,3,1146700000,4,Technology,187.75,8511381147,672467
2026-08-28,VICR,2027-12-31,5.952,6.46753,5.4271,2,938660000,3,Technology,187.75,8511381147,672467
2026-08-28,VICR,2026-12-31,3.436,3.61221,3.25979,2,603140000,3,Technology,187.75,8511381147,672467
2026-08-28,VICR,2025-12-31,2.162,2.22752,2.08557,2,453184250,2,Technology,187.75,8511381147,672467
2026-08-28,VIK,2030-12-31,7.61,7.84281,7.40282,4,13023000000,5,Consumer Cyclical,88.5,39314263845,3061654
2026-08-28,VIK,2029-12-31,6.38613,6.5815,6.21227,4,11189054324,5,Consumer Cyclical,88.5,39314263845,3061654
2026-08-28,VIK,2028-12-31,5.35818,5.5221,5.21231,5,10103171154,4,Consumer Cyclical,88.5,39314263845,3061654
2026-08-28,VIK,2027-12-31,4.40133,4.57177,4.15068,10,8937663806,11,Consumer Cyclical,88.5,39314263845,3061654
2026-08-28,VIPS,2029-12-31,0,0,0,3,115137505704,8,Consumer Cyclical,13.5,6642569309,3307433
2026-08-28,VIPS,2028-12-31,18.44942,20.59612,13.9426,9,108924658251,14,Consumer Cyclical,13.5,6642569309,3307433
2026-08-28,VIPS,2027-12-31,17.80115,18.77465,15.99322,10,106989903175,14,Consumer Cyclical,13.5,6642569309,3307433
2026-08-28,VIPS,2026-12-31,15.80344,16.53283,15.31718,7,105168768063,13,Consumer Cyclical,13.5,6642569309,3307433
2026-08-28,VIR,2030-12-31,-1.0004,-0.65954,-1.51688,1,352082500,5,Healthcare,10.83,1826500878,1835150
2026-08-28,VIR,2029-12-31,-1.5654,-1.03203,-2.37358,1,239574000,3,Healthcare,10.83,1826500878,1835150
2026-08-28,VIR,2028-12-31,-2.04449,-1.37953,-2.63005,5,132964103,7,Healthcare,10.83,1826500878,1835150
2026-08-28,VIR,2027-12-31,-2.48416,-2.25573,-2.86487,6,93981285,6,Healthcare,10.83,1826500878,1835150
2026-08-28,VIRT,2028-12-31,6.81717,7.33034,6.19193,1,2581126406,3,Financial Services,66.39,14133723415,962332
2026-08-28,VIRT,2027-12-31,6.93297,9.18902,5.54226,5,2742988722,5,Financial Services,66.39,14133723415,962332
2026-08-28,VIRT,2026-12-31,7.16675,7.54181,6.85251,3,2733772930,3,Financial Services,66.39,14133723415,962332
2026-08-28,VIRT,2025-12-31,5.19994,5.36212,5.02762,6,2047194382,5,Financial Services,66.39,14133723415,962332
2026-08-28,VIST,2030-12-31,9.94,10.53806,9.23547,1,4922500000,3,Energy,70.14,7313506006,558432
2026-08-28,VIST,2029-12-31,9.255,9.81184,8.59902,1,4623500000,4,Energy,70.14,7313506006,558432
2026-08-28,VIST,2028-12-31,10.73601,11.38196,9.97506,2,4692844462,2,Energy,70.14,7313506006,558432
2026-08-28,VIST,2027-12-31,9.23296,10.41392,7.2179,5,4226825634,6,Energy,70.14,7313506006,558432
2026-08-28,VITL,2028-12-28,0.7,0.95,0.45,2,981019050,2,Consumer Defensive,10.79,462335315,1171827
2026-08-28,VITL,2027-12-28,0.315,0.4725,0.05625,5,824789390,7,Consumer Defensive,10.79,462335315,1171827
2026-08-28,VITL,2026-12-28,-0.495,-0.28875,-0.64969,4,771189720,7,Consumer Defensive,10.79,462335315,1171827
2026-08-28,VITL,2025-12-28,1.46415,1.47411,1.44423,7,760366525,7,Consumer Defensive,10.79,462335315,1171827
2026-08-28,VIV,2030-12-31,0,0,0,1,66149120000,4,Communication Services,11.39,18229090134,1692768
2026-08-28,VIV,2029-12-31,11.1889,11.42221,10.82508,1,79471730745,4,Communication Services,11.39,18229090134,1692768
2026-08-28,VIV,2028-12-31,7.21349,7.36391,6.97893,2,70912523283,3,Communication Services,11.39,18229090134,1692768
2026-08-28,VIV,2027-12-31,6.31725,6.47651,5.94565,4,67549281157,9,Communication Services,11.39,18229090134,1692768
2026-08-28,VKTX,2030-12-31,2.28373,2.28373,2.28373,6,1210540264,14,Healthcare,32.16,3751558325,2374486
2026-08-28,VKTX,2029-12-31,-1.42824,-1.42824,-1.42824,9,474402509,14,Healthcare,32.16,3751558325,2374486
2026-08-28,VKTX,2028-12-31,-3.65938,-0.57932,-6.40358,15,173953173,16,Healthcare,32.16,3751558325,2374486
2026-08-28,VKTX,2027-12-31,-4.392,-2.40053,-6.50188,15,7349020,11,Healthcare,32.16,3751558325,2374486
2026-08-28,VLO,2030-12-31,11.38,14.49177,9.05916,1,158469177714,6,Energy,352.36,101454120510,1832339
2026-08-28,VLO,2029-12-31,18.29,23.29126,14.55993,1,150562061649,6,Energy,352.36,101454120510,1832339
2026-08-28,VLO,2028-12-31,22.97851,30.35851,10.61288,5,114020238343,8,Energy,352.36,101454120510,1832339
2026-08-28,VLO,2027-12-31,30.6357,41.32721,24.09266,12,128726088958,10,Energy,352.36,101454120510,1832339
2026-08-28,VLTO,2030-12-31,5.9,6.07503,5.81245,1,7149800000,4,Industrials,98.56,24028272576,1201498
2026-08-28,VLTO,2029-12-31,5.55,5.71465,5.46764,1,6833900000,4,Industrials,98.56,24028272576,1201498
2026-08-28,VLTO,2028-12-31,5.25371,5.29548,5.17115,3,6577686996,9,Industrials,98.56,24028272576,1201498
2026-08-28,VLTO,2027-12-31,4.78145,4.82155,4.71128,9,6225568011,11,Industrials,98.56,24028272576,1201498
2026-08-28,VLY,2028-12-31,1.73834,1.75292,1.72375,2,2663372985,4,Financial Services,13.92,7713503520,5634701
2026-08-28,VLY,2027-12-31,1.54473,1.58512,1.47406,10,2507920489,10,Financial Services,13.92,7713503520,5634701
2026-08-28,VLY,2026-12-31,1.2792,1.29919,1.24922,11,2275482440,10,Financial Services,13.92,7713503520,5634701
2026-08-28,VLY,2025-12-31,0.97022,0.98022,0.94021,9,2011829294,8,Financial Services,13.92,7713503520,5634701
2026-08-28,VMC,2030-12-31,13.44,14.19105,12.88452,2,10686000000,5,Basic Materials,274.51,35570731290,714764
2026-08-28,VMC,2029-12-31,12.33,13.01902,11.82039,3,10060000000,5,Basic Materials,274.51,35570731290,714764
2026-08-28,VMC,2028-12-31,12.63448,13.16841,12.27635,6,9286652432,10,Basic Materials,274.51,35570731290,714764
2026-08-28,VMC,2027-12-31,10.72858,11.28789,10.28113,15,8646338620,16,Basic Materials,274.51,35570731290,714764
2026-08-28,VMET,2030-12-31,0.3445,0.38566,0.29885,1,102300000,2,Basic Materials,10.23,1110878165,508052
2026-08-28,VMET,2029-12-31,0.32,0.35823,0.27759,1,152300000,1,Basic Materials,10.23,1110878165,508052
2026-08-28,VMET,2028-12-31,0.575,0.64369,0.4988,1,175550000,3,Basic Materials,10.23,1110878165,508052
2026-08-28,VMET,2027-12-31,0.348,0.36043,0.33557,2,129199999,2,Basic Materials,10.23,1110878165,508052
2026-08-28,VNO,2030-12-31,0,0,0,0,2214312000,2,Real Estate,38.2,7185343600,651798
2026-08-28,VNO,2029-12-31,0,0,0,0,2137985999,1,Real Estate,38.2,7185343600,651798
2026-08-28,VNO,2028-12-31,0.44952,0.46938,0.43239,1,2218778278,3,Real Estate,38.2,7185343600,651798
2026-08-28,VNO,2027-12-31,0.29723,0.30496,0.28508,4,2006405537,4,Real Estate,38.2,7185343600,651798
2026-08-28,VNOM,2030-12-31,2.9,3.14176,2.64923,5,2478000000,4,Energy,44.18,15905943555,1199728
2026-08-28,VNOM,2029-12-31,2.74,2.96842,2.50307,5,2383000000,4,Energy,44.18,15905943555,1199728
2026-08-28,VNOM,2028-12-31,2.65331,3.83914,1.82054,8,2334420514,9,Energy,44.18,15905943555,1199728
2026-08-28,VNOM,2027-12-31,2.3655,3.23425,1.37115,10,2274367286,9,Energy,44.18,15905943555,1199728
2026-08-28,VNT,2029-12-31,0,0,0,0,3549000000,2,Technology,32.76,4612608000,1002029
2026-08-28,VNT,2028-12-31,4.14129,4.2423,4.04028,2,3211764579,5,Technology,32.76,4612608000,1002029
2026-08-28,VNT,2027-12-31,3.79486,3.87582,3.74426,6,3074879770,6,Technology,32.76,4612608000,1002029
2026-08-28,VNT,2026-12-31,3.48969,3.53003,3.42918,5,3032196325,6,Technology,32.76,4612608000,1002029
2026-08-28,VOD,2030-03-31,1.69632,1.76387,1.64118,1,47903279916,6,Communication Services,16.04,36937637794,2059497
2026-08-28,VOD,2029-03-31,1.36216,1.46341,1.2699,4,46984338523,11,Communication Services,16.04,36937637794,2059497
2026-08-28,VOD,2028-03-31,1.21189,1.51711,0.61043,3,45903913300,8,Communication Services,16.04,36937637794,2059497
2026-08-28,VOD,2027-03-31,1.00619,1.43036,0.45377,3,44381599739,8,Communication Services,16.04,36937637794,2059497
2026-08-28,VOYA,2029-12-31,12.6,12.76357,12.43092,1,8598000000,2,Financial Services,102.55,9297830603,1071465
2026-08-28,VOYA,2028-12-31,12.83867,13.82599,11.86716,5,7202283567,4,Financial Services,102.55,9297830603,1071465
2026-08-28,VOYA,2027-12-31,11.43141,12.03306,11.18072,8,8149390056,4,Financial Services,102.55,9297830603,1071465
2026-08-28,VOYA,2026-12-31,9.14192,9.389,8.92449,7,7777315215,3,Financial Services,102.55,9297830603,1071465
2026-08-28,VOYG,2030-12-31,4.45333,5.27375,3.24664,1,2184500000,5,Industrials,34.29,2077094599,695394
2026-08-28,VOYG,2029-12-31,0.03185,0.03771759,0.02321984,1,1384600000,3,Industrials,34.29,2077094599,695394
2026-08-28,VOYG,2028-12-31,-0.52783,-0.1244,-0.92273,4,955561888,7,Industrials,34.29,2077094599,695394
2026-08-28,VOYG,2027-12-31,-1.51215,-0.68327,-2.25142,5,505855518,6,Industrials,34.29,2077094599,695394
2026-08-28,VRDN,2030-12-31,2.81667,7.16593,1.25202,4,1155513556,5,Healthcare,23.08,2614779360,778881
2026-08-28,VRDN,2029-12-31,1.33333,3.39215,0.59267,4,874205333,5,Healthcare,23.08,2614779360,778881
2026-08-28,VRDN,2028-12-31,-0.33273,5.20561,-4.10442,10,596805128,11,Healthcare,23.08,2614779360,778881
2026-08-28,VRDN,2027-12-31,-2.59162,-1.59977,-3.57281,10,231553701,10,Healthcare,23.08,2614779360,778881
2026-08-28,VREX,2030-10-03,2.5,2.51766,2.48555,1,1146000000,1,Healthcare,18.5,778850000,719984
2026-08-28,VREX,2029-10-03,1.9,1.91342,1.88902,1,1042000000,1,Healthcare,18.5,778850000,719984
2026-08-28,VREX,2028-10-03,1.3,1.30918,1.29249,1,945500000,1,Healthcare,18.5,778850000,719984
2026-08-28,VREX,2027-10-03,1.094,1.16817,1.01983,3,900920000,4,Healthcare,18.5,778850000,719984
2026-08-28,VRNS,2028-12-31,0.69641,1.22162,0.47098,4,1028124646,10,Technology,43.92,5044672501,1508640
2026-08-28,VRNS,2027-12-31,0.41301,0.80725,0.23466,14,875783803,18,Technology,43.92,5044672501,1508640
2026-08-28,VRNS,2026-12-31,0.14805,0.15862,0.1269,13,737439838,17,Technology,43.92,5044672501,1508640
2026-08-28,VRNS,2025-12-31,0.12705,0.13229,0.11728,14,618782630,14,Technology,43.92,5044672501,1508640
2026-08-28,VRSK,2030-12-31,12.08584,12.21574,11.94293,4,4222856415,5,Technology,191.77,24960019764,942285
2026-08-28,VRSK,2029-12-31,10.87752,10.99444,10.74889,2,3927095263,5,Technology,191.77,24960019764,942285
2026-08-28,VRSK,2028-12-31,9.75693,9.99163,9.37756,7,3669769379,11,Technology,191.77,24960019764,942285
2026-08-28,VRSK,2027-12-31,8.68916,8.96849,8.42978,13,3436264042,13,Technology,191.77,24960019764,942285
2026-08-28,VRSN,2028-12-31,12.60552,12.85999,12.47419,3,2084468811,4,Technology,291.93,26390472000,698768
2026-08-28,VRSN,2027-12-31,11.08916,11.22376,10.91314,3,1922770820,4,Technology,291.93,26390472000,698768
2026-08-28,VRSN,2026-12-31,9.78983,9.83079,9.75911,3,1752773116,4,Technology,291.93,26390472000,698768
2026-08-28,VRSN,2025-12-31,9.11413,9.20404,8.98344,2,1655582926,2,Technology,291.93,26390472000,698768
2026-08-28,VRT,2030-12-31,16.65,18.54725,15.64612,4,29111860200,10,Industrials,257.08,98972715040,3834647
2026-08-28,VRT,2029-12-31,14.52889,16.18445,13.6529,4,26481402931,10,Industrials,257.08,98972715040,3834647
2026-08-28,VRT,2028-12-31,11.65249,12.82002,10.47375,10,22158186182,20,Industrials,257.08,98972715040,3834647
2026-08-28,VRT,2027-12-31,9.16831,9.87039,8.54883,16,18175120765,21,Industrials,257.08,98972715040,3834647
2026-08-28,VRTX,2030-12-31,34.09787,37.12023,31.73222,4,20190873208,6,Healthcare,541.69,137483630450,886790
2026-08-28,VRTX,2029-12-31,30.21324,32.89128,28.1171,2,18437044783,11,Healthcare,541.69,137483630450,886790
2026-08-28,VRTX,2028-12-31,25.49108,32.69819,19.57006,7,16374606256,13,Healthcare,541.69,137483630450,886790
2026-08-28,VRTX,2027-12-31,21.40354,23.01968,18.69961,11,14579946180,12,Healthcare,541.69,137483630450,886790
2026-08-28,VSAT,2030-03-31,-1.08,-1.03068,-1.13711,1,5905200000,2,Technology,67.37,9280587361,1844628
2026-08-28,VSAT,2029-03-31,-0.68955,0.58818,-1.62753,3,5426577251,5,Technology,67.37,9280587361,1844628
2026-08-28,VSAT,2028-03-31,-1.44115,1.63993,-3.08108,4,5072903401,9,Technology,67.37,9280587361,1844628
2026-08-28,VSAT,2027-03-31,-1.42,0.1775,-2.70687,4,4850511836,9,Technology,67.37,9280587361,1844628
2026-08-28,VSH,2028-12-31,2.735,3.3619,2.10809,2,4784000000,2,Technology,30.56,4317539903,2983781
2026-08-28,VSH,2027-12-31,1.78167,1.88965,1.51172,4,4294324459,3,Technology,30.56,4317539903,2983781
2026-08-28,VSH,2026-12-31,0.84833,0.92724,0.78914,4,3708488584,3,Technology,30.56,4317539903,2983781
2026-08-28,VSH,2025-12-31,-0.03178825,-0.02750025,-0.03607625,2,3061356856,1,Technology,30.56,4317539903,2983781
2026-08-28,VSNT,2030-12-31,12.44055,12.81632,12.10944,1,6117828020,3,Communication Services,41.02,5804248657,1439587
2026-08-28,VSNT,2029-12-31,10.4326,10.74772,10.15493,1,6074374468,4,Communication Services,41.02,5804248657,1439587
2026-08-28,VSNT,2028-12-31,7.46473,11.40746,2.61863,5,6038511409,6,Communication Services,41.02,5804248657,1439587
2026-08-28,VSNT,2027-12-31,6.66667,10.68588,4.01921,5,6165785500,5,Communication Services,41.02,5804248657,1439587
2026-08-28,VST,2030-12-31,16.1335,20.59496,12.28215,5,25917810035,6,Utilities,137.09,46224344538,3049673
2026-08-28,VST,2029-12-31,14.26335,18.20765,10.85844,5,25276679311,6,Utilities,137.09,46224344538,3049673
2026-08-28,VST,2028-12-31,12.05035,13.68919,11.27709,8,25725467082,8,Utilities,137.09,46224344538,3049673
2026-08-28,VST,2027-12-31,10.21577,12.29784,8.5326,9,24562646788,8,Utilities,137.09,46224344538,3049673
2026-08-28,VSTS,2029-10-03,1.04868,1.05511,1.04198,1,2818075755,2,Industrials,12.48,1648671423,1144601
2026-08-28,VSTS,2028-10-03,0.96487,1.00425,0.92549,2,2781679240,5,Industrials,12.48,1648671423,1144601
2026-08-28,VSTS,2027-10-03,0.77696,0.89649,0.65743,4,2696469439,5,Industrials,12.48,1648671423,1144601
2026-08-28,VSTS,2026-10-03,0.61206,0.6318,0.58244,4,2649756684,5,Industrials,12.48,1648671423,1144601
2026-08-28,VSXY,2030-01-31,6.6,6.71353,6.44943,1,7968700000,2,Consumer Cyclical,87.85,6983345845,1342579
2026-08-28,VSXY,2029-01-31,6.27926,6.38727,6.13601,1,7787877491,5,Consumer Cyclical,87.85,6983345845,1342579
2026-08-28,VSXY,2028-01-31,5.58929,5.93681,5.11628,6,7465935068,7,Consumer Cyclical,87.85,6983345845,1342579
2026-08-28,VSXY,2027-01-31,4.66185,4.78088,4.56266,6,7139901584,7,Consumer Cyclical,87.85,6983345845,1342579
2026-08-28,VTR,2029-12-31,1.94,1.99176,1.86087,3,9119050000,2,Real Estate,91.8,44630406000,1916830
2026-08-28,VTR,2028-12-31,1.27862,1.44163,0.87492,6,8425572571,4,Real Estate,91.8,44630406000,1916830
2026-08-28,VTR,2027-12-31,0.95166,0.99178,0.91377,6,7630342106,4,Real Estate,91.8,44630406000,1916830
2026-08-28,VTR,2026-12-31,0.5895,0.59405,0.58647,5,6923626281,4,Real Estate,91.8,44630406000,1916830
2026-08-28,VTRS,2029-12-31,0,0,0,0,14971000000,2,Healthcare,16.34,19028790366,6217364
2026-08-28,VTRS,2028-12-31,2.90447,3.98057,1.82842,2,15482120857,5,Healthcare,16.34,19028790366,6217364
2026-08-28,VTRS,2027-12-31,2.67512,2.76563,2.61478,5,15032433846,6,Healthcare,16.34,19028790366,6217364
2026-08-28,VTRS,2026-12-31,2.49972,2.52984,2.4696,5,14782646912,6,Healthcare,16.34,19028790366,6217364
2026-08-28,VVV,2030-09-30,2.9571,3.0318,2.87111,1,2937692300,5,Consumer Cyclical,32.11,4095180960,1329529
2026-08-28,VVV,2029-09-30,2.6229,2.68916,2.54662,1,2722599200,3,Consumer Cyclical,32.11,4095180960,1329529
2026-08-28,VVV,2028-09-30,2.46757,2.47732,2.45782,2,2545902701,7,Consumer Cyclical,32.11,4095180960,1329529
2026-08-28,VVV,2027-09-30,1.9883,2.12343,1.78561,9,2319648390,11,Consumer Cyclical,32.11,4095180960,1329529
2026-08-28,VZ,2030-12-31,6.345,6.53623,6.18647,5,150003410220,7,Communication Services,50.1,209195556000,15789014
2026-08-28,VZ,2029-12-31,5.93,6.10873,5.78184,5,147879750000,10,Communication Services,50.1,209195556000,15789014
2026-08-28,VZ,2028-12-31,5.62646,6.00185,5.21472,8,144725072563,15,Communication Services,50.1,209195556000,15789014
2026-08-28,VZ,2027-12-31,5.24529,5.46343,5.09656,15,143336969604,18,Communication Services,50.1,209195556000,15789014
2026-08-28,W,2030-12-31,7.59667,7.85264,7.36372,5,17688471429,8,Consumer Cyclical,103.76,14211805906,1851616
2026-08-28,W,2029-12-31,6.63833,6.86201,6.43476,10,16704685714,13,Consumer Cyclical,103.76,14211805906,1851616
2026-08-28,W,2028-12-31,5.0807,8.16296,1.9875,13,15491377845,17,Consumer Cyclical,103.76,14211805906,1851616
2026-08-28,W,2027-12-31,3.88951,4.72367,3.10385,19,14382982908,25,Consumer Cyclical,103.76,14211805906,1851616
2026-08-28,WAL,2028-12-31,12.64047,13.86219,11.47074,6,4567421154,5,Financial Services,78.53,8574326321,822891
2026-08-28,WAL,2027-12-31,11.11174,11.55463,10.13737,11,4253840231,8,Financial Services,78.53,8574326321,822891
2026-08-28,WAL,2026-12-31,9.07378,9.9554,8.37046,10,3989652682,8,Financial Services,78.53,8574326321,822891
2026-08-28,WAL,2025-12-31,8.54141,8.69196,8.28045,10,3474312215,6,Financial Services,78.53,8574326321,822891
2026-08-28,WAY,2030-12-31,2.785,3.02498,2.71981,2,1882905500,6,Healthcare,26.24,5031478436,1988649
2026-08-28,WAY,2029-12-31,2.46,2.67197,2.40242,3,1713009333,10,Healthcare,26.24,5031478436,1988649
2026-08-28,WAY,2028-12-31,2.17288,2.90932,1.82209,6,1590272578,12,Healthcare,26.24,5031478436,1988649
2026-08-28,WAY,2027-12-31,1.87794,1.93819,1.78756,14,1423477087,17,Healthcare,26.24,5031478436,1988649
2026-08-28,WBD,2030-12-31,0.28405,0.29783,0.27036,2,38957806113,7,Communication Services,28.77,72130322917,10004334
2026-08-28,WBD,2029-12-31,0.2139,0.22427,0.20359,3,37913091777,10,Communication Services,28.77,72130322917,10004334
2026-08-28,WBD,2028-12-31,0.058544,0.10578,0.02437302,6,37827095640,15,Communication Services,28.77,72130322917,10004334
2026-08-28,WBD,2027-12-31,0.013868,0.03018329,-0.00897341,11,37236113702,16,Communication Services,28.77,72130322917,10004334
2026-08-28,WBS,2028-12-31,7.38491,8.0495,6.72031,2,3359557900,2,Financial Services,77.57,12568899810,91306424
2026-08-28,WBS,2027-12-31,7.11174,7.32636,6.64348,9,3183234456,6,Financial Services,77.57,12568899810,91306424
2026-08-28,WBS,2026-12-31,6.49417,6.63213,6.37592,6,3024481649,5,Financial Services,77.57,12568899810,91306424
2026-08-28,WBS,2025-12-31,5.87911,5.9191,5.83912,13,2895643238,8,Financial Services,77.57,12568899810,91306424
2026-08-28,WBTN,2028-12-31,0.15681,0.53214,-0.18946,4,1703938386,5,Communication Services,10.24,1384803635,601316
2026-08-28,WBTN,2027-12-31,0.01,0.01342857,0.00771429,3,1533172254,6,Communication Services,10.24,1384803635,601316
2026-08-28,WBTN,2026-12-31,-0.278,-0.24325,-0.31275,3,1375555420,5,Communication Services,10.24,1384803635,601316
2026-08-28,WBTN,2025-12-31,-0.44801,-0.41068,-0.48534,2,1393671543,6,Communication Services,10.24,1384803635,601316
2026-08-28,WCC,2029-12-31,26.5,27.1511,25.97898,1,30510000000,4,Industrials,336.42,16394706743,500551
2026-08-28,WCC,2028-12-31,23.67167,25.32239,23.06594,5,29291380000,6,Industrials,336.42,16394706743,500551
2026-08-28,WCC,2027-12-31,20.02454,20.69305,19.10919,8,27862662444,8,Industrials,336.42,16394706743,500551
2026-08-28,WCC,2026-12-31,16.82876,17.34055,16.22666,8,26190437222,8,Industrials,336.42,16394706743,500551
2026-08-28,WCN,2030-12-31,8.38848,8.51442,8.24596,2,12500791667,7,Industrials,165.93,41822656500,829861
2026-08-28,WCN,2029-12-31,7.68177,7.7971,7.55125,3,11905187183,10,Industrials,165.93,41822656500,829861
2026-08-28,WCN,2028-12-31,6.87073,7.27191,6.66315,6,11285291046,15,Industrials,165.93,41822656500,829861
2026-08-28,WCN,2027-12-31,6.28413,6.48587,6.11265,16,10752353145,20,Industrials,165.93,41822656500,829861
2026-08-28,WD,2029-12-31,6.49,6.62703,6.32745,1,1663700000,1,Financial Services,41.35,1419595120,529501
2026-08-28,WD,2028-12-31,5.675,5.79483,5.53286,1,1601600000,2,Financial Services,41.35,1419595120,529501
2026-08-28,WD,2027-12-31,4.3225,5.04673,3.98707,3,1466566667,3,Financial Services,41.35,1419595120,529501
2026-08-28,WD,2026-12-31,2.5425,2.59618,2.47882,2,1319666667,2,Financial Services,41.35,1419595120,529501
2026-08-28,WDAY,2031-01-31,14.1,14.60997,13.76687,5,15975200000,9,Technology,204.72,53624788145,8655791
2026-08-28,WDAY,2030-01-31,16.61491,17.21584,16.22236,4,14812688155,18,Technology,204.72,53624788145,8655791
2026-08-28,WDAY,2029-01-31,14.7178,19.30071,11.76322,10,13121666541,21,Technology,204.72,53624788145,8655791
2026-08-28,WDAY,2028-01-31,12.6327,13.64052,11.67477,24,11849745242,30,Technology,204.72,53624788145,8655791
2026-08-28,WDC,2030-07-03,65.73,81.01632,53.15921,1,38614000000,5,Technology,459.45,158364144900,4285805
2026-08-28,WDC,2029-07-03,45.0264,47.86023,39.1633,4,31949350431,10,Technology,459.45,158364144900,4285805
2026-08-28,WDC,2028-07-03,32.58131,42.5414,20.58606,10,26546800463,15,Technology,459.45,158364144900,4285805
2026-08-28,WDC,2027-07-03,20.32603,23.84731,15.99292,12,19145819657,16,Technology,459.45,158364144900,4285805
2026-08-28,WEC,2030-12-31,7.55892,7.95595,6.71556,3,12618255354,6,Utilities,106.22,34598615720,1440482
2026-08-28,WEC,2029-12-31,7.01197,7.38027,6.22963,3,12051874826,11,Utilities,106.22,34598615720,1440482
2026-08-28,WEC,2028-12-31,6.48716,6.61162,6.41188,9,11453694729,13,Utilities,106.22,34598615720,1440482
2026-08-28,WEC,2027-12-31,5.99714,6.03705,5.94725,9,10675205390,10,Utilities,106.22,34598615720,1440482
2026-08-28,WELL,2030-12-31,5.8,6.18373,5.31118,2,29988380823,2,Real Estate,237.98,171481727178,2099147
2026-08-28,WELL,2029-12-31,5.44,5.79991,4.98152,3,18794250000,2,Real Estate,237.98,171481727178,2099147
2026-08-28,WELL,2028-12-31,3.94674,4.82988,2.68554,6,18139347225,4,Real Estate,237.98,171481727178,2099147
2026-08-28,WELL,2027-12-31,3.16555,3.31934,3.05875,7,16129656680,6,Real Estate,237.98,171481727178,2099147
2026-08-28,WERN,2028-12-31,3.29134,3.57517,3.11485,5,4131549235,7,Industrials,38.42,2303282842,745812
2026-08-28,WERN,2027-12-31,2.18193,2.89583,1.86017,10,3876607715,10,Industrials,38.42,2303282842,745812
2026-08-28,WERN,2026-12-31,1.14453,1.2762,1.01286,10,3613692013,10,Industrials,38.42,2303282842,745812
2026-08-28,WERN,2025-12-31,0.063566,0.0889924,0.0254264,10,2998354208,9,Industrials,38.42,2303282842,745812
2026-08-28,WEX,2028-12-31,23.59025,24.77574,21.60615,5,3036174922,8,Technology,197.32,6724983483,980275
2026-08-28,WEX,2027-12-31,21.22758,22.46374,20.10287,10,2930111720,12,Technology,197.32,6724983483,980275
2026-08-28,WEX,2026-12-31,20.06593,20.2881,19.5711,10,2884488188,12,Technology,197.32,6724983483,980275
2026-08-28,WEX,2025-12-31,15.95031,16.03036,15.86025,11,2648415408,10,Technology,197.32,6724983483,980275
2026-08-28,WFC,2029-12-31,9.94,10.16177,9.76829,3,129240659816,1,Financial Services,86.68,262120320000,11962264
2026-08-28,WFC,2028-12-31,9.16234,9.73009,7.62347,9,97478580336,2,Financial Services,86.68,262120320000,11962264
2026-08-28,WFC,2027-12-31,7.97658,8.39905,7.46358,17,92823485415,9,Financial Services,86.68,262120320000,11962264
2026-08-28,WFC,2026-12-31,7.28927,7.47024,6.92732,15,88878907807,9,Financial Services,86.68,262120320000,11962264
2026-08-28,WFRD,2028-12-31,8.47827,9.27534,7.85145,5,5415054576,6,Energy,93.79,6723377699,970659
2026-08-28,WFRD,2027-12-31,7.11729,8.03634,6.48678,6,5136952767,6,Energy,93.79,6723377699,970659
2026-08-28,WFRD,2026-12-31,5.16167,6.62513,4.37061,7,4672091018,8,Energy,93.79,6723377699,970659
2026-08-28,WFRD,2025-12-31,5.56366,5.71567,5.47245,7,4889029181,7,Energy,93.79,6723377699,970659
2026-08-28,WH,2029-12-31,7.43987,7.67168,7.15272,1,1815123723,4,Consumer Cyclical,76.02,5641529494,851232
2026-08-28,WH,2028-12-31,6.06191,6.75238,5.65853,5,1656850681,9,Consumer Cyclical,76.02,5641529494,851232
2026-08-28,WH,2027-12-31,5.32846,5.47538,5.09338,11,1567062739,11,Consumer Cyclical,76.02,5641529494,851232
2026-08-28,WH,2026-12-31,4.78296,4.89234,4.71335,11,1478468919,11,Consumer Cyclical,76.02,5641529494,851232
2026-08-28,WHD,2028-12-31,4.06536,4.20049,3.94707,2,1880452910,2,Energy,69.65,4834991560,1257071
2026-08-28,WHD,2027-12-31,3.5072,3.9558,2.98724,4,1784990268,5,Energy,69.65,4834991560,1257071
2026-08-28,WHD,2026-12-31,2.9809,3.19109,2.73249,4,1699008713,4,Energy,69.65,4834991560,1257071
2026-08-28,WHD,2025-12-31,2.53456,2.62437,2.35495,5,1070833407,4,Energy,69.65,4834991560,1257071
2026-08-28,WHR,2029-12-31,5.9,6.03247,5.8106,1,16632500000,3,Consumer Cyclical,41.15,2667470565,1860000
2026-08-28,WHR,2028-12-31,5.3258,7.27882,3.08317,3,16045656628,7,Consumer Cyclical,41.15,2667470565,1860000
2026-08-28,WHR,2027-12-31,3.65067,4.67842,3.05115,6,15436061235,9,Consumer Cyclical,41.15,2667470565,1860000
2026-08-28,WHR,2026-12-31,1.91599,1.95901,1.88696,4,14908369581,9,Consumer Cyclical,41.15,2667470565,1860000
2026-08-28,WING,2030-12-27,10.81,11.06478,10.43061,2,1296300000,5,Consumer Cyclical,113.58,3094203150,786534
2026-08-28,WING,2029-12-27,7.775,7.95825,7.50213,3,1086837000,10,Consumer Cyclical,113.58,3094203150,786534
2026-08-28,WING,2028-12-27,6.58805,7.48692,5.69469,7,1008388730,11,Consumer Cyclical,113.58,3094203150,786534
2026-08-28,WING,2027-12-27,5.35761,5.68932,5.21688,18,888514192,20,Consumer Cyclical,113.58,3094203150,786534
2026-08-28,WIX,2030-12-31,8.4,8.66442,8.12966,4,3309350000,6,Technology,87.62,4596515935,949572
2026-08-28,WIX,2029-12-31,7.73,7.97333,7.48122,2,3045550000,11,Technology,87.62,4596515935,949572
2026-08-28,WIX,2028-12-31,8.97367,22.22619,-15.22802,7,2789514266,13,Technology,87.62,4596515935,949572
2026-08-28,WIX,2027-12-31,7.2464,9.09455,5.04324,10,2502074502,18,Technology,87.62,4596515935,949572
2026-08-28,WK,2028-12-31,4.93,5.10238,4.75762,2,1382400000,4,Technology,79.15,4307064709,1576240
2026-08-28,WK,2027-12-31,4.04889,4.37119,3.82731,6,1203138045,8,Technology,79.15,4307064709,1576240
2026-08-28,WK,2026-12-31,3.3587,3.44012,3.2671,5,1042028301,8,Technology,79.15,4307064709,1576240
2026-08-28,WK,2025-12-31,1.6362,1.69718,1.5549,8,881184272,8,Technology,79.15,4307064709,1576240
2026-08-28,WKC,2028-12-31,1.58,1.76205,1.43734,1,34021009082,1,Energy,35.45,1813324929,656501
2026-08-28,WKC,2027-12-31,2.56,3,1.98,2,43414960144,2,Energy,35.45,1813324929,656501
2026-08-28,WKC,2026-12-31,3.6,3.7,3.45,2,47182313161,2,Energy,35.45,1813324929,656501
2026-08-28,WKC,2025-12-31,2.08,2.1,2.05,3,37125279075,2,Energy,35.45,1813324929,656501
2026-08-28,WLK,2028-12-31,3.93531,5.10596,2.79232,4,12667171085,11,Basic Materials,75.71,9700188090,731523
2026-08-28,WLK,2027-12-31,3.33557,4.75474,1.37774,9,12115118484,11,Basic Materials,75.71,9700188090,731523
2026-08-28,WLK,2026-12-31,3.08526,4.75222,2.52347,9,11706096842,11,Basic Materials,75.71,9700188090,731523
2026-08-28,WLK,2025-12-31,-2.12937,-1.89047,-2.56563,8,11233642417,10,Basic Materials,75.71,9700188090,731523
2026-08-28,WM,2030-12-31,11.69375,11.89457,11.51714,4,32270186371,8,Industrials,219.66,87801437317,1962194
2026-08-28,WM,2029-12-31,10.94749,11.13549,10.78215,4,31033959046,13,Industrials,219.66,87801437317,1962194
2026-08-28,WM,2028-12-31,9.88022,10.86251,9.3087,10,29060099403,17,Industrials,219.66,87801437317,1962194
2026-08-28,WM,2027-12-31,9.06041,9.49138,8.67955,18,27784874111,20,Industrials,219.66,87801437317,1962194
2026-08-28,WMB,2030-12-31,4.28,4.8698,3.82054,2,14158000000,2,Energy,73.73,90184137711,4693034
2026-08-28,WMB,2029-12-31,3.83,4.35779,3.41884,3,17862000000,1,Energy,73.73,90184137711,4693034
2026-08-28,WMB,2028-12-31,3.04421,3.58593,2.5188,6,16069680310,3,Energy,73.73,90184137711,4693034
2026-08-28,WMB,2027-12-31,2.58717,3.73702,-3.28187,8,14008133106,5,Energy,73.73,90184137711,4693034
2026-08-28,WMG,2030-09-30,2.51,2.58871,2.46309,5,9185000000,7,Communication Services,28.03,14627470020,1346536
2026-08-28,WMG,2029-09-30,1.6926,1.74568,1.66096,8,9011441800,7,Communication Services,28.03,14627470020,1346536
2026-08-28,WMG,2028-09-30,2.06797,2.18944,1.64972,12,8259758501,14,Communication Services,28.03,14627470020,1346536
2026-08-28,WMG,2027-09-30,1.8009,2.03838,1.69205,8,7776423687,12,Communication Services,28.03,14627470020,1346536
2026-08-28,WMS,2029-03-31,8.88135,9.01711,8.74859,1,3986325514,3,Basic Materials,136.99,10499650880,596100
2026-08-28,WMS,2028-03-31,7.43252,7.64175,7.23326,6,3681562765,8,Basic Materials,136.99,10499650880,596100
2026-08-28,WMS,2027-03-31,6.27156,6.44209,6.09156,6,3461513348,8,Basic Materials,136.99,10499650880,596100
2026-08-28,WMS,2026-03-31,6.07829,6.0979,6.04888,5,3025482696,6,Basic Materials,136.99,10499650880,596100
2026-08-28,WMT,2031-01-31,4.22965,4.28495,4.15296,5,890454000000,7,Consumer Defensive,103.09,820398467200,19350259
2026-08-28,WMT,2030-01-31,3.93673,3.9882,3.86535,4,837889740000,8,Consumer Defensive,103.09,820398467200,19350259
2026-08-28,WMT,2029-01-31,3.61129,4.13136,3.44423,10,822823972546,16,Consumer Defensive,103.09,820398467200,19350259
2026-08-28,WMT,2028-01-31,3.22704,3.55674,3.09716,26,785651571351,28,Consumer Defensive,103.09,820398467200,19350259
2026-08-28,WNC,2027-12-31,1.225,1.25122,1.19878,1,2064850000,2,Industrials,13.33,543026503,641415
2026-08-28,WNC,2026-12-31,-2.2,-2.15291,-2.24709,1,1609350000,2,Industrials,13.33,543026503,641415
2026-08-28,WNC,2025-12-31,-1.9679,-1.93793,-1.99787,2,1545546646,2,Industrials,13.33,543026503,641415
2026-08-28,WNC,2024-12-31,1.28338,1.31085,1.25591,1,1944018750,2,Industrials,13.33,543026503,641415
2026-08-28,WOLF,2029-06-28,0,0,0,0,1450000000,1,Technology,25.85,1343478785,1487433
2026-08-28,WOLF,2028-06-28,-5.83,-5.02,-6.64,2,794900000,2,Technology,25.85,1343478785,1487433
2026-08-28,WOLF,2027-06-28,-7.515,-7.48201,-7.54799,1,642800000,1,Technology,25.85,1343478785,1487433
2026-08-28,WOLF,2026-06-28,-12.37,-12.3157,-12.4243,1,757750000,2,Technology,25.85,1343478785,1487433
2026-08-28,WPC,2030-12-31,0,0,0,0,1917375326,1,Real Estate,70.51,16062689127,953878
2026-08-28,WPC,2029-12-31,0,0,0,0,2103156868,1,Real Estate,70.51,16062689127,953878
2026-08-28,WPC,2028-12-31,3.09531,3.18398,3.03275,1,1992173440,2,Real Estate,70.51,16062689127,953878
2026-08-28,WPC,2027-12-31,3.01615,3.02171,2.95519,2,1988257636,4,Real Estate,70.51,16062689127,953878
2026-08-28,WPM,2030-12-31,5.1,5.87029,4.404,1,3904736800,3,Basic Materials,153.33,69630986250,2494985
2026-08-28,WPM,2029-12-31,5.1753,5.95696,4.46903,1,4111960425,4,Basic Materials,153.33,69630986250,2494985
2026-08-28,WPM,2028-12-31,5.55727,6.11876,5.16672,4,4322552907,6,Basic Materials,153.33,69630986250,2494985
2026-08-28,WPM,2027-12-31,5.11526,6.6711,3.67135,9,4052870068,8,Basic Materials,153.33,69630986250,2494985
2026-08-28,WRB,2028-12-31,5.07428,5.17847,4.90788,4,16401459197,4,Financial Services,68.44,25478637880,1266958
2026-08-28,WRB,2027-12-31,4.83275,5.12412,4.40072,12,15572443257,6,Financial Services,68.44,25478637880,1266958
2026-08-28,WRB,2026-12-31,4.86114,5.07206,4.47948,11,14902185598,6,Financial Services,68.44,25478637880,1266958
2026-08-28,WRB,2025-12-31,4.29896,4.39987,4.22832,9,12450456780,5,Financial Services,68.44,25478637880,1266958
2026-08-28,WRBY,2028-12-31,0.96073,1.42797,0.49349,2,1544904082,4,Consumer Cyclical,25,3067880700,1605491
2026-08-28,WRBY,2027-12-31,0.59784,0.65864,0.54718,6,1134448315,11,Consumer Cyclical,25,3067880700,1605491
2026-08-28,WRBY,2026-12-31,0.4369,0.45676,0.41704,6,974421741,10,Consumer Cyclical,25,3067880700,1605491
2026-08-28,WRBY,2025-12-31,0.36847,0.43635,0.32968,6,874616995,8,Consumer Cyclical,25,3067880700,1605491
2026-08-28,WSC,2030-12-31,10.9379,11.11463,10.75108,1,2582410014,2,Industrials,20.9,3782788791,1531555
2026-08-28,WSC,2029-12-31,3.46799,3.52402,3.40876,1,2508914815,2,Industrials,20.9,3782788791,1531555
2026-08-28,WSC,2028-12-31,1.76091,1.78936,1.73083,1,2484941478,4,Industrials,20.9,3782788791,1531555
2026-08-28,WSC,2027-12-31,1.30226,1.47388,1.15083,7,2373008085,7,Industrials,20.9,3782788791,1531555
2026-08-28,WSE,2031-03-31,0.985,1.02595,0.93399,4,5230633333,3,Technology,13.04,13043450384,914860
2026-08-28,WSE,2030-03-31,0.99464,1.03599,0.94313,3,4741453455,4,Technology,13.04,13043450384,914860
2026-08-28,WSE,2029-03-31,0.82045,0.85456,0.77796,3,4157852245,4,Technology,13.04,13043450384,914860
2026-08-28,WSE,2028-03-31,0.68928,0.78472,0.61505,8,3521017924,9,Technology,13.04,13043450384,914860
2026-08-28,WSM,2029-02-01,11.35606,12.46296,10.596,7,9006334038,7,Consumer Cyclical,235.09,27681050780,972351
2026-08-28,WSM,2028-02-01,10.32377,10.92868,9.95074,14,8577017184,15,Consumer Cyclical,235.09,27681050780,972351
2026-08-28,WSM,2027-02-01,9.4302,9.64132,9.32966,14,8178960167,16,Consumer Cyclical,235.09,27681050780,972351
2026-08-28,WSM,2026-02-01,8.70778,8.76783,8.65774,12,7865823136,13,Consumer Cyclical,235.09,27681050780,972351
2026-08-28,WT,2028-12-31,1.425,1.46434,1.37333,1,814280034,3,Financial Services,24.43,3736348630,3799008
2026-08-28,WT,2027-12-31,1.31167,1.34171,1.26161,5,766355885,6,Financial Services,24.43,3736348630,3799008
2026-08-28,WT,2026-12-31,1.185,1.22517,1.13479,5,697576763,5,Financial Services,24.43,3736348630,3799008
2026-08-28,WT,2025-12-31,0.79833,0.80831,0.78835,5,489127366,4,Financial Services,24.43,3736348630,3799008
2026-08-28,WTRG,2030-12-31,2.7282,2.76656,2.6996,1,2897000000,1,Utilities,41.1,11657315601,2846119
2026-08-28,WTRG,2029-12-31,2.59265,2.6291,2.56547,1,3011250000,1,Utilities,41.1,11657315601,2846119
2026-08-28,WTRG,2028-12-31,2.48942,2.57839,2.39212,3,2898540241,2,Utilities,41.1,11657315601,2846119
2026-08-28,WTRG,2027-12-31,2.35828,2.43592,2.31946,5,2727521999,2,Utilities,41.1,11657315601,2846119
2026-08-28,WTTR,2028-12-31,1.2345,1.28844,1.15941,1,1746000000,2,Energy,19.28,2113427714,1354460
2026-08-28,WTTR,2027-12-31,0.72775,0.85432,0.56954,4,1619602735,5,Energy,19.28,2113427714,1354460
2026-08-28,WTTR,2026-12-31,0.67042,0.78405,0.57952,3,1545686931,3,Energy,19.28,2113427714,1354460
2026-08-28,WTTR,2025-12-31,0.24401,0.26841,0.23181,2,1380581955,4,Energy,19.28,2113427714,1354460
2026-08-28,WULF,2030-12-31,0.775,1.02409,0.60232,2,2412000000,6,Financial Services,15.35,7606426101,29337412
2026-08-28,WULF,2029-12-31,0.32122,0.42446,0.24965,3,2327162460,6,Financial Services,15.35,7606426101,29337412
2026-08-28,WULF,2028-12-31,0.31962,1.28925,-0.58016,6,1586374822,8,Financial Services,15.35,7606426101,29337412
2026-08-28,WULF,2027-12-31,-0.21216,5.23328,-2.97024,6,880378336,10,Financial Services,15.35,7606426101,29337412
2026-08-28,WWD,2029-09-30,13.24,13.54317,12.97006,2,5350000000,9,Industrials,341.81,20366031049,563266
2026-08-28,WWD,2028-09-30,12.69091,13.60068,11.98243,7,5190417331,10,Industrials,341.81,20366031049,563266
2026-08-28,WWD,2027-09-30,10.74539,10.88023,10.57944,8,4718050756,9,Industrials,341.81,20366031049,563266
2026-08-28,WWD,2026-09-30,9.46633,9.49635,9.43631,7,4332365421,9,Industrials,341.81,20366031049,563266
2026-08-28,WWW,2029-01-03,2.11012,2.11738,2.10286,2,2228028938,3,Consumer Cyclical,20.34,1667666430,525167
2026-08-28,WWW,2028-01-03,1.84995,2.01082,1.75946,6,2113413658,8,Consumer Cyclical,20.34,1667666430,525167
2026-08-28,WWW,2027-01-03,1.64645,1.6871,1.54482,6,2001451290,8,Consumer Cyclical,20.34,1667666430,525167
2026-08-28,WWW,2026-01-03,1.32982,1.33982,1.31982,7,1866718677,6,Consumer Cyclical,20.34,1667666430,525167
2026-08-28,WY,2028-12-31,1.04127,1.08616,0.99644,1,8102461921,5,Real Estate,23.64,17045447277,3276886
2026-08-28,WY,2027-12-31,0.72904,0.90058,0.62183,8,7751934360,8,Real Estate,23.64,17045447277,3276886
2026-08-28,WY,2026-12-31,0.32495,0.38588,0.26402,7,7146389552,7,Real Estate,23.64,17045447277,3276886
2026-08-28,WY,2025-12-31,0.17177,0.21471,0.13956,7,6925637780,7,Real Estate,23.64,17045447277,3276886
2026-08-28,WYFI,2029-12-31,1.12,1.2579,0.9581,1,248356056,1,Technology,17.75,685402334,2810079
2026-08-28,WYFI,2028-12-31,1.41676,2.11496,0.71856,2,441025100,2,Technology,17.75,685402334,2810079
2026-08-28,WYFI,2027-12-31,0.64467,1.04189,0.24745,4,300821444,6,Technology,17.75,685402334,2810079
2026-08-28,WYFI,2026-12-31,-0.89108,-0.61549,-1.15749,3,136151444,6,Technology,17.75,685402334,2810079
2026-08-28,WYNN,2028-12-31,5.99893,6.99427,5.01205,6,8038151351,12,Consumer Cyclical,95.26,9886749620,1203996
2026-08-28,WYNN,2027-12-31,4.99911,6.17824,4.35595,9,7730101781,15,Consumer Cyclical,95.26,9886749620,1203996
2026-08-28,WYNN,2026-12-31,4.63775,5.47916,4.07681,10,7488161308,15,Consumer Cyclical,95.26,9886749620,1203996
2026-08-28,WYNN,2025-12-31,4.42215,4.8261,3.6993,11,7124939021,11,Consumer Cyclical,95.26,9886749620,1203996
2026-08-28,XE,2030-12-31,0.95,1.00714,0.90224,1,2113500000,5,Industrials,17.22,377958646,5619086
2026-08-28,XE,2029-12-31,-0.09,-0.08547561,-0.09541374,1,1297550000,3,Industrials,17.22,377958646,5619086
2026-08-28,XE,2028-12-31,-0.32249,-0.10445,-0.76251,4,1236016494,7,Industrials,17.22,377958646,5619086
2026-08-28,XE,2027-12-31,-0.50475,-0.4368,-0.66006,3,858231293,5,Industrials,17.22,377958646,5619086
2026-08-28,XEL,2030-12-31,5.93,6.35361,5.65523,1,21107400000,6,Utilities,76.45,47753269300,4330530
2026-08-28,XEL,2029-12-31,5.49,5.88218,5.23562,1,20028079178,10,Utilities,76.45,47753269300,4330530
2026-08-28,XEL,2028-12-31,5.03755,5.19377,4.82858,5,18686945348,12,Utilities,76.45,47753269300,4330530
2026-08-28,XEL,2027-12-31,4.55006,4.65095,4.43908,11,17269843823,10,Utilities,76.45,47753269300,4330530
2026-08-28,XENE,2030-12-31,4.20737,12.86818,1.97902,5,1163125504,12,Healthcare,59.99,5798969344,587877
2026-08-28,XENE,2029-12-31,0.65255,1.99581,0.30694,9,719224915,8,Healthcare,59.99,5798969344,587877
2026-08-28,XENE,2028-12-31,-3.45323,0.14827,-5.3376,12,231907008,14,Healthcare,59.99,5798969344,587877
2026-08-28,XENE,2027-12-31,-4.7218,-3.69699,-5.60295,14,26976889,11,Healthcare,59.99,5798969344,587877
2026-08-28,XHR,2028-12-31,0,0,0,1,1177816250,2,Real Estate,19.46,1795103949,620414
2026-08-28,XHR,2027-12-31,0.635,0.72,0.55,2,1150683220,5,Real Estate,19.46,1795103949,620414
2026-08-28,XHR,2026-12-31,0.185,0.19087,0.17913,1,1120110500,3,Real Estate,19.46,1795103949,620414
2026-08-28,XHR,2025-12-31,0.605,0.62032,0.58968,1,1077683698,3,Real Estate,19.46,1795103949,620414
2026-08-28,XIFR,2030-12-31,2.24727,2.54705,1.96184,1,1605801016,3,Utilities,11.72,1104877157,763626
2026-08-28,XIFR,2029-12-31,0.97647,1.10673,0.85245,1,1518846108,4,Utilities,11.72,1104877157,763626
2026-08-28,XIFR,2028-12-31,-0.28217,-0.24633,-0.31981,1,1454691278,6,Utilities,11.72,1104877157,763626
2026-08-28,XIFR,2027-12-31,0.71995,0.81599,0.62851,1,1423657352,4,Utilities,11.72,1104877157,763626
2026-08-28,XMTR,2028-12-31,1.95679,3.02426,1.09431,5,1335049233,7,Industrials,94.11,5060341755,516885
2026-08-28,XMTR,2027-12-31,1.28764,1.41256,1.12428,6,1109735834,8,Industrials,94.11,5060341755,516885
2026-08-28,XMTR,2026-12-31,0.70192,0.73335,0.68097,6,914285510,8,Industrials,94.11,5060341755,516885
2026-08-28,XMTR,2025-12-31,0.33272,0.39144,0.28379,5,677660469,6,Industrials,94.11,5060341755,516885
2026-08-28,XNCR,2030-12-31,-0.22625,-0.03917417,-0.53387,3,438792500,4,Healthcare,26.06,1932129992,2049629
2026-08-28,XNCR,2029-12-31,-1.71,-0.29608,-4.03503,3,221226222,4,Healthcare,26.06,1932129992,2049629
2026-08-28,XNCR,2028-12-31,-3.18318,-0.8191,-4.39518,9,125497170,9,Healthcare,26.06,1932129992,2049629
2026-08-28,XNCR,2027-12-31,-3.26247,0.40265,-5.16214,11,125578972,10,Healthcare,26.06,1932129992,2049629
2026-08-28,XOM,2030-12-31,12.032,14.2275,10.06371,4,359256500000,5,Energy,156.7,649436882000,11061437
2026-08-28,XOM,2029-12-31,11.53692,13.64208,9.64962,2,354002500000,5,Energy,156.7,649436882000,11061437
2026-08-28,XOM,2028-12-31,10.39503,12.45686,8.38732,7,391846425064,10,Energy,156.7,649436882000,11061437
2026-08-28,XOM,2027-12-31,10.64623,12.60983,8.98974,14,384485751160,11,Energy,156.7,649436882000,11061437
2026-08-28,XP,2030-12-31,0,0,0,1,30567972429,5,Financial Services,17.66,9238527826,4169799
2026-08-28,XP,2029-12-31,16.7883,17.38727,16.10957,1,28151258774,3,Financial Services,17.66,9238527826,4169799
2026-08-28,XP,2028-12-31,13.35225,13.54114,13.1215,4,25537473671,7,Financial Services,17.66,9238527826,4169799
2026-08-28,XP,2027-12-31,12.02133,12.9118,11.22981,4,22629334652,7,Financial Services,17.66,9238527826,4169799
2026-08-28,XPEV,2028-12-31,2.29929,4.49888,0.65544,11,138325410896,27,Consumer Cyclical,11.53,10953585184,5364278
2026-08-28,XPEV,2027-12-31,0.468,8.54101,-5.73299,7,117452037234,21,Consumer Cyclical,11.53,10953585184,5364278
2026-08-28,XPEV,2026-12-31,-2.03812,0.41808,-3.39687,6,90822522993,20,Consumer Cyclical,11.53,10953585184,5364278
2026-08-28,XPEV,2025-12-31,-1.02295,-0.89508,-1.1082,6,77457642551,16,Consumer Cyclical,11.53,10953585184,5364278
2026-08-28,XPO,2030-12-31,12.13,12.52746,11.63187,1,11558000000,5,Industrials,188.56,22077823840,638370
2026-08-28,XPO,2029-12-31,9.79031,10.11111,9.38826,1,10713779029,5,Industrials,188.56,22077823840,638370
2026-08-28,XPO,2028-12-31,7.8387,8.09207,7.46395,3,10136269072,10,Industrials,188.56,22077823840,638370
2026-08-28,XPO,2027-12-31,6.48097,6.91984,5.91963,15,9498465697,16,Industrials,188.56,22077823840,638370
2026-08-28,XPRO,2029-12-31,0,0,0,0,1696000000,1,Energy,17.61,1978468514,828148
2026-08-28,XPRO,2028-12-31,1.28353,1.30099,1.25648,1,1807760554,3,Energy,17.61,1978468514,828148
2026-08-28,XPRO,2027-12-31,1.03519,1.04927,1.01337,2,1766318849,3,Energy,17.61,1978468514,828148
2026-08-28,XPRO,2026-12-31,0.92604,0.93864,0.90652,2,1655293902,3,Energy,17.61,1978468514,828148
2026-08-28,XRAY,2029-12-31,1.71333,1.74529,1.68004,5,3807900000,8,Healthcare,11.12,2227632715,2971602
2026-08-28,XRAY,2028-12-31,1.68186,3.76993,0.23562,8,3741286302,14,Healthcare,11.12,2227632715,2971602
2026-08-28,XRAY,2027-12-31,1.51941,1.55966,1.45904,12,3634670970,14,Healthcare,11.12,2227632715,2971602
2026-08-28,XRAY,2026-12-31,1.52897,1.54832,1.50962,10,3573731649,14,Healthcare,11.12,2227632715,2971602
2026-08-28,XYL,2030-12-31,7.78,7.99494,7.60645,1,10793200000,5,Industrials,111.31,25989437970,1458851
2026-08-28,XYL,2029-12-31,7.79671,8.01211,7.62279,1,10671896402,5,Industrials,111.31,25989437970,1458851
2026-08-28,XYL,2028-12-31,6.84429,8.05785,5.87865,5,10121044196,11,Industrials,111.31,25989437970,1458851
2026-08-28,XYL,2027-12-31,6.23235,6.53392,5.9911,13,9621769071,15,Industrials,111.31,25989437970,1458851
2026-08-28,XYZ,2030-12-31,8.44,9.02927,7.7682,7,20699256000,10,Technology,83.57,49739273830,3457954
2026-08-28,XYZ,2029-12-31,7.9535,8.5088,7.32043,12,30941524300,10,Technology,83.57,49739273830,3457954
2026-08-28,XYZ,2028-12-31,6.49825,8.41724,4.30166,17,32179185806,20,Technology,83.57,49739273830,3457954
2026-08-28,XYZ,2027-12-31,5.23097,5.77458,4.09246,26,28953293629,24,Technology,83.57,49739273830,3457954
2026-08-28,YELP,2028-12-31,2.60667,2.98,2.13,3,1546532069,5,Communication Services,23.18,1274684519,777661
2026-08-28,YELP,2027-12-31,2.53,2.67177,2.3228,6,1512963398,7,Communication Services,23.18,1274684519,777661
2026-08-28,YELP,2026-12-31,1.80714,1.81724,1.79704,4,1465977272,7,Communication Services,23.18,1274684519,777661
2026-08-28,YELP,2025-12-31,2.17966,2.26153,2.09779,6,1463997082,7,Communication Services,23.18,1274684519,777661
2026-08-28,YETI,2031-01-03,3.74,3.84809,3.65517,1,2431100000,2,Consumer Cyclical,41.57,3149272531,1574300
2026-08-28,YETI,2030-01-03,3.45,3.54971,3.37175,1,2503150000,3,Consumer Cyclical,41.57,3149272531,1574300
2026-08-28,YETI,2029-01-03,3.63585,4.07405,3.19765,2,2315224033,6,Consumer Cyclical,41.57,3149272531,1574300
2026-08-28,YETI,2028-01-03,3.37298,3.50309,3.25287,11,2156937079,13,Consumer Cyclical,41.57,3149272531,1574300
2026-08-28,YOU,2028-12-31,2.86435,3.1,2.6287,2,1427822174,3,Technology,43.43,4369599485,1731235
2026-08-28,YOU,2027-12-31,2.19667,2.26199,2.1408,2,1269888252,4,Technology,43.43,4369599485,1731235
2026-08-28,YOU,2026-12-31,1.83,1.88442,1.78346,2,1109787828,4,Technology,43.43,4369599485,1731235
2026-08-28,YOU,2025-12-31,1.19324,1.23548,1.151,3,895744584,5,Technology,43.43,4369599485,1731235
2026-08-28,YPF,2030-12-31,0,0,0,1,33481422231500,3,Energy,50.2,19682167811,717063
2026-08-28,YPF,2029-12-31,26494.61195,29014.48928,23753.71906,1,31167671482600,4,Energy,50.2,19682167811,717063
2026-08-28,YPF,2028-12-31,11637.95864,12744.83381,10434.00071,1,31542546067535,2,Energy,50.2,19682167811,717063
2026-08-28,YPF,2027-12-31,9403.74326,10571.21479,7244.72057,3,30208511004518,6,Energy,50.2,19682167811,717063
2026-08-28,YUM,2030-12-31,10.73,11.06859,10.39869,1,11104000000,5,Consumer Cyclical,153.86,42407047060,1539982
2026-08-28,YUM,2029-12-31,8.78254,9.05968,8.51136,1,10629793337,3,Consumer Cyclical,153.86,42407047060,1539982
2026-08-28,YUM,2028-12-31,8.05888,8.63302,7.48474,2,9840238161,7,Consumer Cyclical,153.86,42407047060,1539982
2026-08-28,YUM,2027-12-31,7.29457,8.09355,6.71349,11,9337748692,12,Consumer Cyclical,153.86,42407047060,1539982
2026-08-28,YUMC,2028-12-31,3.68573,4.22058,3.31547,18,14480558938,26,Consumer Cyclical,45.02,15718597940,1139252
2026-08-28,YUMC,2027-12-31,3.34205,3.62461,3.1959,15,13663589212,21,Consumer Cyclical,45.02,15718597940,1139252
2026-08-28,YUMC,2026-12-31,2.9564,3.00651,2.92633,15,12863442157,20,Consumer Cyclical,45.02,15718597940,1139252
2026-08-28,YUMC,2025-12-31,2.50318,2.66338,2.45312,13,11698569277,15,Consumer Cyclical,45.02,15718597940,1139252
2026-08-28,Z,2030-12-31,5.505,5.64729,5.37344,1,4532000000,9,Communication Services,35.66,8568963811,2688032
2026-08-28,Z,2029-12-31,4.67333,4.79412,4.56164,1,4131250000,10,Communication Services,35.66,8568963811,2688032
2026-08-28,Z,2028-12-31,3.71664,3.81271,3.62782,2,3661765058,8,Communication Services,35.66,8568963811,2688032
2026-08-28,Z,2027-12-31,2.88643,3.19761,2.57525,5,3296143016,18,Communication Services,35.66,8568963811,2688032
2026-08-28,ZBH,2030-12-31,11.12,11.28486,10.95646,3,10119517700,10,Healthcare,100.91,19522250420,1190906
2026-08-28,ZBH,2029-12-31,10.44256,10.59738,10.28899,3,9653967381,10,Healthcare,100.91,19522250420,1190906
2026-08-28,ZBH,2028-12-31,9.72578,11.26403,8.37392,9,9264663078,20,Healthcare,100.91,19522250420,1190906
2026-08-28,ZBH,2027-12-31,9.06717,9.42017,8.84528,16,8909752612,20,Healthcare,100.91,19522250420,1190906
2026-08-28,ZBRA,2029-12-31,29.89952,30.31753,29.41913,1,7436872441,4,Technology,356.45,16978925430,580966
2026-08-28,ZBRA,2028-12-31,23.9449,26.98826,19.33256,5,6867435848,9,Technology,356.45,16978925430,580966
2026-08-28,ZBRA,2027-12-31,22.20031,23.32308,20.90402,10,6593852503,11,Technology,356.45,16978925430,580966
2026-08-28,ZBRA,2026-12-31,21.12485,22.31059,19.32544,10,6221105204,11,Technology,356.45,16978925430,580966
2026-08-28,ZETA,2030-12-31,1.56,1.59516,1.50836,1,2996900000,3,Technology,30.54,7635532557,9268644
2026-08-28,ZETA,2029-12-31,1.42,1.452,1.37299,1,2691833333,4,Technology,30.54,7635532557,9268644
2026-08-28,ZETA,2028-12-31,1.43383,1.59554,1.27212,2,2417308786,6,Technology,30.54,7635532557,9268644
2026-08-28,ZETA,2027-12-31,1.20013,1.32595,1.0356,8,2111188665,12,Technology,30.54,7635532557,9268644
2026-08-28,ZG,2030-12-31,5.505,5.69973,5.32307,4,4532000000,14,Communication Services,36.61,8797245237,660856
2026-08-28,ZG,2029-12-31,4.67333,4.83864,4.51889,4,4131250000,14,Communication Services,36.61,8797245237,660856
2026-08-28,ZG,2028-12-31,3.7404,5.43767,1.81887,11,3664915236,16,Communication Services,36.61,8797245237,660856
2026-08-28,ZG,2027-12-31,2.90017,3.21283,2.58751,13,3297004799,21,Communication Services,36.61,8797245237,660856
2026-08-28,ZGN,2029-12-31,0.64404,0.6555,0.62878,2,2477844636,4,Consumer Cyclical,13.73,3683923760,616995
2026-08-28,ZGN,2028-12-31,0.66564,0.7372,0.60029,7,2403914259,9,Consumer Cyclical,13.73,3683923760,616995
2026-08-28,ZGN,2027-12-31,0.57199,0.65638,0.49697,8,2250277771,8,Consumer Cyclical,13.73,3683923760,616995
2026-08-28,ZGN,2026-12-31,0.43375,0.48911,0.38761,8,2080390587,8,Consumer Cyclical,13.73,3683923760,616995
2026-08-28,ZIM,2029-12-31,-0.2098,-0.18914,-0.23879,1,8634410726,1,Industrials,27.44,3307059635,870413
2026-08-28,ZIM,2028-12-31,-3.59309,-1.42662,-4.74418,3,6378909048,2,Industrials,27.44,3307059635,870413
2026-08-28,ZIM,2027-12-31,-0.68463,-0.6172,-0.77924,2,6439666535,3,Industrials,27.44,3307059635,870413
2026-08-28,ZIM,2026-12-31,3.53563,4.0242,3.18741,2,7482800646,3,Industrials,27.44,3307059635,870413
2026-08-28,ZION,2028-12-31,7.4041,7.84734,6.35015,8,3876764809,6,Financial Services,67.78,9891745420,909122
2026-08-28,ZION,2027-12-31,6.86438,7.23048,6.34574,17,3714203930,10,Financial Services,67.78,9891745420,909122
2026-08-28,ZION,2026-12-31,8.00325,8.16514,7.84136,15,3547088116,11,Financial Services,67.78,9891745420,909122
2026-08-28,ZION,2025-12-31,5.85756,6.03536,5.70939,15,3359786946,11,Financial Services,67.78,9891745420,909122
2026-08-28,ZLAB,2030-12-31,0.48,0.59356,0.40137,1,1095450000,6,Healthcare,26.08,2945019687,650029
2026-08-28,ZLAB,2029-12-31,-0.20033,-0.16751,-0.24772,1,966289867,10,Healthcare,26.08,2945019687,650029
2026-08-28,ZLAB,2028-12-31,-1.50345,-1.17854,-2.25828,4,695836078,12,Healthcare,26.08,2945019687,650029
2026-08-28,ZLAB,2027-12-31,-2.09461,-1.25035,-2.6717,7,520689443,12,Healthcare,26.08,2945019687,650029
2026-08-28,ZM,2031-01-31,6.45,6.53609,6.39526,4,5919400000,7,Technology,98.43,28862847710,2813843
2026-08-28,ZM,2030-01-31,7.005,7.09849,6.94555,2,5700950000,8,Technology,98.43,28862847710,2813843
2026-08-28,ZM,2029-01-31,6.71059,7.54277,5.52375,6,5504047668,16,Technology,98.43,28862847710,2813843
2026-08-28,ZM,2028-01-31,6.30716,6.74836,5.99631,16,5299811115,22,Technology,98.43,28862847710,2813843
2026-08-28,ZS,2030-07-31,5.98,6.21063,5.87883,1,6055200000,3,Technology,184.23,29791745791,1938571
2026-08-28,ZS,2029-07-31,6.0625,7.79464,4.33036,2,5238900000,6,Technology,184.23,29791745791,1938571
2026-08-28,ZS,2028-07-31,5.37204,53.78016,-56.34112,13,4538929380,34,Technology,184.23,29791745791,1938571
2026-08-28,ZS,2027-07-31,4.58132,4.86575,4.02262,25,3893401440,35,Technology,184.23,29791745791,1938571
2026-08-28,ZTO,2028-12-31,17.06779,18.63554,15.76168,7,68777660531,15,Industrials,21.5,17029068486,1852709
2026-08-28,ZTO,2027-12-31,15.51419,16.47101,14.48902,7,63565108594,14,Industrials,21.5,17029068486,1852709
2026-08-28,ZTO,2026-12-31,13.85295,14.3962,12.97017,7,58261257199,12,Industrials,21.5,17029068486,1852709
2026-08-28,ZTO,2025-12-31,11.37683,11.79306,10.54438,8,48585429634,11,Industrials,21.5,17029068486,1852709
2026-08-28,ZTS,2030-12-31,9.06,9.8159,8.46555,2,10850333333,12,Healthcare,77.34,32423093520,4843694
2026-08-28,ZTS,2029-12-31,8.1125,8.78935,7.58022,3,10277950000,8,Healthcare,77.34,32423093520,4843694
2026-08-28,ZTS,2028-12-31,7.01054,8.18142,5.87575,6,9829069864,14,Healthcare,77.34,32423093520,4843694
2026-08-28,ZTS,2027-12-31,6.46322,7.60611,5.88192,12,9429194222,13,Healthcare,77.34,32423093520,4843694
2026-08-28,ZVRA,2030-12-31,2.45571,2.75193,2.16916,4,315143571,5,Healthcare,11.565,683665946,617855
2026-08-28,ZVRA,2029-12-31,1.93571,2.1692,1.70984,2,266623571,3,Healthcare,11.565,683665946,617855
2026-08-28,ZVRA,2028-12-31,1.41043,2.16725,0.61205,7,221866275,7,Healthcare,11.565,683665946,617855
2026-08-28,ZVRA,2027-12-31,0.93556,1.28083,0.61257,5,176977444,7,Healthcare,11.565,683665946,617855
2026-08-28,ZWS,2030-12-31,2.69,2.72266,2.64353,1,2373000000,2,Industrials,48.05,7969770197,655793
2026-08-28,ZWS,2029-12-31,2.45,2.47974,2.40768,1,2238700000,2,Industrials,48.05,7969770197,655793
2026-08-28,ZWS,2028-12-31,2.20408,2.23084,2.16601,1,2066989344,4,Industrials,48.05,7969770197,655793
2026-08-28,ZWS,2027-12-31,2.02461,2.04486,1.97399,5,1967991587,7,Industrials,48.05,7969770197,655793
2026-08-28,ZYME,2030-12-31,1.922,2.73889,1.21545,1,466479333,3,Healthcare,28.27,2079935453,542057
2026-08-28,ZYME,2029-12-31,1.282,1.82688,0.81072,1,367465333,4,Healthcare,28.27,2079935453,542057
2026-08-28,ZYME,2028-12-31,0.2867,3.0785,-1.88,5,249962535,6,Healthcare,28.27,2079935453,542057
2026-08-28,ZYME,2027-12-31,1.21996,56.11816,-52.45828,6,310448392,6,Healthcare,28.27,2079935453,542057
