snapshot_date,symbol,fy_date,epsAvg,epsHigh,epsLow,numAnalystsEps,revenueAvg,numAnalystsRevenue,sector,price,marketCap,volume
2026-08-14,AA,2030-12-31,0,0,0,1,13684000000,4,Basic Materials,50.08,13216562720,1535596
2026-08-14,AA,2029-12-31,8.15,9.00808,7.26349,1,14297545954,4,Basic Materials,50.08,13216562720,1535596
2026-08-14,AA,2028-12-31,6.44692,8.40856,4.97543,4,14278772598,9,Basic Materials,50.08,13216562720,1535596
2026-08-14,AA,2027-12-31,6.20057,9.78644,4.19419,8,15230053009,9,Basic Materials,50.08,13216562720,1535596
2026-08-14,AADX,2028-12-31,0.51333,0.54,0.49,3,905234820,5,Industrials,18.3,3133235470,625168.74545
2026-08-14,AADX,2027-12-31,0.41,0.45,0.38,4,776630000,5,Industrials,18.3,3133235470,625168.74545
2026-08-14,AADX,2026-12-31,0.14,0.22,0.09,2,671670000,4,Industrials,18.3,3133235470,625168.74545
2026-08-14,AADX,2025-12-31,0,0,0,1,522090000,1,Industrials,18.3,3133235470,625168.74545
2026-08-14,AAL,2030-12-31,3.2,3.29343,2.95814,4,77516000000,8,Industrials,14.845,9826943923,32028928.53061
2026-08-14,AAL,2029-12-31,3.265,3.36033,3.01822,2,71695000000,13,Industrials,14.845,9826943923,32028928.53061
2026-08-14,AAL,2028-12-31,3.3105,4.29235,2.08014,7,69012106595,17,Industrials,14.845,9826943923,32028928.53061
2026-08-14,AAL,2027-12-31,2.56404,4.18619,1.10934,14,65901745880,16,Industrials,14.845,9826943923,32028928.53061
2026-08-14,AAOI,2028-12-31,11.6,15.14715,8.43003,1,4166800000,1,Technology,147.99,11875127088,14604109
2026-08-14,AAOI,2027-12-31,5.72687,6.93677,4.50352,3,2801711860,3,Technology,147.99,11875127088,14604109
2026-08-14,AAOI,2026-12-31,1.03327,1.42075,0.64579,3,1040370400,4,Technology,147.99,11875127088,14604109
2026-08-14,AAOI,2025-12-31,-0.32563,-0.28493,-0.35005,4,452665557,4,Technology,147.99,11875127088,14604109
2026-08-14,AAPL,2030-09-27,12.85,14.15557,12.10216,9,664296666667,11,Technology,306.206,4497356531336,15345249
2026-08-14,AAPL,2029-09-27,11.69995,12.88868,11.01904,9,483092000000,18,Technology,306.206,4497356531336,15345249
2026-08-14,AAPL,2028-09-27,10.57965,11.40671,9.45296,20,557375353734,22,Technology,306.206,4497356531336,15345249
2026-08-14,AAPL,2027-09-27,9.52323,10.30691,8.93795,31,519164574483,30,Technology,306.206,4497356531336,15345249
2026-08-14,ABBV,2030-12-31,20.95556,21.4886,20.45691,5,84457229885,10,Healthcare,250.245,442131069491,1603159
2026-08-14,ABBV,2029-12-31,20.08807,20.59905,19.61006,5,82991042406,10,Healthcare,250.245,442131069491,1603159
2026-08-14,ABBV,2028-12-31,17.90993,21.57336,14.22622,8,78558257127,21,Healthcare,250.245,442131069491,1603159
2026-08-14,ABBV,2027-12-31,16.48755,17.76992,15.00163,14,73160003859,18,Healthcare,250.245,442131069491,1603159
2026-08-14,ABCL,2030-12-31,-0.6625,-0.2111,-0.97332,1,118543000,2,Healthcare,11.41,3484328750,8765419.62837
2026-08-14,ABCL,2029-12-31,-0.765,-0.24377,-1.1239,1,61079000,2,Healthcare,11.41,3484328750,8765419.62837
2026-08-14,ABCL,2028-12-31,-0.8075,-0.6623,-0.95779,4,34497800,4,Healthcare,11.41,3484328750,8765419.62837
2026-08-14,ABCL,2027-12-31,-0.62571,-0.60254,-0.65661,4,32589624,6,Healthcare,11.41,3484328750,8765419.62837
2026-08-14,ABNB,2030-12-31,10.34857,10.90243,9.96446,9,20167342857,11,Consumer Cyclical,184.887,109732954325,1911480
2026-08-14,ABNB,2029-12-31,8.82949,9.30205,8.50176,9,18798924111,11,Consumer Cyclical,184.887,109732954325,1911480
2026-08-14,ABNB,2028-12-31,7.11369,9.57309,5.93234,21,17067189655,23,Consumer Cyclical,184.887,109732954325,1911480
2026-08-14,ABNB,2027-12-31,6.04502,7.76631,5.4815,30,15438092567,33,Consumer Cyclical,184.887,109732954325,1911480
2026-08-14,ABT,2030-12-31,8.275,8.39831,7.97999,4,67245725000,10,Healthcare,111.39,192747403807,2584842
2026-08-14,ABT,2029-12-31,7.45278,7.56384,7.18709,4,62857912703,10,Healthcare,111.39,192747403807,2584842
2026-08-14,ABT,2028-12-31,6.72161,8.06033,4.4963,10,58484971010,20,Healthcare,111.39,192747403807,2584842
2026-08-14,ABT,2027-12-31,6.06273,6.18239,6.0029,17,54698999775,20,Healthcare,111.39,192747403807,2584842
2026-08-14,ABVX,2030-12-31,8.4051,24.67379,1.84862,1,1639737046,5,Healthcare,119.4387,8770722350,608114.92582
2026-08-14,ABVX,2029-12-31,6.52832,19.16437,1.43584,1,1248282622,5,Healthcare,119.4387,8770722350,608114.92582
2026-08-14,ABVX,2028-12-31,0.40632,1.90452,-0.35654,3,505876532,11,Healthcare,119.4387,8770722350,608114.92582
2026-08-14,ABVX,2027-12-31,-3.06355,-2.04841,-4.53188,4,105473974,10,Healthcare,119.4387,8770722350,608114.92582
2026-08-14,ACAD,2030-12-31,2.4642,2.68107,2.31773,13,1863155775,9,Healthcare,28.3054,4846903474,521726.5408
2026-08-14,ACAD,2029-12-31,1.88565,2.05161,1.77357,13,1711727039,10,Healthcare,28.3054,4846903474,521726.5408
2026-08-14,ACAD,2028-12-31,1.58271,2.91549,0.83451,16,1614543175,18,Healthcare,28.3054,4846903474,521726.5408
2026-08-14,ACAD,2027-12-31,0.92133,1.77685,0.48887,13,1428818723,16,Healthcare,28.3054,4846903474,521726.5408
2026-08-14,ACI,2031-02-28,1.67,1.70746,1.64207,1,86966100000,3,Consumer Defensive,12.48,6056868480,2384627.65695
2026-08-14,ACI,2030-02-28,1.68,1.71769,1.6519,1,85260900000,4,Consumer Defensive,12.48,6056868480,2384627.65695
2026-08-14,ACI,2029-02-28,1.96427,2.72119,1.20735,2,83093993246,8,Consumer Defensive,12.48,6056868480,2384627.65695
2026-08-14,ACI,2028-02-28,1.9043,2.18944,1.69045,9,82349986941,12,Consumer Defensive,12.48,6056868480,2384627.65695
2026-08-14,ACM,2028-09-30,7.61396,8.02484,7.20308,2,8725187500,1,Industrials,62.81,8072529630,771524
2026-08-14,ACM,2027-09-30,6.7163,6.95475,6.4083,7,8371926525,2,Industrials,62.81,8072529630,771524
2026-08-14,ACM,2026-09-30,5.95583,5.98576,5.886,6,7893583310,2,Industrials,62.81,8072529630,771524
2026-08-14,ACM,2025-09-30,5.24014,5.25014,5.23014,8,7551654667,3,Industrials,62.81,8072529630,771524
2026-08-14,ACN,2030-08-31,18.92,19.50181,18.57583,4,97613000000,14,Technology,177,108313753293,4372632
2026-08-14,ACN,2029-08-31,18.44,19.00705,18.10456,9,89760000000,9,Technology,177,108313753293,4372632
2026-08-14,ACN,2028-08-31,15.749,16.65271,14.61093,11,80670850232,19,Technology,177,108313753293,4372632
2026-08-14,ACN,2027-08-31,14.67898,14.97916,14.12864,18,76606388106,20,Technology,177,108313753293,4372632
2026-08-14,ADBE,2030-11-28,34.84,35.9375,33.90354,6,37329600000,16,Technology,265.495,105534262500,1725830.10452
2026-08-14,ADBE,2029-11-28,32.28,33.29686,31.41235,5,34375400000,12,Technology,265.495,105534262500,1725830.10452
2026-08-14,ADBE,2028-11-28,31.42182,36.5999,28.7818,9,31489310976,17,Technology,265.495,105534262500,1725830.10452
2026-08-14,ADBE,2027-11-28,27.50879,28.58304,26.29399,22,28929396556,26,Technology,265.495,105534262500,1725830.10452
2026-08-14,ADEA,2028-12-31,1.81,1.81952,1.80405,1,475000000,1,Technology,30.05,3314334700,537603.36282
2026-08-14,ADEA,2027-12-31,1.61075,1.68932,1.52236,3,450814500,3,Technology,30.05,3314334700,537603.36282
2026-08-14,ADEA,2026-12-31,1.42375,1.44366,1.39388,3,416036000,3,Technology,30.05,3314334700,537603.36282
2026-08-14,ADEA,2025-12-31,1.44125,1.45067,1.42241,3,429195250,3,Technology,30.05,3314334700,537603.36282
2026-08-14,ADI,2030-11-01,23.9,25.71857,22.60968,2,25087000000,10,Technology,383.445,186771074715,992295.86827
2026-08-14,ADI,2029-11-01,19.67165,21.16848,18.60961,2,21311838500,7,Technology,383.445,186771074715,992295.86827
2026-08-14,ADI,2028-11-01,17.35157,19.07878,15.71057,6,18759669494,13,Technology,383.445,186771074715,992295.86827
2026-08-14,ADI,2027-11-01,15.08615,16.36481,14.03435,17,17099362523,20,Technology,383.445,186771074715,992295.86827
2026-08-14,ADM,2030-12-31,4.64,5.65346,4.26469,1,85761000000,2,Consumer Defensive,80.275,38689098175,750321
2026-08-14,ADM,2029-12-31,5.0143,6.10952,4.60872,1,84712996700,2,Consumer Defensive,80.275,38689098175,750321
2026-08-14,ADM,2028-12-31,5.64209,6.87443,5.18573,1,95613901762,5,Consumer Defensive,80.275,38689098175,750321
2026-08-14,ADM,2027-12-31,5.83184,6.36928,5.26009,6,91276437711,6,Consumer Defensive,80.275,38689098175,750321
2026-08-14,ADNT,2030-09-30,8.5,8.68524,8.31371,1,16533099999,9,Consumer Cyclical,20.465,1604729965,585319
2026-08-14,ADNT,2029-09-30,6.65,6.79492,6.50425,1,16174100000,9,Consumer Cyclical,20.465,1604729965,585319
2026-08-14,ADNT,2028-09-30,4.09593,4.88842,3.12199,3,15653726302,10,Consumer Cyclical,20.465,1604729965,585319
2026-08-14,ADNT,2027-09-30,3.20103,3.57075,2.93833,7,15125767770,9,Consumer Cyclical,20.465,1604729965,585319
2026-08-14,ADP,2029-06-30,14.57512,14.93039,14.00094,4,25877257436,7,Technology,272.775,109037441850,578604.29486
2026-08-14,ADP,2028-06-30,13.38739,13.54641,13.07929,10,24535784999,12,Technology,272.775,109037441850,578604.29486
2026-08-14,ADP,2027-06-30,12.24808,12.328,12.08824,11,23210997399,12,Technology,272.775,109037441850,578604.29486
2026-08-14,ADP,2026-06-30,11.07324,11.10322,11.04326,10,21910634900,12,Technology,272.775,109037441850,578604.29486
2026-08-14,ADPT,2030-12-31,0.05,0.05149236,0.04755731,1,676100000,2,Healthcare,24.8844,3982598914,910901.35227
2026-08-14,ADPT,2029-12-31,0.23,0.23686,0.21876,1,544500000,2,Healthcare,24.8844,3982598914,910901.35227
2026-08-14,ADPT,2028-12-31,0.04,0.30801,-0.38898,5,436446923,5,Healthcare,24.8844,3982598914,910901.35227
2026-08-14,ADPT,2027-12-31,-0.17625,-0.13219,-0.23133,6,357328569,7,Healthcare,24.8844,3982598914,910901.35227
2026-08-14,ADSK,2031-01-31,0,0,0,5,12075000000,7,Technology,252.88,53394411073,590978
2026-08-14,ADSK,2030-01-31,18.14432,18.77096,17.65776,4,11034501123,8,Technology,252.88,53394411073,590978
2026-08-14,ADSK,2029-01-31,16.35672,18.25124,14.58711,10,10002774187,16,Technology,252.88,53394411073,590978
2026-08-14,ADSK,2028-01-31,14.2004,14.7765,13.58387,20,9033308552,25,Technology,252.88,53394411073,590978
2026-08-14,AEBI,2028-12-31,0,0,0,1,2269855200,1,Industrials,12.63,978902359,633908
2026-08-14,AEBI,2027-12-31,1.27,1.31342,1.22658,2,2168182500,2,Industrials,12.63,978902359,633908
2026-08-14,AEBI,2026-12-31,0.725,0.84228,0.60772,2,2045217500,3,Industrials,12.63,978902359,633908
2026-08-14,AEBI,2025-12-31,0.3194,0.46136,0.17744,2,1907000000,2,Industrials,12.63,978902359,633908
2026-08-14,AEHR,2030-05-29,1.14,1.17608,1.10886,1,196103000,1,Technology,132.256,4314250235,2790025.57372
2026-08-14,AEHR,2029-05-29,2.27,2.34185,2.20799,1,275550000,1,Technology,132.256,4314250235,2790025.57372
2026-08-14,AEHR,2028-05-29,1.38333,1.42712,1.34554,2,211322000,2,Technology,132.256,4314250235,2790025.57372
2026-08-14,AEHR,2027-05-29,0.63,0.64994,0.61279,2,125940500,1,Technology,132.256,4314250235,2790025.57372
2026-08-14,AEM,2030-12-31,10.45321,13.03783,8.89643,4,11241602736,5,Basic Materials,186.32,94345901460,1829552
2026-08-14,AEM,2029-12-31,10.68548,13.32753,9.09411,2,12638497947,5,Basic Materials,186.32,94345901460,1829552
2026-08-14,AEM,2028-12-31,12.04116,16.09111,9.78277,7,15235226896,11,Basic Materials,186.32,94345901460,1829552
2026-08-14,AEM,2027-12-31,12.64066,13.86255,10.93217,11,16294487768,10,Basic Materials,186.32,94345901460,1829552
2026-08-14,AEO,2029-01-31,2.27113,2.3151,2.23368,1,6222774339,4,Consumer Cyclical,16.255,2723899115,1850077
2026-08-14,AEO,2028-01-31,1.94541,2.099,1.628,4,5996544977,9,Consumer Cyclical,16.255,2723899115,1850077
2026-08-14,AEO,2027-01-31,1.75802,1.82794,1.6881,4,5801184414,9,Consumer Cyclical,16.255,2723899115,1850077
2026-08-14,AEO,2026-01-31,1.37974,1.40995,1.29917,5,5473966265,7,Consumer Cyclical,16.255,2723899115,1850077
2026-08-14,AEP,2030-12-31,9.15816,10.33392,8.23578,4,30957631014,14,Utilities,125.895,68536860315,1013021
2026-08-14,AEP,2029-12-31,8.36581,9.43984,7.52323,2,28916770586,14,Utilities,125.895,68536860315,1013021
2026-08-14,AEP,2028-12-31,7.59689,7.67735,7.52681,7,26662753267,16,Utilities,125.895,68536860315,1013021
2026-08-14,AEP,2027-12-31,6.85643,6.98636,6.77647,13,24744577639,12,Utilities,125.895,68536860315,1013021
2026-08-14,AES,2028-12-31,2.60726,2.84759,2.36424,3,13905309913,5,Utilities,14.735,10508383130,1018753
2026-08-14,AES,2027-12-31,2.47058,2.62761,2.1984,6,13500153398,5,Utilities,14.735,10508383130,1018753
2026-08-14,AES,2026-12-31,2.30609,2.43816,2.05212,5,12818493604,5,Utilities,14.735,10508383130,1018753
2026-08-14,AES,2025-12-31,2.1349,2.28739,1.82991,10,12056131867,4,Utilities,14.735,10508383130,1018753
2026-08-14,AESI,2028-12-31,0.61029,1.15875,-0.41625,5,1544111080,6,Energy,12.585,1571936775,1506582.34145
2026-08-14,AESI,2027-12-31,0.13221,0.23924,0.01888714,5,1306254674,7,Energy,12.585,1571936775,1506582.34145
2026-08-14,AESI,2026-12-31,-0.76117,-0.61479,-0.90755,4,1128780377,4,Energy,12.585,1571936775,1506582.34145
2026-08-14,AESI,2025-12-31,-0.44787,-0.39698,-0.47841,3,1086262009,6,Energy,12.585,1571936775,1506582.34145
2026-08-14,AEVA,2030-12-31,0.975,1.13449,0.82855,1,814722000,2,Technology,23.43,1582349736,1017072.93959
2026-08-14,AEVA,2029-12-31,0.12,0.13963,0.10198,1,522611500,1,Technology,23.43,1582349736,1017072.93959
2026-08-14,AEVA,2028-12-31,-0.588,-0.57423,-0.60177,2,208237000,3,Technology,23.43,1582349736,1017072.93959
2026-08-14,AEVA,2027-12-31,-0.88,-0.81143,-0.94857,2,70879721,3,Technology,23.43,1582349736,1017072.93959
2026-08-14,AFL,2029-12-31,8.1504,8.41943,7.84223,1,17468092450,2,Financial Services,121.67,61928204950,698218
2026-08-14,AFL,2028-12-31,7.90593,8.09379,7.70422,5,17019480811,4,Financial Services,121.67,61928204950,698218
2026-08-14,AFL,2027-12-31,7.54604,8.4228,7.24065,9,16799768496,4,Financial Services,121.67,61928204950,698218
2026-08-14,AFL,2026-12-31,7.0181,7.25668,6.91869,9,16768774544,4,Financial Services,121.67,61928204950,698218
2026-08-14,AFRM,2030-06-30,4.1074,4.51031,3.76723,8,17001920630,8,Financial Services,79.0095,26460167460,987661.63411
2026-08-14,AFRM,2029-06-30,3.77161,4.12585,3.39425,10,8153615688,11,Financial Services,79.0095,26460167460,987661.63411
2026-08-14,AFRM,2028-06-30,2.58422,3.45173,1.8268,22,6586462856,23,Financial Services,79.0095,26460167460,987661.63411
2026-08-14,AFRM,2027-06-30,1.79997,2.32322,1.39184,16,5275769312,25,Financial Services,79.0095,26460167460,987661.63411
2026-08-14,AG,2030-12-31,0.69,0.72428,0.64126,1,1639577151,1,Basic Materials,19.255,9493254140,7013499
2026-08-14,AG,2029-12-31,0.76667,0.80476,0.71251,1,1579788753,1,Basic Materials,19.255,9493254140,7013499
2026-08-14,AG,2028-12-31,1.0125,1.0628,0.94098,1,1995463137,2,Basic Materials,19.255,9493254140,7013499
2026-08-14,AG,2027-12-31,0.964,1.12467,0.80333,2,1828169009,2,Basic Materials,19.255,9493254140,7013499
2026-08-14,AGI,2030-12-31,4.35,5.30496,3.76404,1,4226000000,2,Basic Materials,33.295,13982734675,1602875
2026-08-14,AGI,2029-12-31,3.9275,4.78971,3.39846,1,4068766667,2,Basic Materials,33.295,13982734675,1602875
2026-08-14,AGI,2028-12-31,3.70482,4.79136,3.11952,3,3576186679,5,Basic Materials,33.295,13982734675,1602875
2026-08-14,AGI,2027-12-31,2.85966,3.3396,2.38972,7,3065256062,4,Basic Materials,33.295,13982734675,1602875
2026-08-14,AGIO,2030-12-31,0.202,0.28594,0.1219,1,726968200,5,Healthcare,33.2038,1982329316,563602.45044
2026-08-14,AGIO,2029-12-31,-1.434,-0.86536,-2.02987,1,576889400,3,Healthcare,33.2038,1982329316,563602.45044
2026-08-14,AGIO,2028-12-31,-2.58624,-1.68698,-3.64845,5,466515069,7,Healthcare,33.2038,1982329316,563602.45044
2026-08-14,AGIO,2027-12-31,-4.0193,-3.23421,-5.25666,8,330153490,7,Healthcare,33.2038,1982329316,563602.45044
2026-08-14,AGNC,2028-12-31,1.45459,1.82974,1.05888,1,2069040830,1,Real Estate,10.965,12587052450,7831557
2026-08-14,AGNC,2027-12-31,1.50079,1.55049,1.47097,9,4410300000,5,Real Estate,10.965,12587052450,7831557
2026-08-14,AGNC,2026-12-31,1.57803,1.58789,1.56817,8,4193760000,4,Real Estate,10.965,12587052450,7831557
2026-08-14,AGNC,2025-12-31,1.53067,1.54067,1.52067,9,3519760000,4,Real Estate,10.965,12587052450,7831557
2026-08-14,AHR,2030-12-31,0,0,0,0,4041113616,1,Real Estate,54.285,11221920490,1603944
2026-08-14,AHR,2029-12-31,1.52,1.6395,1.46085,1,3501541880,1,Real Estate,54.285,11221920490,1603944
2026-08-14,AHR,2028-12-31,1.03854,1.06838,1.00871,2,3023687899,1,Real Estate,54.285,11221920490,1603944
2026-08-14,AHR,2027-12-31,0.81093,0.83199,0.78285,3,2908339722,4,Real Estate,54.285,11221920490,1603944
2026-08-14,AIG,2028-12-31,9.47121,10.32049,7.69357,4,33231201546,3,Financial Services,76.61,40619081660,1308884
2026-08-14,AIG,2027-12-31,8.85811,9.24193,8.13088,12,31860978963,5,Financial Services,76.61,40619081660,1308884
2026-08-14,AIG,2026-12-31,7.99043,8.21099,7.36884,12,29218244395,5,Financial Services,76.61,40619081660,1308884
2026-08-14,AIG,2025-12-31,7.04004,7.10021,6.9197,14,27208911187,4,Financial Services,76.61,40619081660,1308884
2026-08-14,AKAM,2030-12-31,9.385,9.72945,9.08626,1,6535159000,6,Technology,125.742,18281057380,1080781.40455
2026-08-14,AKAM,2029-12-31,8.22,8.52169,7.95834,1,5988392000,10,Technology,125.742,18281057380,1080781.40455
2026-08-14,AKAM,2028-12-31,7.91142,10.83728,4.61381,5,5512577237,12,Technology,125.742,18281057380,1080781.40455
2026-08-14,AKAM,2027-12-31,7.12382,7.81613,5.83953,16,4995290197,19,Technology,125.742,18281057380,1080781.40455
2026-08-14,ALAB,2030-12-31,8.65,11.73999,6.34715,5,4054000000,15,Technology,316.12,54185477677,1531834.86952
2026-08-14,ALAB,2029-12-31,6.99342,9.49164,5.13159,9,3306174831,9,Technology,316.12,54185477677,1531834.86952
2026-08-14,ALAB,2028-12-31,7.92919,10.98253,2.9965,12,3753356379,19,Technology,316.12,54185477677,1531834.86952
2026-08-14,ALAB,2027-12-31,6.34553,8.96113,5.41692,15,2960708747,18,Technology,316.12,54185477677,1531834.86952
2026-08-14,ALB,2030-12-31,13.85,18.24284,11.18846,1,7397000000,6,Basic Materials,136.11,16052085348,1294489
2026-08-14,ALB,2029-12-31,10.83538,14.27206,8.75315,1,6262932475,10,Basic Materials,136.11,16052085348,1294489
2026-08-14,ALB,2028-12-31,12.04917,17.58653,6.04957,3,6715421481,12,Basic Materials,136.11,16052085348,1294489
2026-08-14,ALB,2027-12-31,11.66464,16.24416,7.3948,10,6549711398,14,Basic Materials,136.11,16052085348,1294489
2026-08-14,ALC,2030-12-31,5.7571,5.91833,5.65226,6,13870517790,14,Healthcare,74.39,36280003000,650064
2026-08-14,ALC,2029-12-31,5.08542,5.22784,4.99281,9,12964798211,14,Healthcare,74.39,36280003000,650064
2026-08-14,ALC,2028-12-31,4.39524,5.4397,2.90651,15,12267445587,16,Healthcare,74.39,36280003000,650064
2026-08-14,ALC,2027-12-31,3.88221,3.99199,3.78241,17,11574455221,16,Healthcare,74.39,36280003000,650064
2026-08-14,ALGN,2029-12-31,15.345,15.68781,15.11503,1,4851500000,10,Healthcare,181.72,13014446038,553968.8197
2026-08-14,ALGN,2028-12-31,13.80295,15.404,12.45257,5,4559313807,12,Healthcare,181.72,13014446038,553968.8197
2026-08-14,ALGN,2027-12-31,12.52089,12.94567,12.11634,10,4330932152,12,Healthcare,181.72,13014446038,553968.8197
2026-08-14,ALGN,2026-12-31,11.28009,11.63819,11.15078,10,4169141359,12,Healthcare,181.72,13014446038,553968.8197
2026-08-14,ALH,2028-12-31,1.63351,1.64603,1.62834,2,2058839195,1,Industrials,25.16,4996993886,509463
2026-08-14,ALH,2027-12-31,1.46471,1.48505,1.44437,5,1939787055,5,Industrials,25.16,4996993886,509463
2026-08-14,ALH,2026-12-31,1.28921,1.29909,1.27922,5,1826604576,5,Industrials,25.16,4996993886,509463
2026-08-14,ALH,2025-12-31,0.93592,1.03877,0.87421,5,1692521435,5,Industrials,25.16,4996993886,509463
2026-08-14,ALHC,2030-12-31,1.71333,1.77987,1.6579,4,13129682000,4,Healthcare,14.0242,2909109927,2101120.4429
2026-08-14,ALHC,2029-12-31,1.28,1.32971,1.23859,2,10427572000,4,Healthcare,14.0242,2909109927,2101120.4429
2026-08-14,ALHC,2028-12-31,0.7605,0.89148,0.59161,7,8074445579,9,Healthcare,14.0242,2909109927,2101120.4429
2026-08-14,ALHC,2027-12-31,0.4355,0.53228,0.38711,6,6501072038,9,Healthcare,14.0242,2909109927,2101120.4429
2026-08-14,ALK,2030-12-31,13.46,13.87099,13.03923,1,20361000000,6,Industrials,46.115,5138548335,942424
2026-08-14,ALK,2029-12-31,11.66,12.01603,11.2955,1,19203000000,6,Industrials,46.115,5138548335,942424
2026-08-14,ALK,2028-12-31,8.7277,10.62503,6.83037,2,17841667631,8,Industrials,46.115,5138548335,942424
2026-08-14,ALK,2027-12-31,5.987,7.75295,4.95327,9,16870746127,10,Industrials,46.115,5138548335,942424
2026-08-14,ALLE,2029-12-31,12.54973,12.83228,12.22748,1,5166498875,4,Industrials,164.60001,13997058130,544871
2026-08-14,ALLE,2028-12-31,10.64645,10.90412,10.21923,4,4839063801,6,Industrials,164.60001,13997058130,544871
2026-08-14,ALLE,2027-12-31,9.71985,10.04795,9.48403,8,4624150854,9,Industrials,164.60001,13997058130,544871
2026-08-14,ALLE,2026-12-31,8.93284,9.02348,8.78178,7,4413005465,8,Industrials,164.60001,13997058130,544871
2026-08-14,ALLY,2028-12-31,7.14799,7.70519,5.62024,7,10000955631,10,Financial Services,44.88,13652496000,1075291
2026-08-14,ALLY,2027-12-31,6.41569,6.54662,6.18404,11,9652584542,11,Financial Services,44.88,13652496000,1075291
2026-08-14,ALLY,2026-12-31,5.2303,5.49232,5.00859,11,9081608456,11,Financial Services,44.88,13652496000,1075291
2026-08-14,ALLY,2025-12-31,3.74389,3.90406,3.64379,13,7934441982,11,Financial Services,44.88,13652496000,1075291
2026-08-14,ALM,2030-12-31,2.40019,3.60723,1.24598,1,1197251565,3,Basic Materials,15.1617,4302011081,3776329.92269
2026-08-14,ALM,2029-12-31,2.46507,3.70474,1.27966,1,1228678550,4,Basic Materials,15.1617,4302011081,3776329.92269
2026-08-14,ALM,2028-12-31,1.9246,2.89247,0.99909,1,971090084,2,Basic Materials,15.1617,4302011081,3776329.92269
2026-08-14,ALM,2027-12-31,1.46966,2.74571,0.73043,3,704808032,6,Basic Materials,15.1617,4302011081,3776329.92269
2026-08-14,ALMS,2030-12-31,1.27648,2.58327,0.34568,2,875794500,3,Healthcare,24.9239,3076408619,672215.45263
2026-08-14,ALMS,2029-12-31,-0.81102,-0.21963,-1.6413,3,426583100,4,Healthcare,24.9239,3076408619,672215.45263
2026-08-14,ALMS,2028-12-31,-1.94518,-1.00009,-2.81026,6,174250254,6,Healthcare,24.9239,3076408619,672215.45263
2026-08-14,ALMS,2027-12-31,-2.734,-2.20708,-2.99249,7,26482401,8,Healthcare,24.9239,3076408619,672215.45263
2026-08-14,ALNY,2030-12-31,17.19,20.42073,14.73154,6,11014400000,10,Healthcare,227.9422,30500717840,744487.9584
2026-08-14,ALNY,2029-12-31,14.57917,17.31921,12.4941,9,9710466667,10,Healthcare,227.9422,30500717840,744487.9584
2026-08-14,ALNY,2028-12-31,12.85221,16.99672,8.77042,15,8534681336,21,Healthcare,227.9422,30500717840,744487.9584
2026-08-14,ALNY,2027-12-31,9.98552,11.8424,7.67406,14,7052058293,19,Healthcare,227.9422,30500717840,744487.9584
2026-08-14,ALOY,2030-12-31,2.37,2.90708,1.83292,1,674481500,1,Basic Materials,14.65,999584707,4232930
2026-08-14,ALOY,2029-12-31,0.37,0.45385,0.28615,1,195602000,1,Basic Materials,14.65,999584707,4232930
2026-08-14,ALOY,2028-12-31,0.063333,0.0776852,0.0489808,1,101476667,1,Basic Materials,14.65,999584707,4232930
2026-08-14,ALOY,2027-12-31,-0.14333,-0.01023786,-0.27642,1,32377000,1,Basic Materials,14.65,999584707,4232930
2026-08-14,AM,2030-12-31,1.79,1.91543,1.63119,1,1751970898,2,Energy,22.485,10673044890,692410
2026-08-14,AM,2029-12-31,1.58,1.69072,1.43982,1,1639960610,2,Energy,22.485,10673044890,692410
2026-08-14,AM,2028-12-31,1.45994,1.54423,1.40354,5,1484384988,4,Energy,22.485,10673044890,692410
2026-08-14,AM,2027-12-31,1.29946,1.40098,1.17764,4,1397583063,4,Energy,22.485,10673044890,692410
2026-08-14,AMAT,2029-10-26,22.6781,26.37711,19.5695,6,54164429366,10,Technology,504.36,400441161240,9192403.71104
2026-08-14,AMAT,2028-10-26,21.95064,28.65651,14.40413,11,52088825270,20,Technology,504.36,400441161240,9192403.71104
2026-08-14,AMAT,2027-10-26,17.0487,19.79036,13.10954,19,43128303560,25,Technology,504.36,400441161240,9192403.71104
2026-08-14,AMAT,2026-10-26,12.2915,12.60537,11.65364,20,33449919515,26,Technology,504.36,400441161240,9192403.71104
2026-08-14,AMCR,2029-06-30,4.47382,4.84291,4.23434,1,23786622706,4,Consumer Cyclical,46.14,21332630137,1437478
2026-08-14,AMCR,2028-06-30,4.45726,5.02197,3.70271,5,23596086685,18,Consumer Cyclical,46.14,21332630137,1437478
2026-08-14,AMCR,2027-06-30,4.58935,4.81665,4.23216,9,23950447361,16,Consumer Cyclical,46.14,21332630137,1437478
2026-08-14,AMCR,2026-06-30,3.98175,4.01184,3.86139,9,23113032150,16,Consumer Cyclical,46.14,21332630137,1437478
2026-08-14,AMD,2030-12-27,42.5425,57.33228,30.1523,10,237778750000,30,Technology,507.6474,827769850440,18183139.07962
2026-08-14,AMD,2029-12-27,29.412,39.637,20.84596,8,160429600000,26,Technology,507.6474,827769850440,18183139.07962
2026-08-14,AMD,2028-12-27,21.5529,30.29144,13.68667,19,117988881310,34,Technology,507.6474,827769850440,18183139.07962
2026-08-14,AMD,2027-12-27,15.10426,20.66411,9.26642,29,86092043224,36,Technology,507.6474,827769850440,18183139.07962
2026-08-14,AMGN,2030-12-31,28.32565,30.6878,26.85633,4,43907303782,13,Healthcare,413.9765,223426428862,540064.3787
2026-08-14,AMGN,2029-12-31,26.61043,28.82954,25.23008,4,42223226703,13,Healthcare,413.9765,223426428862,540064.3787
2026-08-14,AMGN,2028-12-31,25.14694,29.23094,21.67704,11,40768322344,27,Healthcare,413.9765,223426428862,540064.3787
2026-08-14,AMGN,2027-12-31,23.94021,24.79307,22.59571,19,39635689075,23,Healthcare,413.9765,223426428862,540064.3787
2026-08-14,AMH,2029-12-31,0.86,0.88206,0.8407,1,2084417822,2,Real Estate,34.215,12289343700,572375
2026-08-14,AMH,2028-12-31,0.70257,0.76739,0.61641,5,2062732241,5,Real Estate,34.215,12289343700,572375
2026-08-14,AMH,2027-12-31,0.78924,0.79709,0.78139,6,1962103375,10,Real Estate,34.215,12289343700,572375
2026-08-14,AMH,2026-12-31,0.88323,0.89238,0.87865,6,1896399685,7,Real Estate,34.215,12289343700,572375
2026-08-14,AMKR,2029-12-31,3.64,3.84602,3.47869,2,10545000000,5,Technology,58.19,14457421880,2099658
2026-08-14,AMKR,2028-12-31,3.33466,4.53094,2.48147,7,9508249758,10,Technology,58.19,14457421880,2099658
2026-08-14,AMKR,2027-12-31,2.67469,3.3997,2.273,6,8581075919,7,Technology,58.19,14457421880,2099658
2026-08-14,AMKR,2026-12-31,2.47885,2.58292,2.40316,6,7658399262,7,Technology,58.19,14457421880,2099658
2026-08-14,AMLX,2030-12-31,2.52,7.40187,0.18268,1,611817333,3,Healthcare,21.6832,2410875214,880231.27344
2026-08-14,AMLX,2029-12-31,0.945,2.7757,0.06850681,1,369487167,4,Healthcare,21.6832,2410875214,880231.27344
2026-08-14,AMLX,2028-12-31,-0.72488,-0.47747,-0.86812,4,130856540,6,Healthcare,21.6832,2410875214,880231.27344
2026-08-14,AMLX,2027-12-31,-1.3548,-0.95696,-1.8064,6,32043252,6,Healthcare,21.6832,2410875214,880231.27344
2026-08-14,AMPL,2030-12-31,0,0,0,0,698000000,2,Technology,12.9988,1727136231,1616281.56162
2026-08-14,AMPL,2029-12-31,0.41,0.42068,0.39658,1,632200000,2,Technology,12.9988,1727136231,1616281.56162
2026-08-14,AMPL,2028-12-31,0.27299,0.2801,0.26405,1,566450861,4,Technology,12.9988,1727136231,1616281.56162
2026-08-14,AMPL,2027-12-31,0.16008,0.21725,0.08004,7,472859105,9,Technology,12.9988,1727136231,1616281.56162
2026-08-14,AMPX,2030-12-31,0.605,0.69034,0.53597,1,748313333,5,Industrials,12.69,1797248787,6207264.26716
2026-08-14,AMPX,2029-12-31,0.435,0.49636,0.38537,1,553437333,3,Industrials,12.69,1797248787,6207264.26716
2026-08-14,AMPX,2028-12-31,0.33286,0.59439,0.17832,5,364763375,7,Industrials,12.69,1797248787,6207264.26716
2026-08-14,AMPX,2027-12-31,0.061,0.122,0.01016667,7,211062273,8,Industrials,12.69,1797248787,6207264.26716
2026-08-14,AMRX,2028-12-31,1.41428,1.43142,1.39846,1,3646189667,4,Healthcare,17.7008,5652414165,651776.61543
2026-08-14,AMRX,2027-12-31,1.17257,1.18304,1.1621,2,3371941907,3,Healthcare,17.7008,5652414165,651776.61543
2026-08-14,AMRX,2026-12-31,0.98961,0.99951,0.97971,2,3141831589,3,Healthcare,17.7008,5652414165,651776.61543
2026-08-14,AMRX,2025-12-31,0.79997,0.82022,0.78984,4,3011925000,3,Healthcare,17.7008,5652414165,651776.61543
2026-08-14,AMRZ,2030-12-31,3.66,3.86185,3.55778,2,14775500000,14,Basic Materials,46.63,25811411658,1272531
2026-08-14,AMRZ,2029-12-31,3.86354,4.07662,3.75563,3,14198723045,14,Basic Materials,46.63,25811411658,1272531
2026-08-14,AMRZ,2028-12-31,3.59539,3.73053,3.41244,6,13934402654,16,Basic Materials,46.63,25811411658,1272531
2026-08-14,AMRZ,2027-12-31,3.14449,3.27678,2.80867,11,13180869043,16,Basic Materials,46.63,25811411658,1272531
2026-08-14,AMT,2030-12-31,9.265,9.46385,8.93887,5,13288189000,12,Real Estate,175.56,81803937600,831345
2026-08-14,AMT,2029-12-31,8.6625,8.84841,8.35757,9,12766132250,8,Real Estate,175.56,81803937600,831345
2026-08-14,AMT,2028-12-31,7.71647,8.68621,6.4129,12,12046255995,14,Real Estate,175.56,81803937600,831345
2026-08-14,AMT,2027-12-31,6.98019,7.0832,6.90748,10,11373181771,14,Real Estate,175.56,81803937600,831345
2026-08-14,AMTM,2030-10-03,3.6,3.66423,3.53338,1,16794000000,5,Industrials,21.355,5212549296,673996
2026-08-14,AMTM,2029-10-03,3.35,3.40977,3.28801,1,16123000000,5,Industrials,21.355,5212549296,673996
2026-08-14,AMTM,2028-10-03,3.11989,3.62621,2.60462,5,15219654377,10,Industrials,21.355,5212549296,673996
2026-08-14,AMTM,2027-10-03,2.77544,2.92152,2.65858,7,14686631964,8,Industrials,21.355,5212549296,673996
2026-08-14,AMX,2030-12-31,38.90605,40.08925,37.44409,1,1073404872207,4,Communication Services,23.465,70419051250,1225559
2026-08-14,AMX,2029-12-31,49.85252,51.36862,47.97923,1,1086282669975,4,Communication Services,23.465,70419051250,1225559
2026-08-14,AMX,2028-12-31,42.85494,44.15823,41.24459,2,1069068825571,3,Communication Services,23.465,70419051250,1225559
2026-08-14,AMX,2027-12-31,37.22416,41.6138,32.83452,5,1025304576902,9,Communication Services,23.465,70419051250,1225559
2026-08-14,AMZN,2030-12-31,19.82384,21.66919,18.74614,25,1365005770179,18,Consumer Cyclical,263.515,2834657206500,16569018.82223
2026-08-14,AMZN,2029-12-31,16.20478,17.71324,15.32383,21,1220190067551,18,Consumer Cyclical,263.515,2834657206500,16569018.82223
2026-08-14,AMZN,2028-12-31,13.57301,23.39755,10.1354,28,1092145798751,36,Consumer Cyclical,263.515,2834657206500,16569018.82223
2026-08-14,AMZN,2027-12-31,10.42302,11.98749,8.60458,41,942118693969,46,Consumer Cyclical,263.515,2834657206500,16569018.82223
2026-08-14,ANET,2029-12-31,7.14788,7.85681,6.51781,3,21983759691,10,Technology,199.21,250839143744,2375772
2026-08-14,ANET,2028-12-31,6.25967,7.00901,5.74717,9,19380400666,20,Technology,199.21,250839143744,2375772
2026-08-14,ANET,2027-12-31,5.05255,5.58197,4.67275,16,15902555960,20,Technology,199.21,250839143744,2375772
2026-08-14,ANET,2026-12-31,4.02475,4.14638,3.93629,15,12453660985,18,Technology,199.21,250839143744,2375772
2026-08-14,APA,2030-12-31,3.57,4.00046,2.99579,4,7975500000,2,Energy,40.6086,14353921842,2130153.40211
2026-08-14,APA,2029-12-31,10.23728,11.47165,8.59069,2,9946081133,2,Energy,40.6086,14353921842,2130153.40211
2026-08-14,APA,2028-12-31,4.07257,5.46787,2.08086,7,8114601092,4,Energy,40.6086,14353921842,2130153.40211
2026-08-14,APA,2027-12-31,3.86958,5.10535,2.18444,14,8037339508,4,Energy,40.6086,14353921842,2130153.40211
2026-08-14,APG,2028-12-31,2.23301,2.26995,2.16777,1,10240682379,4,Industrials,43.605,18844349751,589521
2026-08-14,APG,2027-12-31,1.98094,2.15276,1.90009,6,9605715568,7,Industrials,43.605,18844349751,589521
2026-08-14,APG,2026-12-31,1.72022,1.8007,1.66992,3,8948902134,6,Industrials,43.605,18844349751,589521
2026-08-14,APG,2025-12-31,1.45015,1.48057,1.37916,8,7885738648,7,Industrials,43.605,18844349751,589521
2026-08-14,APGE,2030-12-31,-1.18167,-1.18167,-1.18167,4,801385890,5,Healthcare,134.55499,8325936485,984545
2026-08-14,APGE,2029-12-31,-5.57475,-5.57475,-5.57475,4,239053936,5,Healthcare,134.55499,8325936485,984545
2026-08-14,APGE,2028-12-31,-6.08176,-2.74777,-11.23088,10,53818182,10,Healthcare,134.55499,8325936485,984545
2026-08-14,APGE,2027-12-31,-5.53978,-4.93856,-6.30204,10,11538462,8,Healthcare,134.55499,8325936485,984545
2026-08-14,APH,2029-12-31,8.50533,8.98513,7.86091,1,50016345527,4,Technology,167.285,206259059300,2326755
2026-08-14,APH,2028-12-31,7.26343,8.37637,5.87957,5,46553527941,9,Technology,167.285,206259059300,2326755
2026-08-14,APH,2027-12-31,6.43017,6.82447,6.1673,10,41501555297,11,Technology,167.285,206259059300,2326755
2026-08-14,APH,2026-12-31,5.27154,5.37195,5.13097,8,35267786424,11,Technology,167.285,206259059300,2326755
2026-08-14,APLD,2031-05-31,0,0,0,2,7949000000,1,Technology,31.1244,8960204413,13473835.26825
2026-08-14,APLD,2030-05-31,0.37,0.44688,0.26967,1,6927000000,1,Technology,31.1244,8960204413,13473835.26825
2026-08-14,APLD,2029-05-31,1.39333,5.42,-1.36,3,3357387000,2,Technology,31.1244,8960204413,13473835.26825
2026-08-14,APLD,2028-05-31,0.03,0.09705882,-0.03794118,3,2049885202,5,Technology,31.1244,8960204413,13473835.26825
2026-08-14,APLE,2028-12-31,0.86667,0.87862,0.85065,1,1525372708,2,Real Estate,16.055,3790064579,588692
2026-08-14,APLE,2027-12-31,0.71139,0.7212,0.69824,3,1467036816,5,Real Estate,16.055,3790064579,588692
2026-08-14,APLE,2026-12-31,0.69415,0.70372,0.68132,3,1438350137,5,Real Estate,16.055,3790064579,588692
2026-08-14,APLE,2025-12-31,0.71333,0.72317,0.70015,2,1408538530,4,Real Estate,16.055,3790064579,588692
2026-08-14,APO,2029-12-31,13.44113,13.83728,13.0776,1,8425000000,1,Financial Services,141.545,81525927157,1417229
2026-08-14,APO,2028-12-31,12.40947,13.38857,11.43037,2,30663052479,3,Financial Services,141.545,81525927157,1417229
2026-08-14,APO,2027-12-31,10.68547,11.21376,10.21698,11,26913101027,6,Financial Services,141.545,81525927157,1417229
2026-08-14,APO,2026-12-31,8.80232,8.9611,8.69316,11,23192671081,5,Financial Services,141.545,81525927157,1417229
2026-08-14,APP,2030-12-31,0,0,0,6,15304000000,8,Technology,316.7761,106417607497,3156570.96643
2026-08-14,APP,2029-12-31,34.38,37.88179,31.15702,9,13684000000,13,Technology,316.7761,106417607497,3156570.96643
2026-08-14,APP,2028-12-31,28.07104,31.3149,21.2107,15,13684924272,17,Technology,316.7761,106417607497,3156570.96643
2026-08-14,APP,2027-12-31,21.23981,22.68359,20.08072,19,10629362518,23,Technology,316.7761,106417607497,3156570.96643
2026-08-14,APPS,2028-03-31,0.95,0.96319,0.93539,1,732477800,2,Technology,12.605,1524398280,1817274.63675
2026-08-14,APPS,2027-03-31,0.725,0.73506,0.71385,1,662665400,2,Technology,12.605,1524398280,1817274.63675
2026-08-14,APPS,2026-03-31,0.395,0.40048,0.38892,1,555926120,1,Technology,12.605,1524398280,1817274.63675
2026-08-14,APPS,2025-03-31,0.29,0.29403,0.28554,1,487990518,1,Technology,12.605,1524398280,1817274.63675
2026-08-14,APTV,2030-12-31,9.03,9.79685,8.61617,1,15559450000,5,Consumer Cyclical,49.555,10486878655,1399260
2026-08-14,APTV,2029-12-31,8.15,8.84212,7.7765,1,14775450000,5,Consumer Cyclical,49.555,10486878655,1399260
2026-08-14,APTV,2028-12-31,7.43704,8.20566,6.66841,2,13898351492,10,Consumer Cyclical,49.555,10486878655,1399260
2026-08-14,APTV,2027-12-31,6.56552,6.94891,6.23006,9,13308474227,12,Consumer Cyclical,49.555,10486878655,1399260
2026-08-14,AR,2030-12-31,5.88,6.40696,5.38538,2,7951000000,3,Energy,37.395,11496681405,1724313
2026-08-14,AR,2029-12-31,6.16994,6.72288,5.65093,3,7692486700,4,Energy,37.395,11496681405,1724313
2026-08-14,AR,2028-12-31,5.37151,6.93741,3.84703,6,7172754642,6,Energy,37.395,11496681405,1724313
2026-08-14,AR,2027-12-31,4.25982,5.32478,3.17458,11,6702518258,7,Energy,37.395,11496681405,1724313
2026-08-14,ARCC,2028-12-31,1.85675,1.90025,1.81,3,3148233000,2,Financial Services,19.945,14320965644,2629411.97849
2026-08-14,ARCC,2027-12-31,1.93237,2.02202,1.86265,10,3192401917,9,Financial Services,19.945,14320965644,2629411.97849
2026-08-14,ARCC,2026-12-31,1.90546,1.92541,1.87553,9,3096647500,9,Financial Services,19.945,14320965644,2629411.97849
2026-08-14,ARCC,2025-12-31,1.99582,2.02576,1.98584,9,3053853967,8,Financial Services,19.945,14320965644,2629411.97849
2026-08-14,ARE,2029-12-31,0.38,0.40243,0.36397,1,2341800000,1,Real Estate,48.185,8397151765,602613
2026-08-14,ARE,2028-12-31,-0.23499,-0.10138,-0.39541,3,1883119007,2,Real Estate,48.185,8397151765,602613
2026-08-14,ARE,2027-12-31,-0.4367,-0.40103,-0.48346,4,1806210041,4,Real Estate,48.185,8397151765,602613
2026-08-14,ARE,2026-12-31,2.01963,2.02916,2.0101,4,1918649830,3,Real Estate,48.185,8397151765,602613
2026-08-14,ARES,2029-12-31,9.68493,9.95543,9.35793,1,11808285279,1,Financial Services,144.21,47360720805,810116
2026-08-14,ARES,2028-12-31,8.57378,9.97515,7.91704,4,7366287798,2,Financial Services,144.21,47360720805,810116
2026-08-14,ARES,2027-12-31,7.28677,7.70429,6.7599,11,6740896110,5,Financial Services,144.21,47360720805,810116
2026-08-14,ARES,2026-12-31,5.88504,6.19012,5.66853,8,5638608080,4,Financial Services,144.21,47360720805,810116
2026-08-14,ARM,2031-03-31,10.19125,11.10538,9.3117,18,28090471429,11,Technology,276.25,295034604686,1341955.62377
2026-08-14,ARM,2030-03-31,5.9525,6.48642,5.43878,10,15954019012,10,Technology,276.25,295034604686,1341955.62377
2026-08-14,ARM,2029-03-31,4.03291,4.39465,3.68485,15,10907813458,10,Technology,276.25,295034604686,1341955.62377
2026-08-14,ARM,2028-03-31,3.03128,3.47706,2.81334,22,8180328310,21,Technology,276.25,295034604686,1341955.62377
2026-08-14,ARMK,2030-10-03,3.88,3.96165,3.79335,2,27276000000,5,Industrials,62.18,16350452610,1227614
2026-08-14,ARMK,2029-10-03,3.8533,3.93439,3.76725,3,25350791218,5,Industrials,62.18,16350452610,1227614
2026-08-14,ARMK,2028-10-03,3.17532,3.89125,2.80094,7,22869879731,10,Industrials,62.18,16350452610,1227614
2026-08-14,ARMK,2027-10-03,2.71041,2.84337,2.58767,10,21441937117,12,Industrials,62.18,16350452610,1227614
2026-08-14,ARQT,2030-12-31,2.94,3.15669,2.78712,2,1069503667,6,Healthcare,25.88,3237148040,544575.48077
2026-08-14,ARQT,2029-12-31,2.525,2.7111,2.3937,3,933230333,6,Healthcare,25.88,3237148040,544575.48077
2026-08-14,ARQT,2028-12-31,1.89761,2.82563,1.18427,6,794788983,8,Healthcare,25.88,3237148040,544575.48077
2026-08-14,ARQT,2027-12-31,1.19487,1.55582,0.98328,5,662584587,6,Healthcare,25.88,3237148040,544575.48077
2026-08-14,ARR,2028-12-31,2.89494,3.04465,2.75607,1,511707252,1,Real Estate,16.78,1952532227,2307653
2026-08-14,ARR,2027-12-31,2.93366,2.97139,2.8865,4,559920845,2,Real Estate,16.78,1952532227,2307653
2026-08-14,ARR,2026-12-31,2.92544,3.07672,2.91546,4,469671256,2,Real Estate,16.78,1952532227,2307653
2026-08-14,ARR,2025-12-31,3.13983,3.16022,3.11944,4,506610576,2,Real Estate,16.78,1952532227,2307653
2026-08-14,ARX,2029-12-31,1.69,1.8257,1.51357,1,1669000000,2,Financial Services,19.64,4285474337,17421559
2026-08-14,ARX,2028-12-31,1.21552,1.31312,1.08863,1,1438191324,4,Financial Services,19.64,4285474337,17421559
2026-08-14,ARX,2027-12-31,0.92271,0.97397,0.87145,5,1240463415,6,Financial Services,19.64,4285474337,17421559
2026-08-14,ARX,2026-12-31,0.74191,0.76224,0.71142,5,1102775681,7,Financial Services,19.64,4285474337,17421559
2026-08-14,AS,2030-12-31,2.87,2.9837,2.75641,5,14024000000,6,Consumer Cyclical,32.97,19065621246,2204270
2026-08-14,AS,2029-12-31,2.31,2.40151,2.21857,9,12122000000,10,Consumer Cyclical,32.97,19065621246,2204270
2026-08-14,AS,2028-12-31,1.86542,1.93932,1.79159,6,10377274660,5,Consumer Cyclical,32.97,19065621246,2204270
2026-08-14,AS,2027-12-31,1.55079,1.68908,1.44214,12,9181765147,12,Consumer Cyclical,32.97,19065621246,2204270
2026-08-14,ASML,2030-12-31,97.29633,107.93949,80.79181,13,80842543011,17,Technology,1823.57,702836685848,596741.52072
2026-08-14,ASML,2029-12-31,76.64815,85.03263,63.64621,23,75059784968,30,Technology,1823.57,702836685848,596741.52072
2026-08-14,ASML,2028-12-31,67.27099,79.57372,45.99467,26,66358321861,34,Technology,1823.57,702836685848,596741.52072
2026-08-14,ASML,2027-12-31,52.29657,59.03765,43.97666,24,55027379777,27,Technology,1823.57,702836685848,596741.52072
2026-08-14,ASST,2027-12-31,-0.34333,-0.28032,-0.41015,2,10848500,3,Financial Services,12.285,1227610529,1686898.33997
2026-08-14,ASST,2026-12-31,-3.85667,-3.14888,-4.60725,2,12142250,3,Financial Services,12.285,1227610529,1686898.33997
2026-08-14,ASST,2025-12-31,-2.74,-2.23714,-3.27325,1,4988000,1,Financial Services,12.285,1227610529,1686898.33997
2026-08-14,ASTS,2030-12-31,4.02173,4.86237,3.22145,1,4083645577,2,Communication Services,70.24,28580097732,5158767.58736
2026-08-14,ASTS,2029-12-31,2.46525,2.98055,1.97469,1,3198128836,2,Communication Services,70.24,28580097732,5158767.58736
2026-08-14,ASTS,2028-12-31,0.60024,0.85727,0.34321,2,1832797631,5,Communication Services,70.24,28580097732,5158767.58736
2026-08-14,ASTS,2027-12-31,-0.74846,2.45923,-2.29884,6,684191860,8,Communication Services,70.24,28580097732,5158767.58736
2026-08-14,ASX,2028-12-31,72.3833,77.57491,66.5083,1,1211859690873,3,Technology,39.175,86138558038,2978136
2026-08-14,ASX,2027-12-31,53.96419,54.25908,53.6693,1,1012741397506,9,Technology,39.175,86138558038,2978136
2026-08-14,ASX,2026-12-31,35.95534,36.8933,35.01737,1,818915935465,7,Technology,39.175,86138558038,2978136
2026-08-14,ASX,2025-12-31,17.55591,18.81509,16.13098,1,648666380020,16,Technology,39.175,86138558038,2978136
2026-08-14,ATAT,2028-12-31,21.36154,25.43498,17.98166,8,17573327325,14,Consumer Cyclical,34.12,4715449920,514294
2026-08-14,ATAT,2027-12-31,18.19475,19.35921,17.24862,7,15002429878,12,Consumer Cyclical,34.12,4715449920,514294
2026-08-14,ATAT,2026-12-31,15.21699,16.23146,14.56484,7,12603660028,12,Consumer Cyclical,34.12,4715449920,514294
2026-08-14,ATAT,2025-12-31,11.88044,12.02988,11.65628,6,9766676908,9,Consumer Cyclical,34.12,4715449920,514294
2026-08-14,ATEN,2029-12-31,0,0,0,0,394400000,1,Technology,27.58,1985709667,555069.05424
2026-08-14,ATEN,2028-12-31,1.325,1.34089,1.30795,1,405947700,2,Technology,27.58,1985709667,555069.05424
2026-08-14,ATEN,2027-12-31,1.182,1.20221,1.16179,3,365416750,5,Technology,27.58,1985709667,555069.05424
2026-08-14,ATEN,2026-12-31,1.0345,1.06406,1.00494,3,326200850,4,Technology,27.58,1985709667,555069.05424
2026-08-14,ATI,2030-12-28,7.05,7.18954,6.91975,2,6422400000,3,Industrials,227.62,31063398594,697286
2026-08-14,ATI,2029-12-28,7.31691,7.46173,7.18173,2,6221141048,3,Industrials,227.62,31063398594,697286
2026-08-14,ATI,2028-12-28,6.3667,6.60384,5.8376,4,5849700853,4,Industrials,227.62,31063398594,697286
2026-08-14,ATI,2027-12-28,5.42423,5.66266,5.06659,6,5461913970,6,Industrials,227.62,31063398594,697286
2026-08-14,AU,2030-12-31,6.58,8.28514,5.38049,1,10916500000,6,Basic Materials,96.085,48594618631,720175
2026-08-14,AU,2029-12-31,8.12,10.22421,6.63976,1,12553666667,6,Basic Materials,96.085,48594618631,720175
2026-08-14,AU,2028-12-31,9.99862,10.43676,9.1226,3,14358587267,8,Basic Materials,96.085,48594618631,720175
2026-08-14,AU,2027-12-31,10.11361,11.74612,7.11404,4,13903650162,6,Basic Materials,96.085,48594618631,720175
2026-08-14,AUB,2028-12-31,4.94,5.02219,4.869,4,1733692369,1,Financial Services,42.74,6065838812,699662
2026-08-14,AUB,2027-12-31,4.03317,4.29402,3.81245,7,1616124506,6,Financial Services,42.74,6065838812,699662
2026-08-14,AUB,2026-12-31,3.76663,3.81672,3.73658,7,1553080200,6,Financial Services,42.74,6065838812,699662
2026-08-14,AUB,2025-12-31,3.23793,3.44483,2.75172,6,1361143411,5,Financial Services,42.74,6065838812,699662
2026-08-14,AVAH,2029-01-03,0.87386,0.92435,0.82338,2,2918919735,3,Healthcare,12.395,2699075741,4194183
2026-08-14,AVAH,2028-01-03,0.77631,0.78578,0.75738,5,2801627420,7,Healthcare,12.395,2699075741,4194183
2026-08-14,AVAH,2027-01-03,0.70721,0.72659,0.68783,5,2634881576,7,Healthcare,12.395,2699075741,4194183
2026-08-14,AVAH,2026-01-03,0.58029,0.62249,0.55919,6,2416213752,7,Healthcare,12.395,2699075741,4194183
2026-08-14,AVAV,2031-04-30,7.4,7.92805,6.93117,5,4423000000,6,Industrials,191.48,9690419840,1165406.51802
2026-08-14,AVAV,2030-04-30,8.28333,8.87441,7.75853,4,3652633333,6,Industrials,191.48,9690419840,1165406.51802
2026-08-14,AVAV,2029-04-30,5.78609,8.59318,4.50552,8,2938181347,11,Industrials,191.48,9690419840,1165406.51802
2026-08-14,AVAV,2028-04-30,4.46433,5.00386,3.73438,11,2519994723,12,Industrials,191.48,9690419840,1165406.51802
2026-08-14,AVB,2030-12-31,5,5.11185,4.88694,2,3697800500,3,Real Estate,184.04,26280537111,586193
2026-08-14,AVB,2029-12-31,5.705,5.83262,5.576,3,3585086333,4,Real Estate,184.04,26280537111,586193
2026-08-14,AVB,2028-12-31,5.7602,7.42641,5.06025,6,3416259123,6,Real Estate,184.04,26280537111,586193
2026-08-14,AVB,2027-12-31,5.35601,5.44772,5.28723,7,3243009013,10,Real Estate,184.04,26280537111,586193
2026-08-14,AVEX,2030-12-31,1.32333,1.3644,1.24982,1,1107292250,6,Industrials,21.31,1203382796,1698932
2026-08-14,AVEX,2029-12-31,1.04,1.07228,0.98223,1,931166667,6,Industrials,21.31,1203382796,1698932
2026-08-14,AVEX,2028-12-31,0.80976,0.86956,0.74962,4,817433250,8,Industrials,21.31,1203382796,1698932
2026-08-14,AVEX,2027-12-31,0.53125,0.625,0.39583,5,683100513,7,Industrials,21.31,1203382796,1698932
2026-08-14,AVGO,2030-11-02,35,40.09806,25.87497,5,139000000000,17,Technology,389.54,1853267713200,18116900
2026-08-14,AVGO,2029-11-02,32.32314,37.03129,23.89601,11,290276994148,13,Technology,389.54,1853267713200,18116900
2026-08-14,AVGO,2028-11-02,26.13553,30.12527,20.29113,13,234229952502,27,Technology,389.54,1853267713200,18116900
2026-08-14,AVGO,2027-11-02,19.54645,22.8844,16.60783,28,174883814077,35,Technology,389.54,1853267713200,18116900
2026-08-14,AVPT,2029-12-31,0,0,0,0,972000000,2,Technology,13.5424,2871221675,701228.28146
2026-08-14,AVPT,2028-12-31,0.60534,0.61899,0.59002,1,734230874,5,Technology,13.5424,2871221675,701228.28146
2026-08-14,AVPT,2027-12-31,0.49744,0.53889,0.46635,6,616427021,11,Technology,13.5424,2871221675,701228.28146
2026-08-14,AVPT,2026-12-31,0.40339,0.43442,0.37236,6,512839296,10,Technology,13.5424,2871221675,701228.28146
2026-08-14,AVTR,2030-12-31,1.10333,1.11675,1.08658,1,7431500000,4,Healthcare,13.72,9279645480,1712295
2026-08-14,AVTR,2029-12-31,1.02167,1.0341,1.00616,1,7221800000,4,Healthcare,13.72,9279645480,1712295
2026-08-14,AVTR,2028-12-31,0.95851,0.97715,0.93987,2,6985921977,9,Healthcare,13.72,9279645480,1712295
2026-08-14,AVTR,2027-12-31,0.88336,0.92397,0.8529,9,6749692509,12,Healthcare,13.72,9279645480,1712295
2026-08-14,AWK,2030-12-31,8.25333,8.80661,7.8578,3,7527666667,5,Utilities,135.88,27003295025,910688
2026-08-14,AWK,2029-12-31,7.725,8.24287,7.35479,3,7020666667,3,Utilities,135.88,27003295025,910688
2026-08-14,AWK,2028-12-31,7.08946,7.33432,6.95616,9,6111713129,7,Utilities,135.88,27003295025,910688
2026-08-14,AWK,2027-12-31,6.56536,6.82439,6.45577,9,5753996261,7,Utilities,135.88,27003295025,910688
2026-08-14,AXIA,2030-12-31,0,0,0,0,55103914470,5,Utilities,10.22,23290666092,21163323
2026-08-14,AXIA,2029-12-31,3.50391,3.86542,3.04768,1,50431477549,5,Utilities,10.22,23290666092,21163323
2026-08-14,AXIA,2028-12-31,5.4708,6.03524,4.75848,1,48534515897,4,Utilities,10.22,23290666092,21163323
2026-08-14,AXIA,2027-12-31,5.50977,6.07823,4.79237,1,52926215947,11,Utilities,10.22,23290666092,21163323
2026-08-14,AXP,2030-12-31,29.32,29.70458,28.68334,11,76422693230,12,Financial Services,342.58,231347699800,678075
2026-08-14,AXP,2029-12-31,27.17591,27.53237,26.58581,7,103981138688,8,Financial Services,342.58,231347699800,678075
2026-08-14,AXP,2028-12-31,22.99191,23.69632,21.89674,14,94021809889,14,Financial Services,342.58,231347699800,678075
2026-08-14,AXP,2027-12-31,20.11559,20.37399,19.89694,21,86674567810,18,Financial Services,342.58,231347699800,678075
2026-08-14,AXTA,2029-12-31,3.47,3.53776,3.41139,1,5535000000,4,Basic Materials,37.325,7988296239,823154
2026-08-14,AXTA,2028-12-31,3.08418,3.21364,2.95447,4,5551372623,9,Basic Materials,37.325,7988296239,823154
2026-08-14,AXTA,2027-12-31,2.86409,2.97425,2.78398,9,5415228429,11,Basic Materials,37.325,7988296239,823154
2026-08-14,AXTA,2026-12-31,2.64981,2.72034,2.57928,9,5241026786,10,Basic Materials,37.325,7988296239,823154
2026-08-14,AXTI,2028-12-31,3.29,3.55354,3.00924,1,677045000,3,Technology,79.32,4025626272,7115259.01935
2026-08-14,AXTI,2027-12-31,2.216,3.15234,1.56056,3,460552000,4,Technology,79.32,4025626272,7115259.01935
2026-08-14,AXTI,2026-12-31,0.856,0.95111,0.72919,3,217978200,4,Technology,79.32,4025626272,7115259.01935
2026-08-14,AXTI,2025-12-31,-0.41526,-0.37373,-0.46717,4,90489400,3,Technology,79.32,4025626272,7115259.01935
2026-08-14,AYA,2030-12-31,1.96407,2.15013,1.71357,1,202102000,1,Basic Materials,25.77,3694123032,962852.91073
2026-08-14,AYA,2029-12-31,0.50038,0.54778,0.43656,1,306000000,1,Basic Materials,25.77,3694123032,962852.91073
2026-08-14,AYA,2028-12-31,1.12959,1.2366,0.98552,1,379180000,1,Basic Materials,25.77,3694123032,962852.91073
2026-08-14,AYA,2027-12-31,1.52375,2.07435,1.17803,4,504312500,3,Basic Materials,25.77,3694123032,962852.91073
2026-08-14,AZN,2030-12-31,16.65222,17.17743,15.57144,4,82337400000,10,Healthcare,156.23,242292803332,2528718
2026-08-14,AZN,2029-12-31,14.87305,15.34214,13.90774,4,77397813729,10,Healthcare,156.23,242292803332,2528718
2026-08-14,AZN,2028-12-31,12.7903,14.03932,9.69891,11,71800508798,21,Healthcare,156.23,242292803332,2528718
2026-08-14,AZN,2027-12-31,11.49853,11.91244,11.20577,7,67460372220,18,Healthcare,156.23,242292803332,2528718
2026-08-14,B,2030-12-31,4.37904,4.9345,3.74115,3,20821440727,2,Basic Materials,41.595,69692838450,5826115
2026-08-14,B,2029-12-31,4.76421,5.36853,4.07021,3,26225448833,2,Basic Materials,41.595,69692838450,5826115
2026-08-14,B,2028-12-31,4.71709,5.31543,4.02995,4,25641399916,1,Basic Materials,41.595,69692838450,5826115
2026-08-14,B,2027-12-31,4.16679,5.07261,3.51258,9,24632548606,5,Basic Materials,41.595,69692838450,5826115
2026-08-14,BA,2030-12-31,14.93333,15.74312,14.18795,5,144632333333,10,Industrials,230.61501,182271185454,1366077
2026-08-14,BA,2029-12-31,12.12214,12.77949,11.51708,10,134663605917,10,Industrials,230.61501,182271185454,1366077
2026-08-14,BA,2028-12-31,8.06292,12.82857,5.20351,13,122966463051,20,Industrials,230.61501,182271185454,1366077
2026-08-14,BA,2027-12-31,3.99972,5.33296,1.62838,16,112672831405,19,Industrials,230.61501,182271185454,1366077
2026-08-14,BABA,2031-03-31,0,0,0,10,1817710115162,14,Consumer Cyclical,123.705,296505065233,5417559
2026-08-14,BABA,2030-03-31,72.05185,78.61238,61.26499,9,1587295623487,20,Consumer Cyclical,123.705,296505065233,5417559
2026-08-14,BABA,2029-03-31,77.38235,137.54423,43.6101,16,1418566124584,30,Consumer Cyclical,123.705,296505065233,5417559
2026-08-14,BABA,2028-03-31,60.65154,84.21719,47.82627,18,1265883760319,28,Consumer Cyclical,123.705,296505065233,5417559
2026-08-14,BAC,2029-12-31,6.82,7.03076,6.63436,2,133400000000,1,Financial Services,64.46,457446191400,11066379
2026-08-14,BAC,2028-12-31,5.86532,6.14585,5.51403,7,135904690945,3,Financial Services,64.46,457446191400,11066379
2026-08-14,BAC,2027-12-31,5.24175,5.381,5.11245,15,130220537347,9,Financial Services,64.46,457446191400,11066379
2026-08-14,BAC,2026-12-31,4.63255,4.9592,4.53356,15,123872126891,9,Financial Services,64.46,457446191400,11066379
2026-08-14,BAM,2029-12-31,2.72965,2.81968,2.61287,1,5078006687,4,Financial Services,54.16,86481952182,1119116
2026-08-14,BAM,2028-12-31,2.52957,2.65072,2.30677,3,7982599339,6,Financial Services,54.16,86481952182,1119116
2026-08-14,BAM,2027-12-31,2.16641,2.30554,2.03722,9,7070606178,8,Financial Services,54.16,86481952182,1119116
2026-08-14,BAM,2026-12-31,1.83912,1.93853,1.75959,8,6091082177,6,Financial Services,54.16,86481952182,1119116
2026-08-14,BANC,2028-12-31,2.57332,2.70782,2.41002,3,1381569657,3,Financial Services,19.615,3015315875,710681
2026-08-14,BANC,2027-12-31,2.10926,2.23983,2.00882,8,1294180941,7,Financial Services,19.615,3015315875,710681
2026-08-14,BANC,2026-12-31,-0.069939,-0.067894,-0.072393,7,1195203300,7,Financial Services,19.615,3015315875,710681
2026-08-14,BANC,2025-12-31,1.1164,1.15102,1.07313,7,1116162614,6,Financial Services,19.615,3015315875,710681
2026-08-14,BAX,2028-12-31,2.16255,3.06505,1.45025,3,12114866610,8,Healthcare,26.715,13811547926,2293125
2026-08-14,BAX,2027-12-31,2.02894,2.13998,1.9179,9,11828517690,11,Healthcare,26.715,13811547926,2293125
2026-08-14,BAX,2026-12-31,2.01706,2.10874,1.86425,7,11574411182,7,Healthcare,26.715,13811547926,2293125
2026-08-14,BAX,2025-12-31,2.36593,2.38598,2.3559,12,11083106369,10,Healthcare,26.715,13811547926,2293125
2026-08-14,BBIO,2030-12-31,10.412,12.41997,8.55094,5,4504970000,7,Healthcare,80.03,15674775197,2022022
2026-08-14,BBIO,2029-12-31,7.80231,9.307,6.40771,10,3568864227,10,Healthcare,80.03,15674775197,2022022
2026-08-14,BBIO,2028-12-31,3.84086,7.18879,-0.02296739,13,2475359974,15,Healthcare,80.03,15674775197,2022022
2026-08-14,BBIO,2027-12-31,0.57907,21.13606,-12.54652,12,1603704764,14,Healthcare,80.03,15674775197,2022022
2026-08-14,BBNX,2030-12-31,0.06,0.0645198,0.05629486,5,466127000,4,Healthcare,17.7949,800586999,644931.33106
2026-08-14,BBNX,2029-12-31,-1.15,-1.07898,-1.23663,5,343135000,4,Healthcare,17.7949,800586999,644931.33106
2026-08-14,BBNX,2028-12-31,-1.66374,-1.09,-2.49,8,250315821,9,Healthcare,17.7949,800586999,644931.33106
2026-08-14,BBNX,2027-12-31,-2.15411,-1.94371,-2.49476,5,179762755,8,Healthcare,17.7949,800586999,644931.33106
2026-08-14,BBVA,2029-12-31,2.65031,2.76624,2.53612,4,47507906093,13,Financial Services,28.695,158548071555,1265053
2026-08-14,BBVA,2028-12-31,2.56029,2.8134,2.10744,10,46726631759,17,Financial Services,28.695,158548071555,1265053
2026-08-14,BBVA,2027-12-31,2.32677,2.36189,2.28287,5,44464366987,11,Financial Services,28.695,158548071555,1265053
2026-08-14,BBVA,2026-12-31,2.06804,2.08564,2.04164,4,42168029672,7,Financial Services,28.695,158548071555,1265053
2026-08-14,BBWI,2029-01-31,3.11177,3.38438,2.83917,2,7444984969,6,Consumer Cyclical,19.325,3895182017,2688104
2026-08-14,BBWI,2028-01-31,2.83933,3.1918,2.63372,11,7227804873,13,Consumer Cyclical,19.325,3895182017,2688104
2026-08-14,BBWI,2027-01-31,2.64826,2.76909,2.51736,11,7092328178,13,Consumer Cyclical,19.325,3895182017,2688104
2026-08-14,BBWI,2026-01-31,2.97978,3.10018,2.91958,11,7195444672,9,Consumer Cyclical,19.325,3895182017,2688104
2026-08-14,BBY,2031-01-31,9.45,9.56953,9.30399,2,44033000000,3,Consumer Cyclical,86.41,18212376470,1563219
2026-08-14,BBY,2030-01-31,8.7,8.81004,8.56557,1,43310000000,4,Consumer Cyclical,86.41,18212376470,1563219
2026-08-14,BBY,2029-01-31,7.70971,7.93578,7.58092,4,43349520881,9,Consumer Cyclical,86.41,18212376470,1563219
2026-08-14,BBY,2028-01-31,7.05175,7.32067,6.84259,14,42566262526,17,Consumer Cyclical,86.41,18212376470,1563219
2026-08-14,BCE,2028-12-31,2.91416,3.15458,2.67374,2,26263760898,6,Communication Services,23.465,21881718296,1576231.63166
2026-08-14,BCE,2027-12-31,2.69212,2.98967,2.46541,9,25759072760,12,Communication Services,23.465,21881718296,1576231.63166
2026-08-14,BCE,2026-12-31,2.60018,2.88128,2.43152,10,25332285110,13,Communication Services,23.465,21881718296,1576231.63166
2026-08-14,BCE,2025-12-31,2.71164,2.75335,2.6282,11,24578313618,9,Communication Services,23.465,21881718296,1576231.63166
2026-08-14,BCS,2030-12-31,4.7711,4.82231,4.72096,1,47811489825,4,Financial Services,28.125,94828442625,1519918
2026-08-14,BCS,2029-12-31,4.36071,4.40751,4.31489,1,46772147342,4,Financial Services,28.125,94828442625,1519918
2026-08-14,BCS,2028-12-31,4.02391,4.0671,3.98162,1,45757539928,3,Financial Services,28.125,94828442625,1519918
2026-08-14,BCS,2027-12-31,3.44615,3.66784,3.21439,3,43783770685,9,Financial Services,28.125,94828442625,1519918
2026-08-14,BE,2030-12-31,12.87667,17.90219,9.72882,5,16054451714,12,Industrials,229.85,67697030950,7547332
2026-08-14,BE,2029-12-31,10.85429,15.09051,8.20083,10,12868886840,12,Industrials,229.85,67697030950,7547332
2026-08-14,BE,2028-12-31,7.73916,11.24342,4.02357,13,9734050788,25,Industrials,229.85,67697030950,7547332
2026-08-14,BE,2027-12-31,4.8288,5.63866,3.44191,16,6672845176,21,Industrials,229.85,67697030950,7547332
2026-08-14,BEAM,2030-12-31,-0.095714,-0.04334052,-0.18728,4,899380714,4,Healthcare,26.42,2718063180,789984.77981
2026-08-14,BEAM,2029-12-31,-2.63286,-1.19219,-5.1517,4,438701000,4,Healthcare,26.42,2718063180,789984.77981
2026-08-14,BEAM,2028-12-31,-4.50012,-2.88923,-6.33968,10,124384219,9,Healthcare,26.42,2718063180,789984.77981
2026-08-14,BEAM,2027-12-31,-4.66183,-4.062,-5.92463,9,64334669,8,Healthcare,26.42,2718063180,789984.77981
2026-08-14,BEKE,2028-12-31,8.56535,9.18338,8.0639,4,96464480175,17,Real Estate,16.945,18719844091,879057.27142
2026-08-14,BEKE,2027-12-31,7.85533,8.18539,7.32725,10,93008299643,18,Real Estate,16.945,18719844091,879057.27142
2026-08-14,BEKE,2026-12-31,6.73693,6.87441,6.32446,8,89177693348,18,Real Estate,16.945,18719844091,879057.27142
2026-08-14,BEKE,2025-12-31,4.71414,4.99144,4.43684,9,95358615106,15,Real Estate,16.945,18719844091,879057.27142
2026-08-14,BEN,2029-09-30,3.85575,3.95851,3.76719,1,8919352900,1,Financial Services,33.955,17644274301,879450
2026-08-14,BEN,2028-09-30,3.4493,3.54123,3.37007,1,8348527824,2,Financial Services,33.955,17644274301,879450
2026-08-14,BEN,2027-09-30,3.13731,3.30716,2.90751,6,7754480289,3,Financial Services,33.955,17644274301,879450
2026-08-14,BEN,2026-09-30,2.85808,2.93945,2.76654,6,7147589076,2,Financial Services,33.955,17644274301,879450
2026-08-14,BEPC,2029-12-31,0,0,0,0,3848000000,1,Utilities,35.765,5281128068,767786
2026-08-14,BEPC,2028-12-31,-1.925,-1.22302,-2.46825,1,7015631355,2,Utilities,35.765,5281128068,767786
2026-08-14,BEPC,2027-12-31,-0.31549,-0.13075,-0.49903,2,6846411420,2,Utilities,35.765,5281128068,767786
2026-08-14,BEPC,2026-12-31,-5.23301,-1.98786,-8.47816,2,5780704853,1,Utilities,35.765,5281128068,767786
2026-08-14,BETA,2030-12-31,0.36333,0.40457,0.2934,1,3414875000,3,Industrials,24.33,5407452715,2169107
2026-08-14,BETA,2029-12-31,-1.03667,-0.83714,-1.15435,1,2121775000,4,Industrials,24.33,5407452715,2169107
2026-08-14,BETA,2028-12-31,-1.82736,-1.65622,-2.01586,5,940993629,6,Industrials,24.33,5407452715,2169107
2026-08-14,BETA,2027-12-31,-2.14523,-2.04946,-2.23142,3,333160578,5,Industrials,24.33,5407452715,2169107
2026-08-14,BF-B,2031-04-30,0,0,0,13,4824000000,12,Consumer Defensive,28.335,13213805047,573785
2026-08-14,BF-B,2030-04-30,1.92862,1.97678,1.88162,12,4356918807,13,Consumer Defensive,28.335,13213805047,573785
2026-08-14,BF-B,2029-04-30,1.76873,1.8129,1.72563,12,4149915194,13,Consumer Defensive,28.335,13213805047,573785
2026-08-14,BF-B,2028-04-30,1.71147,1.83003,1.59612,16,4020067918,16,Consumer Defensive,28.335,13213805047,573785
2026-08-14,BGC,2027-12-31,1.585,1.60088,1.57503,2,3623343746,1,Financial Services,11.1145,5268396071,1194047.59699
2026-08-14,BGC,2026-12-31,1.41,1.42412,1.39588,1,3404064860,1,Financial Services,11.1145,5268396071,1194047.59699
2026-08-14,BGC,2025-12-31,1.17,1.18172,1.15828,1,2935968093,1,Financial Services,11.1145,5268396071,1194047.59699
2026-08-14,BGC,2024-12-31,0.99,0.99992,0.98008,1,2260500000,1,Financial Services,11.1145,5268396071,1194047.59699
2026-08-14,BHP,2030-06-30,7,7.53467,6.40142,1,57566000000,2,Basic Materials,86.645,220108200496,1530384
2026-08-14,BHP,2029-06-30,5.02605,5.15352,4.89858,2,58180543362,4,Basic Materials,86.645,220108200496,1530384
2026-08-14,BHP,2028-06-30,4.88481,5.25792,4.4671,4,56465057206,10,Basic Materials,86.645,220108200496,1530384
2026-08-14,BHP,2027-06-30,5.0081,5.24103,4.86252,5,57016437052,14,Basic Materials,86.645,220108200496,1530384
2026-08-14,BHVN,2030-12-31,0.34217,0.40948,0.2749,11,800259732,7,Healthcare,14.76,2222280212,564430
2026-08-14,BHVN,2029-12-31,-1.42816,-1.14738,-1.70911,7,350903127,10,Healthcare,14.76,2222280212,564430
2026-08-14,BHVN,2028-12-31,-1.95246,-0.42079,-3.10208,14,106260274,15,Healthcare,14.76,2222280212,564430
2026-08-14,BHVN,2027-12-31,-2.3726,-1.56268,-3.05865,11,23096070,10,Healthcare,14.76,2222280212,564430
2026-08-14,BIDU,2029-12-31,78.51962,90.81811,67.33199,4,170202751655,14,Communication Services,103.0815,35060571994,1760470.81698
2026-08-14,BIDU,2028-12-31,67.42438,93.77076,46.51396,11,153788184023,22,Communication Services,103.0815,35060571994,1760470.81698
2026-08-14,BIDU,2027-12-31,56.27171,69.6582,46.45899,14,138439925432,24,Communication Services,103.0815,35060571994,1760470.81698
2026-08-14,BIDU,2026-12-31,48.15432,50.83741,43.07058,14,129709961613,24,Communication Services,103.0815,35060571994,1760470.81698
2026-08-14,BILI,2029-12-31,14.58754,15.68805,13.56025,9,45575292897,11,Technology,17.345,7275545495,1164927.68895
2026-08-14,BILI,2028-12-31,11.77737,16.4904,9.38559,12,39925997595,23,Technology,17.345,7275545495,1164927.68895
2026-08-14,BILI,2027-12-31,9.04771,9.95899,8.3968,15,36547441858,24,Technology,17.345,7275545495,1164927.68895
2026-08-14,BILI,2026-12-31,7.1185,7.46745,6.83935,15,33201250246,24,Technology,17.345,7275545495,1164927.68895
2026-08-14,BILL,2030-06-30,7.22,7.41061,6.91038,1,2723000000,1,Technology,49.66,4945972122,838578
2026-08-14,BILL,2029-06-30,5.5744,5.72156,5.33535,1,2252000000,1,Technology,49.66,4945972122,838578
2026-08-14,BILL,2028-06-30,4.05916,5.44121,3.2469,6,2071594584,13,Technology,49.66,4945972122,838578
2026-08-14,BILL,2027-06-30,3.36733,3.72339,2.94006,14,1848995535,17,Technology,49.66,4945972122,838578
2026-08-14,BIRK,2028-09-30,2.90554,2.98717,2.81809,8,3051350249,13,Consumer Cyclical,39.72,7304748544,10016348
2026-08-14,BIRK,2027-09-30,2.45615,2.65336,2.1693,16,2683002385,15,Consumer Cyclical,39.72,7304748544,10016348
2026-08-14,BIRK,2026-09-30,2.01296,2.07503,1.91542,16,2351791290,16,Consumer Cyclical,39.72,7304748544,10016348
2026-08-14,BIRK,2025-09-30,1.71764,1.77961,1.49629,14,2095151793,13,Consumer Cyclical,39.72,7304748544,10016348
2026-08-14,BJ,2031-01-31,6.32,6.81673,5.93233,2,29966000000,3,Consumer Defensive,93.795,11977057511,591147
2026-08-14,BJ,2030-01-31,5.8,6.25586,5.44423,1,28173000000,4,Consumer Defensive,93.795,11977057511,591147
2026-08-14,BJ,2029-01-31,5.21056,5.43579,4.96941,5,26413106853,9,Consumer Defensive,93.795,11977057511,591147
2026-08-14,BJ,2028-01-31,4.89787,5.09778,4.68796,15,24997141151,16,Consumer Defensive,93.795,11977057511,591147
2026-08-14,BKD,2028-12-31,0.47,0.56,0.38,2,3236880000,2,Healthcare,12.685,3029051150,1575515
2026-08-14,BKD,2027-12-31,0.14333,0.14489,0.14114,3,3072232081,5,Healthcare,12.685,3029051150,1575515
2026-08-14,BKD,2026-12-31,-0.13333,-0.13129,-0.13478,2,2970340504,3,Healthcare,12.685,3029051150,1575515
2026-08-14,BKD,2025-12-31,-1.11775,-1.10068,-1.12992,1,3206301638,1,Healthcare,12.685,3029051150,1575515
2026-08-14,BKNG,2030-12-31,19.695,20.38603,19.13779,8,40601200000,11,Consumer Cyclical,213.83,165692162740,1683865
2026-08-14,BKNG,2029-12-31,17.157,17.75898,16.6716,9,37971223500,14,Consumer Cyclical,213.83,165692162740,1683865
2026-08-14,BKNG,2028-12-31,14.3314,15.27873,12.15423,18,34634737876,22,Consumer Cyclical,213.83,165692162740,1683865
2026-08-14,BKNG,2027-12-31,12.39287,12.8053,12.07098,26,32012571479,28,Consumer Cyclical,213.83,165692162740,1683865
2026-08-14,BKR,2030-12-31,5.24,5.40554,4.96604,1,38890000000,3,Energy,64.5086,64036009996,3817126.98168
2026-08-14,BKR,2029-12-31,4.62,4.76596,4.37845,1,36581000000,4,Energy,64.5086,64036009996,3817126.98168
2026-08-14,BKR,2028-12-31,3.45992,3.88952,3.02307,3,32181116178,6,Energy,64.5086,64036009996,3817126.98168
2026-08-14,BKR,2027-12-31,2.95455,3.45377,2.40439,7,30407802877,7,Energy,64.5086,64036009996,3817126.98168
2026-08-14,BLDR,2029-12-31,8.35,8.73622,8.0576,1,17340000000,6,Basic Materials,72.785,7831374860,545014
2026-08-14,BLDR,2028-12-31,5.78378,7.51089,4.21034,4,15753364846,8,Basic Materials,72.785,7831374860,545014
2026-08-14,BLDR,2027-12-31,4.72765,5.31131,4.01058,11,15045230372,16,Basic Materials,72.785,7831374860,545014
2026-08-14,BLDR,2026-12-31,3.25046,3.54166,2.81759,9,14404838245,15,Basic Materials,72.785,7831374860,545014
2026-08-14,BLMN,2028-12-28,1.21957,1.24128,1.19061,1,4156285600,7,Consumer Cyclical,10.4532,894943265,812681.2943
2026-08-14,BLMN,2027-12-28,1.03257,1.28498,0.78016,7,4040251083,9,Consumer Cyclical,10.4532,894943265,812681.2943
2026-08-14,BLMN,2026-12-28,0.93526,0.97876,0.85913,7,3975737623,9,Consumer Cyclical,10.4532,894943265,812681.2943
2026-08-14,BLMN,2025-12-28,1.11723,1.12721,1.09728,9,3956794464,9,Consumer Cyclical,10.4532,894943265,812681.2943
2026-08-14,BLSH,2029-12-31,2.2325,2.37292,2.08575,1,673700000,2,Technology,24.425,3704010851,1931089
2026-08-14,BLSH,2028-12-31,1.14948,1.22178,1.07392,1,449068362,1,Technology,24.425,3704010851,1931089
2026-08-14,BLSH,2027-12-31,0.89823,1.03693,0.75953,2,425337435,5,Technology,24.425,3704010851,1931089
2026-08-14,BLSH,2026-12-31,0.55832,0.70307,0.47561,5,366969432,5,Technology,24.425,3704010851,1931089
2026-08-14,BLZE,2028-12-31,0.07255,0.07884437,0.06697732,1,266807599,1,Technology,19.18,1151082541,1420224
2026-08-14,BLZE,2027-12-31,0.24571,0.49142,0.04467455,3,217199286,5,Technology,19.18,1151082541,1420224
2026-08-14,BLZE,2026-12-31,0.21429,0.34822,0.02678625,4,172962714,5,Technology,19.18,1151082541,1420224
2026-08-14,BLZE,2025-12-31,0.037275,0.26093,-0.11182,5,145718112,5,Technology,19.18,1151082541,1420224
2026-08-14,BMNR,2028-08-31,0.49,0.53467,0.44533,1,441700000,1,Financial Services,17.93,10212512132,16444881
2026-08-14,BMNR,2027-08-31,0.5,0.54558,0.45442,1,429850000,1,Financial Services,17.93,10212512132,16444881
2026-08-14,BMNR,2026-08-31,-15.82,-14.37776,-17.26224,1,125200000,1,Financial Services,17.93,10212512132,16444881
2026-08-14,BMNR,2025-08-31,-0.5,-0.45442,-0.54558,1,6800000,1,Financial Services,17.93,10212512132,16444881
2026-08-14,BMRN,2030-12-31,9.28484,9.84412,8.81753,5,5432084364,8,Healthcare,67.6769,13080861940,575075.79132
2026-08-14,BMRN,2029-12-31,8.57088,9.08716,8.1395,10,5174327000,13,Healthcare,67.6769,13080861940,575075.79132
2026-08-14,BMRN,2028-12-31,7.76299,11.02331,4.34669,13,4804925656,17,Healthcare,67.6769,13080861940,575075.79132
2026-08-14,BMRN,2027-12-31,6.62987,7.77932,4.92622,15,4442389838,17,Healthcare,67.6769,13080861940,575075.79132
2026-08-14,BMY,2030-12-31,4.85786,5.06758,4.58681,5,37257292857,10,Healthcare,64.255,131254331050,3429860
2026-08-14,BMY,2029-12-31,4.94141,5.15474,4.6657,5,37953092857,10,Healthcare,64.255,131254331050,3429860
2026-08-14,BMY,2028-12-31,5.56267,6.48268,4.42506,8,41685391510,20,Healthcare,64.255,131254331050,3429860
2026-08-14,BMY,2027-12-31,6.44191,7.12877,5.72383,16,47683567682,18,Healthcare,64.255,131254331050,3429860
2026-08-14,BN,2028-12-31,3.9227,4.01358,3.83182,1,11268697088,1,Financial Services,43.53,97228414944,3322519
2026-08-14,BN,2027-12-31,3.40066,3.58191,3.21078,1,9258738414,1,Financial Services,43.53,97228414944,3322519
2026-08-14,BN,2026-12-31,2.7499,2.83267,2.65793,1,7626866932,1,Financial Services,43.53,97228414944,3322519
2026-08-14,BN,2025-12-31,2.42943,2.43923,2.40984,2,8187080147,1,Financial Services,43.53,97228414944,3322519
2026-08-14,BNY,2029-12-31,0,0,0,0,24476180800,2,Financial Services,162.96,111852321840,537115.21662
2026-08-14,BNY,2028-12-31,11.33213,11.95904,10.73247,3,23783828952,5,Financial Services,162.96,111852321840,537115.21662
2026-08-14,BNY,2027-12-31,10.18721,10.47656,9.72824,10,23124520834,9,Financial Services,162.96,111852321840,537115.21662
2026-08-14,BNY,2026-12-31,9.19389,9.33319,9.03469,9,22157399443,9,Financial Services,162.96,111852321840,537115.21662
2026-08-14,BOX,2029-01-31,2.18906,8.75835,-4.38028,2,1497965934,4,Technology,32.875,4554272375,904890
2026-08-14,BOX,2028-01-31,1.80107,1.96117,1.73103,6,1384357582,7,Technology,32.875,4554272375,904890
2026-08-14,BOX,2027-01-31,1.57587,1.60598,1.56583,6,1280757013,7,Technology,32.875,4554272375,904890
2026-08-14,BOX,2026-01-31,1.28715,1.29721,1.26269,7,1175149147,6,Technology,32.875,4554272375,904890
2026-08-14,BP,2030-12-31,3.65218,4.28525,2.94496,5,206861500000,5,Energy,42.645,111836725725,4761700
2026-08-14,BP,2029-12-31,3.62868,4.25768,2.92601,9,204670000000,3,Energy,42.645,111836725725,4761700
2026-08-14,BP,2028-12-31,3.79622,4.45426,3.06111,6,201198514456,3,Energy,42.645,111836725725,4761700
2026-08-14,BP,2027-12-31,4.01096,4.55298,3.59705,12,204572169813,7,Energy,42.645,111836725725,4761700
2026-08-14,BRBR,2030-09-30,1.6745,1.71297,1.64213,1,2590022041,4,Consumer Defensive,10.805,1256383790,970497
2026-08-14,BRBR,2029-09-30,1.61549,1.65261,1.58426,1,2533523931,4,Consumer Defensive,10.805,1256383790,970497
2026-08-14,BRBR,2028-09-30,1.51912,1.67527,1.45505,4,2493011543,8,Consumer Defensive,10.805,1256383790,970497
2026-08-14,BRBR,2027-09-30,1.31499,1.37522,1.27484,7,2391215164,10,Consumer Defensive,10.805,1256383790,970497
2026-08-14,BRK-B,2028-12-31,21.80415,22.59845,21.00985,1,367145662006,1,Financial Services,506.14,1091669878573,1960691
2026-08-14,BRK-B,2027-12-31,21.52925,22.5058,20.79915,3,400258066667,2,Financial Services,506.14,1091669878573,1960691
2026-08-14,BRK-B,2026-12-31,20.86089,21.44982,20.1117,3,386054200000,2,Financial Services,506.14,1091669878573,1960691
2026-08-14,BRK-B,2025-12-31,21.48247,28.25596,18.74786,4,385121126250,1,Financial Services,506.14,1091669878573,1960691
2026-08-14,BRKR,2030-12-31,3.505,3.55575,3.45912,1,4385400000,6,Healthcare,57.7826,8795992341,508326.4234
2026-08-14,BRKR,2029-12-31,3.24169,3.28863,3.19925,1,4217688618,6,Healthcare,57.7826,8795992341,508326.4234
2026-08-14,BRKR,2028-12-31,2.80723,3.04573,2.56872,2,3912226745,8,Healthcare,57.7826,8795992341,508326.4234
2026-08-14,BRKR,2027-12-31,2.41146,2.58935,2.32251,6,3701726653,8,Healthcare,57.7826,8795992341,508326.4234
2026-08-14,BRO,2028-12-31,5.2688,5.42612,5.0592,4,7756467760,9,Financial Services,71.115,23795815538,749351
2026-08-14,BRO,2027-12-31,4.8385,5.08791,4.629,12,7308279595,11,Financial Services,71.115,23795815538,749351
2026-08-14,BRO,2026-12-31,4.48281,4.64255,4.42291,11,6993124158,10,Financial Services,71.115,23795815538,749351
2026-08-14,BRO,2025-12-31,4.2488,4.31845,4.21895,11,5945787392,9,Financial Services,71.115,23795815538,749351
2026-08-14,BROS,2030-12-31,2.46,2.57089,2.3609,1,4599100000,5,Consumer Cyclical,52.44,9060976080,2036984
2026-08-14,BROS,2029-12-31,1.97,2.0588,1.89064,1,3935600000,5,Consumer Cyclical,52.44,9060976080,2036984
2026-08-14,BROS,2028-12-31,1.60214,1.86426,1.31365,5,3210729761,10,Consumer Cyclical,52.44,9060976080,2036984
2026-08-14,BROS,2027-12-31,1.26028,1.37391,0.95038,13,2650490193,19,Consumer Cyclical,52.44,9060976080,2036984
2026-08-14,BRSL,2029-12-31,0.78,0.79041,0.76697,1,2834000000,2,Consumer Cyclical,11.825,2172110021,856207
2026-08-14,BRSL,2028-12-31,0.85937,0.95731,0.76143,2,2682374167,5,Consumer Cyclical,11.825,2172110021,856207
2026-08-14,BRSL,2027-12-31,0.71386,0.72519,0.6912,4,2577177000,6,Consumer Cyclical,11.825,2172110021,856207
2026-08-14,BRSL,2026-12-31,0.544,0.5551,0.5329,3,2488460500,6,Consumer Cyclical,11.825,2172110021,856207
2026-08-14,BRUN,2028-12-31,0,0,0,1,638812900,1,Technology,23.73,1916776417,5269078.99852
2026-08-14,BRUN,2027-12-31,1.09333,1.85114,0.33552,2,408783333,2,Technology,23.73,1916776417,5269078.99852
2026-08-14,BRUN,2026-12-31,0.66667,1.2973,0.03603622,2,199137033,2,Technology,23.73,1916776417,5269078.99852
2026-08-14,BRUN,2025-12-31,0.14,0.16053,0.11947,1,31500000,1,Technology,23.73,1916776417,5269078.99852
2026-08-14,BRX,2030-12-31,1.05,1.07383,1.02337,1,1680600000,2,Real Estate,29.975,9198488200,550062
2026-08-14,BRX,2029-12-31,1.22,1.24769,1.18905,1,1723714000,1,Real Estate,29.975,9198488200,550062
2026-08-14,BRX,2028-12-31,1.20431,1.28588,1.14429,3,1593377064,3,Real Estate,29.975,9198488200,550062
2026-08-14,BRX,2027-12-31,1.10185,1.1284,1.07972,6,1505735813,7,Real Estate,29.975,9198488200,550062
2026-08-14,BRZE,2031-01-31,0,0,0,1,1477000000,3,Technology,29.34,3304613168,901694.98303
2026-08-14,BRZE,2030-01-31,0,0,0,0,1332000000,4,Technology,29.34,3304613168,901694.98303
2026-08-14,BRZE,2029-01-31,1.23149,1.42316,0.95665,3,1234794330,8,Technology,29.34,3304613168,901694.98303
2026-08-14,BRZE,2028-01-31,0.96321,1.13154,0.80423,12,1047910255,15,Technology,29.34,3304613168,901694.98303
2026-08-14,BSP,2027-12-31,2.2,2.52,1.88,6,4320000000,6,Technology,41.3,27654610508,1242815.13235
2026-08-14,BSP,2026-12-31,1.27,1.31,1.23,6,2880000000,6,Technology,41.3,27654610508,1242815.13235
2026-08-14,BSX,2030-12-31,4.7025,5.10506,4.59882,4,28149250000,14,Healthcare,52.185,77565696600,10588888
2026-08-14,BSX,2029-12-31,4.14266,4.49729,4.05132,2,25505076662,22,Healthcare,52.185,77565696600,10588888
2026-08-14,BSX,2028-12-31,3.76858,4.31477,3.56723,7,23803169440,24,Healthcare,52.185,77565696600,10588888
2026-08-14,BSX,2027-12-31,3.42701,3.7176,3.32681,16,22287352201,22,Healthcare,52.185,77565696600,10588888
2026-08-14,BSY,2028-12-31,1.67207,1.83519,1.57977,3,2074842451,4,Technology,36.3828,10634021068,1383134.43362
2026-08-14,BSY,2027-12-31,1.53955,1.63577,1.47219,9,1875129345,13,Technology,36.3828,10634021068,1383134.43362
2026-08-14,BSY,2026-12-31,1.37816,1.42738,1.32894,4,1699789321,13,Technology,36.3828,10634021068,1383134.43362
2026-08-14,BSY,2025-12-31,1.18243,1.22184,1.15287,11,1491961367,10,Technology,36.3828,10634021068,1383134.43362
2026-08-14,BTI,2030-12-31,5.39526,5.4604,5.34682,1,32897911860,6,Consumer Defensive,57.025,122998809449,3035027.00073
2026-08-14,BTI,2029-12-31,4.6591,4.71535,4.61727,1,29875776606,6,Consumer Defensive,57.025,122998809449,3035027.00073
2026-08-14,BTI,2028-12-31,4.21464,4.26552,4.1768,2,28113395118,5,Consumer Defensive,57.025,122998809449,3035027.00073
2026-08-14,BTI,2027-12-31,3.88547,3.95259,3.7736,4,27072614852,8,Consumer Defensive,57.025,122998809449,3035027.00073
2026-08-14,BTSG,2030-12-31,5.45,5.70253,5.29668,1,30941642000,6,Healthcare,61.4601,12062060890,597808.65974
2026-08-14,BTSG,2029-12-31,3.82,3.997,3.71254,1,24502154500,10,Healthcare,61.4601,12062060890,597808.65974
2026-08-14,BTSG,2028-12-31,2.78767,3.38858,2.30423,5,19862715862,12,Healthcare,61.4601,12062060890,597808.65974
2026-08-14,BTSG,2027-12-31,2.27878,2.49076,2.17279,9,17366487389,13,Healthcare,61.4601,12062060890,597808.65974
2026-08-14,BTU,2028-12-31,3.27983,3.92115,2.26363,4,4767357697,4,Energy,25.35,3087630000,1099242.61345
2026-08-14,BTU,2027-12-31,3.13933,3.4675,2.96809,2,4752925896,3,Energy,25.35,3087630000,1099242.61345
2026-08-14,BTU,2026-12-31,0.19641,0.21694,0.1857,2,4318492977,3,Energy,25.35,3087630000,1099242.61345
2026-08-14,BTU,2025-12-31,-0.43766,-0.41379,-0.48341,2,3846391229,3,Energy,25.35,3087630000,1099242.61345
2026-08-14,BUD,2030-12-31,7.2326,7.4167,7.0046,3,76723511844,14,Consumer Defensive,79.47,156511063185,778587
2026-08-14,BUD,2029-12-31,6.07449,6.22911,5.883,3,74261275924,14,Consumer Defensive,79.47,156511063185,778587
2026-08-14,BUD,2028-12-31,5.40207,5.53958,5.23178,4,69779023463,13,Consumer Defensive,79.47,156511063185,778587
2026-08-14,BUD,2027-12-31,4.88955,5.03157,4.60551,9,67245426123,16,Consumer Defensive,79.47,156511063185,778587
2026-08-14,BW,2028-12-31,0.7577,0.77764,0.73776,2,1619019200,2,Industrials,10.36,1541982400,4979096
2026-08-14,BW,2027-12-31,0.4393,0.47999,0.40777,2,1213717467,2,Industrials,10.36,1541982400,4979096
2026-08-14,BW,2026-12-31,0.1289,0.14084,0.11965,1,933620333,2,Industrials,10.36,1541982400,4979096
2026-08-14,BW,2025-12-31,-0.3666,-0.34029,-0.40056,1,623520925,2,Industrials,10.36,1541982400,4979096
2026-08-14,BWMN,2027-12-31,2.38833,2.6251,1.90449,5,583528788,5,Industrials,42.28,740225556,1099647.57484
2026-08-14,BWMN,2026-12-31,1.71395,1.98079,1.50869,5,525637039,5,Industrials,42.28,740225556,1099647.57484
2026-08-14,BWMN,2025-12-31,1.63571,1.69629,1.58523,4,434276854,4,Industrials,42.28,740225556,1099647.57484
2026-08-14,BWMN,2024-12-31,0.76,0.84636,0.665,3,379081500,3,Industrials,42.28,740225556,1099647.57484
2026-08-14,BX,2029-12-31,9.06363,9.49144,8.65412,2,16287215500,1,Financial Services,144.965,175116679151,1969784.40903
2026-08-14,BX,2028-12-31,8.23007,8.7712,7.26402,7,19090172775,2,Financial Services,144.965,175116679151,1969784.40903
2026-08-14,BX,2027-12-31,7.42645,8.0045,6.72104,16,18193576456,6,Financial Services,144.965,175116679151,1969784.40903
2026-08-14,BX,2026-12-31,5.9337,6.11171,5.72602,15,14628618876,5,Financial Services,144.965,175116679151,1969784.40903
2026-08-14,BXMT,2028-12-31,1.80325,2.13301,1.62603,1,458188549,1,Real Estate,14.415,2429561760,862563
2026-08-14,BXMT,2027-12-31,1.63723,1.68735,1.59546,4,566108012,2,Real Estate,14.415,2429561760,862563
2026-08-14,BXMT,2026-12-31,1.16782,1.43207,0.90357,2,621585459,3,Real Estate,14.415,2429561760,862563
2026-08-14,BXMT,2025-12-31,0.80723,0.8663,0.75801,6,464070673,4,Real Estate,14.415,2429561760,862563
2026-08-14,BXSL,2028-12-31,2.43933,2.51798,2.36,3,1133003170,2,Financial Services,24.745,5756973814,1578191
2026-08-14,BXSL,2027-12-31,2.5754,2.64555,2.46517,9,1301724057,7,Financial Services,24.745,5756973814,1578191
2026-08-14,BXSL,2026-12-31,2.74305,2.79292,2.67323,8,1306793729,6,Financial Services,24.745,5756973814,1578191
2026-08-14,BXSL,2025-12-31,3.20804,3.22797,3.18811,8,1419961800,6,Financial Services,24.745,5756973814,1578191
2026-08-14,BZ,2029-12-31,12.52508,13.01648,12.06084,3,13274558479,14,Industrials,15.4732,7080584256,3411313.82332
2026-08-14,BZ,2028-12-31,11.03498,11.87727,10.40227,6,11783027872,16,Industrials,15.4732,7080584256,3411313.82332
2026-08-14,BZ,2027-12-31,9.65838,9.86388,9.45288,9,10507570438,15,Industrials,15.4732,7080584256,3411313.82332
2026-08-14,BZ,2026-12-31,8.54755,9.1439,8.21625,9,9337452073,14,Industrials,15.4732,7080584256,3411313.82332
2026-08-14,C,2030-12-31,18.95,19.53979,18.18077,4,110679000000,4,Financial Services,139.01,238389639100,3507592
2026-08-14,C,2029-12-31,16.465,16.97745,15.79665,4,106160500000,4,Financial Services,139.01,238389639100,3507592
2026-08-14,C,2028-12-31,14.71976,15.66067,13.07902,10,102979437108,9,Financial Services,139.01,238389639100,3507592
2026-08-14,C,2027-12-31,12.7688,13.17338,12.48264,13,99366250338,14,Financial Services,139.01,238389639100,3507592
2026-08-14,CADL,2030-12-31,5.4112,12.69954,-0.04423322,2,772772140,5,Healthcare,11.74,860192148,1352587.58282
2026-08-14,CADL,2029-12-31,2.40883,5.65328,-0.0196907,3,415590720,3,Healthcare,11.74,860192148,1352587.58282
2026-08-14,CADL,2028-12-31,0.50697,4.25605,-1.5109,6,171015003,7,Healthcare,11.74,860192148,1352587.58282
2026-08-14,CADL,2027-12-31,-0.69358,0.25825,-1.43143,4,42834483,6,Healthcare,11.74,860192148,1352587.58282
2026-08-14,CAG,2030-05-31,1.62236,1.68452,1.59771,1,10945399257,5,Consumer Defensive,15.6372,7483432255,4876666
2026-08-14,CAG,2029-05-31,1.57035,1.86769,1.34734,4,10878871996,10,Consumer Defensive,15.6372,7483432255,4876666
2026-08-14,CAG,2028-05-31,1.50133,1.87427,1.38658,8,10803375454,11,Consumer Defensive,15.6372,7483432255,4876666
2026-08-14,CAG,2027-05-31,1.44743,1.74657,1.35093,8,10842227792,10,Consumer Defensive,15.6372,7483432255,4876666
2026-08-14,CAH,2030-06-30,17.715,18.38431,16.86711,1,339027350000,4,Healthcare,232.66,54490367960,576485
2026-08-14,CAH,2029-06-30,15.43862,17.13387,13.32025,4,320381619554,5,Healthcare,232.66,54490367960,576485
2026-08-14,CAH,2028-06-30,13.58562,15.57992,10.53461,5,297845444271,13,Healthcare,232.66,54490367960,576485
2026-08-14,CAH,2027-06-30,12.0759,12.447,11.7048,10,275628492660,12,Healthcare,232.66,54490367960,576485
2026-08-14,CAI,2030-12-31,1.04,1.08007,0.95704,2,1831876400,6,Healthcare,21.7897,6159527540,2275741.37576
2026-08-14,CAI,2029-12-31,0.78333,0.81351,0.72085,3,1620395100,6,Healthcare,21.7897,6159527540,2275741.37576
2026-08-14,CAI,2028-12-31,0.504,0.7131,0.3938,6,1394888548,8,Healthcare,21.7897,6159527540,2275741.37576
2026-08-14,CAI,2027-12-31,0.35112,0.45752,0.20216,8,1207588663,9,Healthcare,21.7897,6159527540,2275741.37576
2026-08-14,CAKE,2028-12-30,5.56325,5.67372,5.45537,1,4665543854,7,Consumer Cyclical,112.3593,5582616764,841052.79897
2026-08-14,CAKE,2027-12-30,4.92875,5.58858,4.23892,12,4304789713,15,Consumer Cyclical,112.3593,5582616764,841052.79897
2026-08-14,CAKE,2026-12-30,4.4554,4.72695,3.89219,10,4011356246,14,Consumer Cyclical,112.3593,5582616764,841052.79897
2026-08-14,CAKE,2025-12-30,3.75201,3.79203,3.68197,15,3738687705,13,Consumer Cyclical,112.3593,5582616764,841052.79897
2026-08-14,CALY,2028-12-31,0.97478,0.99496,0.9577,1,2199844394,4,Consumer Cyclical,16.47,2960614260,614898
2026-08-14,CALY,2027-12-31,0.88562,1.36083,0.65881,6,2136354984,9,Consumer Cyclical,16.47,2960614260,614898
2026-08-14,CALY,2026-12-31,0.73171,1.08367,0.48163,3,2068835575,7,Consumer Cyclical,16.47,2960614260,614898
2026-08-14,CALY,2025-12-31,-0.1466,-0.10149,-0.19171,7,3924276721,7,Consumer Cyclical,16.47,2960614260,614898
2026-08-14,CARR,2030-12-31,4.55,4.80351,4.3003,2,26991000000,6,Industrials,62.87,51825316334,1290172
2026-08-14,CARR,2029-12-31,4.19617,4.42997,3.96589,3,27070980658,11,Industrials,62.87,51825316334,1290172
2026-08-14,CARR,2028-12-31,3.71607,4.35345,3.06581,6,25434010239,13,Industrials,62.87,51825316334,1290172
2026-08-14,CARR,2027-12-31,3.28542,3.5165,3.03424,13,24197868608,17,Industrials,62.87,51825316334,1290172
2026-08-14,CART,2030-12-31,4.7,4.98135,4.23879,5,5634166667,15,Technology,48.59,11420098662,1381431
2026-08-14,CART,2029-12-31,4.055,4.29774,3.65708,9,5306146883,9,Technology,48.59,11420098662,1381431
2026-08-14,CART,2028-12-31,3.64232,4.69536,2.87913,12,5064971484,19,Technology,48.59,11420098662,1381431
2026-08-14,CART,2027-12-31,3.02075,3.48086,2.62065,21,4619212282,23,Technology,48.59,11420098662,1381431
2026-08-14,CAT,2029-12-31,37.92196,41.27902,35.64803,2,95626095187,6,Industrials,857.94,395198907780,1018478
2026-08-14,CAT,2028-12-31,37.96795,41.45469,29.35963,7,95830417741,8,Industrials,857.94,395198907780,1018478
2026-08-14,CAT,2027-12-31,31.91768,35.63447,28.3126,19,86938916252,13,Industrials,857.94,395198907780,1018478
2026-08-14,CAT,2026-12-31,26.66536,28.80286,25.4363,16,78815915002,11,Industrials,857.94,395198907780,1018478
2026-08-14,CAVA,2030-12-28,1.79,1.86477,1.63384,7,3000006667,7,Consumer Cyclical,74.79,8711079541,2084738.2109
2026-08-14,CAVA,2029-12-28,1.3828,1.44056,1.26217,6,2547607667,7,Consumer Cyclical,74.79,8711079541,2084738.2109
2026-08-14,CAVA,2028-12-28,1.06717,1.12073,1.00173,9,2197931951,10,Consumer Cyclical,74.79,8711079541,2084738.2109
2026-08-14,CAVA,2027-12-28,0.7467,0.83084,0.63101,20,1810358292,20,Consumer Cyclical,74.79,8711079541,2084738.2109
2026-08-14,CB,2028-12-31,31.60851,36.02268,29.76748,7,66800948921,5,Financial Services,345.085,133133793000,911141
2026-08-14,CB,2027-12-31,29.13809,31.6313,26.19894,16,60545080833,7,Financial Services,345.085,133133793000,911141
2026-08-14,CB,2026-12-31,27.66521,29.67447,26.24156,16,58004574767,7,Financial Services,345.085,133133793000,911141
2026-08-14,CB,2025-12-31,24.06547,24.35736,23.72326,18,54708312500,6,Financial Services,345.085,133133793000,911141
2026-08-14,CBRS,2028-12-31,5.13242,6.47969,4.45,4,7360335550,10,Technology,218.76,49557348094,12137466
2026-08-14,CBRS,2027-12-31,0.96,1.05,0.88,6,2770000000,8,Technology,218.76,49557348094,12137466
2026-08-14,CBRS,2026-12-31,-0.89,-0.78,-1,6,861310000,8,Technology,218.76,49557348094,12137466
2026-08-14,CBRS,2025-12-31,1.63897,2.07843,1.45073,3,509991000,5,Technology,218.76,49557348094,12137466
2026-08-14,CBZ,2030-12-31,6.64256,6.70649,6.55124,1,3170177734,1,Industrials,54.53,2925463611,764738
2026-08-14,CBZ,2029-12-31,5.76947,5.825,5.69015,1,3090121497,1,Industrials,54.53,2925463611,764738
2026-08-14,CBZ,2028-12-31,5.01791,5.06621,4.94892,1,3034936097,2,Industrials,54.53,2925463611,764738
2026-08-14,CBZ,2027-12-31,4.48,4.62063,4.36951,4,2964376000,4,Industrials,54.53,2925463611,764738
2026-08-14,CC,2028-12-31,2.54671,2.65979,2.46797,1,6598056197,7,Basic Materials,15.765,2370704582,1083942
2026-08-14,CC,2027-12-31,2.13012,2.53903,1.85435,5,6325739939,7,Basic Materials,15.765,2370704582,1083942
2026-08-14,CC,2026-12-31,1.13223,1.43928,0.83478,4,5998644969,5,Basic Materials,15.765,2370704582,1083942
2026-08-14,CC,2025-12-31,0.96762,1.01015,0.91445,7,5800573142,7,Basic Materials,15.765,2370704582,1083942
2026-08-14,CCEP,2030-12-31,7.08456,7.2282,6.89132,2,25617778595,4,Consumer Defensive,107.19,47508537420,563286
2026-08-14,CCEP,2029-12-31,6.20307,6.32884,6.03388,3,24454375649,4,Consumer Defensive,107.19,47508537420,563286
2026-08-14,CCEP,2028-12-31,5.4045,5.51408,5.25709,3,23462569673,3,Consumer Defensive,107.19,47508537420,563286
2026-08-14,CCEP,2027-12-31,4.9421,5.29383,4.41001,6,22607094941,9,Consumer Defensive,107.19,47508537420,563286
2026-08-14,CCI,2030-12-31,4.11,4.2134,4.02748,5,4591910000,6,Real Estate,75.965,33196705000,983149
2026-08-14,CCI,2029-12-31,3.58,3.67007,3.50813,10,4446078400,11,Real Estate,75.965,33196705000,983149
2026-08-14,CCI,2028-12-31,3.01373,3.86718,2.17591,13,4191120213,13,Real Estate,75.965,33196705000,983149
2026-08-14,CCI,2027-12-31,2.85679,3.12749,2.62064,10,4095458621,14,Real Estate,75.965,33196705000,983149
2026-08-14,CCJ,2030-12-31,4.31572,4.76412,3.94711,5,4612686233,6,Energy,97.775,42584239075,1000262
2026-08-14,CCJ,2029-12-31,4.09726,4.52296,3.74731,10,4452393420,6,Energy,97.775,42584239075,1000262
2026-08-14,CCJ,2028-12-31,3.17564,3.50559,2.9044,8,4266240512,5,Energy,97.775,42584239075,1000262
2026-08-14,CCJ,2027-12-31,2.63616,3.69831,1.6636,13,3895156355,8,Energy,97.775,42584239075,1000262
2026-08-14,CCL,2030-11-30,3.73,3.79822,3.66617,3,32142333333,9,Consumer Cyclical,28.285,38740525331,8303865
2026-08-14,CCL,2029-11-30,3.48205,3.54574,3.42246,7,31048109417,7,Consumer Cyclical,28.285,38740525331,8303865
2026-08-14,CCL,2028-11-30,3.08034,3.2295,2.92387,9,29840183712,14,Consumer Cyclical,28.285,38740525331,8303865
2026-08-14,CCL,2027-11-30,2.64018,2.71154,2.55863,17,28597680986,19,Consumer Cyclical,28.285,38740525331,8303865
2026-08-14,CCOI,2030-12-31,-0.18,-0.17514,-0.18546,5,1237368000,6,Communication Services,10.75,538335275,1204950
2026-08-14,CCOI,2029-12-31,-1.08333,-1.0541,-1.11616,5,1157316667,6,Communication Services,10.75,538335275,1204950
2026-08-14,CCOI,2028-12-31,-2.2009,-1.36481,-2.73109,8,1070447227,8,Communication Services,10.75,538335275,1204950
2026-08-14,CCOI,2027-12-31,-2.87708,-2.55647,-3.63643,7,1005874220,9,Communication Services,10.75,538335275,1204950
2026-08-14,CDE,2030-12-31,1.15333,1.24519,1.06147,1,7957154676,1,Basic Materials,18.835,19410118268,25495296
2026-08-14,CDE,2029-12-31,1.485,1.60327,1.36673,1,4861000000,1,Basic Materials,18.835,19410118268,25495296
2026-08-14,CDE,2028-12-31,2.02816,2.1897,1.86662,1,5474425000,1,Basic Materials,18.835,19410118268,25495296
2026-08-14,CDE,2027-12-31,1.93841,2.68608,1.27381,4,5977196200,1,Basic Materials,18.835,19410118268,25495296
2026-08-14,CDNL,2027-12-31,2.13,2.33,1.98,2,805083667,2,Industrials,39.17,599024930,755959
2026-08-14,CDNL,2026-12-31,1.86333,1.99356,1.64294,2,706795333,2,Industrials,39.17,599024930,755959
2026-08-14,CDNL,2025-12-31,1.03547,1.093,0.96836,2,448710833,2,Industrials,39.17,599024930,755959
2026-08-14,CDNS,2030-12-31,10.93,11.37118,10.51541,4,8915000000,12,Technology,326.3272,89868226590,1686931.26502
2026-08-14,CDNS,2029-12-31,11.2593,11.71377,10.83222,2,8592552411,8,Technology,326.3272,89868226590,1686931.26502
2026-08-14,CDNS,2028-12-31,10.89096,14.14747,8.79649,7,8017381186,14,Technology,326.3272,89868226590,1686931.26502
2026-08-14,CDNS,2027-12-31,9.52604,10.18476,8.89773,15,7176759500,20,Technology,326.3272,89868226590,1686931.26502
2026-08-14,CEG,2030-12-31,21.32655,27.54213,12.70635,4,40901415181,6,Utilities,283.69,101873652054,1228174.90984
2026-08-14,CEG,2029-12-31,19.98708,25.81228,11.9083,4,39904149690,10,Utilities,283.69,101873652054,1228174.90984
2026-08-14,CEG,2028-12-31,17.05369,23.14012,14.54522,11,36263055065,12,Utilities,283.69,101873652054,1228174.90984
2026-08-14,CEG,2027-12-31,13.2564,14.57387,12.37809,13,34473459009,9,Utilities,283.69,101873652054,1228174.90984
2026-08-14,CELC,2030-12-31,10.96125,20.40264,4.15836,4,1627472875,3,Healthcare,92.12,4492350451,941656
2026-08-14,CELC,2029-12-31,7.41875,13.80883,2.81444,2,1147255125,4,Healthcare,92.12,4492350451,941656
2026-08-14,CELC,2028-12-31,3.26444,6.65933,0.26726,7,716325667,6,Healthcare,92.12,4492350451,941656
2026-08-14,CELC,2027-12-31,-0.50489,42.66321,-68.41259,5,392372864,7,Healthcare,92.12,4492350451,941656
2026-08-14,CELH,2030-12-31,2.63938,2.77835,2.46951,2,4402849433,6,Consumer Defensive,28.41,7262742628,6807356
2026-08-14,CELH,2029-12-31,2.41981,2.54722,2.26407,3,4154953389,10,Consumer Defensive,28.41,7262742628,6807356
2026-08-14,CELH,2028-12-31,2.21882,2.77308,1.5676,6,3856463570,12,Consumer Defensive,28.41,7262742628,6807356
2026-08-14,CELH,2027-12-31,1.97001,2.42463,1.66693,15,3598229777,18,Consumer Defensive,28.41,7262742628,6807356
2026-08-14,CENX,2028-12-31,17.27,18.50278,15.90022,1,4243350000,2,Basic Materials,47.235,4675036890,617316.32938
2026-08-14,CENX,2027-12-31,10.79,11.56022,9.93418,1,3860950000,2,Basic Materials,47.235,4675036890,617316.32938
2026-08-14,CENX,2026-12-31,10.3,11.03524,9.48305,1,3367700000,2,Basic Materials,47.235,4675036890,617316.32938
2026-08-14,CENX,2025-12-31,2.18333,2.33918,2.01016,1,2545707175,2,Basic Materials,47.235,4675036890,617316.32938
2026-08-14,CEVA,2028-12-31,1.01493,1.18299,0.84681,2,156052387,3,Technology,32.52,905986680,1220377.85986
2026-08-14,CEVA,2027-12-31,0.82193,0.91326,0.65957,6,139640751,7,Technology,32.52,905986680,1220377.85986
2026-08-14,CEVA,2026-12-31,0.53059,0.55061,0.51057,7,122765750,7,Technology,32.52,905986680,1220377.85986
2026-08-14,CEVA,2025-12-31,0.416,0.42842,0.4061,4,109309600,4,Technology,32.52,905986680,1220377.85986
2026-08-14,CF,2030-12-31,7.23,9.80698,6.42833,1,6400000000,12,Basic Materials,118.59,18218863110,674709
2026-08-14,CF,2029-12-31,7.44507,10.09871,6.61955,1,6232382381,8,Basic Materials,118.59,18218863110,674709
2026-08-14,CF,2028-12-31,9.02005,10.70108,8.19004,4,6788733579,14,Basic Materials,118.59,18218863110,674709
2026-08-14,CF,2027-12-31,10.99481,13.34728,8.70215,6,7278667044,15,Basic Materials,118.59,18218863110,674709
2026-08-14,CFG,2029-12-31,5.74,5.792,5.67543,3,7235021651,1,Financial Services,74.61,31551226020,815890
2026-08-14,CFG,2028-12-31,7.46222,7.79366,7.25976,6,10525334642,2,Financial Services,74.61,31551226020,815890
2026-08-14,CFG,2027-12-31,6.49773,6.79671,6.37814,12,9975162407,7,Financial Services,74.61,31551226020,815890
2026-08-14,CFG,2026-12-31,5.30283,5.38287,5.2528,12,9185371486,6,Financial Services,74.61,31551226020,815890
2026-08-14,CG,2029-12-31,6.15951,6.45513,5.71307,1,5950600000,1,Financial Services,49.52,17825912480,2547476.55173
2026-08-14,CG,2028-12-31,5.88736,7.14785,4.62686,2,5540876510,2,Financial Services,49.52,17825912480,2547476.55173
2026-08-14,CG,2027-12-31,5.10387,5.67535,4.25651,9,5084435910,6,Financial Services,49.52,17825912480,2547476.55173
2026-08-14,CG,2026-12-31,3.60434,3.9638,3.30317,9,3730208183,4,Financial Services,49.52,17825912480,2547476.55173
2026-08-14,CGNX,2029-12-31,2.5,2.62512,2.34284,3,1535146650,6,Technology,65.3333,10872731918,1109475.33382
2026-08-14,CGNX,2028-12-31,2.21519,2.61012,1.93369,6,1336382246,8,Technology,65.3333,10872731918,1109475.33382
2026-08-14,CGNX,2027-12-31,1.80414,1.93971,1.72071,13,1210792300,13,Technology,65.3333,10872731918,1109475.33382
2026-08-14,CGNX,2026-12-31,1.49517,1.6265,1.42445,13,1111463563,13,Technology,65.3333,10872731918,1109475.33382
2026-08-14,CHEF,2030-12-26,4.69,4.79364,4.51632,1,6277750000,2,Consumer Defensive,110.685,4515514447,2155399
2026-08-14,CHEF,2029-12-26,4.155,4.24682,4.00113,1,5818350000,2,Consumer Defensive,110.685,4515514447,2155399
2026-08-14,CHEF,2028-12-26,3.46961,3.67257,3.26665,2,5339417437,5,Consumer Defensive,110.685,4515514447,2155399
2026-08-14,CHEF,2027-12-26,2.99551,3.17609,2.89991,5,4930221964,6,Consumer Defensive,110.685,4515514447,2155399
2026-08-14,CHTR,2030-12-31,64.99488,65.90391,63.92527,5,54605911915,6,Communication Services,155.067,20899540111,601282.31952
2026-08-14,CHTR,2029-12-31,56.88505,57.68066,55.9489,9,54335442489,11,Communication Services,155.067,20899540111,601282.31952
2026-08-14,CHTR,2028-12-31,51.79992,70.39139,34.60051,12,53866945132,13,Communication Services,155.067,20899540111,601282.31952
2026-08-14,CHTR,2027-12-31,45.07149,49.92287,41.15617,14,53769329270,13,Communication Services,155.067,20899540111,601282.31952
2026-08-14,CHWY,2031-02-01,1.6,1.62455,1.57639,3,17632266667,5,Consumer Cyclical,22.425,9286648468,1780992
2026-08-14,CHWY,2030-02-01,1.42667,1.44856,1.40562,4,16460974999,5,Consumer Cyclical,22.425,9286648468,1780992
2026-08-14,CHWY,2029-02-01,1.24503,1.39244,1.0419,7,15426192727,11,Consumer Cyclical,22.425,9286648468,1780992
2026-08-14,CHWY,2028-02-01,1.08402,1.14813,1.00243,14,14434327531,19,Consumer Cyclical,22.425,9286648468,1780992
2026-08-14,CHYM,2030-12-31,3.1401,3.25331,3.0222,3,4864103100,6,Financial Services,32.245,12285961750,2746043
2026-08-14,CHYM,2029-12-31,1.78568,1.85006,1.71863,3,4559318452,11,Financial Services,32.245,12285961750,2746043
2026-08-14,CHYM,2028-12-31,1.1792,1.76265,0.77467,9,3832392308,13,Financial Services,32.245,12285961750,2746043
2026-08-14,CHYM,2027-12-31,0.82555,1.41523,0.56824,12,3267129932,16,Financial Services,32.245,12285961750,2746043
2026-08-14,CIEN,2029-11-01,20.19,22.51292,18.64284,1,13113171883,7,Technology,425.89,60285973951,1567373
2026-08-14,CIEN,2028-11-01,14.28321,17.02656,10.35688,5,10221346918,13,Technology,425.89,60285973951,1567373
2026-08-14,CIEN,2027-11-01,9.64572,11.40773,7.64207,12,8037108618,14,Technology,425.89,60285973951,1567373
2026-08-14,CIEN,2026-11-01,6.53348,6.70383,6.45331,12,6330251340,12,Technology,425.89,60285973951,1567373
2026-08-14,CIFR,2030-12-31,0.76,0.90262,0.65616,1,1169000000,2,Financial Services,17.825,7291298425,28379384.01741
2026-08-14,CIFR,2029-12-31,0.45566,0.54117,0.3934,1,1516063269,2,Financial Services,17.825,7291298425,28379384.01741
2026-08-14,CIFR,2028-12-31,0.025012,0.06901314,-0.00555956,3,961746441,5,Financial Services,17.825,7291298425,28379384.01741
2026-08-14,CIFR,2027-12-31,-0.2772,0.8316,-1.35828,5,795384990,9,Financial Services,17.825,7291298425,28379384.01741
2026-08-14,CL,2030-12-31,4.78938,4.89342,4.6698,1,24047667464,6,Consumer Defensive,91.95,73577378550,1308489
2026-08-14,CL,2029-12-31,4.57773,4.67718,4.46344,1,23387299508,11,Consumer Defensive,91.95,73577378550,1308489
2026-08-14,CL,2028-12-31,4.36992,4.69651,3.6866,5,22917744176,13,Consumer Defensive,91.95,73577378550,1308489
2026-08-14,CL,2027-12-31,4.0699,4.25034,3.95963,12,22109103576,15,Consumer Defensive,91.95,73577378550,1308489
2026-08-14,CLBK,2027-12-31,0.35,0.36,0.34422,2,552103000,2,Financial Services,11.675,2608601080,1655376
2026-08-14,CLBK,2026-12-31,0.33636,0.34655,0.33081,1,407539000,1,Financial Services,11.675,2608601080,1655376
2026-08-14,CLBK,2025-12-31,0.22727,0.23182,0.21818,1,255350000,1,Financial Services,11.675,2608601080,1655376
2026-08-14,CLBK,2024-12-31,0.081818,0.08636344,0.07272711,2,212500000,2,Financial Services,11.675,2608601080,1655376
2026-08-14,CLBT,2029-12-31,0.91,0.93155,0.89257,1,864700000,1,Technology,11.0479,2755786154,5440777.71945
2026-08-14,CLBT,2028-12-31,0.57023,0.5995,0.54098,2,783150891,3,Technology,11.0479,2755786154,5440777.71945
2026-08-14,CLBT,2027-12-31,0.44164,0.46688,0.41009,5,667306875,6,Technology,11.0479,2755786154,5440777.71945
2026-08-14,CLBT,2026-12-31,0.32795,0.33926,0.31099,5,567968875,6,Technology,11.0479,2755786154,5440777.71945
2026-08-14,CLDX,2030-12-31,3.1975,8.24057,-0.44909,4,849256625,5,Healthcare,41.865,2785632670,545567.6435
2026-08-14,CLDX,2029-12-31,-0.47375,0.06653785,-1.22094,4,430350200,5,Healthcare,41.865,2785632670,545567.6435
2026-08-14,CLDX,2028-12-31,-3.2221,-1.19568,-4.86681,10,119261159,11,Healthcare,41.865,2785632670,545567.6435
2026-08-14,CLDX,2027-12-31,-4.35321,-3.66065,-5.40194,9,11042330,10,Healthcare,41.865,2785632670,545567.6435
2026-08-14,CLF,2029-12-31,0.8944,0.92858,0.83988,1,22216341908,4,Basic Materials,11.875,6775162500,4785416
2026-08-14,CLF,2028-12-31,0.76606,1.1803,0.45396,4,21976402083,6,Basic Materials,11.875,6775162500,4785416
2026-08-14,CLF,2027-12-31,0.63013,0.82224,0.30738,6,21988118783,9,Basic Materials,11.875,6775162500,4785416
2026-08-14,CLF,2026-12-31,-0.19637,0.10711,-0.58911,5,21429769768,8,Basic Materials,11.875,6775162500,4785416
2026-08-14,CLS,2029-12-31,34.76047,40.62129,25.94178,1,59159110683,5,Technology,335.45,38570711900,1648980
2026-08-14,CLS,2028-12-31,26.68452,28.18041,25.13369,5,46105902515,11,Technology,335.45,38570711900,1648980
2026-08-14,CLS,2027-12-31,19.86855,22.77894,15.25089,10,34838932002,12,Technology,335.45,38570711900,1648980
2026-08-14,CLS,2026-12-31,11.37222,11.98295,10.71937,10,20574158800,10,Technology,335.45,38570711900,1648980
2026-08-14,CLSK,2029-09-30,17.5231,23.75638,12.93423,1,1030648100,3,Financial Services,11.985,3075454143,13294686.34626
2026-08-14,CLSK,2028-09-30,-1.13324,-0.83647,-1.53635,4,864029363,6,Financial Services,11.985,3075454143,13294686.34626
2026-08-14,CLSK,2027-09-30,-0.80705,-0.68966,-0.90977,4,708757346,9,Financial Services,11.985,3075454143,13294686.34626
2026-08-14,CLSK,2026-09-30,-3.38872,-3.29134,-3.47636,4,620570757,9,Financial Services,11.985,3075454143,13294686.34626
2026-08-14,CLX,2030-06-30,6.88973,6.98144,6.72945,1,8198901521,5,Consumer Defensive,105.22,12723307620,935956
2026-08-14,CLX,2029-06-30,6.65482,7.64987,6.11434,3,8035277323,8,Consumer Defensive,105.22,12723307620,935956
2026-08-14,CLX,2028-06-30,6.30201,7.4991,5.59959,7,7807446320,10,Consumer Defensive,105.22,12723307620,935956
2026-08-14,CLX,2027-06-30,5.84904,6.31577,5.40217,7,7630583718,10,Consumer Defensive,105.22,12723307620,935956
2026-08-14,CLYM,2030-12-31,-2.091,-2.091,-2.091,4,47497750,6,Healthcare,16.6671,954408147,1798387.65504
2026-08-14,CLYM,2029-12-31,-1.8575,-1.8575,-1.8575,4,4245375,10,Healthcare,16.6671,954408147,1798387.65504
2026-08-14,CLYM,2028-12-31,-1.42908,-0.92009,-3.05392,11,937500,12,Healthcare,16.6671,954408147,1798387.65504
2026-08-14,CLYM,2027-12-31,-1.03124,-0.79687,-1.34999,10,750000,11,Healthcare,16.6671,954408147,1798387.65504
2026-08-14,CMCSA,2030-12-31,4.93857,5.05178,4.84096,4,125266654562,7,Communication Services,26.2734,93234749188,13346829.62446
2026-08-14,CMCSA,2029-12-31,4.3375,4.43693,4.25177,4,121340756927,10,Communication Services,26.2734,93234749188,13346829.62446
2026-08-14,CMCSA,2028-12-31,4.02395,4.48062,3.58468,10,122193274240,15,Communication Services,26.2734,93234749188,13346829.62446
2026-08-14,CMCSA,2027-12-31,3.61824,4.14774,3.3731,14,118653399476,17,Communication Services,26.2734,93234749188,13346829.62446
2026-08-14,CME,2030-12-31,16.05,16.78312,15.26668,1,8730000000,5,Financial Services,270.60501,97303954390,854002
2026-08-14,CME,2029-12-31,14.99253,15.67734,14.26082,1,8458335902,3,Financial Services,270.60501,97303954390,854002
2026-08-14,CME,2028-12-31,13.86462,14.2743,13.20373,4,7861184338,7,Financial Services,270.60501,97303954390,854002
2026-08-14,CME,2027-12-31,12.91603,13.33885,12.18114,10,7383076871,11,Financial Services,270.60501,97303954390,854002
2026-08-14,CMG,2030-12-31,2.2,2.27735,2.14463,2,19509000000,12,Consumer Cyclical,33.685,43208760050,7896779
2026-08-14,CMG,2029-12-31,1.98732,2.05719,1.93731,3,18218666667,8,Consumer Cyclical,33.685,43208760050,7896779
2026-08-14,CMG,2028-12-31,1.5842,1.62774,1.54735,6,15879695230,14,Consumer Cyclical,33.685,43208760050,7896779
2026-08-14,CMG,2027-12-31,1.36908,1.45968,1.28855,21,14420621924,26,Consumer Cyclical,33.685,43208760050,7896779
2026-08-14,CMPS,2030-12-31,1.69,3.60746,0.45173,1,794368817,5,Healthcare,13.195,1780312878,686916.14572
2026-08-14,CMPS,2029-12-31,0.239,0.51017,0.06388354,1,485307150,5,Healthcare,13.195,1780312878,686916.14572
2026-08-14,CMPS,2028-12-31,-0.97454,-0.26049,-2.08024,2,219732578,4,Healthcare,13.195,1780312878,686916.14572
2026-08-14,CMPS,2027-12-31,-1.60312,-0.92071,-3.2604,5,47195788,10,Healthcare,13.195,1780312878,686916.14572
2026-08-14,CMS,2030-12-31,5.2401,5.55396,4.89858,1,10447654000,5,Utilities,71.3,22358040100,1009103
2026-08-14,CMS,2029-12-31,4.84148,5.13146,4.52594,1,10041145846,5,Utilities,71.3,22358040100,1009103
2026-08-14,CMS,2028-12-31,4.48438,4.54536,4.4416,5,9827331336,10,Utilities,71.3,22358040100,1009103
2026-08-14,CMS,2027-12-31,4.15933,4.18933,4.12933,10,9370400180,8,Utilities,71.3,22358040100,1009103
2026-08-14,CNC,2030-12-31,9.055,9.38034,8.66262,1,216886000000,6,Healthcare,67.365,33277973175,903023
2026-08-14,CNC,2029-12-31,8.15,8.44282,7.79684,1,207120000000,10,Healthcare,67.365,33277973175,903023
2026-08-14,CNC,2028-12-31,6.47242,7.13445,6.01512,5,200207897751,12,Healthcare,67.365,33277973175,903023
2026-08-14,CNC,2027-12-31,5.19835,6.72664,4.41268,12,193538801874,12,Healthcare,67.365,33277973175,903023
2026-08-14,CNH,2030-12-31,1.29,1.32608,1.24154,5,22200000000,5,Industrials,10.48,12994681628,5016930.6283
2026-08-14,CNH,2029-12-31,1.125,1.15647,1.08274,10,20887500000,3,Industrials,10.48,12994681628,5016930.6283
2026-08-14,CNH,2028-12-31,0.95669,0.98345,0.92075,8,20383824294,3,Industrials,10.48,12994681628,5016930.6283
2026-08-14,CNH,2027-12-31,0.66936,0.99919,0.52385,13,19203072342,7,Industrials,10.48,12994681628,5016930.6283
2026-08-14,CNK,2030-12-31,3.34161,3.50051,3.21834,2,4293743939,5,Communication Services,37.125,4303233000,774908
2026-08-14,CNK,2029-12-31,3.11505,3.26318,3.00014,3,4128684653,3,Communication Services,37.125,4303233000,774908
2026-08-14,CNK,2028-12-31,2.80355,3.28159,2.34803,6,3810387748,7,Communication Services,37.125,4303233000,774908
2026-08-14,CNK,2027-12-31,2.59334,2.91751,2.38061,7,3662750339,9,Communication Services,37.125,4303233000,774908
2026-08-14,CNM,2029-02-01,3.9257,4.12022,3.58567,6,8641170883,8,Industrials,45.74,8562200090,972564
2026-08-14,CNM,2028-02-01,3.49544,3.55502,3.44579,5,8205675144,10,Industrials,45.74,8562200090,972564
2026-08-14,CNM,2027-02-01,3.13591,3.16578,3.10604,5,7840569154,8,Industrials,45.74,8562200090,972564
2026-08-14,CNM,2026-02-01,2.28609,2.29389,2.27829,4,7655078484,8,Industrials,45.74,8562200090,972564
2026-08-14,CNP,2030-12-31,2.68838,3.08744,2.4204,4,12072754800,5,Utilities,40.835,26898831200,1139038
2026-08-14,CNP,2029-12-31,2.47451,2.84182,2.22785,2,11527444020,5,Utilities,40.835,26898831200,1139038
2026-08-14,CNP,2028-12-31,2.27904,2.35847,2.22526,7,10834365838,11,Utilities,40.835,26898831200,1139038
2026-08-14,CNP,2027-12-31,2.08828,2.10836,2.02804,12,10320522017,9,Utilities,40.835,26898831200,1139038
2026-08-14,CNQ,2030-12-31,4.14198,4.27822,4.0132,4,32632465999,2,Energy,48.34,100823221400,1637711
2026-08-14,CNQ,2029-12-31,3.97704,4.10785,3.85339,2,34176781733,2,Energy,48.34,100823221400,1637711
2026-08-14,CNQ,2028-12-31,3.62507,4.60494,2.16755,7,31633377367,5,Energy,48.34,100823221400,1637711
2026-08-14,CNQ,2027-12-31,3.53795,4.00373,3.07216,8,32619023335,5,Energy,48.34,100823221400,1637711
2026-08-14,CNX,2030-12-31,5.2,5.54557,4.89641,1,2534000000,2,Energy,35.82,5299340791,545288
2026-08-14,CNX,2029-12-31,4.455,4.75106,4.1949,1,2535000000,1,Energy,35.82,5299340791,545288
2026-08-14,CNX,2028-12-31,5.03714,6.56488,3.65844,3,2343662021,3,Energy,35.82,5299340791,545288
2026-08-14,CNX,2027-12-31,4.25982,4.68158,3.85914,6,2214873930,3,Energy,35.82,5299340791,545288
2026-08-14,COF,2029-12-31,39.16846,40.49251,38.14421,3,78638148872,10,Financial Services,227.095,139319376075,1682895
2026-08-14,COF,2028-12-31,27.7676,31.12741,25.36702,9,71691824995,12,Financial Services,227.095,139319376075,1682895
2026-08-14,COF,2027-12-31,23.88048,24.89794,22.69344,14,67792449485,15,Financial Services,227.095,139319376075,1682895
2026-08-14,COF,2026-12-31,20.43581,20.93178,19.90948,14,63963442406,10,Financial Services,227.095,139319376075,1682895
2026-08-14,COGT,2030-12-31,4.46167,9.6384,0.60993,4,1764619333,5,Healthcare,37.6913,6440237048,642768.50915
2026-08-14,COGT,2029-12-31,2.78451,6.01528,0.38065,4,1319959488,5,Healthcare,37.6913,6440237048,642768.50915
2026-08-14,COGT,2028-12-31,0.79802,2.97632,-0.34508,10,738243919,10,Healthcare,37.6913,6440237048,642768.50915
2026-08-14,COGT,2027-12-31,-0.77297,0.20908,-1.4319,8,348895417,9,Healthcare,37.6913,6440237048,642768.50915
2026-08-14,COHR,2029-06-30,16.63,19.01303,14.30434,1,17947172869,1,Technology,324.26999,63439960664,6695244
2026-08-14,COHR,2028-06-30,13.2646,14.54004,11.99738,3,13434724516,11,Technology,324.26999,63439960664,6695244
2026-08-14,COHR,2027-06-30,8.37165,10.16986,7.33269,13,9717763793,16,Technology,324.26999,63439960664,6695244
2026-08-14,COHR,2026-06-30,5.45663,5.55639,5.39678,12,7059761806,16,Technology,324.26999,63439960664,6695244
2026-08-14,COIN,2030-12-31,1.25,1.82766,0.99219,5,7715150000,6,Financial Services,149.62,39474862231,4154868.53122
2026-08-14,COIN,2029-12-31,6.01008,8.7875,4.77052,5,8575597055,10,Financial Services,149.62,39474862231,4154868.53122
2026-08-14,COIN,2028-12-31,5.85484,7.85551,3.55091,8,7947283898,12,Financial Services,149.62,39474862231,4154868.53122
2026-08-14,COIN,2027-12-31,3.63368,5.37013,1.35861,22,6909096775,23,Financial Services,149.62,39474862231,4154868.53122
2026-08-14,COLB,2028-12-31,3.4652,3.72309,3.32678,3,2860381129,2,Financial Services,32.6188,9225151160,1181992.58551
2026-08-14,COLB,2027-12-31,3.29458,3.35522,3.19352,10,2810076259,6,Financial Services,32.6188,9225151160,1181992.58551
2026-08-14,COLB,2026-12-31,3.02886,3.06898,2.98874,10,2740571207,6,Financial Services,32.6188,9225151160,1181992.58551
2026-08-14,COLB,2025-12-31,2.94355,2.97279,2.90456,7,2274830179,4,Financial Services,32.6188,9225151160,1181992.58551
2026-08-14,COLD,2030-12-31,0.36,0.38838,0.33051,1,3136650000,2,Real Estate,14.89,4248206340,716651.05803
2026-08-14,COLD,2029-12-31,0.29,0.31286,0.26624,1,2981600000,2,Real Estate,14.89,4248206340,716651.05803
2026-08-14,COLD,2028-12-31,0.097758,1.34579,-1.29196,3,2675253333,4,Real Estate,14.89,4248206340,716651.05803
2026-08-14,COLD,2027-12-31,0.19186,0.20203,0.18314,3,2519125633,6,Real Estate,14.89,4248206340,716651.05803
2026-08-14,COMP,2030-12-31,1.18,1.24032,1.13913,1,19124000000,3,Real Estate,13.155,8000643432,4260753
2026-08-14,COMP,2029-12-31,0.88,0.92498,0.84952,1,17866000000,4,Real Estate,13.155,8000643432,4260753
2026-08-14,COMP,2028-12-31,0.5177,0.84512,0.35826,5,16547550466,6,Real Estate,13.155,8000643432,4260753
2026-08-14,COMP,2027-12-31,0.25433,0.45123,0.08204194,5,15586923262,7,Real Estate,13.155,8000643432,4260753
2026-08-14,COP,2030-12-31,9.14,9.88198,8.39235,2,73379000000,2,Energy,126.89,154589326548,3030504
2026-08-14,COP,2029-12-31,10.36183,11.203,9.51423,3,72063000000,2,Energy,126.89,154589326548,3030504
2026-08-14,COP,2028-12-31,9.33554,11.3466,6.55732,6,66709041207,4,Energy,126.89,154589326548,3030504
2026-08-14,COP,2027-12-31,8.70559,10.58956,6.66635,12,64910962240,6,Energy,126.89,154589326548,3030504
2026-08-14,COR,2030-09-30,31.04,31.97576,30.12817,1,384624800000,7,Healthcare,311.97961,60699083620,727737
2026-08-14,COR,2029-09-30,25.59,26.36146,24.83827,1,389900400000,6,Healthcare,311.97961,60699083620,727737
2026-08-14,COR,2028-09-30,22.04129,24.6181,20.15059,3,376058885376,9,Healthcare,311.97961,60699083620,727737
2026-08-14,COR,2027-09-30,19.82052,20.18144,19.48968,8,355083358256,9,Healthcare,311.97961,60699083620,727737
2026-08-14,CORZ,2030-12-31,1.6,2.13625,1.31444,5,4350400000,4,Technology,20.24,6503930526,5659705.98774
2026-08-14,CORZ,2029-12-31,-0.38727,-0.31815,-0.51707,5,2567014250,4,Technology,20.24,6503930526,5659705.98774
2026-08-14,CORZ,2028-12-31,0.77234,2.64042,-2.40842,8,1740412825,9,Technology,20.24,6503930526,5659705.98774
2026-08-14,CORZ,2027-12-31,0.29522,0.69144,0.08545842,6,1155529967,11,Technology,20.24,6503930526,5659705.98774
2026-08-14,CP,2030-12-31,8.1486,8.40046,7.84445,1,20760679928,14,Industrials,93.77,82431258834,1210729
2026-08-14,CP,2029-12-31,8.04763,8.29637,7.74724,1,20250385414,14,Industrials,93.77,82431258834,1210729
2026-08-14,CP,2028-12-31,6.92925,7.22676,6.58847,4,18729137085,16,Industrials,93.77,82431258834,1210729
2026-08-14,CP,2027-12-31,6.07153,6.38435,5.87246,16,17525753222,19,Industrials,93.77,82431258834,1210729
2026-08-14,CPB,2030-08-03,2.13287,2.40831,2.03396,1,9887096982,1,Consumer Defensive,23.2299,6927295559,1310411.82716
2026-08-14,CPB,2029-08-03,2.21359,2.49946,2.11093,1,9837907445,2,Consumer Defensive,23.2299,6927295559,1310411.82716
2026-08-14,CPB,2028-08-03,2.02659,2.90326,1.56548,5,9737677078,11,Consumer Defensive,23.2299,6927295559,1310411.82716
2026-08-14,CPB,2027-08-03,1.90028,2.35635,1.56773,12,9690234969,14,Consumer Defensive,23.2299,6927295559,1310411.82716
2026-08-14,CPNG,2029-12-31,0.55,0.58813,0.52729,7,48354000000,8,Consumer Cyclical,16.13,28993863511,7548323
2026-08-14,CPNG,2028-12-31,0.71483,1.15292,0.31193,14,47221804589,14,Consumer Cyclical,16.13,28993863511,7548323
2026-08-14,CPNG,2027-12-31,0.32678,0.41277,0.18059,8,42113314894,12,Consumer Cyclical,16.13,28993863511,7548323
2026-08-14,CPNG,2026-12-31,-0.45785,-0.30523,-0.5411,6,37025540083,12,Consumer Cyclical,16.13,28993863511,7548323
2026-08-14,CPRI,2029-03-28,2.68407,3.45629,1.91184,2,3569483784,5,Consumer Cyclical,15.465,1775321779,2783748.12922
2026-08-14,CPRI,2028-03-28,2.52671,2.84255,2.32294,8,3498540586,11,Consumer Cyclical,15.465,1775321779,2783748.12922
2026-08-14,CPRI,2027-03-28,2.12188,2.24548,1.88497,8,3408674747,7,Consumer Cyclical,15.465,1775321779,2783748.12922
2026-08-14,CPRI,2026-03-28,1.40502,1.43534,1.33426,10,3478764402,9,Consumer Cyclical,15.465,1775321779,2783748.12922
2026-08-14,CPRT,2030-07-31,2.19,2.30453,2.07783,1,5474600000,1,Industrials,31.685,29334336807,10620982.88567
2026-08-14,CPRT,2029-07-31,2.02,2.07654,1.96346,2,5304100000,2,Industrials,31.685,29334336807,10620982.88567
2026-08-14,CPRT,2028-07-31,1.85,1.91393,1.78872,4,5115650000,4,Industrials,31.685,29334336807,10620982.88567
2026-08-14,CPRT,2027-07-31,1.67022,1.71047,1.55954,9,4826705777,9,Industrials,31.685,29334336807,10620982.88567
2026-08-14,CRBG,2029-12-31,7.85655,8.40057,7.27567,3,24950846012,2,Financial Services,34.38,15325525156,1259734
2026-08-14,CRBG,2028-12-31,6.65048,7.06563,6.02838,6,22796451677,5,Financial Services,34.38,15325525156,1259734
2026-08-14,CRBG,2027-12-31,5.76017,5.86035,5.47967,10,21870112544,5,Financial Services,34.38,15325525156,1259734
2026-08-14,CRBG,2026-12-31,4.50402,4.75149,4.31594,8,19953126905,3,Financial Services,34.38,15325525156,1259734
2026-08-14,CRCL,2028-12-31,2.29184,3.2,0.99,15,4871733350,15,Financial Services,72.255,19313088372,5629888
2026-08-14,CRCL,2027-12-31,1.43,1.68,1.06,16,3990000000,19,Financial Services,72.255,19313088372,5629888
2026-08-14,CRCL,2026-12-31,0.86,1.34,0.61,10,2980000000,14,Financial Services,72.255,19313088372,5629888
2026-08-14,CRCL,2025-12-31,-0.89,-0.6,-1.4,10,2730000000,13,Financial Services,72.255,19313088372,5629888
2026-08-14,CRDO,2031-05-02,12.5,14.81927,10.62796,2,6000000000,2,Technology,258.13,48135539811,2309396.05893
2026-08-14,CRDO,2030-05-02,10.85,12.86313,9.22507,1,5125000000,5,Technology,258.13,48135539811,2309396.05893
2026-08-14,CRDO,2029-05-02,11.13202,13.25313,9.70686,4,4751724496,6,Technology,258.13,48135539811,2309396.05893
2026-08-14,CRDO,2028-05-02,9.04024,10.53641,8.16572,11,3642727805,13,Technology,258.13,48135539811,2309396.05893
2026-08-14,CRGY,2030-12-31,2.02,2.16123,1.87198,1,4375000000,2,Energy,12.195,4027725661,2586631
2026-08-14,CRGY,2029-12-31,1.81,1.93655,1.67737,1,4414000000,2,Energy,12.195,4027725661,2586631
2026-08-14,CRGY,2028-12-31,2.13605,2.65954,1.72417,4,4569612734,4,Energy,12.195,4027725661,2586631
2026-08-14,CRGY,2027-12-31,2.13012,2.85219,1.39902,8,4547742893,5,Energy,12.195,4027725661,2586631
2026-08-14,CRH,2030-12-31,10.355,10.83472,9.90168,5,50775666667,7,Basic Materials,96.96,64788691392,1537191
2026-08-14,CRH,2029-12-31,8.81962,9.22821,8.43351,10,47902993231,10,Basic Materials,96.96,64788691392,1537191
2026-08-14,CRH,2028-12-31,7.61314,8.46494,6.94335,13,44741870622,15,Basic Materials,96.96,64788691392,1537191
2026-08-14,CRH,2027-12-31,6.71358,6.85386,6.63342,12,42119992478,15,Basic Materials,96.96,64788691392,1537191
2026-08-14,CRK,2030-12-31,1.59,1.9047,1.28109,1,2985000000,3,Energy,13.995,4110275520,955288
2026-08-14,CRK,2029-12-31,1.745,2.09038,1.40597,1,2844000000,4,Energy,13.995,4110275520,955288
2026-08-14,CRK,2028-12-31,1.28517,1.7525,0.81784,2,2593536045,6,Energy,13.995,4110275520,955288
2026-08-14,CRK,2027-12-31,0.71724,1.00414,0.11271,4,2306161878,6,Energy,13.995,4110275520,955288
2026-08-14,CRM,2031-01-31,25.18,26.20004,24.61643,10,70505000000,11,Technology,197.08,161408520000,4540426
2026-08-14,CRM,2030-01-31,19.775,20.57608,19.3324,5,60503800000,12,Technology,197.08,161408520000,4540426
2026-08-14,CRM,2029-01-31,17.94896,19.84167,13.71998,12,55290759774,25,Technology,197.08,161408520000,4540426
2026-08-14,CRM,2028-01-31,15.6265,17.01036,14.39416,32,50427743856,39,Technology,197.08,161408520000,4540426
2026-08-14,CRNX,2030-12-31,4.536,6.15892,3.16133,2,1559998600,6,Healthcare,84.675,8972840400,1742640.12499
2026-08-14,CRNX,2029-12-31,0.976,1.3252,0.68022,3,916355600,6,Healthcare,84.675,8972840400,1742640.12499
2026-08-14,CRNX,2028-12-31,-2.22654,-0.67717,-3.2715,6,417989456,8,Healthcare,84.675,8972840400,1742640.12499
2026-08-14,CRNX,2027-12-31,-4.04797,-3.30486,-4.57597,10,172159790,10,Healthcare,84.675,8972840400,1742640.12499
2026-08-14,CRSR,2028-12-31,0.8304,1.038,0.6228,2,1642247520,5,Technology,13.07,1396947740,886047.27062
2026-08-14,CRSR,2027-12-31,0.76901,0.80019,0.74823,5,1515241162,6,Technology,13.07,1396947740,886047.27062
2026-08-14,CRSR,2026-12-31,0.71975,0.72961,0.69017,5,1426094750,6,Technology,13.07,1396947740,886047.27062
2026-08-14,CRSR,2025-12-31,0.45506,0.46517,0.44495,5,1455868833,4,Technology,13.07,1396947740,886047.27062
2026-08-14,CRWD,2031-01-31,2.61,2.76569,2.52182,4,11982300000,9,Technology,219.07,223070060470,3548905.11072
2026-08-14,CRWD,2030-01-31,2.29417,2.43102,2.21666,2,10219100000,18,Technology,219.07,223070060470,3548905.11072
2026-08-14,CRWD,2029-01-31,2.00806,2.75001,1.22545,6,8821006230,21,Technology,219.07,223070060470,3548905.11072
2026-08-14,CRWD,2028-01-31,1.55669,1.9533,1.44762,27,7240934677,39,Technology,219.07,223070060470,3548905.11072
2026-08-14,CRWV,2030-12-31,14.2702,17.2937,9.82195,5,79662077250,11,Technology,105.02,57295802148,24449026.62327
2026-08-14,CRWV,2029-12-31,6.33665,7.67923,4.36142,5,56049107800,14,Technology,105.02,57295802148,24449026.62327
2026-08-14,CRWV,2028-12-31,2.84993,9.8896,-2.10562,8,40148823223,22,Technology,105.02,57295802148,24449026.62327
2026-08-14,CRWV,2027-12-31,-1.36347,3.17589,-4.53936,14,25050125313,27,Technology,105.02,57295802148,24449026.62327
2026-08-14,CSCO,2029-07-25,5.36,6.01131,4.70869,2,73764000000,2,Technology,111.661,440104536129,18735875
2026-08-14,CSCO,2028-07-25,5.27248,5.6106,5.00731,8,73447141527,19,Technology,111.661,440104536129,18735875
2026-08-14,CSCO,2027-07-25,4.78659,5.00689,4.63638,14,68755130633,18,Technology,111.661,440104536129,18735875
2026-08-14,CSCO,2026-07-25,4.27579,4.32574,4.25581,14,62901495381,18,Technology,111.661,440104536129,18735875
2026-08-14,CSGP,2030-12-31,3.35724,3.48203,3.24777,5,5447835311,6,Real Estate,32.5358,13183441088,3280055.20346
2026-08-14,CSGP,2029-12-31,2.74295,2.84491,2.65351,5,4965222314,11,Real Estate,32.5358,13183441088,3280055.20346
2026-08-14,CSGP,2028-12-31,2.16544,2.53045,1.9465,8,4592312427,13,Real Estate,32.5358,13183441088,3280055.20346
2026-08-14,CSGP,2027-12-31,1.70594,1.92671,1.44503,13,4119209831,15,Real Estate,32.5358,13183441088,3280055.20346
2026-08-14,CSIQ,2030-12-31,5.55,6.98224,4.31827,1,7970000000,6,Technology,15.01,1019129467,1009936
2026-08-14,CSIQ,2029-12-31,7.83,9.85063,6.09226,1,7586000000,6,Technology,15.01,1019129467,1009936
2026-08-14,CSIQ,2028-12-31,2.6108,3.9869,1.2278,4,7394612413,8,Technology,15.01,1019129467,1009936
2026-08-14,CSIQ,2027-12-31,1.34899,4.10478,-0.80939,3,7262466762,8,Technology,15.01,1019129467,1009936
2026-08-14,CSX,2030-12-31,2.935,3.02814,2.8475,4,18370000000,6,Industrials,50.278,93138989440,2357556
2026-08-14,CSX,2029-12-31,2.76407,2.85179,2.68167,2,17529895024,10,Industrials,50.278,93138989440,2357556
2026-08-14,CSX,2028-12-31,2.51213,2.66393,2.36275,7,16548850550,12,Industrials,50.278,93138989440,2357556
2026-08-14,CSX,2027-12-31,2.27387,2.39623,2.14131,16,15952145441,16,Industrials,50.278,93138989440,2357556
2026-08-14,CTAS,2030-05-31,7.4973,7.59697,7.3528,1,15074661928,5,Industrials,199.63,79885849462,512399.57763
2026-08-14,CTAS,2029-05-31,6.75682,7.02897,6.31814,5,14047776679,7,Industrials,199.63,79885849462,512399.57763
2026-08-14,CTAS,2028-05-31,6.11011,6.30042,5.96988,12,13116357348,14,Industrials,199.63,79885849462,512399.57763
2026-08-14,CTAS,2027-05-31,5.49688,5.56697,5.4368,13,12216023045,15,Industrials,199.63,79885849462,512399.57763
2026-08-14,CTRE,2029-12-31,1.69,2.02044,1.31322,1,785100000,1,Real Estate,39.005,9214550366,893743
2026-08-14,CTRE,2028-12-31,1.71461,1.78488,1.61207,4,709505459,3,Real Estate,39.005,9214550366,893743
2026-08-14,CTRE,2027-12-31,1.6078,1.66574,1.53538,5,574405753,4,Real Estate,39.005,9214550366,893743
2026-08-14,CTRE,2026-12-31,1.49678,1.52627,1.45991,4,500005814,4,Real Estate,39.005,9214550366,893743
2026-08-14,CTRI,2030-12-28,2.26,2.3848,2.14892,1,6113000000,2,Utilities,23.445,2367078707,730064
2026-08-14,CTRI,2029-12-28,1.84,1.94161,1.74956,1,5450000000,1,Utilities,23.445,2367078707,730064
2026-08-14,CTRI,2028-12-28,1.20333,1.26978,1.14418,1,4480666667,3,Utilities,23.445,2367078707,730064
2026-08-14,CTRI,2027-12-28,0.98863,1.05715,0.91032,5,4036785607,5,Utilities,23.445,2367078707,730064
2026-08-14,CTSH,2029-12-31,6.2582,6.37334,6.14452,10,24739377871,10,Technology,59.1904,26661972908,7678210.02078
2026-08-14,CTSH,2028-12-31,6.96632,7.38635,6.78803,13,24462635700,18,Technology,59.1904,26661972908,7678210.02078
2026-08-14,CTSH,2027-12-31,6.31012,6.59236,6.10852,19,23248064396,22,Technology,59.1904,26661972908,7678210.02078
2026-08-14,CTSH,2026-12-31,5.749,5.82983,5.4762,18,22194814226,21,Technology,59.1904,26661972908,7678210.02078
2026-08-14,CTVA,2029-12-31,5.28733,5.39596,5.14173,1,19738548746,10,Basic Materials,76.9,51432258000,1035336
2026-08-14,CTVA,2028-12-31,4.64143,4.87704,4.40582,2,19499371384,12,Basic Materials,76.9,51432258000,1035336
2026-08-14,CTVA,2027-12-31,4.15349,4.34644,3.64573,5,18914312158,14,Basic Materials,76.9,51432258000,1035336
2026-08-14,CTVA,2026-12-31,3.76408,3.84417,3.70401,10,18279712985,7,Basic Materials,76.9,51432258000,1035336
2026-08-14,CUBE,2030-12-31,1.52,1.55395,1.47969,1,1421800000,2,Real Estate,41.73,9448256220,895449
2026-08-14,CUBE,2029-12-31,1.54,1.5744,1.49916,1,1288077000,1,Real Estate,41.73,9448256220,895449
2026-08-14,CUBE,2028-12-31,1.52919,1.59755,1.46669,4,1209024333,3,Real Estate,41.73,9448256220,895449
2026-08-14,CUBE,2027-12-31,1.50264,1.53143,1.39901,6,1163402411,5,Real Estate,41.73,9448256220,895449
2026-08-14,CVE,2030-12-31,4.97467,5.52117,4.43635,4,49883767630,1,Energy,31.215,57568107675,3129825
2026-08-14,CVE,2029-12-31,4.64827,5.15891,4.14527,2,49641446774,1,Energy,31.215,57568107675,3129825
2026-08-14,CVE,2028-12-31,3.94491,4.78632,1.93974,7,55383664687,2,Energy,31.215,57568107675,3129825
2026-08-14,CVE,2027-12-31,3.58721,4.1071,2.98935,6,53148920719,3,Energy,31.215,57568107675,3129825
2026-08-14,CVNA,2030-12-31,2.85,3.16316,2.47828,2,60358650000,5,Consumer Cyclical,75.94,83293700552,3006571
2026-08-14,CVNA,2029-12-31,2.59,2.87459,2.25219,3,49994725000,5,Consumer Cyclical,75.94,83293700552,3006571
2026-08-14,CVNA,2028-12-31,2.75338,3.00402,2.41582,6,44501473862,11,Consumer Cyclical,75.94,83293700552,3006571
2026-08-14,CVNA,2027-12-31,2.19764,2.48865,1.99694,11,36207196568,16,Consumer Cyclical,75.94,83293700552,3006571
2026-08-14,CVS,2030-12-31,12.19667,12.75045,11.80453,4,498692666667,7,Healthcare,97.12,123918321600,5952961.98573
2026-08-14,CVS,2029-12-31,10.9773,11.47572,10.62437,4,478503482725,10,Healthcare,97.12,123918321600,5952961.98573
2026-08-14,CVS,2028-12-31,9.70076,10.12723,8.98009,11,448625198546,15,Healthcare,97.12,123918321600,5952961.98573
2026-08-14,CVS,2027-12-31,8.45627,8.81911,8.26477,17,427300270531,17,Healthcare,97.12,123918321600,5952961.98573
2026-08-14,CVX,2030-12-31,13.6375,14.76964,12.34606,4,217874500000,5,Energy,200.5801,399475327160,4827324
2026-08-14,CVX,2029-12-31,13.36622,14.47584,12.10047,4,217793000000,5,Energy,200.5801,399475327160,4827324
2026-08-14,CVX,2028-12-31,12.55709,15.88146,9.60611,10,199978113926,11,Energy,200.5801,399475327160,4827324
2026-08-14,CVX,2027-12-31,12.60131,15.59272,9.69403,15,202274531547,11,Energy,200.5801,399475327160,4827324
2026-08-14,CWK,2030-12-31,2.5,2.55919,2.42429,1,13277000000,3,Real Estate,14.375,3368069759,513201
2026-08-14,CWK,2029-12-31,2.21045,2.26278,2.14351,1,12804500000,4,Real Estate,14.375,3368069759,513201
2026-08-14,CWK,2028-12-31,1.97105,2.23023,1.46722,4,12451545151,6,Real Estate,14.375,3368069759,513201
2026-08-14,CWK,2027-12-31,1.72308,1.86498,1.58118,7,11831351099,6,Real Estate,14.375,3368069759,513201
2026-08-14,CX,2030-12-31,0,0,0,1,19535000000,6,Basic Materials,11.085,16082481854,1677233
2026-08-14,CX,2029-12-31,1.06,1.08844,1.02332,1,19869000000,6,Basic Materials,11.085,16082481854,1677233
2026-08-14,CX,2028-12-31,1.10268,1.13226,1.06452,2,19024240644,5,Basic Materials,11.085,16082481854,1677233
2026-08-14,CX,2027-12-31,0.94951,1.07983,0.84711,4,18245082751,8,Basic Materials,11.085,16082481854,1677233
2026-08-14,CXW,2027-12-31,1.97333,1.99964,1.93562,2,2677129333,2,Real Estate,32.265,3190636162,920103
2026-08-14,CXW,2026-12-31,1.61,1.61605,1.59789,3,2560539200,4,Real Estate,32.265,3190636162,920103
2026-08-14,CXW,2025-12-31,1.01,1.02036,0.99964,2,2185027400,3,Real Estate,32.265,3190636162,920103
2026-08-14,CXW,2024-12-31,0.542,0.5453,0.53164,4,1947546800,4,Real Estate,32.265,3190636162,920103
2026-08-14,CYTK,2030-12-31,4.17,6.33148,3.02985,11,2317082556,14,Healthcare,74.0105,9209348547,1091074.40861
2026-08-14,CYTK,2029-12-31,0.81778,1.24167,0.59419,7,1522289600,14,Healthcare,74.0105,9209348547,1091074.40861
2026-08-14,CYTK,2028-12-31,-2.02185,0.10564,-4.19226,14,881941320,16,Healthcare,74.0105,9209348547,1091074.40861
2026-08-14,CYTK,2027-12-31,-4.66963,-2.94656,-5.80135,15,393283445,16,Healthcare,74.0105,9209348547,1091074.40861
2026-08-14,CZR,2028-12-31,0.28891,0.6019,-0.09404622,3,12262557931,9,Consumer Cyclical,29.675,6045401772,1422901.00552
2026-08-14,CZR,2027-12-31,0.15828,0.37645,0.04705622,7,12147485556,13,Consumer Cyclical,29.675,6045401772,1422901.00552
2026-08-14,CZR,2026-12-31,-0.86206,-0.52836,-1.29309,6,11866885049,13,Consumer Cyclical,29.675,6045401772,1422901.00552
2026-08-14,CZR,2025-12-31,-1.33299,-1.15588,-1.43553,3,11455528101,12,Consumer Cyclical,29.675,6045401772,1422901.00552
2026-08-14,D,2030-12-31,4.65314,5.04282,4.38485,1,22829980000,6,Utilities,68.71,60432227956,914775
2026-08-14,D,2029-12-31,4.35457,4.71925,4.1035,1,21478400000,6,Utilities,68.71,60432227956,914775
2026-08-14,D,2028-12-31,4.07527,4.11282,4.04289,4,20453692891,8,Utilities,68.71,60432227956,914775
2026-08-14,D,2027-12-31,3.81176,3.84177,3.78175,11,19357405043,7,Utilities,68.71,60432227956,914775
2026-08-14,DAL,2030-12-31,11.66,12.22303,10.466,2,82977000000,5,Industrials,89.615,58932885145,1837749
2026-08-14,DAL,2029-12-31,11.31849,11.86503,10.15946,3,77018000000,5,Industrials,89.615,58932885145,1837749
2026-08-14,DAL,2028-12-31,10.27672,11.17789,9.19433,6,72806733675,11,Industrials,89.615,58932885145,1837749
2026-08-14,DAL,2027-12-31,8.85159,10.36061,8.39584,8,69111636118,9,Industrials,89.615,58932885145,1837749
2026-08-14,DAN,2030-12-31,5.55,5.67564,5.43925,1,13169600000,2,Consumer Cyclical,30.41,3794435697,726971
2026-08-14,DAN,2029-12-31,4.925,5.0365,4.82672,1,12696850000,1,Consumer Cyclical,30.41,3794435697,726971
2026-08-14,DAN,2028-12-31,4.26466,4.31407,4.21524,2,10617205218,3,Consumer Cyclical,30.41,3794435697,726971
2026-08-14,DAN,2027-12-31,3.66086,3.74374,3.58781,2,9722543852,2,Consumer Cyclical,30.41,3794435697,726971
2026-08-14,DAR,2031-01-03,5.15,5.40737,4.92301,1,9160252927,1,Consumer Defensive,66.57,10579770390,809431
2026-08-14,DAR,2030-01-03,4.82616,5.06734,4.61344,1,6986992635,2,Consumer Defensive,66.57,10579770390,809431
2026-08-14,DAR,2029-01-03,5.05179,5.94116,4.31696,3,7021148615,4,Consumer Defensive,66.57,10579770390,809431
2026-08-14,DAR,2028-01-03,5.64786,6.1108,5.19418,7,7074715707,6,Consumer Defensive,66.57,10579770390,809431
2026-08-14,DASH,2030-12-31,14.58286,15.66726,13.0668,14,35198028571,14,Communication Services,217.6127,94817925359,1417602.87973
2026-08-14,DASH,2029-12-31,11.04987,11.87155,9.90111,8,30448992832,22,Communication Services,217.6127,94817925359,1417602.87973
2026-08-14,DASH,2028-12-31,6.9985,8.85708,5.18239,19,25380301744,24,Communication Services,217.6127,94817925359,1417602.87973
2026-08-14,DASH,2027-12-31,4.54248,6.06716,3.58562,30,21426060327,33,Communication Services,217.6127,94817925359,1417602.87973
2026-08-14,DB,2029-12-31,4.95753,5.01617,4.8805,1,36590643173,6,Financial Services,38.54,72419743200,837566
2026-08-14,DB,2028-12-31,4.39331,4.44528,4.32505,1,36212440410,5,Financial Services,38.54,72419743200,837566
2026-08-14,DB,2027-12-31,3.86479,4.44831,3.61108,3,34684647500,8,Financial Services,38.54,72419743200,837566
2026-08-14,DB,2026-12-31,3.34192,3.5228,3.20411,3,33380088614,7,Financial Services,38.54,72419743200,837566
2026-08-14,DBRG,2030-12-31,1.3,1.39012,1.225,1,689530500,2,Financial Services,15.925,2941840904,577721
2026-08-14,DBRG,2029-12-31,1.13,1.20833,1.06481,1,635122000,1,Financial Services,15.925,2941840904,577721
2026-08-14,DBRG,2028-12-31,0.93,1.42096,0.43904,2,581339000,3,Financial Services,15.925,2941840904,577721
2026-08-14,DBRG,2027-12-31,1.16,1.28429,1.03571,3,492697000,3,Financial Services,15.925,2941840904,577721
2026-08-14,DBX,2029-12-31,0,0,0,0,2299188000,1,Technology,34.7095,8834064165,1948539.68382
2026-08-14,DBX,2028-12-31,3.55364,3.82423,3.28304,2,2503785099,3,Technology,34.7095,8834064165,1948539.68382
2026-08-14,DBX,2027-12-31,3.46204,3.73142,3.043,5,2506751018,5,Technology,34.7095,8834064165,1948539.68382
2026-08-14,DBX,2026-12-31,3.08884,3.22924,2.89829,5,2510926713,5,Technology,34.7095,8834064165,1948539.68382
2026-08-14,DDOG,2030-12-31,4.69,5.19035,4.38289,2,8287299999,10,Technology,257.1548,91536867353,2642245.61597
2026-08-14,DDOG,2029-12-31,3.98,4.40461,3.71938,3,8304128274,10,Technology,257.1548,91536867353,2642245.61597
2026-08-14,DDOG,2028-12-31,3.52623,4.95898,2.28113,6,6562641247,20,Technology,257.1548,91536867353,2642245.61597
2026-08-14,DDOG,2027-12-31,2.86462,3.53865,2.69611,25,5313001651,34,Technology,257.1548,91536867353,2642245.61597
2026-08-14,DECK,2030-03-31,12.64,12.89377,12.23577,3,7479475000,5,Consumer Cyclical,93.59,12745273380,765879.36031
2026-08-14,DECK,2029-03-31,9.47439,11.07527,8.02412,8,6775076463,10,Consumer Cyclical,93.59,12745273380,765879.36031
2026-08-14,DECK,2028-03-31,8.35702,8.66953,7.86306,17,6322167363,19,Consumer Cyclical,93.59,12745273380,765879.36031
2026-08-14,DECK,2027-03-31,7.5343,7.59465,7.47395,17,5886966171,19,Consumer Cyclical,93.59,12745273380,765879.36031
2026-08-14,DEI,2029-12-31,-0.07,-0.06922424,-0.07110175,1,1166600000,1,Real Estate,11.715,1962086775,540783
2026-08-14,DEI,2028-12-31,0.008801,0.00893952,0.00870346,1,989078258,3,Real Estate,11.715,1962086775,540783
2026-08-14,DEI,2027-12-31,-0.095358,-0.09469579,-0.09668242,3,1046440049,4,Real Estate,11.715,1962086775,540783
2026-08-14,DEI,2026-12-31,-0.1175,-0.11667,-0.11833,4,1014288362,1,Real Estate,11.715,1962086775,540783
2026-08-14,DELL,2030-01-30,21.03,25.961,16.12561,1,192311000000,14,Technology,493.4,327741415276,2457883
2026-08-14,DELL,2029-01-30,25.90472,27.3139,22.78305,4,214274456426,15,Technology,493.4,327741415276,2457883
2026-08-14,DELL,2028-01-30,22.36246,24.69106,19.40503,8,196240018266,19,Technology,493.4,327741415276,2457883
2026-08-14,DELL,2027-01-30,18.4803,20.37748,17.62509,13,171789702408,18,Technology,493.4,327741415276,2457883
2026-08-14,DFTX,2030-12-31,3.2283,17.54717,-0.20115,4,955566142,6,Healthcare,42.2196,5604367087,999580.9259
2026-08-14,DFTX,2029-12-31,1.18146,6.42173,-0.07361352,4,559031475,11,Healthcare,42.2196,5604367087,999580.9259
2026-08-14,DFTX,2028-12-31,-0.58101,4.57421,-2.20161,11,242260277,13,Healthcare,42.2196,5604367087,999580.9259
2026-08-14,DFTX,2027-12-31,-1.58765,-1.04699,-2.24846,10,32089537,9,Healthcare,42.2196,5604367087,999580.9259
2026-08-14,DG,2031-01-30,10.155,10.40575,10.00804,5,51933350000,8,Consumer Defensive,123.71,27288774100,789862
2026-08-14,DG,2030-01-30,9.89333,10.13762,9.75016,4,50047618000,14,Consumer Defensive,123.71,27288774100,789862
2026-08-14,DG,2029-01-30,8.82097,10.05637,7.65334,11,48358071567,15,Consumer Defensive,123.71,27288774100,789862
2026-08-14,DG,2028-01-30,8.02447,8.67483,7.16399,26,46286711077,28,Consumer Defensive,123.71,27288774100,789862
2026-08-14,DHI,2028-09-30,13.5965,15.40075,11.77532,6,36822579759,6,Consumer Cyclical,149.41,41790166302,723406
2026-08-14,DHI,2027-09-30,11.75545,13.26615,10.69496,15,34538464315,14,Consumer Cyclical,149.41,41790166302,723406
2026-08-14,DHI,2026-09-30,10.48266,10.87313,9.86191,15,32773141460,13,Consumer Cyclical,149.41,41790166302,723406
2026-08-14,DHI,2025-09-30,11.81572,11.97566,11.73575,14,34018652952,12,Consumer Cyclical,149.41,41790166302,723406
2026-08-14,DHR,2030-12-31,12.48,12.73807,12.12956,1,33857500000,12,Healthcare,203.54,143085781431,991567.24377
2026-08-14,DHR,2029-12-31,11.38773,11.62322,11.06796,1,32487897462,8,Healthcare,203.54,143085781431,991567.24377
2026-08-14,DHR,2028-12-31,10.17953,10.68079,9.15129,5,30222016753,14,Healthcare,203.54,143085781431,991567.24377
2026-08-14,DHR,2027-12-31,9.25953,9.35952,9.12954,13,28378073172,16,Healthcare,203.54,143085781431,991567.24377
2026-08-14,DHT,2029-12-31,0.08,0.08994567,0.07153811,1,162458500,1,Industrials,19.66,3166085720,1909641
2026-08-14,DHT,2028-12-31,1.61995,1.84525,1.3278,3,484045042,3,Industrials,19.66,3166085720,1909641
2026-08-14,DHT,2027-12-31,1.91152,2.3807,1.48132,5,525142726,5,Industrials,19.66,3166085720,1909641
2026-08-14,DHT,2026-12-31,3.37958,3.79973,3.02211,3,764161350,3,Industrials,19.66,3166085720,1909641
2026-08-14,DINO,2030-12-31,4.23,4.99627,3.31951,1,27556000000,5,Energy,92.81,16500133040,1337885
2026-08-14,DINO,2029-12-31,4.76,5.62228,3.73543,1,27072000000,3,Energy,92.81,16500133040,1337885
2026-08-14,DINO,2028-12-31,6.8657,9.20431,5.39498,4,29367850138,7,Energy,92.81,16500133040,1337885
2026-08-14,DINO,2027-12-31,9.1648,12.42525,6.99116,9,29937382451,8,Energy,92.81,16500133040,1337885
2026-08-14,DIOD,2028-12-31,12,12.43868,11.56132,1,2935789000,1,Technology,101.66,4670741658,2117855.43608
2026-08-14,DIOD,2027-12-31,5.32843,5.52322,5.13364,1,2196856433,2,Technology,101.66,4670741658,2117855.43608
2026-08-14,DIOD,2026-12-31,3.04357,3.15483,2.93231,1,1841545767,1,Technology,101.66,4670741658,2117855.43608
2026-08-14,DIOD,2025-12-31,1.17,1.21277,1.12723,2,1471998750,2,Technology,101.66,4670741658,2117855.43608
2026-08-14,DIS,2030-09-27,10.57765,10.81189,10.28801,7,119903002494,10,Communication Services,106.555,185033823050,4682900
2026-08-14,DIS,2029-09-27,9.42067,9.62929,9.16271,6,115595062094,10,Communication Services,106.555,185033823050,4682900
2026-08-14,DIS,2028-09-27,8.32449,9.45854,6.43599,11,110383894474,20,Communication Services,106.555,185033823050,4682900
2026-08-14,DIS,2027-09-27,7.46278,7.79424,7.19159,18,105971831203,22,Communication Services,106.555,185033823050,4682900
2026-08-14,DK,2030-12-31,7.7,9.46031,5.63671,1,15741686145,2,Energy,65.64,4022911500,535561
2026-08-14,DK,2029-12-31,2.48,3.04696,1.81546,1,14578184777,2,Energy,65.64,4022911500,535561
2026-08-14,DK,2028-12-31,-0.080436,0.32237,-0.38647,3,11829796992,5,Energy,65.64,4022911500,535561
2026-08-14,DK,2027-12-31,4.20147,11.24876,0.44498,7,11761429508,7,Energy,65.64,4022911500,535561
2026-08-14,DKNG,2030-12-31,3.49,3.95071,3.2108,11,10847566667,10,Consumer Cyclical,26.415,13105242701,4686357.92074
2026-08-14,DKNG,2029-12-31,2.55667,2.89417,2.35213,7,9880409243,10,Consumer Cyclical,26.415,13105242701,4686357.92074
2026-08-14,DKNG,2028-12-31,1.63354,2.26177,0.91884,14,8578565919,21,Consumer Cyclical,26.415,13105242701,4686357.92074
2026-08-14,DKNG,2027-12-31,0.90746,0.98812,0.8268,13,7594883877,22,Consumer Cyclical,26.415,13105242701,4686357.92074
2026-08-14,DKS,2031-01-31,23.02,23.55481,22.4572,4,25736500000,4,Consumer Cyclical,203.54,17389143342,648093
2026-08-14,DKS,2030-01-31,20.69,21.17068,20.18416,2,24833000000,5,Consumer Cyclical,203.54,17389143342,648093
2026-08-14,DKS,2029-01-31,18.69299,20.61344,15.81986,6,23920233845,11,Consumer Cyclical,203.54,17389143342,648093
2026-08-14,DKS,2028-01-31,16.4075,17.09824,15.57661,15,23092618840,17,Consumer Cyclical,203.54,17389143342,648093
2026-08-14,DLO,2030-12-31,0,0,0,1,3416900000,2,Technology,14.29,4194094294,3435572
2026-08-14,DLO,2029-12-31,0,0,0,1,2934500000,2,Technology,14.29,4194094294,3435572
2026-08-14,DLO,2028-12-31,1.33049,1.47229,1.23398,4,2407411656,5,Technology,14.29,4194094294,3435572
2026-08-14,DLO,2027-12-31,1.07746,1.15802,1.03718,4,1985562480,7,Technology,14.29,4194094294,3435572
2026-08-14,DLR,2030-12-31,4.61756,4.92162,4.24672,5,11153787827,8,Real Estate,200.27,74095093921,1241040
2026-08-14,DLR,2029-12-31,4.19385,4.47001,3.85704,9,10272063714,13,Real Estate,200.27,74095093921,1241040
2026-08-14,DLR,2028-12-31,3.17005,3.92286,2.29826,12,8908786280,17,Real Estate,200.27,74095093921,1241040
2026-08-14,DLR,2027-12-31,2.52036,2.68369,2.32324,11,7809409910,22,Real Estate,200.27,74095093921,1241040
2026-08-14,DLTR,2031-01-31,7.78,7.85455,7.63443,4,25018900000,4,Consumer Defensive,130.3605,25052029088,542651.59397
2026-08-14,DLTR,2030-01-31,8.94918,9.03494,8.78174,3,24206154176,5,Consumer Defensive,130.3605,25052029088,542651.59397
2026-08-14,DLTR,2029-01-31,8.49712,9.3778,7.03874,8,23093416813,10,Consumer Defensive,130.3605,25052029088,542651.59397
2026-08-14,DLTR,2028-01-31,7.71068,8.23005,7.34113,17,21845347802,15,Consumer Defensive,130.3605,25052029088,542651.59397
2026-08-14,DNOW,2030-12-31,1.565,1.59813,1.53314,1,6019100000,1,Industrials,16.49,3010183540,1283730.4177
2026-08-14,DNOW,2029-12-31,1.265,1.29178,1.23925,1,5744650000,1,Industrials,16.49,3010183540,1283730.4177
2026-08-14,DNOW,2028-12-31,1.015,1.05181,0.97819,2,5501800000,2,Industrials,16.49,3010183540,1283730.4177
2026-08-14,DNOW,2027-12-31,0.865,1.24601,0.64875,4,5308833333,4,Industrials,16.49,3010183540,1283730.4177
2026-08-14,DOC,2029-12-31,0,0,0,0,3668000000,4,Real Estate,20.755,14308912100,1002768.90608
2026-08-14,DOC,2028-12-31,0.1121,0.12157,0.09212186,1,3392465840,2,Real Estate,20.755,14308912100,1002768.90608
2026-08-14,DOC,2027-12-31,0.12143,0.13103,0.1132,3,3125724405,6,Real Estate,20.755,14308912100,1002768.90608
2026-08-14,DOC,2026-12-31,0.36466,0.36883,0.35841,2,2967096479,5,Real Estate,20.755,14308912100,1002768.90608
2026-08-14,DOCN,2029-12-31,3.64,4.30952,3.40815,1,2935200000,10,Technology,130.39,15243634120,1125923
2026-08-14,DOCN,2028-12-31,2.8713,3.3763,2.36646,2,2593790540,12,Technology,130.39,15243634120,1125923
2026-08-14,DOCN,2027-12-31,1.79028,2.28212,1.22959,8,1805533387,11,Technology,130.39,15243634120,1125923
2026-08-14,DOCN,2026-12-31,1.45301,1.81353,1.20174,9,1176383480,11,Technology,130.39,15243634120,1125923
2026-08-14,DOCS,2031-03-31,2.1,2.18841,2.03564,1,809800000,4,Healthcare,25.12,4698073652,2236316
2026-08-14,DOCS,2030-03-31,2.01,2.09462,1.9484,1,797650000,3,Healthcare,25.12,4698073652,2236316
2026-08-14,DOCS,2029-03-31,1.82454,1.9418,1.59003,3,767518401,7,Healthcare,25.12,4698073652,2236316
2026-08-14,DOCS,2028-03-31,1.59381,1.84882,1.2113,9,711996935,12,Healthcare,25.12,4698073652,2236316
2026-08-14,DOCU,2029-01-31,5.54421,6.99903,4.17022,5,3995678193,10,Technology,61.55,11752664750,2552904.81661
2026-08-14,DOCU,2028-01-31,5.0936,5.26239,4.97445,13,3761556482,16,Technology,61.55,11752664750,2552904.81661
2026-08-14,DOCU,2027-01-31,4.52463,4.60436,4.4449,13,3496408680,16,Technology,61.55,11752664750,2552904.81661
2026-08-14,DOCU,2026-01-31,3.78593,3.84587,3.74597,16,3209399803,15,Technology,61.55,11752664750,2552904.81661
2026-08-14,DOW,2028-12-31,1.96507,2.28577,1.71425,3,44372470796,11,Basic Materials,31.115,22475631223,4031367
2026-08-14,DOW,2027-12-31,1.78846,2.36406,0.97646,9,43262882543,12,Basic Materials,31.115,22475631223,4031367
2026-08-14,DOW,2026-12-31,2.50812,2.92781,2.30827,8,43706255558,11,Basic Materials,31.115,22475631223,4031367
2026-08-14,DOW,2025-12-31,-1.03889,-0.80231,-1.13146,12,39965880742,10,Basic Materials,31.115,22475631223,4031367
2026-08-14,DRH,2028-12-31,0.57,0.57819,0.56402,1,1200515478,4,Real Estate,12.35,2526880160,596059.1868
2026-08-14,DRH,2027-12-31,0.57771,0.6066,0.54882,3,1163856645,8,Real Estate,12.35,2526880160,596059.1868
2026-08-14,DRH,2026-12-31,0.55503,0.57875,0.53605,2,1141814301,1,Real Estate,12.35,2526880160,596059.1868
2026-08-14,DRH,2025-12-31,0.41581,0.41977,0.41185,3,1119102200,7,Real Estate,12.35,2526880160,596059.1868
2026-08-14,DT,2031-03-31,3.07,3.18333,3.00423,5,3625000000,7,Technology,49.82,14521321018,3737945
2026-08-14,DT,2030-03-31,2.95126,3.06021,2.88803,2,3310344866,8,Technology,49.82,14521321018,3737945
2026-08-14,DT,2029-03-31,2.71666,3.52107,0.82158,7,3050143669,17,Technology,49.82,14521321018,3737945
2026-08-14,DT,2028-03-31,2.28369,2.37463,2.20285,20,2661811485,27,Technology,49.82,14521321018,3737945
2026-08-14,DUK,2030-12-31,8.7142,9.05767,8.15356,3,39190800000,7,Utilities,124.19,96818027240,1840551
2026-08-14,DUK,2029-12-31,8.18131,8.50377,7.65496,3,37666233333,10,Utilities,124.19,96818027240,1840551
2026-08-14,DUK,2028-12-31,7.67079,7.72987,7.63975,9,36494795098,15,Utilities,124.19,96818027240,1840551
2026-08-14,DUK,2027-12-31,7.1677,7.21782,7.11758,14,35079649853,13,Utilities,124.19,96818027240,1840551
2026-08-14,DUOL,2028-12-31,4.13725,5.84651,3.24036,10,1543959582,12,Technology,135.27,6302650666,651991.20296
2026-08-14,DUOL,2027-12-31,3.37749,3.6855,2.99513,10,1365370268,16,Technology,135.27,6302650666,651991.20296
2026-08-14,DUOL,2026-12-31,2.82399,3.19583,2.5828,10,1206136416,12,Technology,135.27,6302650666,651991.20296
2026-08-14,DUOL,2025-12-31,8.47084,8.60225,8.40008,6,1031097839,13,Technology,135.27,6302650666,651991.20296
2026-08-14,DV,2030-12-31,1.125,1.1427,1.10301,2,1166933333,4,Technology,13.28,2038004430,4913795
2026-08-14,DV,2029-12-31,0.965,0.98018,0.94614,3,1078666667,4,Technology,13.28,2038004430,4913795
2026-08-14,DV,2028-12-31,0.73,0.87795,0.5853,6,971791045,9,Technology,13.28,2038004430,4913795
2026-08-14,DV,2027-12-31,0.60894,0.647,0.54234,9,897684927,13,Technology,13.28,2038004430,4913795
2026-08-14,DVN,2030-12-31,4.69,5.83835,3.7816,4,27337000000,2,Energy,45.77,32050945375,3422898
2026-08-14,DVN,2029-12-31,5.97414,7.43691,4.81702,2,27385500000,2,Energy,45.77,32050945375,3422898
2026-08-14,DVN,2028-12-31,6.09512,7.73772,4.85798,7,27067511814,4,Energy,45.77,32050945375,3422898
2026-08-14,DVN,2027-12-31,5.3542,6.59754,4.27888,11,26387801014,6,Energy,45.77,32050945375,3422898
2026-08-14,DX,2028-12-31,1.67586,1.67586,1.67586,1,616032130,1,Real Estate,13.045,3227718493,1845893
2026-08-14,DX,2027-12-31,1.6052,1.75052,1.48436,4,524744909,1,Real Estate,13.045,3227718493,1845893
2026-08-14,DX,2026-12-31,1.48296,1.48296,1.48296,3,409626751,1,Real Estate,13.045,3227718493,1845893
2026-08-14,DX,2025-12-31,1.05625,1.05625,1.05625,2,218442537,1,Real Estate,13.045,3227718493,1845893
2026-08-14,DXC,2029-03-31,3.435,3.81557,3.03443,3,12168250540,4,Technology,10.94,1773158077,1006826
2026-08-14,DXC,2028-03-31,2.98714,3.19982,2.71646,4,11956076543,5,Technology,10.94,1773158077,1006826
2026-08-14,DXC,2027-03-31,2.58,2.68958,2.42062,5,12139785000,5,Technology,10.94,1773158077,1006826
2026-08-14,DXC,2026-03-31,3.1775,3.23689,3.1478,5,12685737429,6,Technology,10.94,1773158077,1006826
2026-08-14,DXCM,2030-12-31,5.05286,5.19521,4.9409,4,7979981714,10,Healthcare,89.7601,33871961096,1766376.09718
2026-08-14,DXCM,2029-12-31,4.29547,4.41648,4.20029,2,7208772030,10,Healthcare,89.7601,33871961096,1766376.09718
2026-08-14,DXCM,2028-12-31,3.71656,3.95882,2.92744,7,6455313382,20,Healthcare,89.7601,33871961096,1766376.09718
2026-08-14,DXCM,2027-12-31,3.11358,3.32726,2.87955,16,5797933210,21,Healthcare,89.7601,33871961096,1766376.09718
2026-08-14,DYN,2030-12-31,0.84286,2.58102,0.12207,4,1254506714,5,Healthcare,25.719,4802920374,900907.30252
2026-08-14,DYN,2029-12-31,-1.00143,-0.14504,-3.0666,4,741676714,5,Healthcare,25.719,4802920374,900907.30252
2026-08-14,DYN,2028-12-31,-2.4879,0.041465,-6.15755,10,288613092,10,Healthcare,25.719,4802920374,900907.30252
2026-08-14,DYN,2027-12-31,-3.26293,-2.33655,-4.38488,12,51017878,11,Healthcare,25.719,4802920374,900907.30252
2026-08-14,EBAY,2030-12-31,9.60667,10.07142,9.18879,4,15369714286,5,Consumer Cyclical,104.18,46255920000,1453792
2026-08-14,EBAY,2029-12-31,8.53991,8.95305,8.16843,2,14508122134,5,Consumer Cyclical,104.18,46255920000,1453792
2026-08-14,EBAY,2028-12-31,7.46609,8.65628,6.73266,7,13735541240,10,Consumer Cyclical,104.18,46255920000,1453792
2026-08-14,EBAY,2027-12-31,6.71365,6.84411,6.4728,11,13092861981,12,Consumer Cyclical,104.18,46255920000,1453792
2026-08-14,EBC,2028-12-31,2.58,2.64671,2.5412,4,1431848120,2,Financial Services,23.59,5452663370,538465.77161
2026-08-14,EBC,2027-12-31,2.1315,2.22031,2.03282,7,1283456500,6,Financial Services,23.59,5452663370,538465.77161
2026-08-14,EBC,2026-12-31,1.87188,1.91171,1.84201,7,1225672833,6,Financial Services,23.59,5452663370,538465.77161
2026-08-14,EBC,2025-12-31,1.53667,1.54671,1.51658,5,1003793333,3,Financial Services,23.59,5452663370,538465.77161
2026-08-14,EC,2030-12-31,5004.90251,5814.5012,4381.50263,1,92201053054354,5,Energy,17.46,35894874473,1107932
2026-08-14,EC,2029-12-31,5651.26856,6565.42416,4947.35872,1,90071450240537,3,Energy,17.46,35894874473,1107932
2026-08-14,EC,2028-12-31,6133.35128,7125.48912,5369.39425,2,120001302140803,3,Energy,17.46,35894874473,1107932
2026-08-14,EC,2027-12-31,6623.1898,8520.8453,5172.04147,5,123218896908223,7,Energy,17.46,35894874473,1107932
2026-08-14,ECHO,2030-12-31,10.88,12.54182,5.54604,1,11224277000,2,Communication Services,91.1574,14445257391,1302175.57562
2026-08-14,ECHO,2029-12-31,10.03,11.56199,5.11276,1,11732226000,2,Communication Services,91.1574,14445257391,1302175.57562
2026-08-14,ECHO,2028-12-31,3.36212,7.27752,-2.17794,5,12504349000,5,Communication Services,91.1574,14445257391,1302175.57562
2026-08-14,ECHO,2027-12-31,2.55552,28.19058,-23.07954,3,13526562744,6,Communication Services,91.1574,14445257391,1302175.57562
2026-08-14,ED,2030-12-31,7.81977,8.44281,7.21687,2,19785700000,6,Utilities,109,40169770000,548108
2026-08-14,ED,2029-12-31,7.38283,7.97106,6.81362,3,19090000000,11,Utilities,109,40169770000,548108
2026-08-14,ED,2028-12-31,6.91254,6.96999,6.88012,6,18905167086,13,Utilities,109,40169770000,548108
2026-08-14,ED,2027-12-31,6.48699,6.60805,6.05318,10,18249611334,11,Utilities,109,40169770000,548108
2026-08-14,EGO,2030-12-31,5.8366,6.60954,5.31132,4,4799458948,2,Basic Materials,39.57,10320264837,1164545
2026-08-14,EGO,2029-12-31,5.79712,6.56483,5.2754,2,4683208096,2,Basic Materials,39.57,10320264837,1164545
2026-08-14,EGO,2028-12-31,5.29608,5.99744,4.81945,4,4154197779,1,Basic Materials,39.57,10320264837,1164545
2026-08-14,EGO,2027-12-31,5.39683,5.93348,5.04244,7,4220595761,5,Basic Materials,39.57,10320264837,1164545
2026-08-14,EIX,2030-12-31,7.61,8.07316,7.26631,1,22224000000,6,Utilities,71.355,27456975870,529752
2026-08-14,EIX,2029-12-31,7.2025,7.64086,6.87721,1,21605666667,10,Utilities,71.355,27456975870,529752
2026-08-14,EIX,2028-12-31,6.89305,7.00576,6.76102,4,20386229779,12,Utilities,71.355,27456975870,529752
2026-08-14,EIX,2027-12-31,6.50846,6.56854,6.46841,9,19727089268,10,Utilities,71.355,27456975870,529752
2026-08-14,EL,2030-06-30,4.90438,5.03007,4.7102,1,17302039592,2,Consumer Defensive,86.74,31371658447,934299
2026-08-14,EL,2029-06-30,4.30741,4.99426,3.71748,3,16784385697,4,Consumer Defensive,86.74,31371658447,934299
2026-08-14,EL,2028-06-30,3.82895,4.39936,3.39761,10,16229708021,19,Consumer Defensive,86.74,31371658447,934299
2026-08-14,EL,2027-06-30,3.18678,3.41727,3.0565,17,15563502073,21,Consumer Defensive,86.74,31371658447,934299
2026-08-14,ELAN,2030-12-31,1.535,1.56199,1.5018,1,6045500000,5,Healthcare,23.555,11764534928,2670337.50073
2026-08-14,ELAN,2029-12-31,1.46333,1.48906,1.43168,1,5878400000,5,Healthcare,23.555,11764534928,2670337.50073
2026-08-14,ELAN,2028-12-31,1.40425,2.29899,0.43494,5,5639841512,11,Healthcare,23.555,11764534928,2670337.50073
2026-08-14,ELAN,2027-12-31,1.23453,1.57746,1.13655,9,5375611493,11,Healthcare,23.555,11764534928,2670337.50073
2026-08-14,ELF,2031-03-31,5.49,5.76709,5.23813,1,2563000000,1,Consumer Defensive,91.68,5403347919,894998
2026-08-14,ELF,2030-03-31,4.96,5.21034,4.73244,1,2403450174,2,Consumer Defensive,91.68,5403347919,894998
2026-08-14,ELF,2029-03-31,4.35438,4.57415,4.15461,1,2294704504,4,Consumer Defensive,91.68,5403347919,894998
2026-08-14,ELF,2028-03-31,3.81962,3.96613,3.558,10,2112572086,14,Consumer Defensive,91.68,5403347919,894998
2026-08-14,EMBJ,2030-12-31,4.61,4.99138,4.45558,1,11148263950,6,Industrials,75.055,13773731234,1049489
2026-08-14,EMBJ,2029-12-31,4.11,4.45002,3.97232,1,10431500000,6,Industrials,75.055,13773731234,1049489
2026-08-14,EMBJ,2028-12-31,4.42366,4.78962,4.27548,2,10386794685,5,Industrials,75.055,13773731234,1049489
2026-08-14,EMBJ,2027-12-31,3.70939,4.20335,3.30863,4,9478024931,8,Industrials,75.055,13773731234,1049489
2026-08-14,EMR,2030-09-30,10.07,10.29046,9.76585,3,23819000000,8,Industrials,163.09,91346709000,1125833
2026-08-14,EMR,2029-09-30,9.12097,9.32065,8.84549,3,22430972913,8,Industrials,163.09,91346709000,1125833
2026-08-14,EMR,2028-09-30,8.04271,9.18087,7.13225,8,20958181306,16,Industrials,163.09,91346709000,1125833
2026-08-14,EMR,2027-09-30,7.24242,7.425,6.97869,17,19894083609,21,Industrials,163.09,91346709000,1125833
2026-08-14,ENB,2030-12-31,3.92738,4.60455,3.3444,1,71387245323,2,Energy,50.815,110964715500,2371793
2026-08-14,ENB,2029-12-31,3.79568,4.45014,3.23225,1,71076736057,2,Energy,50.815,110964715500,2371793
2026-08-14,ENB,2028-12-31,3.62304,3.88898,3.34493,5,70665756911,5,Energy,50.815,110964715500,2371793
2026-08-14,ENB,2027-12-31,3.28598,3.39784,3.13217,10,68222737255,5,Energy,50.815,110964715500,2371793
2026-08-14,ENPH,2030-12-31,3.37,3.93377,2.88061,11,1530850000,10,Energy,40.43,5342608119,1413481.16445
2026-08-14,ENPH,2029-12-31,3.34333,3.90263,2.85781,7,1465000000,10,Energy,40.43,5342608119,1413481.16445
2026-08-14,ENPH,2028-12-31,2.62361,4.71869,1.2218,14,1392417708,21,Energy,40.43,5342608119,1413481.16445
2026-08-14,ENPH,2027-12-31,2.22778,3.12594,1.81392,17,1251863428,22,Energy,40.43,5342608119,1413481.16445
2026-08-14,ENTG,2030-12-31,7,7.44164,6.60056,1,4918000000,5,Technology,159.6865,24352191250,713340.03033
2026-08-14,ENTG,2029-12-31,5.81,6.17656,5.47846,1,4502200000,3,Technology,159.6865,24352191250,713340.03033
2026-08-14,ENTG,2028-12-31,6.21878,8.91582,4.7626,3,4455827194,7,Technology,159.6865,24352191250,713340.03033
2026-08-14,ENTG,2027-12-31,5.06198,5.20931,4.74626,7,4029968327,8,Technology,159.6865,24352191250,713340.03033
2026-08-14,EOG,2030-12-31,14.4,16.17917,12.56219,4,28254000000,3,Energy,143.19,76267146510,894024
2026-08-14,EOG,2029-12-31,15.50163,17.41691,13.52322,4,28290000000,4,Energy,143.19,76267146510,894024
2026-08-14,EOG,2028-12-31,15.03454,18.5122,9.42577,11,25932206255,6,Energy,143.19,76267146510,894024
2026-08-14,EOG,2027-12-31,14.37629,16.55924,13.41995,16,25695537011,8,Energy,143.19,76267146510,894024
2026-08-14,EPAM,2028-12-31,15.48756,16.8626,14.46859,7,6448918887,11,Technology,101.05,5279301774,549156
2026-08-14,EPAM,2027-12-31,14.17808,14.79102,13.14311,14,6048757552,15,Technology,101.05,5279301774,549156
2026-08-14,EPAM,2026-12-31,13.03088,13.10062,12.93126,14,5718728769,15,Technology,101.05,5279301774,549156
2026-08-14,EPAM,2025-12-31,11.42167,11.46168,11.37166,13,5442059302,12,Technology,101.05,5279301774,549156
2026-08-14,EPD,2030-12-31,3.84,4.60273,3.07539,4,62248000000,5,Energy,38.615,83544258035,3072470
2026-08-14,EPD,2029-12-31,3.57,4.2791,2.85915,4,62832000000,3,Energy,38.615,83544258035,3072470
2026-08-14,EPD,2028-12-31,3.45674,3.56052,3.32249,10,64828498475,7,Energy,38.615,83544258035,3072470
2026-08-14,EPD,2027-12-31,3.19291,3.32222,3.10339,10,61349614960,7,Energy,38.615,83544258035,3072470
2026-08-14,EQH,2029-12-31,11.80997,13.01613,10.68604,3,17809695259,2,Financial Services,52.96,14455863200,570336
2026-08-14,EQH,2028-12-31,10.53523,12.81738,6.73187,6,17867411917,5,Financial Services,52.96,14455863200,570336
2026-08-14,EQH,2027-12-31,8.97596,9.17064,8.86325,8,16622468766,5,Financial Services,52.96,14455863200,570336
2026-08-14,EQH,2026-12-31,7.15266,7.1929,7.0923,6,15074736083,5,Financial Services,52.96,14455863200,570336
2026-08-14,EQNR,2030-12-31,3.82333,4.35926,3.15777,5,91703400000,6,Energy,40.9,97781675000,1264779
2026-08-14,EQNR,2029-12-31,3.60168,4.10654,2.9747,10,91392800000,10,Energy,40.9,97781675000,1264779
2026-08-14,EQNR,2028-12-31,3.60326,4.48554,2.75563,13,101300667027,12,Energy,40.9,97781675000,1264779
2026-08-14,EQNR,2027-12-31,3.89624,4.13521,3.59493,8,106012998797,9,Energy,40.9,97781675000,1264779
2026-08-14,EQPT,2030-12-31,1.37,1.40543,1.31886,1,9198000000,5,Industrials,21.01,5302400725,1290802.83519
2026-08-14,EQPT,2029-12-31,0.75,0.7694,0.722,1,8254000000,3,Industrials,21.01,5302400725,1290802.83519
2026-08-14,EQPT,2028-12-31,1.8651,2.16863,1.42794,4,7490073324,7,Industrials,21.01,5302400725,1290802.83519
2026-08-14,EQPT,2027-12-31,0.805,0.88167,0.72067,4,6369708336,7,Industrials,21.01,5302400725,1290802.83519
2026-08-14,EQR,2030-12-31,0,0,0,1,3576181500,3,Real Estate,65.935,24721932640,2334158
2026-08-14,EQR,2029-12-31,1.71,1.7355,1.68449,1,3481178500,4,Real Estate,65.935,24721932640,2334158
2026-08-14,EQR,2028-12-31,1.86534,1.95188,1.68944,4,3380941681,6,Real Estate,65.935,24721932640,2334158
2026-08-14,EQR,2027-12-31,1.5757,1.6055,1.55707,8,3261575023,11,Real Estate,65.935,24721932640,2334158
2026-08-14,EQT,2030-12-31,6.7925,7.55722,5.84425,3,11532000000,4,Energy,54.71,34221980360,2815733
2026-08-14,EQT,2029-12-31,6.54563,7.28256,5.63184,3,11410068940,4,Energy,54.71,34221980360,2815733
2026-08-14,EQT,2028-12-31,5.28315,7.31241,4.22826,9,10336008752,9,Energy,54.71,34221980360,2815733
2026-08-14,EQT,2027-12-31,4.01436,4.65972,3.50026,10,9442271596,9,Energy,54.71,34221980360,2815733
2026-08-14,EQX,2030-12-31,1.36,1.81093,0.87562,1,4866666667,2,Basic Materials,11.57,9132056745,5977313
2026-08-14,EQX,2029-12-31,1.68685,2.24615,1.08606,1,5037333333,1,Basic Materials,11.57,9132056745,5977313
2026-08-14,EQX,2028-12-31,1.685,2.47926,0.89075,2,5393571429,3,Basic Materials,11.57,9132056745,5977313
2026-08-14,EQX,2027-12-31,1.47355,1.79184,0.94307,4,4868244444,2,Basic Materials,11.57,9132056745,5977313
2026-08-14,ERAS,2030-12-31,-0.378,-0.378,-0.378,4,281806800,3,Healthcare,18.095,6281263065,1088603.35444
2026-08-14,ERAS,2029-12-31,-0.778,-0.778,-0.778,2,44320333,4,Healthcare,18.095,6281263065,1088603.35444
2026-08-14,ERAS,2028-12-31,-0.6725,-0.55205,-0.9134,7,2750000,6,Healthcare,18.095,6281263065,1088603.35444
2026-08-14,ERAS,2027-12-31,-0.55241,-0.49322,-0.67078,8,375000,4,Healthcare,18.095,6281263065,1088603.35444
2026-08-14,ERIC,2030-12-31,4.6519,4.93234,4.43428,2,218092791079,5,Technology,10.255,33674163084,7211016
2026-08-14,ERIC,2029-12-31,6.41458,6.80128,6.11451,3,230993285211,5,Technology,10.255,33674163084,7211016
2026-08-14,ERIC,2028-12-31,7.03527,7.45939,6.70616,3,236742676516,4,Technology,10.255,33674163084,7211016
2026-08-14,ERIC,2027-12-31,6.37756,7.71479,5.34892,6,230624176016,11,Technology,10.255,33674163084,7211016
2026-08-14,EROC,2028-12-31,1.07555,1.2,0.94664,3,2204995910,6,Industrials,16.37,4474294645,3402618.35089
2026-08-14,EROC,2027-12-31,0.39,0.4,0.38,3,1440000000,5,Industrials,16.37,4474294645,3402618.35089
2026-08-14,EROC,2026-12-31,-0.39,-0.33,-0.43,3,452100000,5,Industrials,16.37,4474294645,3402618.35089
2026-08-14,EROC,2025-12-31,-315.61282,-289.24324,-333.77212,1,190772000,1,Industrials,16.37,4474294645,3402618.35089
2026-08-14,ESI,2028-12-31,2.35914,2.44001,2.23235,2,4127014977,3,Basic Materials,39.02,9508819464,890711
2026-08-14,ESI,2027-12-31,2.07256,2.19156,2.00314,5,3937067783,6,Basic Materials,39.02,9508819464,890711
2026-08-14,ESI,2026-12-31,1.80324,1.82339,1.78309,4,3652315397,4,Basic Materials,39.02,9508819464,890711
2026-08-14,ESI,2025-12-31,1.48198,1.52258,1.42108,7,2504268268,5,Basic Materials,39.02,9508819464,890711
2026-08-14,ESTC,2030-04-30,4.57663,4.79513,4.40001,1,2931375433,5,Technology,85,8835888805,1636816
2026-08-14,ESTC,2029-04-30,4.73115,6.7522,2.71014,2,2642276752,8,Technology,85,8835888805,1636816
2026-08-14,ESTC,2028-04-30,3.85213,4.49415,3.37061,16,2284904043,21,Technology,85,8835888805,1636816
2026-08-14,ESTC,2027-04-30,3.24322,3.7307,2.86518,16,1995531662,22,Technology,85,8835888805,1636816
2026-08-14,ET,2030-12-31,2.15055,2.53934,1.74407,4,113174000000,4,Energy,20.995,72247154200,4092705
2026-08-14,ET,2029-12-31,1.96018,2.31456,1.58969,2,112075500000,4,Energy,20.995,72247154200,4092705
2026-08-14,ET,2028-12-31,1.73953,2.08825,1.16332,7,117057143672,9,Energy,20.995,72247154200,4092705
2026-08-14,ET,2027-12-31,1.61986,1.96924,1.47164,10,111611202765,8,Energy,20.995,72247154200,4092705
2026-08-14,ETN,2030-12-31,24.21,25.3885,23.07461,1,44014000000,5,Industrials,453.09,175934847000,821815
2026-08-14,ETN,2029-12-31,22.23185,23.31406,21.18923,1,43952380805,5,Industrials,453.09,175934847000,821815
2026-08-14,ETN,2028-12-31,18.61991,19.20838,18.11688,4,39315326335,10,Industrials,453.09,175934847000,821815
2026-08-14,ETN,2027-12-31,15.9261,16.55303,14.54078,14,36088542957,17,Industrials,453.09,175934847000,821815
2026-08-14,ETON,2030-12-31,6.28333,6.56344,5.98856,1,426004000,2,Healthcare,58.175,1593550427,1534215.70256
2026-08-14,ETON,2029-12-31,4.75,4.96175,4.52716,1,340132000,2,Healthcare,58.175,1593550427,1534215.70256
2026-08-14,ETON,2028-12-31,3.1575,3.68375,2.57863,4,251482000,4,Healthcare,58.175,1593550427,1534215.70256
2026-08-14,ETON,2027-12-31,2.0434,2.11829,1.95781,2,186925500,3,Healthcare,58.175,1593550427,1534215.70256
2026-08-14,ETOR,2029-12-31,4.04494,4.35088,3.70932,5,1224500000,3,Financial Services,28.51,2399281658,802929.20444
2026-08-14,ETOR,2028-12-31,4.00431,4.30718,3.67206,6,1150486391,3,Financial Services,28.51,2399281658,802929.20444
2026-08-14,ETOR,2027-12-31,3.42817,3.64436,3.23257,8,1077531279,7,Financial Services,28.51,2399281658,802929.20444
2026-08-14,ETOR,2026-12-31,2.8752,2.98775,2.67056,8,963323516,6,Financial Services,28.51,2399281658,802929.20444
2026-08-14,ETR,2030-12-31,7.26109,7.89016,6.75941,5,19868637500,7,Utilities,107.865,50333206532,611248
2026-08-14,ETR,2029-12-31,6.50267,7.06603,6.05339,5,18246262500,10,Utilities,107.865,50333206532,611248
2026-08-14,ETR,2028-12-31,5.78497,5.84252,5.75233,8,16766482962,15,Utilities,107.865,50333206532,611248
2026-08-14,ETR,2027-12-31,5.09772,5.23876,4.86601,14,15294923952,12,Utilities,107.865,50333206532,611248
2026-08-14,ETSY,2030-12-31,6.62571,6.95722,6.43832,6,3364872714,8,Consumer Cyclical,79.92,7584106782,716039
2026-08-14,ETSY,2029-12-31,5.78,6.0692,5.61653,9,3232655714,13,Consumer Cyclical,79.92,7584106782,716039
2026-08-14,ETSY,2028-12-31,4.79184,5.80431,3.65879,15,3035758752,17,Consumer Cyclical,79.92,7584106782,716039
2026-08-14,ETSY,2027-12-31,4.10395,4.43252,3.60143,19,2904684807,21,Consumer Cyclical,79.92,7584106782,716039
2026-08-14,EW,2030-12-31,4.62333,4.75704,4.47814,5,9808133333,11,Healthcare,92.07,53013906000,1246757
2026-08-14,EW,2029-12-31,4.20216,4.32369,4.0702,5,9001795418,14,Healthcare,92.07,53013906000,1246757
2026-08-14,EW,2028-12-31,3.79577,3.89007,3.66545,8,8199469507,22,Healthcare,92.07,53013906000,1246757
2026-08-14,EW,2027-12-31,3.3806,3.46061,3.29058,16,7417342355,22,Healthcare,92.07,53013906000,1246757
2026-08-14,EXC,2030-12-31,3.70943,3.88657,3.57737,2,28178042857,12,Utilities,45.895,47283505173,1480315.93235
2026-08-14,EXC,2029-12-31,3.45752,3.62263,3.33443,3,27348076771,8,Utilities,45.895,47283505173,1480315.93235
2026-08-14,EXC,2028-12-31,3.25677,3.3001,3.2301,6,26917461728,14,Utilities,45.895,47283505173,1480315.93235
2026-08-14,EXC,2027-12-31,3.03537,3.07518,3.01547,12,26051955337,12,Utilities,45.895,47283505173,1480315.93235
2026-08-14,EXE,2030-12-31,13.80763,16.86568,12.48764,4,15189648767,3,Energy,95.0051,21994060670,836969.93508
2026-08-14,EXE,2029-12-31,10.37238,12.66961,9.3808,4,14724432175,4,Energy,95.0051,21994060670,836969.93508
2026-08-14,EXE,2028-12-31,10.07164,17.21937,5.54973,11,13806689537,6,Energy,95.0051,21994060670,836969.93508
2026-08-14,EXE,2027-12-31,8.75347,10.37957,7.43359,15,13205812423,8,Energy,95.0051,21994060670,836969.93508
2026-08-14,EXEL,2031-01-02,4.09667,4.43047,3.54979,5,3019599333,5,Healthcare,51.0648,12835397042,703968.43627
2026-08-14,EXEL,2030-01-02,4.85714,5.2529,4.20874,4,3401744400,6,Healthcare,51.0648,12835397042,703968.43627
2026-08-14,EXEL,2029-01-02,4.66978,5.92706,2.38104,8,3208692124,13,Healthcare,51.0648,12835397042,703968.43627
2026-08-14,EXEL,2028-01-02,4.064,4.95708,3.33148,9,2886345253,12,Healthcare,51.0648,12835397042,703968.43627
2026-08-14,EXK,2030-12-31,0.72,0.92305,0.5867,1,1927903475,2,Basic Materials,10.625,3146530000,4931907
2026-08-14,EXK,2029-12-31,0.99,1.2692,0.80672,1,751125000,1,Basic Materials,10.625,3146530000,4931907
2026-08-14,EXK,2028-12-31,1.055,1.35253,0.85968,1,968500000,1,Basic Materials,10.625,3146530000,4931907
2026-08-14,EXK,2027-12-31,1.07,1.24218,0.88552,2,1066441833,3,Basic Materials,10.625,3146530000,4931907
2026-08-14,EXLS,2028-12-31,2.985,3.06472,2.86137,3,3007675000,4,Technology,34.99,5304938870,619300.33328
2026-08-14,EXLS,2027-12-31,2.59716,2.69705,2.51725,7,2691088914,7,Technology,34.99,5304938870,619300.33328
2026-08-14,EXLS,2026-12-31,2.28866,2.33863,2.26867,7,2409602287,7,Technology,34.99,5304938870,619300.33328
2026-08-14,EXLS,2025-12-31,1.9154,1.92538,1.90542,7,2077768975,6,Technology,34.99,5304938870,619300.33328
2026-08-14,EXPE,2030-12-31,31.812,33.68712,30.92923,5,20727000000,10,Consumer Cyclical,332.2,38036443225,525357.37981
2026-08-14,EXPE,2029-12-31,29.60587,31.35095,28.78432,9,19878006787,10,Consumer Cyclical,332.2,38036443225,525357.37981
2026-08-14,EXPE,2028-12-31,27.29735,29.64529,21.47967,12,18545381989,20,Consumer Cyclical,332.2,38036443225,525357.37981
2026-08-14,EXPE,2027-12-31,23.4708,25.40526,19.88999,21,17270984593,27,Consumer Cyclical,332.2,38036443225,525357.37981
2026-08-14,EXTR,2029-06-30,1.71672,1.77052,1.67849,1,1698232442,1,Technology,24.4698,3200113658,610414.25268
2026-08-14,EXTR,2028-06-30,1.51986,1.56749,1.48601,2,1522813325,3,Technology,24.4698,3200113658,610414.25268
2026-08-14,EXTR,2027-06-30,1.30527,1.3249,1.29546,4,1394645633,5,Technology,24.4698,3200113658,610414.25268
2026-08-14,EXTR,2026-06-30,1.03254,1.04247,1.02261,4,1277527096,6,Technology,24.4698,3200113658,610414.25268
2026-08-14,EYE,2030-01-03,1.63,1.66581,1.59456,1,2478200000,2,Consumer Cyclical,18.9648,1519397192,1073792.57188
2026-08-14,EYE,2029-01-03,1.51038,1.54357,1.47754,1,2361743407,4,Consumer Cyclical,18.9648,1519397192,1073792.57188
2026-08-14,EYE,2028-01-03,1.17884,1.28504,1.00892,7,2182454204,8,Consumer Cyclical,18.9648,1519397192,1073792.57188
2026-08-14,EYE,2027-01-03,0.9632,1.01612,0.88911,7,2063637636,8,Consumer Cyclical,18.9648,1519397192,1073792.57188
2026-08-14,EYPT,2030-12-31,2.81,9.49708,-0.67484,4,916957875,4,Healthcare,14.12,1183839128,1064100.02652
2026-08-14,EYPT,2029-12-31,0.49556,1.67487,-0.11901,2,574185667,4,Healthcare,14.12,1183839128,1064100.02652
2026-08-14,EYPT,2028-12-31,-1.61546,0.86878,-3.64913,7,251667205,9,Healthcare,14.12,1183839128,1064100.02652
2026-08-14,EYPT,2027-12-31,-3.01458,-1.84048,-3.95598,9,29467528,9,Healthcare,14.12,1183839128,1064100.02652
2026-08-14,F,2030-12-31,2.505,2.69678,2.35117,2,202676500000,5,Consumer Cyclical,14.305,57042557819,28723019
2026-08-14,F,2029-12-31,2.24409,2.4159,2.10628,3,198035040017,3,Consumer Cyclical,14.305,57042557819,28723019
2026-08-14,F,2028-12-31,2.16035,2.59512,1.85366,6,195659337519,7,Consumer Cyclical,14.305,57042557819,28723019
2026-08-14,F,2027-12-31,1.9481,2.07864,1.85772,13,189021071974,9,Consumer Cyclical,14.305,57042557819,28723019
2026-08-14,FA,2028-12-31,1.7719,1.78361,1.74839,3,1934538734,1,Industrials,21.625,3709488641,963526.53581
2026-08-14,FA,2027-12-31,1.43215,1.4421,1.4222,6,1788962083,7,Industrials,21.625,3709488641,963526.53581
2026-08-14,FA,2026-12-31,1.22408,1.23403,1.21413,6,1673407519,7,Industrials,21.625,3709488641,963526.53581
2026-08-14,FA,2025-12-31,1.00451,1.01115,0.99118,6,1546120053,6,Industrials,21.625,3709488641,963526.53581
2026-08-14,FAST,2029-12-31,1.63045,1.67024,1.53601,4,11834046995,10,Industrials,51.045,58574137500,2242179
2026-08-14,FAST,2028-12-31,1.52154,1.59016,1.4693,11,10961777631,12,Industrials,51.045,58574137500,2242179
2026-08-14,FAST,2027-12-31,1.39806,1.46898,1.36767,12,10136091744,12,Industrials,51.045,58574137500,2242179
2026-08-14,FAST,2026-12-31,1.26263,1.30303,1.23233,12,9293157494,12,Industrials,51.045,58574137500,2242179
2026-08-14,FBIN,2028-12-27,4.03569,4.13661,3.93478,2,4698934310,4,Basic Materials,47.84,5706997069,641943
2026-08-14,FBIN,2027-12-27,3.47178,3.91912,3.20921,10,4468517528,12,Basic Materials,47.84,5706997069,641943
2026-08-14,FBIN,2026-12-27,3.27747,3.43158,3.15418,9,4359126716,9,Basic Materials,47.84,5706997069,641943
2026-08-14,FBIN,2025-12-27,3.73944,3.78957,3.71939,12,4521586675,10,Basic Materials,47.84,5706997069,641943
2026-08-14,FCEL,2030-10-31,1.46667,1.84898,1.24145,1,1066979333,2,Industrials,22.625,1808963639,8670967
2026-08-14,FCEL,2029-10-31,0.54,0.68076,0.45708,1,796319000,2,Industrials,22.625,1808963639,8670967
2026-08-14,FCEL,2028-10-31,-0.5832,-0.17808,-0.79021,4,409874164,4,Industrials,22.625,1808963639,8670967
2026-08-14,FCEL,2027-10-31,-1.18002,-1.1701,-1.18994,3,256666747,5,Industrials,22.625,1808963639,8670967
2026-08-14,FCX,2030-12-31,2.77,3.2446,2.42917,4,41470000000,12,Basic Materials,66.745,95949942200,4832743
2026-08-14,FCX,2029-12-31,4.7039,5.50985,4.12512,4,41752000000,8,Basic Materials,66.745,95949942200,4832743
2026-08-14,FCX,2028-12-31,4.37766,6.40513,2.51668,10,36705879210,14,Basic Materials,66.745,95949942200,4832743
2026-08-14,FCX,2027-12-31,3.9696,5.45417,2.63564,14,35405784185,14,Basic Materials,66.745,95949942200,4832743
2026-08-14,FDS,2030-08-31,27.39448,27.629,27.11894,5,3063562346,6,Financial Services,285.28,10146138107,537173
2026-08-14,FDS,2029-08-31,23.96015,24.16527,23.71916,5,2909492987,6,Financial Services,285.28,10146138107,537173
2026-08-14,FDS,2028-08-31,21.86052,22.70427,20.10915,8,2774932036,13,Financial Services,285.28,10146138107,537173
2026-08-14,FDS,2027-08-31,19.61001,20.11537,19.32265,12,2610548245,13,Financial Services,285.28,10146138107,537173
2026-08-14,FDX,2031-05-31,29.67,31.13671,27.83828,1,104279000000,1,Industrials,334.775,79201467213,684725
2026-08-14,FDX,2030-05-31,26.04477,27.33227,24.43686,1,100199800000,1,Industrials,334.775,79201467213,684725
2026-08-14,FDX,2029-05-31,24.17546,25.37055,22.68296,1,97340385221,3,Industrials,334.775,79201467213,684725
2026-08-14,FDX,2028-05-31,21.37711,23.79905,19.42555,4,94851036699,5,Industrials,334.775,79201467213,684725
2026-08-14,FDXF,2029-05-31,0,0,0,2,8792282629,1,Industrials,150.0921,22439556633,1330487
2026-08-14,FDXF,2028-05-31,0,0,0,3,8793188326,1,Industrials,150.0921,22439556633,1330487
2026-08-14,FDXF,2027-05-31,4.77,5.09,4.35,6,8850000000,3,Industrials,150.0921,22439556633,1330487
2026-08-14,FDXF,2026-05-31,3.93,4,3.83,4,8640000000,2,Industrials,150.0921,22439556633,1330487
2026-08-14,FE,2030-12-31,3.68659,3.9987,3.34853,1,18301760000,5,Utilities,47.385,27418853178,953329
2026-08-14,FE,2029-12-31,3.41442,3.70349,3.10132,1,17597260000,5,Utilities,47.385,27418853178,953329
2026-08-14,FE,2028-12-31,3.18495,3.19846,3.15823,4,17245431560,10,Utilities,47.385,27418853178,953329
2026-08-14,FE,2027-12-31,2.95301,2.97303,2.92298,9,16407047858,9,Utilities,47.385,27418853178,953329
2026-08-14,FER,2030-12-31,1.6839,1.7473,1.63027,1,12511127229,5,Industrials,64.26,46609820376,514344
2026-08-14,FER,2029-12-31,1.54956,1.6079,1.50021,1,11976937211,5,Industrials,64.26,46609820376,514344
2026-08-14,FER,2028-12-31,1.36836,1.41988,1.32478,1,11102023599,4,Industrials,64.26,46609820376,514344
2026-08-14,FER,2027-12-31,1.1867,1.23644,1.13695,2,10606667130,10,Industrials,64.26,46609820376,514344
2026-08-14,FHB,2028-12-31,2.6797,2.81358,2.54502,3,1524533333,3,Financial Services,27.635,3362516260,580635
2026-08-14,FHB,2027-12-31,2.50689,2.67668,2.38704,7,1460531857,5,Financial Services,27.635,3362516260,580635
2026-08-14,FHB,2026-12-31,2.34033,2.35033,2.33033,6,916700300,4,Financial Services,27.635,3362516260,580635
2026-08-14,FHB,2025-12-31,2.16032,2.17018,2.13073,6,881627907,5,Financial Services,27.635,3362516260,580635
2026-08-14,FHN,2028-12-31,2.52141,2.61144,2.41542,6,3864927829,3,Financial Services,26.145,12408887610,1669099
2026-08-14,FHN,2027-12-31,2.30349,2.36255,2.21489,13,3697048401,9,Financial Services,26.145,12408887610,1669099
2026-08-14,FHN,2026-12-31,2.13704,2.16686,2.09728,13,3546318398,9,Financial Services,26.145,12408887610,1669099
2026-08-14,FHN,2025-12-31,1.8425,1.89257,1.81246,12,3393246900,6,Financial Services,26.145,12408887610,1669099
2026-08-14,FIG,2029-12-31,0.75,0.85559,0.71924,1,2759300000,6,Technology,25.61,12483873726,8413731
2026-08-14,FIG,2028-12-31,0.48773,0.49713,0.47833,2,2259445163,8,Technology,25.61,12483873726,8413731
2026-08-14,FIG,2027-12-31,0.36278,0.40959,0.29256,7,1819536931,11,Technology,25.61,12483873726,8413731
2026-08-14,FIG,2026-12-31,0.28631,0.31935,0.25327,5,1469828024,8,Technology,25.61,12483873726,8413731
2026-08-14,FIGR,2028-12-31,1.52458,1.62611,1.4117,1,1117956000,1,Financial Services,31.54,5759921220,2990530
2026-08-14,FIGR,2027-12-31,1.28925,1.36446,1.21404,2,1025522911,5,Financial Services,31.54,5759921220,2990530
2026-08-14,FIGR,2026-12-31,0.97515,1.10234,0.84796,2,803188493,4,Financial Services,31.54,5759921220,2990530
2026-08-14,FIGR,2025-12-31,0.66085,0.90867,0.39926,3,512298019,4,Financial Services,31.54,5759921220,2990530
2026-08-14,FIGS,2029-12-31,0,0,0,0,759000000,1,Consumer Cyclical,14.725,2459770653,708818
2026-08-14,FIGS,2028-12-31,0.325,0.33187,0.31628,1,826793048,2,Consumer Cyclical,14.725,2459770653,708818
2026-08-14,FIGS,2027-12-31,0.32013,0.36144,0.27882,7,786421489,7,Consumer Cyclical,14.725,2459770653,708818
2026-08-14,FIGS,2026-12-31,0.26238,0.27247,0.2422,7,728923511,7,Consumer Cyclical,14.725,2459770653,708818
2026-08-14,FIS,2029-12-31,7.89855,8.03776,7.7428,1,15146458100,11,Technology,43.055,22254225345,1915172
2026-08-14,FIS,2028-12-31,7.43353,9.27912,5.22858,5,14690337524,13,Technology,43.055,22254225345,1915172
2026-08-14,FIS,2027-12-31,6.72545,6.82335,6.57861,16,14259873421,18,Technology,43.055,22254225345,1915172
2026-08-14,FIS,2026-12-31,6.21806,6.31723,6.15856,16,13685881895,17,Technology,43.055,22254225345,1915172
2026-08-14,FISV,2030-12-31,15.35891,15.61042,14.93725,3,23589850000,7,Technology,54.335,28974356090,2738975
2026-08-14,FISV,2029-12-31,12.08062,12.27844,11.74896,3,22662011571,10,Technology,54.335,28974356090,2738975
2026-08-14,FISV,2028-12-31,10.07564,11.40983,8.92018,9,21636097057,15,Technology,54.335,28974356090,2738975
2026-08-14,FISV,2027-12-31,8.91771,9.16625,8.75864,21,20845267245,21,Technology,54.335,28974356090,2738975
2026-08-14,FITB,2028-12-31,5.43247,5.86257,4.69005,5,14676937387,5,Financial Services,58.135,52688448120,2335405.79548
2026-08-14,FITB,2027-12-31,4.93553,5.14749,4.30976,13,13960886118,7,Financial Services,58.135,52688448120,2335405.79548
2026-08-14,FITB,2026-12-31,3.0668,3.11865,3.02235,12,12863497865,3,Financial Services,58.135,52688448120,2335405.79548
2026-08-14,FITB,2025-12-31,3.49044,3.54977,3.45089,14,9038922566,9,Financial Services,58.135,52688448120,2335405.79548
2026-08-14,FIVN,2030-12-31,3.17,3.22246,3.11916,1,1778900000,6,Technology,33.075,2532353903,794273.30493
2026-08-14,FIVN,2029-12-31,3.09,3.14113,3.04045,1,1645800000,6,Technology,33.075,2532353903,794273.30493
2026-08-14,FIVN,2028-12-31,4.28606,4.35699,4.21732,1,1518225689,8,Technology,33.075,2532353903,794273.30493
2026-08-14,FIVN,2027-12-31,3.77308,4.27216,3.57345,12,1388004758,16,Technology,33.075,2532353903,794273.30493
2026-08-14,FLEX,2029-03-31,9.66,9.96881,9.35119,2,51819122250,4,Technology,124.2414,45895143151,788417.86333
2026-08-14,FLEX,2028-03-31,7.11875,8.09799,6.15051,6,44980915254,7,Technology,124.2414,45895143151,788417.86333
2026-08-14,FLEX,2027-03-31,4.69846,4.85438,4.55293,6,34608931416,7,Technology,124.2414,45895143151,788417.86333
2026-08-14,FLEX,2026-03-31,3.24644,3.25646,3.23642,5,27396479605,6,Technology,124.2414,45895143151,788417.86333
2026-08-14,FLG,2028-12-31,1.81845,2.01187,1.62503,2,3126700376,2,Financial Services,14.245,5937529675,1036934
2026-08-14,FLG,2027-12-31,1.33255,1.52996,0.93772,12,2770941760,10,Financial Services,14.245,5937529675,1036934
2026-08-14,FLG,2026-12-31,0.34766,0.53115,0.24143,12,2183473019,9,Financial Services,14.245,5937529675,1036934
2026-08-14,FLG,2025-12-31,-0.54051,-0.50096,-0.55369,12,2023867085,9,Financial Services,14.245,5937529675,1036934
2026-08-14,FLNC,2030-09-30,1.4,1.56669,1.13997,4,6356043000,7,Utilities,13.22,2439442445,2179817.33269
2026-08-14,FLNC,2029-09-30,0.86,0.9624,0.70027,2,5664660250,9,Utilities,13.22,2439442445,2179817.33269
2026-08-14,FLNC,2028-09-30,0.4307,0.91275,0.30211,7,4910320972,15,Utilities,13.22,2439442445,2179817.33269
2026-08-14,FLNC,2027-09-30,0.21957,0.26139,0.10456,5,4162645574,14,Utilities,13.22,2439442445,2179817.33269
2026-08-14,FLR,2028-12-31,3.81246,4.30712,3.56513,3,18304847225,3,Industrials,52.625,7350133750,647341
2026-08-14,FLR,2027-12-31,3.2545,3.59263,2.97977,5,17270915656,4,Industrials,52.625,7350133750,647341
2026-08-14,FLR,2026-12-31,2.58516,2.65397,2.55567,5,16113899741,4,Industrials,52.625,7350133750,647341
2026-08-14,FLR,2025-12-31,2.19781,2.26838,2.11716,6,15746076389,5,Industrials,52.625,7350133750,647341
2026-08-14,FLS,2030-12-31,6.42,6.49806,6.365,1,6043200000,2,Industrials,80.34,10298500759,618362
2026-08-14,FLS,2029-12-31,5.84,5.91101,5.78997,1,5779600000,2,Industrials,80.34,10298500759,618362
2026-08-14,FLS,2028-12-31,5.16934,5.2322,5.12505,1,5436644145,5,Industrials,80.34,10298500759,618362
2026-08-14,FLS,2027-12-31,4.66174,4.73222,4.59126,7,5210852025,8,Industrials,80.34,10298500759,618362
2026-08-14,FLUT,2030-12-31,20.99667,22.43158,20.15732,1,25206333333,14,Consumer Cyclical,100.64,17459141124,880961
2026-08-14,FLUT,2029-12-31,16.36604,17.4845,15.7118,1,23507309484,14,Consumer Cyclical,100.64,17459141124,880961
2026-08-14,FLUT,2028-12-31,11.61615,15.57247,7.21942,5,21548816739,16,Consumer Cyclical,100.64,17459141124,880961
2026-08-14,FLUT,2027-12-31,8.26835,9.25835,6.93001,7,19710069883,21,Consumer Cyclical,100.64,17459141124,880961
2026-08-14,FLY,2030-12-31,2.54,2.88358,2.26813,1,2105500000,5,Industrials,26.5029,4352709347,1992835.95131
2026-08-14,FLY,2029-12-31,-0.70846,-0.63263,-0.80429,1,1438362980,3,Industrials,26.5029,4352709347,1992835.95131
2026-08-14,FLY,2028-12-31,-0.66269,-0.3609,-1.34303,5,1074521994,7,Industrials,26.5029,4352709347,1992835.95131
2026-08-14,FLY,2027-12-31,-1.285,-1.04024,-1.57056,6,695598575,8,Industrials,26.5029,4352709347,1992835.95131
2026-08-14,FLYW,2029-12-31,1.4352,1.49581,1.38219,1,1472964277,4,Industrials,18.7278,2276270451,867228.45093
2026-08-14,FLYW,2028-12-31,0.91355,1.20225,0.61412,5,1009126109,6,Industrials,18.7278,2276270451,867228.45093
2026-08-14,FLYW,2027-12-31,0.65953,0.74644,0.61863,7,874411292,11,Industrials,18.7278,2276270451,867228.45093
2026-08-14,FLYW,2026-12-31,0.41228,0.43021,0.39435,6,758382679,9,Industrials,18.7278,2276270451,867228.45093
2026-08-14,FMC,2029-12-31,2.1727,2.28586,2.08037,1,3992194667,5,Basic Materials,10.26,1284827368,1281890
2026-08-14,FMC,2028-12-31,1.98515,2.52745,1.27637,4,3936114479,11,Basic Materials,10.26,1284827368,1281890
2026-08-14,FMC,2027-12-31,1.7004,1.90243,1.47312,8,3776425898,9,Basic Materials,10.26,1284827368,1281890
2026-08-14,FMC,2026-12-31,1.39504,1.47302,1.27373,4,3613303832,5,Basic Materials,10.26,1284827368,1281890
2026-08-14,FNB,2028-12-31,2.12435,2.14753,2.10175,1,2177680900,1,Financial Services,19.415,6911040070,677229
2026-08-14,FNB,2027-12-31,1.88156,1.93107,1.78253,7,2007630433,5,Financial Services,19.415,6911040070,677229
2026-08-14,FNB,2026-12-31,1.6876,1.70757,1.64766,7,1877683133,5,Financial Services,19.415,6911040070,677229
2026-08-14,FNB,2025-12-31,1.49649,1.50647,1.47654,7,1769661250,5,Financial Services,19.415,6911040070,677229
2026-08-14,FND,2028-12-25,2.65023,3.11932,2.0915,4,5540113592,9,Consumer Cyclical,58.71,6252027900,635486
2026-08-14,FND,2027-12-25,2.20301,2.3702,2.00631,14,5108429893,16,Consumer Cyclical,58.71,6252027900,635486
2026-08-14,FND,2026-12-25,1.96589,2.1056,1.87608,13,4854260471,16,Consumer Cyclical,58.71,6252027900,635486
2026-08-14,FND,2025-12-25,1.90708,1.94702,1.84717,16,4686068204,13,Consumer Cyclical,58.71,6252027900,635486
2026-08-14,FNF,2028-12-31,6.30283,6.43794,6.19566,1,16275000000,1,Financial Services,49.495,13321952442,755161
2026-08-14,FNF,2027-12-31,5.87358,6.16973,5.72551,3,15858250000,3,Financial Services,49.495,13321952442,755161
2026-08-14,FNF,2026-12-31,5.15517,5.39729,5.01393,3,14807500000,3,Financial Services,49.495,13321952442,755161
2026-08-14,FNF,2025-12-31,5.11302,5.21508,5.02117,3,14099985861,3,Financial Services,49.495,13321952442,755161
2026-08-14,FOUR,2029-12-31,7.88,8.78039,7.25279,3,3486000000,2,Technology,45.42,4136168303,646377
2026-08-14,FOUR,2028-12-31,8.15,10.46528,4.81963,6,6934000000,5,Technology,45.42,4136168303,646377
2026-08-14,FOUR,2027-12-31,7.93707,8.84517,7.58326,15,5576000000,11,Technology,45.42,4136168303,646377
2026-08-14,FOUR,2026-12-31,6.35752,9.987,4.86,22,5021812590,14,Technology,45.42,4136168303,646377
2026-08-14,FOX,2030-06-30,6.75431,6.83089,6.68284,1,18113340851,1,Communication Services,61.1,26792645907,640325.4931
2026-08-14,FOX,2029-06-30,7.13467,7.21556,7.05918,1,18216150483,1,Communication Services,61.1,26792645907,640325.4931
2026-08-14,FOX,2028-06-30,5.79486,5.86056,5.73354,2,17965427257,1,Communication Services,61.1,26792645907,640325.4931
2026-08-14,FOX,2027-06-30,5.82537,6.42941,5.2111,4,17347810623,2,Communication Services,61.1,26792645907,640325.4931
2026-08-14,FOXA,2030-06-30,6.75431,7.02877,6.55986,1,18113340851,1,Communication Services,68.62,30090202327,4625311.47585
2026-08-14,FOXA,2029-06-30,7.13467,7.33612,6.93322,2,18216150483,3,Communication Services,68.62,30090202327,4625311.47585
2026-08-14,FOXA,2028-06-30,5.81326,6.30342,5.26739,8,17966668862,12,Communication Services,68.62,30090202327,4625311.47585
2026-08-14,FOXA,2027-06-30,5.82374,6.36054,5.15528,12,17370160688,14,Communication Services,68.62,30090202327,4625311.47585
2026-08-14,FPS,2029-06-30,0,0,0,0,3519803000,2,Industrials,38.79,10084281646,1946645
2026-08-14,FPS,2028-06-30,2.00569,2.17488,1.85407,1,2849088970,9,Industrials,38.79,10084281646,1946645
2026-08-14,FPS,2027-06-30,1.09,1.25,0.92,5,1990000000,8,Industrials,38.79,10084281646,1946645
2026-08-14,FPS,2026-06-30,0.68,0.74,0.6,5,1390000000,8,Industrials,38.79,10084281646,1946645
2026-08-14,FRO,2029-12-31,3.5695,4.19774,2.70176,1,1962774633,4,Industrials,41.425,9222153177,803648
2026-08-14,FRO,2028-12-31,2.69886,3.17386,2.04277,1,1374162833,6,Industrials,41.425,9222153177,803648
2026-08-14,FRO,2027-12-31,3.66218,5.06582,3.00697,4,1613340231,6,Industrials,41.425,9222153177,803648
2026-08-14,FRO,2026-12-31,8.03082,9.44426,6.07855,2,2373798969,5,Industrials,41.425,9222153177,803648
2026-08-14,FROG,2028-12-31,1.42893,6.20343,-3.34557,2,888083860,8,Technology,95.626,11582221120,1612957.53003
2026-08-14,FROG,2027-12-31,1.1219,1.25848,1.0341,12,743692792,16,Technology,95.626,11582221120,1612957.53003
2026-08-14,FROG,2026-12-31,0.9537,0.96363,0.93383,12,632915786,16,Technology,95.626,11582221120,1612957.53003
2026-08-14,FROG,2025-12-31,0.7921,0.80213,0.78207,15,524610834,14,Technology,95.626,11582221120,1612957.53003
2026-08-14,FRSH,2028-12-31,0.9914,1.05571,0.92709,2,1273403644,9,Technology,12.5361,3465406637,6985340
2026-08-14,FRSH,2027-12-31,0.82256,0.8538,0.7705,8,1101388952,12,Technology,12.5361,3465406637,6985340
2026-08-14,FRSH,2026-12-31,0.66592,0.67666,0.65904,8,964655389,12,Technology,12.5361,3465406637,6985340
2026-08-14,FRSH,2025-12-31,0.63494,0.64502,0.62838,11,834822080,10,Technology,12.5361,3465406637,6985340
2026-08-14,FRVO,2030-12-31,0.72375,0.77039,0.68402,1,806727574,4,Utilities,20.36,5840460682,1908022.09031
2026-08-14,FRVO,2029-12-31,0.30375,0.32332,0.28708,1,526411988,4,Utilities,20.36,5840460682,1908022.09031
2026-08-14,FRVO,2028-12-31,-0.163,-0.13703,-0.20059,4,233186890,9,Utilities,20.36,5840460682,1908022.09031
2026-08-14,FRVO,2027-12-31,-0.26273,-0.18462,-0.56096,5,78967142,6,Utilities,20.36,5840460682,1908022.09031
2026-08-14,FSK,2028-12-31,1.33795,1.3679,1.308,2,983904050,2,Financial Services,12.425,3479825430,762137
2026-08-14,FSK,2027-12-31,1.54741,1.68808,1.37659,8,1068597405,8,Financial Services,12.425,3479825430,762137
2026-08-14,FSK,2026-12-31,1.6501,1.73059,1.56961,8,1138222692,8,Financial Services,12.425,3479825430,762137
2026-08-14,FSK,2025-12-31,2.36038,2.3803,2.3305,7,1531383367,8,Financial Services,12.425,3479825430,762137
2026-08-14,FSLR,2030-12-31,28.72,32.27067,25.55454,13,6863466500,12,Technology,225.47,24231212875,1471300
2026-08-14,FSLR,2029-12-31,33.95714,38.15528,30.21445,21,7178018971,12,Technology,225.47,24231212875,1471300
2026-08-14,FSLR,2028-12-31,29.20363,40.58606,22.67962,24,6560833271,25,Technology,225.47,24231212875,1471300
2026-08-14,FSLR,2027-12-31,23.78616,29.18764,17.60883,23,5913199070,23,Technology,225.47,24231212875,1471300
2026-08-14,FSLY,2030-12-31,0.74,0.75883,0.72565,4,1043200000,2,Technology,30.17,4721605000,1796035.65886
2026-08-14,FSLY,2029-12-31,0.67,0.68705,0.65701,2,966600000,2,Technology,30.17,4721605000,1796035.65886
2026-08-14,FSLY,2028-12-31,0.6431,0.65946,0.63063,4,914343971,4,Technology,30.17,4721605000,1796035.65886
2026-08-14,FSLY,2027-12-31,0.56884,0.68553,0.48133,7,826761370,9,Technology,30.17,4721605000,1796035.65886
2026-08-14,FSM,2030-12-31,2.06,2.23728,1.9609,1,705391174,2,Basic Materials,10.675,3234070106,2811926
2026-08-14,FSM,2029-12-31,1.97,2.13954,1.87523,1,750245882,1,Basic Materials,10.675,3234070106,2811926
2026-08-14,FSM,2028-12-31,2.145,2.3296,2.04181,1,1813030696,1,Basic Materials,10.675,3234070106,2811926
2026-08-14,FSM,2027-12-31,1.73464,1.88392,1.65119,2,1545282794,3,Basic Materials,10.675,3234070106,2811926
2026-08-14,FTI,2030-12-31,5.25,5.64354,5.01848,3,13112500000,14,Energy,78.16,30651568879,1538427
2026-08-14,FTI,2029-12-31,4.71547,5.06894,4.50752,3,12595090134,14,Energy,78.16,30651568879,1538427
2026-08-14,FTI,2028-12-31,4.10615,4.73164,3.39026,9,11994353897,16,Energy,78.16,30651568879,1538427
2026-08-14,FTI,2027-12-31,3.58699,3.94984,3.14121,14,11356734679,17,Energy,78.16,30651568879,1538427
2026-08-14,FTNT,2030-12-31,3.77129,4.03933,3.585,3,12191745262,11,Technology,161.7299,118663435728,1389213.40577
2026-08-14,FTNT,2029-12-31,3.54975,3.80204,3.37441,3,11423122342,11,Technology,161.7299,118663435728,1389213.40577
2026-08-14,FTNT,2028-12-31,4.24013,5.38418,3.61416,9,9978874658,23,Technology,161.7299,118663435728,1389213.40577
2026-08-14,FTNT,2027-12-31,3.74322,4.13724,3.27258,25,9001782189,33,Technology,161.7299,118663435728,1389213.40577
2026-08-14,FTRE,2030-12-31,2.07333,2.10831,2.04446,1,3163850000,4,Healthcare,17.8224,1694910240,1086894.84965
2026-08-14,FTRE,2029-12-31,1.73333,1.76257,1.70919,1,3018800000,4,Healthcare,17.8224,1694910240,1086894.84965
2026-08-14,FTRE,2028-12-31,1.33254,39.30993,-31.31469,4,2861076248,9,Healthcare,17.8224,1694910240,1086894.84965
2026-08-14,FTRE,2027-12-31,1.06426,1.26135,0.86717,7,2743162803,9,Healthcare,17.8224,1694910240,1086894.84965
2026-08-14,FUBO,2030-12-31,2.0101,2.0337,1.9865,1,8004947318,1,Communication Services,10.42,1139875456,1203023
2026-08-14,FUBO,2029-12-31,1.75605,1.77666,1.73544,1,7583826901,1,Communication Services,10.42,1139875456,1203023
2026-08-14,FUBO,2028-12-31,0.91231,0.92302,0.9016,1,6823599719,1,Communication Services,10.42,1139875456,1203023
2026-08-14,FUBO,2027-12-31,-0.0405,-0.03375,-0.04725,2,6508523706,2,Communication Services,10.42,1139875456,1203023
2026-08-14,FWONK,2030-12-31,4.07807,4.28853,3.87699,1,6580301344,6,Communication Services,104.65,26225888703,1248171.17751
2026-08-14,FWONK,2029-12-31,3.45663,3.63502,3.28619,1,6138163527,10,Communication Services,104.65,26225888703,1248171.17751
2026-08-14,FWONK,2028-12-31,2.87113,3.0193,2.72956,2,5642732308,5,Communication Services,104.65,26225888703,1248171.17751
2026-08-14,FWONK,2027-12-31,2.22507,2.75757,1.59749,5,5257617117,12,Communication Services,104.65,26225888703,1248171.17751
2026-08-14,G,2028-12-31,5.12605,5.36677,4.82665,3,6321087506,5,Technology,33.995,5762390465,624528
2026-08-14,G,2027-12-31,4.48106,4.59208,4.35995,9,5833086469,9,Technology,33.995,5762390465,624528
2026-08-14,G,2026-12-31,4.07311,4.1234,4.02282,9,5434709852,9,Technology,33.995,5762390465,624528
2026-08-14,G,2025-12-31,3.61839,3.63838,3.5984,9,5068947402,8,Technology,33.995,5762390465,624528
2026-08-14,GAP,2029-01-31,2.88509,3.12694,2.69579,3,16473525200,8,Consumer Cyclical,20.7,7451565300,1371157
2026-08-14,GAP,2028-01-31,2.59898,2.69894,2.47903,7,16023068084,13,Consumer Cyclical,20.7,7451565300,1371157
2026-08-14,GAP,2027-01-31,2.36133,2.40169,2.32097,7,15546618912,14,Consumer Cyclical,20.7,7451565300,1371157
2026-08-14,GAP,2026-01-31,2.1528,2.16281,2.14279,8,15374051574,10,Consumer Cyclical,20.7,7451565300,1371157
2026-08-14,GBDC,2028-09-30,1.215,1.22,1.21,2,740855500,2,Financial Services,13.305,3465888383,765742.62896
2026-08-14,GBDC,2027-09-30,1.28143,1.34245,1.23058,5,743206800,4,Financial Services,13.305,3465888383,765742.62896
2026-08-14,GBDC,2026-09-30,1.37571,1.39594,1.36559,3,771974400,4,Financial Services,13.305,3465888383,765742.62896
2026-08-14,GBDC,2025-09-30,1.55948,1.58944,1.52222,3,878132150,2,Financial Services,13.305,3465888383,765742.62896
2026-08-14,GDDY,2030-12-31,15.83,16.02383,15.59922,5,6256950000,5,Technology,96.26,12745771872,837457
2026-08-14,GDDY,2029-12-31,13.47,13.63494,13.27363,5,6002900000,5,Technology,96.26,12745771872,837457
2026-08-14,GDDY,2028-12-31,10.66066,12.84755,8.79849,8,5777163954,10,Technology,96.26,12745771872,837457
2026-08-14,GDDY,2027-12-31,9.26635,11.01917,7.67754,11,5533263597,14,Technology,96.26,12745771872,837457
2026-08-14,GDS,2030-12-31,0.83314,0.92212,0.77089,1,18798159923,6,Technology,34.395,6704574356,1113625.90783
2026-08-14,GDS,2029-12-31,0.51193,0.56661,0.47368,1,16981072443,11,Technology,34.395,6704574356,1113625.90783
2026-08-14,GDS,2028-12-31,2.50032,5.41885,-0.19451,4,16655809785,13,Technology,34.395,6704574356,1113625.90783
2026-08-14,GDS,2027-12-31,1.67963,3.92565,0.29296,4,14113554037,13,Technology,34.395,6704574356,1113625.90783
2026-08-14,GE,2030-12-31,12.98345,13.54471,12.45285,5,70421125200,7,Industrials,365.91,379654499132,1606366
2026-08-14,GE,2029-12-31,11.68085,12.1858,11.20348,9,65798649021,10,Industrials,365.91,379654499132,1606366
2026-08-14,GE,2028-12-31,10.37199,11.40207,9.01652,12,61010541526,15,Industrials,365.91,379654499132,1606366
2026-08-14,GE,2027-12-31,9.10733,9.42138,8.78315,11,55851746966,13,Industrials,365.91,379654499132,1606366
2026-08-14,GEHC,2030-12-31,7.3,7.39621,7.19457,5,26418666667,14,Healthcare,73.89,33375097160,684542
2026-08-14,GEHC,2029-12-31,6.66722,6.75509,6.57093,5,25084527261,14,Healthcare,73.89,33375097160,684542
2026-08-14,GEHC,2028-12-31,6.03906,6.4015,5.40831,8,23819792145,16,Healthcare,73.89,33375097160,684542
2026-08-14,GEHC,2027-12-31,5.43135,5.53193,5.15978,12,22727007512,14,Healthcare,73.89,33375097160,684542
2026-08-14,GEN,2029-04-03,3.68638,4.05237,3.32038,2,6190405990,2,Technology,28.8191,17250452294,1352093.87515
2026-08-14,GEN,2028-04-03,3.29803,3.43669,3.15937,6,5762146155,6,Technology,28.8191,17250452294,1352093.87515
2026-08-14,GEN,2027-04-03,2.90863,2.95878,2.80833,6,5382101993,6,Technology,28.8191,17250452294,1352093.87515
2026-08-14,GEN,2026-04-03,2.54948,2.55952,2.52941,7,4963030286,6,Technology,28.8191,17250452294,1352093.87515
2026-08-14,GEO,2027-12-31,1.67,1.68128,1.64743,2,3242309333,2,Industrials,30.63,4092719340,594365
2026-08-14,GEO,2026-12-31,1.2225,1.26325,1.20212,3,2984419750,3,Industrials,30.63,4092719340,594365
2026-08-14,GEO,2025-12-31,1.09,1.13184,1.06201,2,2590404000,3,Industrials,30.63,4092719340,594365
2026-08-14,GEO,2024-12-31,0.84725,0.87977,0.83704,3,2423391180,4,Industrials,30.63,4092719340,594365
2026-08-14,GEV,2030-12-31,58.02125,61.877,53.83299,10,80484520000,16,Utilities,1055.88,281216321568,680423
2026-08-14,GEV,2029-12-31,47.03608,50.16182,43.64078,10,71236639189,30,Utilities,1055.88,281216321568,680423
2026-08-14,GEV,2028-12-31,34.24005,46.4556,21.52064,23,60677286379,32,Utilities,1055.88,281216321568,680423
2026-08-14,GEV,2027-12-31,24.80591,27.57809,18.77898,22,52875467766,27,Utilities,1055.88,281216321568,680423
2026-08-14,GFI,2030-12-31,3.44,4.38721,2.88429,1,15619000000,6,Basic Materials,40.095,35885987280,1118168
2026-08-14,GFI,2029-12-31,4.32,5.50952,3.62213,1,12428000000,6,Basic Materials,40.095,35885987280,1118168
2026-08-14,GFI,2028-12-31,4.85743,5.58936,4.37223,3,12573272522,8,Basic Materials,40.095,35885987280,1118168
2026-08-14,GFI,2027-12-31,5.5114,6.85106,4.77106,4,12713423778,6,Basic Materials,40.095,35885987280,1118168
2026-08-14,GFL,2030-12-31,2.29914,2.41171,2.23838,1,10032707020,4,Industrials,41.805,14593179118,1155566
2026-08-14,GFL,2029-12-31,2.05641,2.15709,2.00207,1,9428656774,4,Industrials,41.805,14593179118,1155566
2026-08-14,GFL,2028-12-31,1.39829,2.03315,0.81415,3,8631668566,9,Industrials,41.805,14593179118,1155566
2026-08-14,GFL,2027-12-31,1.00455,1.60985,0.39925,8,8172621154,13,Industrials,41.805,14593179118,1155566
2026-08-14,GFS,2030-12-31,8.09,9.06724,7.67991,3,13767000000,6,Technology,53.6,29410364649,2502456
2026-08-14,GFS,2029-12-31,7.4,8.29389,7.02489,3,12308000000,11,Technology,53.6,29410364649,2502456
2026-08-14,GFS,2028-12-31,3.41533,5.74869,2.81686,9,9334015903,13,Technology,53.6,29410364649,2502456
2026-08-14,GFS,2027-12-31,2.54877,3.54484,2.27534,14,8203270409,15,Technology,53.6,29410364649,2502456
2026-08-14,GILD,2030-12-31,13.26917,13.94815,12.7654,4,39154333333,10,Healthcare,138.25999,171659438364,1568148
2026-08-14,GILD,2029-12-31,12.19221,12.81608,11.72933,4,37172474535,10,Healthcare,138.25999,171659438364,1568148
2026-08-14,GILD,2028-12-31,10.72248,12.27644,9.22762,10,34468370199,21,Healthcare,138.25999,171659438364,1568148
2026-08-14,GILD,2027-12-31,9.90307,11.39922,9.26186,16,32712717935,18,Healthcare,138.25999,171659438364,1568148
2026-08-14,GIS,2030-05-31,3.29718,3.3724,3.2055,1,18287700570,5,Consumer Defensive,39.265,20956044581,2285132
2026-08-14,GIS,2029-05-31,3.39265,3.52652,3.30059,4,18191879307,10,Consumer Defensive,39.265,20956044581,2285132
2026-08-14,GIS,2028-05-31,3.21372,3.33386,3.15365,10,17933429730,12,Consumer Defensive,39.265,20956044581,2285132
2026-08-14,GIS,2027-05-31,3.08318,3.13339,3.01288,11,17808879271,12,Consumer Defensive,39.265,20956044581,2285132
2026-08-14,GLBE,2029-12-31,3.2002,3.4427,2.99274,3,2340309700,6,Consumer Cyclical,42.345,7112579172,875448.00244
2026-08-14,GLBE,2028-12-31,2.1739,2.46196,1.66844,6,1997325609,8,Consumer Cyclical,42.345,7112579172,875448.00244
2026-08-14,GLBE,2027-12-31,1.53666,1.66723,1.40609,7,1605765209,10,Consumer Cyclical,42.345,7112579172,875448.00244
2026-08-14,GLBE,2026-12-31,1.13412,1.19542,1.07282,7,1270936159,10,Consumer Cyclical,42.345,7112579172,875448.00244
2026-08-14,GLNG,2030-12-31,0,0,0,1,1096000000,2,Energy,52.1662,5309463577,775676.18203
2026-08-14,GLNG,2029-12-31,0,0,0,1,1092000000,2,Energy,52.1662,5309463577,775676.18203
2026-08-14,GLNG,2028-12-31,4.32904,6.43036,2.71743,4,898026287,4,Energy,52.1662,5309463577,775676.18203
2026-08-14,GLNG,2027-12-31,0.53368,1.63662,-0.58112,3,423374420,4,Energy,52.1662,5309463577,775676.18203
2026-08-14,GLOB,2029-12-31,7.15415,7.48504,6.76596,3,3166953453,11,Technology,37.05,1599802550,4374358
2026-08-14,GLOB,2028-12-31,7.06103,8.26862,6.02584,6,2716876196,13,Technology,37.05,1599802550,4374358
2026-08-14,GLOB,2027-12-31,6.57782,6.77867,6.21629,12,2582102737,17,Technology,37.05,1599802550,4374358
2026-08-14,GLOB,2026-12-31,6.20254,6.34215,6.03302,13,2474277756,17,Technology,37.05,1599802550,4374358
2026-08-14,GLPI,2029-12-31,0,0,0,1,2000000000,6,Real Estate,43.6945,12375236732,717771.51286
2026-08-14,GLPI,2028-12-31,3.4738,3.83044,3.2,4,1898858690,8,Real Estate,43.6945,12375236732,717771.51286
2026-08-14,GLPI,2027-12-31,3.33381,3.39627,3.25573,6,1826749494,13,Real Estate,43.6945,12375236732,717771.51286
2026-08-14,GLPI,2026-12-31,3.23323,3.249,3.20169,5,1724325834,7,Real Estate,43.6945,12375236732,717771.51286
2026-08-14,GLW,2029-12-31,6.4,6.78907,6.03922,3,30981000000,5,Technology,164.875,142021346500,5399243
2026-08-14,GLW,2028-12-31,5.87517,7.83075,3.54094,6,27582152423,10,Technology,164.875,142021346500,5399243
2026-08-14,GLW,2027-12-31,4.30319,5.05245,3.88806,10,22803444084,9,Technology,164.875,142021346500,5399243
2026-08-14,GLW,2026-12-31,3.26807,3.31835,3.1474,9,19215685439,8,Technology,164.875,142021346500,5399243
2026-08-14,GLXY,2029-12-31,-0.10037,-0.07904507,-0.13296,1,90544282523,1,Financial Services,21.73,7207559575,3262260.23758
2026-08-14,GLXY,2028-12-31,0.23719,1.15207,-0.67769,2,54000662341,3,Financial Services,21.73,7207559575,3262260.23758
2026-08-14,GLXY,2027-12-31,-0.19161,0.19161,-0.51495,8,49336896772,7,Financial Services,21.73,7207559575,3262260.23758
2026-08-14,GLXY,2026-12-31,-0.91608,1.43955,-3.29789,9,38910793245,6,Financial Services,21.73,7207559575,3262260.23758
2026-08-14,GM,2030-12-31,14.81,15.65321,14.27152,4,206190000000,12,Consumer Cyclical,86.78,78488304728,1634421
2026-08-14,GM,2029-12-31,15.97518,16.88473,15.39434,2,196625726525,8,Consumer Cyclical,86.78,78488304728,1634421
2026-08-14,GM,2028-12-31,16.07125,20.62527,11.78587,7,194902218575,14,Consumer Cyclical,86.78,78488304728,1634421
2026-08-14,GM,2027-12-31,14.96123,16.35012,12.77577,16,190925821249,17,Consumer Cyclical,86.78,78488304728,1634421
2026-08-14,GMAB,2030-12-31,2.69599,2.95106,2.44171,13,6565862168,9,Healthcare,31.935,19606042647,2729417.80246
2026-08-14,GMAB,2029-12-31,2.61198,2.8591,2.36562,13,6385038073,10,Healthcare,31.935,19606042647,2729417.80246
2026-08-14,GMAB,2028-12-31,2.49812,3.29087,1.61197,16,6199202091,18,Healthcare,31.935,19606042647,2729417.80246
2026-08-14,GMAB,2027-12-31,1.67537,1.97416,1.21651,7,5132158619,14,Healthcare,31.935,19606042647,2729417.80246
2026-08-14,GME,2028-01-31,1.37,1.37,1.37,1,4116292000,1,Consumer Cyclical,18.785,8428665263,2594502
2026-08-14,GME,2027-01-31,1.3,1.3,1.3,1,3901068000,1,Consumer Cyclical,18.785,8428665263,2594502
2026-08-14,GME,2026-01-31,0.99,0.99,0.99,1,4158675000,1,Consumer Cyclical,18.785,8428665263,2594502
2026-08-14,GME,2025-01-31,0.07,0.07,0.07,1,4017842500,1,Consumer Cyclical,18.785,8428665263,2594502
2026-08-14,GMRS,2028-12-31,2.1327,2.13684,2.12856,2,6729104555,6,Healthcare,13.62,735639490,759863
2026-08-14,GMRS,2027-12-31,1.77843,1.8737,1.67257,4,6359246251,5,Healthcare,13.62,735639490,759863
2026-08-14,GMRS,2026-12-31,1.50953,1.974,1.03054,4,6013940953,5,Healthcare,13.62,735639490,759863
2026-08-14,GMRS,2025-12-31,1.74267,1.75412,1.72398,2,5829945000,1,Healthcare,13.62,735639490,759863
2026-08-14,GNTX,2030-12-31,2.88,2.9149,2.84052,1,3100500000,2,Consumer Cyclical,23.8,5068253982,743176.6706
2026-08-14,GNTX,2029-12-31,2.62,2.65175,2.58409,1,3006500000,2,Consumer Cyclical,23.8,5068253982,743176.6706
2026-08-14,GNTX,2028-12-31,2.48232,2.54035,2.43239,4,2927436433,5,Consumer Cyclical,23.8,5068253982,743176.6706
2026-08-14,GNTX,2027-12-31,2.22787,2.29941,2.17677,5,2813706758,6,Consumer Cyclical,23.8,5068253982,743176.6706
2026-08-14,GNW,2027-12-31,1.125,1.125,1.125,1,5838329314,1,Financial Services,10.12,3876053671,802837
2026-08-14,GNW,2026-12-31,1.09,1.09,1.09,1,6096937160,1,Financial Services,10.12,3876053671,802837
2026-08-14,GNW,2025-12-31,0.62,0.62,0.62,1,6367000000,1,Financial Services,10.12,3876053671,802837
2026-08-14,GNW,2023-12-31,0.75,0.75,0.75,1,7673551800,1,Financial Services,10.12,3876053671,802837
2026-08-14,GO,2031-01-03,0.92,0.95257,0.88921,1,6535800000,2,Consumer Defensive,10.935,1081719725,1304051
2026-08-14,GO,2030-01-03,0.83,0.85938,0.80222,1,5927600000,3,Consumer Defensive,10.935,1081719725,1304051
2026-08-14,GO,2029-01-03,0.66962,1.77917,-0.43993,2,5151222456,6,Consumer Defensive,10.935,1081719725,1304051
2026-08-14,GO,2028-01-03,0.62524,0.74625,0.53448,8,4871395123,11,Consumer Defensive,10.935,1081719725,1304051
2026-08-14,GOOG,2030-12-31,24.36571,26.47323,21.81316,16,936258242857,15,Communication Services,342.625,4158063577617,7074668.7683
2026-08-14,GOOG,2029-12-31,20.29981,22.05565,18.1732,29,815730364847,25,Communication Services,342.625,4158063577617,7074668.7683
2026-08-14,GOOG,2028-12-31,17.67877,19.2079,15.82674,26,720255441264,14,Communication Services,342.625,4158063577617,7074668.7683
2026-08-14,GOOG,2027-12-31,14.99432,16.66375,13.9153,34,606020270673,31,Communication Services,342.625,4158063577617,7074668.7683
2026-08-14,GOOGL,2030-12-31,24.36571,26.82202,20.42887,16,936258242857,33,Communication Services,344.98,4174986351444,11473434
2026-08-14,GOOGL,2029-12-31,20.29981,22.34624,17.01991,29,815730364847,23,Communication Services,344.98,4174986351444,11473434
2026-08-14,GOOGL,2028-12-31,17.71607,20.25047,13.68538,34,721625172376,37,Communication Services,344.98,4174986351444,11473434
2026-08-14,GOOGL,2027-12-31,15.00595,16.67667,13.92609,42,606613875390,39,Communication Services,344.98,4174986351444,11473434
2026-08-14,GPK,2029-12-31,1.9,1.98317,1.87028,1,9034000000,4,Consumer Cyclical,11.395,3371632365,1728510
2026-08-14,GPK,2028-12-31,1.25013,1.53874,0.93559,5,8972650120,6,Consumer Cyclical,11.395,3371632365,1728510
2026-08-14,GPK,2027-12-31,1.16032,1.32748,0.98332,7,8790849793,9,Consumer Cyclical,11.395,3371632365,1728510
2026-08-14,GPK,2026-12-31,0.76059,0.86772,0.50349,8,8625401370,8,Consumer Cyclical,11.395,3371632365,1728510
2026-08-14,GPN,2030-12-31,24.99,25.42284,24.14806,4,15663244000,7,Financial Services,92.92,23067817804,798914
2026-08-14,GPN,2029-12-31,21.78615,22.16349,21.05216,2,14415107775,10,Financial Services,92.92,23067817804,798914
2026-08-14,GPN,2028-12-31,18.7928,24.01752,7.10392,7,13658803291,15,Financial Services,92.92,23067817804,798914
2026-08-14,GPN,2027-12-31,15.97097,16.99123,15.56875,18,13030592578,20,Financial Services,92.92,23067817804,798914
2026-08-14,GRND,2030-12-31,1.68,1.71728,1.64083,1,933700000,2,Technology,16.06,2854279560,700976.81939
2026-08-14,GRND,2029-12-31,1.37,1.4004,1.33805,1,811500000,2,Technology,16.06,2854279560,700976.81939
2026-08-14,GRND,2028-12-31,0.95,1.13352,0.84205,4,722967402,4,Technology,16.06,2854279560,700976.81939
2026-08-14,GRND,2027-12-31,0.7625,0.80486,0.70955,2,629495699,4,Technology,16.06,2854279560,700976.81939
2026-08-14,GRPN,2028-12-31,1.21,1.64,0.78,2,605123000,2,Communication Services,21.4547,814935325,538367.11224
2026-08-14,GRPN,2027-12-31,0.83333,0.9176,0.66479,3,556294667,3,Communication Services,21.4547,814935325,538367.11224
2026-08-14,GRPN,2026-12-31,-0.13333,-0.1098,-0.15686,3,520095667,3,Communication Services,21.4547,814935325,538367.11224
2026-08-14,GRPN,2025-12-31,-2.02333,-1.94662,-2.06169,2,502275667,3,Communication Services,21.4547,814935325,538367.11224
2026-08-14,GRRR,2028-12-31,-7.684,-4.825,-10.543,1,550100000,1,Technology,15.72,389744372,729702
2026-08-14,GRRR,2027-12-31,-4.677,-2.93682,-6.41718,1,426532667,1,Technology,15.72,389744372,729702
2026-08-14,GRRR,2026-12-31,-4.327,-2.71705,-5.93695,1,186556333,1,Technology,15.72,389744372,729702
2026-08-14,GRRR,2025-12-31,0.845,1.1594,0.5306,1,99785333,1,Technology,15.72,389744372,729702
2026-08-14,GS,2029-12-31,77.09273,84.34057,68.87526,4,77134603918,5,Financial Services,1039.52,306665676640,682285
2026-08-14,GS,2028-12-31,76.93856,95.44318,65.71804,10,74486406795,10,Financial Services,1039.52,306665676640,682285
2026-08-14,GS,2027-12-31,73.07012,75.08215,67.02391,17,73138566363,15,Financial Services,1039.52,306665676640,682285
2026-08-14,GS,2026-12-31,69.7702,73.77067,65.6482,16,71189101944,14,Financial Services,1039.52,306665676640,682285
2026-08-14,GSK,2030-12-31,4.40209,4.61134,4.25228,3,38003142937,9,Healthcare,49.4,98972900000,2125227
2026-08-14,GSK,2029-12-31,4.32033,4.5257,4.1733,3,38433418389,10,Healthcare,49.4,98972900000,2125227
2026-08-14,GSK,2028-12-31,4.09147,4.51849,3.72814,9,36873527722,18,Healthcare,49.4,98972900000,2125227
2026-08-14,GSK,2027-12-31,3.88223,4.10084,3.6787,6,35709293457,14,Healthcare,49.4,98972900000,2125227
2026-08-14,GTLB,2031-01-31,1.63,1.75829,1.59442,1,1913200000,3,Technology,42.9519,7254575953,3429219.9532
2026-08-14,GTLB,2030-01-31,1.38,1.48862,1.34988,1,1684700000,4,Technology,42.9519,7254575953,3429219.9532
2026-08-14,GTLB,2029-01-31,1.16423,2.02648,0.30187,2,1463300037,8,Technology,42.9519,7254575953,3429219.9532
2026-08-14,GTLB,2028-01-31,1.01732,1.20044,0.91559,14,1286081491,18,Technology,42.9519,7254575953,3429219.9532
2026-08-14,GTX,2029-12-31,2.72,2.80265,2.60105,1,4158000000,2,Consumer Cyclical,29.05,5417633677,1171238.98531
2026-08-14,GTX,2028-12-31,2.60621,2.67194,2.48461,3,4218058318,5,Consumer Cyclical,29.05,5417633677,1171238.98531
2026-08-14,GTX,2027-12-31,2.22587,2.38849,2.08358,3,3992245362,5,Consumer Cyclical,29.05,5417633677,1171238.98531
2026-08-14,GTX,2026-12-31,1.95246,1.97345,1.94196,3,3810436480,5,Consumer Cyclical,29.05,5417633677,1171238.98531
2026-08-14,GWRE,2029-07-31,3.61,3.84753,3.39366,1,2335934500,2,Technology,176.055,14657705502,515693.84164
2026-08-14,GWRE,2028-07-31,5.1095,6.14599,4.41974,6,1967775225,13,Technology,176.055,14657705502,515693.84164
2026-08-14,GWRE,2027-07-31,4.10002,4.59242,3.28605,9,1704612412,12,Technology,176.055,14657705502,515693.84164
2026-08-14,GWRE,2026-07-31,3.47312,3.58104,3.35539,8,1467000945,12,Technology,176.055,14657705502,515693.84164
2026-08-14,HAL,2030-12-31,4.13,4.28729,3.97282,5,27725483300,7,Energy,34.39,28729328107,5150480.80054
2026-08-14,HAL,2029-12-31,4.09313,4.24901,3.93736,5,26644488947,10,Energy,34.39,28729328107,5150480.80054
2026-08-14,HAL,2028-12-31,3.35945,3.99308,3.02481,8,24569162291,15,Energy,34.39,28729328107,5150480.80054
2026-08-14,HAL,2027-12-31,2.89495,3.03423,2.67609,16,23558659238,18,Energy,34.39,28729328107,5150480.80054
2026-08-14,HALO,2030-12-31,8.87,9.13952,8.62674,1,1779633333,2,Healthcare,98.5764,11692442533,948600.4319
2026-08-14,HALO,2029-12-31,10.08,10.38629,9.80355,1,2007433333,2,Healthcare,98.5764,11692442533,948600.4319
2026-08-14,HALO,2028-12-31,11.12086,11.14083,11.09291,3,2167564196,5,Healthcare,98.5764,11692442533,948600.4319
2026-08-14,HALO,2027-12-31,9.97,10.24002,9.75191,4,2004526867,6,Healthcare,98.5764,11692442533,948600.4319
2026-08-14,HAWK,2030-12-31,1.005,1.01181,0.99116,1,484966667,5,Industrials,22.51,2205078902,1288507.81462
2026-08-14,HAWK,2029-12-31,0.66,0.66447,0.65091,1,400575000,3,Industrials,22.51,2205078902,1288507.81462
2026-08-14,HAWK,2028-12-31,0.354,0.37545,0.34327,4,329424155,7,Industrials,22.51,2205078902,1288507.81462
2026-08-14,HAWK,2027-12-31,0.1225,0.20045,0.07795455,5,267761391,7,Industrials,22.51,2205078902,1288507.81462
2026-08-14,HBAN,2029-12-31,1.73,1.75968,1.70272,1,8208759118,1,Financial Services,17.88,36125019807,9405448
2026-08-14,HBAN,2028-12-31,2.10901,2.27629,1.72827,5,13086690869,3,Financial Services,17.88,36125019807,9405448
2026-08-14,HBAN,2027-12-31,1.88573,1.93588,1.80549,12,12286252910,5,Financial Services,17.88,36125019807,9405448
2026-08-14,HBAN,2026-12-31,1.4047,1.43104,1.3608,12,11261597237,5,Financial Services,17.88,36125019807,9405448
2026-08-14,HBM,2030-12-31,2.00857,2.2949,1.77529,3,3424173400,5,Basic Materials,26.779,11893089480,1252303
2026-08-14,HBM,2029-12-31,2.13419,2.43843,1.88632,3,3712702680,5,Basic Materials,26.779,11893089480,1252303
2026-08-14,HBM,2028-12-31,1.95435,2.62801,0.97815,9,3394478863,11,Basic Materials,26.779,11893089480,1252303
2026-08-14,HBM,2027-12-31,1.92908,2.62683,1.44681,14,3372417665,14,Basic Materials,26.779,11893089480,1252303
2026-08-14,HD,2031-02-01,19.805,20.3759,19.14934,4,195683100000,8,Consumer Cyclical,339.72,338740587240,1347882
2026-08-14,HD,2030-02-01,19.09362,19.64401,18.46151,3,192559142742,18,Consumer Cyclical,339.72,338740587240,1347882
2026-08-14,HD,2029-02-01,17.48107,17.82505,16.68098,9,185106583528,19,Consumer Cyclical,339.72,338740587240,1347882
2026-08-14,HD,2028-02-01,16.06985,16.37717,15.56426,21,177303493553,26,Consumer Cyclical,339.72,338740587240,1347882
2026-08-14,HDB,2030-03-31,254.49801,254.52786,254.46816,1,3052486971977,9,Financial Services,23.375,119898286947,2698032
2026-08-14,HDB,2029-03-31,215.55669,215.58197,215.53141,1,2630833698754,9,Financial Services,23.375,119898286947,2698032
2026-08-14,HDB,2028-03-31,184.20424,190.88522,175.6144,2,2286239761756,19,Financial Services,23.375,119898286947,2698032
2026-08-14,HDB,2027-03-31,158.26441,166.79362,150.68288,2,1988517847364,18,Financial Services,23.375,119898286947,2698032
2026-08-14,HE,2030-12-31,0.96,0.96586,0.95414,1,3542000000,1,Utilities,11.88,2050915680,687138
2026-08-14,HE,2029-12-31,0.96,0.96586,0.95414,1,3483000000,1,Utilities,11.88,2050915680,687138
2026-08-14,HE,2028-12-31,1.06,1.06647,1.05353,1,3420000000,2,Utilities,11.88,2050915680,687138
2026-08-14,HE,2027-12-31,1.125,1.13187,1.11813,1,3340000000,1,Utilities,11.88,2050915680,687138
2026-08-14,HELP,2031-03-31,4.27802,9.5877,1.00673,3,1045541064,2,Healthcare,11.628,720751115,711102.2239
2026-08-14,HELP,2030-03-31,0.54157,1.21374,0.12745,2,509571077,3,Healthcare,11.628,720751115,711102.2239
2026-08-14,HELP,2029-03-31,-1.07041,0.77021,-2.98466,6,194852470,6,Healthcare,11.628,720751115,711102.2239
2026-08-14,HELP,2028-03-31,-2.10313,-0.49492,-4.71344,3,9575388,4,Healthcare,11.628,720751115,711102.2239
2026-08-14,HIMS,2030-12-31,1.395,1.5269,1.24426,1,4212050000,1,Healthcare,28.3361,6321217188,5610471
2026-08-14,HIMS,2029-12-31,1.11333,1.2186,0.99302,1,4687900000,1,Healthcare,28.3361,6321217188,5610471
2026-08-14,HIMS,2028-12-31,0.78059,0.8544,0.69624,1,4023083462,2,Healthcare,28.3361,6321217188,5610471
2026-08-14,HIMS,2027-12-31,0.47033,0.62409,0.28039,3,3525020974,4,Healthcare,28.3361,6321217188,5610471
2026-08-14,HL,2030-12-31,0.5,0.55895,0.45152,1,3233375014,1,Basic Materials,18.43,12361222160,30268994
2026-08-14,HL,2029-12-31,0.6,0.67074,0.54182,1,2743891928,1,Basic Materials,18.43,12361222160,30268994
2026-08-14,HL,2028-12-31,0.89,1.11352,0.66648,2,1525375000,1,Basic Materials,18.43,12361222160,30268994
2026-08-14,HL,2027-12-31,1.06577,1.19143,0.96243,3,1535312460,1,Basic Materials,18.43,12361222160,30268994
2026-08-14,HLIT,2028-12-31,0.74,0.78531,0.69166,1,553500000,2,Technology,13.88,1505930532,1504229.06733
2026-08-14,HLIT,2027-12-31,0.768,0.85895,0.67705,4,565285500,4,Technology,13.88,1505930532,1504229.06733
2026-08-14,HLIT,2026-12-31,0.64167,0.65154,0.61205,3,490440340,4,Technology,13.88,1505930532,1504229.06733
2026-08-14,HLIT,2025-12-31,0.43119,0.44122,0.42116,4,555026450,3,Technology,13.88,1505930532,1504229.06733
2026-08-14,HLT,2030-12-31,16.67,17.18208,16.17551,4,17859000000,4,Consumer Cyclical,326.37,73454464050,805087
2026-08-14,HLT,2029-12-31,14.16216,14.5972,13.74206,2,16473100306,4,Consumer Cyclical,326.37,73454464050,805087
2026-08-14,HLT,2028-12-31,11.96223,13.54027,10.64767,7,15233475452,9,Consumer Cyclical,326.37,73454464050,805087
2026-08-14,HLT,2027-12-31,10.39748,11.05654,9.95482,15,14143526121,12,Consumer Cyclical,326.37,73454464050,805087
2026-08-14,HLX,2030-12-31,0.38,0.39238,0.34967,1,1456000000,1,Energy,10.43,1536369946,860629
2026-08-14,HLX,2029-12-31,0.67,0.69183,0.61653,1,1484000000,1,Energy,10.43,1536369946,860629
2026-08-14,HLX,2028-12-31,0.87306,0.90151,0.80338,1,2163993059,1,Energy,10.43,1536369946,860629
2026-08-14,HLX,2027-12-31,0.557,0.57515,0.51254,2,1429987987,3,Energy,10.43,1536369946,860629
2026-08-14,HMY,2030-06-30,69.5416,77.00355,57.73977,1,121382695054,4,Basic Materials,19.395,12118783670,1466171
2026-08-14,HMY,2029-06-30,65.74843,72.80336,54.59034,1,125218349106,4,Basic Materials,19.395,12118783670,1466171
2026-08-14,HMY,2028-06-30,66.25631,73.36574,55.01203,1,131359477318,3,Basic Materials,19.395,12118783670,1466171
2026-08-14,HMY,2027-06-30,59.34732,65.7154,49.27555,1,119974561711,5,Basic Materials,19.395,12118783670,1466171
2026-08-14,HNGE,2030-12-31,6.66,7.09218,6.33571,1,1926000000,6,Healthcare,88.27,6830344075,551988
2026-08-14,HNGE,2029-12-31,5.5,5.8569,5.23219,1,1603000000,6,Healthcare,88.27,6830344075,551988
2026-08-14,HNGE,2028-12-31,4.14714,5.38007,3.30277,4,1312678078,8,Healthcare,88.27,6830344075,551988
2026-08-14,HNGE,2027-12-31,3.1275,3.55398,2.64416,9,1077911891,12,Healthcare,88.27,6830344075,551988
2026-08-14,HOG,2028-12-31,2.82901,3.4769,1.76895,5,4248576761,3,Consumer Cyclical,28.06,2953820080,945811
2026-08-14,HOG,2027-12-31,1.90616,2.47911,1.21201,11,4017295014,8,Consumer Cyclical,28.06,2953820080,945811
2026-08-14,HOG,2026-12-31,0.58853,1.02404,0.25895,10,3852862768,8,Consumer Cyclical,28.06,2953820080,945811
2026-08-14,HOG,2025-12-31,4.13795,4.47055,3.86404,8,3680798218,7,Consumer Cyclical,28.06,2953820080,945811
2026-08-14,HON,2030-12-31,13.54,14.29907,12.89816,1,24611000000,5,Industrials,234.155,74213085700,873322
2026-08-14,HON,2029-12-31,13.01427,13.74387,12.39735,1,23310227863,5,Industrials,234.155,74213085700,873322
2026-08-14,HON,2028-12-31,11.55307,12.51493,10.50677,4,21685578677,11,Industrials,234.155,74213085700,873322
2026-08-14,HON,2027-12-31,10.0406,10.76975,9.29174,9,20543217833,13,Industrials,234.155,74213085700,873322
2026-08-14,HONA,2028-12-31,11.07836,11.63,10.5,9,22184791700,12,Industrials,166.542,52783779845,1560512.60798
2026-08-14,HONA,2027-12-31,9.59,9.7,9.4,10,20340000000,10,Industrials,166.542,52783779845,1560512.60798
2026-08-14,HONA,2026-12-31,8.44,8.65,8.24,8,19080000000,10,Industrials,166.542,52783779845,1560512.60798
2026-08-14,HOOD,2030-12-31,3.5,4.07616,3.2208,4,8002000000,12,Financial Services,96.1229,86422399457,8723376
2026-08-14,HOOD,2029-12-31,3.76515,4.38496,3.4648,4,8843428070,8,Financial Services,96.1229,86422399457,8723376
2026-08-14,HOOD,2028-12-31,3.28762,3.6724,2.89407,10,7461788901,14,Financial Services,96.1229,86422399457,8723376
2026-08-14,HOOD,2027-12-31,2.75354,3.24562,2.44992,16,6487349236,19,Financial Services,96.1229,86422399457,8723376
2026-08-14,HPE,2029-10-31,5.09,5.28311,4.9032,1,59488000000,6,Technology,59.27,78485542690,6329706
2026-08-14,HPE,2028-10-31,4.40264,4.84843,4.15769,4,52822224465,12,Technology,59.27,78485542690,6329706
2026-08-14,HPE,2027-10-31,4.0175,4.16741,3.87759,11,49987541710,14,Technology,59.27,78485542690,6329706
2026-08-14,HPE,2026-10-31,3.41537,3.45543,3.35528,11,44968907587,14,Technology,59.27,78485542690,6329706
2026-08-14,HPQ,2029-10-31,3.7431,3.83118,3.62927,1,60746516500,5,Technology,30.055,27485988765,5427008
2026-08-14,HPQ,2028-10-31,3.31485,3.8082,2.88936,5,57939030782,11,Technology,30.055,27485988765,5427008
2026-08-14,HPQ,2027-10-31,3.02499,3.26245,2.73591,9,57794374205,10,Technology,30.055,27485988765,5427008
2026-08-14,HPQ,2026-10-31,3.02422,3.1257,2.92274,9,57695273833,10,Technology,30.055,27485988765,5427008
2026-08-14,HR,2029-12-31,0.11,0.11355,0.10675,1,1171400000,1,Real Estate,19.305,6771267283,890782
2026-08-14,HR,2028-12-31,0.092414,0.09539627,0.08968438,1,1200587800,2,Real Estate,19.305,6771267283,890782
2026-08-14,HR,2027-12-31,0.046751,0.04758584,0.04591616,3,1138250833,3,Real Estate,19.305,6771267283,890782
2026-08-14,HR,2026-12-31,-0.017117,-0.01690698,-0.01722201,3,1100560378,1,Real Estate,19.305,6771267283,890782
2026-08-14,HRB,2028-06-30,7.22,7.28223,7.13376,1,4176867000,2,Consumer Cyclical,54.18,6867868015,1818277
2026-08-14,HRB,2027-06-30,5.858,5.92021,5.77505,3,4054277750,3,Consumer Cyclical,54.18,6867868015,1818277
2026-08-14,HRB,2026-06-30,5.162,5.18193,5.14207,3,3918386250,4,Consumer Cyclical,54.18,6867868015,1818277
2026-08-14,HRB,2025-06-30,5.25,5.30029,5.22989,3,3724802667,3,Consumer Cyclical,54.18,6867868015,1818277
2026-08-14,HRL,2028-10-26,1.68333,1.79906,1.5676,2,12746735667,4,Consumer Defensive,24.475,13468959625,1180966
2026-08-14,HRL,2027-10-26,1.572,1.63285,1.41987,6,12441857783,7,Consumer Defensive,24.475,13468959625,1180966
2026-08-14,HRL,2026-10-26,1.4911,1.54217,1.32769,6,12279648404,7,Consumer Defensive,24.475,13468959625,1180966
2026-08-14,HRL,2025-10-26,1.3635,1.3736,1.3534,6,12144301134,5,Consumer Defensive,24.475,13468959625,1180966
2026-08-14,HSAI,2030-12-31,12.2048,14.69188,10.58508,5,9878290521,10,Consumer Cyclical,17.965,2610934634,1475892.60558
2026-08-14,HSAI,2029-12-31,10.30584,12.40596,8.93813,9,8527988337,10,Consumer Cyclical,17.965,2610934634,1475892.60558
2026-08-14,HSAI,2028-12-31,8.72263,13.50434,5.07888,12,7926860229,20,Consumer Cyclical,17.965,2610934634,1475892.60558
2026-08-14,HSAI,2027-12-31,6.09248,7.41252,4.72168,9,6087066813,16,Consumer Cyclical,17.965,2610934634,1475892.60558
2026-08-14,HST,2028-12-31,1.02985,1.14927,0.92318,3,6322820867,7,Real Estate,22.905,15687153495,2299767.36503
2026-08-14,HST,2027-12-31,1.02743,1.06965,0.9899,7,6148358958,12,Real Estate,22.905,15687153495,2299767.36503
2026-08-14,HST,2026-12-31,1.36215,1.39383,1.33047,6,6132089043,9,Real Estate,22.905,15687153495,2299767.36503
2026-08-14,HST,2025-12-31,1.09213,1.09751,1.08675,5,6010974805,11,Real Estate,22.905,15687153495,2299767.36503
2026-08-14,HTFL,2030-12-31,0.6,0.61691,0.58818,1,501143333,3,Healthcare,42.776,3689037659,7883464.60396
2026-08-14,HTFL,2029-12-31,0.33667,0.34616,0.33004,1,429243333,4,Healthcare,42.776,3689037659,7883464.60396
2026-08-14,HTFL,2028-12-31,0.04,0.1248,-0.0448,2,343510300,6,Healthcare,42.776,3689037659,7883464.60396
2026-08-14,HTFL,2027-12-31,-0.27382,-0.07099037,-0.45637,5,283177925,7,Healthcare,42.776,3689037659,7883464.60396
2026-08-14,HTGC,2028-12-31,1.92201,1.94941,1.9033,3,684683500,2,Financial Services,16.74,3133125360,858040
2026-08-14,HTGC,2027-12-31,1.95014,2.01874,1.87174,5,623271062,5,Financial Services,16.74,3133125360,858040
2026-08-14,HTGC,2026-12-31,1.93309,1.97315,1.89303,4,582103950,5,Financial Services,16.74,3133125360,858040
2026-08-14,HTGC,2025-12-31,1.92882,1.93887,1.90873,6,536580437,5,Financial Services,16.74,3133125360,858040
2026-08-14,HTHT,2028-12-31,22.3411,25.45655,18.44499,9,30323749048,15,Consumer Cyclical,41.74,12820532327,725028.89103
2026-08-14,HTHT,2027-12-31,20.11012,21.51783,18.63538,6,28589389597,14,Consumer Cyclical,41.74,12820532327,725028.89103
2026-08-14,HTHT,2026-12-31,17.76719,18.0999,17.36793,6,26964393636,14,Consumer Cyclical,41.74,12820532327,725028.89103
2026-08-14,HTHT,2025-12-31,14.83115,15.04003,14.62226,4,25171567438,10,Consumer Cyclical,41.74,12820532327,725028.89103
2026-08-14,HUBG,2029-12-31,3.66,3.8438,3.53569,1,4821686000,1,Industrials,40.345,2444043899,589642
2026-08-14,HUBG,2028-12-31,2.34935,2.46733,2.26956,1,4363847300,2,Industrials,40.345,2444043899,589642
2026-08-14,HUBG,2027-12-31,2.00768,2.1756,1.88357,4,4055733333,6,Industrials,40.345,2444043899,589642
2026-08-14,HUBG,2026-12-31,1.42307,1.5201,1.34545,5,3783466667,7,Industrials,40.345,2444043899,589642
2026-08-14,HUBS,2030-12-31,23.67,24.48791,23.12336,1,6149350000,8,Technology,226.64,11607979528,919041
2026-08-14,HUBS,2029-12-31,20.795,21.51356,20.31475,1,5434550000,13,Technology,226.64,11607979528,919041
2026-08-14,HUBS,2028-12-31,19.14531,22.12117,16.98693,4,4841155331,17,Technology,226.64,11607979528,919041
2026-08-14,HUBS,2027-12-31,16.16115,17.01229,14.80563,20,4244905672,26,Technology,226.64,11607979528,919041
2026-08-14,HUN,2028-12-31,0.44628,0.46911,0.41997,1,6479370810,8,Basic Materials,10.265,1800329838,897787
2026-08-14,HUN,2027-12-31,0.09049,0.28278,-0.13573,6,6248198893,10,Basic Materials,10.265,1800329838,897787
2026-08-14,HUN,2026-12-31,-0.19908,-0.05429455,-0.28052,4,6074020144,3,Basic Materials,10.265,1800329838,897787
2026-08-14,HUN,2025-12-31,-0.67826,-0.59213,-0.85052,11,5659680913,10,Basic Materials,10.265,1800329838,897787
2026-08-14,HUT,2030-12-31,3.54,4.66233,2.47239,4,3162000000,4,Financial Services,86.73,9765287074,4014107.19659
2026-08-14,HUT,2029-12-31,0.46061,0.60664,0.3217,2,2157183196,4,Financial Services,86.73,9765287074,4014107.19659
2026-08-14,HUT,2028-12-31,0.6944,9.50073,-6.70206,7,1447521985,9,Financial Services,86.73,9765287074,4014107.19659
2026-08-14,HUT,2027-12-31,-3.09212,-1.90806,-4.27618,5,571105851,10,Financial Services,86.73,9765287074,4014107.19659
2026-08-14,HWM,2030-12-31,8.80667,9.17439,8.4924,5,14399000000,14,Industrials,287.29,114946878791,779794
2026-08-14,HWM,2029-12-31,8.17242,8.51366,7.88078,9,13444673950,14,Industrials,287.29,114946878791,779794
2026-08-14,HWM,2028-12-31,7.1843,8.58791,6.34108,12,12281874891,16,Industrials,287.29,114946878791,779794
2026-08-14,HWM,2027-12-31,6.06241,6.33797,5.86849,13,11039815519,14,Industrials,287.29,114946878791,779794
2026-08-14,HYMC,2030-12-31,-0.18,-0.18,-0.18,1,0,0,Basic Materials,27.32,2545723525,705795.63714
2026-08-14,HYMC,2029-12-31,-0.035,-0.035,-0.035,1,0,0,Basic Materials,27.32,2545723525,705795.63714
2026-08-14,HYMC,2028-12-31,-0.255,-0.255,-0.255,1,0,0,Basic Materials,27.32,2545723525,705795.63714
2026-08-14,HYMC,2027-12-31,-0.695,-0.695,-0.695,1,6230200,1,Basic Materials,27.32,2545723525,705795.63714
2026-08-14,HZO,2028-09-30,2.57294,2.66866,2.52481,1,2426149600,2,Consumer Cyclical,52.05,1146565416,878927
2026-08-14,HZO,2027-09-30,1.59153,1.71569,1.46737,5,2309631498,6,Consumer Cyclical,52.05,1146565416,878927
2026-08-14,HZO,2026-09-30,0.7148,0.72516,0.70444,5,2206321184,6,Consumer Cyclical,52.05,1146565416,878927
2026-08-14,HZO,2025-09-30,0.78547,0.90478,0.66616,5,2289902389,5,Consumer Cyclical,52.05,1146565416,878927
2026-08-14,IAG,2030-12-31,1.82303,2.03903,1.67748,1,2768372571,2,Basic Materials,18.33,10594740000,2389048
2026-08-14,IAG,2029-12-31,1.80792,2.02213,1.66358,1,3020470371,1,Basic Materials,18.33,10594740000,2389048
2026-08-14,IAG,2028-12-31,2.13593,2.27788,2.0521,4,3695749270,1,Basic Materials,18.33,10594740000,2389048
2026-08-14,IAG,2027-12-31,2.28029,2.68902,1.98988,7,4160942506,3,Basic Materials,18.33,10594740000,2389048
2026-08-14,IBKR,2029-12-31,3.9255,4.13578,3.75322,1,10757083902,2,Financial Services,92.32,159531954492,1202237.9525
2026-08-14,IBKR,2028-12-31,3.63929,3.78309,3.39319,4,9918966428,4,Financial Services,92.32,159531954492,1202237.9525
2026-08-14,IBKR,2027-12-31,3.18583,3.29638,3.00493,7,8677933425,5,Financial Services,92.32,159531954492,1202237.9525
2026-08-14,IBKR,2026-12-31,2.72352,2.76402,2.65265,6,7491856537,5,Financial Services,92.32,159531954492,1202237.9525
2026-08-14,IBM,2030-12-31,12.56,12.88577,12.2586,2,81471000000,7,Technology,235.21,221599338140,1798126
2026-08-14,IBM,2029-12-31,14.11013,14.4761,13.77153,3,80974021200,10,Technology,235.21,221599338140,1798126
2026-08-14,IBM,2028-12-31,14.28952,16.5443,12.72489,6,76908963547,15,Technology,235.21,221599338140,1798126
2026-08-14,IBM,2027-12-31,13.16245,13.78923,12.62521,14,73180062678,18,Technology,235.21,221599338140,1798126
2026-08-14,IBN,2030-03-31,273.55546,292.80689,252.7531,1,2177569676081,10,Financial Services,29.675,106129990312,1096999
2026-08-14,IBN,2029-03-31,209.92003,224.69313,193.95679,1,1777369128521,10,Financial Services,29.675,106129990312,1096999
2026-08-14,IBN,2028-03-31,183.76312,187.63182,178.92725,2,1551826578941,20,Financial Services,29.675,106129990312,1096999
2026-08-14,IBN,2027-03-31,159.19293,162.08734,154.3689,3,1347526415786,20,Financial Services,29.675,106129990312,1096999
2026-08-14,ICE,2030-12-31,12.65,13.13112,12.18734,1,14196000000,6,Financial Services,154.41,86685001950,677078
2026-08-14,ICE,2029-12-31,10.99723,11.41549,10.59502,1,13333064350,6,Financial Services,154.41,86685001950,677078
2026-08-14,ICE,2028-12-31,9.82274,10.37948,8.42954,4,12420947089,8,Financial Services,154.41,86685001950,677078
2026-08-14,ICE,2027-12-31,8.78023,9.2641,8.2762,9,11645377387,10,Financial Services,154.41,86685001950,677078
2026-08-14,IE,2030-12-31,0,0,0,0,719000000,1,Basic Materials,10.369,1641325528,761084
2026-08-14,IE,2029-12-31,1.47,1.60064,1.31452,1,532000000,1,Basic Materials,10.369,1641325528,761084
2026-08-14,IE,2028-12-31,-0.2722,-0.24341,-0.29639,1,8000000,1,Basic Materials,10.369,1641325528,761084
2026-08-14,IE,2027-12-31,-0.58601,-0.28649,-1.0418,2,3632220,2,Basic Materials,10.369,1641325528,761084
2026-08-14,IMAX,2030-12-31,3,3.12406,2.89878,1,556306275,5,Communication Services,53.48,2932956257,679212
2026-08-14,IMAX,2029-12-31,2.445,2.54611,2.36251,1,519593827,3,Communication Services,53.48,2932956257,679212
2026-08-14,IMAX,2028-12-31,2.28477,2.41368,2.14698,3,500190296,7,Communication Services,53.48,2932956257,679212
2026-08-14,IMAX,2027-12-31,2.02164,2.43583,1.69621,6,472766464,8,Communication Services,53.48,2932956257,679212
2026-08-14,IMMX,2030-12-31,1.85333,4.73206,0.76206,1,481047333,2,Healthcare,10.839,589662162,622067.50064
2026-08-14,IMMX,2029-12-31,0.28,0.71492,0.11513,1,313371000,2,Healthcare,10.839,589662162,622067.50064
2026-08-14,IMMX,2028-12-31,-0.38,-0.11259,-0.64741,2,178631811,5,Healthcare,10.839,589662162,622067.50064
2026-08-14,IMMX,2027-12-31,-0.84,-0.1003,-1.45433,5,32237963,4,Healthcare,10.839,589662162,622067.50064
2026-08-14,IMXI,2030-12-31,0.5,0.52114,0.48351,1,156757000,1,Technology,14.4,433360685,4217722.34101
2026-08-14,IMXI,2029-12-31,0.38,0.39607,0.36747,1,154921000,1,Technology,14.4,433360685,4217722.34101
2026-08-14,IMXI,2028-12-31,1.23147,1.28355,1.19086,1,539091403,1,Technology,14.4,433360685,4217722.34101
2026-08-14,IMXI,2027-12-31,1.51555,2.06,1.15666,2,557119077,2,Technology,14.4,433360685,4217722.34101
2026-08-14,INFQ,2028-12-31,-0.31477,-0.30325,-0.3255,1,69409741,1,Technology,12.95,2825649596,9144478
2026-08-14,INFQ,2027-12-31,-0.26766,-0.25787,-0.27679,2,53480566,2,Technology,12.95,2825649596,9144478
2026-08-14,INFQ,2026-12-31,-0.28697,-0.27647,-0.29675,2,41836053,2,Technology,12.95,2825649596,9144478
2026-08-14,INFQ,2025-12-31,-0.15,-0.14451,-0.15511,1,32464000,1,Technology,12.95,2825649596,9144478
2026-08-14,INFY,2030-03-31,0.98889,1.03012,0.9542,10,24837732744,20,Technology,12.145,49279309100,6745625
2026-08-14,INFY,2029-03-31,0.88098,0.99439,0.80538,23,21962728248,30,Technology,12.145,49279309100,6745625
2026-08-14,INFY,2028-03-31,0.83077,0.86009,0.81122,17,20972486389,34,Technology,12.145,49279309100,6745625
2026-08-14,INFY,2027-03-31,0.79453,0.80434,0.77491,17,20219134454,34,Technology,12.145,49279309100,6745625
2026-08-14,ING,2030-12-31,4.51582,4.61768,4.38132,1,31544374520,4,Financial Services,35.645,101822758883,797435
2026-08-14,ING,2029-12-31,4.01857,4.10921,3.89888,1,29761720601,4,Financial Services,35.645,101822758883,797435
2026-08-14,ING,2028-12-31,3.32055,3.39545,3.22165,1,28135326659,3,Financial Services,35.645,101822758883,797435
2026-08-14,ING,2027-12-31,2.88833,3.14754,2.481,3,26512332540,9,Financial Services,35.645,101822758883,797435
2026-08-14,INIO,2028-12-31,1.02516,1.08124,0.98213,7,6034536700,9,Industrials,27.5068,20630100000,1507564.1405
2026-08-14,INIO,2027-12-31,0.77,0.81,0.74,6,5160000000,7,Industrials,27.5068,20630100000,1507564.1405
2026-08-14,INIO,2026-12-31,0.24,0.24627,0.2332,5,3860000000,6,Industrials,27.5068,20630100000,1507564.1405
2026-08-14,INIO,2025-12-31,4084,4190.71081,3968.23284,2,2811400000,2,Industrials,27.5068,20630100000,1507564.1405
2026-08-14,INOD,2031-12-31,1.2503,1.33071,1.18454,1,301512500,1,Technology,63.6758,2079356045,1371406.61607
2026-08-14,INOD,2030-12-31,0.863,0.9185,0.81761,1,234425967,2,Technology,63.6758,2079356045,1371406.61607
2026-08-14,INOD,2029-12-31,0.79633,0.84754,0.75445,1,164279750,2,Technology,63.6758,2079356045,1371406.61607
2026-08-14,INOD,2027-12-31,1.72825,2.37374,1.15564,3,458229425,4,Technology,63.6758,2079356045,1371406.61607
2026-08-14,INSM,2030-12-31,10.20667,11.93206,8.29713,8,6271603462,15,Healthcare,124.3054,26943444061,1110321.64061
2026-08-14,INSM,2029-12-31,6.73431,7.87271,5.47441,9,4950217759,9,Healthcare,124.3054,26943444061,1110321.64061
2026-08-14,INSM,2028-12-31,3.12406,6.67143,-0.74454,18,3782210248,19,Healthcare,124.3054,26943444061,1110321.64061
2026-08-14,INSM,2027-12-31,0.33281,1.29037,-1.30788,16,2772175437,16,Healthcare,124.3054,26943444061,1110321.64061
2026-08-14,INTC,2030-12-27,6.42,7.38624,5.63308,4,122305540000,14,Technology,102.56,517312614052,67815226.97951
2026-08-14,INTC,2029-12-27,4.26333,4.90498,3.74076,9,94679560000,14,Technology,102.56,517312614052,67815226.97951
2026-08-14,INTC,2028-12-27,2.98831,5.54722,1.87332,11,81326368389,29,Technology,102.56,517312614052,67815226.97951
2026-08-14,INTC,2027-12-27,2.02597,2.52213,1.64352,26,71684870711,32,Technology,102.56,517312614052,67815226.97951
2026-08-14,INTU,2030-07-31,40.43,43.27989,38.10634,1,35033000000,2,Technology,347.33,95007606210,1933683
2026-08-14,INTU,2029-07-31,35.66761,37.03622,34.06159,3,30679748571,5,Technology,347.33,95007606210,1933683
2026-08-14,INTU,2028-07-31,30.86274,33.64499,28.84851,13,26352037215,23,Technology,347.33,95007606210,1933683
2026-08-14,INTU,2027-07-31,27.40937,29.05233,26.4276,20,23778313193,24,Technology,347.33,95007606210,1933683
2026-08-14,INVH,2028-12-31,0.79191,0.98861,0.67068,6,3081228473,2,Real Estate,30.35,18029174700,1198626
2026-08-14,INVH,2027-12-31,0.73871,0.7569,0.72052,7,2985377277,6,Real Estate,30.35,18029174700,1198626
2026-08-14,INVH,2026-12-31,0.8138,0.82215,0.80963,7,2921907751,5,Real Estate,30.35,18029174700,1198626
2026-08-14,INVH,2025-12-31,0.9079,0.93995,0.89844,4,2727739585,8,Real Estate,30.35,18029174700,1198626
2026-08-14,IONQ,2030-12-31,-2.13,-1.81245,-2.89161,1,1405739667,5,Technology,46.59,17390646877,12984448
2026-08-14,IONQ,2029-12-31,-2.39333,-2.03652,-3.2491,1,813058750,3,Technology,46.59,17390646877,12984448
2026-08-14,IONQ,2028-12-31,-2.535,-2.20105,-2.87329,5,639454394,7,Technology,46.59,17390646877,12984448
2026-08-14,IONQ,2027-12-31,-2.30714,-0.73828,-3.13771,6,399629266,10,Technology,46.59,17390646877,12984448
2026-08-14,IONS,2030-12-31,5.7685,7.74828,4.90105,5,3268602820,8,Healthcare,56.9699,9467485862,709585.09715
2026-08-14,IONS,2029-12-31,2.9968,4.02532,2.54615,10,2590394430,13,Healthcare,56.9699,9467485862,709585.09715
2026-08-14,IONS,2028-12-31,0.50481,5.8876,-4.9659,13,2023812311,17,Healthcare,56.9699,9467485862,709585.09715
2026-08-14,IONS,2027-12-31,-1.89301,-0.22271,-2.8024,10,1378149446,17,Healthcare,56.9699,9467485862,709585.09715
2026-08-14,IOT,2030-01-31,0,0,0,0,3572000000,4,Technology,40.225,23212131220,2694991
2026-08-14,IOT,2029-01-31,1.14167,1.30773,0.97561,2,2849131857,8,Technology,40.225,23212131220,2694991
2026-08-14,IOT,2028-01-31,0.91095,1.08726,0.75423,11,2405569080,17,Technology,40.225,23212131220,2694991
2026-08-14,IOT,2027-01-31,0.71211,0.85646,0.67362,11,2010255966,17,Technology,40.225,23212131220,2694991
2026-08-14,IP,2029-12-31,3.86,4.05612,3.73995,3,27035000000,4,Basic Materials,40.735,21569874995,1016889
2026-08-14,IP,2028-12-31,3.48692,4.18141,2.93527,6,26264151715,9,Basic Materials,40.735,21569874995,1016889
2026-08-14,IP,2027-12-31,2.94831,3.88314,2.56821,9,25851236811,9,Basic Materials,40.735,21569874995,1016889
2026-08-14,IP,2026-12-31,1.38441,1.46467,1.32422,7,24601050643,8,Basic Materials,40.735,21569874995,1016889
2026-08-14,IR,2030-12-31,4.95,5.10223,4.86657,1,9742000000,5,Industrials,83.64,32731426680,1223864
2026-08-14,IR,2029-12-31,4.57,4.71054,4.49298,1,9259000000,5,Industrials,83.64,32731426680,1223864
2026-08-14,IR,2028-12-31,4.2091,4.39534,3.88628,3,8728311080,10,Industrials,83.64,32731426680,1223864
2026-08-14,IR,2027-12-31,3.84038,3.92144,3.77958,8,8376256518,10,Industrials,83.64,32731426680,1223864
2026-08-14,IREN,2030-06-30,2.245,3.38316,1.57005,1,10349479050,2,Technology,44.26,15794510914,28727932
2026-08-14,IREN,2029-06-30,1.3179,2.00364,0.57859,3,9946960333,4,Technology,44.26,15794510914,28727932
2026-08-14,IREN,2028-06-30,2.1095,4.90384,-0.60468,5,5478327330,10,Technology,44.26,15794510914,28727932
2026-08-14,IREN,2027-06-30,-0.19568,1.20782,-1.8151,8,2833359436,11,Technology,44.26,15794510914,28727932
2026-08-14,ISRG,2030-12-31,17,18.25808,16.01205,5,18492500000,14,Healthcare,398.298,140709920844,1021917.8652
2026-08-14,ISRG,2029-12-31,15.59902,16.75342,14.69249,5,16828135374,24,Healthcare,398.298,140709920844,1021917.8652
2026-08-14,ISRG,2028-12-31,13.60113,15.06907,12.05526,8,15024621982,26,Healthcare,398.298,140709920844,1021917.8652
2026-08-14,ISRG,2027-12-31,12.08082,12.6975,11.8483,17,13273631158,25,Healthcare,398.298,140709920844,1021917.8652
2026-08-14,IT,2030-12-31,43.59391,44.56562,42.67764,1,7593101297,4,Industrials,181.65,12161812453,803626
2026-08-14,IT,2029-12-31,33.3468,34.0901,32.64591,1,7329123188,4,Industrials,181.65,12161812453,803626
2026-08-14,IT,2028-12-31,19.07662,26.41854,16.81672,5,7038020090,9,Industrials,181.65,12161812453,803626
2026-08-14,IT,2027-12-31,16.63938,18.05076,14.62313,10,6698435217,10,Industrials,181.65,12161812453,803626
2026-08-14,IVZ,2029-12-31,3.9511,4.01729,3.86942,1,6333049650,2,Financial Services,32.57,14438183290,2386399
2026-08-14,IVZ,2028-12-31,3.73748,3.80009,3.66022,1,6073862450,1,Financial Services,32.57,14438183290,2386399
2026-08-14,IVZ,2027-12-31,3.25927,3.46046,3.03796,7,5877060288,4,Financial Services,32.57,14438183290,2386399
2026-08-14,IVZ,2026-12-31,2.81589,2.93614,2.66558,7,5430633739,3,Financial Services,32.57,14438183290,2386399
2026-08-14,JACK,2028-09-28,3.80977,4.44822,2.99339,3,1135619296,8,Consumer Cyclical,17.19,327875459,1111282
2026-08-14,JACK,2027-09-28,3.51409,3.80857,2.98403,10,1129216063,12,Consumer Cyclical,17.19,327875459,1111282
2026-08-14,JACK,2026-09-28,3.37676,3.50512,3.31752,10,1123136843,12,Consumer Cyclical,17.19,327875459,1111282
2026-08-14,JACK,2025-09-28,4.59324,4.73334,4.52319,14,1457290954,12,Consumer Cyclical,17.19,327875459,1111282
2026-08-14,JAN,2030-12-31,0.52,0.66782,0.37691,1,2078000000,2,Real Estate,30.56,6485534758,595214
2026-08-14,JAN,2029-12-31,0.44,0.56508,0.31893,1,1905000000,2,Real Estate,30.56,6485534758,595214
2026-08-14,JAN,2028-12-31,0.175,0.22475,0.12685,1,1534269310,5,Real Estate,30.56,6485534758,595214
2026-08-14,JAN,2027-12-31,0.24233,0.25296,0.2232,3,1123703389,7,Real Estate,30.56,6485534758,595214
2026-08-14,JBIO,2030-12-31,-1.96,-1.96,-1.96,4,135107667,3,Healthcare,24.8778,1514059724,981515.20057
2026-08-14,JBIO,2029-12-31,-2.85833,-2.85833,-2.85833,2,0,0,Healthcare,24.8778,1514059724,981515.20057
2026-08-14,JBIO,2028-12-31,-2.56484,-2.0405,-3.17068,7,0,0,Healthcare,24.8778,1514059724,981515.20057
2026-08-14,JBIO,2027-12-31,-2.61202,-2.48579,-2.71883,5,0,0,Healthcare,24.8778,1514059724,981515.20057
2026-08-14,JBS,2028-12-31,10.39889,11.00975,9.71423,2,502433020917,3,Consumer Defensive,13.545,30044252407,2409938
2026-08-14,JBS,2027-12-31,8.01601,8.53993,7.12535,5,490744968575,9,Consumer Defensive,13.545,30044252407,2409938
2026-08-14,JBS,2026-12-31,7.07484,7.8017,6.29951,5,478266916404,9,Consumer Defensive,13.545,30044252407,2409938
2026-08-14,JBS,2025-12-31,10.59456,11.46834,9.39312,6,477644516833,8,Consumer Defensive,13.545,30044252407,2409938
2026-08-14,JCAP,2027-12-31,2.90595,2.97658,2.83532,2,718060366,4,Financial Services,23.7536,1463544096,848210.26369
2026-08-14,JCAP,2026-12-31,2.76141,2.78324,2.73958,2,691367599,4,Financial Services,23.7536,1463544096,848210.26369
2026-08-14,JCAP,2025-12-31,3.2,3.59588,2.80412,3,610533571,4,Financial Services,23.7536,1463544096,848210.26369
2026-08-14,JCAP,2024-12-31,0,0,0,1,485042000,2,Financial Services,23.7536,1463544096,848210.26369
2026-08-14,JCI,2030-09-30,8.74667,9.0367,8.53208,4,33641000000,8,Basic Materials,153.33,92878339595,998154
2026-08-14,JCI,2029-09-30,7.8608,8.12145,7.66794,2,31776740192,8,Basic Materials,153.33,92878339595,998154
2026-08-14,JCI,2028-09-30,6.96288,7.29945,6.37928,7,29494510605,16,Basic Materials,153.33,92878339595,998154
2026-08-14,JCI,2027-09-30,5.95424,6.21486,5.56331,12,27452888440,15,Basic Materials,153.33,92878339595,998154
2026-08-14,JD,2029-12-31,33.04164,34.77713,30.70819,5,1613084990145,12,Consumer Cyclical,28.9869,40693255275,9958268.45051
2026-08-14,JD,2028-12-31,35.17656,43.90262,27.03495,8,1527957600629,25,Consumer Cyclical,28.9869,40693255275,9958268.45051
2026-08-14,JD,2027-12-31,28.86594,32.56267,26.58498,15,1454927969515,27,Consumer Cyclical,28.9869,40693255275,9958268.45051
2026-08-14,JD,2026-12-31,22.02657,22.7982,21.67582,15,1371668559352,27,Consumer Cyclical,28.9869,40693255275,9958268.45051
2026-08-14,JEF,2029-11-30,3.1693,3.64341,2.75429,1,10100163400,2,Financial Services,55.38,11263848683,696191
2026-08-14,JEF,2028-11-30,5.39982,6.98888,2.39836,4,10161140085,4,Financial Services,55.38,11263848683,696191
2026-08-14,JEF,2027-11-30,4.78317,5.29565,3.92903,4,9384457676,5,Financial Services,55.38,11263848683,696191
2026-08-14,JEF,2026-11-30,3.55971,3.89968,3.12975,4,8534309039,5,Financial Services,55.38,11263848683,696191
2026-08-14,JHX,2030-03-31,2.22806,2.43029,2.13286,1,7097196613,6,Basic Materials,30.965,17970127804,2663214
2026-08-14,JHX,2029-03-31,1.80157,1.96509,1.72459,1,6531753722,10,Basic Materials,30.965,17970127804,2663214
2026-08-14,JHX,2028-03-31,1.50907,2.00596,1.32504,4,5938280744,12,Basic Materials,30.965,17970127804,2663214
2026-08-14,JHX,2027-03-31,1.252,1.6541,1.07836,3,5539368709,10,Basic Materials,30.965,17970127804,2663214
2026-08-14,JNJ,2030-12-28,17.95413,18.35994,17.49138,1,134041794257,17,Healthcare,260.95,628862991655,1777046
2026-08-14,JNJ,2029-12-28,16.13815,16.50291,15.72221,1,124852537361,9,Healthcare,260.95,628862991655,1777046
2026-08-14,JNJ,2028-12-28,14.25638,16.48145,10.69551,5,117034865920,18,Healthcare,260.95,628862991655,1777046
2026-08-14,JNJ,2027-12-28,12.80687,13.53669,12.24701,12,108630990726,17,Healthcare,260.95,628862991655,1777046
2026-08-14,JPM,2028-12-31,27.06718,29.86867,25.59159,8,222050645431,5,Financial Services,363.08,972876490800,2578705
2026-08-14,JPM,2027-12-31,24.98871,25.63842,23.9092,12,212431698295,9,Financial Services,363.08,972876490800,2578705
2026-08-14,JPM,2026-12-31,24.64195,26.08508,23.7227,9,207162256520,8,Financial Services,363.08,972876490800,2578705
2026-08-14,JPM,2025-12-31,20.19756,20.29671,20.12815,4,183543557830,7,Financial Services,363.08,972876490800,2578705
2026-08-14,KBDC,2028-12-31,1.53826,1.65479,1.48,3,199247974,2,Financial Services,13.535,898047277,521828
2026-08-14,KBDC,2027-12-31,1.59422,1.63191,1.54417,3,209476529,3,Financial Services,13.535,898047277,521828
2026-08-14,KBDC,2026-12-31,1.62896,1.66747,1.57782,3,209286811,3,Financial Services,13.535,898047277,521828
2026-08-14,KBDC,2025-12-31,1.65058,1.68961,1.59876,3,216462759,3,Financial Services,13.535,898047277,521828
2026-08-14,KC,2029-12-31,1.37026,1.65943,1.10713,1,20889534549,10,Technology,11.6849,3456602615,524758.83765
2026-08-14,KC,2028-12-31,-1.0292,-0.7328,-1.32559,2,19808591175,12,Technology,11.6849,3456602615,524758.83765
2026-08-14,KC,2027-12-31,-1.3098,0.65488,-3.27448,6,16046056216,11,Technology,11.6849,3456602615,524758.83765
2026-08-14,KC,2026-12-31,-2.38837,-1.95413,-3.03976,6,12747318994,8,Technology,11.6849,3456602615,524758.83765
2026-08-14,KD,2029-03-31,2.54667,2.6152,2.47583,1,14801893264,3,Technology,13.31,2935084038,1386073.51118
2026-08-14,KD,2028-03-31,2.51362,2.63029,2.39695,3,14782117958,4,Technology,13.31,2935084038,1386073.51118
2026-08-14,KD,2027-03-31,1.89532,1.95517,1.82549,3,14795550083,4,Technology,13.31,2935084038,1386073.51118
2026-08-14,KD,2026-03-31,1.74286,1.86517,1.68171,4,15084714286,5,Technology,13.31,2935084038,1386073.51118
2026-08-14,KDP,2030-12-31,3.13,3.17133,3.06511,1,33271000000,5,Consumer Defensive,31.345,42646736618,7476322.21969
2026-08-14,KDP,2029-12-31,2.9369,2.97568,2.87601,1,32398361200,5,Consumer Defensive,31.345,42646736618,7476322.21969
2026-08-14,KDP,2028-12-31,2.71032,3.20928,2.50302,5,30854595074,10,Consumer Defensive,31.345,42646736618,7476322.21969
2026-08-14,KDP,2027-12-31,2.53234,2.58239,2.50231,10,29913397375,12,Consumer Defensive,31.345,42646736618,7476322.21969
2026-08-14,KEY,2028-12-31,2.45332,2.59346,2.22732,7,9022154377,5,Financial Services,23.255,25100749350,6331738
2026-08-14,KEY,2027-12-31,2.14743,2.22771,2.06715,13,8599067658,8,Financial Services,23.255,25100749350,6331738
2026-08-14,KEY,2026-12-31,1.82725,1.8572,1.7973,13,8058738632,8,Financial Services,23.255,25100749350,6331738
2026-08-14,KEY,2025-12-31,1.47874,1.49528,1.44877,14,7464715688,8,Financial Services,23.255,25100749350,6331738
2026-08-14,KGC,2030-12-31,2.27222,2.50942,1.96531,5,6938513040,3,Basic Materials,27.2711,32350091181,3224084
2026-08-14,KGC,2029-12-31,2.50172,2.76288,2.16381,9,7418014174,4,Basic Materials,27.2711,32350091181,3224084
2026-08-14,KGC,2028-12-31,3.14833,3.47699,2.72308,6,9667240141,2,Basic Materials,27.2711,32350091181,3224084
2026-08-14,KGC,2027-12-31,3.08203,3.93426,2.50999,12,9830141703,6,Basic Materials,27.2711,32350091181,3224084
2026-08-14,KGS,2030-12-31,8.045,8.55785,7.19682,2,2775100000,5,Energy,64.81,6540554816,692470
2026-08-14,KGS,2029-12-31,5.54003,5.89319,4.95595,3,2391805029,5,Energy,64.81,6540554816,692470
2026-08-14,KGS,2028-12-31,3.87116,5.27309,2.80712,6,2038947319,10,Energy,64.81,6540554816,692470
2026-08-14,KGS,2027-12-31,2.94444,3.7309,2.34021,7,1768942973,9,Energy,64.81,6540554816,692470
2026-08-14,KHC,2030-12-27,2.24801,2.28178,2.21017,1,25202976521,10,Consumer Defensive,25.455,30183969775,3460396
2026-08-14,KHC,2029-12-27,2.19889,2.23192,2.16188,1,25069261079,6,Consumer Defensive,25.455,30183969775,3460396
2026-08-14,KHC,2028-12-27,2.14006,2.53819,1.92003,4,25001340945,12,Consumer Defensive,25.455,30183969775,3460396
2026-08-14,KHC,2027-12-27,2.07337,2.35566,1.96629,11,24677851166,14,Consumer Defensive,25.455,30183969775,3460396
2026-08-14,KIM,2030-12-31,0.87,0.8936,0.84757,1,2760300000,2,Real Estate,24.38,16441628200,981071
2026-08-14,KIM,2029-12-31,0.86,0.88333,0.83783,1,2482699500,2,Real Estate,24.38,16441628200,981071
2026-08-14,KIM,2028-12-31,0.92205,1.011,0.81891,5,2378447714,5,Real Estate,24.38,16441628200,981071
2026-08-14,KIM,2027-12-31,0.86904,0.88269,0.85084,8,2286084819,7,Real Estate,24.38,16441628200,981071
2026-08-14,KKR,2029-12-31,9.68906,10.38185,8.96824,1,9737974500,1,Financial Services,113.85,102222834333,3942552
2026-08-14,KKR,2028-12-31,8.48685,8.95932,8.01438,2,16579577807,3,Financial Services,113.85,102222834333,3942552
2026-08-14,KKR,2027-12-31,7.33378,7.57922,6.87235,11,12475781218,5,Financial Services,113.85,102222834333,3942552
2026-08-14,KKR,2026-12-31,6.21277,6.40597,5.99924,10,10589418000,5,Financial Services,113.85,102222834333,3942552
2026-08-14,KLAC,2031-06-30,10.15,11.21201,8.95411,2,31774200000,4,Technology,202.16,264077564800,3897471
2026-08-14,KLAC,2030-06-30,8.6,9.49983,7.58673,1,27752400000,4,Technology,202.16,264077564800,3897471
2026-08-14,KLAC,2029-06-30,7.49679,8.42848,6.59941,4,23911595511,9,Technology,202.16,264077564800,3897471
2026-08-14,KLAC,2028-06-30,6.63315,7.54597,5.89275,14,21546136228,16,Technology,202.16,264077564800,3897471
2026-08-14,KLAR,2030-12-31,2.65,2.79909,2.58692,4,8306000000,6,Financial Services,20.85,7871039715,1504333
2026-08-14,KLAR,2029-12-31,1.80539,1.90696,1.76242,4,7040231927,11,Financial Services,20.85,7871039715,1504333
2026-08-14,KLAR,2028-12-31,1.33653,1.41172,1.30472,5,6236691081,7,Financial Services,20.85,7871039715,1504333
2026-08-14,KLAR,2027-12-31,0.81887,0.91246,0.69019,10,5282219846,13,Financial Services,20.85,7871039715,1504333
2026-08-14,KMB,2030-12-31,9.08647,10.00841,8.92438,1,35863603434,5,Consumer Defensive,110.7341,36757077154,886218.41499
2026-08-14,KMB,2029-12-31,8.45644,9.31445,8.30559,1,26554925136,3,Consumer Defensive,110.7341,36757077154,886218.41499
2026-08-14,KMB,2028-12-31,8.02327,8.83733,7.88014,1,17604091469,7,Consumer Defensive,110.7341,36757077154,886218.41499
2026-08-14,KMB,2027-12-31,7.45729,7.65483,7.19061,7,17128157204,9,Consumer Defensive,110.7341,36757077154,886218.41499
2026-08-14,KMI,2030-12-31,1.92005,2.00229,1.85036,4,21559000000,5,Energy,32.735,72894298000,4412356
2026-08-14,KMI,2029-12-31,1.79734,1.87433,1.73211,2,20377333333,3,Energy,32.735,72894298000,4412356
2026-08-14,KMI,2028-12-31,1.65953,1.81014,1.56149,7,19679095344,7,Energy,32.735,72894298000,4412356
2026-08-14,KMI,2027-12-31,1.52744,1.72453,1.41904,10,18591581557,7,Energy,32.735,72894298000,4412356
2026-08-14,KMT,2029-06-30,2.8764,3.13529,2.64074,1,3608386950,2,Industrials,31.235,2380422567,700726
2026-08-14,KMT,2028-06-30,2.33787,2.37558,2.30016,3,2944566890,4,Industrials,31.235,2380422567,700726
2026-08-14,KMT,2027-06-30,4.15285,5.75943,1.27314,5,2877721077,6,Industrials,31.235,2380422567,700726
2026-08-14,KMT,2026-06-30,3.89971,4.769,1.38844,5,2345590540,6,Industrials,31.235,2380422567,700726
2026-08-14,KMX,2029-02-28,3.00109,4.26371,1.96435,5,28711668442,6,Consumer Cyclical,59.78,8483439580,554663
2026-08-14,KMX,2028-02-28,3.10646,3.39613,2.69693,12,27722560234,13,Consumer Cyclical,59.78,8483439580,554663
2026-08-14,KMX,2027-02-28,2.70764,2.97543,2.49936,12,27165174732,14,Consumer Cyclical,59.78,8483439580,554663
2026-08-14,KMX,2026-02-28,2.69398,2.77531,2.62282,11,25663933577,12,Consumer Cyclical,59.78,8483439580,554663
2026-08-14,KNX,2028-12-31,5.30988,6.17033,4.44943,2,9388397784,8,Industrials,72.43,11788417008,910535
2026-08-14,KNX,2027-12-31,4.0323,4.41193,3.29356,13,8829395833,14,Industrials,72.43,11788417008,910535
2026-08-14,KNX,2026-12-31,2.31423,2.55999,1.87391,13,8161669247,14,Industrials,72.43,11788417008,910535
2026-08-14,KNX,2025-12-31,1.32652,1.43706,1.28632,13,7514895255,11,Industrials,72.43,11788417008,910535
2026-08-14,KO,2030-12-31,4.33,4.49325,4.24459,4,56940000000,6,Consumer Defensive,87.625,377010850342,4067349
2026-08-14,KO,2029-12-31,4.25969,4.42029,4.17567,2,53918079798,10,Consumer Defensive,87.625,377010850342,4067349
2026-08-14,KO,2028-12-31,3.80158,4.00627,3.48059,7,52294138354,12,Consumer Defensive,87.625,377010850342,4067349
2026-08-14,KO,2027-12-31,3.53205,3.61232,3.44174,14,49896477816,14,Consumer Defensive,87.625,377010850342,4067349
2026-08-14,KR,2031-01-31,6.29,6.41854,6.15533,2,166379000000,7,Consumer Defensive,56.995,34917815765,2028649
2026-08-14,KR,2030-01-31,6,6.12262,5.87154,1,162321000000,7,Consumer Defensive,56.995,34917815765,2028649
2026-08-14,KR,2029-01-31,5.89072,6.63396,4.36708,5,156822247952,14,Consumer Defensive,56.995,34917815765,2028649
2026-08-14,KR,2028-01-31,5.53228,5.71203,5.34254,12,153695696036,15,Consumer Defensive,56.995,34917815765,2028649
2026-08-14,KRG,2029-12-31,0.67,0.6981,0.65093,1,917740000,1,Real Estate,26.405,5292264162,739780
2026-08-14,KRG,2028-12-31,0.58665,0.62,0.53996,3,864245667,3,Real Estate,26.405,5292264162,739780
2026-08-14,KRG,2027-12-31,0.5199,0.54364,0.50803,4,824465500,6,Real Estate,26.405,5292264162,739780
2026-08-14,KRG,2026-12-31,0.65459,0.67018,0.64836,3,794697667,4,Real Estate,26.405,5292264162,739780
2026-08-14,KRMN,2030-12-31,0,0,0,1,1622000000,2,Industrials,61.91,8204703171,764199
2026-08-14,KRMN,2029-12-31,0,0,0,0,1352000000,2,Industrials,61.91,8204703171,764199
2026-08-14,KRMN,2028-12-31,1.27139,1.46699,1.15264,3,1182322283,5,Industrials,61.91,8204703171,764199
2026-08-14,KRMN,2027-12-31,0.9209,1.00186,0.82982,7,932132958,7,Industrials,61.91,8204703171,764199
2026-08-14,KRP,2028-12-31,0.87643,1.00203,0.75083,2,381310092,3,Energy,15.095,1489155985,723684
2026-08-14,KRP,2027-12-31,0.8008,0.90693,0.69467,2,382227671,3,Energy,15.095,1489155985,723684
2026-08-14,KRP,2026-12-31,0.73359,0.78793,0.67925,2,363327854,4,Energy,15.095,1489155985,723684
2026-08-14,KRP,2025-12-31,0.75243,0.88175,0.62311,2,324955147,3,Energy,15.095,1489155985,723684
2026-08-14,KSS,2029-01-31,1.50236,1.55272,1.44999,1,14788487755,3,Consumer Cyclical,19.55,2216970000,2306963
2026-08-14,KSS,2028-01-31,1.48773,1.72152,1.24332,8,14802490515,8,Consumer Cyclical,19.55,2216970000,2306963
2026-08-14,KSS,2027-01-31,1.43219,1.60068,1.29529,8,14752288884,9,Consumer Cyclical,19.55,2216970000,2306963
2026-08-14,KSS,2026-01-31,1.39888,1.58003,1.25799,3,14834477309,6,Consumer Cyclical,19.55,2216970000,2306963
2026-08-14,KT,2030-12-31,0,0,0,0,30617633749071,6,Communication Services,19.055,9188197562,841641
2026-08-14,KT,2029-12-31,4579.05382,4879.64135,4425.01783,1,30265360822229,10,Communication Services,19.055,9188197562,841641
2026-08-14,KT,2028-12-31,3539.33585,3771.67211,3420.27521,1,29453205752804,5,Communication Services,19.055,9188197562,841641
2026-08-14,KT,2027-12-31,3298.94891,3598.85336,2984.04924,1,29020439442300,12,Communication Services,19.055,9188197562,841641
2026-08-14,KTOS,2030-12-28,2.52,2.81567,2.32198,2,3584700000,5,Industrials,64.29,12055660800,3986579
2026-08-14,KTOS,2029-12-28,2.12,2.36874,1.95342,4,3073600000,5,Industrials,64.29,12055660800,3986579
2026-08-14,KTOS,2028-12-28,1.45449,1.89398,1.00965,7,2674901414,11,Industrials,64.29,12055660800,3986579
2026-08-14,KTOS,2027-12-28,1.10292,1.70451,0.84223,12,2204082965,14,Industrials,64.29,12055660800,3986579
2026-08-14,KURA,2030-12-31,2.44423,5.57767,1.22773,4,934203889,5,Healthcare,10.8827,966104782,862922.24523
2026-08-14,KURA,2029-12-31,-0.24222,-0.12167,-0.55274,4,522141700,5,Healthcare,10.8827,966104782,862922.24523
2026-08-14,KURA,2028-12-31,-1.99906,-0.35211,-3.18854,10,297673904,11,Healthcare,10.8827,966104782,862922.24523
2026-08-14,KURA,2027-12-31,-2.61021,-1.82108,-3.52075,9,214599127,10,Healthcare,10.8827,966104782,862922.24523
2026-08-14,KVUE,2030-12-28,1.4083,1.42041,1.39327,1,17300486056,4,Consumer Defensive,19.215,36892966556,5612997
2026-08-14,KVUE,2029-12-28,1.39932,1.41135,1.38438,1,16998779596,4,Consumer Defensive,19.215,36892966556,5612997
2026-08-14,KVUE,2028-12-28,1.33168,1.45383,1.2532,3,16552085624,8,Consumer Defensive,19.215,36892966556,5612997
2026-08-14,KVUE,2027-12-28,1.26097,1.38399,1.1277,8,16017673672,10,Consumer Defensive,19.215,36892966556,5612997
2026-08-14,KVYO,2030-12-31,1.68,1.71963,1.63,1,2899600000,5,Technology,18.49,5533683668,2866100
2026-08-14,KVYO,2029-12-31,1.58,1.61727,1.53298,1,2543500000,5,Technology,18.49,5533683668,2866100
2026-08-14,KVYO,2028-12-31,1.29449,1.32502,1.25597,1,2171790511,10,Technology,18.49,5533683668,2866100
2026-08-14,KVYO,2027-12-31,1.05406,1.13437,0.98379,12,1827709373,15,Technology,18.49,5533683668,2866100
2026-08-14,LASR,2030-12-31,1.8,1.91742,1.72059,1,584000000,1,Technology,52.3155,2951049345,519922.73837
2026-08-14,LASR,2029-12-31,1.3,1.3848,1.24265,1,505000000,1,Technology,52.3155,2951049345,519922.73837
2026-08-14,LASR,2028-12-31,1.08,1.15045,1.03236,1,438495000,2,Technology,52.3155,2951049345,519922.73837
2026-08-14,LASR,2027-12-31,0.67556,0.79305,0.58744,6,347402444,7,Technology,52.3155,2951049345,519922.73837
2026-08-14,LBRT,2030-12-31,1.25,1.33602,1.12975,1,9311000000,6,Energy,21.915,3576339882,1311881
2026-08-14,LBRT,2029-12-31,-0.02,-0.01807595,-0.02137629,1,7554000000,6,Energy,21.915,3576339882,1311881
2026-08-14,LBRT,2028-12-31,0.73848,1.44861,-0.52822,3,5660901895,8,Energy,21.915,3576339882,1311881
2026-08-14,LBRT,2027-12-31,0.17336,0.44834,-0.40052,6,4925055650,9,Energy,21.915,3576339882,1311881
2026-08-14,LDOS,2029-01-02,14.08732,15.65328,13.03911,9,20011203313,12,Technology,142.77499,17958952117,818651
2026-08-14,LDOS,2028-01-02,12.95143,13.35775,12.54511,11,19127146894,11,Technology,142.77499,17958952117,818651
2026-08-14,LDOS,2027-01-02,12.36831,12.45881,12.14709,10,18287681596,11,Technology,142.77499,17958952117,818651
2026-08-14,LDOS,2026-01-02,11.84143,12.03275,11.56956,12,17277360577,9,Technology,142.77499,17958952117,818651
2026-08-14,LEGN,2030-12-31,1.725,1.91013,1.54195,1,2782239250,6,Healthcare,20.23,3741400612,819405.3964
2026-08-14,LEGN,2029-12-31,1.20148,1.33042,1.07398,1,2405115399,6,Healthcare,20.23,3741400612,819405.3964
2026-08-14,LEGN,2028-12-31,1.15262,1.38698,0.96974,3,2036522653,8,Healthcare,20.23,3741400612,819405.3964
2026-08-14,LEGN,2027-12-31,0.78419,1.20645,0.21615,5,1773904008,9,Healthcare,20.23,3741400612,819405.3964
2026-08-14,LEN,2028-11-30,7.94708,10.05775,5.22243,5,34736151342,5,Consumer Cyclical,86.85,21564444286,892415
2026-08-14,LEN,2027-11-30,6.51466,7.53196,5.98644,11,33344613669,7,Consumer Cyclical,86.85,21564444286,892415
2026-08-14,LEN,2026-11-30,5.50425,5.82684,5.34295,10,32345262349,7,Consumer Cyclical,86.85,21564444286,892415
2026-08-14,LEN,2025-11-30,8.26651,8.34667,8.20639,6,33971254452,5,Consumer Cyclical,86.85,21564444286,892415
2026-08-14,LEVI,2028-11-30,1.95241,2.05318,1.85163,2,7543927351,4,Consumer Cyclical,22.45,8784095553,1374637
2026-08-14,LEVI,2027-11-30,1.70957,1.79955,1.62959,9,7084841939,10,Consumer Cyclical,22.45,8784095553,1374637
2026-08-14,LEVI,2026-11-30,1.54064,1.60066,1.52063,8,6760633097,10,Consumer Cyclical,22.45,8784095553,1374637
2026-08-14,LEVI,2025-11-30,1.3271,1.33715,1.30811,9,6228076432,8,Consumer Cyclical,22.45,8784095553,1374637
2026-08-14,LFST,2028-12-31,0.38599,0.47096,0.3246,5,2182471281,7,Healthcare,12.63,4898343420,3228943.85997
2026-08-14,LFST,2027-12-31,0.20297,0.21264,0.18364,5,1902654059,8,Healthcare,12.63,4898343420,3228943.85997
2026-08-14,LFST,2026-12-31,0.13773,0.16069,0.11478,5,1664603888,7,Healthcare,12.63,4898343420,3228943.85997
2026-08-14,LFST,2025-12-31,-0.004334,-0.00425215,-0.00444242,3,1420381040,6,Healthcare,12.63,4898343420,3228943.85997
2026-08-14,LFTO,2027-12-31,1.26,1.38,1.16,4,994570000,9,Technology,21.7452,3620152334,1508294.3669
2026-08-14,LFTO,2026-12-31,0.14,0.16,0.13,3,855520000,9,Technology,21.7452,3620152334,1508294.3669
2026-08-14,LGN,2030-12-31,3.063,3.20613,2.85365,1,6633800000,3,Industrials,65.5,7927549495,913373.29178
2026-08-14,LGN,2029-12-31,3.7226,3.89655,3.46817,1,6364770150,4,Industrials,65.5,7927549495,913373.29178
2026-08-14,LGN,2028-12-31,2.87932,3.19442,2.56422,2,5693465971,6,Industrials,65.5,7927549495,913373.29178
2026-08-14,LGN,2027-12-31,2.02511,2.77914,1.58346,8,4920932397,10,Industrials,65.5,7927549495,913373.29178
2026-08-14,LI,2028-12-31,6.00724,12.35262,0.48749,14,168389847158,26,Consumer Cyclical,12.29,12412412738,979501
2026-08-14,LI,2027-12-31,4.68654,7.12611,0.89879,8,152509073396,21,Consumer Cyclical,12.29,12412412738,979501
2026-08-14,LI,2026-12-31,0.4571,3.0854,-2.28548,8,123095445581,19,Consumer Cyclical,12.29,12412412738,979501
2026-08-14,LI,2025-12-31,1.94929,2.92394,1.29953,5,116809967911,14,Consumer Cyclical,12.29,12412412738,979501
2026-08-14,LIFE,2030-12-31,0,0,0,0,877000000,2,Financial Services,34.7847,2207739863,762162.58858
2026-08-14,LIFE,2029-12-31,0,0,0,0,759000000,1,Financial Services,34.7847,2207739863,762162.58858
2026-08-14,LIFE,2028-12-31,0.81927,0.95,0.68854,2,1087807895,3,Financial Services,34.7847,2207739863,762162.58858
2026-08-14,LIFE,2027-12-31,0.88216,1.10183,0.66249,3,900569766,6,Financial Services,34.7847,2207739863,762162.58858
2026-08-14,LIN,2030-12-31,25.05,25.79937,24.35495,3,44140000000,10,Basic Materials,482.0981,223018581060,654832.48427
2026-08-14,LIN,2029-12-31,25.48679,26.24922,24.77962,3,43530263737,10,Basic Materials,482.0981,223018581060,654832.48427
2026-08-14,LIN,2028-12-31,21.55496,23.29201,19.90099,9,40037945240,20,Basic Materials,482.0981,223018581060,654832.48427
2026-08-14,LIN,2027-12-31,19.61566,20.05511,19.37596,10,37917856834,18,Basic Materials,482.0981,223018581060,654832.48427
2026-08-14,LINC,2030-12-31,1.9,1.91274,1.88632,1,850000000,1,Consumer Defensive,28.5997,907203305,608646.29815
2026-08-14,LINC,2029-12-31,0,0,0,0,778600000,1,Consumer Defensive,28.5997,907203305,608646.29815
2026-08-14,LINC,2028-12-31,1.3702,1.37938,1.36033,1,709204500,2,Consumer Defensive,28.5997,907203305,608646.29815
2026-08-14,LINC,2027-12-31,1.08541,1.11733,1.06413,4,649492667,4,Consumer Defensive,28.5997,907203305,608646.29815
2026-08-14,LION,2029-12-31,0.7039,0.7579,0.65895,1,3632790550,2,Technology,12.035,3580303463,944415
2026-08-14,LION,2028-12-31,0.42452,0.83785,-0.20108,3,3584289997,4,Technology,12.035,3580303463,944415
2026-08-14,LION,2027-12-31,0.40147,0.43359,0.36935,5,3442163725,7,Technology,12.035,3580303463,944415
2026-08-14,LION,2026-12-31,0.31528,0.3666,0.26396,5,3378781165,8,Technology,12.035,3580303463,944415
2026-08-14,LITE,2029-06-27,44.84353,51.52681,31.6649,1,12206657108,1,Technology,912.1602,70966063560,3251967.72712
2026-08-14,LITE,2028-06-27,29.5278,32.37583,24.99827,7,8772229549,17,Technology,912.1602,70966063560,3251967.72712
2026-08-14,LITE,2027-06-27,18.57946,20.66658,15.27485,14,5672520453,18,Technology,912.1602,70966063560,3251967.72712
2026-08-14,LITE,2026-06-27,8.22514,8.54651,7.63261,13,3000576673,16,Technology,912.1602,70966063560,3251967.72712
2026-08-14,LKQ,2029-12-31,3.55,3.63512,3.46296,1,14274000000,1,Consumer Cyclical,25.3961,6425266556,1295034.89882
2026-08-14,LKQ,2028-12-31,3.31,3.38936,3.22885,1,13829500000,2,Consumer Cyclical,25.3961,6425266556,1295034.89882
2026-08-14,LKQ,2027-12-31,3.10911,3.31765,2.89109,6,13996799250,7,Consumer Cyclical,25.3961,6425266556,1295034.89882
2026-08-14,LKQ,2026-12-31,2.72989,2.9011,2.47307,5,13657213000,6,Consumer Cyclical,25.3961,6425266556,1295034.89882
2026-08-14,LLY,2030-12-31,65.06833,70.3366,60.34008,2,131527500000,10,Healthcare,1182.04504,1113180278015,1223049
2026-08-14,LLY,2029-12-31,59.1913,63.98373,54.89011,3,121803263336,10,Healthcare,1182.04504,1113180278015,1223049
2026-08-14,LLY,2028-12-31,53.03199,60.65275,47.49063,6,111953667762,21,Healthcare,1182.04504,1113180278015,1223049
2026-08-14,LLY,2027-12-31,46.17036,48.52096,41.46915,13,100443723119,17,Healthcare,1182.04504,1113180278015,1223049
2026-08-14,LNC,2029-12-31,10.40478,10.64153,10.2285,1,22267425064,3,Financial Services,45.65,8739555550,518708
2026-08-14,LNC,2028-12-31,9.47482,10.40851,8.4556,5,21260282417,7,Financial Services,45.65,8739555550,518708
2026-08-14,LNC,2027-12-31,8.58256,8.84853,8.23476,8,20432105214,6,Financial Services,45.65,8739555550,518708
2026-08-14,LNC,2026-12-31,7.82898,8.02972,7.62824,7,19742244291,6,Financial Services,45.65,8739555550,518708
2026-08-14,LNG,2030-12-31,15.415,17.19886,13.18088,4,25377000000,6,Energy,270.285,56638762320,557632
2026-08-14,LNG,2029-12-31,13.22983,14.76082,11.31241,4,26047000000,6,Energy,270.285,56638762320,557632
2026-08-14,LNG,2028-12-31,14.93334,18.50626,10.48089,10,24405404478,8,Energy,270.285,56638762320,557632
2026-08-14,LNG,2027-12-31,16.23942,20.7395,12.85737,9,23608392485,9,Energy,270.285,56638762320,557632
2026-08-14,LNT,2030-12-31,4.74384,4.97368,4.54833,2,5648166667,5,Utilities,70.655,18248561435,806997.4607
2026-08-14,LNT,2029-12-31,4.37742,4.58951,4.19701,3,5223916667,3,Utilities,70.655,18248561435,806997.4607
2026-08-14,LNT,2028-12-31,4.03549,4.11703,3.97679,6,4942139749,7,Utilities,70.655,18248561435,806997.4607
2026-08-14,LNT,2027-12-31,3.68376,3.75383,3.58366,9,4636726367,6,Utilities,70.655,18248561435,806997.4607
2026-08-14,LOW,2031-01-30,17.34,17.63453,16.95895,9,105834050000,8,Consumer Cyclical,218.32,122413552240,798868
2026-08-14,LOW,2030-01-30,16.96355,17.25169,16.59077,8,104466320215,16,Consumer Cyclical,218.32,122413552240,798868
2026-08-14,LOW,2029-01-30,14.78005,16.40109,12.94877,10,99904658543,19,Consumer Cyclical,218.32,122413552240,798868
2026-08-14,LOW,2028-01-30,13.41531,13.78491,12.82596,21,95970331736,25,Consumer Cyclical,218.32,122413552240,798868
2026-08-14,LPTH,2028-06-30,0.51,0.51923,0.49739,1,139500000,1,Technology,15.02,943096893,4791106.45865
2026-08-14,LPTH,2027-06-30,0.0275,0.02799753,0.02682004,1,105300000,3,Technology,15.02,943096893,4791106.45865
2026-08-14,LPTH,2026-06-30,-0.2075,-0.20237,-0.21125,1,71254500,3,Technology,15.02,943096893,4791106.45865
2026-08-14,LPTH,2025-06-30,-0.22457,-0.22239,-0.22675,2,37262050,3,Technology,15.02,943096893,4791106.45865
2026-08-14,LQDA,2030-12-31,8.126,9.67793,6.00271,1,1679807000,2,Healthcare,73.6796,6552186763,1584314.12288
2026-08-14,LQDA,2029-12-31,7.29,8.68227,5.38515,1,1519153800,2,Healthcare,73.6796,6552186763,1584314.12288
2026-08-14,LQDA,2028-12-31,6.456,7.77,5.42,5,1347174600,5,Healthcare,73.6796,6552186763,1584314.12288
2026-08-14,LQDA,2027-12-31,5.86447,7.86347,4.41768,5,1184377579,5,Healthcare,73.6796,6552186763,1584314.12288
2026-08-14,LRCX,2031-06-28,17.3,19.74821,14.18216,4,55747600000,11,Technology,327.51999,409586673894,4614346
2026-08-14,LRCX,2030-06-28,14.1,16.09536,11.55887,3,48122500000,9,Technology,327.51999,409586673894,4614346
2026-08-14,LRCX,2029-06-28,13.50976,17.04477,11.23608,9,45372925018,13,Technology,327.51999,409586673894,4614346
2026-08-14,LRCX,2028-06-28,11.7714,12.70369,9.97854,16,40996251207,19,Technology,327.51999,409586673894,4614346
2026-08-14,LSCC,2029-01-03,4.24333,5.51461,2.97205,2,1604674333,4,Technology,129.9171,17799682037,566268.47683
2026-08-14,LSCC,2028-01-03,3.20917,3.29325,3.12509,6,1333286768,7,Technology,129.9171,17799682037,566268.47683
2026-08-14,LSCC,2027-01-03,2.12917,2.16485,2.03401,6,919679168,7,Technology,129.9171,17799682037,566268.47683
2026-08-14,LSCC,2026-01-03,1.05027,1.06027,0.96316,9,520652982,9,Technology,129.9171,17799682037,566268.47683
2026-08-14,LTH,2029-12-31,3.18,3.25744,3.10466,1,4559300000,6,Consumer Cyclical,45.03,10062490888,1439452
2026-08-14,LTH,2028-12-31,1.93834,2.04,1.7817,5,4114221283,8,Consumer Cyclical,45.03,10062490888,1439452
2026-08-14,LTH,2027-12-31,1.79904,1.85328,1.7448,7,3746789740,11,Consumer Cyclical,45.03,10062490888,1439452
2026-08-14,LTH,2026-12-31,1.56356,1.60035,1.53597,6,3355584733,8,Consumer Cyclical,45.03,10062490888,1439452
2026-08-14,LULU,2030-02-01,12.7926,13.2529,12.09207,1,12902009328,7,Consumer Cyclical,119.86,13610572372,1757869
2026-08-14,LULU,2029-02-01,12.28504,15.32722,11.3392,5,11937451773,13,Consumer Cyclical,119.86,13610572372,1757869
2026-08-14,LULU,2028-02-01,11.30783,12.3465,10.04378,19,11353014142,24,Consumer Cyclical,119.86,13610572372,1757869
2026-08-14,LULU,2027-02-01,10.93977,11.14977,10.32978,18,11049696334,24,Consumer Cyclical,119.86,13610572372,1757869
2026-08-14,LUNR,2030-12-31,1.29065,1.52337,1.11508,1,2032726467,1,Industrials,19.09,3042422304,14964445.46119
2026-08-14,LUNR,2029-12-31,0.67371,0.79519,0.58206,1,1704877260,1,Industrials,19.09,3042422304,14964445.46119
2026-08-14,LUNR,2028-12-31,0.32937,0.75,-0.09126,2,1412979745,2,Industrials,19.09,3042422304,14964445.46119
2026-08-14,LUNR,2027-12-31,0.01375,0.03807692,-0.02961538,4,1150039125,6,Industrials,19.09,3042422304,14964445.46119
2026-08-14,LUV,2030-12-31,7.32,7.62154,7.02856,5,40004000000,14,Industrials,44.39,21715943120,1370238
2026-08-14,LUV,2029-12-31,6.395,6.65844,6.14039,5,37279500000,14,Industrials,44.39,21715943120,1370238
2026-08-14,LUV,2028-12-31,5.40194,6.4791,4.45438,8,35569643725,16,Industrials,44.39,21715943120,1370238
2026-08-14,LUV,2027-12-31,4.89158,6.99578,4.21751,15,34147574304,16,Industrials,44.39,21715943120,1370238
2026-08-14,LVS,2028-12-31,3.75256,4.03275,3.3785,4,15146963985,9,Consumer Cyclical,46.3,29988564819,1230601
2026-08-14,LVS,2027-12-31,3.53462,3.71745,3.31117,11,14554970258,13,Consumer Cyclical,46.3,29988564819,1230601
2026-08-14,LVS,2026-12-31,3.13334,3.35428,2.94253,10,13832780245,13,Consumer Cyclical,46.3,29988564819,1230601
2026-08-14,LVS,2025-12-31,2.92247,3.04175,2.85289,10,12687327454,11,Consumer Cyclical,46.3,29988564819,1230601
2026-08-14,LYB,2028-12-31,6.90874,9.22577,4.37394,3,32326622484,11,Basic Materials,63.815,20598524775,713646.39323
2026-08-14,LYB,2027-12-31,6.51809,10.40121,4.08124,9,32124320914,11,Basic Materials,63.815,20598524775,713646.39323
2026-08-14,LYB,2026-12-31,8.72388,12.01188,7.18677,6,34027344543,10,Basic Materials,63.815,20598524775,713646.39323
2026-08-14,LYB,2025-12-31,2.12532,2.43729,1.73535,11,29974310969,10,Basic Materials,63.815,20598524775,713646.39323
2026-08-14,LYFT,2030-12-31,1.53111,1.62806,1.35913,9,10082544444,11,Technology,17.485,6638757255,3130085.96533
2026-08-14,LYFT,2029-12-31,1.3839,1.47153,1.22845,9,9563837202,11,Technology,17.485,6638757255,3130085.96533
2026-08-14,LYFT,2028-12-31,1.21571,1.68208,0.55652,20,8938005184,23,Technology,17.485,6638757255,3130085.96533
2026-08-14,LYFT,2027-12-31,0.97128,1.00461,0.8951,26,8231664857,30,Technology,17.485,6638757255,3130085.96533
2026-08-14,LYV,2030-12-31,3.99,4.17315,3.86454,3,43428412029,7,Communication Services,188.725,43918760925,559205
2026-08-14,LYV,2029-12-31,4.15896,4.34987,4.02818,3,36856064828,10,Communication Services,188.725,43918760925,559205
2026-08-14,LYV,2028-12-31,2.91028,4.1154,0.91306,9,33602700232,15,Communication Services,188.725,43918760925,559205
2026-08-14,LYV,2027-12-31,1.92139,2.74081,1.09256,13,30724210829,18,Communication Services,188.725,43918760925,559205
2026-08-14,M,2029-01-31,2.37648,2.51488,2.25979,1,18726072040,2,Consumer Cyclical,23.455,6169555211,2280714
2026-08-14,M,2028-01-31,2.28316,2.47914,2.14597,7,21388036847,6,Consumer Cyclical,23.455,6169555211,2280714
2026-08-14,M,2027-01-31,2.1995,2.32002,2.1292,7,21674737917,7,Consumer Cyclical,23.455,6169555211,2280714
2026-08-14,M,2026-01-31,2.1882,2.27731,2.13869,8,21629041397,5,Consumer Cyclical,23.455,6169555211,2280714
2026-08-14,MA,2030-12-31,35.19,35.9544,34.21458,6,58300100000,12,Financial Services,569.785,499721957260,1223690
2026-08-14,MA,2029-12-31,30.94667,31.6189,30.08887,9,53064200000,12,Financial Services,569.785,499721957260,1223690
2026-08-14,MA,2028-12-31,26.72155,27.98046,24.94889,15,46974125135,25,Financial Services,569.785,499721957260,1223690
2026-08-14,MA,2027-12-31,22.99346,23.78215,22.46766,27,41926113462,28,Financial Services,569.785,499721957260,1223690
2026-08-14,MAC,2030-12-31,0.42,0.45231,0.39394,1,1248300000,2,Real Estate,24.61,7322936219,1142411.1921
2026-08-14,MAC,2029-12-31,0.43,0.46308,0.40332,1,1213459500,2,Real Estate,24.61,7322936219,1142411.1921
2026-08-14,MAC,2028-12-31,0.28364,0.42104,0.21592,4,1072113047,5,Real Estate,24.61,7322936219,1142411.1921
2026-08-14,MAC,2027-12-31,0.11298,0.11711,0.10747,6,1050062038,6,Real Estate,24.61,7322936219,1142411.1921
2026-08-14,MAIR,2030-12-31,1.585,1.61041,1.5536,1,4803650000,4,Industrials,31.085,15576509819,731895
2026-08-14,MAIR,2029-12-31,1.61281,1.63867,1.58086,1,4702594933,4,Industrials,31.085,15576509819,731895
2026-08-14,MAIR,2028-12-31,1.43278,1.45575,1.40439,1,4455018450,9,Industrials,31.085,15576509819,731895
2026-08-14,MAIR,2027-12-31,1.28078,1.34082,1.24076,6,4163769795,8,Industrials,31.085,15576509819,731895
2026-08-14,MAS,2029-12-31,5.47,5.62402,5.37089,1,8213000000,3,Basic Materials,74.26,14643138552,716837
2026-08-14,MAS,2028-12-31,5.12493,5.17679,5.04687,3,8144686036,7,Basic Materials,74.26,14643138552,716837
2026-08-14,MAS,2027-12-31,4.65786,4.76876,4.47638,13,7873672723,14,Basic Materials,74.26,14643138552,716837
2026-08-14,MAS,2026-12-31,4.53141,4.63301,4.31805,13,7647280072,14,Basic Materials,74.26,14643138552,716837
2026-08-14,MAT,2030-12-31,1.98,2.05075,1.86399,1,6623400000,5,Consumer Cyclical,14.975,4351735000,1971415.15692
2026-08-14,MAT,2029-12-31,1.87,1.93682,1.76043,1,6430500000,3,Consumer Cyclical,14.975,4351735000,1971415.15692
2026-08-14,MAT,2028-12-31,1.79161,2.10391,1.46835,4,6214807043,7,Consumer Cyclical,14.975,4351735000,1971415.15692
2026-08-14,MAT,2027-12-31,1.58587,1.72819,1.39272,8,6007838072,10,Consumer Cyclical,14.975,4351735000,1971415.15692
2026-08-14,MBGL,2027-12-31,1.63,1.63562,1.62542,3,2049999999,3,Technology,20.47,6034992420,1749535
2026-08-14,MBGL,2026-12-31,1.45,1.455,1.44593,3,1890000000,3,Technology,20.47,6034992420,1749535
2026-08-14,MCD,2030-12-31,16.53,16.94698,15.98029,4,32141000000,8,Consumer Cyclical,273.555,194362468830,1472553
2026-08-14,MCD,2029-12-31,15.94468,16.34689,15.41444,4,32081825591,13,Consumer Cyclical,273.555,194362468830,1472553
2026-08-14,MCD,2028-12-31,14.96362,15.51992,14.23159,11,30917310203,17,Consumer Cyclical,273.555,194362468830,1472553
2026-08-14,MCD,2027-12-31,13.9728,14.31287,13.64273,21,29671997046,24,Consumer Cyclical,273.555,194362468830,1472553
2026-08-14,MCHP,2029-03-31,4.565,5.06688,3.954,3,7787164238,7,Technology,78.41,42577257280,3329485
2026-08-14,MCHP,2028-03-31,4.18487,4.87365,3.64219,14,7218234593,16,Technology,78.41,42577257280,3329485
2026-08-14,MCHP,2027-03-31,3.19333,3.52893,2.8984,16,6219861917,18,Technology,78.41,42577257280,3329485
2026-08-14,MCHP,2026-03-31,1.56786,1.6274,1.54801,16,4665615532,19,Technology,78.41,42577257280,3329485
2026-08-14,MDB,2031-01-31,12.77,13.67209,12.34727,2,5684300000,7,Technology,461.73999,37138637169,1085425
2026-08-14,MDB,2030-01-31,15.405,16.49323,14.89505,1,4848900000,8,Technology,461.73999,37138637169,1085425
2026-08-14,MDB,2029-01-31,9.1022,17.85475,3.21338,5,4184386402,16,Technology,461.73999,37138637169,1085425
2026-08-14,MDB,2028-01-31,7.32058,7.72784,7.10677,20,3496358963,27,Technology,461.73999,37138637169,1085425
2026-08-14,MDLN,2030-12-31,2.33333,3.19039,2.27736,3,41295500000,14,Healthcare,35.665,30158544659,1533390
2026-08-14,MDLN,2029-12-31,2.0691,2.8291,2.01947,3,38781116504,14,Healthcare,35.665,30158544659,1533390
2026-08-14,MDLN,2028-12-31,1.82683,2.1037,1.56123,9,36165749387,16,Healthcare,35.665,30158544659,1533390
2026-08-14,MDLN,2027-12-31,1.61558,1.65475,1.54704,15,33647158172,18,Healthcare,35.665,30158544659,1533390
2026-08-14,MDLZ,2030-12-31,4.22042,4.36588,4.09232,2,44750621639,7,Consumer Defensive,63.7455,81359019105,1490022.67284
2026-08-14,MDLZ,2029-12-31,3.84659,3.97917,3.72983,3,43531074788,10,Consumer Defensive,63.7455,81359019105,1490022.67284
2026-08-14,MDLZ,2028-12-31,3.61667,3.88283,3.47464,6,42693725521,15,Consumer Defensive,63.7455,81359019105,1490022.67284
2026-08-14,MDLZ,2027-12-31,3.35737,3.38717,3.29777,12,41352933895,17,Consumer Defensive,63.7455,81359019105,1490022.67284
2026-08-14,MDT,2031-04-24,8.225,8.47002,7.68089,3,46572900000,5,Healthcare,91.83,117546991500,4862753
2026-08-14,MDT,2030-04-24,7.635,7.86244,7.12992,4,44849600000,11,Healthcare,91.83,117546991500,4862753
2026-08-14,MDT,2029-04-24,6.9498,7.43386,6.21834,6,42163060478,12,Healthcare,91.83,117546991500,4862753
2026-08-14,MDT,2028-04-24,6.39691,6.57739,6.25654,17,40242259346,21,Healthcare,91.83,117546991500,4862753
2026-08-14,MET,2029-12-31,12.9982,13.28136,12.66501,2,92881517986,3,Financial Services,97.695,62860556124,800648
2026-08-14,MET,2028-12-31,12.27104,13.7998,10.29398,7,88321145732,7,Financial Services,97.695,62860556124,800648
2026-08-14,MET,2027-12-31,10.9884,11.55088,10.75738,11,84136797877,7,Financial Services,97.695,62860556124,800648
2026-08-14,MET,2026-12-31,9.8712,10.23052,9.69154,11,80258972992,7,Financial Services,97.695,62860556124,800648
2026-08-14,META,2030-12-31,54.91286,63.43581,51.37683,16,467678000000,30,Communication Services,591.86499,1507768113278,5489882
2026-08-14,META,2029-12-31,50.4441,58.27346,47.19582,29,428581876406,30,Communication Services,591.86499,1507768113278,5489882
2026-08-14,META,2028-12-31,39.71623,59.44289,29.70845,34,358937014098,40,Communication Services,591.86499,1507768113278,5489882
2026-08-14,META,2027-12-31,34.29329,37.61644,31.15695,41,304547872168,43,Communication Services,591.86499,1507768113278,5489882
2026-08-14,METC,2028-12-31,0.435,0.95477,-0.00892308,4,863990202,6,Energy,11.465,616873179,1609060.00239
2026-08-14,METC,2027-12-31,0.10161,0.16596,0.040644,5,704104371,6,Energy,11.465,616873179,1609060.00239
2026-08-14,METC,2026-12-31,-0.79114,-0.62826,-0.89585,5,588718233,4,Energy,11.465,616873179,1609060.00239
2026-08-14,METC,2025-12-31,-0.99006,-0.88126,-1.08798,4,555425188,5,Energy,11.465,616873179,1609060.00239
2026-08-14,MFC,2028-12-31,5.51478,5.73584,4.78504,6,46438884126,2,Financial Services,44.43,74148782700,552796.76678
2026-08-14,MFC,2027-12-31,5.05123,5.40761,4.66387,8,43893577162,1,Financial Services,44.43,74148782700,552796.76678
2026-08-14,MFC,2026-12-31,4.53369,4.75813,4.27933,8,41211249737,1,Financial Services,44.43,74148782700,552796.76678
2026-08-14,MFC,2025-12-31,4.14785,4.16187,4.13384,7,34745574512,1,Financial Services,44.43,74148782700,552796.76678
2026-08-14,MFG,2031-03-31,204.43133,223.44673,190.84008,1,9595644371040,1,Financial Services,10.865,132359526337,1122019
2026-08-14,MFG,2030-03-31,187.3489,204.77536,174.89335,1,2580639337265,2,Financial Services,10.865,132359526337,1122019
2026-08-14,MFG,2029-03-31,145.69784,159.25008,136.01138,1,4844960653899,2,Financial Services,10.865,132359526337,1122019
2026-08-14,MFG,2028-03-31,133.33223,134.86478,130.26712,1,4540895950306,4,Financial Services,10.865,132359526337,1122019
2026-08-14,MGNI,2030-12-31,1.56,1.62997,1.52494,1,1106600000,1,Communication Services,24.565,3518076549,1899076.56595
2026-08-14,MGNI,2029-12-31,1.22,1.27472,1.19258,1,1008800000,1,Communication Services,24.565,3518076549,1899076.56595
2026-08-14,MGNI,2028-12-31,1.36,2.00188,0.81982,3,1053980399,2,Communication Services,24.565,3518076549,1899076.56595
2026-08-14,MGNI,2027-12-31,1.32286,1.90446,1.00355,8,834416538,7,Communication Services,24.565,3518076549,1899076.56595
2026-08-14,MGY,2030-12-31,3.82,4.15689,3.51809,2,2864500000,3,Energy,26.265,6223980069,1249663
2026-08-14,MGY,2029-12-31,3.395,3.69441,3.12668,3,2789500000,4,Energy,26.265,6223980069,1249663
2026-08-14,MGY,2028-12-31,3.22835,3.61925,2.90099,6,2471867274,6,Energy,26.265,6223980069,1249663
2026-08-14,MGY,2027-12-31,2.99345,3.35875,2.62815,9,2351535880,7,Energy,26.265,6223980069,1249663
2026-08-14,MH,2030-03-31,1.8095,1.85423,1.75566,1,2242938846,3,Consumer Defensive,12.89,2465549806,881943
2026-08-14,MH,2029-03-31,2.12494,2.37322,1.81089,3,2333733356,6,Consumer Defensive,12.89,2465549806,881943
2026-08-14,MH,2028-03-31,2.04173,2.15632,1.88548,8,2251263190,9,Consumer Defensive,12.89,2465549806,881943
2026-08-14,MH,2027-03-31,1.95422,2.00459,1.86356,9,2148656837,10,Consumer Defensive,12.89,2465549806,881943
2026-08-14,MIR,2028-12-31,0.78649,0.79926,0.78072,2,1303381448,3,Industrials,15.87,3860823320,1687476
2026-08-14,MIR,2027-12-31,0.65339,0.7137,0.61318,4,1222648889,6,Industrials,15.87,3860823320,1687476
2026-08-14,MIR,2026-12-31,0.54011,0.55011,0.52011,5,1137604559,7,Industrials,15.87,3860823320,1687476
2026-08-14,MIR,2025-12-31,0.48715,0.49709,0.47721,5,928432948,5,Industrials,15.87,3860823320,1687476
2026-08-14,MKC,2030-11-30,4.63212,4.71973,4.55551,2,8840009634,4,Consumer Defensive,54.72,14711557090,798560
2026-08-14,MKC,2029-11-30,4.29861,4.37992,4.22752,4,8918000000,8,Consumer Defensive,54.72,14711557090,798560
2026-08-14,MKC,2028-11-30,3.63762,3.74042,3.4765,6,8493202219,9,Consumer Defensive,54.72,14711557090,798560
2026-08-14,MKC,2027-11-30,3.29515,3.31512,3.22525,7,8183757809,9,Consumer Defensive,54.72,14711557090,798560
2026-08-14,MKTX,2030-12-31,12.9,13.30398,12.47105,1,1170500000,6,Financial Services,162.5945,5722171979,806699.1772
2026-08-14,MKTX,2029-12-31,9.97639,10.28881,9.64466,1,1073312425,6,Financial Services,162.5945,5722171979,806699.1772
2026-08-14,MKTX,2028-12-31,9.58757,10.11939,8.58633,5,1024654659,8,Financial Services,162.5945,5722171979,806699.1772
2026-08-14,MKTX,2027-12-31,8.64758,9.03479,7.41647,9,955023537,10,Financial Services,162.5945,5722171979,806699.1772
2026-08-14,MLTX,2030-12-31,2.1601,3.86119,0.03540593,4,831163000,4,Healthcare,16.58,1394633332,568401.15826
2026-08-14,MLTX,2029-12-31,-0.76293,-0.01250509,-1.36374,2,450550469,4,Healthcare,16.58,1394633332,568401.15826
2026-08-14,MLTX,2028-12-31,-2.89359,-1.39645,-4.33751,7,136670053,9,Healthcare,16.58,1394633332,568401.15826
2026-08-14,MLTX,2027-12-31,-3.59534,-2.57971,-4.42816,8,21054322,9,Healthcare,16.58,1394633332,568401.15826
2026-08-14,MMED,2031-04-24,3.19,3.22894,3.15416,3,5058100000,2,Healthcare,20.155,5660387239,618179.81288
2026-08-14,MMED,2030-04-24,2.4459,2.47576,2.41842,2,4560136377,5,Healthcare,20.155,5660387239,618179.81288
2026-08-14,MMED,2029-04-24,1.76777,1.89374,1.53308,4,4067138650,6,Healthcare,20.155,5660387239,618179.81288
2026-08-14,MMED,2028-04-24,0.69286,0.84209,0.41572,5,3698678302,9,Healthcare,20.155,5660387239,618179.81288
2026-08-14,MMM,2030-12-31,11.895,12.11425,11.61886,1,28541500000,6,Industrials,183.77,94774308572,1020278
2026-08-14,MMM,2029-12-31,11.14,11.34533,10.88139,1,28096666667,6,Industrials,183.77,94774308572,1020278
2026-08-14,MMM,2028-12-31,10.47403,12.0886,8.88706,4,27316814698,8,Industrials,183.77,94774308572,1020278
2026-08-14,MMM,2027-12-31,9.77069,10.06833,9.52437,10,26440534963,11,Industrials,183.77,94774308572,1020278
2026-08-14,MNDY,2030-12-31,9.56,9.77541,9.34932,1,2403800000,6,Technology,88.305,3733016078,734951.38087
2026-08-14,MNDY,2029-12-31,7.615,7.78658,7.44718,1,2290200000,6,Technology,88.305,3733016078,734951.38087
2026-08-14,MNDY,2028-12-31,6.16045,7.38554,4.93536,2,1982639964,8,Technology,88.305,3733016078,734951.38087
2026-08-14,MNDY,2027-12-31,5.55651,6.20663,4.50006,14,1707466094,18,Technology,88.305,3733016078,734951.38087
2026-08-14,MNRO,2029-03-28,0.8783,0.88664,0.87115,1,1216531500,1,Consumer Cyclical,11.25,351720675,615035.72297
2026-08-14,MNRO,2028-03-28,0.474,0.4785,0.47014,2,1187197000,3,Consumer Cyclical,11.25,351720675,615035.72297
2026-08-14,MNRO,2027-03-28,0.162,0.16354,0.16068,2,1153605400,3,Consumer Cyclical,11.25,351720675,615035.72297
2026-08-14,MNRO,2026-03-28,0.54643,0.55162,0.54198,3,1166816084,3,Consumer Cyclical,11.25,351720675,615035.72297
2026-08-14,MNST,2030-12-31,3.545,3.70463,3.37116,5,13342450000,14,Consumer Defensive,46.555,91062335122,3265378.66002
2026-08-14,MNST,2029-12-31,3.27753,3.42512,3.11681,5,12452498751,14,Consumer Defensive,46.555,91062335122,3265378.66002
2026-08-14,MNST,2028-12-31,2.93142,3.10542,2.78625,8,11386126009,16,Consumer Defensive,46.555,91062335122,3265378.66002
2026-08-14,MNST,2027-12-31,2.604,2.83347,2.46432,11,10438561945,18,Consumer Defensive,46.555,91062335122,3265378.66002
2026-08-14,MO,2030-12-31,6.60384,6.68062,6.52368,1,22295554046,5,Consumer Defensive,65.745,109777316716,3116738
2026-08-14,MO,2029-12-31,6.30893,6.38228,6.23235,1,21585937067,3,Consumer Defensive,65.745,109777316716,3116738
2026-08-14,MO,2028-12-31,6.1024,6.43957,5.8056,3,20940696605,7,Consumer Defensive,65.745,109777316716,3116738
2026-08-14,MO,2027-12-31,5.87404,6.02414,5.77397,8,20702678542,8,Consumer Defensive,65.745,109777316716,3116738
2026-08-14,MOS,2030-12-31,2.28,2.64695,1.90724,4,11700000000,6,Basic Materials,21.775,6921110673,2985247
2026-08-14,MOS,2029-12-31,2.72407,3.16249,2.27871,2,13255746012,11,Basic Materials,21.775,6921110673,2985247
2026-08-14,MOS,2028-12-31,2.03547,3.2045,0.84647,7,12611587952,13,Basic Materials,21.775,6921110673,2985247
2026-08-14,MOS,2027-12-31,1.69912,2.21434,1.0414,11,12683680675,14,Basic Materials,21.775,6921110673,2985247
2026-08-14,MP,2030-12-31,2.68248,3.56415,2.06934,5,1782077333,5,Basic Materials,58.77,10462352940,8356460
2026-08-14,MP,2029-12-31,1.7361,2.30672,1.33928,5,1171102557,5,Basic Materials,58.77,10462352940,8356460
2026-08-14,MP,2028-12-31,1.45839,2.55833,0.84842,8,976622876,11,Basic Materials,58.77,10462352940,8356460
2026-08-14,MP,2027-12-31,0.92543,1.26538,0.47216,10,785738546,11,Basic Materials,58.77,10462352940,8356460
2026-08-14,MPC,2030-12-31,40.1,52.13238,26.50443,1,170700569493,5,Energy,353,103053761000,1190520.4026
2026-08-14,MPC,2029-12-31,23.58,30.6554,15.5854,1,162316065151,3,Energy,353,103053761000,1190520.4026
2026-08-14,MPC,2028-12-31,19.66161,27.13519,12.71962,5,152869857451,7,Energy,353,103053761000,1190520.4026
2026-08-14,MPC,2027-12-31,30.76935,42.12471,23.49028,11,153469533613,8,Energy,353,103053761000,1190520.4026
2026-08-14,MPLX,2030-12-31,5.63,6.01433,5.3801,5,15435430899,3,Energy,59.245,60117678850,742127
2026-08-14,MPLX,2029-12-31,5.27,5.62976,5.03608,5,14632429940,4,Energy,59.245,60117678850,742127
2026-08-14,MPLX,2028-12-31,5.15871,5.96914,4.70739,8,14375464369,6,Energy,59.245,60117678850,742127
2026-08-14,MPLX,2027-12-31,4.84544,5.09287,4.41244,7,13686150907,6,Energy,59.245,60117678850,742127
2026-08-14,MRAM,2028-12-31,0.34,0.36454,0.31252,1,87074250,1,Technology,18.57,435421505,883796.16308
2026-08-14,MRAM,2027-12-31,0.13,0.15485,0.10037,3,83600000,3,Technology,18.57,435421505,883796.16308
2026-08-14,MRAM,2026-12-31,-0.11,-0.08034852,-0.13774,3,72966667,3,Technology,18.57,435421505,883796.16308
2026-08-14,MRAM,2025-12-31,-0.025,-0.02297942,-0.02680429,2,54849500,2,Technology,18.57,435421505,883796.16308
2026-08-14,MRK,2030-12-31,9.88273,10.18538,9.61219,5,74706083333,15,Healthcare,135.3,334166646000,2762682
2026-08-14,MRK,2029-12-31,10.12053,10.43046,9.84348,5,74245224397,9,Healthcare,135.3,334166646000,2762682
2026-08-14,MRK,2028-12-31,10.55502,12.58484,9.10362,8,74356807890,19,Healthcare,135.3,334166646000,2762682
2026-08-14,MRK,2027-12-31,9.59259,9.92813,9.16823,12,70222088814,15,Healthcare,135.3,334166646000,2762682
2026-08-14,MRNA,2030-12-31,2.50727,4.0712,1.92358,11,6851225000,14,Healthcare,63.2698,25104570863,2734008.05326
2026-08-14,MRNA,2029-12-31,0.15392,0.24993,0.11809,7,5219719009,14,Healthcare,63.2698,25104570863,2734008.05326
2026-08-14,MRNA,2028-12-31,-2.85817,0.67817,-4.61756,14,3254909602,16,Healthcare,63.2698,25104570863,2734008.05326
2026-08-14,MRNA,2027-12-31,-4.78955,-0.08849053,-6.32707,15,2511211417,16,Healthcare,63.2698,25104570863,2734008.05326
2026-08-14,MRSH,2028-12-31,12.48105,13.08967,11.74369,4,31555598983,11,Financial Services,188.43,89920919229,557520
2026-08-14,MRSH,2027-12-31,11.40146,11.65215,10.93016,14,29994199718,13,Financial Services,188.43,89920919229,557520
2026-08-14,MRSH,2026-12-31,10.44767,10.54784,10.31745,14,28581528386,13,Financial Services,188.43,89920919229,557520
2026-08-14,MRSH,2025-12-31,9.60062,9.71051,9.54068,16,26941979316,12,Financial Services,188.43,89920919229,557520
2026-08-14,MRVL,2031-01-31,9.4,10.58599,8.74369,9,21861000000,21,Technology,219.245,192007316670,9689632.13252
2026-08-14,MRVL,2030-01-31,11.9214,13.42551,11.08905,5,28307749585,13,Technology,219.245,192007316670,9689632.13252
2026-08-14,MRVL,2029-01-31,9.15824,11.5523,5.27921,13,23233052709,26,Technology,219.245,192007316670,9689632.13252
2026-08-14,MRVL,2028-01-31,6.24466,6.87115,5.83037,25,16695937105,29,Technology,219.245,192007316670,9689632.13252
2026-08-14,MS,2029-12-31,16.339,17.28215,15.42521,4,99106494086,4,Financial Services,217.32001,342774505373,2037988
2026-08-14,MS,2028-12-31,14.7632,16.37756,11.68671,10,91144146047,9,Financial Services,217.32001,342774505373,2037988
2026-08-14,MS,2027-12-31,13.65645,14.75524,12.07628,16,86339998302,12,Financial Services,217.32001,342774505373,2037988
2026-08-14,MS,2026-12-31,12.89629,13.25928,12.61396,16,81858702645,12,Financial Services,217.32001,342774505373,2037988
2026-08-14,MSFT,2031-06-30,44.85,48.40286,41.41058,9,869907500000,16,Technology,496.18,3684409399000,8361189
2026-08-14,MSFT,2030-06-30,35.4625,38.27172,32.74298,8,655796850000,13,Technology,496.18,3684409399000,8361189
2026-08-14,MSFT,2029-06-30,28.17438,29.66441,26.86225,10,558097979522,21,Technology,496.18,3684409399000,8361189
2026-08-14,MSFT,2028-06-30,23.25411,24.59939,21.3424,25,465859474297,34,Technology,496.18,3684409399000,8361189
2026-08-14,MSTR,2029-12-31,391.6026,410.18966,365.11686,1,476389300,2,Technology,93.3794,30890652555,13361889.80187
2026-08-14,MSTR,2028-12-31,54.11495,150.46611,5.01703,3,518460876,5,Technology,93.3794,30890652555,13361889.80187
2026-08-14,MSTR,2027-12-31,1.94892,3.03468,0.86316,4,507579352,5,Technology,93.3794,30890652555,13361889.80187
2026-08-14,MSTR,2026-12-31,-7.56153,-1.03022,-14.09152,6,497933701,8,Technology,93.3794,30890652555,13361889.80187
2026-08-14,MT,2027-12-31,7.1,8.02,5.95,4,69230000000,9,Basic Materials,73.72,56108292000,602862
2026-08-14,MT,2026-12-31,4.75,4.92,4.58,5,66709999999,10,Basic Materials,73.72,56108292000,602862
2026-08-14,MT,2025-12-31,4.17,4.95,3.48,5,62110000000,9,Basic Materials,73.72,56108292000,602862
2026-08-14,MT,2024-12-31,2.81,3.15,2.49,5,62300000000,9,Basic Materials,73.72,56108292000,602862
2026-08-14,MTCH,2030-12-31,5.15333,5.36179,5.02921,3,4365133333,4,Communication Services,37.885,8837320295,1403831.14331
2026-08-14,MTCH,2029-12-31,4.35,4.52596,4.24523,3,4125233333,4,Communication Services,37.885,8837320295,1403831.14331
2026-08-14,MTCH,2028-12-31,3.60528,3.97716,3.38331,9,3820176897,9,Communication Services,37.885,8837320295,1403831.14331
2026-08-14,MTCH,2027-12-31,3.24378,3.56524,3.00269,8,3619588349,13,Communication Services,37.885,8837320295,1403831.14331
2026-08-14,MTDR,2030-12-31,10.125,11.04523,9.00021,2,4801000000,2,Energy,53.16,6601314547,654218
2026-08-14,MTDR,2029-12-31,9.66667,10.54524,8.59279,3,4693500000,2,Energy,53.16,6601314547,654218
2026-08-14,MTDR,2028-12-31,8.58008,9.46434,7.51053,6,4693871335,5,Energy,53.16,6601314547,654218
2026-08-14,MTDR,2027-12-31,8.18217,10.21778,6.61326,10,4577272383,5,Energy,53.16,6601314547,654218
2026-08-14,MTZ,2030-12-31,23.2925,24.53953,22.14959,1,31830806563,5,Industrials,296,23770263424,912598
2026-08-14,MTZ,2029-12-31,20.59,21.69234,19.57969,1,28921094349,3,Industrials,296,23770263424,912598
2026-08-14,MTZ,2028-12-31,15.84355,18.35466,12.79784,5,25313007157,7,Industrials,296,23770263424,912598
2026-08-14,MTZ,2027-12-31,12.37503,13.90596,11.26085,7,22098030097,8,Industrials,296,23770263424,912598
2026-08-14,MU,2030-08-28,264.67,328.21507,135.01642,6,449422500000,15,Technology,961.005,1085349436950,21404669
2026-08-14,MU,2029-08-28,184.97667,229.38803,94.36237,5,344814000000,14,Technology,961.005,1085349436950,21404669
2026-08-14,MU,2028-08-28,166.89347,192.05067,120.71076,12,278055042793,28,Technology,961.005,1085349436950,21404669
2026-08-14,MU,2027-08-28,154.66622,216.83453,129.3148,23,249491340729,32,Technology,961.005,1085349436950,21404669
2026-08-14,MUFG,2031-03-31,358.69403,375.38612,343.37865,1,15125966593945,1,Financial Services,22.995,259311685897,1722218
2026-08-14,MUFG,2030-03-31,346.38348,362.50269,331.59373,1,29350884030845,2,Financial Services,22.995,259311685897,1722218
2026-08-14,MUFG,2029-03-31,293.89027,307.56667,281.34186,1,7191759038401,1,Financial Services,22.995,259311685897,1722218
2026-08-14,MUFG,2028-03-31,276.67174,291.58219,266.73144,3,6760008455007,3,Financial Services,22.995,259311685897,1722218
2026-08-14,MUR,2030-12-31,3.49,3.87202,3.07154,1,3399000000,2,Energy,34.92,5005782000,794616.44625
2026-08-14,MUR,2029-12-31,2.935,3.25627,2.58309,1,3400000000,2,Energy,34.92,5005782000,794616.44625
2026-08-14,MUR,2028-12-31,3.79574,5.07602,2.05156,4,3283731108,4,Energy,34.92,5005782000,794616.44625
2026-08-14,MUR,2027-12-31,3.05016,5.47493,1.7884,8,3063268646,5,Energy,34.92,5005782000,794616.44625
2026-08-14,MUX,2030-12-31,10.6901,12.57018,8.97904,1,354425562,1,Basic Materials,18.735,1119230774,1803239
2026-08-14,MUX,2029-12-31,1.2369,1.45444,1.03892,1,315323803,1,Basic Materials,18.735,1119230774,1803239
2026-08-14,MUX,2028-12-31,4.30125,5.05772,3.61279,1,567650000,1,Basic Materials,18.735,1119230774,1803239
2026-08-14,MUX,2027-12-31,2.11334,2.48502,1.77508,1,395205500,2,Basic Materials,18.735,1119230774,1803239
2026-08-14,MWH,2030-12-31,2.31,2.40692,2.23416,1,4926785167,5,Financial Services,31.2425,3831897624,835479
2026-08-14,MWH,2029-12-31,2.15,2.24021,2.07941,1,4803841100,3,Financial Services,31.2425,3831897624,835479
2026-08-14,MWH,2028-12-31,1.91988,2.12452,1.54511,4,4697255793,7,Financial Services,31.2425,3831897624,835479
2026-08-14,MWH,2027-12-31,1.7321,2.0838,1.47712,3,4406609251,5,Financial Services,31.2425,3831897624,835479
2026-08-14,MXL,2029-12-31,3.53,3.7822,2.97189,1,1251000000,4,Technology,83.73,7593740882,1797534
2026-08-14,MXL,2028-12-31,3.09167,3.95657,1.6629,3,1114785333,6,Technology,83.73,7593740882,1797534
2026-08-14,MXL,2027-12-31,2.58273,2.81387,2.38174,6,940735000,8,Technology,83.73,7593740882,1797534
2026-08-14,MXL,2026-12-31,1.67546,1.71398,1.6562,5,725233583,7,Technology,83.73,7593740882,1797534
2026-08-14,NAMS,2030-12-31,3.226,11.97624,-0.04430981,3,1138065545,6,Healthcare,26.7368,3125638306,569275.53943
2026-08-14,NAMS,2029-12-31,1.50455,5.58551,-0.02066532,3,777762317,11,Healthcare,26.7368,3125638306,569275.53943
2026-08-14,NAMS,2028-12-31,-0.35089,5.28282,-2.97905,9,402390553,13,Healthcare,26.7368,3125638306,569275.53943
2026-08-14,NAMS,2027-12-31,-1.50815,3.82713,-4.20012,9,156504816,11,Healthcare,26.7368,3125638306,569275.53943
2026-08-14,NAVN,2029-01-31,0.576,1.27326,-0.12126,2,1363437946,7,Technology,29.295,7002283251,986634
2026-08-14,NAVN,2028-01-31,0.38498,0.42623,0.32998,7,1126867111,10,Technology,29.295,7002283251,986634
2026-08-14,NAVN,2027-01-31,0.25359,0.27472,0.21133,7,911229293,11,Technology,29.295,7002283251,986634
2026-08-14,NAVN,2026-01-31,-0.22807,-0.14757,-0.30857,6,686509578,8,Technology,29.295,7002283251,986634
2026-08-14,NBIS,2030-12-31,2.68,3.80687,1.91612,2,53967300000,6,Technology,271.91,65258400000,20680227.56411
2026-08-14,NBIS,2029-12-31,-4.795,-3.42828,-6.81117,3,36886000000,10,Technology,271.91,65258400000,20680227.56411
2026-08-14,NBIS,2028-12-31,-2.71772,-1.94309,-3.86045,3,21611198960,5,Technology,271.91,65258400000,20680227.56411
2026-08-14,NBIS,2027-12-31,-3.5671,27.14098,-27.70965,6,11608423259,12,Technology,271.91,65258400000,20680227.56411
2026-08-14,NBIX,2030-12-31,14.80454,17.06725,13.46745,13,5635972868,15,Healthcare,153.09,15393196897,855148
2026-08-14,NBIX,2029-12-31,13.42228,15.47373,12.21003,13,5263115860,9,Healthcare,153.09,15393196897,855148
2026-08-14,NBIX,2028-12-31,12.52771,19.0225,8.27233,16,5068701226,19,Healthcare,153.09,15393196897,855148
2026-08-14,NBIX,2027-12-31,9.79459,11.30772,7.73782,14,4505857805,18,Healthcare,153.09,15393196897,855148
2026-08-14,NCLH,2030-12-31,3.19333,3.37994,3.0789,1,12859333333,6,Consumer Cyclical,19.075,8757523250,6652425
2026-08-14,NCLH,2029-12-31,3.08525,3.26555,2.9747,1,12138320486,10,Consumer Cyclical,19.075,8757523250,6652425
2026-08-14,NCLH,2028-12-31,2.21823,2.38082,2.12532,3,11315377117,12,Consumer Cyclical,19.075,8757523250,6652425
2026-08-14,NCLH,2027-12-31,1.80725,1.98888,1.6347,14,10594046843,18,Consumer Cyclical,19.075,8757523250,6652425
2026-08-14,NCNO,2029-01-31,1.70684,1.7281,1.68263,1,763974748,5,Technology,20.5225,2248300416,1266338.04064
2026-08-14,NCNO,2028-01-31,1.49366,1.55942,1.35275,8,701760671,10,Technology,20.5225,2248300416,1266338.04064
2026-08-14,NCNO,2027-01-31,1.27385,1.31245,1.21595,7,644685246,10,Technology,20.5225,2248300416,1266338.04064
2026-08-14,NCNO,2026-01-31,0.90527,0.91655,0.88537,11,593028694,11,Technology,20.5225,2248300416,1266338.04064
2026-08-14,NDAQ,2030-12-31,6.15,6.28061,5.99369,1,7563000000,4,Financial Services,97.1063,54280224379,504767.79951
2026-08-14,NDAQ,2029-12-31,5.94191,6.0681,5.79089,1,7500573097,4,Financial Services,97.1063,54280224379,504767.79951
2026-08-14,NDAQ,2028-12-31,5.31376,5.75027,5.06081,5,6978000490,9,Financial Services,97.1063,54280224379,504767.79951
2026-08-14,NDAQ,2027-12-31,4.65337,5.08276,4.40373,10,6418961142,11,Financial Services,97.1063,54280224379,504767.79951
2026-08-14,NEA,2025-10-31,0.9,0.9,0.9,1,126800000,1,Financial Services,11.345,3391007476,939362
2026-08-14,NEA,2024-10-31,0.81354,0.81354,0.81354,1,119735500,1,Financial Services,11.345,3391007476,939362
2026-08-14,NEA,2023-10-31,0.7491,0.7491,0.7491,1,110400000,1,Financial Services,11.345,3391007476,939362
2026-08-14,NEE,2030-12-31,5.63257,6.42452,4.84948,4,42577804160,7,Utilities,86.23,179873899669,3808892
2026-08-14,NEE,2029-12-31,5.17274,5.90004,4.45358,4,39287535960,10,Utilities,86.23,179873899669,3808892
2026-08-14,NEE,2028-12-31,4.76214,5.02597,4.5446,10,36888841872,15,Utilities,86.23,179873899669,3808892
2026-08-14,NEE,2027-12-31,4.40569,4.48634,4.26455,15,33971337343,13,Utilities,86.23,179873899669,3808892
2026-08-14,NEM,2030-12-31,9.02,11.41638,7.97635,4,24669168000,8,Basic Materials,117.975,124309345671,3146929
2026-08-14,NEM,2029-12-31,10.96245,13.87489,9.69405,4,30422644093,13,Basic Materials,117.975,124309345671,3146929
2026-08-14,NEM,2028-12-31,11.82976,18.11208,7.56696,11,29764036119,17,Basic Materials,117.975,124309345671,3146929
2026-08-14,NEM,2027-12-31,10.6513,12.8389,8.66546,12,28989104164,13,Basic Materials,117.975,124309345671,3146929
2026-08-14,NEOG,2031-05-31,0.54,0.55952,0.52174,1,995600000,1,Healthcare,11.5921,2527726958,655408.12895
2026-08-14,NEOG,2030-05-31,0.5,0.51807,0.48309,1,964800000,1,Healthcare,11.5921,2527726958,655408.12895
2026-08-14,NEOG,2029-05-31,0.46,0.47663,0.44444,1,895950000,2,Healthcare,11.5921,2527726958,655408.12895
2026-08-14,NEOG,2028-05-31,0.41,0.43733,0.38267,2,851300000,4,Healthcare,11.5921,2527726958,655408.12895
2026-08-14,NESR,2028-12-31,3.32119,4.05938,2.58299,2,2792412342,3,Energy,36.2566,3656378586,940021.23613
2026-08-14,NESR,2027-12-31,2.48956,2.68255,2.32552,5,2335937779,5,Energy,36.2566,3656378586,940021.23613
2026-08-14,NESR,2026-12-31,1.70667,1.82437,1.61839,5,1897344441,5,Energy,36.2566,3656378586,940021.23613
2026-08-14,NESR,2025-12-31,0.75775,0.77769,0.74778,5,1296248425,5,Energy,36.2566,3656378586,940021.23613
2026-08-14,NET,2030-12-31,0,0,0,1,6738400000,7,Technology,319.19,113293148900,2042783
2026-08-14,NET,2029-12-31,3.4277,3.64317,3.32563,1,5526797143,10,Technology,319.19,113293148900,2042783
2026-08-14,NET,2028-12-31,2.20016,8.18496,-6.27159,4,4580641323,15,Technology,319.19,113293148900,2042783
2026-08-14,NET,2027-12-31,1.59062,1.92398,1.34298,18,3594458735,25,Technology,319.19,113293148900,2042783
2026-08-14,NFLX,2030-12-31,6.4425,6.58548,6.29169,19,72235308755,26,Communication Services,77.9654,324643247598,17047600.55999
2026-08-14,NFLX,2029-12-31,5.445,5.56584,5.31754,14,67079340801,25,Communication Services,77.9654,324643247598,17047600.55999
2026-08-14,NFLX,2028-12-31,4.57064,5.10891,3.81666,30,62487662862,33,Communication Services,77.9654,324643247598,17047600.55999
2026-08-14,NFLX,2027-12-31,3.81565,4.07468,3.58651,34,56788795374,35,Communication Services,77.9654,324643247598,17047600.55999
2026-08-14,NI,2030-12-31,3.01667,3.13808,2.91032,4,9389420000,2,Utilities,42.595,20421714641,2107524
2026-08-14,NI,2029-12-31,2.75375,2.86458,2.65667,2,8786380000,2,Utilities,42.595,20421714641,2107524
2026-08-14,NI,2028-12-31,2.47851,2.53152,2.44147,7,7951073666,5,Utilities,42.595,20421714641,2107524
2026-08-14,NI,2027-12-31,2.25071,2.40865,2.17174,10,7478408448,4,Utilities,42.595,20421714641,2107524
2026-08-14,NIQ,2028-12-31,1.45165,1.45609,1.44741,1,4938871274,5,Technology,17.41,5138323854,859125
2026-08-14,NIQ,2027-12-31,1.20725,1.33695,1.0975,8,4705620480,10,Technology,17.41,5138323854,859125
2026-08-14,NIQ,2026-12-31,0.97839,0.98837,0.96841,8,4475561755,10,Technology,17.41,5138323854,859125
2026-08-14,NIQ,2025-12-31,0.30528,0.32436,0.24804,8,4178282790,8,Technology,17.41,5138323854,859125
2026-08-14,NKE,2030-05-31,4.25,4.59074,4.03885,5,58265000000,8,Consumer Cyclical,40.935,60576072495,9882992
2026-08-14,NKE,2029-05-31,2.37891,3.72492,1.44751,13,48652977927,16,Consumer Cyclical,40.935,60576072495,9882992
2026-08-14,NKE,2028-05-31,2.18409,3.7176,1.57998,25,47381809129,27,Consumer Cyclical,40.935,60576072495,9882992
2026-08-14,NKE,2027-05-31,1.73103,2.28814,1.49227,24,45705831896,29,Consumer Cyclical,40.935,60576072495,9882992
2026-08-14,NLY,2028-12-31,3.01746,3.37291,2.7184,1,2716575932,1,Real Estate,23.33,17584147620,3054987.66187
2026-08-14,NLY,2027-12-31,3.12351,3.16408,3.08294,8,2872353725,3,Real Estate,23.33,17584147620,3054987.66187
2026-08-14,NLY,2026-12-31,3.09456,3.11459,3.07453,8,2546575438,3,Real Estate,23.33,17584147620,3054987.66187
2026-08-14,NLY,2025-12-31,2.90866,3.2513,2.89863,5,1845477278,3,Real Estate,23.33,17584147620,3054987.66187
2026-08-14,NMAX,2028-12-31,0.82,0.83608,0.80392,1,288296000,1,Communication Services,11.41,1026002581,4646225.56989
2026-08-14,NMAX,2027-12-31,0.18,0.18353,0.17647,1,236891500,1,Communication Services,11.41,1026002581,4646225.56989
2026-08-14,NMAX,2026-12-31,-0.065,-0.06372536,-0.06627464,1,213350000,1,Communication Services,11.41,1026002581,4646225.56989
2026-08-14,NMAX,2025-12-31,-1.09,-1.06863,-1.11137,1,180300000,1,Communication Services,11.41,1026002581,4646225.56989
2026-08-14,NN,2027-12-31,-0.53,-0.49046,-0.56954,1,3200000,1,Technology,19.455,2654380648,1215519.80031
2026-08-14,NN,2026-12-31,-0.475,-0.40573,-0.54427,2,3787500,2,Technology,19.455,2654380648,1215519.80031
2026-08-14,NN,2025-12-31,-1,-0.92539,-1.07461,1,4485000,2,Technology,19.455,2654380648,1215519.80031
2026-08-14,NN,2024-12-31,-0.74,-0.72,-0.76,2,5484000,2,Technology,19.455,2654380648,1215519.80031
2026-08-14,NNE,2030-09-30,-1.98333,-0.85302,-2.74055,1,118665667,1,Industrials,19.79,1062686230,1258012.65786
2026-08-14,NNE,2029-09-30,-1.99333,-0.85732,-2.75437,1,22326667,1,Industrials,19.79,1062686230,1258012.65786
2026-08-14,NNE,2028-09-30,-1.86276,-1.70978,-2.01574,2,7547675,3,Industrials,19.79,1062686230,1258012.65786
2026-08-14,NNE,2027-09-30,-1.38745,-1.21721,-1.54067,5,5428792,5,Industrials,19.79,1062686230,1258012.65786
2026-08-14,NOG,2030-12-31,4.89,5.51862,4.12545,1,2579000000,2,Energy,24.75,2692407812,1013359
2026-08-14,NOG,2029-12-31,4.59667,5.18758,3.87799,1,2540000000,2,Energy,24.75,2692407812,1013359
2026-08-14,NOG,2028-12-31,3.9315,4.30377,3.49568,3,2378949603,5,Energy,24.75,2692407812,1013359
2026-08-14,NOG,2027-12-31,3.57698,4.21949,2.9057,5,2246629850,4,Energy,24.75,2692407812,1013359
2026-08-14,NOK,2030-12-31,0.62632,0.66104,0.59944,4,24832291586,7,Technology,10.635,57438486420,42595739
2026-08-14,NOK,2029-12-31,0.49907,0.52673,0.47765,2,24419712476,10,Technology,10.635,57438486420,42595739
2026-08-14,NOK,2028-12-31,0.4725,0.49869,0.45222,4,23652992659,6,Technology,10.635,57438486420,42595739
2026-08-14,NOK,2027-12-31,0.40636,0.48763,0.37385,7,22171552253,15,Technology,10.635,57438486420,42595739
2026-08-14,NOMD,2030-12-31,1.84306,1.85529,1.83409,1,3024964481,1,Consumer Defensive,11.86,1657921260,563247
2026-08-14,NOMD,2029-12-31,1.80076,1.81271,1.79199,1,3024964481,1,Consumer Defensive,11.86,1657921260,563247
2026-08-14,NOMD,2028-12-31,1.78343,1.79526,1.77475,1,3027093729,2,Consumer Defensive,11.86,1657921260,563247
2026-08-14,NOMD,2027-12-31,1.61335,1.63051,1.58761,3,3016050575,3,Consumer Defensive,11.86,1657921260,563247
2026-08-14,NOV,2030-12-31,1.92,1.98875,1.79704,4,10062000000,4,Energy,21.21,7560901031,804689.85937
2026-08-14,NOV,2029-12-31,1.76,1.82302,1.64729,2,9784000000,4,Energy,21.21,7560901031,804689.85937
2026-08-14,NOV,2028-12-31,1.46952,1.86893,1.15019,7,9503997759,9,Energy,21.21,7560901031,804689.85937
2026-08-14,NOV,2027-12-31,1.30338,1.49938,0.94079,13,9097000281,14,Energy,21.21,7560901031,804689.85937
2026-08-14,NOW,2030-12-31,8.50814,8.9393,8.3581,5,31020899160,26,Technology,125.21,129449861020,10045600.41528
2026-08-14,NOW,2029-12-31,7.09853,7.45825,6.97335,10,26718787868,25,Technology,125.21,129449861020,10045600.41528
2026-08-14,NOW,2028-12-31,6.09114,9.13088,3.6299,13,22817022583,33,Technology,125.21,129449861020,10045600.41528
2026-08-14,NOW,2027-12-31,5.01824,5.25047,4.39222,26,19244731427,35,Technology,125.21,129449861020,10045600.41528
2026-08-14,NRG,2030-12-31,18.28369,23.03253,14.22883,2,38714536600,6,Utilities,125.275,26431271150,681617
2026-08-14,NRG,2029-12-31,15.24738,19.20759,11.8659,3,37720624200,6,Utilities,125.275,26431271150,681617
2026-08-14,NRG,2028-12-31,12.86679,15.30927,10.02627,6,37828241272,8,Utilities,125.275,26431271150,681617
2026-08-14,NRG,2027-12-31,10.93369,11.69519,10.45422,7,36246589390,6,Utilities,125.275,26431271150,681617
2026-08-14,NTAP,2029-04-24,10.52353,10.93973,10.23942,1,8286749271,5,Technology,207.5319,40724814865,1064698.23279
2026-08-14,NTAP,2028-04-24,9.84469,10.49625,9.19313,12,7887807474,14,Technology,207.5319,40724814865,1064698.23279
2026-08-14,NTAP,2027-04-24,8.90899,9.03941,8.85883,12,7479601462,14,Technology,207.5319,40724814865,1064698.23279
2026-08-14,NTAP,2026-04-24,7.98287,8.02288,7.95286,13,6848027374,12,Technology,207.5319,40724814865,1064698.23279
2026-08-14,NTES,2029-12-31,86.46121,91.84195,79.88381,5,154844266553,12,Technology,125.025,79818627283,640019
2026-08-14,NTES,2028-12-31,78.15152,84.06732,72.402,8,140552381254,25,Technology,125.025,79818627283,640019
2026-08-14,NTES,2027-12-31,71.73947,75.041,70.29505,13,130765826567,23,Technology,125.025,79818627283,640019
2026-08-14,NTES,2026-12-31,65.02231,66.67193,63.16649,13,121125826534,23,Technology,125.025,79818627283,640019
2026-08-14,NTLA,2030-12-31,9.84236,96.48547,-2.46671,3,2958087825,5,Healthcare,11.8095,1650050148,1389846.05777
2026-08-14,NTLA,2029-12-31,4.47283,43.84752,-1.12099,3,1874439212,5,Healthcare,11.8095,1650050148,1389846.05777
2026-08-14,NTLA,2028-12-31,-0.53993,43.61732,-10.04288,9,716455523,11,Healthcare,11.8095,1650050148,1389846.05777
2026-08-14,NTLA,2027-12-31,-1.78913,34.0724,-8.18264,13,277631799,13,Healthcare,11.8095,1650050148,1389846.05777
2026-08-14,NTNX,2028-07-31,2.54569,3.03768,2.27826,5,3596920169,14,Technology,66.82,18062782400,1080973.1235
2026-08-14,NTNX,2027-07-31,2.18918,2.33107,1.96621,12,3196858113,16,Technology,66.82,18062782400,1080973.1235
2026-08-14,NTNX,2026-07-31,1.92684,1.97728,1.69481,12,2834122985,16,Technology,66.82,18062782400,1080973.1235
2026-08-14,NTNX,2025-07-31,1.73817,1.91902,1.66784,14,2527203920,13,Technology,66.82,18062782400,1080973.1235
2026-08-14,NTR,2030-12-31,5.16412,5.62234,4.91881,1,27622021706,6,Basic Materials,68.085,32682403266,860951
2026-08-14,NTR,2029-12-31,4.89809,5.3327,4.66542,1,28036245667,6,Basic Materials,68.085,32682403266,860951
2026-08-14,NTR,2028-12-31,4.55899,5.16003,4.0198,5,27054659123,8,Basic Materials,68.085,32682403266,860951
2026-08-14,NTR,2027-12-31,5.16591,5.66283,4.38947,13,27483230750,12,Basic Materials,68.085,32682403266,860951
2026-08-14,NTRA,2030-12-31,5.26747,5.52366,5.03772,11,5588410375,14,Healthcare,310.45,44461096750,831735.32551
2026-08-14,NTRA,2029-12-31,2.4272,2.54525,2.32133,7,4726776033,14,Healthcare,310.45,44461096750,831735.32551
2026-08-14,NTRA,2028-12-31,1.52171,4.57229,-1.19989,14,4014923687,16,Healthcare,310.45,44461096750,831735.32551
2026-08-14,NTRA,2027-12-31,-0.29834,0.59668,-0.99447,12,3328214778,15,Healthcare,310.45,44461096750,831735.32551
2026-08-14,NTSK,2029-01-31,0.1426,0.15565,0.11946,3,1285767490,6,Technology,15.905,6424406003,2170430.90079
2026-08-14,NTSK,2028-01-31,0.021628,0.05407,-0.032442,6,1071067562,15,Technology,15.905,6424406003,2170430.90079
2026-08-14,NTSK,2027-01-31,-0.17928,-0.17443,-0.18364,9,881208357,13,Technology,15.905,6424406003,2170430.90079
2026-08-14,NTSK,2026-01-31,-0.533625,-0.53229,-0.53496,10,702071087,11,Technology,15.905,6424406003,2170430.90079
2026-08-14,NU,2029-12-31,1.77851,1.97251,1.57757,4,30913432744,1,Financial Services,15.17,73470130400,125670924
2026-08-14,NU,2028-12-31,1.44268,1.83527,1.2062,10,31993510044,3,Financial Services,15.17,73470130400,125670924
2026-08-14,NU,2027-12-31,1.11225,1.25733,0.8898,11,27095436547,7,Financial Services,15.17,73470130400,125670924
2026-08-14,NU,2026-12-31,0.84441,0.90545,0.7325,11,22326020078,5,Financial Services,15.17,73470130400,125670924
2026-08-14,NVDA,2031-01-25,20,23.72657,15.6918,12,1005000000000,21,Technology,225.136,5453019056000,47889649
2026-08-14,NVDA,2030-01-25,12.29,14.57998,9.64261,11,774228304289,13,Technology,225.136,5453019056000,47889649
2026-08-14,NVDA,2029-01-25,15.3216,18.015,13.53041,16,686664195152,27,Technology,225.136,5453019056000,47889649
2026-08-14,NVDA,2028-01-25,12.77625,14.84972,9.80834,31,563601060724,40,Technology,225.136,5453019056000,47889649
2026-08-14,NVO,2030-12-31,27.85078,31.53301,24.93286,5,364398879458,14,Healthcare,46.2,205156118059,6533960
2026-08-14,NVO,2029-12-31,26.53793,30.04658,23.75756,5,347104146873,14,Healthcare,46.2,205156118059,6533960
2026-08-14,NVO,2028-12-31,23.46469,26.56702,21.0063,6,320627161676,13,Healthcare,46.2,205156118059,6533960
2026-08-14,NVO,2027-12-31,21.72618,24.50819,20.53389,8,301832502425,16,Healthcare,46.2,205156118059,6533960
2026-08-14,NVS,2030-12-31,13.142,13.75446,12.73705,5,71451857143,6,Healthcare,151.32,287616169589,1216725
2026-08-14,NVS,2029-12-31,11.84374,12.39569,11.47879,5,68223184361,11,Healthcare,151.32,287616169589,1216725
2026-08-14,NVS,2028-12-31,10.87114,11.37777,10.53616,6,64887762515,7,Healthcare,151.32,287616169589,1216725
2026-08-14,NVS,2027-12-31,9.80991,9.98973,9.71001,8,60765203972,13,Healthcare,151.32,287616169589,1216725
2026-08-14,NVST,2029-12-31,1.97333,2.01952,1.9325,1,3173033333,5,Healthcare,28.265,4599504744,977722.86303
2026-08-14,NVST,2028-12-31,1.80138,2.11624,1.22236,4,3082588272,11,Healthcare,28.265,4599504744,977722.86303
2026-08-14,NVST,2027-12-31,1.64767,1.67956,1.61578,10,2974925255,12,Healthcare,28.265,4599504744,977722.86303
2026-08-14,NVST,2026-12-31,1.51525,1.54726,1.48324,7,2874395977,12,Healthcare,28.265,4599504744,977722.86303
2026-08-14,NVT,2030-12-31,10.11,11.13806,9.2239,1,9356000000,5,Industrials,171.43,27723659600,576849
2026-08-14,NVT,2029-12-31,8.42357,9.28014,7.68528,1,7819166667,5,Industrials,171.43,27723659600,576849
2026-08-14,NVT,2028-12-31,7.65855,8.00081,7.45409,3,7330848787,10,Industrials,171.43,27723659600,576849
2026-08-14,NVT,2027-12-31,6.39358,7.08264,6.0434,9,6386505381,13,Industrials,171.43,27723659600,576849
2026-08-14,NVTS,2030-12-31,0.35,0.41667,0.31192,1,500000000,5,Technology,14.3647,3750522617,12812252.11817
2026-08-14,NVTS,2029-12-31,-0.08,-0.07129554,-0.09523954,1,200000000,3,Technology,14.3647,3750522617,12812252.11817
2026-08-14,NVTS,2028-12-31,-0.061717,-0.02780045,-0.13251,5,123899792,7,Technology,14.3647,3750522617,12812252.11817
2026-08-14,NVTS,2027-12-31,-0.12666,-0.10133,-0.14355,5,74248515,6,Technology,14.3647,3750522617,12812252.11817
2026-08-14,NWG,2030-12-31,2.82719,2.94074,2.7337,1,29778561450,5,Financial Services,19.085,37993155604,2288133.14052
2026-08-14,NWG,2029-12-31,2.6718,2.77911,2.58345,1,28841965560,5,Financial Services,19.085,37993155604,2288133.14052
2026-08-14,NWG,2028-12-31,2.43682,2.53469,2.35624,2,27518691144,4,Financial Services,19.085,37993155604,2288133.14052
2026-08-14,NWG,2027-12-31,2.2117,2.34732,1.99262,5,26342989192,10,Financial Services,19.085,37993155604,2288133.14052
2026-08-14,NWSA,2030-06-30,2.2259,2.27954,2.16577,1,11176760995,4,Communication Services,29.0325,16296868009,713121.9955
2026-08-14,NWSA,2029-06-30,1.68408,1.89402,1.47414,2,10150578260,5,Communication Services,29.0325,16296868009,713121.9955
2026-08-14,NWSA,2028-06-30,1.53167,1.80631,1.32041,4,9741951610,8,Communication Services,29.0325,16296868009,713121.9955
2026-08-14,NWSA,2027-06-30,1.31873,1.5258,1.08986,4,9364275899,9,Communication Services,29.0325,16296868009,713121.9955
2026-08-14,NXE,2030-12-31,-0.26681,-0.26681,-0.26681,1,359798556,4,Energy,10.385,6873924965,1312897
2026-08-14,NXE,2029-12-31,-0.22576,-0.22576,-0.22576,1,26729726,4,Energy,10.385,6873924965,1312897
2026-08-14,NXE,2028-12-31,-0.28234,-0.19198,-0.49062,5,727502914,9,Energy,10.385,6873924965,1312897
2026-08-14,NXE,2027-12-31,-0.22873,-0.10397,-0.36389,6,2246622,11,Energy,10.385,6873924965,1312897
2026-08-14,NXPI,2030-12-31,22.29,23.28291,21.2572,3,18637000000,8,Technology,232.82,58708862991,1132673.9801
2026-08-14,NXPI,2029-12-31,22.605,23.61194,21.5576,3,18247500000,13,Technology,232.82,58708862991,1132673.9801
2026-08-14,NXPI,2028-12-31,21.05484,22.753,18.82767,9,17233789820,17,Technology,232.82,58708862991,1132673.9801
2026-08-14,NXPI,2027-12-31,18.19448,20.34029,15.96883,18,15920983678,21,Technology,232.82,58708862991,1132673.9801
2026-08-14,NXT,2031-03-31,9.22,9.87878,8.53648,4,7546500000,3,Technology,103.0876,15633570606,795878.39766
2026-08-14,NXT,2030-03-31,8.00068,8.57234,7.40756,3,6780294655,4,Technology,103.0876,15633570606,795878.39766
2026-08-14,NXT,2029-03-31,6.90493,8.46122,5.53301,8,5889864042,9,Technology,103.0876,15633570606,795878.39766
2026-08-14,NXT,2028-03-31,5.6515,6.43643,5.3179,11,5058345699,13,Technology,103.0876,15633570606,795878.39766
2026-08-14,NYT,2030-12-31,3.4,3.4395,3.32192,1,3701000000,2,Communication Services,64.93,10544696216,590293.41536
2026-08-14,NYT,2029-12-31,3.18,3.21695,3.10697,1,3547000000,2,Communication Services,64.93,10544696216,590293.41536
2026-08-14,NYT,2028-12-31,3.40381,3.44336,3.32564,1,3527721731,5,Communication Services,64.93,10544696216,590293.41536
2026-08-14,NYT,2027-12-31,3.12463,3.27019,3.00818,5,3326145729,6,Communication Services,64.93,10544696216,590293.41536
2026-08-14,O,2030-12-31,0,0,0,1,5825092541,2,Real Estate,62.92,58672459560,2097078
2026-08-14,O,2029-12-31,2.19,2.3874,1.97016,1,7164349071,2,Real Estate,62.92,58672459560,2097078
2026-08-14,O,2028-12-31,1.77092,1.98311,1.64152,5,6660654847,4,Real Estate,62.92,58672459560,2097078
2026-08-14,O,2027-12-31,1.76446,1.81816,1.74528,6,6110765108,6,Real Estate,62.92,58672459560,2097078
2026-08-14,OBDC,2028-12-31,1.25875,1.28324,1.23426,2,1549439400,2,Financial Services,11.795,5853922476,2145713
2026-08-14,OBDC,2027-12-31,1.30552,1.38586,1.25531,10,1591148276,9,Financial Services,11.795,5853922476,2145713
2026-08-14,OBDC,2026-12-31,1.27369,1.28372,1.25363,10,1579047203,9,Financial Services,11.795,5853922476,2145713
2026-08-14,OBDC,2025-12-31,1.53568,1.57609,1.51547,9,1847837907,7,Financial Services,11.795,5853922476,2145713
2026-08-14,OCFC,2028-12-31,2.75,2.78388,2.70968,1,371169930,1,Financial Services,19.74,1190135793,505306.72988
2026-08-14,OCFC,2027-12-31,2.31407,2.41381,2.19438,6,755623400,4,Financial Services,19.74,1190135793,505306.72988
2026-08-14,OCFC,2026-12-31,1.86246,1.943,1.81212,3,600602983,2,Financial Services,19.74,1190135793,505306.72988
2026-08-14,OCFC,2025-12-31,1.39885,1.42883,1.35888,4,402362000,3,Financial Services,19.74,1190135793,505306.72988
2026-08-14,OCTV,2030-12-31,0,0,0,1,2185100000,5,Technology,18.785,5042603735,1932859.97694
2026-08-14,OCTV,2029-12-31,1.74935,1.81319,1.64611,1,1956486114,3,Technology,18.785,5042603735,1932859.97694
2026-08-14,OCTV,2028-12-31,1.41733,1.81711,1.13908,3,1866042005,7,Technology,18.785,5042603735,1932859.97694
2026-08-14,OCTV,2027-12-31,1.3231,1.42285,1.2222,5,1751717939,8,Technology,18.785,5042603735,1932859.97694
2026-08-14,ODFL,2030-12-31,9.61,10.14658,9.04753,4,7946000000,5,Industrials,211.59,44004009000,601010
2026-08-14,ODFL,2029-12-31,8.42,8.89013,7.92718,2,7066313676,5,Industrials,211.59,44004009000,601010
2026-08-14,ODFL,2028-12-31,7.66171,7.97337,7.39734,7,6915549863,10,Industrials,211.59,44004009000,601010
2026-08-14,ODFL,2027-12-31,6.64436,7.21819,6.24167,16,6359260304,15,Industrials,211.59,44004009000,601010
2026-08-14,OGN,2030-12-31,3.9,4.01269,3.74672,1,6505000000,2,Healthcare,13.715,3601682421,733013.66451
2026-08-14,OGN,2029-12-31,3.8,3.9098,3.65065,1,6460000000,2,Healthcare,13.715,3601682421,733013.66451
2026-08-14,OGN,2028-12-31,3.82101,3.93141,3.67084,1,6245367766,4,Healthcare,13.715,3601682421,733013.66451
2026-08-14,OGN,2027-12-31,3.61456,3.8048,3.41431,4,6230237625,4,Healthcare,13.715,3601682421,733013.66451
2026-08-14,OHI,2030-12-31,0,0,0,0,1140692000,2,Real Estate,46.61,13941563710,854462
2026-08-14,OHI,2029-12-31,1.98,2.21875,1.83665,1,1222045500,2,Real Estate,46.61,13941563710,854462
2026-08-14,OHI,2028-12-31,2.08336,2.17559,1.99114,2,1216323377,5,Real Estate,46.61,13941563710,854462
2026-08-14,OHI,2027-12-31,2.02245,2.08392,1.97327,5,1135303378,6,Real Estate,46.61,13941563710,854462
2026-08-14,OKE,2030-12-31,7.5613,9.798,5.94492,4,36690000000,6,Energy,94.47,59529987090,1283904
2026-08-14,OKE,2029-12-31,7.09332,9.19159,5.57698,4,36027500000,6,Energy,94.47,59529987090,1283904
2026-08-14,OKE,2028-12-31,6.91086,7.78906,6.47913,10,40680516706,8,Energy,94.47,59529987090,1283904
2026-08-14,OKE,2027-12-31,6.23746,7.08527,5.87411,12,39603124343,7,Energy,94.47,59529987090,1283904
2026-08-14,OKLO,2030-12-31,-0.10547,-0.00285709,-0.21477,5,286163467,6,Utilities,44.97,7824374685,4282553
2026-08-14,OKLO,2029-12-31,-0.66903,-0.01812344,-1.36235,9,164355301,11,Utilities,44.97,7824374685,4282553
2026-08-14,OKLO,2028-12-31,-0.94025,-0.24403,-1.35231,12,68935953,13,Utilities,44.97,7824374685,4282553
2026-08-14,OKLO,2027-12-31,-0.83805,-0.23796,-1.1174,15,8616817,11,Utilities,44.97,7824374685,4282553
2026-08-14,OKTA,2031-01-31,5.35,5.58034,5.24114,2,4417800000,9,Technology,148.454,24661178480,1346723.16217
2026-08-14,OKTA,2030-01-31,4.9,5.11097,4.8003,1,4103700000,7,Technology,148.454,24661178480,1346723.16217
2026-08-14,OKTA,2029-01-31,4.8341,5.93674,4.14377,4,3873769678,15,Technology,148.454,24661178480,1346723.16217
2026-08-14,OKTA,2028-01-31,4.26202,4.92765,4.02359,24,3502603652,32,Technology,148.454,24661178480,1346723.16217
2026-08-14,OLLI,2029-01-31,5.70317,5.80828,5.54412,1,3651782152,4,Consumer Defensive,76.6402,4633152390,531461.85041
2026-08-14,OLLI,2028-01-31,5.05086,5.21184,4.63834,9,3296613756,11,Consumer Defensive,76.6402,4633152390,531461.85041
2026-08-14,OLLI,2027-01-31,4.4545,4.53458,4.2543,9,2968617781,11,Consumer Defensive,76.6402,4633152390,531461.85041
2026-08-14,OLLI,2026-01-31,3.8699,3.92003,3.8298,10,2653232106,9,Consumer Defensive,76.6402,4633152390,531461.85041
2026-08-14,OLMA,2030-12-31,0.3475,0.62292,0.15459,1,536615000,5,Healthcare,10.5555,921996230,557265.91266
2026-08-14,OLMA,2029-12-31,-1.0925,-0.48601,-1.95839,1,294797500,3,Healthcare,10.5555,921996230,557265.91266
2026-08-14,OLMA,2028-12-31,-1.85253,-0.99691,-2.79134,4,132351255,7,Healthcare,10.5555,921996230,557265.91266
2026-08-14,OLMA,2027-12-31,-2.39853,-2.23004,-2.75534,7,23122684,8,Healthcare,10.5555,921996230,557265.91266
2026-08-14,OLN,2028-12-31,1.82064,3.20681,0.45039,6,7713636948,9,Basic Materials,19.005,2166227910,1256030.29945
2026-08-14,OLN,2027-12-31,0.89347,1.43239,-0.52474,7,7363651878,10,Basic Materials,19.005,2166227910,1256030.29945
2026-08-14,OLN,2026-12-31,0.008399,0.01659315,0.00184368,5,7064769003,6,Basic Materials,19.005,2166227910,1256030.29945
2026-08-14,OLN,2025-12-31,-0.19737,0.16448,-0.32895,5,6653917907,9,Basic Materials,19.005,2166227910,1256030.29945
2026-08-14,OMC,2030-12-31,16.54,17.08574,15.96486,2,27235500000,4,Communication Services,87.585,24028594410,743303
2026-08-14,OMC,2029-12-31,11.96039,12.35502,11.54449,3,26311616753,4,Communication Services,87.585,24028594410,743303
2026-08-14,OMC,2028-12-31,13.38044,14.9271,10.19784,6,26018153777,9,Communication Services,87.585,24028594410,743303
2026-08-14,OMC,2027-12-31,11.91097,12.49917,10.29343,8,25068733480,8,Communication Services,87.585,24028594410,743303
2026-08-14,OMDA,2030-12-31,0,0,0,0,577000000,5,Healthcare,24.1085,1433214283,511848.14486
2026-08-14,OMDA,2029-12-31,0,0,0,0,505000000,3,Healthcare,24.1085,1433214283,511848.14486
2026-08-14,OMDA,2028-12-31,0.75917,0.79053,0.73614,1,467305449,7,Healthcare,24.1085,1433214283,511848.14486
2026-08-14,OMDA,2027-12-31,0.42167,0.43909,0.40888,4,392293886,8,Healthcare,24.1085,1433214283,511848.14486
2026-08-14,OMER,2030-12-31,2.66333,2.94259,2.47153,1,490500000,1,Healthcare,17.2089,1245500247,2210149.96025
2026-08-14,OMER,2029-12-31,1.76333,1.94822,1.63635,1,397333333,1,Healthcare,17.2089,1245500247,2210149.96025
2026-08-14,OMER,2028-12-31,0.90357,0.97608,0.83106,2,265380767,2,Healthcare,17.2089,1245500247,2210149.96025
2026-08-14,OMER,2027-12-31,0.075367,0.08326951,0.06993954,1,143019867,2,Healthcare,17.2089,1245500247,2210149.96025
2026-08-14,ON,2028-12-31,5.96737,6.95498,4.69902,9,8389578523,17,Technology,81.9698,31911826778,2167627.08945
2026-08-14,ON,2027-12-31,4.52988,4.95611,4.31181,20,7392312853,21,Technology,81.9698,31911826778,2167627.08945
2026-08-14,ON,2026-12-31,3.19717,3.43547,2.97873,19,6550446135,22,Technology,81.9698,31911826778,2167627.08945
2026-08-14,ON,2025-12-31,2.33261,2.6489,2.28319,23,6000353413,23,Technology,81.9698,31911826778,2167627.08945
2026-08-14,ONB,2028-12-31,3.21096,3.23857,3.18192,6,3227226713,2,Financial Services,27.15,10386775500,1168947
2026-08-14,ONB,2027-12-31,2.891,2.94172,2.85042,8,3063327906,6,Financial Services,27.15,10386775500,1168947
2026-08-14,ONB,2026-12-31,2.60633,2.62638,2.58628,8,2910039432,6,Financial Services,27.15,10386775500,1168947
2026-08-14,ONB,2025-12-31,2.1648,2.17478,2.14485,7,2540297450,7,Financial Services,27.15,10386775500,1168947
2026-08-14,ONON,2029-12-31,2.2599,2.38294,2.02515,5,5532553325,11,Consumer Cyclical,32.275,10758217133,6237726
2026-08-14,ONON,2028-12-31,2.16662,2.40976,1.75358,8,5232784830,13,Consumer Cyclical,32.275,10758217133,6237726
2026-08-14,ONON,2027-12-31,1.72004,1.88884,1.66378,14,4250654261,20,Consumer Cyclical,32.275,10758217133,6237726
2026-08-14,ONON,2026-12-31,1.39834,1.50162,1.35861,14,3534549153,20,Consumer Cyclical,32.275,10758217133,6237726
2026-08-14,ONTO,2031-01-03,17.645,19.49827,15.60526,1,2772400000,2,Technology,334.39,16633751369,606121
2026-08-14,ONTO,2030-01-03,14.375,15.88482,12.71327,1,2318650000,3,Technology,334.39,16633751369,606121
2026-08-14,ONTO,2029-01-03,11.83667,12.08976,11.5174,3,1914163190,6,Technology,334.39,16633751369,606121
2026-08-14,ONTO,2028-01-03,9.75546,10.96514,8.49701,8,1654083899,8,Technology,334.39,16633751369,606121
2026-08-14,OPLN,2028-12-31,2.22,2.28564,2.14995,3,2561000000,1,Consumer Cyclical,35.955,3809288430,757615
2026-08-14,OPLN,2027-12-31,1.71967,1.97516,1.46418,6,2333400959,6,Consumer Cyclical,35.955,3809288430,757615
2026-08-14,OPLN,2026-12-31,1.43589,1.48575,1.34615,6,2173772878,6,Consumer Cyclical,35.955,3809288430,757615
2026-08-14,OPLN,2025-12-31,1.24697,1.25695,1.20762,5,1910422681,5,Consumer Cyclical,35.955,3809288430,757615
2026-08-14,ORCL,2031-05-31,23.95,25.81107,19.87829,9,257133700000,19,Technology,150.71,434115633700,12201628
2026-08-14,ORCL,2030-05-31,19.76955,21.30577,16.40855,7,218500169954,11,Technology,150.71,434115633700,12201628
2026-08-14,ORCL,2029-05-31,15.44618,18.27444,10.56042,11,180130878021,22,Technology,150.71,434115633700,12201628
2026-08-14,ORCL,2028-05-31,10.92478,12.24311,8.46185,24,130400428002,30,Technology,150.71,434115633700,12201628
2026-08-14,ORKA,2030-12-31,-4.78167,-4.78167,-4.78167,4,75581500,3,Healthcare,109.1127,6580816183,667622.45149
2026-08-14,ORKA,2029-12-31,-4.27667,-4.27667,-4.27667,2,0,0,Healthcare,109.1127,6580816183,667622.45149
2026-08-14,ORKA,2028-12-31,-3.38246,-2.14928,-5.83416,7,0,0,Healthcare,109.1127,6580816183,667622.45149
2026-08-14,ORKA,2027-12-31,-2.51424,-2.31229,-2.97872,7,0,0,Healthcare,109.1127,6580816183,667622.45149
2026-08-14,ORLY,2030-12-31,4.665,4.73726,4.56653,5,23256800000,5,Consumer Cyclical,91.3691,75718943707,1375083
2026-08-14,ORLY,2029-12-31,4.27,4.33614,4.17987,5,22296066667,5,Consumer Cyclical,91.3691,75718943707,1375083
2026-08-14,ORLY,2028-12-31,4.04247,4.21922,3.86519,8,21497344256,11,Consumer Cyclical,91.3691,75718943707,1375083
2026-08-14,ORLY,2027-12-31,3.64996,3.74045,3.55947,18,20252370665,19,Consumer Cyclical,91.3691,75718943707,1375083
2026-08-14,OSCR,2030-12-31,3.03,3.22203,2.55117,1,27433613000,2,Healthcare,32.71,8480822839,4231079
2026-08-14,OSCR,2029-12-31,2.62,2.78605,2.20596,1,24602239000,2,Healthcare,32.71,8480822839,4231079
2026-08-14,OSCR,2028-12-31,2.22,2.50523,1.96564,4,22105626219,5,Healthcare,32.71,8480822839,4231079
2026-08-14,OSCR,2027-12-31,1.55737,2.57653,0.045805,6,19866399510,6,Healthcare,32.71,8480822839,4231079
2026-08-14,OTEX,2029-06-30,0,0,0,1,5247874433,3,Technology,24.465,5936734637,555897.58029
2026-08-14,OTEX,2028-06-30,4.65881,7.36274,3.87782,4,5286704415,6,Technology,24.465,5936734637,555897.58029
2026-08-14,OTEX,2027-06-30,4.41104,4.48037,4.3381,5,5212829221,7,Technology,24.465,5936734637,555897.58029
2026-08-14,OTEX,2026-06-30,4.15073,4.21597,4.08209,5,5112821027,7,Technology,24.465,5936734637,555897.58029
2026-08-14,OTF,2028-12-31,1.235,1.29,1.18,2,1504961000,2,Financial Services,11.45,5297253236,1358188
2026-08-14,OTF,2027-12-31,1.30722,1.34595,1.22007,6,1526741750,6,Financial Services,11.45,5297253236,1358188
2026-08-14,OTF,2026-12-31,1.24998,1.25931,1.23132,6,1369560250,6,Financial Services,11.45,5297253236,1358188
2026-08-14,OTF,2025-12-31,1.34407,1.39709,1.28277,4,1151379225,5,Financial Services,11.45,5297253236,1358188
2026-08-14,OTIS,2030-12-31,6.42,6.53135,6.30992,3,19147000000,6,Industrials,72.8,27712727879,1332605.71902
2026-08-14,OTIS,2029-12-31,5.81298,5.9138,5.71331,3,18103025854,10,Industrials,72.8,27712727879,1332605.71902
2026-08-14,OTIS,2028-12-31,5.12747,5.77761,4.82293,9,16773077880,12,Industrials,72.8,27712727879,1332605.71902
2026-08-14,OTIS,2027-12-31,4.6123,4.71257,4.37166,9,15960055140,10,Industrials,72.8,27712727879,1332605.71902
2026-08-14,OUST,2030-12-31,0,0,0,1,758900000,2,Technology,47.74,3039749020,3170983.52574
2026-08-14,OUST,2029-12-31,0.42,0.43743,0.40044,1,558800000,1,Technology,47.74,3039749020,3170983.52574
2026-08-14,OUST,2028-12-31,0.43865,2.04703,-1.90082,3,387625000,3,Technology,47.74,3039749020,3170983.52574
2026-08-14,OUST,2027-12-31,-0.15472,-0.11204,-0.18406,3,297971429,4,Technology,47.74,3039749020,3170983.52574
2026-08-14,OUT,2028-12-31,1.59034,1.6101,1.57058,2,2119725164,4,Real Estate,30.14,5306554191,527146
2026-08-14,OUT,2027-12-31,1.44508,1.49534,1.41367,3,2042645398,5,Real Estate,30.14,5306554191,527146
2026-08-14,OUT,2026-12-31,1.35226,1.38848,1.33415,3,1988276362,3,Real Estate,30.14,5306554191,527146
2026-08-14,OUT,2025-12-31,0.80452,0.81281,0.80037,3,1831222193,5,Real Estate,30.14,5306554191,527146
2026-08-14,OVV,2030-12-31,8.035,9.73699,6.39207,3,9468500000,3,Energy,63.29,17506014000,1837182
2026-08-14,OVV,2029-12-31,7.178,8.69846,5.7103,3,8965666667,4,Energy,63.29,17506014000,1837182
2026-08-14,OVV,2028-12-31,8.15099,10.41424,4.4297,9,9535571247,6,Energy,63.29,17506014000,1837182
2026-08-14,OVV,2027-12-31,6.89144,9.20326,5.08601,13,9124144352,7,Energy,63.29,17506014000,1837182
2026-08-14,OWL,2029-12-31,1.29115,1.36219,1.22772,1,4145170400,2,Financial Services,12.275,19188442730,6760061
2026-08-14,OWL,2028-12-31,1.1285,1.30404,0.95296,2,3620949946,5,Financial Services,12.275,19188442730,6760061
2026-08-14,OWL,2027-12-31,0.98598,1.0557,0.91626,9,3120006028,8,Financial Services,12.275,19188442730,6760061
2026-08-14,OWL,2026-12-31,0.88526,0.90561,0.87508,8,2824155403,8,Financial Services,12.275,19188442730,6760061
2026-08-14,OXY,2030-12-31,3.97,4.32492,3.64776,2,24040000000,3,Energy,58.53,58215969050,3806883
2026-08-14,OXY,2029-12-31,3.685,4.01444,3.38589,3,24237000000,4,Energy,58.53,58215969050,3806883
2026-08-14,OXY,2028-12-31,3.81679,4.8741,2.67216,6,24110390528,6,Energy,58.53,58215969050,3806883
2026-08-14,OXY,2027-12-31,3.67109,6.31861,2.74594,13,23682002673,6,Energy,58.53,58215969050,3806883
2026-08-14,P,2031-02-01,4.88,5.09825,4.57348,1,7750000000,3,Industrials,117.725,39132378625,2106752
2026-08-14,P,2030-02-01,3.91,4.08487,3.6644,1,6763000000,4,Industrials,117.725,39132378625,2106752
2026-08-14,P,2029-02-01,3.61919,3.78105,3.39186,1,5803887591,8,Industrials,117.725,39132378625,2106752
2026-08-14,P,2028-02-01,3.00257,3.49495,2.73224,13,5160932076,15,Industrials,117.725,39132378625,2106752
2026-08-14,PAA,2030-12-31,2.37,2.60564,2.12924,2,51650373268,5,Energy,23.765,16766967980,990727.56893
2026-08-14,PAA,2029-12-31,2.28,2.50669,2.04838,3,53340000000,3,Energy,23.765,16766967980,990727.56893
2026-08-14,PAA,2028-12-31,2.08948,2.83616,1.17572,6,55110971508,7,Energy,23.765,16766967980,990727.56893
2026-08-14,PAA,2027-12-31,1.80384,2.52316,1.07345,7,53860479672,7,Energy,23.765,16766967980,990727.56893
2026-08-14,PAAS,2030-12-31,2.34904,3.23438,1.84582,1,2960825742,1,Basic Materials,47.365,19957242750,3123052
2026-08-14,PAAS,2029-12-31,2.55009,3.51121,2.0038,1,3052635558,1,Basic Materials,47.365,19957242750,3123052
2026-08-14,PAAS,2028-12-31,4.6634,6.42101,3.66438,1,4661271034,1,Basic Materials,47.365,19957242750,3123052
2026-08-14,PAAS,2027-12-31,4.78921,8.40321,1.97047,7,5060812027,6,Basic Materials,47.365,19957242750,3123052
2026-08-14,PAGP,2030-12-31,2.37,2.55073,2.16688,1,35746113396,2,Energy,25.76,5098010234,958125.37991
2026-08-14,PAGP,2029-12-31,2.28,2.45386,2.0846,1,37306909167,2,Energy,25.76,5098010234,958125.37991
2026-08-14,PAGP,2028-12-31,2.09141,2.40053,1.66675,5,57611593661,5,Energy,25.76,5098010234,958125.37991
2026-08-14,PAGP,2027-12-31,2.01258,2.35793,1.61959,4,55767709165,4,Energy,25.76,5098010234,958125.37991
2026-08-14,PANW,2030-07-31,0,0,0,0,21083600000,3,Technology,385.7272,314367668000,2192531.38812
2026-08-14,PANW,2029-07-31,5.8425,6.68764,4.99736,2,18882700000,6,Technology,385.7272,314367668000,2192531.38812
2026-08-14,PANW,2028-07-31,4.8394,7.23979,2.1169,12,15782374559,35,Technology,385.7272,314367668000,2192531.38812
2026-08-14,PANW,2027-07-31,4.11446,4.58843,3.86235,17,13828260422,40,Technology,385.7272,314367668000,2192531.38812
2026-08-14,PATH,2029-01-31,1.05067,1.42895,0.68531,3,2070504616,5,Technology,16.155,8593031446,36005860
2026-08-14,PATH,2028-01-31,0.90149,0.96159,0.82136,11,1927929115,14,Technology,16.155,8593031446,36005860
2026-08-14,PATH,2027-01-31,0.78274,0.82188,0.73382,11,1778368726,15,Technology,16.155,8593031446,36005860
2026-08-14,PATH,2026-01-31,0.67352,0.69363,0.65341,10,1594327560,15,Technology,16.155,8593031446,36005860
2026-08-14,PAX,2028-12-31,1.61,1.64895,1.57105,2,544161000,4,Financial Services,11.535,1861349877,573791.84271
2026-08-14,PAX,2027-12-31,1.50828,1.52713,1.48943,3,476276894,4,Financial Services,11.535,1861349877,573791.84271
2026-08-14,PAX,2026-12-31,1.33736,1.36665,1.29831,2,428053338,1,Financial Services,11.535,1861349877,573791.84271
2026-08-14,PAX,2025-12-31,1.21511,1.22491,1.19551,3,364938400,3,Financial Services,11.535,1861349877,573791.84271
2026-08-14,PAYX,2029-05-31,6.81324,6.92716,6.74487,3,7605831424,6,Industrials,122.4412,43550236198,812686.1852
2026-08-14,PAYX,2028-05-31,6.40765,6.51882,6.15498,10,7239167683,12,Industrials,122.4412,43550236198,812686.1852
2026-08-14,PAYX,2027-05-31,5.96617,6.00621,5.92613,12,6863427523,13,Industrials,122.4412,43550236198,812686.1852
2026-08-14,PAYX,2026-05-31,5.49341,5.51342,5.4734,12,6507061764,13,Industrials,122.4412,43550236198,812686.1852
2026-08-14,PBF,2030-12-31,4.18,4.96726,3.46478,1,32084000000,5,Energy,71.62,8489608338,1648449.48529
2026-08-14,PBF,2029-12-31,5.275,6.2685,4.37242,1,31766000000,3,Energy,71.62,8489608338,1648449.48529
2026-08-14,PBF,2028-12-31,5.08173,5.76531,4.39815,2,34291420058,7,Energy,71.62,8489608338,1648449.48529
2026-08-14,PBF,2027-12-31,9.59808,15.25158,7.21026,4,33824323128,8,Energy,71.62,8489608338,1648449.48529
2026-08-14,PBR,2030-12-31,4.6416,5.54008,3.51656,1,113837597007,4,Energy,17.895,115321931789,7468011
2026-08-14,PBR,2029-12-31,4.35615,5.19937,3.30029,1,111587754138,4,Energy,17.895,115321931789,7468011
2026-08-14,PBR,2028-12-31,3.5402,4.22548,2.68212,1,108183043321,3,Energy,17.895,115321931789,7468011
2026-08-14,PBR,2027-12-31,3.56961,3.92354,3.19546,3,109110925598,9,Energy,17.895,115321931789,7468011
2026-08-14,PBR-A,2030-12-31,4.6416,5.65363,3.39655,1,113837597007,14,Energy,16.03,103304421354,4831895
2026-08-14,PBR-A,2029-12-31,4.35615,5.30594,3.18767,1,111587754138,14,Energy,16.03,103304421354,4831895
2026-08-14,PBR-A,2028-12-31,3.65352,4.45012,2.67351,2,109043735465,13,Energy,16.03,103304421354,4831895
2026-08-14,PBR-A,2027-12-31,3.65384,3.93305,3.27952,5,109887555441,16,Energy,16.03,103304421354,4831895
2026-08-14,PCAR,2029-12-31,7.68,8.4665,7.02367,3,33482000000,6,Industrials,130.6978,68794741354,847261.24018
2026-08-14,PCAR,2028-12-31,7.72738,9.90064,6.35911,9,32681814286,8,Industrials,130.6978,68794741354,847261.24018
2026-08-14,PCAR,2027-12-31,7.12197,7.74887,6.16621,11,31548436937,9,Industrials,130.6978,68794741354,847261.24018
2026-08-14,PCAR,2026-12-31,5.87956,6.22542,5.43198,10,28791235752,9,Industrials,130.6978,68794741354,847261.24018
2026-08-14,PCG,2030-12-31,2.34333,2.47155,2.19758,2,29826750000,6,Utilities,17.765,47612162961,12317121
2026-08-14,PCG,2029-12-31,2.13333,2.25006,2.00064,3,28838500000,10,Utilities,17.765,47612162961,12317121
2026-08-14,PCG,2028-12-31,1.97019,2.02462,1.78703,6,28355855809,12,Utilities,17.765,47612162961,12317121
2026-08-14,PCG,2027-12-31,1.80439,1.84427,1.78445,11,27295797995,10,Utilities,17.765,47612162961,12317121
2026-08-14,PCOR,2030-12-31,0,0,0,1,2626000000,4,Technology,59.485,8975691650,1341404
2026-08-14,PCOR,2029-12-31,0,0,0,0,2304000000,4,Technology,59.485,8975691650,1341404
2026-08-14,PCOR,2028-12-31,2.90927,3.98828,2.07687,3,1971998255,9,Technology,59.485,8975691650,1341404
2026-08-14,PCOR,2027-12-31,2.43893,2.71124,2.1311,10,1723649192,16,Technology,59.485,8975691650,1341404
2026-08-14,PDD,2029-12-31,91.95903,103.39129,84.51964,13,653414362657,24,Consumer Cyclical,84.36,120077724438,2721237.67673
2026-08-14,PDD,2028-12-31,100.2248,126.32088,63.77898,16,596711475380,26,Consumer Cyclical,84.36,120077724438,2721237.67673
2026-08-14,PDD,2027-12-31,84.15485,99.47464,72.717,18,541333276757,24,Consumer Cyclical,84.36,120077724438,2721237.67673
2026-08-14,PDD,2026-12-31,70.10684,82.27582,61.38574,17,482598611884,24,Consumer Cyclical,84.36,120077724438,2721237.67673
2026-08-14,PDI,2026-06-30,-0.0025,-0.0025,-0.0025,1,909629925,1,Financial Services,15.765,7276562987,3192815
2026-08-14,PDI,2025-06-30,-0.007,-0.007,-0.007,1,975618000,1,Financial Services,15.765,7276562987,3192815
2026-08-14,PEB,2028-12-31,-0.38,-0.21509,-0.54491,2,1558722949,5,Real Estate,18.265,2061077395,564866
2026-08-14,PEB,2027-12-31,-0.238,-0.21599,-0.25864,3,1508646521,10,Real Estate,18.265,2061077395,564866
2026-08-14,PEB,2026-12-31,-0.326,-0.31833,-0.33559,3,1481494133,10,Real Estate,18.265,2061077395,564866
2026-08-14,PEB,2025-12-31,-0.89,-0.8373,-0.92513,3,1469981190,8,Real Estate,18.265,2061077395,564866
2026-08-14,PEG,2030-12-31,5.7179,6.50252,4.92026,2,14633500000,7,Utilities,76.245,37994484645,567167
2026-08-14,PEG,2029-12-31,5.41082,6.1533,4.65602,3,14122400000,10,Utilities,76.245,37994484645,567167
2026-08-14,PEG,2028-12-31,5.03614,5.13493,4.9948,6,13634141478,15,Utilities,76.245,37994484645,567167
2026-08-14,PEG,2027-12-31,4.67776,4.78747,4.58799,14,12998302148,12,Utilities,76.245,37994484645,567167
2026-08-14,PEGA,2028-12-31,2.80831,3.1113,2.55571,3,2237813403,5,Technology,32.3286,5314983483,961991.62998
2026-08-14,PEGA,2027-12-31,2.6435,3.08408,2.4933,7,2059147239,9,Technology,32.3286,5314983483,961991.62998
2026-08-14,PEGA,2026-12-31,2.4516,2.82956,2.20644,7,1886218234,8,Technology,32.3286,5314983483,961991.62998
2026-08-14,PEGA,2025-12-31,2.07731,2.16763,2.00706,8,1733326798,8,Technology,32.3286,5314983483,961991.62998
2026-08-14,PENG,2028-08-29,3.9975,4.14221,3.91195,1,2458301500,4,Technology,61.94,3173972838,812106.44722
2026-08-14,PENG,2027-08-29,3.35557,3.47704,3.28375,3,2139065286,4,Technology,61.94,3173972838,812106.44722
2026-08-14,PENG,2026-08-29,2.61471,2.70936,2.55875,3,1663576857,4,Technology,61.94,3173972838,812106.44722
2026-08-14,PENG,2025-08-29,1.83884,1.90541,1.79949,5,1372987789,4,Technology,61.94,3173972838,812106.44722
2026-08-14,PENN,2029-12-31,4.1,4.23434,3.89804,1,7630000000,4,Consumer Cyclical,18.8466,2520628170,1026336.2853
2026-08-14,PENN,2028-12-31,1.88664,3.35353,1.03742,5,7893157223,9,Consumer Cyclical,18.8466,2520628170,1026336.2853
2026-08-14,PENN,2027-12-31,1.63122,2.54738,0.67036,8,7707367163,14,Consumer Cyclical,18.8466,2520628170,1026336.2853
2026-08-14,PENN,2026-12-31,1.02193,1.26781,0.79142,6,7403196635,15,Consumer Cyclical,18.8466,2520628170,1026336.2853
2026-08-14,PEP,2030-12-27,9.97,10.14466,9.83767,2,109620500000,10,Consumer Defensive,140.9754,192572396400,1902489.84785
2026-08-14,PEP,2029-12-27,9.58163,9.74949,9.45446,3,106248650930,10,Consumer Defensive,140.9754,192572396400,1902489.84785
2026-08-14,PEP,2028-12-27,9.46497,10.51207,7.61183,7,105259369016,16,Consumer Defensive,140.9754,192572396400,1902489.84785
2026-08-14,PEP,2027-12-27,8.96543,9.19455,8.61677,13,101854173931,17,Consumer Defensive,140.9754,192572396400,1902489.84785
2026-08-14,PFE,2030-12-31,2.44182,2.55462,2.32294,2,53370181818,10,Healthcare,26.8699,153143382856,13353570
2026-08-14,PFE,2029-12-31,2.35546,2.46427,2.24078,3,52979023090,10,Healthcare,26.8699,153143382856,13353570
2026-08-14,PFE,2028-12-31,2.46437,2.80078,1.58109,6,54656437811,21,Healthcare,26.8699,153143382856,13353570
2026-08-14,PFE,2027-12-31,2.8666,3.03759,2.63526,13,59491238038,17,Healthcare,26.8699,153143382856,13353570
2026-08-14,PFGC,2030-06-27,8.91,9.18726,8.50831,1,82717500000,4,Consumer Defensive,106.47,16725372300,717250
2026-08-14,PFGC,2029-06-27,8.20868,9.63436,6.60901,5,78385975000,6,Consumer Defensive,106.47,16725372300,717250
2026-08-14,PFGC,2028-06-27,6.99622,8.38321,5.8209,5,75349853891,11,Consumer Defensive,106.47,16725372300,717250
2026-08-14,PFGC,2027-06-27,5.78732,5.96976,5.60488,7,72784107575,10,Consumer Defensive,106.47,16725372300,717250
2026-08-14,PG,2031-06-30,6.78,6.95472,6.64674,4,94163000000,5,Consumer Defensive,144.41,343292742592,3703220
2026-08-14,PG,2030-06-30,7.84805,8.05029,7.6938,3,96886902760,11,Consumer Defensive,144.41,343292742592,3703220
2026-08-14,PG,2029-06-30,7.78941,8.19807,7.04569,5,94472493377,13,Consumer Defensive,144.41,343292742592,3703220
2026-08-14,PG,2028-06-30,7.40447,7.47423,7.35464,13,91248303704,17,Consumer Defensive,144.41,343292742592,3703220
2026-08-14,PGR,2028-12-31,16.02463,18.04758,14.69939,7,97242717157,5,Financial Services,210.89,122611446000,1436701
2026-08-14,PGR,2027-12-31,16.20396,18.30447,14.48354,15,92932671492,7,Financial Services,210.89,122611446000,1436701
2026-08-14,PGR,2026-12-31,17.49364,18.20379,16.20337,15,88134436383,7,Financial Services,210.89,122611446000,1436701
2026-08-14,PGR,2025-12-31,17.99283,18.29271,17.65297,16,83927441435,6,Financial Services,210.89,122611446000,1436701
2026-08-14,PGY,2028-12-31,3.27,3.36064,3.20966,1,1935117957,1,Technology,21.3652,1782409821,950712.44098
2026-08-14,PGY,2027-12-31,2.31444,2.37859,2.27174,5,1703960766,6,Technology,21.3652,1782409821,950712.44098
2026-08-14,PGY,2026-12-31,1.69778,1.74484,1.66645,5,1469204412,6,Technology,21.3652,1782409821,950712.44098
2026-08-14,PGY,2025-12-31,0.88889,0.91353,0.87249,4,1315960489,6,Technology,21.3652,1782409821,950712.44098
2026-08-14,PII,2028-12-31,4.20201,4.65119,3.75283,2,7896294011,6,Consumer Cyclical,68.77,3913253695,639021
2026-08-14,PII,2027-12-31,3.4221,4.17815,2.22834,10,7661110285,13,Consumer Cyclical,68.77,3913253695,639021
2026-08-14,PII,2026-12-31,2.94844,3.88513,1.76694,10,7411030865,12,Consumer Cyclical,68.77,3913253695,639021
2026-08-14,PII,2025-12-31,-0.040655,0.14229,-0.10164,9,7048473129,10,Consumer Cyclical,68.77,3913253695,639021
2026-08-14,PINS,2030-12-31,3.19,3.3203,3.04591,8,7317250000,11,Communication Services,24.045,15297066329,4006937
2026-08-14,PINS,2029-12-31,2.75298,2.86543,2.62863,9,6681147756,14,Communication Services,24.045,15297066329,4006937
2026-08-14,PINS,2028-12-31,2.71443,3.64492,1.89593,18,6198540458,22,Communication Services,24.045,15297066329,4006937
2026-08-14,PINS,2027-12-31,2.40696,2.68886,2.0817,20,5555243662,28,Communication Services,24.045,15297066329,4006937
2026-08-14,PK,2028-12-31,0.57715,0.71214,0.44216,2,2625813248,5,Real Estate,15.125,3045597754,1186711.05504
2026-08-14,PK,2027-12-31,0.57142,0.62259,0.52593,5,2583351980,11,Real Estate,15.125,3045597754,1186711.05504
2026-08-14,PK,2026-12-31,0.4741,0.53245,0.44006,5,2512215395,11,Real Estate,15.125,3045597754,1186711.05504
2026-08-14,PK,2025-12-31,-0.34952,-0.3459,-0.35495,3,2533927307,8,Real Estate,15.125,3045597754,1186711.05504
2026-08-14,PL,2030-01-31,0.28,0.29964,0.26409,1,846800000,4,Industrials,24.59,8186225671,2608079
2026-08-14,PL,2029-01-31,0.11426,0.23614,-0.00761733,2,743386223,7,Industrials,24.59,8186225671,2608079
2026-08-14,PL,2028-01-31,-0.021608,0.00720267,-0.064824,5,569890151,9,Industrials,24.59,8186225671,2608079
2026-08-14,PL,2027-01-31,-0.098975,-0.0494875,-0.19795,5,436057304,9,Industrials,24.59,8186225671,2608079
2026-08-14,PLD,2030-12-31,5.31,5.4549,5.18196,1,11058474000,2,Real Estate,140.905,131475073780,738389
2026-08-14,PLD,2029-12-31,4.74,4.86935,4.6257,1,10396225000,2,Real Estate,140.905,131475073780,738389
2026-08-14,PLD,2028-12-31,3.92,4.66941,3.28588,3,9616926400,4,Real Estate,140.905,131475073780,738389
2026-08-14,PLD,2027-12-31,3.64667,3.71277,3.56955,4,9245482200,4,Real Estate,140.905,131475073780,738389
2026-08-14,PLGO,2028-12-31,4.71343,4.77852,4.64834,2,3249546422,1,Financial Services,23.67,2023708238,622249.46608
2026-08-14,PLGO,2027-12-31,4.10478,4.17907,4.0212,5,3770183220,1,Financial Services,23.67,2023708238,622249.46608
2026-08-14,PLGO,2026-12-31,3.58104,3.67528,3.47738,5,3541445961,1,Financial Services,23.67,2023708238,622249.46608
2026-08-14,PLGO,2025-12-31,1.93242,1.95911,1.90573,2,3290111552,1,Financial Services,23.67,2023708238,622249.46608
2026-08-14,PLNT,2030-12-31,6.64,6.94691,6.31909,1,2036400000,5,Consumer Cyclical,50.82,4037282029,547975
2026-08-14,PLNT,2029-12-31,5.9,6.17271,5.61485,1,1880800000,5,Consumer Cyclical,50.82,4037282029,547975
2026-08-14,PLNT,2028-12-31,4.17324,4.64987,3.91012,5,1654492985,10,Consumer Cyclical,50.82,4037282029,547975
2026-08-14,PLNT,2027-12-31,3.59977,3.89449,3.12612,12,1527351298,15,Consumer Cyclical,50.82,4037282029,547975
2026-08-14,PLTR,2030-12-31,14.38,16.5156,13.24677,3,70119129000,8,Technology,175.52,403006206400,16492724
2026-08-14,PLTR,2029-12-31,6.7,7.69503,6.172,3,33441100000,13,Technology,175.52,403006206400,16492724
2026-08-14,PLTR,2028-12-31,3.40131,4.10392,2.6,9,17997899440,17,Technology,175.52,403006206400,16492724
2026-08-14,PLTR,2027-12-31,2.26344,2.67212,1.66614,20,12147263527,24,Technology,175.52,403006206400,16492724
2026-08-14,PM,2030-12-31,12.05294,12.43427,11.81682,1,54209961288,5,Consumer Defensive,189.78999,295808576314,2190130
2026-08-14,PM,2029-12-31,11.03333,11.3824,10.81718,1,51535333333,5,Consumer Defensive,189.78999,295808576314,2190130
2026-08-14,PM,2028-12-31,10.02097,10.36801,9.54316,5,48937902928,11,Consumer Defensive,189.78999,295808576314,2190130
2026-08-14,PM,2027-12-31,9.14662,9.28642,9.04677,9,45955263834,11,Consumer Defensive,189.78999,295808576314,2190130
2026-08-14,PNR,2030-12-31,6.2,6.59699,5.97534,1,4698500000,5,Industrials,65.815,10506574970,658265
2026-08-14,PNR,2029-12-31,5.8,6.17138,5.58983,1,4524400000,3,Industrials,65.815,10506574970,658265
2026-08-14,PNR,2028-12-31,5.58912,6.02036,5.40289,4,4387444745,7,Industrials,65.815,10506574970,658265
2026-08-14,PNR,2027-12-31,5.19198,5.83099,4.86249,12,4286702967,13,Industrials,65.815,10506574970,658265
2026-08-14,PPL,2030-12-31,2.65473,2.78505,2.5337,1,12457500000,5,Utilities,36.02,27107833626,2265317
2026-08-14,PPL,2029-12-31,2.46128,2.58211,2.34907,1,11500666667,5,Utilities,36.02,27107833626,2265317
2026-08-14,PPL,2028-12-31,2.29389,2.30538,2.28722,4,10864338948,10,Utilities,36.02,27107833626,2265317
2026-08-14,PPL,2027-12-31,2.11817,2.13825,2.09809,9,10303495410,9,Utilities,36.02,27107833626,2265317
2026-08-14,PR,2030-12-31,2.22,2.44551,2.07043,5,6531333333,3,Energy,21.56,18051931953,3295675
2026-08-14,PR,2029-12-31,2.18,2.40144,2.03313,5,6442333333,4,Energy,21.56,18051931953,3295675
2026-08-14,PR,2028-12-31,2.0608,2.55642,1.6338,8,6563807055,6,Energy,21.56,18051931953,3295675
2026-08-14,PR,2027-12-31,2.01711,2.53168,1.68779,12,6488202240,8,Energy,21.56,18051931953,3295675
2026-08-14,PRCH,2028-12-31,0.4,0.40719,0.39004,1,694100000,1,Financial Services,17.34,1968433956,618551.36865
2026-08-14,PRCH,2027-12-31,0.19,0.228,0.152,2,595614143,4,Financial Services,17.34,1968433956,618551.36865
2026-08-14,PRCH,2026-12-31,-0.008571,-0.005714,-0.011428,1,510215714,4,Financial Services,17.34,1968433956,618551.36865
2026-08-14,PRCH,2025-12-31,-0.03875,0.06458333,-0.12917,4,415258857,5,Financial Services,17.34,1968433956,618551.36865
2026-08-14,PRGO,2030-12-31,2.9,2.93179,2.85695,1,4129000000,2,Healthcare,12.805,1771799295,750855
2026-08-14,PRGO,2029-12-31,2.81,2.84081,2.76828,1,4104000000,1,Healthcare,12.805,1771799295,750855
2026-08-14,PRGO,2028-12-31,2.69655,2.72611,2.65652,1,4112762350,3,Healthcare,12.805,1771799295,750855
2026-08-14,PRGO,2027-12-31,2.4005,2.50052,2.30048,3,4074932233,4,Healthcare,12.805,1771799295,750855
2026-08-14,PRIM,2030-12-31,7.59667,8.41547,7.09598,1,10359133333,4,Industrials,82.96,4500986504,570529
2026-08-14,PRIM,2029-12-31,6.80667,7.54032,6.35805,1,9615433333,4,Industrials,82.96,4500986504,570529
2026-08-14,PRIM,2028-12-31,6.5751,7.38854,5.151,5,9078621359,9,Industrials,82.96,4500986504,570529
2026-08-14,PRIM,2027-12-31,5.441,6.12113,4.43651,9,8260123298,11,Industrials,82.96,4500986504,570529
2026-08-14,PRMB,2030-12-31,2.3,2.3393,2.26452,1,7833000000,3,Consumer Defensive,24.88,9028169823,1761650.05502
2026-08-14,PRMB,2029-12-31,2.06,2.0952,2.02822,1,7561000000,4,Consumer Defensive,24.88,9028169823,1761650.05502
2026-08-14,PRMB,2028-12-31,1.778,1.80838,1.75057,1,7325700011,6,Consumer Defensive,24.88,9028169823,1761650.05502
2026-08-14,PRMB,2027-12-31,1.4899,1.73021,1.26882,7,7059867893,7,Consumer Defensive,24.88,9028169823,1761650.05502
2026-08-14,PRU,2029-12-31,18.34705,19.08572,17.50445,1,64906433153,3,Financial Services,124.96,43361120000,556000
2026-08-14,PRU,2028-12-31,15.85308,17.29789,14.3983,4,61446933043,7,Financial Services,124.96,43361120000,556000
2026-08-14,PRU,2027-12-31,14.64005,15.82708,8.50706,11,60115019291,7,Financial Services,124.96,43361120000,556000
2026-08-14,PRU,2026-12-31,13.90122,14.95037,6.88242,10,59159337120,7,Financial Services,124.96,43361120000,556000
2026-08-14,PSKY,2030-12-31,1.175,1.21969,1.12674,4,31133500000,7,Communication Services,10.2,11094234000,6120797
2026-08-14,PSKY,2029-12-31,0.88667,0.92039,0.85025,2,30837000000,10,Communication Services,10.2,11094234000,6120797
2026-08-14,PSKY,2028-12-31,1.07987,1.75039,0.46757,7,31790984740,15,Communication Services,10.2,11094234000,6120797
2026-08-14,PSKY,2027-12-31,0.8104,1.08053,0.30255,12,30486383550,14,Communication Services,10.2,11094234000,6120797
2026-08-14,PSLV,2024-12-31,,0,0,0,323463000,0,Financial Services,21.095,13411827914,2040231
2026-08-14,PSLV,2023-12-31,,0,0,0,215642000,0,Financial Services,21.095,13411827914,2040231
2026-08-14,PSLV,2022-12-31,,0,0,0,107821000,0,Financial Services,21.095,13411827914,2040231
2026-08-14,PSNL,2030-12-31,-0.47,-0.43998,-0.49945,1,227400000,2,Healthcare,14.25,1521201750,736801.01286
2026-08-14,PSNL,2029-12-31,-0.58,-0.54295,-0.61634,1,184100000,1,Healthcare,14.25,1521201750,736801.01286
2026-08-14,PSNL,2028-12-31,-0.68333,-0.57561,-0.74728,3,152970077,3,Healthcare,14.25,1521201750,736801.01286
2026-08-14,PSNL,2027-12-31,-0.925,-0.86592,-0.98296,4,111351755,5,Healthcare,14.25,1521201750,736801.01286
2026-08-14,PSO,2029-12-31,0.87952,0.89092,0.86917,1,3578242835,3,Communication Services,16.175,9711720211,511360
2026-08-14,PSO,2028-12-31,0.87092,0.88221,0.86068,1,4052089662,3,Communication Services,16.175,9711720211,511360
2026-08-14,PSO,2027-12-31,0.78449,0.8378,0.65501,3,3877657165,7,Communication Services,16.175,9711720211,511360
2026-08-14,PSO,2026-12-31,0.70456,0.7352,0.59735,3,3702650191,7,Communication Services,16.175,9711720211,511360
2026-08-14,PSX,2030-12-31,26,31.67189,20.35262,1,185578037223,2,Energy,231.32,92744288826,1257646
2026-08-14,PSX,2029-12-31,21.56,26.2633,16.87702,1,173404484621,1,Energy,231.32,92744288826,1257646
2026-08-14,PSX,2028-12-31,17.14578,18.20345,16.06806,3,150884959777,3,Energy,231.32,92744288826,1257646
2026-08-14,PSX,2027-12-31,19.72845,26.98844,14.50006,11,149061112577,5,Energy,231.32,92744288826,1257646
2026-08-14,PTEN,2028-12-31,0.5557,0.6917,0.34585,3,5211213323,5,Energy,11.37,4316252715,2879426.3417
2026-08-14,PTEN,2027-12-31,0.25341,0.47641,0.0202728,8,5130199093,10,Energy,11.37,4316252715,2879426.3417
2026-08-14,PTEN,2026-12-31,-0.063453,0.0105755,-0.11633,3,4762200141,4,Energy,11.37,4316252715,2879426.3417
2026-08-14,PTEN,2025-12-31,-0.28894,-0.26345,-0.33143,4,4786061322,9,Energy,11.37,4316252715,2879426.3417
2026-08-14,PTRN,2030-12-31,1.77,1.82462,1.71954,1,7326000000,2,Technology,22.145,3436097258,540017
2026-08-14,PTRN,2029-12-31,1.36,1.40197,1.32123,1,6139000000,2,Technology,22.145,3436097258,540017
2026-08-14,PTRN,2028-12-31,1.016,1.12295,0.9124,3,5059648600,4,Technology,22.145,3436097258,540017
2026-08-14,PTRN,2027-12-31,0.76429,0.78582,0.72123,4,4233206471,6,Technology,22.145,3436097258,540017
2026-08-14,PUK,2030-12-31,3.94,5.07712,2.80288,1,43661315813,1,Financial Services,27.86,34663133400,517080
2026-08-14,PUK,2029-12-31,3.42,4.40705,2.43295,1,39886623577,1,Financial Services,27.86,34663133400,517080
2026-08-14,PUK,2028-12-31,3.21282,4.14007,2.28557,1,9107061858,1,Financial Services,27.86,34663133400,517080
2026-08-14,PUK,2027-12-31,2.83563,3.6301,1.61338,2,8624289850,1,Financial Services,27.86,34663133400,517080
2026-08-14,PUMP,2029-12-31,0,0,0,1,1623000000,2,Energy,12.09,1484941157,977539.66474
2026-08-14,PUMP,2028-12-31,1.19142,1.25732,1.15384,2,1602381303,4,Energy,12.09,1484941157,977539.66474
2026-08-14,PUMP,2027-12-31,0.39697,0.9107,0.02335118,5,1452787039,6,Energy,12.09,1484941157,977539.66474
2026-08-14,PUMP,2026-12-31,0.004503,0.013509,-0.0037525,3,1229333511,4,Energy,12.09,1484941157,977539.66474
2026-08-14,PYPL,2030-12-31,7.58,7.91927,7.35219,7,42373100000,14,Financial Services,60.08,51396096880,3883722
2026-08-14,PYPL,2029-12-31,6.28327,6.5645,6.09443,12,38810879067,24,Financial Services,60.08,51396096880,3883722
2026-08-14,PYPL,2028-12-31,6.28921,7.05247,5.55369,17,37800621381,26,Financial Services,60.08,51396096880,3883722
2026-08-14,PYPL,2027-12-31,5.77952,6.05853,5.54037,26,36145521057,31,Financial Services,60.08,51396096880,3883722
2026-08-14,PZZA,2028-12-28,2.00191,2.10773,1.89512,6,1925781316,3,Consumer Cyclical,24.1815,795620052,567352.32591
2026-08-14,PZZA,2027-12-28,1.70761,1.87024,1.56531,9,1887044680,11,Consumer Cyclical,24.1815,795620052,567352.32591
2026-08-14,PZZA,2026-12-28,1.45794,1.63646,1.38851,5,1914268199,11,Consumer Cyclical,24.1815,795620052,567352.32591
2026-08-14,PZZA,2025-12-28,1.40467,1.44424,1.3651,11,2072994863,10,Consumer Cyclical,24.1815,795620052,567352.32591
2026-08-14,QBTS,2030-12-31,-0.105,-0.06644713,-0.16751,5,428310000,5,Technology,21.15,7767740915,8176052.31757
2026-08-14,QBTS,2029-12-31,-0.272,-0.17213,-0.43394,5,269611600,5,Technology,21.15,7767740915,8176052.31757
2026-08-14,QBTS,2028-12-31,-0.36584,-0.24535,-0.48194,8,143416211,10,Technology,21.15,7767740915,8176052.31757
2026-08-14,QBTS,2027-12-31,-0.39002,-0.08531687,-0.5119,10,85809600,12,Technology,21.15,7767740915,8176052.31757
2026-08-14,QCOM,2030-09-28,24.93,26.83019,23.1011,4,71251000000,23,Technology,164.37,172588500000,2805572
2026-08-14,QCOM,2029-09-28,17.54855,18.88612,16.26116,3,61689934499,12,Technology,164.37,172588500000,2805572
2026-08-14,QCOM,2028-09-28,13.12225,15.44841,11.17058,9,51709019827,24,Technology,164.37,172588500000,2805572
2026-08-14,QCOM,2027-09-28,10.34595,12.43614,9.42016,21,44911991687,26,Technology,164.37,172588500000,2805572
2026-08-14,QFIN,2028-12-31,34.76472,41.62449,29.06168,8,14085377477,7,Financial Services,12.295,1600625952,1025136
2026-08-14,QFIN,2027-12-31,29.67986,30.64445,28.41846,6,13477049218,7,Financial Services,12.295,1600625952,1025136
2026-08-14,QFIN,2026-12-31,27.43957,29.1675,25.71163,6,14454690677,6,Financial Services,12.295,1600625952,1025136
2026-08-14,QFIN,2025-12-31,44.02546,50.50018,43.95491,4,19588065929,6,Financial Services,12.295,1600625952,1025136
2026-08-14,QGEN,2030-12-31,3.31374,3.47489,3.24662,1,2619279381,5,Healthcare,42.94,8856375000,1396831
2026-08-14,QGEN,2029-12-31,3.10009,3.25085,3.0373,1,2520747700,5,Healthcare,42.94,8856375000,1396831
2026-08-14,QGEN,2028-12-31,2.82931,3.65438,2.49162,5,2377070859,11,Healthcare,42.94,8856375000,1396831
2026-08-14,QGEN,2027-12-31,2.59707,2.71602,2.54751,9,2251391449,12,Healthcare,42.94,8856375000,1396831
2026-08-14,QMCO,2030-03-31,0,0,0,0,340900000,1,Technology,26.65,1049330425,3407206.06264
2026-08-14,QMCO,2029-03-31,0,0,0,0,321300000,1,Technology,26.65,1049330425,3407206.06264
2026-08-14,QMCO,2028-03-31,0.32,0.32833,0.31167,1,334250000,1,Technology,26.65,1049330425,3407206.06264
2026-08-14,QMCO,2027-03-31,-0.075,-0.07304672,-0.07695328,1,313100000,1,Technology,26.65,1049330425,3407206.06264
2026-08-14,QNT,2027-12-31,-1.63,-1.42,-2,8,44950000,8,Technology,64.5198,2023527713,2069251.20338
2026-08-14,QNT,2026-12-31,-1.61,-1.37,-2,8,26870000,8,Technology,64.5198,2023527713,2069251.20338
2026-08-14,QSR,2030-12-31,5.89,6.29171,5.54506,2,10048000000,6,Consumer Cyclical,77.58,26917668673,757648
2026-08-14,QSR,2029-12-31,5.57605,5.95634,5.24949,3,10371781500,10,Consumer Cyclical,77.58,26917668673,757648
2026-08-14,QSR,2028-12-31,4.83106,4.98407,4.71961,6,9946870473,12,Consumer Cyclical,77.58,26917668673,757648
2026-08-14,QSR,2027-12-31,4.4155,4.52614,4.26463,14,9959334337,18,Consumer Cyclical,77.58,26917668673,757648
2026-08-14,QXO,2030-12-31,2.16397,2.29544,2.0243,1,33442796630,3,Industrials,14.485,15027897800,18233104
2026-08-14,QXO,2029-12-31,1.6684,1.76976,1.56072,1,28752479123,4,Industrials,14.485,15027897800,18233104
2026-08-14,QXO,2028-12-31,1.14473,1.73216,0.5573,2,23845057334,6,Industrials,14.485,15027897800,18233104
2026-08-14,QXO,2027-12-31,0.71078,0.75396,0.6649,6,19324643530,7,Industrials,14.485,15027897800,18233104
2026-08-14,RARE,2030-12-31,5.30111,7.57535,4.26529,5,2119711374,6,Healthcare,26.3699,2597150355,533746.37754
2026-08-14,RARE,2029-12-31,2.73778,3.91232,2.20283,9,1587712375,10,Healthcare,26.3699,2597150355,533746.37754
2026-08-14,RARE,2028-12-31,0.44374,2.51408,-0.98731,12,1232249769,12,Healthcare,26.3699,2597150355,533746.37754
2026-08-14,RARE,2027-12-31,-0.71691,8.37889,-3.70404,9,993808702,12,Healthcare,26.3699,2597150355,533746.37754
2026-08-14,RBA,2028-12-31,5.08084,5.65083,4.51085,2,5374953666,1,Industrials,85.055,15845746500,2063443
2026-08-14,RBA,2027-12-31,4.77221,4.92678,4.58866,6,5260777869,7,Industrials,85.055,15845746500,2063443
2026-08-14,RBA,2026-12-31,4.36436,4.47447,4.16416,6,5002600904,7,Industrials,85.055,15845746500,2063443
2026-08-14,RBA,2025-12-31,3.8739,3.88391,3.86389,5,4563124392,5,Industrials,85.055,15845746500,2063443
2026-08-14,RBLX,2030-12-31,0.26,0.31114,0.22122,6,13690900000,14,Technology,38.57,27553477730,4852095
2026-08-14,RBLX,2029-12-31,-0.41785,-0.35552,-0.50004,9,12233675000,14,Technology,38.57,27553477730,4852095
2026-08-14,RBLX,2028-12-31,-0.93143,-0.30938,-1.85133,15,9682660276,16,Technology,38.57,27553477730,4852095
2026-08-14,RBLX,2027-12-31,-1.14921,-0.69585,-1.65528,19,8208551090,19,Technology,38.57,27553477730,4852095
2026-08-14,RBRK,2031-01-31,1.96,2.03478,1.90358,1,3261200000,3,Technology,103.205,21242328577,1490822
2026-08-14,RBRK,2030-01-31,1.4807,1.53719,1.43808,1,2813410450,4,Technology,103.205,21242328577,1490822
2026-08-14,RBRK,2029-01-31,1.11665,1.15925,1.08451,1,2417874393,8,Technology,103.205,21242328577,1490822
2026-08-14,RBRK,2028-01-31,0.64022,0.94093,0.49472,14,1996992310,20,Technology,103.205,21242328577,1490822
2026-08-14,RCAT,2026-12-31,0.11,0.11,0.11,1,152094296,1,Technology,10.865,1653568959,14874815.54646
2026-08-14,RCAT,2025-12-31,-0.7175,-0.70739,-0.7175,1,38110908,2,Technology,10.865,1653568959,14874815.54646
2026-08-14,RCAT,2025-03-31,-0.5,-0.5,-0.5,1,24715500,1,Technology,10.865,1653568959,14874815.54646
2026-08-14,RCAT,2023-12-31,-0.43607,-0.43607,-0.43607,1,18864788,1,Technology,10.865,1653568959,14874815.54646
2026-08-14,RCL,2030-12-31,29.17667,30.38367,28.57787,1,25876666667,12,Consumer Cyclical,306.585,82224564075,774897
2026-08-14,RCL,2029-12-31,25.38382,26.43392,24.86286,1,24548119836,8,Consumer Cyclical,306.585,82224564075,774897
2026-08-14,RCL,2028-12-31,23.27469,25.32264,21.81856,5,22826565777,14,Consumer Cyclical,306.585,82224564075,774897
2026-08-14,RCL,2027-12-31,20.31405,21.07166,19.2534,16,20959695045,20,Consumer Cyclical,306.585,82224564075,774897
2026-08-14,RCUS,2030-12-31,0.52,1.22273,0.16449,3,822437875,5,Healthcare,29.17,3668803136,507816
2026-08-14,RCUS,2029-12-31,-1.50223,-0.47519,-3.53234,3,392419188,5,Healthcare,29.17,3668803136,507816
2026-08-14,RCUS,2028-12-31,-2.37287,-1.01165,-3.71759,9,167773406,11,Healthcare,29.17,3668803136,507816
2026-08-14,RCUS,2027-12-31,-3.45106,-1.65097,-4.8464,8,63519564,9,Healthcare,29.17,3668803136,507816
2026-08-14,RDDT,2030-12-31,14.34333,15.6785,12.62743,14,7357366667,11,Communication Services,176.38,33954745181,16763483
2026-08-14,RDDT,2029-12-31,10.33389,11.29584,9.09764,8,6093958357,14,Communication Services,176.38,33954745181,16763483
2026-08-14,RDDT,2028-12-31,8.81909,11.1049,6.07806,19,5497498622,22,Communication Services,176.38,33954745181,16763483
2026-08-14,RDDT,2027-12-31,6.94766,8.44408,4.38237,23,4402948201,26,Communication Services,176.38,33954745181,16763483
2026-08-14,RDW,2028-12-31,-0.175,-0.16948,-0.18102,1,683800000,1,Industrials,13.56,3238467000,10167682
2026-08-14,RDW,2027-12-31,-0.50714,-0.21456,-1.02403,4,569975286,6,Industrials,13.56,3238467000,10167682
2026-08-14,RDW,2026-12-31,-0.8525,-0.50929,-1.20679,4,469256875,6,Industrials,13.56,3238467000,10167682
2026-08-14,RDW,2025-12-31,-1.688,-1.20424,-1.9762,3,328660648,6,Industrials,13.56,3238467000,10167682
2026-08-14,RDY,2029-03-31,70.10679,78.13871,65.88687,1,426918095787,10,Healthcare,12.295,10241062955,897375.23965
2026-08-14,RDY,2028-03-31,56.61618,62.37376,46.06062,2,387866583282,20,Healthcare,12.295,10241062955,897375.23965
2026-08-14,RDY,2027-03-31,43.16824,46.84213,36.73892,2,347295638331,20,Healthcare,12.295,10241062955,897375.23965
2026-08-14,RDY,2026-03-31,60.13494,63.95303,57.27137,2,345083120879,18,Healthcare,12.295,10241062955,897375.23965
2026-08-14,REAL,2028-12-31,0.39141,0.40059,0.38361,1,944286388,2,Consumer Cyclical,11.315,1363318642,1466362.8561
2026-08-14,REAL,2027-12-31,0.22911,0.30201,0.18745,4,862234316,7,Consumer Cyclical,11.315,1363318642,1466362.8561
2026-08-14,REAL,2026-12-31,0.060697,0.078039,0.034684,4,780839606,7,Consumer Cyclical,11.315,1363318642,1466362.8561
2026-08-14,REAL,2025-12-31,-0.14487,-0.11383,-0.16557,4,689484036,7,Consumer Cyclical,11.315,1363318642,1466362.8561
2026-08-14,RELX,2029-12-31,1.8125,1.82445,1.79119,1,12065357543,6,Industrials,34.545,60311932757,1939751
2026-08-14,RELX,2028-12-31,1.74237,1.75386,1.72189,1,11427187846,5,Industrials,34.545,60311932757,1939751
2026-08-14,RELX,2027-12-31,1.5569,1.59294,1.52086,2,10651835557,8,Industrials,34.545,60311932757,1939751
2026-08-14,RELX,2026-12-31,1.40646,1.43577,1.37716,2,9995990912,8,Industrials,34.545,60311932757,1939751
2026-08-14,RELY,2030-12-31,1.91,1.93798,1.88729,1,3736025800,2,Technology,26.145,5505119437,2240829
2026-08-14,RELY,2029-12-31,1.46,1.48139,1.44264,1,3277215600,2,Technology,26.145,5505119437,2240829
2026-08-14,RELY,2028-12-31,1.159,1.26271,1.08565,3,2807695380,4,Technology,26.145,5505119437,2240829
2026-08-14,RELY,2027-12-31,0.96768,0.98186,0.95617,4,2364946135,7,Technology,26.145,5505119437,2240829
2026-08-14,REPL,2031-03-31,0.14,0.2336,-0.00093219095,2,382568333,1,Healthcare,15.085,1267533266,1279466.81841
2026-08-14,REPL,2030-03-31,-0.24,0.00159804,-0.40046,1,316876333,2,Healthcare,15.085,1267533266,1279466.81841
2026-08-14,REPL,2029-03-31,-0.82667,-0.0159743,-1.38976,4,242236000,4,Healthcare,15.085,1267533266,1279466.81841
2026-08-14,REPL,2028-03-31,-1.6089,-0.8683,-2.32397,3,142491480,4,Healthcare,15.085,1267533266,1279466.81841
2026-08-14,REXR,2030-12-31,1.27,1.34509,1.18166,1,1089485500,2,Real Estate,36.17,8269742273,657999
2026-08-14,REXR,2029-12-31,1.065,1.12797,0.99092,1,1011881667,2,Real Estate,36.17,8269742273,657999
2026-08-14,REXR,2028-12-31,1.065,1.12797,0.99092,1,963903000,4,Real Estate,36.17,8269742273,657999
2026-08-14,REXR,2027-12-31,1.20933,1.2657,1.15809,3,940578245,6,Real Estate,36.17,8269742273,657999
2026-08-14,REZI,2028-12-31,2.62225,2.65151,2.57468,1,8413920730,1,Technology,20.61,4484726437,2742838
2026-08-14,REZI,2027-12-31,2.10964,2.27814,1.80634,3,8011234149,3,Technology,20.61,4484726437,2742838
2026-08-14,REZI,2026-12-31,1.98269,2.00194,1.95702,3,7753257750,3,Technology,20.61,4484726437,2742838
2026-08-14,REZI,2025-12-31,1.84322,1.86379,1.80979,2,7449920000,2,Technology,20.61,4484726437,2742838
2026-08-14,RF,2028-12-31,3.14683,3.32592,3.02356,7,8523708694,3,Financial Services,31.835,27167352300,3502782
2026-08-14,RF,2027-12-31,2.84926,2.91949,2.72887,15,8179510451,6,Financial Services,31.835,27167352300,3502782
2026-08-14,RF,2026-12-31,2.62944,2.68943,2.56945,15,7822270416,6,Financial Services,31.835,27167352300,3502782
2026-08-14,RF,2025-12-31,2.35806,2.38804,2.3081,9,7574743083,5,Financial Services,31.835,27167352300,3502782
2026-08-14,RGTI,2030-12-31,-0.13667,-0.09482824,-0.19857,1,223255667,3,Technology,18.815,6254083554,12616379.92716
2026-08-14,RGTI,2029-12-31,-0.21667,-0.15034,-0.3148,1,129069667,4,Technology,18.815,6254083554,12616379.92716
2026-08-14,RGTI,2028-12-31,-0.198,-0.13238,-0.28203,5,75843800,6,Technology,18.815,6254083554,12616379.92716
2026-08-14,RGTI,2027-12-31,-0.18534,-0.11706,-0.22436,7,52504483,9,Technology,18.815,6254083554,12616379.92716
2026-08-14,RHI,2029-12-31,2.99,3.0435,2.94955,1,6070000000,4,Industrials,43.04,4402733760,581320
2026-08-14,RHI,2028-12-31,2.48522,2.83598,2.07892,5,5817296333,6,Industrials,43.04,4402733760,581320
2026-08-14,RHI,2027-12-31,1.97038,2.07663,1.90277,7,5531828503,7,Industrials,43.04,4402733760,581320
2026-08-14,RHI,2026-12-31,1.26819,1.29768,1.2387,7,5313036333,7,Industrials,43.04,4402733760,581320
2026-08-14,RIO,2030-12-31,6.91,7.63461,6.04786,5,64510000000,9,Basic Materials,95.685,155490015927,1500349
2026-08-14,RIO,2029-12-31,8.30293,9.17361,7.26699,5,71335756067,10,Basic Materials,95.685,155490015927,1500349
2026-08-14,RIO,2028-12-31,8.13144,9.08282,6.80622,8,65960244557,18,Basic Materials,95.685,155490015927,1500349
2026-08-14,RIO,2027-12-31,8.3032,9.63171,7.62972,6,65110326348,15,Basic Materials,95.685,155490015927,1500349
2026-08-14,RIOT,2030-12-31,0.95,1.21872,0.66471,3,2795127405,5,Technology,19.15,7241596055,12483108.4587
2026-08-14,RIOT,2029-12-31,2.0996,2.69351,1.46908,3,1911993200,5,Technology,19.15,7241596055,12483108.4587
2026-08-14,RIOT,2028-12-31,-0.52561,-0.03142473,-0.98763,9,909157425,11,Technology,19.15,7241596055,12483108.4587
2026-08-14,RIOT,2027-12-31,-0.83083,-0.28041,-1.54742,8,790718319,14,Technology,19.15,7241596055,12483108.4587
2026-08-14,RITM,2028-12-31,2.45684,2.52431,2.33954,3,6850150000,1,Financial Services,10.365,5787888555,2033019
2026-08-14,RITM,2027-12-31,2.35772,2.47299,2.1691,7,6302060571,5,Financial Services,10.365,5787888555,2033019
2026-08-14,RITM,2026-12-31,2.28426,2.36658,2.20194,6,5852611143,5,Financial Services,10.365,5787888555,2033019
2026-08-14,RITM,2025-12-31,2.17448,2.20496,2.13384,5,4457060000,4,Financial Services,10.365,5787888555,2033019
2026-08-14,RIVN,2030-12-31,0.322,0.44743,0.26534,3,34987240000,15,Consumer Cyclical,15.625,18966842328,9322680.18637
2026-08-14,RIVN,2029-12-31,-0.66,-0.54387,-0.91708,3,27056740000,9,Consumer Cyclical,15.625,18966842328,9322680.18637
2026-08-14,RIVN,2028-12-31,-1.29604,-0.58392,-1.80485,9,16044586520,19,Consumer Cyclical,15.625,18966842328,9322680.18637
2026-08-14,RIVN,2027-12-31,-1.89806,-1.42354,-2.8019,13,11812514842,19,Consumer Cyclical,15.625,18966842328,9322680.18637
2026-08-14,RKLB,2030-12-31,0.92,1.01121,0.81757,2,2643366667,4,Industrials,79.93,46268877277,10899615.69072
2026-08-14,RKLB,2029-12-31,0.575,0.632,0.51098,3,2117360000,4,Industrials,79.93,46268877277,10899615.69072
2026-08-14,RKLB,2028-12-31,0.31222,0.73372,0.1405,6,1797596587,9,Industrials,79.93,46268877277,10899615.69072
2026-08-14,RKLB,2027-12-31,-0.001035,0.0005175,-0.0025875,9,1314692699,13,Industrials,79.93,46268877277,10899615.69072
2026-08-14,RKT,2028-12-31,1.11257,1.3216,0.9131,5,13340717784,5,Financial Services,14.805,41809529994,11159072
2026-08-14,RKT,2027-12-31,0.97959,1.03061,0.91837,10,12657246281,8,Financial Services,14.805,41809529994,11159072
2026-08-14,RKT,2026-12-31,0.67017,0.74125,0.60925,10,11433608203,8,Financial Services,14.805,41809529994,11159072
2026-08-14,RKT,2025-12-31,0.24231,0.26169,0.23262,8,6314397560,5,Financial Services,14.805,41809529994,11159072
2026-08-14,RLAY,2030-12-31,-0.15143,-0.06043931,-0.41704,4,460423857,5,Healthcare,19.76,4330238629,817878.98605
2026-08-14,RLAY,2029-12-31,-1.0075,-0.40212,-2.77467,4,183528250,5,Healthcare,19.76,4330238629,817878.98605
2026-08-14,RLAY,2028-12-31,-1.508,-1.20019,-1.71175,10,35772444,10,Healthcare,19.76,4330238629,817878.98605
2026-08-14,RLAY,2027-12-31,-1.60343,-1.49456,-1.66282,7,15990000,7,Healthcare,19.76,4330238629,817878.98605
2026-08-14,RLJ,2028-12-31,0,0,0,1,1449974700,2,Real Estate,11.025,1675025229,508706
2026-08-14,RLJ,2027-12-31,0.047942,0.04863181,0.04656237,3,1410400511,7,Real Estate,11.025,1675025229,508706
2026-08-14,RLJ,2026-12-31,0.008962,0.00940692,0.0086442,3,1381685867,7,Real Estate,11.025,1675025229,508706
2026-08-14,RLJ,2025-12-31,-0.006528,-0.00647964,-0.00657636,4,1339224822,6,Real Estate,11.025,1675025229,508706
2026-08-14,RMBS,2029-12-31,4.83,5.21059,4.62464,1,1327700000,4,Technology,99.435,10784879196,647925
2026-08-14,RMBS,2028-12-31,4.70143,7.653,3.60513,5,1232614143,6,Technology,99.435,10784879196,647925
2026-08-14,RMBS,2027-12-31,3.75125,4.04684,3.59176,5,987867256,6,Technology,99.435,10784879196,647925
2026-08-14,RMBS,2026-12-31,3.035,3.27415,2.90596,5,825647244,6,Technology,99.435,10784879196,647925
2026-08-14,RMD,2030-06-30,16.15,16.84671,15.46419,1,7700600000,1,Healthcare,225.18,32663796549,537594
2026-08-14,RMD,2029-06-30,14.1025,14.71088,13.50364,1,6807265500,2,Healthcare,225.18,32663796549,537594
2026-08-14,RMD,2028-06-30,13.26134,13.41293,13.17033,3,6335236691,6,Healthcare,225.18,32663796549,537594
2026-08-14,RMD,2027-06-30,12.05901,12.27972,11.7781,6,5944947913,7,Healthcare,225.18,32663796549,537594
2026-08-14,RNG,2030-12-31,8.295,8.45869,8.21756,1,3298300000,4,Technology,64.52,5563408688,628593
2026-08-14,RNG,2029-12-31,7.4,7.54603,7.33092,1,3114700000,4,Technology,64.52,5563408688,628593
2026-08-14,RNG,2028-12-31,6.16673,7.20373,5.12973,2,2884760367,9,Technology,64.52,5563408688,628593
2026-08-14,RNG,2027-12-31,5.58115,6.11075,4.47103,8,2761555906,12,Technology,64.52,5563408688,628593
2026-08-14,RNST,2027-12-31,3.92857,3.9884,3.8488,6,1160613833,5,Financial Services,43.425,3969185263,754484
2026-08-14,RNST,2026-12-31,3.78286,3.82278,3.75292,6,1124144500,5,Financial Services,43.425,3969185263,754484
2026-08-14,RNST,2025-12-31,2.03429,2.04869,2.02737,3,993631883,4,Financial Services,43.425,3969185263,754484
2026-08-14,RNST,2024-12-31,3.24333,3.30452,3.1699,4,667715600,3,Financial Services,43.425,3969185263,754484
2026-08-14,ROIV,2031-03-31,2.702,7.03975,0.69305,3,4771204200,3,Healthcare,36.235,26176381410,2453899.90815
2026-08-14,ROIV,2030-03-31,1.56,4.0644,0.40013,2,3290304600,4,Healthcare,36.235,26176381410,2453899.90815
2026-08-14,ROIV,2029-03-31,-0.083016,0.56125,-0.49501,6,1691507378,8,Healthcare,36.235,26176381410,2453899.90815
2026-08-14,ROIV,2028-03-31,-1.04645,-0.26841,-2.7264,3,586243715,7,Healthcare,36.235,26176381410,2453899.90815
2026-08-14,ROKU,2030-12-31,6.85,7.14463,6.63684,5,7695000000,12,Communication Services,157.265,23329029950,957740.90167
2026-08-14,ROKU,2029-12-31,6.29001,6.56056,6.09428,9,7490136561,8,Communication Services,157.265,23329029950,957740.90167
2026-08-14,ROKU,2028-12-31,5.41969,6.49215,4.38963,12,7033518543,14,Communication Services,157.265,23329029950,957740.90167
2026-08-14,ROKU,2027-12-31,3.61686,4.4453,3.23295,14,6248600222,21,Communication Services,157.265,23329029950,957740.90167
2026-08-14,ROL,2030-12-31,1.67,1.71659,1.62587,2,5433157300,5,Industrials,36.255,17443926622,1638414
2026-08-14,ROL,2029-12-31,1.6452,1.6911,1.60172,3,5254080646,5,Industrials,36.255,17443926622,1638414
2026-08-14,ROL,2028-12-31,1.43887,1.54203,1.3718,6,4817434186,11,Industrials,36.255,17443926622,1638414
2026-08-14,ROL,2027-12-31,1.28347,1.3807,1.22513,12,4444889220,13,Industrials,36.255,17443926622,1638414
2026-08-14,ROST,2030-01-31,9.31,9.64748,9.02772,3,27904000000,4,Consumer Cyclical,244.6265,78471551888,932926.39514
2026-08-14,ROST,2029-01-31,9.45536,10.74375,8.62213,8,28503813596,8,Consumer Cyclical,244.6265,78471551888,932926.39514
2026-08-14,ROST,2028-01-31,8.62837,8.95397,8.43505,15,26755375479,13,Consumer Cyclical,244.6265,78471551888,932926.39514
2026-08-14,ROST,2027-01-31,7.83733,8.03984,7.68544,15,25157478899,13,Consumer Cyclical,244.6265,78471551888,932926.39514
2026-08-14,RPD,2029-12-31,1.97,2.02048,1.91082,1,904000000,3,Technology,12.8541,859047215,826667.18209
2026-08-14,RPD,2028-12-31,1.6346,1.84572,1.48925,3,851985938,7,Technology,12.8541,859047215,826667.18209
2026-08-14,RPD,2027-12-31,1.54261,1.72175,1.38337,15,836946229,19,Technology,12.8541,859047215,826667.18209
2026-08-14,RPD,2026-12-31,1.55609,1.57604,1.52617,14,838669023,19,Technology,12.8541,859047215,826667.18209
2026-08-14,RPRX,2030-12-31,7.56,7.70087,7.34428,1,4910000000,2,Healthcare,58.6046,25977895460,678602.65385
2026-08-14,RPRX,2029-12-31,6.95,7.07951,6.75169,1,4540000000,2,Healthcare,58.6046,25977895460,678602.65385
2026-08-14,RPRX,2028-12-31,6.37745,8.45099,4.30391,2,4079458663,4,Healthcare,58.6046,25977895460,678602.65385
2026-08-14,RPRX,2027-12-31,5.65537,6.11533,4.98634,4,3753059263,4,Healthcare,58.6046,25977895460,678602.65385
2026-08-14,RRC,2030-12-31,5.69,6.32569,5.22517,2,4254000000,3,Energy,40.335,9425482800,745086
2026-08-14,RRC,2029-12-31,6.27727,6.97857,5.76446,3,4571295100,4,Energy,40.335,9425482800,745086
2026-08-14,RRC,2028-12-31,4.63104,6.28879,3.60432,6,3886742884,6,Energy,40.335,9425482800,745086
2026-08-14,RRC,2027-12-31,3.96378,5.11383,3.38317,13,3624882941,7,Energy,40.335,9425482800,745086
2026-08-14,RRX,2030-12-31,20.40526,20.83585,19.97629,1,8884108265,2,Industrials,175.29,11668980451,563271.29783
2026-08-14,RRX,2029-12-31,17.20657,17.56966,16.84485,1,8132888596,2,Industrials,175.29,11668980451,563271.29783
2026-08-14,RRX,2028-12-31,14.77765,15.08949,14.46699,1,7390736815,4,Industrials,175.29,11668980451,563271.29783
2026-08-14,RRX,2027-12-31,13.19265,13.47521,12.91009,7,7065673560,9,Industrials,175.29,11668980451,563271.29783
2026-08-14,RSI,2028-12-31,1.08447,1.16345,1.01819,1,2119283800,5,Consumer Cyclical,25.58,6331153778,567770
2026-08-14,RSI,2027-12-31,0.84679,0.91364,0.77994,4,1836898455,8,Consumer Cyclical,25.58,6331153778,567770
2026-08-14,RSI,2026-12-31,0.61992,0.65092,0.58892,3,1587854000,7,Consumer Cyclical,25.58,6331153778,567770
2026-08-14,RSI,2025-12-31,0.40283,0.41266,0.393,3,1115095851,5,Consumer Cyclical,25.58,6331153778,567770
2026-08-14,RTO,2030-12-31,1.50362,1.53014,1.47357,5,6334743788,7,Industrials,23.875,12015046000,551721
2026-08-14,RTO,2029-12-31,1.34428,1.36799,1.31741,5,6138569512,10,Industrials,23.875,12015046000,551721
2026-08-14,RTO,2028-12-31,1.27197,1.38577,1.12751,8,5839456090,15,Industrials,23.875,12015046000,551721
2026-08-14,RTO,2027-12-31,1.162,1.45726,0.85721,5,5593834752,12,Industrials,23.875,12015046000,551721
2026-08-14,RTX,2030-12-31,10.32667,10.65847,9.98753,4,120332000000,9,Industrials,222.05,299269686327,1395994
2026-08-14,RTX,2029-12-31,9.64639,9.95633,9.3296,4,116249526734,10,Industrials,222.05,299269686327,1395994
2026-08-14,RTX,2028-12-31,8.74677,9.4072,8.17095,11,110636698451,18,Industrials,222.05,299269686327,1395994
2026-08-14,RTX,2027-12-31,7.89192,8.10549,7.45461,15,103252514064,17,Industrials,222.05,299269686327,1395994
2026-08-14,RUN,2030-12-31,0.565,0.719,0.38532,5,3773839255,6,Technology,10.085,2405766665,3760561.54829
2026-08-14,RUN,2029-12-31,1.41667,1.8028,0.96615,9,3487945555,11,Technology,10.085,2405766665,3760561.54829
2026-08-14,RUN,2028-12-31,0.70087,4.75876,-2.64376,12,3693470347,13,Technology,10.085,2405766665,3760561.54829
2026-08-14,RUN,2027-12-31,0.489,2.52221,-2.03321,12,3272491730,16,Technology,10.085,2405766665,3760561.54829
2026-08-14,RXO,2030-12-31,1.44,1.59381,1.30757,1,7259000000,3,Industrials,23.6,3892119363,503727
2026-08-14,RXO,2029-12-31,2.07,2.2911,1.87963,1,7878000000,4,Industrials,23.6,3892119363,503727
2026-08-14,RXO,2028-12-31,0.9193,1.05462,0.78398,2,7603508760,6,Industrials,23.6,3892119363,503727
2026-08-14,RXO,2027-12-31,0.53948,0.70132,0.44957,12,6896867868,14,Industrials,23.6,3892119363,503727
2026-08-14,RYN,2028-12-31,0.77581,0.83504,0.67407,1,1699078399,3,Real Estate,21.595,3341569270,1096224
2026-08-14,RYN,2027-12-31,0.67747,0.83295,0.46645,4,1593869399,4,Real Estate,21.595,3341569270,1096224
2026-08-14,RYN,2026-12-31,0.46855,0.73211,0.13178,2,1453691836,4,Real Estate,21.595,3341569270,1096224
2026-08-14,RYN,2025-12-31,0.47587,0.49612,0.45562,3,476781846,4,Real Estate,21.595,3341569270,1096224
2026-08-14,S,2030-01-31,0.84,0.85686,0.82721,1,1922000000,5,Technology,23.33,7856261130,3583314
2026-08-14,S,2029-01-31,0.71804,1.08599,0.16089,5,1638095920,10,Technology,23.33,7856261130,3583314
2026-08-14,S,2028-01-31,0.49908,0.64465,0.29113,13,1411872989,26,Technology,23.33,7856261130,3583314
2026-08-14,S,2027-01-31,0.34895,0.37803,0.31987,14,1200113568,26,Technology,23.33,7856261130,3583314
2026-08-14,SAN,2029-12-31,1.48202,1.52836,1.431,9,73551173809,11,Financial Services,14.675,215402918255,11282635
2026-08-14,SAN,2028-12-31,1.44528,1.67323,0.82653,12,72016690567,13,Financial Services,14.675,215402918255,11282635
2026-08-14,SAN,2027-12-31,1.25427,1.40125,0.9995,5,68975361391,9,Financial Services,14.675,215402918255,11282635
2026-08-14,SAN,2026-12-31,1.04278,1.2332,0.84329,4,63410304409,9,Financial Services,14.675,215402918255,11282635
2026-08-14,SAP,2030-12-31,11.97548,12.33222,11.68355,5,59487242802,9,Technology,208.86,243371016353,1730993
2026-08-14,SAP,2029-12-31,10.73089,11.05055,10.4693,9,55169116787,10,Technology,208.86,243371016353,1730993
2026-08-14,SAP,2028-12-31,9.69757,11.21674,8.26071,12,50152643354,18,Technology,208.86,243371016353,1730993
2026-08-14,SAP,2027-12-31,8.27289,8.92259,8.00435,11,45001075489,18,Technology,208.86,243371016353,1730993
2026-08-14,SARO,2030-12-31,2.165,2.24514,2.05666,3,8806779000,4,Industrials,27.81,9246045541,1539791
2026-08-14,SARO,2029-12-31,1.9267,1.99802,1.83029,3,8089938975,4,Industrials,27.81,9246045541,1539791
2026-08-14,SARO,2028-12-31,1.89518,2.1367,1.75778,9,7749173739,9,Industrials,27.81,9246045541,1539791
2026-08-14,SARO,2027-12-31,1.59254,1.64942,1.47879,8,7069216621,9,Industrials,27.81,9246045541,1539791
2026-08-14,SBCF,2027-12-31,2.76,2.8295,2.73022,5,900985400,4,Financial Services,36.0115,3502003138,595231.52204
2026-08-14,SBCF,2026-12-31,2.55,2.6004,2.51976,5,849973400,4,Financial Services,36.0115,3502003138,595231.52204
2026-08-14,SBCF,2025-12-31,1.91,2.06,1.68,4,651446620,3,Financial Services,36.0115,3502003138,595231.52204
2026-08-14,SBCF,2024-12-31,1.43,1.48144,1.35799,4,514572400,3,Financial Services,36.0115,3502003138,595231.52204
2026-08-14,SBLK,2029-12-31,4.527,4.97543,4.11783,1,870992638,1,Industrials,28.956,3229489493,702627.11937
2026-08-14,SBLK,2028-12-31,4.65649,5.97173,3.34126,2,1148175184,2,Industrials,28.956,3229489493,702627.11937
2026-08-14,SBLK,2027-12-31,3.91442,4.30217,3.56062,3,1145219222,3,Industrials,28.956,3229489493,702627.11937
2026-08-14,SBLK,2026-12-31,4.15723,4.56903,3.78148,2,1156571989,2,Industrials,28.956,3229489493,702627.11937
2026-08-14,SBRA,2030-12-31,0,0,0,1,1364441000,2,Real Estate,20.2679,5111363626,926721.37403
2026-08-14,SBRA,2029-12-31,0.84,0.93256,0.75723,1,1255943000,2,Real Estate,20.2679,5111363626,926721.37403
2026-08-14,SBRA,2028-12-31,0.85196,0.87952,0.81995,4,1023930250,5,Real Estate,20.2679,5111363626,926721.37403
2026-08-14,SBRA,2027-12-31,0.78725,0.80645,0.76805,5,989580927,5,Real Estate,20.2679,5111363626,926721.37403
2026-08-14,SBSW,2030-12-31,38.24441,45.89575,30.08259,1,157429496574,5,Basic Materials,10.745,7603611313,2301276
2026-08-14,SBSW,2029-12-31,20.90946,25.0927,16.44713,1,132928833483,3,Basic Materials,10.745,7603611313,2301276
2026-08-14,SBSW,2028-12-31,34.1222,40.94883,26.84011,1,159508287944,3,Basic Materials,10.745,7603611313,2301276
2026-08-14,SBSW,2027-12-31,34.65331,41.5862,27.25787,1,172272563360,7,Basic Materials,10.745,7603611313,2301276
2026-08-14,SBUX,2030-09-28,5.07,5.27368,4.89588,8,46056800000,12,Consumer Cyclical,108.2196,123370344000,1254366.47249
2026-08-14,SBUX,2029-09-28,4.36822,4.54371,4.2182,7,43425329917,12,Consumer Cyclical,108.2196,123370344000,1254366.47249
2026-08-14,SBUX,2028-09-28,3.73022,4.31409,3.02506,11,40562949947,25,Consumer Cyclical,108.2196,123370344000,1254366.47249
2026-08-14,SBUX,2027-09-28,3.14022,3.46229,2.86847,20,38525685633,23,Consumer Cyclical,108.2196,123370344000,1254366.47249
2026-08-14,SCHW,2030-12-31,10.25,10.76788,9.5534,2,38447000000,6,Financial Services,110.92,192905408800,3259145
2026-08-14,SCHW,2029-12-31,9.53706,10.01892,8.88891,3,36062501026,6,Financial Services,110.92,192905408800,3259145
2026-08-14,SCHW,2028-12-31,9.12046,9.842,8.17994,6,34850860492,8,Financial Services,110.92,192905408800,3259145
2026-08-14,SCHW,2027-12-31,7.88354,8.53882,6.9359,14,31665119166,13,Financial Services,110.92,192905408800,3259145
2026-08-14,SDGR,2030-12-31,0.4,0.50783,0.35181,1,406500000,2,Technology,17.875,1335632942,521049.46269
2026-08-14,SDGR,2029-12-31,-0.01,-0.00879522,-0.01269569,1,371800000,1,Technology,17.875,1335632942,521049.46269
2026-08-14,SDGR,2028-12-31,-0.93696,1.88143,-3.75535,2,321915532,3,Technology,17.875,1335632942,521049.46269
2026-08-14,SDGR,2027-12-31,-1.46737,0.62363,-3.09982,3,266652747,5,Technology,17.875,1335632942,521049.46269
2026-08-14,SE,2030-12-31,8.44,8.98142,7.23817,6,50861800000,7,Consumer Cyclical,122.695,73659855646,2109640
2026-08-14,SE,2029-12-31,7.3,7.76829,6.2605,9,45877400000,10,Consumer Cyclical,122.695,73659855646,2109640
2026-08-14,SE,2028-12-31,6.1405,8.11219,4.25965,15,42980710261,15,Consumer Cyclical,122.695,73659855646,2109640
2026-08-14,SE,2027-12-31,4.84724,5.29954,4.39494,10,36899702314,17,Consumer Cyclical,122.695,73659855646,2109640
2026-08-14,SEDG,2030-12-31,3.23,3.92904,2.83533,4,1923035000,8,Energy,32.3,1964427925,1054636
2026-08-14,SEDG,2029-12-31,3.35,4.07501,2.94067,4,1849030333,13,Energy,32.3,1964427925,1054636
2026-08-14,SEDG,2028-12-31,1.94367,5.29004,0.04787365,10,1658638827,17,Energy,32.3,1964427925,1054636
2026-08-14,SEDG,2027-12-31,1.05313,1.62635,0.42658,13,1494644953,18,Energy,32.3,1964427925,1054636
2026-08-14,SEI,2030-12-31,8.6842,9.76081,7.80083,1,2341721550,5,Energy,62.73,3844283845,1184398
2026-08-14,SEI,2029-12-31,8.4973,9.55074,7.63294,1,2315006000,3,Energy,62.73,3844283845,1184398
2026-08-14,SEI,2028-12-31,4.98774,5.92306,3.92684,5,1711324806,7,Energy,62.73,3844283845,1184398
2026-08-14,SEI,2027-12-31,2.58948,3.09111,1.80315,6,1238608232,7,Energy,62.73,3844283845,1184398
2026-08-14,SFD,2028-12-28,2.62912,2.64851,2.60972,2,16257567530,4,Consumer Defensive,22.7377,8946767963,799697.93136
2026-08-14,SFD,2027-12-28,2.57859,2.62087,2.52836,3,15844866295,3,Consumer Defensive,22.7377,8946767963,799697.93136
2026-08-14,SFD,2026-12-28,2.6448,2.68816,2.59328,3,15729406508,3,Consumer Defensive,22.7377,8946767963,799697.93136
2026-08-14,SFD,2025-12-28,2.38558,2.40554,2.36562,4,15412996676,3,Consumer Defensive,22.7377,8946767963,799697.93136
2026-08-14,SFL,2028-12-31,1.08851,1.12752,1.06369,3,847166667,3,Industrials,12.39,1647611359,537068.2683
2026-08-14,SFL,2027-12-31,0.82,1.32456,0.38633,4,777225000,4,Industrials,12.39,1647611359,537068.2683
2026-08-14,SFL,2026-12-31,0.36,0.6808,0.11008,4,685400000,4,Industrials,12.39,1647611359,537068.2683
2026-08-14,SFL,2025-12-31,0.048883,0.05037941,0.04745006,4,725209044,4,Industrials,12.39,1647611359,537068.2683
2026-08-14,SFNC,2028-12-31,2.48,2.49956,2.44956,2,1102164638,1,Financial Services,23.995,3480810680,2120936.84462
2026-08-14,SFNC,2027-12-31,2.2,2.24,2.15,5,1046338950,5,Financial Services,23.995,3480810680,2120936.84462
2026-08-14,SFNC,2026-12-31,2.04143,2.05139,2.03147,5,1004197559,5,Financial Services,23.995,3480810680,2120936.84462
2026-08-14,SFNC,2025-12-31,1.66333,1.68313,1.62373,5,909270588,4,Financial Services,23.995,3480810680,2120936.84462
2026-08-14,SGHC,2030-12-31,1.24151,1.27075,1.20129,1,3196178510,2,Consumer Cyclical,13.3,6757421280,973584
2026-08-14,SGHC,2029-12-31,1.12785,1.15441,1.09131,1,2979526970,2,Consumer Cyclical,13.3,6757421280,973584
2026-08-14,SGHC,2028-12-31,0.9508,1.03098,0.81619,3,2693649208,4,Consumer Cyclical,13.3,6757421280,973584
2026-08-14,SGHC,2027-12-31,0.85486,0.87499,0.82716,2,2487840649,5,Consumer Cyclical,13.3,6757421280,973584
2026-08-14,SGI,2030-12-31,5.87,6.00057,5.62908,1,9016500000,2,Consumer Cyclical,65.965,13876759614,900914
2026-08-14,SGI,2029-12-31,5.32,5.43834,5.10165,1,8691800000,2,Consumer Cyclical,65.965,13876759614,900914
2026-08-14,SGI,2028-12-31,4.87206,4.89757,4.84655,2,8666084794,5,Consumer Cyclical,65.965,13876759614,900914
2026-08-14,SGI,2027-12-31,3.87483,4.10218,3.65737,7,8168767114,9,Consumer Cyclical,65.965,13876759614,900914
2026-08-14,SGML,2029-12-31,0.99,1.1259,0.8669,1,564000000,1,Basic Materials,11.6469,1297499601,3253134.87078
2026-08-14,SGML,2028-12-31,0.17,0.19334,0.14886,1,776300000,1,Basic Materials,11.6469,1297499601,3253134.87078
2026-08-14,SGML,2027-12-31,1.675,1.90493,1.46672,1,542696333,2,Basic Materials,11.6469,1297499601,3253134.87078
2026-08-14,SGML,2026-12-31,1.2039,1.36916,1.0542,1,387572333,2,Basic Materials,11.6469,1297499601,3253134.87078
2026-08-14,SGMT,2030-12-31,0.36669,0.36669,0.36669,5,252458850,6,Healthcare,10.06,327772878,1407883.28959
2026-08-14,SGMT,2029-12-31,-0.98357,-0.98357,-0.98357,5,91446337,6,Healthcare,10.06,327772878,1407883.28959
2026-08-14,SGMT,2028-12-31,-1.53901,-0.85014,-2.87048,8,23869429,8,Healthcare,10.06,327772878,1407883.28959
2026-08-14,SGMT,2027-12-31,-1.25061,-0.7677,-1.65923,7,7526500,6,Healthcare,10.06,327772878,1407883.28959
2026-08-14,SGRY,2029-12-31,1.18,1.21347,1.16185,1,4464500000,2,Healthcare,15.15,1981438200,551693.11404
2026-08-14,SGRY,2028-12-31,0.83828,2.28111,-1.12404,3,3810626984,4,Healthcare,15.15,1981438200,551693.11404
2026-08-14,SGRY,2027-12-31,0.62801,0.66495,0.59107,6,3586243163,8,Healthcare,15.15,1981438200,551693.11404
2026-08-14,SGRY,2026-12-31,0.42904,0.52438,0.32178,6,3409276579,8,Healthcare,15.15,1981438200,551693.11404
2026-08-14,SHAK,2030-12-31,2.45,2.51604,2.36657,1,2769200000,5,Consumer Cyclical,75.2213,3035232110,659191
2026-08-14,SHAK,2029-12-31,1.94,1.99229,1.87393,1,2452300000,5,Consumer Cyclical,75.2213,3035232110,659191
2026-08-14,SHAK,2028-12-31,1.82426,2.18127,1.44104,5,2146328630,10,Consumer Cyclical,75.2213,3035232110,659191
2026-08-14,SHAK,2027-12-31,1.41096,1.74541,0.6689,14,1891216636,20,Consumer Cyclical,75.2213,3035232110,659191
2026-08-14,SHAZ,2029-12-31,11.61,12.82636,10.13027,1,6412923000,1,Technology,75.86,2658712453,728456
2026-08-14,SHAZ,2028-12-31,-3.2525,-2.83796,-3.59326,1,2490915250,2,Technology,75.86,2658712453,728456
2026-08-14,SHAZ,2027-12-31,-2.61,-2.27735,-2.88344,1,1410800000,2,Technology,75.86,2658712453,728456
2026-08-14,SHAZ,2026-12-31,-2.418,-2.10982,-2.67133,1,152730600,2,Technology,75.86,2658712453,728456
2026-08-14,SHEL,2030-12-31,10.72709,12.37282,8.71675,1,306070500000,12,Energy,90.81,253186906950,3225214
2026-08-14,SHEL,2029-12-31,10.02441,11.56233,8.14575,1,305744500000,8,Energy,90.81,253186906950,3225214
2026-08-14,SHEL,2028-12-31,9.25081,9.82414,8.74069,5,303023537221,14,Energy,90.81,253186906950,3225214
2026-08-14,SHEL,2027-12-31,8.93211,9.72892,8.11563,8,301760947823,11,Energy,90.81,253186906950,3225214
2026-08-14,SHO,2028-12-31,0.16599,0.17544,0.15891,1,966795230,3,Real Estate,10.925,2035232125,730592.89034
2026-08-14,SHO,2027-12-31,0.19439,0.20828,0.18844,3,972801671,6,Real Estate,10.925,2035232125,730592.89034
2026-08-14,SHO,2026-12-31,0.44959,0.47923,0.41995,3,974743516,6,Real Estate,10.925,2035232125,730592.89034
2026-08-14,SHO,2025-12-31,0.010364,0.01048738,0.009922,2,937906399,5,Real Estate,10.925,2035232125,730592.89034
2026-08-14,SHOP,2030-12-31,4.48609,5.069,4.14091,5,33166050718,11,Technology,154.9959,201131155481,3318647.54882
2026-08-14,SHOP,2029-12-31,3.77951,4.27061,3.4887,9,28055067239,14,Technology,154.9959,201131155481,3318647.54882
2026-08-14,SHOP,2028-12-31,3.24376,4.0605,2.55661,12,23567941419,22,Technology,154.9959,201131155481,3318647.54882
2026-08-14,SHOP,2027-12-31,2.42378,2.94085,2.05752,28,18963823984,37,Technology,154.9959,201131155481,3318647.54882
2026-08-14,SIMO,2029-12-31,18.92,23.00998,14.97461,1,3181500000,3,Technology,264.585,8878235136,739156.54631
2026-08-14,SIMO,2028-12-31,19.84381,23.37928,16.62044,5,2840088895,7,Technology,264.585,8878235136,739156.54631
2026-08-14,SIMO,2027-12-31,15.35031,22.47449,11.58321,6,2365006499,9,Technology,264.585,8878235136,739156.54631
2026-08-14,SIMO,2026-12-31,11.18907,11.78848,10.61463,5,1854732800,8,Technology,264.585,8878235136,739156.54631
2026-08-14,SIRI,2030-12-31,4.49067,4.72074,4.42465,3,10068633515,5,Communication Services,28.2256,9513915069,1051040.48798
2026-08-14,SIRI,2029-12-31,3.9088,4.10906,3.85134,3,9443177221,5,Communication Services,28.2256,9513915069,1051040.48798
2026-08-14,SIRI,2028-12-31,3.46173,3.89851,2.74528,9,8850833088,10,Communication Services,28.2256,9513915069,1051040.48798
2026-08-14,SIRI,2027-12-31,3.28838,3.63505,3.13981,10,8687957574,10,Communication Services,28.2256,9513915069,1051040.48798
2026-08-14,SKHY,2030-12-31,123832.63428,143535.94283,93899.55121,1,1362159079011451,15,Technology,165.69,1176158568898,16950382.46871
2026-08-14,SKHY,2029-12-31,75555.56614,87577.39416,57292.11684,1,907945985788169,9,Technology,165.69,1176158568898,16950382.46871
2026-08-14,SKHY,2028-12-31,53809.15652,62370.86095,40802.29479,1,631660890606746,8,Technology,165.69,1176158568898,16950382.46871
2026-08-14,SKHY,2027-12-31,49409.97131,52185.27165,46634.67097,2,561790029987818,19,Technology,165.69,1176158568898,16950382.46871
2026-08-14,SKM,2030-12-31,0,0,0,0,19010067439504,6,Communication Services,38.512,14784300048,1769258
2026-08-14,SKM,2029-12-31,3948.94415,4129.37666,3948.08522,1,18774064369984,11,Communication Services,38.512,14784300048,1769258
2026-08-14,SKM,2028-12-31,4022.73283,4206.53684,4021.85785,1,19190307015900,7,Communication Services,38.512,14784300048,1769258
2026-08-14,SKM,2027-12-31,3746.56993,4364.42532,3115.56868,1,18872065396477,13,Communication Services,38.512,14784300048,1769258
2026-08-14,SLB,2030-12-31,4.34,4.53599,3.96747,5,44985000000,12,Energy,53.72,79728176357,4353917
2026-08-14,SLB,2029-12-31,4.14239,4.32945,3.78683,5,43646553373,8,Energy,53.72,79728176357,4353917
2026-08-14,SLB,2028-12-31,3.8002,4.56732,2.87572,8,42656747268,14,Energy,53.72,79728176357,4353917
2026-08-14,SLB,2027-12-31,3.23525,3.39651,3.01352,17,39852123276,19,Energy,53.72,79728176357,4353917
2026-08-14,SLN,2030-12-31,-0.515,0.10601,-2.19779,1,169700000,2,Healthcare,13.705,647341257,505041.11642
2026-08-14,SLN,2029-12-31,-0.625,0.12866,-2.66722,1,72100000,2,Healthcare,13.705,647341257,505041.11642
2026-08-14,SLN,2028-12-31,-0.64792,0.13338,-2.76503,1,15009451,1,Healthcare,13.705,647341257,505041.11642
2026-08-14,SLN,2027-12-31,-0.62527,-0.40418,-0.87054,2,4617817,4,Healthcare,13.705,647341257,505041.11642
2026-08-14,SLS,2030-12-31,2.55,2.55,2.55,1,630286000,1,Healthcare,12.71,2364479430,2684779.39846
2026-08-14,SLS,2029-12-31,1.33,1.33,1.33,1,357586000,1,Healthcare,12.71,2364479430,2684779.39846
2026-08-14,SLS,2028-12-31,0.015,0.28,-0.25,2,122043000,1,Healthcare,12.71,2364479430,2684779.39846
2026-08-14,SLS,2027-12-31,-0.125,-0.125,-0.125,2,53094000,1,Healthcare,12.71,2364479430,2684779.39846
2026-08-14,SM,2030-12-31,8.67,9.46627,7.82695,2,7252000000,3,Energy,33.73,8086733770,2467788
2026-08-14,SM,2029-12-31,8.04,8.77841,7.25821,3,7313000000,4,Energy,33.73,8086733770,2467788
2026-08-14,SM,2028-12-31,7.53731,9.85092,5.18924,6,7410820898,6,Energy,33.73,8086733770,2467788
2026-08-14,SM,2027-12-31,7.14572,8.55568,6.27289,8,7351708131,8,Energy,33.73,8086733770,2467788
2026-08-14,SMCI,2029-06-30,4.3365,5.23374,3.70703,1,65911903074,2,Technology,40.095,25936372935,44480278.0169
2026-08-14,SMCI,2028-06-30,3.68427,4.10631,3.22801,3,63425238602,9,Technology,40.095,25936372935,44480278.0169
2026-08-14,SMCI,2027-06-30,3.23893,4.79132,2.5394,11,52993213183,13,Technology,40.095,25936372935,44480278.0169
2026-08-14,SMCI,2026-06-30,2.80316,2.85791,2.68271,10,39542722655,12,Technology,40.095,25936372935,44480278.0169
2026-08-14,SMFG,2031-03-31,471.3047,575.66179,416.01965,1,11151103798281,1,Financial Services,26.235,101641316040,572935.74875
2026-08-14,SMFG,2030-03-31,437.89577,534.8554,386.52966,1,17170949037156,2,Financial Services,26.235,101641316040,572935.74875
2026-08-14,SMFG,2029-03-31,347.67897,424.66264,306.89549,1,6151677481456,2,Financial Services,26.235,101641316040,572935.74875
2026-08-14,SMFG,2028-03-31,317.58464,320.68303,314.48625,1,5799021179226,4,Financial Services,26.235,101641316040,572935.74875
2026-08-14,SMMT,2030-12-31,1.57875,5.4124,-0.10835,4,3584153667,6,Healthcare,13.54,10801529611,6539407.90919
2026-08-14,SMMT,2029-12-31,0.27034,0.9268,-0.01855397,2,1785462311,10,Healthcare,13.54,10801529611,6539407.90919
2026-08-14,SMMT,2028-12-31,-0.5736,0.20588,-1.07805,7,606972622,12,Healthcare,13.54,10801529611,6539407.90919
2026-08-14,SMMT,2027-12-31,-1.10488,-0.9281,-1.32586,8,63404495,10,Healthcare,13.54,10801529611,6539407.90919
2026-08-14,SMPL,2030-08-30,1.98797,2.08451,1.90394,1,1359872918,3,Consumer Defensive,11.3055,999872066,779842.8032
2026-08-14,SMPL,2029-08-30,1.94537,2.03984,1.86314,1,1331623898,6,Consumer Defensive,11.3055,999872066,779842.8032
2026-08-14,SMPL,2028-08-30,1.80842,1.89624,1.73198,1,1311743429,7,Consumer Defensive,11.3055,999872066,779842.8032
2026-08-14,SMPL,2027-08-30,1.70041,1.7987,1.55298,4,1273347058,8,Consumer Defensive,11.3055,999872066,779842.8032
2026-08-14,SMTC,2029-01-25,5.95448,8.0191,3.12915,4,2204838292,6,Technology,138.62,12912614908,800457.16696
2026-08-14,SMTC,2028-01-25,3.84572,4.10913,3.15033,9,1686219067,10,Technology,138.62,12912614908,800457.16696
2026-08-14,SMTC,2027-01-25,2.65904,2.759,2.55908,8,1366642277,10,Technology,138.62,12912614908,800457.16696
2026-08-14,SMTC,2026-01-25,1.69514,2.07977,1.68517,9,1048888858,9,Technology,138.62,12912614908,800457.16696
2026-08-14,SNDK,2030-07-03,13.5354,24.46404,9.48781,1,11566353000,1,Technology,1627.95,241082708513,16745701
2026-08-14,SNDK,2029-07-03,205.63282,286.94856,124.31708,2,47806142716,2,Technology,1627.95,241082708513,16745701
2026-08-14,SNDK,2028-07-03,262.39054,566.23542,184.73169,8,58233222518,12,Technology,1627.95,241082708513,16745701
2026-08-14,SNDK,2027-07-03,211.3384,255.454,180.15607,12,48598199486,15,Technology,1627.95,241082708513,16745701
2026-08-14,SNDX,2030-12-31,2.92667,3.71585,2.38496,2,1083236429,5,Healthcare,19.42,1720806200,594154.44213
2026-08-14,SNDX,2029-12-31,2.03667,2.58586,1.65969,3,889209714,5,Healthcare,19.42,1720806200,594154.44213
2026-08-14,SNDX,2028-12-31,0.54609,1.60536,-1.09239,6,663329818,10,Healthcare,19.42,1720806200,594154.44213
2026-08-14,SNDX,2027-12-31,-0.67206,0.64219,-1.97138,8,480824000,9,Healthcare,19.42,1720806200,594154.44213
2026-08-14,SNEX,2028-09-30,4.50667,5.44633,3.567,2,5840400000,1,Financial Services,67.24,7993289480,701238.34086
2026-08-14,SNEX,2027-09-30,4.28282,4.28282,4.28282,1,5655900000,1,Financial Services,67.24,7993289480,701238.34086
2026-08-14,SNEX,2026-09-30,4.18931,4.18931,4.18931,1,5631400000,1,Financial Services,67.24,7993289480,701238.34086
2026-08-14,SNEX,2025-09-30,2.56573,2.56573,2.56573,1,3960550000,1,Financial Services,67.24,7993289480,701238.34086
2026-08-14,SNN,2030-12-31,3.1986,3.22548,3.16249,1,8219666666,4,Healthcare,29.805,12515971506,680320
2026-08-14,SNN,2029-12-31,2.93071,2.95534,2.89762,1,7666793820,4,Healthcare,29.805,12515971506,680320
2026-08-14,SNN,2028-12-31,2.72343,2.74632,2.69268,1,7263789341,3,Healthcare,29.805,12515971506,680320
2026-08-14,SNN,2027-12-31,2.4344,2.44422,2.41477,3,6878987445,9,Healthcare,29.805,12515971506,680320
2026-08-14,SNOW,2031-01-31,5.96,6.33862,5.54041,3,12837500000,11,Technology,330.14,114426524000,1539137
2026-08-14,SNOW,2030-01-31,4.96927,5.28496,4.61943,3,11280888878,12,Technology,330.14,114426524000,1539137
2026-08-14,SNOW,2029-01-31,3.7956,5.41452,1.91115,7,9629241973,25,Technology,330.14,114426524000,1539137
2026-08-14,SNOW,2028-01-31,2.72592,3.59612,2.43236,27,7668710528,36,Technology,330.14,114426524000,1539137
2026-08-14,SNPS,2029-10-31,23.31714,23.96803,22.61933,7,13194859368,7,Technology,421.56,80720024247,502021.73668
2026-08-14,SNPS,2028-10-31,20.54139,33.72348,13.99465,9,12012861606,14,Technology,421.56,80720024247,502021.73668
2026-08-14,SNPS,2027-10-31,17.32592,18.18214,16.61072,15,10738353651,18,Technology,421.56,80720024247,502021.73668
2026-08-14,SNPS,2026-10-31,14.78498,14.94536,14.40408,15,9682449283,18,Technology,421.56,80720024247,502021.73668
2026-08-14,SNY,2030-12-31,5.81982,6.1099,5.40839,2,57440257666,6,Healthcare,43.6433,104796291960,1901706.83635
2026-08-14,SNY,2029-12-31,5.43227,5.70303,5.04824,3,55597712168,6,Healthcare,43.6433,104796291960,1901706.83635
2026-08-14,SNY,2028-12-31,4.9028,5.14717,4.5562,3,53323866914,5,Healthcare,43.6433,104796291960,1901706.83635
2026-08-14,SNY,2027-12-31,4.46561,4.69837,3.98284,6,50695760617,8,Healthcare,43.6433,104796291960,1901706.83635
2026-08-14,SO,2030-12-31,6.18689,6.45548,5.90612,1,37982760086,12,Utilities,93.28,107305580800,1509628
2026-08-14,SO,2029-12-31,5.77102,6.02156,5.50913,1,35867423043,8,Utilities,93.28,107305580800,1509628
2026-08-14,SO,2028-12-31,5.37476,5.48324,5.20101,4,34339374452,14,Utilities,93.28,107305580800,1509628
2026-08-14,SO,2027-12-31,4.92355,4.96358,4.84349,14,32379807056,13,Utilities,93.28,107305580800,1509628
2026-08-14,SOFI,2029-12-31,1.37981,1.54628,1.29372,4,8130663319,4,Financial Services,18.41,23615243400,19120738.27386
2026-08-14,SOFI,2028-12-31,1.05419,1.16406,0.96507,10,7448616167,9,Financial Services,18.41,23615243400,19120738.27386
2026-08-14,SOFI,2027-12-31,0.8227,0.86383,0.79185,13,5984665822,14,Financial Services,18.41,23615243400,19120738.27386
2026-08-14,SOFI,2026-12-31,0.59629,0.64598,0.55654,13,4840802985,10,Financial Services,18.41,23615243400,19120738.27386
2026-08-14,SOLS,2029-12-31,0,0,0,0,5027000000,2,Basic Materials,62.645,9950993243,586553.61232
2026-08-14,SOLS,2028-12-31,3.84753,4.27128,3.42378,2,4651837323,5,Basic Materials,62.645,9950993243,586553.61232
2026-08-14,SOLS,2027-12-31,3.37357,3.43566,3.31148,4,4417631989,5,Basic Materials,62.645,9950993243,586553.61232
2026-08-14,SOLS,2026-12-31,2.88841,3.01631,2.84578,4,4177243166,5,Basic Materials,62.645,9950993243,586553.61232
2026-08-14,SOLV,2030-12-31,10.68,10.8604,10.50498,2,9561000000,5,Healthcare,89.18,15443720816,675773
2026-08-14,SOLV,2029-12-31,8.5758,8.72066,8.43526,3,9193906399,5,Healthcare,89.18,15443720816,675773
2026-08-14,SOLV,2028-12-31,7.98116,10.83959,3.62257,6,8840488724,11,Healthcare,89.18,15443720816,675773
2026-08-14,SOLV,2027-12-31,7.26846,7.49368,7.00229,10,8508684099,10,Healthcare,89.18,15443720816,675773
2026-08-14,SONO,2028-09-27,0.83,0.91524,0.74476,2,1766001949,2,Technology,16.5314,1955565432,682606.66165
2026-08-14,SONO,2027-09-27,0.26,0.26364,0.25692,1,1628135060,3,Technology,16.5314,1955565432,682606.66165
2026-08-14,SONO,2026-09-27,0.64,0.64897,0.63241,1,1526788998,1,Technology,16.5314,1955565432,682606.66165
2026-08-14,SONO,2025-09-27,-0.43,-0.4249,-0.43603,1,1433616315,2,Technology,16.5314,1955565432,682606.66165
2026-08-14,SONY,2031-03-31,331.3833,353.08305,318.93879,1,15866550309645,6,Technology,24.265,142495381278,3685070
2026-08-14,SONY,2030-03-31,301.90297,321.67228,290.56554,1,15095563881766,6,Technology,24.265,142495381278,3685070
2026-08-14,SONY,2029-03-31,248.43911,264.70748,239.10942,1,13671496252304,5,Technology,24.265,142495381278,3685070
2026-08-14,SONY,2028-03-31,231.78582,240.00518,221.92259,3,12865824963395,11,Technology,24.265,142495381278,3685070
2026-08-14,SPCX,2028-12-31,4.13715,8.41,-0.45,18,144651685960,18,Industrials,139.00999,1817675924334,73991922
2026-08-14,SPCX,2027-12-31,0.66,2.23,-0.27,16,74860000000,16,Industrials,139.00999,1817675924334,73991922
2026-08-14,SPCX,2026-12-31,-0.54,0.3,-1.48,13,40540000000,15,Industrials,139.00999,1817675924334,73991922
2026-08-14,SPCX,2025-12-31,-2.94468,-1.55536,-4.25125,12,19301000000,6,Industrials,139.00999,1817675924334,73991922
2026-08-14,SPGI,2030-12-31,26.90537,27.88152,26.46795,1,18611410823,12,Financial Services,419.38,123633224000,823074
2026-08-14,SPGI,2029-12-31,25.03671,25.94507,24.62967,1,17678934775,8,Financial Services,419.38,123633224000,823074
2026-08-14,SPGI,2028-12-31,23.2333,24.35101,21.83788,5,16759974906,14,Financial Services,419.38,123633224000,823074
2026-08-14,SPGI,2027-12-31,20.37975,22.34613,19.85538,13,15650691811,16,Financial Services,419.38,123633224000,823074
2026-08-14,SPOT,2030-12-31,27.05187,27.87352,25.97952,10,32826192465,13,Communication Services,512.435,105348542089,721967
2026-08-14,SPOT,2029-12-31,22.1454,22.81803,21.26755,10,29053335415,13,Communication Services,512.435,105348542089,721967
2026-08-14,SPOT,2028-12-31,19.59523,25.56735,16.92852,23,25703207965,27,Communication Services,512.435,105348542089,721967
2026-08-14,SPOT,2027-12-31,15.65038,18.74749,13.95868,23,22588707779,26,Communication Services,512.435,105348542089,721967
2026-08-14,SRAD,2030-12-31,1.02013,1.05489,0.9939,5,2336897924,6,Technology,13.6391,4036514054,636694.74382
2026-08-14,SRAD,2029-12-31,0.94942,0.98177,0.92501,10,2138932763,11,Technology,13.6391,4036514054,636694.74382
2026-08-14,SRAD,2028-12-31,0.73565,0.87828,0.55824,13,1904275757,13,Technology,13.6391,4036514054,636694.74382
2026-08-14,SRAD,2027-12-31,0.50341,0.65056,0.28656,8,1719918424,15,Technology,13.6391,4036514054,636694.74382
2026-08-14,SRE,2030-12-31,7.16198,8.11101,6.33376,1,14647633333,5,Utilities,86.84,56767915880,1301275
2026-08-14,SRE,2029-12-31,6.50375,7.36556,5.75164,1,13971733333,5,Utilities,86.84,56767915880,1301275
2026-08-14,SRE,2028-12-31,5.99082,6.14955,5.90079,4,13663053809,10,Utilities,86.84,56767915880,1301275
2026-08-14,SRE,2027-12-31,5.51955,5.65954,5.39956,10,13428021225,9,Utilities,86.84,56767915880,1301275
2026-08-14,SRPT,2030-12-31,0.20428,0.24483,0.1551,4,1237029478,6,Healthcare,17.9427,1894318495,858481.00953
2026-08-14,SRPT,2029-12-31,0.22041,0.26416,0.16735,4,1260584591,11,Healthcare,17.9427,1894318495,858481.00953
2026-08-14,SRPT,2028-12-31,0.19864,0.7775,-1.14173,11,1332041525,13,Healthcare,17.9427,1894318495,858481.00953
2026-08-14,SRPT,2027-12-31,0.76364,1.05856,0.45292,11,1414342245,15,Healthcare,17.9427,1894318495,858481.00953
2026-08-14,SSRM,2030-12-31,2.64,2.69863,2.59023,1,1985492588,2,Basic Materials,32.2787,6697539742,1038463.65399
2026-08-14,SSRM,2029-12-31,3.74667,3.82987,3.67604,1,2159000000,1,Basic Materials,32.2787,6697539742,1038463.65399
2026-08-14,SSRM,2028-12-31,4.46571,4.56488,4.38152,1,2511849706,1,Basic Materials,32.2787,6697539742,1038463.65399
2026-08-14,SSRM,2027-12-31,4.60511,5.04791,3.83021,3,2601430793,3,Basic Materials,32.2787,6697539742,1038463.65399
2026-08-14,ST,2029-12-31,4.84,4.94456,4.75848,1,4605800000,2,Technology,45.88,6677185349,990452
2026-08-14,ST,2028-12-31,4.4428,4.93842,3.94719,2,4230837094,4,Technology,45.88,6677185349,990452
2026-08-14,ST,2027-12-31,4.07459,4.15429,3.98493,7,4043971856,7,Technology,45.88,6677185349,990452
2026-08-14,ST,2026-12-31,3.74502,3.75495,3.72515,6,3869942848,7,Technology,45.88,6677185349,990452
2026-08-14,STAA,2031-01-02,1.88,2.05965,1.73998,5,530100000,7,Healthcare,25.82,1285538941,511609.75472
2026-08-14,STAA,2030-01-02,1.35,1.479,1.24945,4,456466667,7,Healthcare,25.82,1285538941,511609.75472
2026-08-14,STAA,2029-01-02,1.1,1.57785,0.77986,8,389108335,9,Healthcare,25.82,1285538941,511609.75472
2026-08-14,STAA,2028-01-02,0.95774,1.31347,0.76619,6,361998413,8,Healthcare,25.82,1285538941,511609.75472
2026-08-14,STEP,2029-03-31,3.68804,4.24816,3.06542,3,1930711684,2,Financial Services,50.4066,6506682328,545049.72941
2026-08-14,STEP,2028-03-31,3.3339,3.41987,3.22882,6,1777435630,4,Financial Services,50.4066,6506682328,545049.72941
2026-08-14,STEP,2027-03-31,2.46201,2.59771,2.34569,6,1535427673,4,Financial Services,50.4066,6506682328,545049.72941
2026-08-14,STEP,2026-03-31,2.09227,2.12216,2.04245,6,1193936889,4,Financial Services,50.4066,6506682328,545049.72941
2026-08-14,STM,2030-12-31,4.73,4.91999,4.39859,2,22545000000,5,Technology,54.24,48411650943,2282194
2026-08-14,STM,2029-12-31,4.3,4.47272,3.99872,3,20940000000,5,Technology,54.24,48411650943,2282194
2026-08-14,STM,2028-12-31,3.86003,4.01507,3.58957,3,19308104603,4,Technology,54.24,48411650943,2282194
2026-08-14,STM,2027-12-31,2.65073,3.0048,2.18183,6,17062235920,11,Technology,54.24,48411650943,2282194
2026-08-14,STRC,2029-12-31,391.6026,421.33174,341.62634,1,476389300,2,Technology,94.81,32703165614,967186.90466
2026-08-14,STRC,2028-12-31,54.11495,58.22317,47.20881,1,518460876,1,Technology,94.81,32703165614,967186.90466
2026-08-14,STRC,2027-12-31,1.94892,2.09688,1.7002,1,507579352,4,Technology,94.81,32703165614,967186.90466
2026-08-14,STRC,2026-12-31,-7.56153,-6.90401,-8.21905,2,497933701,6,Technology,94.81,32703165614,967186.90466
2026-08-14,STWD,2028-12-31,1.93544,2.15364,1.71723,2,1805089594,1,Real Estate,16.335,6056177891,1676939
2026-08-14,STWD,2027-12-31,1.90824,2.00763,1.85855,6,2318225000,3,Real Estate,16.335,6056177891,1676939
2026-08-14,STWD,2026-12-31,1.66147,1.69168,1.64133,6,2131350000,3,Real Estate,16.335,6056177891,1676939
2026-08-14,STWD,2025-12-31,1.6842,1.74794,1.67418,6,1879225000,2,Real Estate,16.335,6056177891,1676939
2026-08-14,STX,2030-07-03,115.6,150.83061,91.64567,1,36808000000,5,Technology,974.555,218523493095,3632395
2026-08-14,STX,2029-07-03,82.25648,93.01707,74.80008,3,31502342177,9,Technology,974.555,218523493095,3632395
2026-08-14,STX,2028-07-03,57.61586,78.60365,44.54632,11,25337246352,15,Technology,974.555,218523493095,3632395
2026-08-14,STX,2027-07-03,35.65619,44.13823,24.1185,12,18548870923,15,Technology,974.555,218523493095,3632395
2026-08-14,STZ,2031-02-28,15.095,15.51444,14.40351,2,10026400000,6,Consumer Defensive,138.26,23615409846,675826
2026-08-14,STZ,2030-02-28,14.75879,15.16889,14.0827,1,9887360153,7,Consumer Defensive,138.26,23615409846,675826
2026-08-14,STZ,2029-02-28,13.22274,14.2806,12.23464,5,9502273542,15,Consumer Defensive,138.26,23615409846,675826
2026-08-14,STZ,2028-02-28,12.40904,12.99513,11.95431,13,9280101139,16,Consumer Defensive,138.26,23615409846,675826
2026-08-14,SU,2030-12-31,8.84779,9.76491,8.02021,2,55510291935,3,Energy,66.225,78195168750,1467603
2026-08-14,SU,2029-12-31,8.36098,9.22764,7.57893,3,55354211837,4,Energy,66.225,78195168750,1467603
2026-08-14,SU,2028-12-31,7.96123,10.16929,5.36856,6,56122679172,6,Energy,66.225,78195168750,1467603
2026-08-14,SU,2027-12-31,7.54489,8.58424,7.00598,7,55642855970,7,Energy,66.225,78195168750,1467603
2026-08-14,SUI,2030-12-31,3.52,4.08143,3.15952,4,2495674000,2,Real Estate,123.29,15193120031,1309560
2026-08-14,SUI,2029-12-31,3.215,3.72778,2.88575,2,2388975000,2,Real Estate,123.29,15193120031,1309560
2026-08-14,SUI,2028-12-31,2.96633,3.31033,2.63334,7,2168620623,5,Real Estate,123.29,15193120031,1309560
2026-08-14,SUI,2027-12-31,2.80251,2.83865,2.73425,5,2090168549,7,Real Estate,123.29,15193120031,1309560
2026-08-14,SUNB,2030-04-30,6.40806,6.5597,6.15089,3,15140173040,4,Industrials,84.43,34611872153,1480546
2026-08-14,SUNB,2029-04-30,5.2226,5.34618,5.013,3,13481925359,4,Industrials,84.43,34611872153,1480546
2026-08-14,SUNB,2028-04-30,4.60368,5.57601,3.90916,5,12615188915,9,Industrials,84.43,34611872153,1480546
2026-08-14,SUNB,2027-04-30,4.00656,4.6871,3.5944,7,11857980733,9,Industrials,84.43,34611872153,1480546
2026-08-14,SVM,2030-03-31,1.17,1.41652,0.96455,1,942149492,1,Basic Materials,12.035,2662178105,1429634
2026-08-14,SVM,2029-03-31,1.9077,2.30965,1.57272,1,971800000,1,Basic Materials,12.035,2662178105,1429634
2026-08-14,SVM,2028-03-31,1.44194,1.95864,0.92524,2,790370600,1,Basic Materials,12.035,2662178105,1429634
2026-08-14,SVM,2027-03-31,0.8515,1.20821,0.62136,3,493686060,3,Basic Materials,12.035,2662178105,1429634
2026-08-14,SVV,2030-01-03,0,0,0,2,2111100000,1,Consumer Cyclical,10.55,1624553988,1077046
2026-08-14,SVV,2029-01-03,0.72008,0.72936,0.71348,3,2042663810,2,Consumer Cyclical,10.55,1624553988,1077046
2026-08-14,SVV,2028-01-03,0.58855,0.59925,0.55645,6,1921159612,7,Consumer Cyclical,10.55,1624553988,1077046
2026-08-14,SVV,2027-01-03,0.48292,0.50347,0.46237,6,1782263806,8,Consumer Cyclical,10.55,1624553988,1077046
2026-08-14,SW,2030-12-31,0,0,0,4,39444000000,6,Consumer Cyclical,49.22,25817017138,1650202
2026-08-14,SW,2029-12-31,4.82,5.00339,4.64753,4,35987000000,6,Consumer Cyclical,49.22,25817017138,1650202
2026-08-14,SW,2028-12-31,3.88084,4.0285,3.74198,5,34638724209,5,Consumer Cyclical,49.22,25817017138,1650202
2026-08-14,SW,2027-12-31,3.40571,3.78302,2.97876,10,33868452463,8,Consumer Cyclical,49.22,25817017138,1650202
2026-08-14,SWKS,2029-10-03,6.55,6.80639,6.20481,1,4530000000,6,Technology,68.845,10359298677,2137494.96241
2026-08-14,SWKS,2028-10-03,5.80858,10.63967,2.15389,5,4296672154,11,Technology,68.845,10359298677,2137494.96241
2026-08-14,SWKS,2027-10-03,4.93076,5.70328,4.3776,13,4016075487,17,Technology,68.845,10359298677,2137494.96241
2026-08-14,SWKS,2026-10-03,5.04167,5.26044,4.94223,12,3946287348,17,Technology,68.845,10359298677,2137494.96241
2026-08-14,SYF,2029-12-31,12.80101,13.11494,12.4017,4,16961598617,6,Financial Services,80.75,26273695330,959319
2026-08-14,SYF,2028-12-31,11.97098,14.14704,11.05836,10,16822946983,8,Financial Services,80.75,26273695330,959319
2026-08-14,SYF,2027-12-31,10.44427,10.80755,10.00026,18,16015909965,12,Financial Services,80.75,26273695330,959319
2026-08-14,SYF,2026-12-31,9.35694,9.40698,9.25687,16,15173548586,12,Financial Services,80.75,26273695330,959319
2026-08-14,SYK,2030-12-31,23.14333,23.50026,22.7795,2,37981666667,11,Healthcare,340.17999,130411660184,1699002
2026-08-14,SYK,2029-12-31,20.77903,21.09949,20.45237,3,34900511359,14,Healthcare,340.17999,130411660184,1699002
2026-08-14,SYK,2028-12-31,18.66819,19.55166,17.54115,6,32022062686,22,Healthcare,340.17999,130411660184,1699002
2026-08-14,SYK,2027-12-31,16.76731,17.08062,15.53427,15,29611673523,20,Healthcare,340.17999,130411660184,1699002
2026-08-14,SYM,2030-09-27,3.25,3.64543,2.98113,1,6815500000,3,Industrials,42.6599,27374729509,591815.30936
2026-08-14,SYM,2029-09-27,2.96,3.32015,2.71513,1,5447800000,5,Industrials,42.6599,27374729509,591815.30936
2026-08-14,SYM,2028-09-27,0.81751,0.99807,0.63695,2,4473351855,7,Industrials,42.6599,27374729509,591815.30936
2026-08-14,SYM,2027-09-27,0.83724,0.99969,0.72477,7,3618316832,13,Industrials,42.6599,27374729509,591815.30936
2026-08-14,SYY,2030-06-27,6.14,6.39732,5.95817,1,99137500000,4,Consumer Defensive,83.28,39823080240,1254505
2026-08-14,SYY,2029-06-27,5.80237,5.87956,5.75875,3,96041925405,6,Consumer Defensive,83.28,39823080240,1254505
2026-08-14,SYY,2028-06-27,5.36559,5.57699,5.08372,6,92176483270,8,Consumer Defensive,83.28,39823080240,1254505
2026-08-14,SYY,2027-06-27,5.05139,5.25345,4.87964,8,89427904235,9,Consumer Defensive,83.28,39823080240,1254505
2026-08-14,T,2030-12-31,3.52,3.57621,3.46812,4,143203000000,7,Communication Services,24.82,170076319800,13596657
2026-08-14,T,2029-12-31,3.1475,3.19776,3.10111,2,138958000000,10,Communication Services,24.82,170076319800,13596657
2026-08-14,T,2028-12-31,2.90975,2.97975,2.84131,7,134728437470,15,Communication Services,24.82,170076319800,13596657
2026-08-14,T,2027-12-31,2.55837,2.76742,2.419,14,131939299877,17,Communication Services,24.82,170076319800,13596657
2026-08-14,TAK,2031-03-31,164.05574,172.81538,157.48086,1,5254870809598,3,Healthcare,17.645,56148971358,1935243
2026-08-14,TAK,2030-03-31,140.89464,148.41761,135.24799,1,5200923079610,4,Healthcare,17.645,56148971358,1935243
2026-08-14,TAK,2029-03-31,125.33164,132.02363,120.30871,1,4892600459413,4,Healthcare,17.645,56148971358,1935243
2026-08-14,TAK,2028-03-31,100.45576,146.66541,45.53994,2,4763630887839,9,Healthcare,17.645,56148971358,1935243
2026-08-14,TAL,2030-02-28,0,0,0,2,3723000000,7,Consumer Defensive,11.585,7049724149,1563654
2026-08-14,TAL,2029-02-28,1.41872,1.62882,1.26572,7,4975299891,14,Consumer Defensive,11.585,7049724149,1563654
2026-08-14,TAL,2028-02-28,1.20372,1.42363,0.90279,9,4388194851,13,Consumer Defensive,11.585,7049724149,1563654
2026-08-14,TAL,2027-02-28,1.2806,1.3473,1.20056,5,3742287607,11,Consumer Defensive,11.585,7049724149,1563654
2026-08-14,TALO,2030-12-31,0.45,0.48766,0.4095,1,2006000000,2,Energy,15.77,2632420150,711749
2026-08-14,TALO,2029-12-31,0.58,0.62854,0.52781,1,2099000000,1,Energy,15.77,2632420150,711749
2026-08-14,TALO,2028-12-31,0.26608,0.28835,0.24214,1,2045793081,3,Energy,15.77,2632420150,711749
2026-08-14,TALO,2027-12-31,0.51209,0.8153,0.35038,2,2128323271,4,Energy,15.77,2632420150,711749
2026-08-14,TAP,2030-12-31,6.18,6.35826,6.04528,1,11446000000,6,Consumer Defensive,42.61,7991563535,517304
2026-08-14,TAP,2029-12-31,5.92545,6.09636,5.79628,1,11240592210,11,Consumer Defensive,42.61,7991563535,517304
2026-08-14,TAP,2028-12-31,5.33621,5.53445,4.95366,4,11191743098,13,Consumer Defensive,42.61,7991563535,517304
2026-08-14,TAP,2027-12-31,4.927,5.65214,4.54953,11,11133643726,13,Consumer Defensive,42.61,7991563535,517304
2026-08-14,TBBB,2030-12-31,19.19447,19.9179,18.42556,1,265936038235,5,Consumer Defensive,48.435,5612230726,1047682
2026-08-14,TBBB,2029-12-31,10.96881,11.38222,10.52941,1,215704756109,3,Consumer Defensive,48.435,5612230726,1047682
2026-08-14,TBBB,2028-12-31,4.49885,4.66841,4.31863,1,167967647760,3,Consumer Defensive,48.435,5612230726,1047682
2026-08-14,TBBB,2027-12-31,-3.07459,9.22377,-13.83565,2,133338176969,7,Consumer Defensive,48.435,5612230726,1047682
2026-08-14,TCOM,2029-12-31,23.82647,25.7257,22.44272,5,95742486551,10,Consumer Cyclical,44.895,29163048404,637326
2026-08-14,TCOM,2028-12-31,30.75125,35.86951,23.86697,8,82927548392,21,Consumer Cyclical,44.895,29163048404,637326
2026-08-14,TCOM,2027-12-31,27.82849,29.03566,26.2401,12,75056466841,22,Consumer Cyclical,44.895,29163048404,637326
2026-08-14,TCOM,2026-12-31,23.75923,25.16813,21.58183,12,67658808567,21,Consumer Cyclical,44.895,29163048404,637326
2026-08-14,TD,2029-10-31,11.01019,11.02312,10.99726,1,162386841349,1,Financial Services,123.72,209024940000,559231
2026-08-14,TD,2028-10-31,12.05616,12.07032,12.042,1,77533005501,1,Financial Services,123.72,209024940000,559231
2026-08-14,TD,2027-10-31,10.75687,10.86981,10.64394,6,62578720305,1,Financial Services,123.72,209024940000,559231
2026-08-14,TD,2026-10-31,9.69662,9.82384,9.49873,6,59747591003,1,Financial Services,123.72,209024940000,559231
2026-08-14,TDC,2028-12-31,3.23849,3.26538,3.21081,1,1703924304,4,Technology,27.94,2629154000,1300766
2026-08-14,TDC,2027-12-31,2.91215,3.0547,2.84087,5,1669155008,5,Technology,27.94,2629154000,1300766
2026-08-14,TDC,2026-12-31,2.70887,2.72931,2.68843,5,1647285800,5,Technology,27.94,2629154000,1300766
2026-08-14,TDC,2025-12-31,2.40479,2.41481,2.38475,7,1642562941,6,Technology,27.94,2629154000,1300766
2026-08-14,TEAM,2030-06-30,10.575,11.33286,9.6833,1,11321266667,3,Technology,162.702,42737636399,2797874.8713
2026-08-14,TEAM,2029-06-30,8.5625,13.49346,-0.09995156,3,9926675000,6,Technology,162.702,42737636399,2797874.8713
2026-08-14,TEAM,2028-06-30,7.17632,13.55362,5.16328,7,8501101772,23,Technology,162.702,42737636399,2797874.8713
2026-08-14,TEAM,2027-06-30,6.08359,6.63287,5.28557,16,7336906191,23,Technology,162.702,42737636399,2797874.8713
2026-08-14,TECH,2030-06-30,2.66,2.76514,2.57821,1,1559612000,1,Healthcare,72.29,11318373010,1210548
2026-08-14,TECH,2029-06-30,2.675,2.78074,2.59275,1,1513557500,3,Healthcare,72.29,11318373010,1210548
2026-08-14,TECH,2028-06-30,2.32221,2.48908,2.16925,3,1386148378,10,Healthcare,72.29,11318373010,1210548
2026-08-14,TECH,2027-06-30,2.0525,2.16317,1.95189,7,1261468727,10,Healthcare,72.29,11318373010,1210548
2026-08-14,TECK,2030-12-31,3.51687,4.3049,2.99105,7,14659883322,7,Basic Materials,63.65,30742950000,933044
2026-08-14,TECK,2029-12-31,4.0635,4.97401,3.45595,12,14139678696,10,Basic Materials,63.65,30742950000,933044
2026-08-14,TECK,2028-12-31,3.79473,4.64502,3.22736,9,12919521364,6,Basic Materials,63.65,30742950000,933044
2026-08-14,TECK,2027-12-31,5.12116,6.68783,2.57743,17,15311764514,15,Basic Materials,63.65,30742950000,933044
2026-08-14,TEL,2029-09-26,16.3,16.74482,16.01083,1,23848000000,5,Technology,216.78,62853338876,500234
2026-08-14,TEL,2028-09-26,14.31614,15.38353,13.40884,5,23100570446,10,Technology,216.78,62853338876,500234
2026-08-14,TEL,2027-09-26,12.96248,13.72673,12.48606,9,21699768432,11,Technology,216.78,62853338876,500234
2026-08-14,TEL,2026-09-26,11.43652,11.58595,11.37675,9,19831422147,12,Technology,216.78,62853338876,500234
2026-08-14,TEM,2030-12-31,2.80025,2.92537,2.70425,5,3225749300,4,Healthcare,52.02,9113907641,1806883.49552
2026-08-14,TEM,2029-12-31,1.7461,1.82412,1.68624,5,2769138133,4,Healthcare,52.02,9113907641,1806883.49552
2026-08-14,TEM,2028-12-31,0.66161,1.24082,-0.10663,8,2356964763,9,Healthcare,52.02,9113907641,1806883.49552
2026-08-14,TEM,2027-12-31,-0.032062,0.43284,-0.43284,10,1967397367,14,Healthcare,52.02,9113907641,1806883.49552
2026-08-14,TENB,2029-12-31,2.9,2.94367,2.84476,1,1361475000,4,Technology,38.6788,4265188634,945349.0535
2026-08-14,TENB,2028-12-31,2.4433,3.02205,1.4688,4,1236553185,9,Technology,38.6788,4265188634,945349.0535
2026-08-14,TENB,2027-12-31,2.17693,2.35668,1.97721,13,1156664567,17,Technology,38.6788,4265188634,945349.0535
2026-08-14,TENB,2026-12-31,1.98008,2.01039,1.95988,13,1078370185,17,Technology,38.6788,4265188634,945349.0535
2026-08-14,TER,2028-12-31,15.45611,20.49972,10.88257,6,7772333012,12,Technology,404.67,63266512470,884913.07343
2026-08-14,TER,2027-12-31,11.74928,13.57532,9.39108,11,6240876946,13,Technology,404.67,63266512470,884913.07343
2026-08-14,TER,2026-12-31,9.2068,9.45973,9.0348,9,5145478843,12,Technology,404.67,63266512470,884913.07343
2026-08-14,TER,2025-12-31,3.55561,3.61587,3.51543,13,3081213856,12,Technology,404.67,63266512470,884913.07343
2026-08-14,TEVA,2030-12-31,4.26,4.31564,4.17649,1,19519575000,6,Healthcare,36.58,42602531200,1210968
2026-08-14,TEVA,2029-12-31,3.76,3.80911,3.68629,1,18573278200,6,Healthcare,36.58,42602531200,1210968
2026-08-14,TEVA,2028-12-31,3.44036,3.87839,3.16197,3,18078670842,8,Healthcare,36.58,42602531200,1210968
2026-08-14,TEVA,2027-12-31,3.06666,3.11565,3.01767,7,17285479256,8,Healthcare,36.58,42602531200,1210968
2026-08-14,TFC,2028-12-31,5.66489,6.00478,5.22769,7,22815871888,6,Financial Services,53.08,66131310400,2490318
2026-08-14,TFC,2027-12-31,5.03426,5.20611,4.83208,14,21950517557,9,Financial Services,53.08,66131310400,2490318
2026-08-14,TFC,2026-12-31,4.63174,4.74274,4.42992,14,21198754259,8,Financial Services,53.08,66131310400,2490318
2026-08-14,TFC,2025-12-31,3.91182,3.97169,3.88188,10,20494516949,6,Financial Services,53.08,66131310400,2490318
2026-08-14,TGT,2031-01-31,11.08667,11.29356,10.77622,5,122870600000,8,Consumer Defensive,155.11,70449566010,1233897
2026-08-14,TGT,2030-01-31,10.188,10.37812,9.90272,4,119325240000,8,Consumer Defensive,155.11,70449566010,1233897
2026-08-14,TGT,2029-01-31,9.53911,10.75853,6.61951,11,115995323840,17,Consumer Defensive,155.11,70449566010,1233897
2026-08-14,TGT,2028-01-31,9.0238,9.52286,8.53493,24,112371929540,28,Consumer Defensive,155.11,70449566010,1233897
2026-08-14,TGTX,2030-12-31,5.362,5.83787,5.00383,1,2231480000,2,Healthcare,48.5,7424553630,518047.3308
2026-08-14,TGTX,2029-12-31,4.242,4.61848,3.95864,1,1904660000,2,Healthcare,48.5,7424553630,518047.3308
2026-08-14,TGTX,2028-12-31,3.712,4.22137,3.09835,5,1638040000,5,Healthcare,48.5,7424553630,518047.3308
2026-08-14,TGTX,2027-12-31,2.95625,4.35282,2.2019,6,1313249540,6,Healthcare,48.5,7424553630,518047.3308
2026-08-14,TIGO,2030-12-31,0,0,0,2,9200000000,5,Communication Services,93.78,15712036618,585190.08967
2026-08-14,TIGO,2029-12-31,10.6,11.08287,10.25947,3,9128000000,3,Communication Services,93.78,15712036618,585190.08967
2026-08-14,TIGO,2028-12-31,6.9359,9.176,3.49314,6,9012724691,7,Communication Services,93.78,15712036618,585190.08967
2026-08-14,TIGO,2027-12-31,6.05083,8.61222,3.46469,4,8851412376,5,Communication Services,93.78,15712036618,585190.08967
2026-08-14,TJX,2030-01-31,6.85,7.09363,6.73088,1,75501000000,4,Consumer Cyclical,152.21001,168147074773,1689506
2026-08-14,TJX,2029-01-31,6.36284,6.65877,6.19608,5,72858012297,7,Consumer Cyclical,152.21001,168147074773,1689506
2026-08-14,TJX,2028-01-31,5.76273,5.84404,5.60011,10,67891434679,15,Consumer Cyclical,152.21001,168147074773,1689506
2026-08-14,TJX,2027-01-31,5.23476,5.26514,5.18413,10,64148949085,15,Consumer Cyclical,152.21001,168147074773,1689506
2026-08-14,TKO,2030-12-31,10.7,11.17625,10.20715,2,7685651362,6,Communication Services,201.74,15123983798,513876
2026-08-14,TKO,2029-12-31,7.805,8.15239,7.4455,3,6875282701,11,Communication Services,201.74,15123983798,513876
2026-08-14,TKO,2028-12-31,7.21846,10.30659,3.42816,6,7424157025,13,Communication Services,201.74,15123983798,513876
2026-08-14,TKO,2027-12-31,5.47008,8.97435,2.44064,7,5872247224,15,Communication Services,201.74,15123983798,513876
2026-08-14,TMUS,2030-12-31,20.5025,20.75973,19.94812,5,109542400000,14,Communication Services,181.585,194781074847,1322000
2026-08-14,TMUS,2029-12-31,17.76652,17.98942,17.28612,10,106077600000,14,Communication Services,181.585,194781074847,1322000
2026-08-14,TMUS,2028-12-31,16.66918,20.68444,14.6059,13,102549871984,16,Communication Services,181.585,194781074847,1322000
2026-08-14,TMUS,2027-12-31,13.89551,16.20618,11.81591,17,98572972877,18,Communication Services,181.585,194781074847,1322000
2026-08-14,TNDM,2030-12-31,1.76,1.88009,1.68966,6,1631866667,9,Healthcare,22.515,1542932439,897359.86646
2026-08-14,TNDM,2029-12-31,1.38078,1.47499,1.3256,9,1510999584,10,Healthcare,22.515,1542932439,897359.86646
2026-08-14,TNDM,2028-12-31,0.81018,1.99962,-0.0628152,15,1365340386,18,Healthcare,22.515,1542932439,897359.86646
2026-08-14,TNDM,2027-12-31,0.12701,0.4022,-0.29636,15,1206006711,17,Healthcare,22.515,1542932439,897359.86646
2026-08-14,TNGX,2030-12-31,1.19857,1.19857,1.19857,5,750527857,5,Healthcare,25.26,4112698034,778320.4701
2026-08-14,TNGX,2029-12-31,-0.97,-0.97,-0.97,5,272640317,5,Healthcare,25.26,4112698034,778320.4701
2026-08-14,TNGX,2028-12-31,-1.67333,-1.09958,-2.41101,8,62396571,10,Healthcare,25.26,4112698034,778320.4701
2026-08-14,TNGX,2027-12-31,-1.48917,-1.17006,-1.81891,10,3488889,7,Healthcare,25.26,4112698034,778320.4701
2026-08-14,TOST,2029-12-31,2.61287,2.71047,2.5091,3,12169349333,8,Technology,35.095,20355098456,4128238
2026-08-14,TOST,2028-12-31,2.14225,2.50658,1.67522,9,10364756598,14,Technology,35.095,20355098456,4128238
2026-08-14,TOST,2027-12-31,1.72425,1.83452,1.6641,13,8831556565,21,Technology,35.095,20355098456,4128238
2026-08-14,TOST,2026-12-31,1.38325,1.42424,1.33202,12,7464312362,20,Technology,35.095,20355098456,4128238
2026-08-14,TPG,2029-12-31,4.77115,5.04832,4.53639,1,3542642750,1,Financial Services,52.8143,20245582207,3239952.02753
2026-08-14,TPG,2028-12-31,4.2743,4.52261,4.06399,1,3518922206,3,Financial Services,52.8143,20245582207,3239952.02753
2026-08-14,TPG,2027-12-31,3.59294,3.83381,3.29186,3,3148828519,5,Financial Services,52.8143,20245582207,3239952.02753
2026-08-14,TPG,2026-12-31,2.82532,2.97507,2.60568,3,2620648485,4,Financial Services,52.8143,20245582207,3239952.02753
2026-08-14,TPR,2029-06-27,8.83,9.14212,8.50574,1,9129000000,1,Consumer Cyclical,128.49001,25960764070,3745989
2026-08-14,TPR,2028-06-27,8.87633,9.32689,8.18567,7,8978489677,12,Consumer Cyclical,128.49001,25960764070,3745989
2026-08-14,TPR,2027-06-27,7.85974,8.39655,7.50524,13,8465098303,15,Consumer Cyclical,128.49001,25960764070,3745989
2026-08-14,TPR,2026-06-27,6.99198,7.05217,6.95185,12,7987808555,14,Consumer Cyclical,128.49001,25960764070,3745989
2026-08-14,TRI,2028-12-31,5.67703,6.02241,5.17881,3,9367635413,7,Industrials,103.49,45177404241,906520.13595
2026-08-14,TRI,2027-12-31,5.03554,5.19445,4.8667,8,8641402845,10,Industrials,103.49,45177404241,906520.13595
2026-08-14,TRI,2026-12-31,4.40493,4.51406,4.31564,9,8097663723,10,Industrials,103.49,45177404241,906520.13595
2026-08-14,TRI,2025-12-31,3.98865,4.05736,3.97845,9,7534797257,8,Industrials,103.49,45177404241,906520.13595
2026-08-14,TRIP,2030-12-31,7.4575,7.81584,6.77741,2,2365000000,4,Consumer Cyclical,10.76,1252046178,994022
2026-08-14,TRIP,2029-12-31,3.28858,3.4466,2.98868,3,2224666667,4,Consumer Cyclical,10.76,1252046178,994022
2026-08-14,TRIP,2028-12-31,2.05876,2.59859,1.35781,6,2098356333,9,Consumer Cyclical,10.76,1252046178,994022
2026-08-14,TRIP,2027-12-31,1.57287,1.80133,1.37956,10,1971364899,11,Consumer Cyclical,10.76,1252046178,994022
2026-08-14,TRMB,2029-01-02,4.79832,4.9297,4.66694,2,4648399075,3,Technology,56.9786,13282367996,1910167.0537
2026-08-14,TRMB,2028-01-02,4.07964,4.19099,4.00878,8,4210256644,9,Technology,56.9786,13282367996,1910167.0537
2026-08-14,TRMB,2027-01-02,3.59016,3.63039,3.54993,8,3891506100,9,Technology,56.9786,13282367996,1910167.0537
2026-08-14,TRMB,2026-01-02,3.09053,3.10053,3.08053,9,3566932775,9,Technology,56.9786,13282367996,1910167.0537
2026-08-14,TRP,2030-12-31,4.95352,5.3729,4.70259,1,18985522200,5,Energy,63.75,66363954638,798639
2026-08-14,TRP,2029-12-31,4.46703,4.84522,4.24074,1,18466606552,5,Energy,63.75,66363954638,798639
2026-08-14,TRP,2028-12-31,4.20462,4.56777,3.84147,2,17743274979,10,Energy,63.75,66363954638,798639
2026-08-14,TRP,2027-12-31,3.95757,4.85517,3.67198,9,16854499054,9,Energy,63.75,66363954638,798639
2026-08-14,TRV,2028-12-31,30.50838,34.13313,25.50285,7,46683656515,7,Financial Services,370.75009,77329208178,549419
2026-08-14,TRV,2027-12-31,30.22544,33.47581,28.45343,17,45267055291,12,Financial Services,370.75009,77329208178,549419
2026-08-14,TRV,2026-12-31,34.0639,35.93655,29.00571,17,43948631949,13,Financial Services,370.75009,77329208178,549419
2026-08-14,TRV,2025-12-31,25.44409,25.88313,24.60684,18,44730230129,9,Financial Services,370.75009,77329208178,549419
2026-08-14,TRVI,2030-12-31,-0.08,-0.08,-0.08,3,229981500,5,Healthcare,18.38,2609587033,822698
2026-08-14,TRVI,2029-12-31,-0.694,-0.694,-0.694,3,60958111,5,Healthcare,18.38,2609587033,822698
2026-08-14,TRVI,2028-12-31,-0.70431,-0.33886,-1.16609,9,31868500,10,Healthcare,18.38,2609587033,822698
2026-08-14,TRVI,2027-12-31,-0.58789,-0.44092,-0.90143,8,3466667,6,Healthcare,18.38,2609587033,822698
2026-08-14,TS,2030-12-31,4.6475,5.01363,4.38628,5,13197000000,5,Energy,53.52,28716938569,751809
2026-08-14,TS,2029-12-31,5.20131,5.61107,4.90897,5,13175305474,5,Energy,53.52,28716938569,751809
2026-08-14,TS,2028-12-31,4.55681,4.91579,4.30069,6,13346046243,4,Energy,53.52,28716938569,751809
2026-08-14,TS,2027-12-31,4.23597,5.17038,3.49883,8,12890064687,11,Energy,53.52,28716938569,751809
2026-08-14,TSCO,2030-12-27,2.585,2.63975,2.53003,3,19398050000,8,Consumer Cyclical,35.86,18806777000,3981249
2026-08-14,TSCO,2029-12-27,2.4925,2.54529,2.43949,2,18638925000,7,Consumer Cyclical,35.86,18806777000,3981249
2026-08-14,TSCO,2028-12-27,2.25838,2.60006,2.11005,6,17496537998,14,Consumer Cyclical,35.86,18806777000,3981249
2026-08-14,TSCO,2027-12-27,2.06389,2.29754,1.94707,13,16611036640,21,Consumer Cyclical,35.86,18806777000,3981249
2026-08-14,TSEM,2028-12-31,10.47,10.94911,10.14589,3,3454271600,4,Technology,262.785,29648701858,790869.4714
2026-08-14,TSEM,2027-12-31,6.47846,7.61465,5.64817,4,2654289000,5,Technology,262.785,29648701858,790869.4714
2026-08-14,TSEM,2026-12-31,3.83334,3.9238,3.76549,4,1949674667,3,Technology,262.785,29648701858,790869.4714
2026-08-14,TSEM,2025-12-31,2.184,2.26667,2.17389,4,1566980000,4,Technology,262.785,29648701858,790869.4714
2026-08-14,TSLA,2030-12-31,9.065,10.99894,7.63625,9,227960270714,26,Consumer Cyclical,342.1,1351140163487,36954161
2026-08-14,TSLA,2029-12-31,6.50667,7.89481,5.48115,9,215072405457,25,Consumer Cyclical,342.1,1351140163487,36954161
2026-08-14,TSLA,2028-12-31,3.12316,6.86132,1.3401,21,141676911818,33,Consumer Cyclical,342.1,1351140163487,36954161
2026-08-14,TSLA,2027-12-31,2.24401,3.47061,1.35972,26,120089515227,36,Consumer Cyclical,342.1,1351140163487,36954161
2026-08-14,TSM,2029-12-31,1100.3217,1234.18439,912.62908,4,11654173860000,14,Technology,425.48999,2206795323335,4293855
2026-08-14,TSM,2028-12-31,873.92174,980.24111,724.84837,5,9063606126392,10,Technology,425.48999,2206795323335,4293855
2026-08-14,TSM,2027-12-31,694.72632,792.78179,557.31526,10,7226849340667,22,Technology,425.48999,2206795323335,4293855
2026-08-14,TSM,2026-12-31,532.66461,562.77878,423.54122,10,5392094257293,21,Technology,425.48999,2206795323335,4293855
2026-08-14,TSN,2029-09-27,6.5866,6.74552,6.44836,1,60713621500,6,Consumer Defensive,58.28,20661415051,2004097.02348
2026-08-14,TSN,2028-09-27,5.29978,5.56456,5.10085,3,57351947409,8,Consumer Defensive,58.28,20661415051,2004097.02348
2026-08-14,TSN,2027-09-27,4.50537,4.89714,4.12339,6,56694176146,8,Consumer Defensive,58.28,20661415051,2004097.02348
2026-08-14,TSN,2026-09-27,3.89471,4.07788,3.69226,6,56523720676,7,Consumer Defensive,58.28,20661415051,2004097.02348
2026-08-14,TTAN,2030-01-31,1.81,1.86414,1.77962,1,1562500000,2,Technology,91.0656,8686801040,574568.53738
2026-08-14,TTAN,2029-01-31,2.08469,2.14705,2.0497,1,1498615549,5,Technology,91.0656,8686801040,574568.53738
2026-08-14,TTAN,2028-01-31,1.63648,1.85078,1.43192,9,1302129199,13,Technology,91.0656,8686801040,574568.53738
2026-08-14,TTAN,2027-01-31,1.30884,1.38698,1.25024,9,1137240378,13,Technology,91.0656,8686801040,574568.53738
2026-08-14,TTD,2030-12-31,2.04333,2.17941,1.65316,11,4641433333,15,Technology,14.085,6621475913,10164864.32741
2026-08-14,TTD,2029-12-31,1.77333,1.89143,1.43471,7,4112850408,9,Technology,14.085,6621475913,10164864.32741
2026-08-14,TTD,2028-12-31,1.44368,1.9354,0.45784,14,3728519286,19,Technology,14.085,6621475913,10164864.32741
2026-08-14,TTD,2027-12-31,1.19298,1.24363,1.12545,19,3492790110,26,Technology,14.085,6621475913,10164864.32741
2026-08-14,TTE,2030-12-31,11.1525,13.34768,9.13983,4,213965000000,6,Energy,88.13,196265769807,602756
2026-08-14,TTE,2029-12-31,11.07712,13.25746,9.07806,2,205476500000,10,Energy,88.13,196265769807,602756
2026-08-14,TTE,2028-12-31,9.27523,11.03816,7.9009,7,188777448350,12,Energy,88.13,196265769807,602756
2026-08-14,TTE,2027-12-31,9.41742,10.38232,8.77094,7,192986497961,10,Energy,88.13,196265769807,602756
2026-08-14,TTEK,2029-09-28,2,2.03326,1.96698,1,4902000000,1,Industrials,36.42,9451900464,1709299.38336
2026-08-14,TTEK,2028-09-28,1.9356,1.96779,1.90364,1,4624700000,1,Industrials,36.42,9451900464,1709299.38336
2026-08-14,TTEK,2027-09-28,1.73209,1.76089,1.72219,4,4534342810,5,Industrials,36.42,9451900464,1709299.38336
2026-08-14,TTEK,2026-09-28,1.57278,1.59294,1.55262,4,4345630246,5,Industrials,36.42,9451900464,1709299.38336
2026-08-14,TTMI,2028-12-29,7.005,7.08998,6.92002,2,5652000000,2,Technology,137.94,14325069000,1073934
2026-08-14,TTMI,2027-12-29,5.826,5.95242,5.62583,3,4958120000,3,Technology,137.94,14325069000,1073934
2026-08-14,TTMI,2026-12-29,4.368,4.41072,4.3146,2,4160141200,2,Technology,137.94,14325069000,1073934
2026-08-14,TTMI,2025-12-29,2.4366,2.44659,2.41663,3,2884917100,3,Technology,137.94,14325069000,1073934
2026-08-14,TTWO,2031-03-31,12.02,15.6418,10.66715,4,11135200000,6,Technology,247.285,46237349300,534131.21895
2026-08-14,TTWO,2030-03-31,12.00654,15.62428,10.65521,3,10135515944,6,Technology,247.285,46237349300,534131.21895
2026-08-14,TTWO,2029-03-31,10.82823,16.94103,6.23832,8,9453354954,11,Technology,247.285,46237349300,534131.21895
2026-08-14,TTWO,2028-03-31,9.98883,11.91511,7.9434,15,9158140665,18,Technology,247.285,46237349300,534131.21895
2026-08-14,TWLO,2030-12-31,8.04,8.49863,7.65323,1,7777400000,8,Technology,240.55,36509202023,1999645
2026-08-14,TWLO,2029-12-31,7.33,7.74813,6.97738,1,7322600000,13,Technology,240.55,36509202023,1999645
2026-08-14,TWLO,2028-12-31,7.69366,11.83895,4.94888,5,7082596313,17,Technology,240.55,36509202023,1999645
2026-08-14,TWLO,2027-12-31,6.64925,6.97509,6.03829,18,6412809479,24,Technology,240.55,36509202023,1999645
2026-08-14,TWO,2027-12-31,1.1775,2.05555,0.18677,2,44200000,2,Real Estate,12.025,1264245441,726888
2026-08-14,TWO,2026-12-31,1.19836,2.09197,0.19008,2,18750000,1,Real Estate,12.025,1264245441,726888
2026-08-14,TWO,2025-12-31,1.31618,2.29764,0.20877,4,493780000,1,Real Estate,12.025,1264245441,726888
2026-08-14,TWO,2024-12-31,0.62099,0.74519,0.49679,5,257735000,1,Real Estate,12.025,1264245441,726888
2026-08-14,TWST,2030-09-30,1.39333,1.43003,1.31295,4,888675000,4,Healthcare,119.78,7458856314,744150
2026-08-14,TWST,2029-09-30,0.34667,0.3558,0.32667,2,750375000,4,Healthcare,119.78,7458856314,744150
2026-08-14,TWST,2028-09-30,-0.79857,-0.43496,-1.33709,7,636204500,8,Healthcare,119.78,7458856314,744150
2026-08-14,TWST,2027-09-30,-1.40225,-1.32136,-1.43919,4,544353222,7,Healthcare,119.78,7458856314,744150
2026-08-14,TXG,2030-12-31,-0.195,-0.1871,-0.20447,4,892850000,5,Healthcare,56.8097,7212343237,1116554.29588
2026-08-14,TXG,2029-12-31,-0.37,-0.35501,-0.38796,4,792700000,5,Healthcare,56.8097,7212343237,1116554.29588
2026-08-14,TXG,2028-12-31,-0.41307,-0.08954692,-0.87557,11,726963325,11,Healthcare,56.8097,7212343237,1116554.29588
2026-08-14,TXG,2027-12-31,-0.70752,-0.50071,-1.03407,8,668230646,12,Healthcare,56.8097,7212343237,1116554.29588
2026-08-14,TXN,2030-12-31,12.16,14.02849,11.07047,8,33594000000,12,Technology,277.9,253791531939,2540881.94957
2026-08-14,TXN,2029-12-31,11.32,13.05942,10.30573,9,29130284535,12,Technology,277.9,253791531939,2540881.94957
2026-08-14,TXN,2028-12-31,12.10188,18.44209,10.1168,18,27690993913,25,Technology,277.9,253791531939,2540881.94957
2026-08-14,TXN,2027-12-31,10.22132,11.4379,8.87997,22,24984598943,25,Technology,277.9,253791531939,2540881.94957
2026-08-14,U,2030-12-31,0.48,0.52642,0.43977,5,4189000000,14,Technology,46.3151,20218162040,5994246
2026-08-14,U,2029-12-31,0.23,0.25224,0.21072,10,3615000000,14,Technology,46.3151,20218162040,5994246
2026-08-14,U,2028-12-31,1.02372,1.31407,0.63712,13,2833933034,16,Technology,46.3151,20218162040,5994246
2026-08-14,U,2027-12-31,0.54366,0.70931,0.41199,12,2447281797,19,Technology,46.3151,20218162040,5994246
2026-08-14,UAL,2030-12-31,23.24,23.95568,22.0055,2,84479000000,8,Industrials,125.1775,40628827127,2492646.39706
2026-08-14,UAL,2029-12-31,21.12808,21.77872,20.00576,3,79931305864,13,Industrials,125.1775,40628827127,2492646.39706
2026-08-14,UAL,2028-12-31,18.20651,19.69513,15.31486,6,75167680929,17,Industrials,125.1775,40628827127,2492646.39706
2026-08-14,UAL,2027-12-31,15.47027,21.27162,12.9881,13,71163102342,17,Industrials,125.1775,40628827127,2492646.39706
2026-08-14,UBER,2030-12-31,7.10167,7.5279,6.62478,10,92344333333,26,Technology,76.21,155133000781,6243886
2026-08-14,UBER,2029-12-31,6.61082,7.00759,6.16689,10,84048989583,22,Technology,76.21,155133000781,6243886
2026-08-14,UBER,2028-12-31,5.55082,7.32047,3.85392,23,76163672301,28,Technology,76.21,155133000781,6243886
2026-08-14,UBER,2027-12-31,4.45371,5.2131,3.23253,29,67112805674,35,Technology,76.21,155133000781,6243886
2026-08-14,UBS,2029-12-31,4.96468,5.1153,4.73329,1,58810974703,3,Financial Services,53.58,175624787721,533820
2026-08-14,UBS,2028-12-31,4.77713,4.92206,4.55448,1,56795302269,3,Financial Services,53.58,175624787721,533820
2026-08-14,UBS,2027-12-31,4.2401,4.37357,4.09637,3,54885150847,7,Financial Services,53.58,175624787721,533820
2026-08-14,UBS,2026-12-31,3.61949,3.91939,3.26788,3,53323965224,6,Financial Services,53.58,175624787721,533820
2026-08-14,UCTT,2030-12-26,11.24,13.30751,9.74552,1,5381200000,1,Technology,86.35,3870932340,802351
2026-08-14,UCTT,2029-12-26,7.86,9.30578,6.81492,1,4676800000,2,Technology,86.35,3870932340,802351
2026-08-14,UCTT,2028-12-26,7.71713,13.64447,4.23624,3,4314573393,3,Technology,86.35,3870932340,802351
2026-08-14,UCTT,2027-12-26,6.54795,7.75239,5.67733,3,3867574099,4,Technology,86.35,3870932340,802351
2026-08-14,UDR,2030-12-31,0,0,0,2,1892642000,5,Real Estate,37.97,12198402509,632041
2026-08-14,UDR,2029-12-31,0.83,0.8407,0.81706,3,1888966000,3,Real Estate,37.97,12198402509,632041
2026-08-14,UDR,2028-12-31,0.64747,0.9,0.41181,6,1825863776,7,Real Estate,37.97,12198402509,632041
2026-08-14,UDR,2027-12-31,0.52628,0.53441,0.51409,6,1758544467,10,Real Estate,37.97,12198402509,632041
2026-08-14,UEC,2030-07-31,0.43,0.7134,0.20276,1,223200000,1,Energy,11.2791,5581710775,2925376
2026-08-14,UEC,2029-07-31,0.355,0.58897,0.1674,1,311033333,2,Energy,11.2791,5581710775,2925376
2026-08-14,UEC,2028-07-31,0.21242,0.31444,0.1118,5,258888379,4,Energy,11.2791,5581710775,2925376
2026-08-14,UEC,2027-07-31,-0.038788,0.21333,-0.29091,3,100384367,4,Energy,11.2791,5581710775,2925376
2026-08-14,UL,2030-12-31,3.91623,3.9965,3.8167,1,59609064483,5,Consumer Defensive,62.2,133999160797,1301420
2026-08-14,UL,2029-12-31,3.73228,3.80878,3.63742,1,56857944890,5,Consumer Defensive,62.2,133999160797,1301420
2026-08-14,UL,2028-12-31,3.54458,3.61723,3.45449,2,53389335524,4,Consumer Defensive,62.2,133999160797,1301420
2026-08-14,UL,2027-12-31,3.29795,3.60824,2.98766,4,51693428953,11,Consumer Defensive,62.2,133999160797,1301420
2026-08-14,UMAC,2030-12-31,1.27,1.37334,1.1589,1,376661000,1,Technology,33.29,1591059630,13066247
2026-08-14,UMAC,2029-12-31,0.48,0.51906,0.43801,1,248161000,1,Technology,33.29,1591059630,13066247
2026-08-14,UMAC,2028-12-31,-0.205,-0.18707,-0.22168,1,168674000,1,Technology,33.29,1591059630,13066247
2026-08-14,UMAC,2027-12-31,-0.5425,-0.49504,-0.58664,1,64972645,3,Technology,33.29,1591059630,13066247
2026-08-14,UMC,2028-12-31,42.19896,50.22804,36.69357,1,393856938267,5,Technology,18.915,47180779868,3275857
2026-08-14,UMC,2027-12-31,34.35595,35.4185,32.9392,2,343085334219,12,Technology,18.915,47180779868,3275857
2026-08-14,UMC,2026-12-31,34.8209,41.78507,27.49019,2,278975240071,10,Technology,18.915,47180779868,3275857
2026-08-14,UMC,2025-12-31,17.04126,17.36279,16.71973,2,236417582516,10,Technology,18.915,47180779868,3275857
2026-08-14,UNH,2030-12-31,34.285,35.46566,33.14713,5,542960000000,15,Healthcare,402.11,365173946292,2053569
2026-08-14,UNH,2029-12-31,30.57787,31.63087,29.56304,10,506179177667,9,Healthcare,402.11,365173946292,2053569
2026-08-14,UNH,2028-12-31,26.21762,29.05966,23.35572,13,485429005917,19,Healthcare,402.11,365173946292,2053569
2026-08-14,UNH,2027-12-31,22.41528,23.99495,21.19554,19,458627470977,19,Healthcare,402.11,365173946292,2053569
2026-08-14,UNP,2030-12-31,20.24,20.88541,19.56074,2,38956333333,6,Industrials,294.88501,175183959168,1295418
2026-08-14,UNP,2029-12-31,18.30225,18.88587,17.68802,3,35210823272,10,Industrials,294.88501,175183959168,1295418
2026-08-14,UNP,2028-12-31,15.67742,16.21245,15.00106,6,30522642818,12,Industrials,294.88501,175183959168,1295418
2026-08-14,UNP,2027-12-31,14.15337,14.50057,13.48961,16,27920056317,16,Industrials,294.88501,175183959168,1295418
2026-08-14,UPS,2030-12-31,12.08,12.4871,11.62579,2,108750000000,12,Industrials,104.8374,89059598378,2059353
2026-08-14,UPS,2029-12-31,10.18265,10.52581,9.79978,3,102560000000,8,Industrials,104.8374,89059598378,2059353
2026-08-14,UPS,2028-12-31,8.63168,9.19821,8.14841,6,98032372409,14,Industrials,104.8374,89059598378,2059353
2026-08-14,UPS,2027-12-31,8.02694,8.40146,7.20704,18,94981182123,20,Industrials,104.8374,89059598378,2059353
2026-08-14,UPST,2029-12-31,5.11491,5.44846,4.79871,1,3435435776,4,Financial Services,30.7351,2941705597,1659897.64233
2026-08-14,UPST,2028-12-31,2.95053,3.28058,2.59308,4,2394472644,6,Financial Services,30.7351,2941705597,1659897.64233
2026-08-14,UPST,2027-12-31,1.81764,2.00163,1.67825,8,1862136646,10,Financial Services,30.7351,2941705597,1659897.64233
2026-08-14,UPST,2026-12-31,0.70807,0.77101,0.6294,8,1419766142,10,Financial Services,30.7351,2941705597,1659897.64233
2026-08-14,USAR,2030-12-31,2.19333,3.04533,1.61889,1,3077260000,2,Basic Materials,19.61,2601042181,12988380
2026-08-14,USAR,2029-12-31,1.03667,1.43937,0.76516,1,2344577333,2,Basic Materials,19.61,2601042181,12988380
2026-08-14,USAR,2028-12-31,0.31143,0.50021,0.02404865,4,1448392833,5,Basic Materials,19.61,2601042181,12988380
2026-08-14,USAR,2027-12-31,-0.20875,-0.1961,-0.22773,3,549475125,4,Basic Materials,19.61,2601042181,12988380
2026-08-14,USB,2028-12-31,6.39706,6.76369,5.80323,8,34838974723,7,Financial Services,65.285,101696515862,1728541
2026-08-14,USB,2027-12-31,5.81605,5.96751,5.44245,16,33061936053,10,Financial Services,65.285,101696515862,1728541
2026-08-14,USB,2026-12-31,5.21521,5.32511,4.94546,16,30971970266,8,Financial Services,65.285,101696515862,1728541
2026-08-14,USB,2025-12-31,4.54915,4.58914,4.51916,13,28598063400,8,Financial Services,65.285,101696515862,1728541
2026-08-14,USFD,2030-12-27,8.07,8.2409,7.90414,1,49972500000,5,Consumer Defensive,108.41,23874267020,900295
2026-08-14,USFD,2029-12-27,7.37045,7.52654,7.21897,1,47403333333,10,Consumer Defensive,108.41,23874267020,900295
2026-08-14,USFD,2028-12-27,6.40024,6.70319,5.68789,4,45385748482,11,Consumer Defensive,108.41,23874267020,900295
2026-08-14,USFD,2027-12-27,5.50796,5.74519,5.16758,9,43104258857,11,Consumer Defensive,108.41,23874267020,900295
2026-08-14,UTI,2029-09-30,1.95,1.96662,1.92918,1,1189543000,1,Consumer Defensive,24.925,1372404921,840780
2026-08-14,UTI,2028-09-30,1.34333,1.36238,1.32428,2,1082474000,3,Consumer Defensive,24.925,1372404921,840780
2026-08-14,UTI,2027-09-30,0.76429,0.77081,0.75613,5,977599571,5,Consumer Defensive,24.925,1372404921,840780
2026-08-14,UTI,2026-09-30,0.66286,0.6803,0.63669,5,898552429,4,Consumer Defensive,24.925,1372404921,840780
2026-08-14,UUUU,2030-12-31,1.745,2.23392,1.36178,1,1128950000,2,Energy,15.225,3805018907,5938135
2026-08-14,UUUU,2029-12-31,1.32,1.68984,1.03011,1,833800000,1,Energy,15.225,3805018907,5938135
2026-08-14,UUUU,2028-12-31,0.59208,0.75797,0.46205,1,383172250,1,Energy,15.225,3805018907,5938135
2026-08-14,UUUU,2027-12-31,0.16803,0.54143,-0.22404,1,241035200,3,Energy,15.225,3805018907,5938135
2026-08-14,V,2030-09-30,19.16,19.54519,18.53536,6,65961800000,12,Financial Services,365.63501,682657825664,2258367
2026-08-14,V,2029-09-30,19.59735,19.99133,18.95845,6,63171274999,12,Financial Services,365.63501,682657825664,2258367
2026-08-14,V,2028-09-30,17.04734,17.87673,16.34299,14,56112943700,25,Financial Services,365.63501,682657825664,2258367
2026-08-14,V,2027-09-30,15.00992,15.17067,14.67838,25,50787213038,28,Financial Services,365.63501,682657825664,2258367
2026-08-14,VAL,2028-12-31,8.9347,9.1546,8.74378,1,2524813684,2,Energy,85.93,5950805455,1161640
2026-08-14,VAL,2027-12-31,7.52452,7.70971,7.36373,5,2469793643,5,Energy,85.93,5950805455,1161640
2026-08-14,VAL,2026-12-31,3.09434,3.1705,3.02822,4,2140520589,5,Energy,85.93,5950805455,1161640
2026-08-14,VAL,2025-12-31,4.82977,4.94864,4.72657,3,2325615335,4,Energy,85.93,5950805455,1161640
2026-08-14,VALE,2030-12-31,2.6212,2.70747,2.51868,5,46653798300,6,Basic Materials,13.62,58082953094,14838064
2026-08-14,VALE,2029-12-31,2.14343,2.21397,2.05959,5,44905122900,10,Basic Materials,13.62,58082953094,14838064
2026-08-14,VALE,2028-12-31,1.93987,2.00371,1.86399,6,42392270811,5,Basic Materials,13.62,58082953094,14838064
2026-08-14,VALE,2027-12-31,1.90685,2.07029,1.61628,8,41280695716,12,Basic Materials,13.62,58082953094,14838064
2026-08-14,VCYT,2030-12-31,2.39333,2.469,2.31793,1,935959700,5,Healthcare,41.9002,3343325899,940210.8622
2026-08-14,VCYT,2029-12-31,2.18667,2.2558,2.11778,1,837029100,3,Healthcare,41.9002,3343325899,940210.8622
2026-08-14,VCYT,2028-12-31,2.03431,2.22074,1.69434,3,722148803,7,Healthcare,41.9002,3343325899,940210.8622
2026-08-14,VCYT,2027-12-31,1.84969,1.86958,1.81986,5,657927587,8,Healthcare,41.9002,3343325899,940210.8622
2026-08-14,VEEV,2031-01-31,14.49,14.94611,14.03397,3,5701906333,9,Technology,246.28,40006533707,691085
2026-08-14,VEEV,2030-01-31,12.7,13.09976,12.30031,3,5078901333,9,Technology,246.28,40006533707,691085
2026-08-14,VEEV,2029-01-31,11.33431,12.23256,9.98005,7,4593167519,18,Technology,246.28,40006533707,691085
2026-08-14,VEEV,2028-01-31,10.03008,10.39481,9.37154,16,4085282769,22,Technology,246.28,40006533707,691085
2026-08-14,VELO,2030-12-31,0,0,0,0,127000000,1,Industrials,16.07,478902070,997393
2026-08-14,VELO,2029-12-31,0,0,0,0,111000000,1,Industrials,16.07,478902070,997393
2026-08-14,VELO,2028-12-31,-0.31,-0.28784,-0.32504,1,96400000,1,Industrials,16.07,478902070,997393
2026-08-14,VELO,2027-12-31,-0.52,-0.48283,-0.54523,2,88400000,4,Industrials,16.07,478902070,997393
2026-08-14,VERA,2030-12-31,7.34625,14.96174,3.31733,5,1580570750,4,Healthcare,31.785,2281619477,4191389
2026-08-14,VERA,2029-12-31,4.08375,8.31717,1.84409,5,1139246500,4,Healthcare,31.785,2281619477,4191389
2026-08-14,VERA,2028-12-31,0.40556,8.81336,-3.92243,8,712595556,9,Healthcare,31.785,2281619477,4191389
2026-08-14,VERA,2027-12-31,-3.91217,-2.671,-4.8356,8,261100104,8,Healthcare,31.785,2281619477,4191389
2026-08-14,VERX,2028-12-31,1.22951,1.3919,1.06712,2,1019673747,9,Technology,12.8,2076390246,704533.41264
2026-08-14,VERX,2027-12-31,1.01627,1.1159,0.9266,8,914059888,12,Technology,12.8,2076390246,704533.41264
2026-08-14,VERX,2026-12-31,0.81978,0.93975,0.70981,8,827138224,12,Technology,12.8,2076390246,704533.41264
2026-08-14,VERX,2025-12-31,0.63855,0.67909,0.61828,10,748099174,10,Technology,12.8,2076390246,704533.41264
2026-08-14,VFC,2030-03-28,1.76,1.82454,1.66795,2,10822000000,7,Consumer Cyclical,14.725,5788906543,2414905
2026-08-14,VFC,2029-03-28,1.58376,2.06778,0.88758,4,10013157130,8,Consumer Cyclical,14.725,5788906543,2414905
2026-08-14,VFC,2028-03-28,1.35083,1.59914,1.10252,13,9794443021,16,Consumer Cyclical,14.725,5788906543,2414905
2026-08-14,VFC,2027-03-28,1.08856,1.13896,0.97769,12,9499687601,14,Consumer Cyclical,14.725,5788906543,2414905
2026-08-14,VG,2030-12-31,1.17,1.37454,0.92488,3,25802000000,5,Energy,13.99,34161473596,8804800
2026-08-14,VG,2029-12-31,1.75925,2.0668,1.39067,3,25014000000,5,Energy,13.99,34161473596,8804800
2026-08-14,VG,2028-12-31,1.2535,1.73249,0.75294,9,20629110175,10,Energy,13.99,34161473596,8804800
2026-08-14,VG,2027-12-31,0.71585,1.37723,0.17896,10,15911773778,9,Energy,13.99,34161473596,8804800
2026-08-14,VIAV,2029-06-27,2.50885,2.67244,2.41079,1,2499305769,1,Technology,42.34,10444670294,1750497.20868
2026-08-14,VIAV,2028-06-27,1.945,2.07183,1.86898,2,2140922705,2,Technology,42.34,10444670294,1750497.20868
2026-08-14,VIAV,2027-06-27,1.53858,1.60164,1.46291,5,1868532054,6,Technology,42.34,10444670294,1750497.20868
2026-08-14,VIAV,2026-06-27,0.93712,0.95727,0.92704,5,1507817400,6,Technology,42.34,10444670294,1750497.20868
2026-08-14,VICI,2029-12-31,0,0,0,0,4627500000,4,Real Estate,26.39,29057436492,2146579
2026-08-14,VICI,2028-12-31,3.02929,3.03424,3.02434,2,4468252538,6,Real Estate,26.39,29057436492,2146579
2026-08-14,VICI,2027-12-31,2.94857,3.00707,2.73796,5,4316819785,10,Real Estate,26.39,29057436492,2146579
2026-08-14,VICI,2026-12-31,2.92293,2.94669,2.91105,3,4163484907,7,Real Estate,26.39,29057436492,2146579
2026-08-14,VIK,2030-12-31,7.83,8.05763,7.49263,4,12964000000,5,Consumer Cyclical,99.77,44320724337,2977503
2026-08-14,VIK,2029-12-31,6.46323,6.65113,6.18475,4,11165053124,5,Consumer Cyclical,99.77,44320724337,2977503
2026-08-14,VIK,2028-12-31,5.3596,5.51541,5.12867,5,10016888978,4,Consumer Cyclical,99.77,44320724337,2977503
2026-08-14,VIK,2027-12-31,4.39791,4.48726,4.21921,10,8888458921,11,Consumer Cyclical,99.77,44320724337,2977503
2026-08-14,VISN,2028-12-31,1.40187,1.42406,1.37968,1,2468377890,1,Technology,11.4737,2588118275,2227487.2033
2026-08-14,VISN,2027-12-31,1.06164,1.07845,1.04483,1,1869702394,1,Technology,11.4737,2588118275,2227487.2033
2026-08-14,VISN,2026-12-31,1.14817,1.1764,1.11053,1,1919187048,2,Technology,11.4737,2588118275,2227487.2033
2026-08-14,VISN,2025-12-31,1.65,1.66,1.64,2,5393148500,2,Technology,11.4737,2588118275,2227487.2033
2026-08-14,VITL,2028-12-28,0.49072,0.52551,0.4747,1,946363877,1,Consumer Defensive,10.9257,468149856,818076.03249
2026-08-14,VITL,2027-12-28,0.2319,0.35839,0.04216364,6,831072343,7,Consumer Defensive,10.9257,468149856,818076.03249
2026-08-14,VITL,2026-12-28,-0.45974,-0.38149,-0.59668,6,774224181,7,Consumer Defensive,10.9257,468149856,818076.03249
2026-08-14,VITL,2025-12-28,1.46415,1.47411,1.44423,7,760366525,7,Consumer Defensive,10.9257,468149856,818076.03249
2026-08-14,VIV,2030-12-31,0,0,0,1,66149120000,4,Communication Services,11.33,18133063320,4597614
2026-08-14,VIV,2029-12-31,10.98289,11.2492,10.50344,1,64598750000,4,Communication Services,11.33,18133063320,4597614
2026-08-14,VIV,2028-12-31,7.17686,7.35088,6.86356,2,69684587313,3,Communication Services,11.33,18133063320,4597614
2026-08-14,VIV,2027-12-31,6.29886,6.60365,6.14647,4,66807984036,9,Communication Services,11.33,18133063320,4597614
2026-08-14,VKTX,2030-12-31,2.28373,2.28373,2.28373,6,1210540264,12,Healthcare,33.155,3867627994,690987.05695
2026-08-14,VKTX,2029-12-31,-1.42824,-1.42824,-1.42824,9,474402509,8,Healthcare,33.155,3867627994,690987.05695
2026-08-14,VKTX,2028-12-31,-3.65941,-0.57062,-6.77606,15,161527946,14,Healthcare,33.155,3867627994,690987.05695
2026-08-14,VKTX,2027-12-31,-4.42368,-2.4002,-6.50098,15,7349020,11,Healthcare,33.155,3867627994,690987.05695
2026-08-14,VLO,2030-12-31,11.38,14.49251,8.97261,1,158469177714,5,Energy,340.14499,97937083683,1043172
2026-08-14,VLO,2029-12-31,18.29,23.29244,14.42083,1,150562061649,3,Energy,340.14499,97937083683,1043172
2026-08-14,VLO,2028-12-31,19.50424,28.24118,11.11452,5,112727142343,7,Energy,340.14499,97937083683,1043172
2026-08-14,VLO,2027-12-31,26.67485,39.31293,13.5772,11,126534720658,9,Energy,340.14499,97937083683,1043172
2026-08-14,VLY,2028-12-31,1.73834,1.87504,1.65598,3,2663372985,4,Financial Services,14.9957,8309582237,1785556.97727
2026-08-14,VLY,2027-12-31,1.54627,1.59713,1.48523,11,2503039061,10,Financial Services,14.9957,8309582237,1785556.97727
2026-08-14,VLY,2026-12-31,1.27961,1.3196,1.24962,11,2275561630,10,Financial Services,14.9957,8309582237,1785556.97727
2026-08-14,VLY,2025-12-31,0.97022,0.98022,0.94021,9,2011829294,8,Financial Services,14.9957,8309582237,1785556.97727
2026-08-14,VNOM,2030-12-31,2.9,3.24138,2.60509,5,2478000000,4,Energy,42.445,15281298646,597347
2026-08-14,VNOM,2029-12-31,2.74,3.06254,2.46136,5,2383000000,4,Energy,42.445,15281298646,597347
2026-08-14,VNOM,2028-12-31,2.5666,3.71368,1.76104,8,2327949277,9,Energy,42.445,15281298646,597347
2026-08-14,VNOM,2027-12-31,2.30264,3.44834,1.31419,10,2265748729,8,Energy,42.445,15281298646,597347
2026-08-14,VOD,2030-03-31,1.69632,1.76477,1.642,1,47903279916,6,Communication Services,16.4089,37787157406,1578344.46341
2026-08-14,VOD,2029-03-31,1.34082,1.58748,0.79372,5,46587419406,11,Communication Services,16.4089,37787157406,1578344.46341
2026-08-14,VOD,2028-03-31,1.2027,1.50561,0.6058,3,45599332919,8,Communication Services,16.4089,37787157406,1578344.46341
2026-08-14,VOD,2027-03-31,0.99682,1.41704,0.44954,3,44255611698,8,Communication Services,16.4089,37787157406,1578344.46341
2026-08-14,VOYG,2030-12-31,4.44,5.34403,3.01029,1,2908533333,6,Industrials,42.45,2571381327,1042271
2026-08-14,VOYG,2029-12-31,-0.08565,-0.05807016,-0.10309,1,1435597750,6,Industrials,42.45,2571381327,1042271
2026-08-14,VOYG,2028-12-31,-0.59535,-0.35226,-0.90568,5,833199619,8,Industrials,42.45,2571381327,1042271
2026-08-14,VOYG,2027-12-31,-1.45716,-0.983,-2.22043,7,422537991,8,Industrials,42.45,2571381327,1042271
2026-08-14,VRDN,2030-12-31,3.01889,7.64531,1.3279,4,1155491778,5,Healthcare,21.9928,2491608298,524192.59362
2026-08-14,VRDN,2029-12-31,1.51667,3.84095,0.66713,4,874185444,5,Healthcare,21.9928,2491608298,524192.59362
2026-08-14,VRDN,2028-12-31,-0.20801,7.51383,-5.49741,10,596791711,11,Healthcare,21.9928,2491608298,524192.59362
2026-08-14,VRDN,2027-12-31,-2.54398,-1.39261,-3.50894,10,231541544,10,Healthcare,21.9928,2491608298,524192.59362
2026-08-14,VRT,2030-12-31,15.928,17.75605,14.97876,3,28197716833,10,Industrials,293.76001,113094078730,1764174
2026-08-14,VRT,2029-12-31,13.62467,15.18837,12.8127,3,25411307151,10,Industrials,293.76001,113094078730,1764174
2026-08-14,VRT,2028-12-31,11.53204,12.6823,10.46417,9,22057688125,20,Industrials,293.76001,113094078730,1764174
2026-08-14,VRT,2027-12-31,9.10553,9.8028,8.49029,16,18136435272,21,Industrials,293.76001,113094078730,1764174
2026-08-14,VSAT,2030-03-31,-1.08,-1.03728,-1.13126,1,5905200000,2,Technology,82.8113,11407711209,765941.30292
2026-08-14,VSAT,2029-03-31,-0.75511,0.60644,-2.11666,2,5425059708,4,Technology,82.8113,11407711209,765941.30292
2026-08-14,VSAT,2028-03-31,-1.50779,-0.91938,-2.46395,4,5067444222,9,Technology,82.8113,11407711209,765941.30292
2026-08-14,VSAT,2027-03-31,-1.42667,-1.14134,-1.712,3,4852769889,9,Technology,82.8113,11407711209,765941.30292
2026-08-14,VSH,2028-12-31,2.735,2.80393,2.65263,1,4784000000,1,Technology,34.845,4922927943,1125133
2026-08-14,VSH,2027-12-31,1.71167,2.00603,1.22106,4,4276724459,3,Technology,34.845,4922927943,1125133
2026-08-14,VSH,2026-12-31,0.825,0.946,0.759,3,3697688584,3,Technology,34.845,4922927943,1125133
2026-08-14,VSH,2025-12-31,-0.031531465,-0.02750025,-0.03556268,2,3061356856,1,Technology,34.845,4922927943,1125133
2026-08-14,VSNT,2030-12-31,12.34,12.72447,11.98936,1,6111528285,3,Communication Services,39.48,5586341711,866056.47696
2026-08-14,VSNT,2029-12-31,10.385,10.70856,10.08991,1,6059584816,4,Communication Services,39.48,5586341711,866056.47696
2026-08-14,VSNT,2028-12-31,7.40667,11.31873,2.59826,5,6009246335,6,Communication Services,39.48,5586341711,866056.47696
2026-08-14,VSNT,2027-12-31,7.305,9.09635,3.78045,4,6137544333,4,Communication Services,39.48,5586341711,866056.47696
2026-08-14,VST,2030-12-31,16.65939,20.75803,12.42788,4,25950576557,6,Utilities,148.855,50191296274,1808579
2026-08-14,VST,2029-12-31,14.79069,18.42958,11.03383,2,25343583537,6,Utilities,148.855,50191296274,1808579
2026-08-14,VST,2028-12-31,12.68917,16.14228,10.9394,7,26551588198,8,Utilities,148.855,50191296274,1808579
2026-08-14,VST,2027-12-31,10.92746,12.74198,9.10286,8,25312638717,8,Utilities,148.855,50191296274,1808579
2026-08-14,VSTS,2029-10-03,0.72875,0.74413,0.71043,1,2671635684,1,Industrials,13.485,1781437031,513180
2026-08-14,VSTS,2028-10-03,0.82,0.8373,0.79938,1,2837451500,3,Industrials,13.485,1781437031,513180
2026-08-14,VSTS,2027-10-03,0.66967,0.7204,0.61894,4,2717978667,5,Industrials,13.485,1781437031,513180
2026-08-14,VSTS,2026-10-03,0.48983,0.52751,0.45215,4,2666348833,5,Industrials,13.485,1781437031,513180
2026-08-14,VSXY,2030-01-31,6.6,6.68393,6.45824,1,7968700000,2,Consumer Cyclical,88.58,7041374786,738679
2026-08-14,VSXY,2029-01-31,6.23586,6.31516,6.10192,1,7785689882,5,Consumer Cyclical,88.58,7041374786,738679
2026-08-14,VSXY,2028-01-31,5.45751,5.86977,5.14341,5,7446229447,7,Consumer Cyclical,88.58,7041374786,738679
2026-08-14,VSXY,2027-01-31,4.62076,4.76918,4.5515,5,7133805478,7,Consumer Cyclical,88.58,7041374786,738679
2026-08-14,VTR,2029-12-31,1.86,1.8964,1.79454,1,8937250000,1,Real Estate,91.3,44387321000,957263
2026-08-14,VTR,2028-12-31,1.27649,1.34885,1.20134,4,8329986699,3,Real Estate,91.3,44387321000,957263
2026-08-14,VTR,2027-12-31,1.0105,1.06269,0.97255,5,7472302353,3,Real Estate,91.3,44387321000,957263
2026-08-14,VTR,2026-12-31,0.61113,0.61743,0.60955,4,6828595101,2,Real Estate,91.3,44387321000,957263
2026-08-14,VTRS,2029-12-31,0,0,0,0,14971000000,2,Healthcare,16.185,18848284705,3231635.13934
2026-08-14,VTRS,2028-12-31,2.85414,3.945,1.76322,2,15426374141,5,Healthcare,16.185,18848284705,3231635.13934
2026-08-14,VTRS,2027-12-31,2.62785,2.70659,2.55896,5,15053886191,6,Healthcare,16.185,18848284705,3231635.13934
2026-08-14,VTRS,2026-12-31,2.44699,2.48678,2.41715,5,14789071879,6,Healthcare,16.185,18848284705,3231635.13934
2026-08-14,VZ,2030-12-31,6.345,6.53152,6.18195,5,150003410220,7,Communication Services,48.43,202222370800,5383973
2026-08-14,VZ,2029-12-31,5.93,6.10432,5.77761,5,147879750000,10,Communication Services,48.43,202222370800,5383973
2026-08-14,VZ,2028-12-31,5.60793,5.97034,5.18734,8,145050267725,15,Communication Services,48.43,202222370800,5383973
2026-08-14,VZ,2027-12-31,5.23798,5.45582,5.08946,15,143408462304,18,Communication Services,48.43,202222370800,5383973
2026-08-14,W,2030-12-31,7.245,7.57784,6.97256,5,17068075000,14,Consumer Cyclical,102.41,14026899025,930274
2026-08-14,W,2029-12-31,6.36303,6.65535,6.12376,9,16225777487,14,Consumer Cyclical,102.41,14026899025,930274
2026-08-14,W,2028-12-31,4.9217,7.86561,1.9151,12,15258910852,16,Consumer Cyclical,102.41,14026899025,930274
2026-08-14,W,2027-12-31,3.85389,4.65844,3.17847,17,14319615789,23,Consumer Cyclical,102.41,14026899025,930274
2026-08-14,WAY,2030-12-31,2.635,2.85205,2.57711,2,1849551500,6,Healthcare,24.79,4753443233,691389.76212
2026-08-14,WAY,2029-12-31,2.39333,2.59048,2.34075,3,1697353333,10,Healthcare,24.79,4753443233,691389.76212
2026-08-14,WAY,2028-12-31,2.16535,2.74124,1.83788,6,1591159755,12,Healthcare,24.79,4753443233,691389.76212
2026-08-14,WAY,2027-12-31,1.87121,1.98247,1.74983,14,1422757969,17,Healthcare,24.79,4753443233,691389.76212
2026-08-14,WBD,2030-12-31,-0.28155,-0.26902,-0.29726,4,38962825099,7,Communication Services,27.85,69823757151,4973213.51233
2026-08-14,WBD,2029-12-31,-0.36564,-0.34937,-0.38605,2,38213106926,10,Communication Services,27.85,69823757151,4973213.51233
2026-08-14,WBD,2028-12-31,0.099427,0.19778,0.05271222,7,38174149392,15,Communication Services,27.85,69823757151,4973213.51233
2026-08-14,WBD,2027-12-31,-0.062788,0.36417,-0.77857,12,37822983926,15,Communication Services,27.85,69823757151,4973213.51233
2026-08-14,WBS,2028-12-31,7.38491,7.8915,6.5884,3,3359557900,3,Financial Services,78.715,12754427595,5584233
2026-08-14,WBS,2027-12-31,7.10161,7.37664,6.68907,11,3183234456,8,Financial Services,78.715,12754427595,5584233
2026-08-14,WBS,2026-12-31,6.48387,6.66205,6.27599,7,3024481649,7,Financial Services,78.715,12754427595,5584233
2026-08-14,WBS,2025-12-31,5.87911,5.9191,5.83912,13,2895643238,8,Financial Services,78.715,12754427595,5584233
2026-08-14,WDAY,2031-01-31,14.01,14.51217,13.67465,5,16219100000,15,Technology,200.23,52448668085,4908694.95133
2026-08-14,WDAY,2030-01-31,18.37237,19.0309,17.9326,4,14910350874,11,Technology,200.23,52448668085,4908694.95133
2026-08-14,WDAY,2029-01-31,14.71368,19.29526,11.75989,10,13126750564,22,Technology,200.23,52448668085,4908694.95133
2026-08-14,WDAY,2028-01-31,12.63252,13.62956,11.74515,24,11850434476,30,Technology,200.23,52448668085,4908694.95133
2026-08-14,WDC,2030-07-03,65.73,83.02407,53.62895,1,38614000000,2,Technology,497.39,171441379980,7177071
2026-08-14,WDC,2029-07-03,46.1676,50.58947,41.74573,2,32082883241,4,Technology,497.39,171441379980,7177071
2026-08-14,WDC,2028-07-03,32.89865,40.30734,25.28597,6,25989278132,13,Technology,497.39,171441379980,7177071
2026-08-14,WDC,2027-07-03,19.82402,24.12048,12.41559,10,18938278439,18,Technology,497.39,171441379980,7177071
2026-08-14,WEC,2030-12-31,7.57204,7.98789,6.73905,3,12642967854,12,Utilities,110.105,35864061230,630782
2026-08-14,WEC,2029-12-31,7.01912,7.40461,6.24696,3,11996109179,8,Utilities,110.105,35864061230,630782
2026-08-14,WEC,2028-12-31,6.49082,6.61654,6.41665,9,11462162875,14,Utilities,110.105,35864061230,630782
2026-08-14,WEC,2027-12-31,5.9993,6.03923,5.94939,9,10680498820,11,Utilities,110.105,35864061230,630782
2026-08-14,WELL,2030-12-31,5.8,6.23465,5.27491,1,29988380823,2,Real Estate,235.545,169727134331,716924
2026-08-14,WELL,2029-12-31,5.11,5.49294,4.64737,1,18296400000,2,Real Estate,235.545,169727134331,716924
2026-08-14,WELL,2028-12-31,4.04591,4.44104,3.52617,5,18108926057,4,Real Estate,235.545,169727134331,716924
2026-08-14,WELL,2027-12-31,3.19936,3.26492,3.09883,5,15915913394,6,Real Estate,235.545,169727134331,716924
2026-08-14,WFC,2029-12-31,9.94,10.16463,9.77107,3,129240659816,1,Financial Services,88.43,267412320000,4523864
2026-08-14,WFC,2028-12-31,9.15842,9.73068,7.62393,9,97398360204,2,Financial Services,88.43,267412320000,4523864
2026-08-14,WFC,2027-12-31,7.97181,8.39402,7.45912,17,92770252160,9,Financial Services,88.43,267412320000,4523864
2026-08-14,WFC,2026-12-31,7.26358,7.44392,6.90291,15,88816804794,9,Financial Services,88.43,267412320000,4523864
2026-08-14,WHR,2029-12-31,5.9,5.9576,5.84494,1,16632500000,2,Consumer Cyclical,41.35,2680435185,746943
2026-08-14,WHR,2028-12-31,5.00088,6.45668,3.54508,2,16018084159,5,Consumer Cyclical,41.35,2680435185,746943
2026-08-14,WHR,2027-12-31,3.67188,5.07788,2.96307,5,15448241338,7,Consumer Cyclical,41.35,2680435185,746943
2026-08-14,WHR,2026-12-31,1.9421,2.91315,1.17821,3,14911575379,6,Consumer Cyclical,41.35,2680435185,746943
2026-08-14,WING,2030-12-27,10.81,11.06471,10.43054,2,1296300000,5,Consumer Cyclical,124.706,3397303205,959280.5262
2026-08-14,WING,2029-12-27,7.775,7.9582,7.50208,3,1086837000,10,Consumer Cyclical,124.706,3397303205,959280.5262
2026-08-14,WING,2028-12-27,6.61774,7.51595,5.71676,7,1008007936,11,Consumer Cyclical,124.706,3397303205,959280.5262
2026-08-14,WING,2027-12-27,5.36074,5.69264,5.21993,18,888111852,20,Consumer Cyclical,124.706,3397303205,959280.5262
2026-08-14,WIX,2030-12-31,11.61,11.95925,11.16501,2,3518000000,6,Technology,74.82,3925032210,1295296
2026-08-14,WIX,2029-12-31,9.81,10.1051,9.434,3,3193150000,10,Technology,74.82,3925032210,1295296
2026-08-14,WIX,2028-12-31,9.30033,34.7865,-16.28559,6,2815322660,12,Technology,74.82,3925032210,1295296
2026-08-14,WIX,2027-12-31,7.37247,9.90347,4.66293,10,2509730870,18,Technology,74.82,3925032210,1295296
2026-08-14,WM,2030-12-31,11.69345,11.88533,11.51779,4,32270098764,8,Industrials,225.04,89951905007,817400
2026-08-14,WM,2029-12-31,10.94704,11.12667,10.78259,4,31033920937,13,Industrials,225.04,89951905007,817400
2026-08-14,WM,2028-12-31,9.89839,10.85436,9.30172,10,29071826501,17,Industrials,225.04,89951905007,817400
2026-08-14,WM,2027-12-31,9.08171,9.60948,8.62364,18,27791818032,20,Industrials,225.04,89951905007,817400
2026-08-14,WMB,2030-12-31,4.265,4.7826,3.7819,5,14158000000,5,Energy,74.85,91554085279,1728083
2026-08-14,WMB,2029-12-31,3.80027,4.26147,3.36981,5,15542500000,3,Energy,74.85,91554085279,1728083
2026-08-14,WMB,2028-12-31,2.99204,3.67593,2.37507,8,15194740900,7,Energy,74.85,91554085279,1728083
2026-08-14,WMB,2027-12-31,2.53022,3.85796,-3.43208,9,13486895970,7,Energy,74.85,91554085279,1728083
2026-08-14,WMG,2030-09-30,2.51,2.60201,2.45493,4,9185000000,6,Communication Services,25.695,13408949060,665519.74093
2026-08-14,WMG,2029-09-30,1.6926,1.75465,1.65546,9,9011441800,9,Communication Services,25.695,13408949060,665519.74093
2026-08-14,WMG,2028-09-30,2.07138,2.21146,1.68989,11,8255669878,12,Communication Services,25.695,13408949060,665519.74093
2026-08-14,WMG,2027-09-30,1.80982,1.9343,1.69491,8,7763687880,11,Communication Services,25.695,13408949060,665519.74093
2026-08-14,WMS,2029-03-31,8.78978,8.96416,8.63766,1,3899585148,3,Industrials,149.78,11479945316,570973
2026-08-14,WMS,2028-03-31,7.37538,7.43391,7.31685,6,3665205555,7,Industrials,149.78,11479945316,570973
2026-08-14,WMS,2027-03-31,6.31286,6.33214,6.28395,5,3449636679,7,Industrials,149.78,11479945316,570973
2026-08-14,WMS,2026-03-31,6.07829,6.0979,6.04888,5,3025482696,6,Industrials,149.78,11479945316,570973
2026-08-14,WMT,2031-01-31,4.05333,4.11873,3.96677,5,891445000000,7,Consumer Defensive,115.36,918044108800,7670477.37999
2026-08-14,WMT,2030-01-31,3.9525,4.01628,3.8681,4,857116750000,8,Consumer Defensive,115.36,918044108800,7670477.37999
2026-08-14,WMT,2029-01-31,3.65413,4.18037,3.48509,10,827058288666,16,Consumer Defensive,115.36,918044108800,7670477.37999
2026-08-14,WMT,2028-01-31,3.2743,3.62476,3.10408,25,787197066498,27,Consumer Defensive,115.36,918044108800,7670477.37999
2026-08-14,WOLF,2029-06-30,0,0,0,0,1450000000,1,Technology,31.035,1612954124,1470553
2026-08-14,WOLF,2028-06-30,-7.63,-6.50961,-8.75039,1,801500000,1,Technology,31.035,1612954124,1470553
2026-08-14,WOLF,2027-06-30,-8.65,-7.37983,-9.92017,1,645700000,1,Technology,31.035,1612954124,1470553
2026-08-14,WOLF,2026-06-30,-12.37,-10.55358,-14.18642,1,757750000,2,Technology,31.035,1612954124,1470553
2026-08-14,WPM,2030-12-31,5.205,6.61677,4.31964,1,3941156250,2,Basic Materials,134.105,60900433125,768377
2026-08-14,WPM,2029-12-31,5.13254,6.52466,4.25951,1,4077666250,1,Basic Materials,134.105,60900433125,768377
2026-08-14,WPM,2028-12-31,5.57093,6.19418,5.19329,3,4424433955,3,Basic Materials,134.105,60900433125,768377
2026-08-14,WPM,2027-12-31,5.35439,6.62078,3.72141,10,4276912604,7,Basic Materials,134.105,60900433125,768377
2026-08-14,WRBY,2028-12-31,0.99566,1.4502,0.54112,2,1560953149,4,Consumer Cyclical,25.71,3155008512,1686418
2026-08-14,WRBY,2027-12-31,0.60296,0.68645,0.50092,7,1139636726,11,Consumer Cyclical,25.71,3155008512,1686418
2026-08-14,WRBY,2026-12-31,0.46797,0.57749,0.39827,7,979873174,11,Consumer Cyclical,25.71,3155008512,1686418
2026-08-14,WRBY,2025-12-31,0.36847,0.43635,0.32968,6,874616995,8,Consumer Cyclical,25.71,3155008512,1686418
2026-08-14,WSC,2030-12-31,10.26695,10.46194,10.11818,1,2487277579,2,Industrials,23.9806,4340360999,868364.29107
2026-08-14,WSC,2029-12-31,3.28338,3.34574,3.2358,1,2415675811,2,Industrials,23.9806,4340360999,868364.29107
2026-08-14,WSC,2028-12-31,1.78434,1.81823,1.75849,1,2447800983,4,Industrials,23.9806,4340360999,868364.29107
2026-08-14,WSC,2027-12-31,1.3289,1.47991,1.18796,7,2333581947,7,Industrials,23.9806,4340360999,868364.29107
2026-08-14,WSE,2031-03-31,1.27,1.31864,1.20036,5,5048900000,3,Technology,13.065,13068456999,856656.70746
2026-08-14,WSE,2030-03-31,1.09286,1.13471,1.03293,2,4719541819,4,Technology,13.065,13068456999,856656.70746
2026-08-14,WSE,2029-03-31,0.82878,0.86052,0.78333,3,4162947903,4,Technology,13.065,13068456999,856656.70746
2026-08-14,WSE,2028-03-31,0.67974,0.77386,0.60654,7,3500879412,8,Technology,13.065,13068456999,856656.70746
2026-08-14,WTRG,2030-12-31,2.7282,2.82176,2.66704,1,2897000000,2,Utilities,40.24,11413391236,647151
2026-08-14,WTRG,2029-12-31,2.4753,2.56019,2.41981,1,3011250000,1,Utilities,40.24,11413391236,647151
2026-08-14,WTRG,2028-12-31,2.47922,2.58802,2.40105,4,2898540241,3,Utilities,40.24,11413391236,647151
2026-08-14,WTRG,2027-12-31,2.35593,2.44355,2.31699,5,2727521999,3,Utilities,40.24,11413391236,647151
2026-08-14,WULF,2030-12-31,0.995,1.23576,0.81387,4,2412000000,6,Technology,17.255,8550415789,21006126
2026-08-14,WULF,2029-12-31,0.38774,0.48156,0.31716,2,2591473132,6,Technology,17.255,8550415789,21006126
2026-08-14,WULF,2028-12-31,0.4076,1.67257,-0.50599,7,1646666109,8,Technology,17.255,8550415789,21006126
2026-08-14,WULF,2027-12-31,-0.24593,2.10407,-1.66686,6,915953856,7,Technology,17.255,8550415789,21006126
2026-08-14,WWW,2029-01-03,2.04359,2.044,2.04318,2,2206851982,3,Consumer Cyclical,21,1721779500,551781
2026-08-14,WWW,2028-01-03,1.7573,1.8659,1.70794,6,2093930543,8,Consumer Cyclical,21,1721779500,551781
2026-08-14,WWW,2027-01-03,1.55332,1.59315,1.51349,6,1986708165,8,Consumer Cyclical,21,1721779500,551781
2026-08-14,WWW,2026-01-03,1.32982,1.33982,1.31982,7,1866718677,6,Consumer Cyclical,21,1721779500,551781
2026-08-14,WY,2028-12-31,1.0527,1.09014,0.99838,1,8008585380,5,Real Estate,24.655,17777305525,1864750
2026-08-14,WY,2027-12-31,0.71968,0.91596,0.54521,8,7698687818,8,Real Estate,24.655,17777305525,1864750
2026-08-14,WY,2026-12-31,0.3324,0.38971,0.29801,6,7088278442,6,Real Estate,24.655,17777305525,1864750
2026-08-14,WY,2025-12-31,0.17177,0.21471,0.13956,7,6925637780,7,Real Estate,24.655,17777305525,1864750
2026-08-14,WYFI,2029-12-31,1.12,1.26826,0.92483,1,248356056,1,Technology,29.4,1135257950,923089.1959
2026-08-14,WYFI,2028-12-31,0.74033,0.83507,0.6456,2,410883467,2,Technology,29.4,1135257950,923089.1959
2026-08-14,WYFI,2027-12-31,0.28715,0.32516,0.23711,3,266379800,5,Technology,29.4,1135257950,923089.1959
2026-08-14,WYFI,2026-12-31,-0.82479,-0.68106,-0.93397,3,126703288,5,Technology,29.4,1135257950,923089.1959
2026-08-14,XE,2030-12-31,0.95,1.0062,0.9022,1,2113564850,5,Industrials,20.675,453791812,3412269.1774
2026-08-14,XE,2029-12-31,-0.09,-0.08547184,-0.09532417,1,1297671500,3,Industrials,20.675,453791812,3412269.1774
2026-08-14,XE,2028-12-31,-0.32083,-0.10308,-0.7628,4,1108357332,7,Industrials,20.675,453791812,3412269.1774
2026-08-14,XE,2027-12-31,-0.48308,-0.43379,-0.57181,3,758303844,5,Industrials,20.675,453791812,3412269.1774
2026-08-14,XEL,2030-12-31,5.92833,6.22844,5.62496,2,21445525000,6,Utilities,79.175,49455396950,825740
2026-08-14,XEL,2029-12-31,5.48875,5.7666,5.20788,3,20128500729,11,Utilities,79.175,49455396950,825740
2026-08-14,XEL,2028-12-31,5.02292,5.19833,4.83283,6,18747512690,13,Utilities,79.175,49455396950,825740
2026-08-14,XEL,2027-12-31,4.54508,4.65618,4.44408,12,17311461192,11,Utilities,79.175,49455396950,825740
2026-08-14,XENE,2030-12-31,4.48054,14.39798,1.87023,5,1200030514,12,Healthcare,62.3258,6024760852,542693.62636
2026-08-14,XENE,2029-12-31,1.17843,3.78682,0.49189,9,776702255,8,Healthcare,62.3258,6024760852,542693.62636
2026-08-14,XENE,2028-12-31,-3.31057,0.85571,-5.61383,12,254606731,14,Healthcare,62.3258,6024760852,542693.62636
2026-08-14,XENE,2027-12-31,-4.90602,-3.77534,-5.60551,14,34301259,11,Healthcare,62.3258,6024760852,542693.62636
2026-08-14,XOM,2030-12-31,12.402,14.66237,10.65764,4,302957333333,5,Energy,160.395,664750661700,5209622
2026-08-14,XOM,2029-12-31,11.84,13.99794,10.17469,2,298010666667,5,Energy,160.395,664750661700,5209622
2026-08-14,XOM,2028-12-31,10.59848,12.70066,8.55148,7,366619202279,10,Energy,160.395,664750661700,5209622
2026-08-14,XOM,2027-12-31,10.55336,13.07068,8.67506,14,361431866894,10,Energy,160.395,664750661700,5209622
2026-08-14,XP,2030-12-31,0,0,0,1,30851885486,5,Financial Services,15.705,8215802917,3461839
2026-08-14,XP,2029-12-31,16.0559,17.00873,15.15236,1,28412725573,3,Financial Services,15.705,8215802917,3461839
2026-08-14,XP,2028-12-31,13.39243,13.64064,13.14739,4,26021764203,7,Financial Services,15.705,8215802917,3461839
2026-08-14,XP,2027-12-31,12.05035,12.94297,11.25692,4,22990869813,7,Financial Services,15.705,8215802917,3461839
2026-08-14,XPEV,2028-12-31,2.84632,4.6108,1.16009,11,139000321962,27,Consumer Cyclical,11.705,11119836477,3045039
2026-08-14,XPEV,2027-12-31,1.1795,8.61036,-2.47694,7,120214560514,20,Consumer Cyclical,11.705,11119836477,3045039
2026-08-14,XPEV,2026-12-31,-1.28352,0.28523,-2.31746,4,93800344578,20,Consumer Cyclical,11.705,11119836477,3045039
2026-08-14,XPEV,2025-12-31,-1.02295,-0.89508,-1.1082,6,77457642551,16,Consumer Cyclical,11.705,11119836477,3045039
2026-08-14,XRAY,2029-12-31,1.715,1.74435,1.68288,3,3782750000,10,Healthcare,11.705,2344823825,1172611
2026-08-14,XRAY,2028-12-31,1.70592,2.85421,0.2171,6,3742321837,12,Healthcare,11.705,2344823825,1172611
2026-08-14,XRAY,2027-12-31,1.55337,1.65424,1.47268,12,3656185347,14,Healthcare,11.705,2344823825,1172611
2026-08-14,XRAY,2026-12-31,1.41934,1.43933,1.39935,12,3584847263,14,Healthcare,11.705,2344823825,1172611
2026-08-14,XYL,2030-12-31,7.78,7.99441,7.43457,1,10793200000,5,Industrials,119.82,27976412340,548489
2026-08-14,XYL,2029-12-31,7.86338,8.08009,7.51424,1,10605563068,5,Industrials,119.82,27976412340,548489
2026-08-14,XYL,2028-12-31,6.81617,7.42754,6.16803,4,10046394196,11,Industrials,119.82,27976412340,548489
2026-08-14,XYL,2027-12-31,6.17874,6.56239,5.44173,14,9549622164,17,Industrials,119.82,27976412340,548489
2026-08-14,XYZ,2030-12-31,8.46,9.18406,7.94415,5,20699256000,14,Technology,82.98,49388117057,1901005
2026-08-14,XYZ,2029-12-31,8.04567,8.73427,7.55508,10,29605799067,14,Technology,82.98,49388117057,1901005
2026-08-14,XYZ,2028-12-31,6.45172,7.81362,4.40363,13,32121372665,16,Technology,82.98,49388117057,1901005
2026-08-14,XYZ,2027-12-31,5.1589,5.79479,4.09225,26,29028198018,24,Technology,82.98,49388117057,1901005
2026-08-14,YETI,2031-01-03,3.88,3.99145,3.80116,1,2434800000,2,Consumer Cyclical,44.405,3364047312,2187898
2026-08-14,YETI,2030-01-03,3.59,3.69312,3.51706,1,2318900000,3,Consumer Cyclical,44.405,3364047312,2187898
2026-08-14,YETI,2029-01-03,3.68066,4.15164,3.20968,2,2287259446,6,Consumer Cyclical,44.405,3364047312,2187898
2026-08-14,YETI,2028-01-03,3.32,3.58317,3.1378,11,2153626014,14,Consumer Cyclical,44.405,3364047312,2187898
2026-08-14,YPF,2030-12-31,0,0,0,1,42570623850000,3,Energy,49.95,19584149047,563366
2026-08-14,YPF,2029-12-31,26494.61195,28680.49314,24233.61821,1,40180694090000,4,Energy,49.95,19584149047,563366
2026-08-14,YPF,2028-12-31,11896.00832,12877.463,10880.82831,1,32506420071142,2,Energy,49.95,19584149047,563366
2026-08-14,YPF,2027-12-31,9462.42351,10804.95539,7327.31256,3,30729832749242,6,Energy,49.95,19584149047,563366
2026-08-14,YSS,2030-12-31,1.06,1.11987,0.95512,1,1584000000,6,Industrials,10.975,1442093434,5394651
2026-08-14,YSS,2029-12-31,0.95,1.00366,0.856,1,1339000000,6,Industrials,10.975,1442093434,5394651
2026-08-14,YSS,2028-12-31,0.85497,0.98723,0.5709,4,1072857888,8,Industrials,10.975,1442093434,5394651
2026-08-14,YSS,2027-12-31,0.52206,0.55155,0.47041,3,849965695,7,Industrials,10.975,1442093434,5394651
2026-08-14,YUM,2030-12-31,10.73,11.09831,9.72064,1,11104000000,4,Consumer Cyclical,149.77,41279757170,671372
2026-08-14,YUM,2029-12-31,8.78294,9.08442,7.95674,1,10629793337,4,Consumer Cyclical,149.77,41279757170,671372
2026-08-14,YUM,2028-12-31,8.07994,8.61837,7.47204,3,9860688161,9,Consumer Cyclical,149.77,41279757170,671372
2026-08-14,YUM,2027-12-31,7.37211,7.86627,6.93846,13,9456934758,16,Consumer Cyclical,149.77,41279757170,671372
2026-08-14,Z,2030-12-31,5.6,5.85436,5.45112,1,4554233333,8,Communication Services,34.93,8393547558,1645771.54701
2026-08-14,Z,2029-12-31,4.78,4.99711,4.65292,1,4301700600,13,Communication Services,34.93,8393547558,1645771.54701
2026-08-14,Z,2028-12-31,3.84405,4.01865,3.74185,2,3751529112,8,Communication Services,34.93,8393547558,1645771.54701
2026-08-14,Z,2027-12-31,2.95012,3.58004,2.68765,5,3327933559,17,Communication Services,34.93,8393547558,1645771.54701
2026-08-14,ZBH,2030-12-31,11.12,11.31576,10.81456,5,10119517700,10,Healthcare,100.27,19398434740,955296
2026-08-14,ZBH,2029-12-31,10.44256,10.6264,10.15573,5,9653967381,10,Healthcare,100.27,19398434740,955296
2026-08-14,ZBH,2028-12-31,9.72661,11.13207,8.58031,8,9262471588,20,Healthcare,100.27,19398434740,955296
2026-08-14,ZBH,2027-12-31,9.07063,9.2946,8.59216,16,8908141044,20,Healthcare,100.27,19398434740,955296
2026-08-14,ZETA,2030-12-31,1.56,1.59747,1.5096,1,2996900000,3,Technology,29.4001,7350537679,2961307
2026-08-14,ZETA,2029-12-31,1.42,1.45411,1.37413,1,2691833333,4,Technology,29.4001,7350537679,2961307
2026-08-14,ZETA,2028-12-31,1.42047,1.48049,1.36045,2,2405993870,6,Technology,29.4001,7350537679,2961307
2026-08-14,ZETA,2027-12-31,1.19736,1.34458,1.0207,8,2110796392,12,Technology,29.4001,7350537679,2961307
2026-08-14,ZG,2030-12-31,5.6,5.95032,5.39794,5,4554233333,7,Communication Services,35.3627,8497523740,627649.7616
2026-08-14,ZG,2029-12-31,4.78,5.07902,4.60753,9,4301700600,10,Communication Services,35.3627,8497523740,627649.7616
2026-08-14,ZG,2028-12-31,3.88417,5.54913,2.72908,12,3760760344,15,Communication Services,35.3627,8497523740,627649.7616
2026-08-14,ZG,2027-12-31,2.96923,3.60323,2.70506,12,3331762786,21,Communication Services,35.3627,8497523740,627649.7616
2026-08-14,ZGN,2029-12-31,0.63553,0.64835,0.61866,2,2445125962,4,Consumer Cyclical,13.84,3713438080,511168
2026-08-14,ZGN,2028-12-31,0.65594,0.72319,0.58889,7,2361835322,9,Consumer Cyclical,13.84,3713438080,511168
2026-08-14,ZGN,2027-12-31,0.56284,0.64588,0.48902,8,2212173676,8,Consumer Cyclical,13.84,3713438080,511168
2026-08-14,ZGN,2026-12-31,0.42674,0.48121,0.38134,8,2044973068,8,Consumer Cyclical,13.84,3713438080,511168
2026-08-14,ZIM,2029-12-31,-0.2098,-0.20006,-0.21863,1,8634410726,1,Industrials,28.14,3391423401,3150476
2026-08-14,ZIM,2028-12-31,-4.2712,-4.20922,-4.33318,2,6330969754,2,Industrials,28.14,3391423401,3150476
2026-08-14,ZIM,2027-12-31,-3.26569,-3.11404,-3.40319,2,6010172328,3,Industrials,28.14,3391423401,3150476
2026-08-14,ZIM,2026-12-31,2.77901,2.89602,2.64996,2,7071221284,3,Industrials,28.14,3391423401,3150476
2026-08-14,ZLAB,2030-12-31,1.35,1.63707,1.12824,1,1224800000,5,Healthcare,25.98,2933727433,695503.49892
2026-08-14,ZLAB,2029-12-31,0.4595,0.55721,0.38402,1,1100734800,5,Healthcare,25.98,2933727433,695503.49892
2026-08-14,ZLAB,2028-12-31,-0.80362,-0.63141,-1.12556,4,768110026,11,Healthcare,25.98,2933727433,695503.49892
2026-08-14,ZLAB,2027-12-31,-1.63997,-1.12208,-2.15786,7,563426693,11,Healthcare,25.98,2933727433,695503.49892
2026-08-14,ZM,2031-01-31,5.72,5.81188,5.66892,4,5919400000,7,Technology,105.8825,31048160852,1584793.39652
2026-08-14,ZM,2030-01-31,7.0025,7.11498,6.93997,2,5698900000,8,Technology,105.8825,31048160852,1584793.39652
2026-08-14,ZM,2029-01-31,6.68599,7.51512,5.5035,6,5494595960,16,Technology,105.8825,31048160852,1584793.39652
2026-08-14,ZM,2028-01-31,6.27908,6.73975,5.98866,16,5293428206,23,Technology,105.8825,31048160852,1584793.39652
2026-08-14,ZS,2030-07-31,6.84,7.08234,6.72944,1,6207900000,2,Technology,185.155,29941327101,1410119.0529
2026-08-14,ZS,2029-07-31,5.91,6.11939,5.81447,1,5257250000,4,Technology,185.155,29941327101,1410119.0529
2026-08-14,ZS,2028-07-31,5.38497,48.0407,-32.35394,13,4541642672,31,Technology,185.155,29941327101,1410119.0529
2026-08-14,ZS,2027-07-31,4.57949,5.21942,3.95956,26,3893346750,35,Technology,185.155,29941327101,1410119.0529
2026-08-14,ZTO,2028-12-31,17.32619,19.25647,15.62113,8,68992007448,15,Industrials,22.88,18122097067,520369
2026-08-14,ZTO,2027-12-31,15.70979,16.67868,14.67169,8,63431907018,14,Industrials,22.88,18122097067,520369
2026-08-14,ZTO,2026-12-31,13.96026,14.50772,13.07064,7,57778552078,13,Industrials,22.88,18122097067,520369
2026-08-14,ZTO,2025-12-31,11.37683,11.79306,10.54438,8,48585429634,11,Industrials,22.88,18122097067,520369
2026-08-14,ZTS,2030-12-31,9.335,9.70395,9.13952,2,11625000000,6,Healthcare,74.1799,31098291117,2062737
2026-08-14,ZTS,2029-12-31,8.65333,8.99533,8.47212,3,10998733333,11,Healthcare,74.1799,31098291117,2062737
2026-08-14,ZTS,2028-12-31,7.95309,9.08862,7.26666,6,10557068359,13,Healthcare,74.1799,31098291117,2062737
2026-08-14,ZTS,2027-12-31,7.35345,7.72362,7.06331,12,10088422505,14,Healthcare,74.1799,31098291117,2062737
