date,usd,eur,gbp,jpy
2009-01-02,,2.101709,1.494364,
2009-01-05,,2.063826,1.568432,0.358000
2009-01-06,,2.106722,1.573831,0.374000
2009-01-07,,2.023338,1.559324,0.364000
2009-01-08,,1.963030,1.471012,0.369000
2009-01-09,,1.860615,1.424487,0.369000
2009-01-12,,1.858776,1.406300,
2009-01-13,,1.838591,1.455421,0.368000
2009-01-14,,1.825018,1.444672,0.374000
2009-01-15,,1.839766,1.444265,0.374000
2009-01-16,,1.871908,1.513305,0.364000
2009-01-19,,1.871544,1.522785,0.355000
2009-01-20,,1.845640,1.469058,0.350000
2009-01-21,,1.827292,1.359212,0.365000
2009-01-22,,1.771341,1.379513,0.360000
2009-01-23,,1.730806,1.399369,0.364000
2009-01-26,,1.953094,1.386878,0.385000
2009-01-27,,1.983181,1.418984,0.402000
2009-01-28,,1.905597,1.405380,0.411000
2009-01-29,,1.848713,1.384177,0.403000
2009-01-30,,1.787257,1.427970,0.403000
2009-02-02,,1.749242,1.445199,0.396000
2009-02-03,,1.693757,1.538262,0.409000
2009-02-04,,1.753526,1.558077,0.425000
2009-02-05,,1.647958,1.521123,0.423000
2009-02-06,,1.649645,1.547413,0.410000
2009-02-09,,1.690263,1.529046,0.393000
2009-02-10,,1.664999,1.506789,0.409000
2009-02-11,,1.605212,1.208866,
2009-02-12,,1.559577,1.071846,0.399000
2009-02-13,,1.580206,1.193189,0.389000
2009-02-16,,1.508375,1.216691,0.395000
2009-02-17,,1.462526,1.222253,0.385000
2009-02-18,,1.482866,1.341010,0.370000
2009-02-19,,1.627996,1.361505,0.380000
2009-02-20,,1.575182,1.351665,0.381000
2009-02-23,,1.586561,1.393130,0.385000
2009-02-24,,1.523870,1.321105,0.405000
2009-02-25,,1.492251,1.290270,0.410000
2009-02-26,,1.600295,1.362823,0.392000
2009-02-27,,1.556891,1.315274,0.392000
2009-03-02,,1.491866,1.252288,0.393000
2009-03-03,,1.473158,1.171408,0.393000
2009-03-04,,1.446071,1.180111,0.393000
2009-03-05,,1.448066,1.160389,0.399000
2009-03-06,,1.465132,1.202918,0.399000
2009-03-09,,1.538116,1.320539,0.399000
2009-03-10,,1.557679,1.302606,0.410000
2009-03-11,,1.626667,1.365906,0.410000
2009-03-12,,1.565028,1.359691,0.410000
2009-03-13,,1.586378,1.390350,0.410000
2009-03-16,,1.573983,1.468623,0.405000
2009-03-17,,1.597309,1.484556,0.406000
2009-03-18,,1.612535,1.481134,0.406000
2009-03-19,,1.607307,1.410831,0.396000
2009-03-20,,1.520612,1.379242,
2009-03-23,,1.543151,1.392410,0.403000
2009-03-24,,1.602728,1.347873,0.403000
2009-03-25,,1.620144,1.321533,0.403000
2009-03-26,,1.628758,1.367547,0.409000
2009-03-27,,1.524796,1.376011,0.409000
2009-03-30,,1.480210,1.281998,0.407000
2009-03-31,,1.461562,1.276669,0.408000
2009-04-01,,1.450932,1.245824,0.398000
2009-04-02,,1.578060,1.469647,0.398000
2009-04-03,,1.658081,1.501391,0.396000
2009-04-06,,1.698611,1.613178,0.416000
2009-04-07,,1.646017,1.585738,0.421000
2009-04-08,,1.629126,1.524130,0.432000
2009-04-09,,1.627832,1.501576,0.458000
2009-04-10,,,,0.454000
2009-04-13,,,,0.450000
2009-04-14,,1.580921,1.457320,0.445000
2009-04-15,,1.534132,1.526184,0.420000
2009-04-16,,1.590264,1.473831,0.416000
2009-04-17,,1.635999,1.596481,0.401000
2009-04-20,,1.600154,1.503494,0.402000
2009-04-21,,1.586764,1.610583,0.408000
2009-04-22,,1.630731,1.611487,0.403000
2009-04-23,,1.623123,1.463228,0.403000
2009-04-24,,1.584031,1.416522,0.406000
2009-04-27,,1.521417,1.385806,0.406000
2009-04-28,,1.516257,1.310968,0.390000
2009-04-29,,1.502160,1.301565,
2009-04-30,,1.526533,1.296177,0.375000
2009-05-01,,,1.312566,0.371000
2009-05-04,,1.521594,,
2009-05-05,,1.521834,1.339910,
2009-05-06,,1.491280,1.413739,
2009-05-07,,1.547234,1.426153,0.393000
2009-05-08,,1.474712,1.468925,0.394000
2009-05-11,,1.451005,1.412376,0.399000
2009-05-12,,1.491465,1.444524,0.390000
2009-05-13,,1.413924,1.315368,0.380000
2009-05-14,,1.419861,1.295834,0.371000
2009-05-15,,1.413390,1.352044,0.370000
2009-05-18,,1.390306,1.298759,0.370000
2009-05-19,,1.443092,1.300214,0.381000
2009-05-20,,1.509487,1.342694,0.371000
2009-05-21,,1.445251,1.300976,0.361000
2009-05-22,,1.481096,1.354740,0.352000
2009-05-25,,1.598303,,0.362000
2009-05-26,,1.571529,1.280827,0.363000
2009-05-27,,1.599699,1.358151,0.363000
2009-05-28,,1.593192,1.362473,0.344000
2009-05-29,,1.528623,1.351846,0.344000
2009-06-01,,1.538680,1.446750,0.345000
2009-06-02,,1.505494,1.445231,0.354000
2009-06-03,,1.469802,1.397718,0.356000
2009-06-04,,1.594431,1.491582,0.346000
2009-06-05,,1.738508,1.621722,0.337000
2009-06-08,,1.777273,1.779311,0.368000
2009-06-09,,1.758051,1.756108,0.378000
2009-06-10,,1.751320,1.766541,0.373000
2009-06-11,,1.794592,1.860392,0.374000
2009-06-12,,1.739557,1.797587,0.374000
2009-06-15,,1.696448,1.716842,0.375000
2009-06-16,,1.676038,1.769470,0.370000
2009-06-17,,1.610020,1.683810,0.371000
2009-06-18,,1.616723,1.696683,0.366000
2009-06-19,,1.596705,1.649428,0.356000
2009-06-22,,1.543886,1.600781,0.357000
2009-06-23,,1.572669,1.568045,0.347000
2009-06-24,,1.491240,1.513023,0.333000
2009-06-25,,1.443717,1.492918,0.314000
2009-06-26,,1.427059,1.522124,0.303000
2009-06-29,,1.469789,1.611716,0.294000
2009-06-30,,1.501304,1.721253,0.307000
2009-07-01,,1.468171,1.759411,0.287000
2009-07-02,,1.365578,1.688602,0.270000
2009-07-03,,1.361704,1.659804,0.255000
2009-07-06,,1.336316,1.607222,0.254000
2009-07-07,,1.342810,1.591960,0.259000
2009-07-08,,1.343700,1.501037,0.254000
2009-07-09,,1.368833,1.590354,0.240000
2009-07-10,,1.341143,1.528828,0.240000
2009-07-13,,1.340281,1.472070,0.245000
2009-07-14,,1.387413,1.539736,0.250000
2009-07-15,,1.420673,1.600507,0.260000
2009-07-16,,1.378358,1.575181,0.265000
2009-07-17,,1.405231,1.604557,0.265000
2009-07-20,,1.459214,1.662260,
2009-07-21,,1.438687,1.662793,0.276000
2009-07-22,,1.423172,1.678853,0.281000
2009-07-23,,1.420244,1.808099,0.276000
2009-07-24,,1.461922,1.779004,0.271000
2009-07-27,,1.528893,1.820522,0.267000
2009-07-28,,1.488341,1.802203,0.266000
2009-07-29,,1.478346,1.811799,0.271000
2009-07-30,,1.485738,1.810403,0.272000
2009-07-31,,1.433446,1.702083,0.275000
2009-08-03,,1.472925,1.777529,0.275000
2009-08-04,,1.507537,1.798203,0.270000
2009-08-05,,1.580300,1.802669,0.265000
2009-08-06,,1.613277,1.768279,0.265000
2009-08-07,,1.687589,1.800124,0.265000
2009-08-10,,1.681599,1.678181,0.275000
2009-08-11,,1.588962,1.654057,0.270000
2009-08-12,,1.587208,1.561548,0.270000
2009-08-13,,1.530638,1.506953,0.265000
2009-08-14,,1.473767,1.428997,0.265000
2009-08-17,,1.465017,1.405269,0.260000
2009-08-18,,1.478011,1.498653,0.260000
2009-08-19,,1.445984,1.395676,0.255000
2009-08-20,,1.453659,1.386409,0.246000
2009-08-21,,1.522081,1.377984,0.245000
2009-08-24,,1.527162,1.360549,0.246000
2009-08-25,,1.483098,1.287406,0.241000
2009-08-26,,1.462159,1.352341,0.241000
2009-08-27,,1.461976,1.389653,0.241000
2009-08-28,,1.467290,1.388643,0.242000
2009-08-31,,1.459397,,0.240000
2009-09-01,,1.436602,1.407169,0.240000
2009-09-02,,1.409791,1.397127,0.235000
2009-09-03,,1.375545,1.443730,0.230000
2009-09-04,,1.343950,1.409458,0.231000
2009-09-07,,1.313084,1.400277,0.237000
2009-09-08,,1.315315,1.426309,0.233000
2009-09-09,,1.342057,1.477215,0.223000
2009-09-10,,1.279506,1.427680,0.209000
2009-09-11,,1.269563,1.400971,0.204000
2009-09-14,,1.291881,1.409399,0.209000
2009-09-15,,1.322132,1.292005,0.210000
2009-09-16,,1.342929,1.339487,0.210000
2009-09-17,,1.378464,1.361295,0.215000
2009-09-18,,1.379096,1.367927,0.225000
2009-09-21,,1.342107,1.384447,
2009-09-22,,1.344902,1.376087,
2009-09-23,,1.347219,1.379071,
2009-09-24,,1.295169,1.293546,0.221000
2009-09-25,,1.306269,1.262436,0.211000
2009-09-28,,1.295177,1.291136,0.227000
2009-09-29,,1.328370,1.388524,0.228000
2009-09-30,,1.327179,1.381131,0.239000
2009-10-01,,1.341491,1.280676,0.234000
2009-10-02,,1.299261,1.266436,0.230000
2009-10-05,,1.297721,1.259365,0.231000
2009-10-06,,1.323017,1.254034,0.231000
2009-10-07,,1.328167,1.240343,0.236000
2009-10-08,,1.317372,1.207232,0.247000
2009-10-09,,1.449214,1.304774,0.252000
2009-10-12,,1.420870,1.244124,
2009-10-13,,1.377293,1.268426,0.249000
2009-10-14,,1.407783,1.323251,0.240000
2009-10-15,,1.461098,1.358844,0.245000
2009-10-16,,1.489588,1.395337,0.240000
2009-10-19,,1.487172,1.403385,0.246000
2009-10-20,,1.453232,1.344793,0.252000
2009-10-21,,1.474676,1.506732,0.252000
2009-10-22,,1.466822,1.511023,0.263000
2009-10-23,,1.492235,1.455100,0.273000
2009-10-26,,1.485162,1.460742,0.285000
2009-10-27,,1.406347,1.384107,0.280000
2009-10-28,,1.387510,1.390745,0.268000
2009-10-29,,1.465275,1.450532,0.253000
2009-10-30,,1.429095,1.426238,0.250000
2009-11-02,,1.409241,1.476101,0.246000
2009-11-03,,1.385426,1.486127,
2009-11-04,,1.427345,1.502655,0.267000
2009-11-05,,1.431713,1.509088,0.272000
2009-11-06,,1.432514,1.455290,0.267000
2009-11-09,,1.367767,1.391084,0.268000
2009-11-10,,1.356148,1.386422,0.259000
2009-11-11,,1.361653,1.327477,0.254000
2009-11-12,,1.360397,1.316907,0.254000
2009-11-13,,1.336709,1.375433,0.249000
2009-11-16,,1.334375,1.381599,0.245000
2009-11-17,,1.336048,1.316751,0.240000
2009-11-18,,1.333997,1.306191,0.235000
2009-11-19,,1.311109,1.291933,0.236000
2009-11-20,,1.370961,1.288247,0.246000
2009-11-23,,1.395272,1.305030,
2009-11-24,,1.366818,1.301125,0.251000
2009-11-25,,1.406790,1.287750,0.240000
2009-11-26,,1.321876,1.245005,0.240000
2009-11-27,,1.322821,1.275821,0.225000
2009-11-30,,1.337499,1.255133,0.225000
2009-12-01,,1.316743,1.224011,0.165000
2009-12-02,,1.319759,1.219266,0.175000
2009-12-03,,1.357509,1.219804,0.169000
2009-12-04,,1.412416,1.278068,0.169000
2009-12-07,,1.378661,1.254328,0.174000
2009-12-08,,1.289887,1.233329,0.180000
2009-12-09,,1.298267,1.199434,0.179000
2009-12-10,,1.324204,1.261850,0.179000
2009-12-11,,1.355745,1.318829,0.169000
2009-12-14,,1.330362,1.301659,0.170000
2009-12-15,,1.336415,1.346516,0.165000
2009-12-16,,1.304838,1.335596,0.165000
2009-12-17,,1.242862,1.292398,0.165000
2009-12-18,,1.246843,1.222053,0.159000
2009-12-21,,1.254905,1.313884,0.155000
2009-12-22,,1.268601,1.358635,0.155000
2009-12-23,,1.271084,1.428511,
2009-12-24,,1.270306,1.447164,0.155000
2009-12-25,,,,0.155000
2009-12-28,,1.320033,,0.155000
2009-12-29,,1.361696,1.499430,0.146000
2009-12-30,,1.382051,1.493495,0.136000
2009-12-31,,1.378829,1.441806,
2010-01-04,1.090000,1.445750,1.450123,0.147000
2010-01-05,1.010000,1.408619,1.487027,0.148000
2010-01-06,1.010000,1.402083,1.466350,0.154000
2010-01-07,1.030000,1.382867,1.448577,0.154000
2010-01-08,0.960000,1.350298,1.447474,0.164000
2010-01-11,0.950000,1.318838,1.387166,
2010-01-12,0.920000,1.312689,1.365631,0.164000
2010-01-13,0.970000,1.315575,1.396675,0.164000
2010-01-14,0.940000,1.303789,1.417385,0.159000
2010-01-15,0.890000,1.261060,1.401168,0.155000
2010-01-18,,1.282257,1.406284,0.160000
2010-01-19,0.930000,1.305395,1.495963,0.160000
2010-01-20,0.920000,1.279148,1.506397,0.161000
2010-01-21,0.870000,1.280030,1.409652,0.161000
2010-01-22,0.840000,1.215070,1.423098,0.161000
2010-01-25,0.860000,1.239939,1.408155,0.162000
2010-01-26,0.870000,1.231759,1.370020,0.157000
2010-01-27,0.900000,1.235826,1.377769,0.156000
2010-01-28,0.870000,1.247513,1.454401,0.155000
2010-01-29,0.820000,1.247836,1.427394,0.155000
2010-02-01,0.860000,1.258908,1.402787,0.155000
2010-02-02,0.860000,1.289538,1.383021,0.155000
2010-02-03,0.880000,1.303167,1.372637,0.155000
2010-02-04,0.800000,1.288194,1.349725,0.155000
2010-02-05,0.770000,1.245853,1.326227,0.155000
2010-02-08,0.790000,1.197433,1.388153,0.155000
2010-02-09,0.840000,1.200920,1.391449,0.155000
2010-02-10,0.910000,1.198496,1.308190,0.154000
2010-02-11,0.910000,1.228504,1.370963,
2010-02-12,0.840000,1.181848,1.352314,0.154000
2010-02-15,,1.179998,1.377583,0.160000
2010-02-16,0.820000,1.187939,1.350556,0.160000
2010-02-17,0.870000,1.144834,1.347094,0.155000
2010-02-18,0.900000,1.145558,1.335362,0.155000
2010-02-19,0.950000,1.180797,1.356268,0.155000
2010-02-22,0.910000,1.175468,1.348898,0.156000
2010-02-23,0.870000,1.080315,1.308285,0.156000
2010-02-24,0.870000,1.094977,1.261054,0.156000
2010-02-25,0.820000,1.045815,1.213391,0.155000
2010-02-26,0.810000,1.024754,1.187726,0.155000
2010-03-01,0.800000,1.043001,1.240274,0.155000
2010-03-02,0.800000,1.029466,1.231344,0.155000
2010-03-03,0.820000,1.071948,1.311110,0.155000
2010-03-04,0.860000,1.058626,1.296314,0.145000
2010-03-05,0.910000,1.085261,1.363631,0.140000
2010-03-08,0.900000,1.073018,1.367135,0.140000
2010-03-09,0.890000,1.051178,1.285648,0.140000
2010-03-10,0.920000,1.076512,1.286252,0.140000
2010-03-11,0.970000,1.104037,1.312353,0.140000
2010-03-12,0.970000,1.141223,1.288218,0.140000
2010-03-15,0.960000,1.118983,1.278249,0.145000
2010-03-16,0.930000,1.107689,1.276047,0.145000
2010-03-17,0.950000,1.040737,1.291550,0.145000
2010-03-18,0.980000,1.072961,1.329691,0.145000
2010-03-19,1.020000,1.084867,1.333114,0.145000
2010-03-22,1.010000,1.070457,1.297310,
2010-03-23,1.020000,1.047419,1.273336,0.146000
2010-03-24,1.080000,1.069378,1.287087,0.146000
2010-03-25,1.100000,1.068210,1.278324,0.152000
2010-03-26,1.040000,1.085995,1.281090,0.157000
2010-03-29,1.040000,1.061839,1.258448,0.162000
2010-03-30,1.060000,1.072229,1.284577,0.162000
2010-03-31,1.020000,1.052205,1.246228,0.167000
2010-04-01,1.050000,1.060046,1.260125,0.163000
2010-04-02,1.110000,,,0.163000
2010-04-05,1.180000,,,0.163000
2010-04-06,1.140000,1.077934,1.328883,0.159000
2010-04-07,1.060000,1.064726,1.318499,0.159000
2010-04-08,1.090000,1.034126,1.249520,0.155000
2010-04-09,1.080000,1.089686,1.276175,0.155000
2010-04-12,1.070000,1.106053,1.290829,0.155000
2010-04-13,1.070000,1.067443,1.260555,0.160000
2010-04-14,1.070000,1.060927,1.264999,0.160000
2010-04-15,1.040000,1.056532,1.274340,0.165000
2010-04-16,0.980000,1.017765,1.232154,0.165000
2010-04-19,1.010000,1.000346,1.251579,0.160000
2010-04-20,1.050000,1.028176,1.268268,0.160000
2010-04-21,1.030000,1.029918,1.308840,0.160000
2010-04-22,1.070000,1.058336,1.340321,0.160000
2010-04-23,1.100000,1.059075,1.403141,0.160000
2010-04-26,1.090000,1.094293,1.405256,0.165000
2010-04-27,1.030000,1.081843,1.350805,0.162000
2010-04-28,1.030000,1.083987,1.328083,0.160000
2010-04-29,1.010000,1.065499,1.339760,
2010-04-30,0.970000,1.011487,1.258012,0.160000
2010-05-03,1.000000,1.020214,,
2010-05-04,0.960000,0.982267,1.228425,
2010-05-05,0.880000,0.862375,1.206423,
2010-05-06,0.750000,0.801717,1.216445,0.160000
2010-05-07,0.830000,0.741124,1.232172,0.160000
2010-05-10,0.870000,0.817386,1.278255,0.160000
2010-05-11,0.850000,0.826316,1.271252,0.160000
2010-05-12,0.890000,0.814651,1.198809,0.155000
2010-05-13,0.870000,0.814999,1.141552,0.160000
2010-05-14,0.790000,0.758543,1.088368,0.160000
2010-05-17,0.810000,0.819014,1.061015,0.160000
2010-05-18,0.760000,0.875249,1.076165,0.165000
2010-05-19,0.800000,0.860522,1.035623,0.165000
2010-05-20,0.760000,0.823528,0.992758,0.160000
2010-05-21,0.760000,0.832908,1.013150,0.155000
2010-05-24,0.770000,0.826545,1.028689,0.160000
2010-05-25,0.810000,0.837997,0.975544,0.160000
2010-05-26,0.820000,0.893971,1.022189,0.160000
2010-05-27,0.870000,0.933957,1.052169,0.160000
2010-05-28,0.760000,0.577498,1.047966,0.160000
2010-05-31,,0.566074,,0.160000
2010-06-01,0.780000,0.560946,1.064672,0.155000
2010-06-02,0.820000,0.569080,1.044219,0.155000
2010-06-03,0.820000,0.601787,1.071017,0.150000
2010-06-04,0.720000,0.580496,1.016468,0.145000
2010-06-07,0.740000,0.590801,0.984911,0.145000
2010-06-08,0.740000,0.579693,0.962318,0.145000
2010-06-09,0.740000,0.562667,0.994100,0.145000
2010-06-10,0.790000,0.580261,1.049681,0.145000
2010-06-11,0.750000,0.545572,0.995051,0.150000
2010-06-14,0.770000,0.570047,1.094061,0.155000
2010-06-15,0.790000,0.604894,1.056036,0.155000
2010-06-16,0.750000,0.595265,1.051778,0.155000
2010-06-17,0.720000,0.617745,1.041770,0.155000
2010-06-18,0.740000,0.656724,1.080512,0.155000
2010-06-21,0.740000,0.700397,1.056224,0.155000
2010-06-22,0.710000,0.688158,0.982471,0.151000
2010-06-23,0.660000,0.694193,0.973116,0.150000
2010-06-24,0.670000,0.658724,0.931957,0.150000
2010-06-25,0.650000,0.689058,0.932528,0.150000
2010-06-28,0.620000,0.691024,0.951197,0.150000
2010-06-29,0.610000,0.654537,0.986421,0.145000
2010-06-30,0.610000,0.693134,0.936241,0.145000
2010-07-01,0.630000,0.727280,0.945729,0.140000
2010-07-02,0.630000,0.726503,0.976926,0.140000
2010-07-05,,0.689285,0.935551,0.140000
2010-07-06,0.620000,0.726411,0.940239,0.140000
2010-07-07,0.630000,0.707687,0.958590,0.140000
2010-07-08,0.630000,0.774729,0.963731,0.140000
2010-07-09,0.630000,0.800656,0.928273,0.140000
2010-07-12,0.650000,0.761172,0.936406,0.140000
2010-07-13,0.670000,0.766256,0.966932,0.145000
2010-07-14,0.620000,0.818025,0.988622,0.145000
2010-07-15,0.610000,0.846245,0.974552,0.145000
2010-07-16,0.610000,0.836538,0.953874,0.140000
2010-07-19,0.610000,0.891887,0.977136,
2010-07-20,0.610000,0.842441,0.990194,0.145000
2010-07-21,0.580000,0.802895,0.994903,0.145000
2010-07-22,0.600000,0.790024,0.998838,0.144000
2010-07-23,0.600000,0.808211,1.076038,0.144000
2010-07-26,0.620000,0.858928,1.110287,0.145000
2010-07-27,0.650000,0.929391,1.151616,0.145000
2010-07-28,0.610000,0.898418,1.117788,0.145000
2010-07-29,0.590000,0.905217,1.054253,0.145000
2010-07-30,0.550000,0.871846,0.992098,0.145000
2010-08-02,0.560000,0.892049,1.017125,0.145000
2010-08-03,0.530000,0.816502,0.991961,0.145000
2010-08-04,0.560000,0.816198,1.009581,0.140000
2010-08-05,0.530000,0.823269,0.993830,0.140000
2010-08-06,0.500000,0.825556,0.979158,0.140000
2010-08-09,0.540000,0.798964,0.991009,0.140000
2010-08-10,0.520000,0.792192,0.978676,0.136000
2010-08-11,0.540000,0.705547,0.910344,0.136000
2010-08-12,0.550000,0.680887,0.893497,0.136000
2010-08-13,0.540000,0.680176,0.910743,0.131000
2010-08-16,0.510000,0.661838,0.858172,0.135000
2010-08-17,0.520000,0.686226,0.874782,0.130000
2010-08-18,0.510000,0.665071,0.855404,0.120000
2010-08-19,0.490000,0.662996,0.829675,0.115000
2010-08-20,0.490000,0.635119,0.802053,0.114000
2010-08-23,0.490000,0.642450,0.798479,0.114000
2010-08-24,0.500000,0.581620,0.738397,0.119000
2010-08-25,0.530000,0.607434,0.756824,0.125000
2010-08-26,0.510000,0.631108,0.774195,0.121000
2010-08-27,0.560000,0.636848,0.789336,0.129000
2010-08-30,0.500000,0.616722,,0.129000
2010-08-31,0.470000,0.623867,0.770697,0.119000
2010-09-01,0.500000,0.647888,0.826987,0.119000
2010-09-02,0.500000,0.643716,0.853527,0.124000
2010-09-03,0.520000,0.674491,0.861693,0.129000
2010-09-06,,0.668679,0.839278,0.149000
2010-09-07,0.490000,0.621983,0.792843,0.139000
2010-09-08,0.520000,0.672340,0.813943,0.134000
2010-09-09,0.570000,0.720437,0.844678,0.134000
2010-09-10,0.580000,0.755465,0.907126,0.144000
2010-09-13,0.530000,0.780391,0.895755,0.140000
2010-09-14,0.500000,0.760430,0.836028,0.140000
2010-09-15,0.500000,0.792278,0.847650,0.130000
2010-09-16,0.480000,0.857069,0.884889,0.125000
2010-09-17,0.480000,0.818926,0.875904,0.125000
2010-09-20,0.470000,0.846879,0.898615,
2010-09-21,0.430000,0.850882,0.871826,0.126000
2010-09-22,0.440000,0.821947,0.796496,0.126000
2010-09-23,0.450000,0.759002,0.778491,
2010-09-24,0.450000,0.774214,0.840532,0.131000
2010-09-27,0.440000,0.773236,0.798978,0.137000
2010-09-28,0.370000,0.780291,0.791418,0.134000
2010-09-29,0.440000,0.837415,0.768891,0.135000
2010-09-30,0.420000,0.899321,0.786718,0.132000
2010-10-01,0.420000,0.929296,0.790634,0.128000
2010-10-04,0.410000,0.875624,0.766133,0.126000
2010-10-05,0.410000,0.864673,0.800099,0.113000
2010-10-06,0.380000,0.835727,0.758673,0.113000
2010-10-07,0.360000,0.855028,0.784499,0.119000
2010-10-08,0.350000,0.861976,0.747506,0.119000
2010-10-11,,0.843770,0.764539,
2010-10-12,0.370000,0.815467,0.751545,0.120000
2010-10-13,0.370000,0.826205,0.766533,0.125000
2010-10-14,0.380000,0.837519,0.765381,0.120000
2010-10-15,0.370000,0.857990,0.796205,0.125000
2010-10-18,0.380000,0.930530,0.785939,0.125000
2010-10-19,0.370000,0.958973,0.772026,0.130000
2010-10-20,0.350000,0.996842,0.724941,0.130000
2010-10-21,0.370000,1.020417,0.697873,0.130000
2010-10-22,0.350000,1.051068,0.739810,0.136000
2010-10-25,0.370000,1.026556,0.749139,0.136000
2010-10-26,0.400000,1.080951,0.843687,0.136000
2010-10-27,0.400000,1.100520,0.855184,0.137000
2010-10-28,0.370000,1.088469,0.863075,0.132000
2010-10-29,0.340000,1.062293,0.819158,0.137000
2010-11-01,0.340000,1.060207,0.817971,0.138000
2010-11-02,0.340000,1.059857,0.818770,0.138000
2010-11-03,0.340000,1.039287,0.805494,
2010-11-04,0.330000,1.027913,0.775948,0.135000
2010-11-05,0.380000,0.998482,0.790150,0.135000
2010-11-08,0.410000,1.000931,0.822404,0.139000
2010-11-09,0.460000,0.999237,0.848224,0.139000
2010-11-10,0.440000,1.006729,0.923414,0.139000
2010-11-11,,0.990197,0.939326,0.140000
2010-11-12,0.510000,1.037907,0.978774,0.149000
2010-11-15,0.530000,1.079031,1.002389,0.150000
2010-11-16,0.510000,1.064404,1.009615,0.145000
2010-11-17,0.500000,1.068008,0.982470,0.151000
2010-11-18,0.520000,1.100168,1.029419,0.161000
2010-11-19,0.520000,1.117300,1.002744,0.156000
2010-11-22,0.490000,1.072033,0.956717,0.161000
2010-11-23,0.450000,0.989237,0.890722,
2010-11-24,0.530000,0.999629,0.928931,0.162000
2010-11-25,,1.018490,0.951477,0.169000
2010-11-26,0.510000,1.016277,0.943315,0.189000
2010-11-29,0.520000,0.999276,0.925189,0.196000
2010-11-30,0.450000,0.985364,0.849121,0.188000
2010-12-01,0.530000,0.996280,0.924502,0.179000
2010-12-02,0.550000,0.954149,0.953048,0.182000
2010-12-03,0.490000,0.960229,0.955956,0.184000
2010-12-06,0.420000,0.911906,0.936721,0.174000
2010-12-07,0.540000,0.938904,0.975848,0.179000
2010-12-08,0.630000,1.007161,1.054315,0.208000
2010-12-09,0.640000,1.059151,1.021437,0.224000
2010-12-10,0.640000,1.084176,1.044434,0.219000
2010-12-13,0.610000,1.096595,1.101653,0.235000
2010-12-14,0.660000,1.086057,1.147844,0.230000
2010-12-15,0.680000,1.092131,1.147115,0.225000
2010-12-16,0.660000,1.111321,1.162719,0.215000
2010-12-17,0.610000,1.101222,1.132054,0.200000
2010-12-20,0.620000,1.075805,1.093147,0.201000
2010-12-21,0.630000,1.087312,1.126040,0.206000
2010-12-22,0.650000,1.022103,1.146722,0.214000
2010-12-23,0.670000,0.987805,1.144972,
2010-12-24,,0.985377,1.160086,0.214000
2010-12-27,0.710000,1.006892,,0.204000
2010-12-28,0.750000,0.938530,,0.197000
2010-12-29,0.640000,0.954015,1.179984,0.192000
2010-12-30,0.660000,0.932226,1.099376,0.167000
2010-12-31,0.610000,0.928690,1.031169,
2011-01-03,0.610000,0.902360,,
2011-01-04,0.630000,0.915539,1.086206,0.173000
2011-01-05,0.710000,0.948534,1.134552,0.168000
2011-01-06,0.680000,0.981023,1.125548,0.178000
2011-01-07,0.600000,0.955041,1.137713,0.173000
2011-01-10,0.590000,0.947224,1.184118,
2011-01-11,0.600000,0.945510,1.238747,0.165000
2011-01-12,0.610000,1.027747,1.296855,0.170000
2011-01-13,0.590000,1.124095,1.254114,0.179000
2011-01-14,0.590000,1.181935,1.272034,0.185000
2011-01-17,,1.191043,1.277560,0.190000
2011-01-18,0.600000,1.254459,1.308516,0.195000
2011-01-19,0.600000,1.221132,1.241078,0.196000
2011-01-20,0.650000,1.314483,1.284747,0.185000
2011-01-21,0.630000,1.358601,1.280855,0.186000
2011-01-24,0.650000,1.350695,1.254511,0.197000
2011-01-25,0.620000,1.345731,1.132888,0.202000
2011-01-26,0.620000,1.388239,1.205885,0.202000
2011-01-27,0.590000,1.406081,1.219109,0.195000
2011-01-28,0.540000,1.502181,1.211817,0.195000
2011-01-31,0.580000,1.481575,1.235696,0.195000
2011-02-01,0.610000,1.479645,1.330797,0.195000
2011-02-02,0.670000,1.492800,1.420403,0.195000
2011-02-03,0.710000,1.456485,1.371798,0.200000
2011-02-04,0.770000,1.480574,1.451563,0.208000
2011-02-07,0.780000,1.474978,1.481992,0.213000
2011-02-08,0.860000,1.502814,1.463420,0.222000
2011-02-09,0.810000,1.526750,1.494522,0.238000
2011-02-10,0.850000,1.542959,1.487386,0.238000
2011-02-11,0.850000,1.503328,1.476277,
2011-02-14,0.870000,1.512544,1.456108,0.230000
2011-02-15,0.840000,1.522384,1.488326,0.230000
2011-02-16,0.860000,1.482864,1.456189,0.245000
2011-02-17,0.800000,1.445936,1.413475,0.236000
2011-02-18,0.780000,1.485005,1.483711,0.226000
2011-02-21,,1.485752,1.443963,0.232000
2011-02-22,0.740000,1.529636,1.446305,0.222000
2011-02-23,0.740000,1.538257,1.475392,0.222000
2011-02-24,0.730000,1.515211,1.420297,0.231000
2011-02-25,0.720000,1.531915,1.365214,0.235000
2011-02-28,0.690000,1.527947,1.367343,0.237000
2011-03-01,0.660000,1.544762,1.377623,0.238000
2011-03-02,0.690000,1.534390,1.373333,0.228000
2011-03-03,0.790000,1.723776,1.432364,0.229000
2011-03-04,0.680000,1.737869,1.391441,0.229000
2011-03-07,0.700000,1.748647,1.368788,0.221000
2011-03-08,0.730000,1.720363,1.382633,0.222000
2011-03-09,0.700000,1.721423,1.389817,0.227000
2011-03-10,0.650000,1.688469,1.331933,0.228000
2011-03-11,0.640000,1.654202,1.279211,0.214000
2011-03-14,0.610000,1.640625,1.228297,0.175000
2011-03-15,0.630000,1.553747,1.207203,0.215000
2011-03-16,0.580000,1.518873,1.171441,0.225000
2011-03-17,0.600000,1.573486,1.255211,0.225000
2011-03-18,0.610000,1.611565,1.209385,0.210000
2011-03-21,0.670000,1.701293,1.249702,
2011-03-22,0.680000,1.704394,1.327104,0.211000
2011-03-23,0.690000,1.686673,1.313854,0.216000
2011-03-24,0.720000,1.693045,1.302311,0.209000
2011-03-25,0.790000,1.719062,1.312321,0.200000
2011-03-28,0.810000,1.754924,1.317245,0.206000
2011-03-29,0.810000,1.760380,1.336475,0.207000
2011-03-30,0.800000,1.770426,1.366686,0.202000
2011-03-31,0.800000,1.790998,1.390498,0.208000
2011-04-01,0.800000,1.830335,1.436698,0.205000
2011-04-04,0.770000,1.820014,1.426057,0.206000
2011-04-05,0.840000,1.812974,1.486625,0.207000
2011-04-06,0.850000,1.837229,1.454260,0.206000
2011-04-07,0.810000,1.848074,1.430718,0.202000
2011-04-08,0.830000,1.922102,1.458071,0.199000
2011-04-11,0.850000,1.917168,1.452677,0.199000
2011-04-12,0.770000,1.867239,1.300828,0.195000
2011-04-13,0.750000,1.896070,1.316672,0.199000
2011-04-14,0.770000,1.862453,1.297734,0.200000
2011-04-15,0.710000,1.878060,1.257308,0.205000
2011-04-18,0.690000,1.807506,1.195310,0.200000
2011-04-19,0.680000,1.847988,1.213315,0.201000
2011-04-20,0.690000,1.859912,1.220381,0.201000
2011-04-21,0.680000,1.824893,1.200354,0.201000
2011-04-22,,,,0.201000
2011-04-25,0.670000,,,0.206000
2011-04-26,0.650000,1.811530,1.162150,0.200000
2011-04-27,0.650000,1.850833,1.255322,0.197000
2011-04-28,0.620000,1.843653,1.179016,0.189000
2011-04-29,0.610000,1.858867,,
2011-05-02,0.610000,1.871113,,0.186000
2011-05-03,0.610000,1.887251,1.094984,
2011-05-04,0.600000,1.966888,1.085573,
2011-05-05,0.580000,1.839807,1.096116,
2011-05-06,0.570000,1.827166,1.093497,0.179000
2011-05-09,0.570000,1.778864,1.069302,0.184000
2011-05-10,0.590000,1.779040,1.098560,0.184000
2011-05-11,0.560000,1.787927,1.159373,0.185000
2011-05-12,0.570000,1.749472,1.101249,0.180000
2011-05-13,0.570000,1.769184,1.091753,0.180000
2011-05-16,0.540000,1.792037,1.093956,0.180000
2011-05-17,0.550000,1.784615,1.087388,0.180000
2011-05-18,0.580000,1.790257,1.111276,0.180000
2011-05-19,0.550000,1.836653,1.114362,0.180000
2011-05-20,0.550000,1.777188,1.085034,0.180000
2011-05-23,0.550000,1.727033,1.041524,0.180000
2011-05-24,0.560000,1.735298,1.051630,0.180000
2011-05-25,0.540000,1.681806,1.033794,0.175000
2011-05-26,0.480000,1.661669,1.033981,0.181000
2011-05-27,0.480000,1.627976,1.034716,0.180000
2011-05-30,,1.631866,,0.175000
2011-05-31,0.450000,1.671528,1.049809,0.175000
2011-06-01,0.440000,1.655380,1.007592,0.170000
2011-06-02,0.450000,1.661275,0.990996,0.160000
2011-06-03,0.420000,1.674054,1.010782,0.155000
2011-06-06,0.430000,1.707612,1.009419,0.160000
2011-06-07,0.390000,1.739106,1.029393,0.170000
2011-06-08,0.390000,1.724184,0.990841,0.170000
2011-06-09,0.430000,1.672534,0.984324,0.170000
2011-06-10,0.410000,1.635468,0.936201,0.170000
2011-06-13,0.400000,1.617473,0.969777,0.170000
2011-06-14,0.450000,1.653956,0.976357,0.170000
2011-06-15,0.380000,1.623576,0.932816,0.180000
2011-06-16,0.380000,1.559493,0.880121,0.175000
2011-06-17,0.380000,1.593208,0.905302,0.170000
2011-06-20,0.380000,1.610155,0.917191,0.170000
2011-06-21,0.400000,1.607347,0.934234,0.170000
2011-06-22,0.390000,1.589674,0.885598,0.160000
2011-06-23,0.350000,1.486160,0.842602,0.155000
2011-06-24,0.350000,1.486364,0.834950,0.155000
2011-06-27,0.410000,1.488367,0.868348,0.155000
2011-06-28,0.480000,1.570028,0.925545,0.157000
2011-06-29,0.470000,1.603592,0.955819,0.162000
2011-06-30,0.450000,1.653640,0.980569,0.167000
2011-07-01,0.500000,1.704346,0.992663,0.163000
2011-07-04,,1.716666,0.980748,0.160000
2011-07-05,0.440000,1.709608,0.965067,0.160000
2011-07-06,0.430000,1.648306,0.915516,0.160000
2011-07-07,0.490000,1.671505,0.936970,0.160000
2011-07-08,0.400000,1.582133,0.880590,0.160000
2011-07-11,0.370000,1.465165,0.826660,0.155000
2011-07-12,0.370000,1.448154,0.821040,0.155000
2011-07-13,0.370000,1.401593,0.850734,0.155000
2011-07-14,0.380000,1.412573,0.847992,0.150000
2011-07-15,0.370000,1.347703,0.832095,0.150000
2011-07-18,0.370000,1.331866,0.826882,
2011-07-19,0.390000,1.374187,0.842411,0.150000
2011-07-20,0.400000,1.392785,0.858390,0.150000
2011-07-21,0.400000,1.503713,0.900767,0.161000
2011-07-22,0.400000,1.482427,0.855768,0.161000
2011-07-25,0.420000,1.469795,0.827919,0.161000
2011-07-26,0.410000,1.458374,0.846907,0.161000
2011-07-27,0.440000,1.376123,0.813917,0.161000
2011-07-28,0.420000,1.370751,0.793458,0.155000
2011-07-29,0.360000,1.319797,0.746036,0.155000
2011-08-01,0.380000,1.297536,0.727380,0.155000
2011-08-02,0.330000,1.243637,0.719258,0.150000
2011-08-03,0.330000,1.236383,0.721140,0.147000
2011-08-04,0.270000,1.148705,0.690623,0.147000
2011-08-05,0.280000,1.021240,0.659677,0.137000
2011-08-08,0.270000,0.930049,0.646817,0.135000
2011-08-09,0.190000,0.920039,0.684987,0.135000
2011-08-10,0.190000,0.770542,0.575743,0.135000
2011-08-11,0.190000,0.775591,0.619444,0.140000
2011-08-12,0.200000,0.852074,0.670337,0.145000
2011-08-15,0.190000,0.882999,0.694029,0.150000
2011-08-16,0.200000,0.880099,0.694310,0.145000
2011-08-17,0.190000,0.874676,0.637750,0.145000
2011-08-18,0.200000,0.708004,0.592691,0.145000
2011-08-19,0.200000,0.794571,0.631260,0.140000
2011-08-22,0.220000,0.828086,0.631143,0.129000
2011-08-23,0.220000,0.791007,0.638159,0.129000
2011-08-24,0.230000,0.858094,0.673421,0.129000
2011-08-25,0.220000,0.825165,0.653023,0.135000
2011-08-26,0.200000,0.766991,0.691528,0.134000
2011-08-29,0.200000,0.909991,,0.134000
2011-08-30,0.200000,0.815388,0.654306,0.141000
2011-08-31,0.200000,0.859441,0.708236,0.136000
2011-09-01,0.190000,0.854495,0.649816,0.142000
2011-09-02,0.200000,0.736242,0.634488,0.142000
2011-09-05,,0.658468,0.589971,0.142000
2011-09-06,0.210000,0.663412,0.630479,0.137000
2011-09-07,0.210000,0.676565,0.636656,0.138000
2011-09-08,0.190000,0.613094,0.632329,0.138000
2011-09-09,0.170000,0.557789,0.584959,0.138000
2011-09-12,0.210000,0.587332,0.566719,0.139000
2011-09-13,0.210000,0.676142,0.584626,0.139000
2011-09-14,0.190000,0.721210,0.602596,0.135000
2011-09-15,0.210000,0.828923,0.600175,0.135000
2011-09-16,0.180000,0.751773,0.583129,0.135000
2011-09-19,0.160000,0.660803,0.573997,
2011-09-20,0.180000,0.661036,0.578509,0.130000
2011-09-21,0.210000,0.668188,0.579450,0.130000
2011-09-22,0.200000,0.655642,0.596475,0.125000
2011-09-23,0.230000,0.621961,0.608213,
2011-09-26,0.250000,0.628660,0.634481,0.120000
2011-09-27,0.250000,0.778127,0.650963,0.126000
2011-09-28,0.270000,0.782663,0.645585,0.126000
2011-09-29,0.270000,0.785998,0.655833,0.132000
2011-09-30,0.250000,0.745900,0.634529,0.137000
2011-10-03,0.240000,0.714481,0.617496,0.139000
2011-10-04,0.250000,0.658648,0.628877,0.136000
2011-10-05,0.250000,0.730824,0.643334,0.136000
2011-10-06,0.290000,0.781802,0.684560,0.137000
2011-10-07,0.300000,0.819615,0.683996,0.137000
2011-10-10,,0.847753,0.702585,
2011-10-11,0.320000,0.842328,0.705408,0.139000
2011-10-12,0.290000,0.887647,0.720561,0.139000
2011-10-13,0.290000,0.847078,0.667846,0.139000
2011-10-14,0.280000,0.880942,0.680856,0.135000
2011-10-17,0.280000,0.807016,0.667743,0.135000
2011-10-18,0.280000,0.838508,0.648470,0.145000
2011-10-19,0.280000,0.864050,0.664711,0.145000
2011-10-20,0.280000,0.922748,0.654505,0.146000
2011-10-21,0.300000,0.924986,0.660649,0.146000
2011-10-24,0.300000,0.890904,0.670678,0.146000
2011-10-25,0.260000,0.860058,0.644009,0.146000
2011-10-26,0.280000,0.780308,0.627905,0.142000
2011-10-27,0.310000,0.859690,0.650903,0.141000
2011-10-28,0.280000,0.865496,0.640835,0.143000
2011-10-31,0.250000,0.809018,0.570266,0.143000
2011-11-01,0.230000,0.707846,0.555837,0.143000
2011-11-02,0.230000,0.745298,0.580122,0.139000
2011-11-03,0.240000,0.690773,0.580730,
2011-11-04,0.220000,0.685501,0.579209,0.136000
2011-11-07,0.250000,0.702443,0.560606,0.134000
2011-11-08,0.250000,0.712075,0.548497,0.130000
2011-11-09,0.240000,0.710339,0.549414,0.130000
2011-11-10,0.240000,0.786682,0.545871,0.130000
2011-11-11,,0.835714,0.570407,0.125000
2011-11-14,0.240000,0.843194,0.515284,0.130000
2011-11-15,0.260000,0.928947,0.514252,0.130000
2011-11-16,0.260000,0.969681,0.528355,0.130000
2011-11-17,0.270000,0.964948,0.560519,0.125000
2011-11-18,0.290000,0.981311,0.538830,0.120000
2011-11-21,0.270000,0.934266,0.520922,0.125000
2011-11-22,0.260000,0.951197,0.505161,0.125000
2011-11-23,0.260000,1.026746,0.507598,
2011-11-24,,1.065543,0.506371,0.129000
2011-11-25,0.280000,1.072213,0.501026,0.140000
2011-11-28,0.260000,0.986949,0.430570,0.145000
2011-11-29,0.270000,0.953434,0.441433,0.145000
2011-11-30,0.250000,0.742733,0.485792,0.140000
2011-12-01,0.270000,0.679803,0.383457,0.135000
2011-12-02,0.250000,0.680066,0.397602,0.130000
2011-12-05,0.270000,0.675331,0.398605,0.125000
2011-12-06,0.250000,0.705399,0.347394,0.125000
2011-12-07,0.240000,0.666153,0.365770,0.130000
2011-12-08,0.220000,0.646480,0.348129,0.130000
2011-12-09,0.220000,0.666455,0.392206,0.130000
2011-12-12,0.240000,0.637108,0.361698,0.130000
2011-12-13,0.240000,0.651652,0.366982,0.130000
2011-12-14,0.250000,0.622745,0.354066,0.130000
2011-12-15,0.260000,0.528566,0.378997,0.125000
2011-12-16,0.240000,0.455417,0.323843,0.130000
2011-12-19,0.240000,0.513270,0.337328,0.130000
2011-12-20,0.260000,0.512014,0.372009,0.130000
2011-12-21,0.280000,0.513101,0.359606,0.134000
2011-12-22,0.280000,0.515063,0.345060,0.130000
2011-12-23,0.280000,0.464962,0.349017,
2011-12-26,,,,0.130000
2011-12-27,0.300000,0.423459,,0.131000
2011-12-28,0.280000,0.415020,0.336584,0.131000
2011-12-29,0.280000,0.390953,0.308944,0.131000
2011-12-30,0.250000,0.406217,0.327545,0.131000
2012-01-02,,0.473966,,
2012-01-03,0.270000,0.460245,0.353355,
2012-01-04,0.250000,0.461564,0.385988,0.132000
2012-01-05,0.270000,0.512643,0.403633,0.127000
2012-01-06,0.250000,0.535837,0.400981,0.127000
2012-01-09,0.260000,0.527176,0.383566,
2012-01-10,0.240000,0.534098,0.416836,0.128000
2012-01-11,0.240000,0.467329,0.391361,0.129000
2012-01-12,0.220000,0.405207,0.388373,0.129000
2012-01-13,0.240000,0.422059,0.378057,0.129000
2012-01-16,,0.410493,0.382309,0.125000
2012-01-17,0.210000,0.451607,0.397544,0.125000
2012-01-18,0.240000,0.468935,0.416783,0.126000
2012-01-19,0.260000,0.475434,0.376594,0.126000
2012-01-20,0.260000,0.486737,0.397153,0.126000
2012-01-23,0.260000,0.496630,0.422570,0.126000
2012-01-24,0.240000,0.508614,0.441036,0.127000
2012-01-25,0.220000,0.492099,0.417465,0.127000
2012-01-26,0.220000,0.471318,0.377474,0.127000
2012-01-27,0.220000,0.460620,0.372719,0.127000
2012-01-30,0.220000,0.465783,0.359348,0.127000
2012-01-31,0.220000,0.449891,0.343578,0.127000
2012-02-01,0.230000,0.423334,0.378541,0.128000
2012-02-02,0.230000,0.394091,0.377007,0.128000
2012-02-03,0.230000,0.399315,0.398811,0.128000
2012-02-06,0.240000,0.381969,0.408379,0.128000
2012-02-07,0.250000,0.397581,0.428395,0.129000
2012-02-08,0.270000,0.416794,0.398214,0.129000
2012-02-09,0.270000,0.432186,0.407001,0.124000
2012-02-10,0.270000,0.418791,0.364892,0.124000
2012-02-13,0.290000,0.421499,0.361020,0.125000
2012-02-14,0.290000,0.431690,0.360661,0.115000
2012-02-15,0.290000,0.429638,0.363641,0.105000
2012-02-16,0.290000,0.452800,0.379682,0.105000
2012-02-17,0.290000,0.471361,0.402942,0.105000
2012-02-20,,0.478947,0.412158,0.105000
2012-02-21,0.310000,0.478433,0.407083,0.105000
2012-02-22,0.290000,0.466054,0.383324,0.105000
2012-02-23,0.310000,0.447789,0.371730,0.105000
2012-02-24,0.310000,0.430084,0.363864,0.104000
2012-02-27,0.300000,0.400481,0.370118,0.104000
2012-02-28,0.300000,0.389421,0.382878,0.110000
2012-02-29,0.300000,0.372706,0.382950,0.109000
2012-03-01,0.300000,0.364795,0.420472,0.110000
2012-03-02,0.280000,0.336284,0.371056,0.110000
2012-03-05,0.310000,0.341430,0.417211,0.111000
2012-03-06,0.300000,0.344626,0.401420,0.112000
2012-03-07,0.300000,0.338761,0.411867,0.112000
2012-03-08,0.320000,0.323014,0.412750,0.113000
2012-03-09,0.330000,0.338269,0.414566,0.113000
2012-03-12,0.330000,0.335712,0.411142,0.110000
2012-03-13,0.350000,0.356695,0.439085,0.110000
2012-03-14,0.400000,0.391660,0.476444,0.105000
2012-03-15,0.370000,0.428583,0.434623,0.110000
2012-03-16,0.370000,0.501438,0.449046,0.110000
2012-03-19,0.390000,0.486594,0.456637,0.110000
2012-03-20,0.410000,0.489219,0.446521,
2012-03-21,0.390000,0.465938,0.453703,0.111000
2012-03-22,0.370000,0.444308,0.443489,0.111000
2012-03-23,0.370000,0.415414,0.432039,0.111000
2012-03-26,0.360000,0.408979,0.467833,0.111000
2012-03-27,0.330000,0.413139,0.436130,0.110000
2012-03-28,0.340000,0.392866,0.426871,0.110000
2012-03-29,0.330000,0.387183,0.418534,0.114000
2012-03-30,0.330000,0.392591,0.404064,0.115000
2012-04-02,0.330000,0.367634,0.411476,0.116000
2012-04-03,0.360000,0.375708,0.394565,0.116000
2012-04-04,0.350000,0.369371,0.406922,0.116000
2012-04-05,0.350000,0.362300,0.393923,0.117000
2012-04-06,0.320000,,,0.113000
2012-04-09,0.320000,,,0.114000
2012-04-10,0.280000,0.352664,0.364577,0.114000
2012-04-11,0.300000,0.356462,0.380580,0.114000
2012-04-12,0.290000,0.339288,0.373035,0.114000
2012-04-13,0.270000,0.333539,0.365231,0.115000
2012-04-16,0.270000,0.360929,0.372337,0.110000
2012-04-17,0.270000,0.374627,0.400186,0.110000
2012-04-18,0.270000,0.370489,0.432989,0.110000
2012-04-19,0.270000,0.405005,0.440406,0.105000
2012-04-20,0.290000,0.404168,0.471456,0.105000
2012-04-23,0.270000,0.412962,0.448948,0.106000
2012-04-24,0.270000,0.395919,0.422121,0.106000
2012-04-25,0.260000,0.372235,0.415905,0.106000
2012-04-26,0.260000,0.341651,0.393473,0.108000
2012-04-27,0.260000,0.339719,0.412613,0.109000
2012-04-30,0.270000,0.318577,0.438577,
2012-05-01,0.270000,,0.431336,0.108000
2012-05-02,0.270000,0.295593,0.412526,0.108000
2012-05-03,0.280000,0.300360,0.408977,
2012-05-04,0.270000,0.270954,0.398427,
2012-05-07,0.270000,0.256923,,0.109000
2012-05-08,0.270000,0.262763,0.401472,0.109000
2012-05-09,0.270000,0.284963,0.400262,0.109000
2012-05-10,0.270000,0.276080,0.418918,0.109000
2012-05-11,0.270000,0.270041,0.402294,0.109000
2012-05-14,0.290000,0.267994,0.381308,0.105000
2012-05-15,0.290000,0.282339,0.379594,0.105000
2012-05-16,0.300000,0.288135,0.357435,0.100000
2012-05-17,0.320000,0.248773,0.326672,0.100000
2012-05-18,0.320000,0.262369,0.303356,0.100000
2012-05-21,0.300000,0.253684,0.294616,0.100000
2012-05-22,0.300000,0.247495,0.289595,0.100000
2012-05-23,0.280000,0.222253,0.252115,0.100000
2012-05-24,0.290000,0.201083,0.234204,0.100000
2012-05-25,0.300000,0.193645,0.219399,0.100000
2012-05-28,,0.179833,0.231611,0.100000
2012-05-29,0.300000,0.188615,0.271526,0.100000
2012-05-30,0.270000,0.187194,0.242826,0.100000
2012-05-31,0.270000,0.168816,0.224849,0.100000
2012-06-01,0.250000,0.136730,0.244378,0.100000
2012-06-04,0.250000,0.158255,,0.100000
2012-06-05,0.250000,0.155145,,0.100000
2012-06-06,0.260000,0.208389,0.262424,0.100000
2012-06-07,0.270000,0.244695,0.264262,0.100000
2012-06-08,0.280000,0.215586,0.233777,0.100000
2012-06-11,0.270000,0.239240,0.253817,0.100000
2012-06-12,0.300000,0.284253,0.272925,0.100000
2012-06-13,0.300000,0.289660,0.276782,0.100000
2012-06-14,0.300000,0.277049,0.283137,0.100000
2012-06-15,0.290000,0.239211,0.216468,0.100000
2012-06-18,0.290000,0.222456,0.226759,0.100000
2012-06-19,0.300000,0.250039,0.220574,0.100000
2012-06-20,0.320000,0.303482,0.279199,0.100000
2012-06-21,0.320000,0.272297,0.261402,0.100000
2012-06-22,0.310000,0.277372,0.288498,0.100000
2012-06-25,0.310000,0.239551,0.260372,0.100000
2012-06-26,0.310000,0.256457,0.265516,0.100000
2012-06-27,0.310000,0.261078,0.268421,0.100000
2012-06-28,0.310000,0.254753,0.253417,0.100000
2012-06-29,0.330000,0.268638,0.270315,0.100000
2012-07-02,0.300000,0.238982,0.263018,0.100000
2012-07-03,0.300000,0.202395,0.299772,0.100000
2012-07-04,,0.194826,0.273778,0.100000
2012-07-05,0.280000,0.127429,0.202280,0.100000
2012-07-06,0.270000,0.045860,0.176122,0.100000
2012-07-09,0.270000,0.039512,0.181749,0.100000
2012-07-10,0.270000,0.043343,0.194033,0.100000
2012-07-11,0.270000,0.012906,0.192413,0.100000
2012-07-12,0.250000,0.004845,0.184070,0.100000
2012-07-13,0.250000,-0.010913,0.194788,0.100000
2012-07-16,0.240000,-0.022952,0.174366,
2012-07-17,0.250000,-0.017457,0.169502,0.100000
2012-07-18,0.220000,-0.016849,0.121119,0.100000
2012-07-19,0.220000,-0.014111,0.107450,0.100000
2012-07-20,0.220000,-0.028855,0.086591,0.100000
2012-07-23,0.220000,0.015064,0.069159,0.100000
2012-07-24,0.220000,0.046665,0.059931,0.100000
2012-07-25,0.220000,0.061771,0.044381,0.100000
2012-07-26,0.230000,0.032460,0.068719,0.100000
2012-07-27,0.250000,0.036378,0.101768,0.100000
2012-07-30,0.230000,-0.006560,0.095506,0.100000
2012-07-31,0.230000,-0.022894,0.066103,0.097000
2012-08-01,0.240000,-0.039808,0.070459,0.095000
2012-08-02,0.240000,-0.035063,0.030891,0.094000
2012-08-03,0.240000,-0.003408,0.087640,0.092000
2012-08-06,0.240000,-0.018751,0.051309,0.088000
2012-08-07,0.270000,0.003642,0.098026,0.088000
2012-08-08,0.290000,-0.016250,0.105642,0.091000
2012-08-09,0.290000,-0.013095,0.134955,0.091000
2012-08-10,0.270000,-0.032915,0.100154,0.091000
2012-08-13,0.270000,-0.012155,0.110750,0.090000
2012-08-14,0.270000,0.004979,0.130559,0.095000
2012-08-15,0.270000,0.018289,0.168290,0.100000
2012-08-16,0.290000,0.007951,0.175071,0.100000
2012-08-17,0.290000,0.016035,0.149067,0.100000
2012-08-20,0.290000,0.021091,0.154687,0.100000
2012-08-21,0.310000,0.029835,0.197486,0.100000
2012-08-22,0.260000,0.032089,0.168483,0.100000
2012-08-23,0.260000,0.017024,0.148346,0.100000
2012-08-24,0.280000,0.005056,0.116780,0.100000
2012-08-27,0.280000,0.011961,,0.100000
2012-08-28,0.270000,0.020234,0.101448,0.099000
2012-08-29,0.270000,0.030270,0.122133,0.099000
2012-08-30,0.270000,0.008153,0.090111,0.100000
2012-08-31,0.220000,0.014852,0.070022,0.097000
2012-09-03,,0.022998,0.074253,0.097000
2012-09-04,0.230000,0.022505,0.070005,0.097000
2012-09-05,0.250000,0.014185,0.094955,0.097000
2012-09-06,0.270000,0.066750,0.125902,0.096000
2012-09-07,0.250000,0.075361,0.106808,0.096000
2012-09-10,0.250000,0.086780,0.144855,0.096000
2012-09-11,0.250000,0.083075,0.166514,0.095000
2012-09-12,0.250000,0.098141,0.213236,0.095000
2012-09-13,0.240000,0.083578,0.208409,0.095000
2012-09-14,0.270000,0.128632,0.281820,0.100000
2012-09-17,0.250000,0.130695,0.260090,
2012-09-18,0.250000,0.112187,0.244436,0.100000
2012-09-19,0.270000,0.107481,0.241219,0.100000
2012-09-20,0.270000,0.098367,0.229358,0.100000
2012-09-21,0.270000,0.098858,0.237603,0.100000
2012-09-24,0.270000,0.098560,0.229804,0.100000
2012-09-25,0.270000,0.097606,0.224989,0.100000
2012-09-26,0.260000,0.084116,0.195970,0.100000
2012-09-27,0.250000,0.079763,0.201235,0.100000
2012-09-28,0.230000,0.071301,0.191643,0.100000
2012-10-01,0.250000,0.089371,0.194079,0.100000
2012-10-02,0.230000,0.084583,0.180345,0.100000
2012-10-03,0.230000,0.077450,0.165914,0.100000
2012-10-04,0.230000,0.079100,0.171129,0.100000
2012-10-05,0.270000,0.087904,0.199833,0.100000
2012-10-08,,0.071732,0.181146,
2012-10-09,0.250000,0.075973,0.181360,0.100000
2012-10-10,0.270000,0.063947,0.211960,0.100000
2012-10-11,0.280000,0.074747,0.218845,0.100000
2012-10-12,0.270000,0.061178,0.187626,0.100000
2012-10-15,0.270000,0.062147,0.213722,0.100000
2012-10-16,0.270000,0.089962,0.247234,0.100000
2012-10-17,0.300000,0.112657,0.273543,0.100000
2012-10-18,0.290000,0.128838,0.277337,0.100000
2012-10-19,0.300000,0.128720,0.256528,0.100000
2012-10-22,0.320000,0.147916,0.266779,0.100000
2012-10-23,0.290000,0.134865,0.236428,0.100000
2012-10-24,0.290000,0.120390,0.241413,0.100000
2012-10-25,0.310000,0.118141,0.265741,0.098000
2012-10-26,0.300000,0.096008,0.248359,0.098000
2012-10-29,0.300000,0.087916,0.224365,0.098000
2012-10-30,,0.077132,0.252417,0.097000
2012-10-31,0.300000,0.085641,0.259391,0.097000
2012-11-01,0.300000,0.082031,0.266974,0.097000
2012-11-02,0.280000,0.066500,0.254177,0.097000
2012-11-05,0.280000,0.059411,0.225313,0.096000
2012-11-06,0.300000,0.051021,0.226049,0.096000
2012-11-07,0.270000,0.018976,0.208563,0.096000
2012-11-08,0.270000,0.021869,0.214081,0.096000
2012-11-09,0.270000,0.015036,0.224716,0.096000
2012-11-12,,0.017285,0.219048,0.095000
2012-11-13,0.270000,0.012080,0.238456,0.095000
2012-11-14,0.250000,0.026908,0.239172,0.100000
2012-11-15,0.240000,0.018475,0.233016,0.100000
2012-11-16,0.240000,0.012735,0.241362,0.100000
2012-11-19,0.250000,0.021899,0.265000,0.100000
2012-11-20,0.270000,0.042010,0.301016,0.100000
2012-11-21,0.270000,0.060693,0.307133,0.100000
2012-11-22,,0.057291,0.313353,0.100000
2012-11-23,0.290000,0.050510,0.313213,
2012-11-26,0.270000,0.045316,0.316648,0.100000
2012-11-27,0.270000,0.056691,0.331478,0.098000
2012-11-28,0.270000,0.026440,0.283010,0.098000
2012-11-29,0.250000,0.039257,0.282669,0.098000
2012-11-30,0.250000,0.036480,0.313839,0.097000
2012-12-03,0.250000,0.047201,0.335889,0.097000
2012-12-04,0.250000,0.050443,0.319834,0.097000
2012-12-05,0.250000,0.029371,0.299641,0.097000
2012-12-06,0.250000,0.008707,0.255981,0.096000
2012-12-07,0.250000,-0.030409,0.251945,0.096000
2012-12-10,0.240000,-0.032138,0.272634,0.096000
2012-12-11,0.240000,-0.025953,0.288859,0.096000
2012-12-12,0.250000,-0.025374,0.292303,0.095000
2012-12-13,0.270000,-0.026086,0.317271,0.095000
2012-12-14,0.240000,-0.024960,0.328914,0.100000
2012-12-17,0.250000,-0.005536,0.350730,0.100000
2012-12-18,0.280000,0.009141,0.376104,0.100000
2012-12-19,0.280000,0.019844,0.379435,0.100000
2012-12-20,0.280000,0.007869,0.374677,0.100000
2012-12-21,0.260000,0.004795,0.331480,0.100000
2012-12-24,0.260000,-0.001296,0.340678,
2012-12-25,,,,0.099000
2012-12-26,0.260000,,,0.098000
2012-12-27,0.260000,0.004716,0.287794,0.098000
2012-12-28,0.270000,-0.010418,0.313532,0.098000
2012-12-31,0.250000,-0.013024,0.315220,
2013-01-02,0.270000,0.027952,0.396099,
2013-01-03,0.270000,0.054768,0.443735,
2013-01-04,0.270000,0.098205,0.461073,0.097000
2013-01-07,0.270000,0.097828,0.433487,0.096000
2013-01-08,0.250000,0.083687,0.388881,0.096000
2013-01-09,0.240000,0.074049,0.380132,0.096000
2013-01-10,0.260000,0.105564,0.403172,0.096000
2013-01-11,0.260000,0.131949,0.398397,0.080000
2013-01-14,0.260000,0.131291,0.382964,
2013-01-15,0.260000,0.135051,0.369294,0.080000
2013-01-16,0.260000,0.135708,0.352721,0.080000
2013-01-17,0.280000,0.197151,0.382674,0.080000
2013-01-18,0.260000,0.206992,0.369260,0.075000
2013-01-21,,0.200439,0.406453,0.075000
2013-01-22,0.260000,0.186445,0.393918,0.075000
2013-01-23,0.260000,0.174420,0.357601,0.085000
2013-01-24,0.230000,0.173074,0.359052,0.085000
2013-01-25,0.280000,0.274290,0.365153,0.079000
2013-01-28,0.290000,0.327945,0.385125,0.080000
2013-01-29,0.300000,0.299372,0.378356,0.080000
2013-01-30,0.270000,0.333982,0.379489,0.080000
2013-01-31,0.270000,0.315292,0.377248,0.067000
2013-02-01,0.270000,0.261527,0.349453,0.067000
2013-02-04,0.250000,0.257773,0.312160,0.067000
2013-02-05,0.270000,0.275186,0.334311,0.067000
2013-02-06,0.270000,0.264233,0.316138,0.051000
2013-02-07,0.250000,0.224766,0.312862,0.032000
2013-02-08,0.250000,0.218823,0.304160,0.032000
2013-02-11,0.270000,0.216975,0.305012,
2013-02-12,0.290000,0.234740,0.300353,0.031000
2013-02-13,0.290000,0.249265,0.342119,0.030000
2013-02-14,0.270000,0.219280,0.285796,0.040000
2013-02-15,0.290000,0.216111,0.293901,0.045000
2013-02-18,,0.213625,0.291966,0.045000
2013-02-19,0.290000,0.216263,0.277002,0.045000
2013-02-20,0.270000,0.232919,0.239628,0.045000
2013-02-21,0.260000,0.204063,0.211370,0.045000
2013-02-22,0.270000,0.165406,0.228654,0.045000
2013-02-25,0.250000,0.191410,0.200709,0.045000
2013-02-26,0.250000,0.130162,0.171785,0.045000
2013-02-27,0.270000,0.102054,0.205060,0.045000
2013-02-28,0.250000,0.102337,0.218594,0.045000
2013-03-01,0.250000,0.081329,0.170781,0.045000
2013-03-04,0.240000,0.084860,0.190456,0.040000
2013-03-05,0.250000,0.097833,0.191693,0.040000
2013-03-06,0.250000,0.091989,0.162130,0.040000
2013-03-07,0.250000,0.124106,0.188017,0.040000
2013-03-08,0.270000,0.136607,0.211156,0.040000
2013-03-11,0.270000,0.121559,0.179210,0.040000
2013-03-12,0.270000,0.114914,0.160114,0.040000
2013-03-13,0.270000,0.110993,0.177786,0.040000
2013-03-14,0.270000,0.111802,0.179111,0.040000
2013-03-15,0.250000,0.100355,0.175244,0.045000
2013-03-18,0.260000,0.078128,0.157816,0.045000
2013-03-19,0.240000,0.072981,0.145695,0.045000
2013-03-20,0.260000,0.080872,0.151552,
2013-03-21,0.270000,0.084994,0.164613,0.045000
2013-03-22,0.260000,0.092564,0.180496,0.045000
2013-03-25,0.240000,0.080153,0.151748,0.039000
2013-03-26,0.250000,0.085150,0.162717,0.039000
2013-03-27,0.250000,0.063754,0.139983,0.039000
2013-03-28,0.250000,0.066587,0.170755,0.046000
2013-03-29,,,,0.057000
2013-04-01,0.230000,,,0.055000
2013-04-02,0.250000,0.087984,0.173073,0.056000
2013-04-03,0.240000,0.075960,0.157240,0.056000
2013-04-04,0.220000,0.057565,0.162967,0.058000
2013-04-05,0.240000,0.052348,0.148143,0.082000
2013-04-08,0.240000,0.058555,0.186645,0.094000
2013-04-09,0.240000,0.074680,0.196977,0.108000
2013-04-10,0.240000,0.096601,0.211169,0.123000
2013-04-11,0.240000,0.087318,0.186655,0.119000
2013-04-12,0.220000,0.076608,0.172929,0.129000
2013-04-15,0.220000,0.077343,0.170837,0.130000
2013-04-16,0.240000,0.080938,0.185893,0.130000
2013-04-17,0.240000,0.070056,0.173532,0.130000
2013-04-18,0.240000,0.060250,0.164574,0.130000
2013-04-19,0.240000,0.076006,0.193111,0.125000
2013-04-22,0.240000,0.054016,0.192043,0.125000
2013-04-23,0.230000,0.059407,0.228203,0.120000
2013-04-24,0.230000,0.047193,0.207925,0.120000
2013-04-25,0.230000,0.053239,0.226670,0.123000
2013-04-26,0.220000,0.047905,0.207778,0.124000
2013-04-29,0.200000,0.042392,0.194578,
2013-04-30,0.220000,0.042826,0.203021,0.122000
2013-05-01,0.200000,,0.188504,0.115000
2013-05-02,0.200000,0.021628,0.174107,0.111000
2013-05-03,0.220000,0.022688,0.234949,
2013-05-06,0.220000,0.039041,,
2013-05-07,0.220000,0.051806,0.254796,0.112000
2013-05-08,0.220000,0.051475,0.241151,0.113000
2013-05-09,0.220000,0.040357,0.249938,0.113000
2013-05-10,0.260000,0.069901,0.286958,0.113000
2013-05-13,0.240000,0.065095,0.276792,0.125000
2013-05-14,0.260000,0.063067,0.287422,0.135000
2013-05-15,0.260000,0.062238,0.309656,0.135000
2013-05-16,0.230000,0.041986,0.277600,0.130000
2013-05-17,0.260000,0.027951,0.296384,0.130000
2013-05-20,0.260000,0.037810,0.310933,0.131000
2013-05-21,0.260000,0.057925,0.318822,0.131000
2013-05-22,0.260000,0.040185,0.299683,0.125000
2013-05-23,0.260000,0.057362,0.305706,0.120000
2013-05-24,0.260000,0.075210,0.308266,0.125000
2013-05-27,,0.079123,,0.125000
2013-05-28,0.290000,0.081333,0.340752,0.131000
2013-05-29,0.300000,0.125278,0.354692,0.142000
2013-05-30,0.310000,0.137851,0.342500,0.143000
2013-05-31,0.300000,0.127834,0.357478,0.139000
2013-06-03,0.300000,0.148862,0.342538,0.129000
2013-06-04,0.320000,0.158833,0.367791,0.124000
2013-06-05,0.300000,0.155810,0.350782,0.119000
2013-06-06,0.300000,0.202578,0.362896,0.119000
2013-06-07,0.320000,0.213449,0.390228,0.120000
2013-06-10,0.320000,0.229271,0.423324,0.125000
2013-06-11,0.340000,0.281200,0.476318,0.125000
2013-06-12,0.340000,0.259011,0.445066,0.125000
2013-06-13,0.320000,0.224136,0.431921,0.130000
2013-06-14,0.290000,0.196523,0.401541,0.130000
2013-06-17,0.270000,0.192146,0.409218,0.130000
2013-06-18,0.270000,0.221790,0.443850,0.130000
2013-06-19,0.310000,0.215327,0.437443,0.130000
2013-06-20,0.330000,0.316602,0.517957,0.129000
2013-06-21,0.380000,0.330287,0.533202,0.134000
2013-06-24,0.420000,0.412543,0.608729,0.134000
2013-06-25,0.430000,0.372771,0.541221,0.134000
2013-06-26,0.390000,0.312420,0.448410,0.139000
2013-06-27,0.360000,0.278701,0.452697,0.142000
2013-06-28,0.360000,0.299586,0.423843,0.137000
2013-07-01,0.340000,0.277193,0.411037,0.138000
2013-07-02,0.340000,0.248376,0.400776,0.138000
2013-07-03,0.360000,0.245072,0.441565,0.133000
2013-07-04,,0.183513,0.407406,0.133000
2013-07-05,0.400000,0.192658,0.425739,0.133000
2013-07-08,0.370000,0.155834,0.406704,0.134000
2013-07-09,0.370000,0.150449,0.360272,0.129000
2013-07-10,0.380000,0.154572,0.383241,0.129000
2013-07-11,0.340000,0.172789,0.374662,0.125000
2013-07-12,0.370000,0.155536,0.358888,0.125000
2013-07-15,0.340000,0.134154,0.372063,
2013-07-16,0.340000,0.121768,0.327601,0.130000
2013-07-17,0.320000,0.110445,0.314077,0.130000
2013-07-18,0.320000,0.103012,0.287353,0.130000
2013-07-19,0.320000,0.093335,0.334928,0.130000
2013-07-22,0.320000,0.110550,0.336274,0.130000
2013-07-23,0.330000,0.159214,0.358709,0.130000
2013-07-24,0.340000,0.181580,0.384032,0.130000
2013-07-25,0.320000,0.178029,0.363935,0.129000
2013-07-26,0.310000,0.175498,0.320435,0.129000
2013-07-29,0.330000,0.180195,0.335018,0.129000
2013-07-30,0.330000,0.176671,0.337528,0.119000
2013-07-31,0.310000,0.184509,0.334101,0.119000
2013-08-01,0.350000,0.184722,0.341508,0.119000
2013-08-02,0.300000,0.175820,0.369291,0.119000
2013-08-05,0.320000,0.181264,0.411592,0.114000
2013-08-06,0.320000,0.194618,0.405206,0.114000
2013-08-07,0.320000,0.194166,0.412320,0.109000
2013-08-08,0.300000,0.192764,0.395741,0.109000
2013-08-09,0.320000,0.191524,0.374324,0.109000
2013-08-12,0.320000,0.189955,0.394698,0.110000
2013-08-13,0.340000,0.237706,0.460631,0.110000
2013-08-14,0.340000,0.245189,0.481965,0.110000
2013-08-15,0.360000,0.263729,0.489290,0.110000
2013-08-16,0.360000,0.250979,0.487933,0.110000
2013-08-19,0.360000,0.270136,0.499132,0.110000
2013-08-20,0.360000,0.254415,0.443145,0.110000
2013-08-21,0.380000,0.271273,0.470944,0.110000
2013-08-22,0.420000,0.273992,0.474690,0.111000
2013-08-23,0.400000,0.320853,0.506056,0.111000
2013-08-26,0.410000,0.280713,,0.111000
2013-08-27,0.380000,0.272056,0.463082,0.111000
2013-08-28,0.400000,0.275935,0.501469,0.111000
2013-08-29,0.390000,0.268217,0.468728,0.114000
2013-08-30,0.390000,0.272782,0.474645,0.115000
2013-09-02,,0.290619,0.506582,0.116000
2013-09-03,0.430000,0.289409,0.533284,0.116000
2013-09-04,0.460000,0.299443,0.536060,0.116000
2013-09-05,0.520000,0.353379,0.622906,0.117000
2013-09-06,0.460000,0.297392,0.573342,0.117000
2013-09-09,0.450000,0.299617,0.586667,0.118000
2013-09-10,0.500000,0.327257,0.603422,0.118000
2013-09-11,0.470000,0.301632,0.585597,0.119000
2013-09-12,0.450000,0.273656,0.559317,0.119000
2013-09-13,0.450000,0.279074,0.548382,0.119000
2013-09-16,0.410000,0.263961,0.551529,
2013-09-17,0.390000,0.273666,0.579887,0.115000
2013-09-18,0.340000,0.287926,0.631352,0.115000
2013-09-19,0.340000,0.241158,0.566088,0.110000
2013-09-20,0.340000,0.256919,0.571264,0.100000
2013-09-23,0.350000,0.235154,0.558218,
2013-09-24,0.350000,0.221960,0.500209,0.096000
2013-09-25,0.360000,0.235483,0.500819,0.101000
2013-09-26,0.340000,0.234667,0.514560,0.101000
2013-09-27,0.340000,0.210492,0.499739,0.100000
2013-09-30,0.330000,0.219326,0.509581,0.107000
2013-10-01,0.330000,0.213259,0.508985,0.108000
2013-10-02,0.310000,0.212366,0.489398,0.100000
2013-10-03,0.330000,0.216151,0.488545,0.097000
2013-10-04,0.330000,0.218939,0.523778,0.097000
2013-10-07,0.370000,0.203073,0.501841,0.096000
2013-10-08,0.400000,0.222745,0.502019,0.096000
2013-10-09,0.370000,0.221655,0.489958,0.096000
2013-10-10,0.350000,0.231038,0.497535,0.091000
2013-10-11,0.350000,0.222045,0.502282,0.091000
2013-10-14,,0.221324,0.519116,
2013-10-15,0.370000,0.229132,0.565163,0.095000
2013-10-16,0.340000,0.262314,0.573761,0.095000
2013-10-17,0.330000,0.228611,0.545764,0.100000
2013-10-18,0.330000,0.208790,0.537218,0.100000
2013-10-21,0.330000,0.214733,0.557330,0.100000
2013-10-22,0.310000,0.193656,0.491267,0.101000
2013-10-23,0.310000,0.187832,0.476890,0.101000
2013-10-24,0.330000,0.195527,0.512909,0.101000
2013-10-25,0.320000,0.212380,0.504401,0.102000
2013-10-28,0.320000,0.210344,0.512904,0.102000
2013-10-29,0.310000,0.209935,0.488461,0.098000
2013-10-30,0.330000,0.185683,0.462809,0.097000
2013-10-31,0.310000,0.148713,0.493530,0.097000
2013-11-01,0.330000,0.138803,0.497178,0.097000
2013-11-04,0.320000,0.135865,0.482212,
2013-11-05,0.320000,0.177407,0.544238,0.096000
2013-11-06,0.300000,0.174926,0.531030,0.096000
2013-11-07,0.290000,0.113643,0.480436,0.091000
2013-11-08,0.320000,0.142644,0.548751,0.091000
2013-11-11,,0.140482,0.566806,0.090000
2013-11-12,0.340000,0.131723,0.540540,0.090000
2013-11-13,0.320000,0.112349,0.544704,0.090000
2013-11-14,0.290000,0.118088,0.523965,0.095000
2013-11-15,0.310000,0.126248,0.497299,0.095000
2013-11-18,0.310000,0.121914,0.502150,0.095000
2013-11-19,0.290000,0.128545,0.527792,0.095000
2013-11-20,0.280000,0.133558,0.521066,0.095000
2013-11-21,0.290000,0.136985,0.535237,0.095000
2013-11-22,0.310000,0.151501,0.523283,0.095000
2013-11-25,0.300000,0.147329,0.514447,0.095000
2013-11-26,0.290000,0.140899,0.511331,0.095000
2013-11-27,0.280000,0.144953,0.531209,0.096000
2013-11-28,,0.141385,0.519958,0.088000
2013-11-29,0.280000,0.142508,0.539945,0.083000
2013-12-02,0.300000,0.151711,0.585765,0.082000
2013-12-03,0.280000,0.150285,0.570130,0.082000
2013-12-04,0.300000,0.171137,0.596426,0.082000
2013-12-05,0.300000,0.212522,0.594726,0.082000
2013-12-06,0.300000,0.225674,0.596785,0.086000
2013-12-09,0.300000,0.226172,0.603604,0.086000
2013-12-10,0.300000,0.226638,0.577173,0.086000
2013-12-11,0.310000,0.240045,0.567652,0.091000
2013-12-12,0.340000,0.260461,0.591051,0.090000
2013-12-13,0.340000,0.261791,0.580040,0.095000
2013-12-16,0.340000,0.260243,0.568351,0.095000
2013-12-17,0.340000,0.250482,0.553816,0.095000
2013-12-18,0.320000,0.253163,0.585820,0.100000
2013-12-19,0.350000,0.257427,0.650129,0.100000
2013-12-20,0.370000,0.260137,0.653013,0.100000
2013-12-23,0.380000,0.251954,0.690006,
2013-12-24,0.380000,0.250463,0.709999,0.100000
2013-12-25,,,,0.098000
2013-12-26,0.420000,,,0.098000
2013-12-27,0.400000,0.272001,0.774875,0.098000
2013-12-30,0.390000,0.254055,0.712970,0.098000
2013-12-31,0.380000,0.248269,0.716432,
2014-01-02,0.390000,0.254174,0.679913,
2014-01-03,0.410000,0.249343,0.684236,
2014-01-06,0.400000,0.240272,0.651128,0.091000
2014-01-07,0.400000,0.243615,0.663245,0.091000
2014-01-08,0.430000,0.246106,0.715277,0.091000
2014-01-09,0.440000,0.247341,0.719493,0.091000
2014-01-10,0.390000,0.221477,0.670221,0.091000
2014-01-13,0.390000,0.215049,0.628476,
2014-01-14,0.390000,0.228249,0.650318,0.090000
2014-01-15,0.410000,0.246570,0.671414,0.090000
2014-01-16,0.410000,0.222083,0.641624,0.090000
2014-01-17,0.400000,0.206121,0.667584,0.090000
2014-01-20,,0.200364,0.679555,0.091000
2014-01-21,0.400000,0.198356,0.689824,0.091000
2014-01-22,0.440000,0.207899,0.741895,0.091000
2014-01-23,0.390000,0.198719,0.699379,0.091000
2014-01-24,0.370000,0.173098,0.679383,0.091000
2014-01-27,0.370000,0.183462,0.694973,0.091000
2014-01-28,0.380000,0.178950,0.708466,0.091000
2014-01-29,0.360000,0.164354,0.654171,0.091000
2014-01-30,0.360000,0.140302,0.662442,0.088000
2014-01-31,0.340000,0.107592,0.640013,0.085000
2014-02-03,0.300000,0.105917,0.620179,0.082000
2014-02-04,0.310000,0.107611,0.617082,0.082000
2014-02-05,0.320000,0.109682,0.611056,0.082000
2014-02-06,0.330000,0.154277,0.636496,0.081000
2014-02-07,0.300000,0.123867,0.607196,0.076000
2014-02-10,0.320000,0.134046,0.609035,0.071000
2014-02-11,0.350000,0.136009,0.630069,
2014-02-12,0.350000,0.129622,0.712945,0.070000
2014-02-13,0.320000,0.115659,0.680122,0.070000
2014-02-14,0.320000,0.127532,0.691061,0.075000
2014-02-17,,0.127328,0.666553,0.070000
2014-02-18,0.310000,0.129516,0.646045,0.075000
2014-02-19,0.330000,0.120413,0.631103,0.085000
2014-02-20,0.340000,0.133046,0.680349,0.080000
2014-02-21,0.330000,0.129058,0.659993,0.080000
2014-02-24,0.350000,0.141235,0.653542,0.080000
2014-02-25,0.340000,0.138631,0.665110,0.080000
2014-02-26,0.330000,0.115010,0.669530,0.080000
2014-02-27,0.330000,0.096127,0.650181,0.073000
2014-02-28,0.330000,0.155475,0.656190,0.073000
2014-03-03,0.320000,0.133566,0.635673,0.072000
2014-03-04,0.330000,0.123731,0.650946,0.072000
2014-03-05,0.330000,0.131904,0.652344,0.072000
2014-03-06,0.370000,0.173947,0.663173,0.072000
2014-03-07,0.380000,0.191434,0.659300,0.072000
2014-03-10,0.370000,0.178105,0.673249,0.071000
2014-03-11,0.370000,0.179735,0.670028,0.071000
2014-03-12,0.370000,0.166208,0.667945,0.076000
2014-03-13,0.340000,0.160522,0.635180,0.081000
2014-03-14,0.360000,0.149373,0.641480,0.080000
2014-03-17,0.380000,0.161811,0.658315,0.080000
2014-03-18,0.360000,0.167860,0.663792,0.080000
2014-03-19,0.470000,0.179266,0.667120,0.075000
2014-03-20,0.450000,0.223713,0.702405,0.075000
2014-03-21,0.450000,0.220785,0.702943,
2014-03-24,0.470000,0.203246,0.686723,0.074000
2014-03-25,0.470000,0.181803,0.708218,0.074000
2014-03-26,0.450000,0.163028,0.709615,0.079000
2014-03-27,0.450000,0.141661,0.713238,0.080000
2014-03-28,0.450000,0.151869,0.759006,0.088000
2014-03-31,0.440000,0.171793,0.760141,0.087000
2014-04-01,0.440000,0.177313,0.747312,0.082000
2014-04-02,0.470000,0.189822,0.761616,0.082000
2014-04-03,0.460000,0.189277,0.741958,0.082000
2014-04-04,0.430000,0.168469,0.708116,0.082000
2014-04-07,0.410000,0.157548,0.699021,0.081000
2014-04-08,0.400000,0.171586,0.719241,0.081000
2014-04-09,0.370000,0.187303,0.719006,0.081000
2014-04-10,0.370000,0.168546,0.675117,0.081000
2014-04-11,0.370000,0.159443,0.688482,0.081000
2014-04-14,0.370000,0.159922,0.705733,0.090000
2014-04-15,0.390000,0.153517,0.687189,0.090000
2014-04-16,0.390000,0.146490,0.726132,0.090000
2014-04-17,0.430000,0.165316,0.770760,0.090000
2014-04-18,,,,0.090000
2014-04-21,0.420000,,,0.090000
2014-04-22,0.450000,0.184691,0.811176,0.090000
2014-04-23,0.430000,0.192494,0.764263,0.090000
2014-04-24,0.430000,0.189640,0.785792,0.089000
2014-04-25,0.430000,0.183552,0.756997,0.088000
2014-04-28,0.440000,0.195391,0.769985,0.088000
2014-04-29,0.440000,0.173922,0.777875,
2014-04-30,0.420000,0.157599,0.769145,0.088000
2014-05-01,0.410000,,0.757030,0.085000
2014-05-02,0.420000,0.147533,0.775538,0.085000
2014-05-05,0.430000,0.138618,,
2014-05-06,0.430000,0.155779,0.830081,
2014-05-07,0.410000,0.166729,0.831013,0.085000
2014-05-08,0.400000,0.136893,0.802421,0.085000
2014-05-09,0.400000,0.126100,0.828724,0.081000
2014-05-12,0.410000,0.134419,0.868346,0.081000
2014-05-13,0.390000,0.107522,0.830231,0.080000
2014-05-14,0.390000,0.086707,0.762779,0.085000
2014-05-15,0.380000,0.066352,0.737528,0.085000
2014-05-16,0.380000,0.082826,0.778003,0.085000
2014-05-19,0.360000,0.079055,0.783251,0.085000
2014-05-20,0.350000,0.078663,0.795214,0.085000
2014-05-21,0.370000,0.088055,0.822858,0.085000
2014-05-22,0.370000,0.072108,0.821122,0.085000
2014-05-23,0.370000,0.068305,0.799537,0.085000
2014-05-26,,0.060442,,0.085000
2014-05-27,0.390000,0.052042,0.804149,0.085000
2014-05-28,0.370000,0.044545,0.753389,0.091000
2014-05-29,0.370000,0.050831,0.758069,0.088000
2014-05-30,0.370000,0.063835,0.778989,0.088000
2014-06-02,0.390000,0.050911,0.802575,0.087000
2014-06-03,0.410000,0.068427,0.821099,0.087000
2014-06-04,0.410000,0.056961,0.839157,0.087000
2014-06-05,0.400000,0.048714,0.806279,0.087000
2014-06-06,0.410000,0.020977,0.811442,0.086000
2014-06-09,0.430000,0.035088,0.840179,0.086000
2014-06-10,0.450000,0.042804,0.868009,0.086000
2014-06-11,0.440000,0.029975,0.857202,0.081000
2014-06-12,0.420000,0.016953,0.870255,0.081000
2014-06-13,0.450000,0.012736,0.996179,0.081000
2014-06-16,0.490000,0.009698,1.030420,0.085000
2014-06-17,0.510000,0.022820,1.048563,0.085000
2014-06-18,0.480000,0.019830,1.008511,0.085000
2014-06-19,0.480000,0.007592,1.021850,0.085000
2014-06-20,0.500000,0.022879,1.039576,0.085000
2014-06-23,0.480000,0.010869,1.017487,0.084000
2014-06-24,0.490000,0.015237,1.017206,0.084000
2014-06-25,0.480000,0.003793,0.970246,0.084000
2014-06-26,0.460000,0.002194,0.977934,0.083000
2014-06-27,0.450000,0.015370,0.988043,0.075000
2014-06-30,0.470000,0.016415,1.016349,0.073000
2014-07-01,0.470000,0.001247,1.047942,0.067000
2014-07-02,0.490000,0.009685,1.083303,0.072000
2014-07-03,0.520000,0.002060,1.064231,0.072000
2014-07-04,,-0.007486,1.074923,0.072000
2014-07-07,0.520000,-0.003656,1.063585,0.071000
2014-07-08,0.510000,-0.010569,1.020313,0.065000
2014-07-09,0.510000,-0.006837,1.049996,0.061000
2014-07-10,0.460000,-0.012003,1.037005,0.061000
2014-07-11,0.480000,-0.010315,1.010229,0.061000
2014-07-14,0.480000,-0.003772,1.005810,0.060000
2014-07-15,0.490000,-0.012801,1.060201,0.065000
2014-07-16,0.500000,-0.007412,1.058081,0.065000
2014-07-17,0.470000,-0.010853,1.012066,0.065000
2014-07-18,0.510000,-0.005661,1.028582,0.065000
2014-07-21,0.510000,-0.003872,1.012141,
2014-07-22,0.490000,0.002498,1.033943,0.070000
2014-07-23,0.500000,-0.002231,1.013922,0.070000
2014-07-24,0.530000,0.002726,1.049862,0.070000
2014-07-25,0.530000,-0.006120,1.029552,0.070000
2014-07-28,0.540000,-0.001971,1.043382,0.075000
2014-07-29,0.540000,-0.004738,1.030687,0.068000
2014-07-30,0.560000,0.002331,1.059261,0.068000
2014-07-31,0.530000,0.005639,1.043340,0.067000
2014-08-01,0.470000,-0.005864,1.005964,0.067000
2014-08-04,0.470000,-0.005165,1.001080,0.067000
2014-08-05,0.470000,0.004931,1.028851,0.067000
2014-08-06,0.480000,-0.015130,1.015194,0.066000
2014-08-07,0.440000,-0.012322,1.001157,0.066000
2014-08-08,0.450000,-0.015176,0.993010,0.066000
2014-08-11,0.470000,-0.018720,1.018858,0.066000
2014-08-12,0.450000,-0.016740,1.010684,0.066000
2014-08-13,0.430000,-0.021793,0.922205,0.065000
2014-08-14,0.420000,-0.023387,0.911718,0.065000
2014-08-15,0.420000,-0.023867,0.878500,0.070000
2014-08-18,0.440000,-0.024417,0.931035,0.070000
2014-08-19,0.460000,-0.029169,0.897891,0.070000
2014-08-20,0.490000,-0.035142,0.934374,0.075000
2014-08-21,0.490000,-0.030470,0.911624,0.075000
2014-08-22,0.530000,-0.023102,0.929133,0.081000
2014-08-25,0.530000,-0.061678,,0.081000
2014-08-26,0.520000,-0.045840,0.903994,0.081000
2014-08-27,0.510000,-0.056542,0.870001,0.081000
2014-08-28,0.500000,-0.045687,0.884693,0.073000
2014-08-29,0.480000,-0.047397,0.880070,0.073000
2014-09-01,,-0.061599,0.890490,0.072000
2014-09-02,0.530000,-0.053602,0.898201,0.072000
2014-09-03,0.520000,-0.047552,0.914276,0.077000
2014-09-04,0.540000,-0.097800,0.915677,0.077000
2014-09-05,0.520000,-0.103973,0.870518,0.076000
2014-09-08,0.540000,-0.104668,0.834059,0.072000
2014-09-09,0.560000,-0.097540,0.853261,0.071000
2014-09-10,0.580000,-0.090247,0.862125,0.071000
2014-09-11,0.580000,-0.091199,0.874929,0.075000
2014-09-12,0.580000,-0.072597,0.904046,0.075000
2014-09-15,0.580000,-0.087010,0.901750,
2014-09-16,0.550000,-0.077750,0.896077,0.080000
2014-09-17,0.590000,-0.090059,0.918111,0.075000
2014-09-18,0.590000,-0.066929,0.952065,0.075000
2014-09-19,0.590000,-0.083730,0.955023,0.070000
2014-09-22,0.580000,-0.088917,0.953173,0.069000
2014-09-23,0.570000,-0.067663,0.941269,
2014-09-24,0.590000,-0.076994,0.951957,0.064000
2014-09-25,0.560000,-0.090171,0.932319,0.064000
2014-09-26,0.590000,-0.094285,0.933807,0.064000
2014-09-29,0.580000,-0.092222,0.922944,0.080000
2014-09-30,0.580000,-0.096502,0.915794,0.078000
2014-10-01,0.530000,-0.105963,0.880091,0.070000
2014-10-02,0.530000,-0.096650,0.849938,0.065000
2014-10-03,0.570000,-0.077979,0.888207,0.060000
2014-10-06,0.540000,-0.086584,0.866439,0.060000
2014-10-07,0.520000,-0.087769,0.833053,0.059000
2014-10-08,0.460000,-0.086970,0.809727,0.050000
2014-10-09,0.460000,-0.099362,0.803703,0.049000
2014-10-10,0.450000,-0.085649,0.780324,0.049000
2014-10-13,,-0.071520,0.729077,
2014-10-14,0.390000,-0.084603,0.692781,0.045000
2014-10-15,0.340000,-0.094644,0.585894,0.045000
2014-10-16,0.350000,-0.071916,0.688614,0.045000
2014-10-17,0.390000,-0.062627,0.757503,0.015000
2014-10-20,0.370000,-0.073047,0.733502,0.025000
2014-10-21,0.380000,-0.065730,0.739946,0.025000
2014-10-22,0.410000,-0.063641,0.743572,0.030000
2014-10-23,0.410000,-0.065296,0.749992,0.030000
2014-10-24,0.410000,-0.065229,0.757690,0.019000
2014-10-27,0.410000,-0.059513,0.730520,0.024000
2014-10-28,0.420000,-0.063967,0.733170,0.018000
2014-10-29,0.480000,-0.060583,0.724415,0.020000
2014-10-30,0.480000,-0.077938,0.718172,0.020000
2014-10-31,0.500000,-0.082669,0.742627,0.030000
2014-11-03,0.520000,-0.078652,0.782089,
2014-11-04,0.520000,-0.077669,0.752289,0.020000
2014-11-05,0.520000,-0.082196,0.771009,0.020000
2014-11-06,0.540000,-0.087277,0.758692,0.030000
2014-11-07,0.510000,-0.088665,0.730787,0.030000
2014-11-10,0.550000,-0.083130,0.727090,0.025000
2014-11-11,,-0.080708,0.758319,0.030000
2014-11-12,0.550000,-0.084021,0.715266,0.045000
2014-11-13,0.530000,-0.081524,0.701265,0.030000
2014-11-14,0.540000,-0.083474,0.674568,0.020000
2014-11-17,0.540000,-0.073057,0.653210,0.015000
2014-11-18,0.530000,-0.075225,0.668163,0.015000
2014-11-19,0.540000,-0.045831,0.683903,0.010000
2014-11-20,0.530000,-0.055823,0.662096,0.009000
2014-11-21,0.530000,-0.067949,0.627063,0.009000
2014-11-24,0.530000,-0.070448,0.636553,
2014-11-25,0.510000,-0.072613,0.618158,0.009000
2014-11-26,0.530000,-0.070992,0.594871,0.008000
2014-11-27,,-0.074804,0.574775,0.008000
2014-11-28,0.470000,-0.066701,0.595653,0.010000
2014-12-01,0.490000,-0.058533,0.571342,0.007000
2014-12-02,0.550000,-0.051460,0.626885,0.002000
2014-12-03,0.570000,-0.061796,0.660854,-0.003000
2014-12-04,0.550000,-0.061060,0.635956,-0.003000
2014-12-05,0.650000,-0.056358,0.672835,-0.003000
2014-12-08,0.640000,-0.063837,0.650708,-0.004000
2014-12-09,0.640000,-0.061556,0.605604,-0.004000
2014-12-10,0.590000,-0.060145,0.619243,0.001000
2014-12-11,0.620000,-0.061672,0.624536,0.001000
2014-12-12,0.560000,-0.066734,0.557945,0.005000
2014-12-15,0.600000,-0.064856,0.555771,0.010000
2014-12-16,0.580000,-0.069739,0.550072,0.005000
2014-12-17,0.620000,-0.074895,0.546438,0.005000
2014-12-18,0.670000,-0.080096,0.610557,-0.010000
2014-12-19,0.670000,-0.087306,0.585234,-0.035000
2014-12-22,0.710000,-0.090110,0.568848,-0.031000
2014-12-23,0.730000,-0.093266,0.584693,
2014-12-24,0.730000,-0.095775,0.599574,-0.036000
2014-12-25,,,,-0.026000
2014-12-26,0.730000,,,-0.028000
2014-12-29,0.720000,-0.103595,0.543907,-0.033000
2014-12-30,0.690000,-0.113634,0.538564,-0.028000
2014-12-31,0.670000,-0.116260,0.516113,
2015-01-02,0.660000,-0.115942,0.502187,
2015-01-05,0.680000,-0.113690,0.477127,-0.027000
2015-01-06,0.650000,-0.107605,0.457608,-0.026000
2015-01-07,0.620000,-0.116792,0.476634,-0.025000
2015-01-08,0.620000,-0.118221,0.503624,-0.020000
2015-01-09,0.590000,-0.126450,0.459147,-0.029000
2015-01-12,0.560000,-0.127972,0.462402,
2015-01-13,0.540000,-0.131016,0.489654,-0.030000
2015-01-14,0.510000,-0.135622,0.471628,-0.030000
2015-01-15,0.440000,-0.161262,0.476651,-0.025000
2015-01-16,0.490000,-0.164625,0.494505,-0.025000
2015-01-19,,-0.167410,0.480133,-0.026000
2015-01-20,0.530000,-0.150224,0.487165,-0.031000
2015-01-21,0.530000,-0.112239,0.440716,-0.031000
2015-01-22,0.530000,-0.153460,0.440427,-0.020000
2015-01-23,0.520000,-0.143175,0.411528,-0.015000
2015-01-26,0.540000,-0.123167,0.455132,-0.016000
2015-01-27,0.540000,-0.118075,0.452934,-0.005000
2015-01-28,0.500000,-0.127211,0.452894,0.003000
2015-01-29,0.510000,-0.145217,0.442846,0.005000
2015-01-30,0.470000,-0.142098,0.417910,0.010000
2015-02-02,0.490000,-0.154230,0.450128,0.010000
2015-02-03,0.520000,-0.159357,0.492959,0.020000
2015-02-04,0.520000,-0.170964,0.506872,0.030000
2015-02-05,0.520000,-0.168558,0.511582,0.043000
2015-02-06,0.650000,-0.177987,0.570952,0.035000
2015-02-09,0.650000,-0.170895,0.537250,0.045000
2015-02-10,0.670000,-0.176312,0.549451,0.045000
2015-02-11,0.670000,-0.173561,0.542929,
2015-02-12,0.610000,-0.181943,0.502492,0.040000
2015-02-13,0.660000,-0.187457,0.496807,0.040000
2015-02-16,,-0.188599,0.506161,0.045000
2015-02-17,0.700000,-0.177589,0.538469,0.035000
2015-02-18,0.620000,-0.185513,0.583522,0.040000
2015-02-19,0.670000,-0.185174,0.556302,0.035000
2015-02-20,0.670000,-0.188955,0.539737,0.034000
2015-02-23,0.640000,-0.182788,0.556293,0.033000
2015-02-24,0.600000,-0.174780,0.545546,0.029000
2015-02-25,0.610000,-0.188516,0.529314,0.023000
2015-02-26,0.660000,-0.206767,0.537456,0.025000
2015-02-27,0.630000,-0.201012,0.586070,0.015000
2015-03-02,0.660000,-0.186023,0.593108,0.015000
2015-03-03,0.680000,-0.181566,0.623344,0.020000
2015-03-04,0.660000,-0.174466,0.628983,0.015000
2015-03-05,0.650000,-0.177421,0.607700,0.007000
2015-03-06,0.730000,-0.186128,0.651424,0.007000
2015-03-09,0.700000,-0.191952,0.647798,0.016000
2015-03-10,0.700000,-0.210801,0.582990,0.030000
2015-03-11,0.700000,-0.206722,0.590031,0.030000
2015-03-12,0.670000,-0.212277,0.555394,0.016000
2015-03-13,0.680000,-0.210487,0.519245,0.016000
2015-03-16,0.660000,-0.200905,0.506854,0.015000
2015-03-17,0.700000,-0.178131,0.509282,0.015000
2015-03-18,0.570000,-0.205113,0.462597,0.005000
2015-03-19,0.630000,-0.212619,0.433132,0.004000
2015-03-20,0.600000,-0.214320,0.426229,0.010000
2015-03-23,0.600000,-0.197261,0.408479,0.019000
2015-03-24,0.580000,-0.195649,0.410776,0.024000
2015-03-25,0.590000,-0.201751,0.402248,0.030000
2015-03-26,0.610000,-0.224148,0.440731,0.030000
2015-03-27,0.580000,-0.223847,0.409285,0.035000
2015-03-30,0.580000,-0.216627,0.423741,0.035000
2015-03-31,0.560000,-0.224370,0.433841,0.037000
2015-04-01,0.550000,-0.230963,0.416480,0.025000
2015-04-02,0.550000,-0.227160,0.451636,0.020000
2015-04-03,0.490000,,,0.015000
2015-04-06,0.510000,,,0.015000
2015-04-07,0.520000,-0.227646,0.451249,0.015000
2015-04-08,0.540000,-0.256233,0.462847,0.015000
2015-04-09,0.560000,-0.242961,0.461167,0.011000
2015-04-10,0.570000,-0.241898,0.461319,0.006000
2015-04-13,0.540000,-0.238791,0.465308,0.005000
2015-04-14,0.530000,-0.237700,0.432490,0.005000
2015-04-15,0.510000,-0.238972,0.458100,0.005000
2015-04-16,0.500000,-0.242619,0.485209,0.005000
2015-04-17,0.510000,-0.239194,0.485259,0.005000
2015-04-20,0.550000,-0.227710,0.477645,0.004000
2015-04-21,0.550000,-0.233015,0.484679,0.004000
2015-04-22,0.570000,-0.222157,0.564529,-0.001000
2015-04-23,0.550000,-0.253373,0.538657,-0.001000
2015-04-24,0.540000,-0.248060,0.515509,-0.016000
2015-04-27,0.540000,-0.246189,0.541961,-0.001000
2015-04-28,0.560000,-0.258318,0.534623,0.000000
2015-04-29,0.560000,-0.229779,0.585171,
2015-04-30,0.580000,-0.206605,0.572105,0.000000
2015-05-01,0.600000,,0.586526,0.002000
2015-05-04,0.600000,-0.200063,,
2015-05-05,0.620000,-0.200934,0.636896,
2015-05-06,0.650000,-0.204930,0.624095,
2015-05-07,0.630000,-0.204571,0.607796,0.016000
2015-05-08,0.590000,-0.211941,0.574749,0.006000
2015-05-11,0.620000,-0.207273,0.620872,0.001000
2015-05-12,0.610000,-0.193270,0.639485,0.001000
2015-05-13,0.590000,-0.191457,0.625407,0.001000
2015-05-14,0.560000,-0.185030,0.617302,-0.005000
2015-05-15,0.550000,-0.192456,0.573603,-0.010000
2015-05-18,0.580000,-0.192070,0.597523,-0.010000
2015-05-19,0.630000,-0.202976,0.595796,-0.010000
2015-05-20,0.600000,-0.210339,0.595575,-0.011000
2015-05-21,0.600000,-0.218242,0.601079,-0.006000
2015-05-22,0.640000,-0.212943,0.593414,-0.006000
2015-05-25,,-0.212434,,-0.001000
2015-05-26,0.640000,-0.220332,0.585477,-0.001000
2015-05-27,0.640000,-0.216486,0.603028,-0.001000
2015-05-28,0.620000,-0.227273,0.577368,-0.008000
2015-05-29,0.610000,-0.226803,0.552603,-0.008000
2015-06-01,0.640000,-0.228200,0.565645,-0.007000
2015-06-02,0.640000,-0.200037,0.606653,-0.007000
2015-06-03,0.690000,-0.175593,0.640849,-0.002000
2015-06-04,0.660000,-0.198005,0.604489,-0.002000
2015-06-05,0.730000,-0.186026,0.631396,-0.005000
2015-06-08,0.700000,-0.181888,0.602046,-0.005000
2015-06-09,0.720000,-0.163301,0.630036,-0.005000
2015-06-10,0.750000,-0.179183,0.646854,-0.005000
2015-06-11,0.730000,-0.186623,0.607365,-0.005000
2015-06-12,0.740000,-0.196860,0.581281,-0.004000
2015-06-15,0.720000,-0.190341,0.604917,-0.005000
2015-06-16,0.710000,-0.196385,0.602605,0.000000
2015-06-17,0.670000,-0.194021,0.658768,0.000000
2015-06-18,0.660000,-0.206556,0.640631,0.005000
2015-06-19,0.650000,-0.206236,0.626252,0.005000
2015-06-22,0.680000,-0.193521,0.667504,0.005000
2015-06-23,0.700000,-0.202382,0.685441,0.005000
2015-06-24,0.680000,-0.208748,0.720773,0.004000
2015-06-25,0.680000,-0.210862,0.747824,0.003000
2015-06-26,0.720000,-0.209539,0.762223,-0.002000
2015-06-29,0.640000,-0.215043,0.683885,-0.002000
2015-06-30,0.640000,-0.228291,0.659267,-0.003000
2015-07-01,0.690000,-0.233466,0.698824,-0.003000
2015-07-02,0.640000,-0.255417,0.696030,0.000000
2015-07-03,,-0.266920,0.662022,0.010000
2015-07-06,0.600000,-0.266849,0.662027,0.010000
2015-07-07,0.580000,-0.268312,0.572484,0.005000
2015-07-08,0.550000,-0.266678,0.595075,0.005000
2015-07-09,0.600000,-0.263672,0.625792,0.009000
2015-07-10,0.650000,-0.226504,0.665243,0.005000
2015-07-13,0.690000,-0.226033,0.687659,0.005000
2015-07-14,0.660000,-0.234962,0.702461,0.005000
2015-07-15,0.640000,-0.251639,0.731875,0.010000
2015-07-16,0.670000,-0.232692,0.706964,0.005000
2015-07-17,0.680000,-0.242682,0.730951,0.005000
2015-07-20,0.710000,-0.238169,0.734452,
2015-07-21,0.710000,-0.235586,0.734678,0.005000
2015-07-22,0.750000,-0.238804,0.743390,0.004000
2015-07-23,0.710000,-0.239741,0.748686,0.004000
2015-07-24,0.700000,-0.249086,0.716557,0.004000
2015-07-27,0.680000,-0.246463,0.697632,0.004000
2015-07-28,0.690000,-0.247886,0.699018,0.005000
2015-07-29,0.700000,-0.251505,0.710545,0.005000
2015-07-30,0.720000,-0.262390,0.734785,0.005000
2015-07-31,0.670000,-0.255975,0.678240,0.005000
2015-08-03,0.680000,-0.258279,0.678626,0.005000
2015-08-04,0.740000,-0.259244,0.673881,0.005000
2015-08-05,0.730000,-0.248428,0.740313,0.005000
2015-08-06,0.710000,-0.255321,0.710006,0.005000
2015-08-07,0.730000,-0.273256,0.691304,0.005000
2015-08-10,0.730000,-0.271828,0.729396,0.005000
2015-08-11,0.680000,-0.275064,0.670512,0.001000
2015-08-12,0.670000,-0.280800,0.638465,0.001000
2015-08-13,0.720000,-0.273993,0.652335,0.001000
2015-08-14,0.730000,-0.270220,0.671018,0.000000
2015-08-17,0.720000,-0.265944,0.645801,0.005000
2015-08-18,0.740000,-0.251688,0.679178,0.005000
2015-08-19,0.670000,-0.249205,0.656362,0.004000
2015-08-20,0.690000,-0.264143,0.619165,0.004000
2015-08-21,0.640000,-0.257961,0.592965,0.004000
2015-08-24,0.590000,-0.259714,0.581129,0.004000
2015-08-25,0.670000,-0.234507,0.641627,0.004000
2015-08-26,0.670000,-0.228432,0.632137,0.004000
2015-08-27,0.680000,-0.229535,0.634508,0.008000
2015-08-28,0.720000,-0.230120,0.641218,0.008000
2015-08-31,0.740000,-0.218853,,0.007000
2015-09-01,0.700000,-0.208892,0.648187,0.007000
2015-09-02,0.720000,-0.216279,0.645589,0.010000
2015-09-03,0.710000,-0.245445,0.620690,0.012000
2015-09-04,0.710000,-0.249396,0.580493,0.012000
2015-09-07,,-0.246318,0.570732,0.011000
2015-09-08,0.740000,-0.238556,0.591416,0.011000
2015-09-09,0.750000,-0.243183,0.608909,0.011000
2015-09-10,0.750000,-0.245787,0.604076,0.011000
2015-09-11,0.710000,-0.250547,0.567129,0.010000
2015-09-14,0.730000,-0.252201,0.584983,0.010000
2015-09-15,0.820000,-0.244334,0.615881,0.020000
2015-09-16,0.820000,-0.237926,0.653104,0.020000
2015-09-17,0.700000,-0.220019,0.668418,0.015000
2015-09-18,0.690000,-0.252729,0.587668,0.014000
2015-09-21,0.720000,-0.244020,0.613337,
2015-09-22,0.690000,-0.271900,0.536621,
2015-09-23,0.700000,-0.263380,0.565893,
2015-09-24,0.670000,-0.257320,0.519833,0.013000
2015-09-25,0.700000,-0.252385,0.593193,0.009000
2015-09-28,0.670000,-0.262563,0.552681,0.008000
2015-09-29,0.640000,-0.271646,0.543743,0.012000
2015-09-30,0.640000,-0.236904,0.543214,0.015000
2015-10-01,0.640000,-0.266356,0.542553,0.007000
2015-10-02,0.580000,-0.276816,0.512819,0.002000
2015-10-05,0.610000,-0.262738,0.557739,0.002000
2015-10-06,0.610000,-0.246618,0.555762,0.001000
2015-10-07,0.650000,-0.248816,0.574522,0.001000
2015-10-08,0.650000,-0.257908,0.561827,0.005000
2015-10-09,0.650000,-0.253815,0.581522,0.005000
2015-10-12,,-0.260740,0.550264,
2015-10-13,0.640000,-0.257851,0.553193,0.005000
2015-10-14,0.570000,-0.262257,0.498425,0.005000
2015-10-15,0.610000,-0.271922,0.501195,0.010000
2015-10-16,0.610000,-0.270041,0.514804,0.010000
2015-10-19,0.610000,-0.270307,0.531834,0.009000
2015-10-20,0.660000,-0.243097,0.548617,0.009000
2015-10-21,0.640000,-0.256546,0.507851,0.014000
2015-10-22,0.610000,-0.339283,0.503893,0.010000
2015-10-23,0.660000,-0.319592,0.541688,0.009000
2015-10-26,0.660000,-0.327152,0.521519,0.013000
2015-10-27,0.650000,-0.339378,0.489850,0.008000
2015-10-28,0.730000,-0.337057,0.510592,0.003000
2015-10-29,0.750000,-0.325569,0.609336,0.003000
2015-10-30,0.750000,-0.313431,0.599909,0.002000
2015-11-02,0.770000,-0.301108,0.631049,0.002000
2015-11-03,0.800000,-0.309291,0.663241,
2015-11-04,0.840000,-0.321248,0.693119,0.002000
2015-11-05,0.850000,-0.314832,0.658273,0.001000
2015-11-06,0.900000,-0.292301,0.723358,0.000000
2015-11-09,0.890000,-0.310230,0.715381,-0.004000
2015-11-10,0.870000,-0.337890,0.685120,-0.004000
2015-11-11,,-0.344207,0.701119,-0.005000
2015-11-12,0.890000,-0.346544,0.680470,-0.005000
2015-11-13,0.860000,-0.359051,0.657089,-0.005000
2015-11-16,0.880000,-0.360335,0.617137,-0.005000
2015-11-17,0.860000,-0.366634,0.649623,-0.010000
2015-11-18,0.900000,-0.365206,0.630258,-0.015000
2015-11-19,0.910000,-0.364084,0.606958,-0.021000
2015-11-20,0.930000,-0.377802,0.588445,-0.026000
2015-11-23,0.940000,-0.380325,0.593551,
2015-11-24,0.930000,-0.369285,0.584627,-0.001000
2015-11-25,0.930000,-0.403475,0.606590,-0.006000
2015-11-26,,-0.402421,0.578816,-0.006000
2015-11-27,0.920000,-0.408428,0.573499,-0.008000
2015-11-30,0.940000,-0.402938,0.591820,-0.008000
2015-12-01,0.910000,-0.415153,0.549948,-0.012000
2015-12-02,0.940000,-0.423895,0.546129,-0.015000
2015-12-03,0.960000,-0.310749,0.637934,-0.020000
2015-12-04,0.960000,-0.289897,0.646856,-0.025000
2015-12-07,0.940000,-0.301399,0.571596,-0.025000
2015-12-08,0.940000,-0.310765,0.571956,-0.030000
2015-12-09,0.930000,-0.323168,0.606760,-0.035000
2015-12-10,0.950000,-0.335520,0.594974,-0.035000
2015-12-11,0.880000,-0.351533,0.567691,-0.030000
2015-12-14,0.970000,-0.337442,0.575936,-0.030000
2015-12-15,0.980000,-0.333187,0.644438,-0.030000
2015-12-16,1.020000,-0.335828,0.634602,-0.025000
2015-12-17,1.000000,-0.346694,0.599674,-0.030000
2015-12-18,0.970000,-0.359767,0.601215,-0.050000
2015-12-21,0.960000,-0.364031,0.594164,-0.035000
2015-12-22,0.990000,-0.347481,0.628304,-0.042000
2015-12-23,1.010000,-0.339548,0.641404,
2015-12-24,1.030000,,0.630183,-0.040000
2015-12-25,,,,-0.039000
2015-12-28,1.050000,-0.339524,,-0.036000
2015-12-29,1.090000,-0.333093,0.648398,-0.035000
2015-12-30,1.080000,-0.346279,0.696599,-0.033000
2015-12-31,1.060000,,0.675778,
2016-01-04,1.020000,-0.366505,0.611093,-0.028000
2016-01-05,1.040000,-0.375382,0.593339,-0.030000
2016-01-06,0.990000,-0.386432,0.534982,-0.029000
2016-01-07,0.960000,-0.384620,0.540998,-0.028000
2016-01-08,0.940000,-0.393292,0.518128,-0.031000
2016-01-11,0.940000,-0.384841,0.512112,
2016-01-12,0.930000,-0.375955,0.503003,-0.028000
2016-01-13,0.910000,-0.383545,0.491897,-0.036000
2016-01-14,0.900000,-0.392778,0.484362,-0.031000
2016-01-15,0.850000,-0.395331,0.421576,-0.030000
2016-01-18,,-0.390101,0.450233,-0.025000
2016-01-19,0.880000,-0.381713,0.467489,-0.020000
2016-01-20,0.850000,-0.400046,0.419460,-0.011000
2016-01-21,0.840000,-0.440355,0.441833,-0.011000
2016-01-22,0.880000,-0.433573,0.459618,-0.021000
2016-01-25,0.880000,-0.430970,0.429368,-0.026000
2016-01-26,0.850000,-0.440903,0.438283,-0.026000
2016-01-27,0.840000,-0.428154,0.434246,-0.027000
2016-01-28,0.830000,-0.435816,0.417799,-0.026000
2016-01-29,0.760000,-0.466102,0.343575,-0.083000
2016-02-01,0.810000,-0.453757,0.404872,-0.160000
2016-02-02,0.750000,-0.462137,0.366763,-0.152000
2016-02-03,0.720000,-0.468536,0.339333,-0.182000
2016-02-04,0.700000,-0.471347,0.359568,-0.178000
2016-02-05,0.740000,-0.471947,0.370091,-0.193000
2016-02-08,0.660000,-0.493682,0.274863,-0.192000
2016-02-09,0.690000,-0.492617,0.296788,-0.241000
2016-02-10,0.710000,-0.493460,0.321809,-0.217000
2016-02-11,0.640000,-0.508533,0.233223,
2016-02-12,0.710000,-0.497867,0.340927,-0.164000
2016-02-15,,-0.491985,0.337994,-0.145000
2016-02-16,0.740000,-0.485093,0.318554,-0.160000
2016-02-17,0.740000,-0.485541,0.342154,-0.151000
2016-02-18,0.710000,-0.492124,0.322074,-0.186000
2016-02-19,0.760000,-0.503398,0.311080,-0.212000
2016-02-22,0.780000,-0.504719,0.298838,-0.213000
2016-02-23,0.760000,-0.489710,0.297203,-0.204000
2016-02-24,0.750000,-0.499815,0.264545,-0.214000
2016-02-25,0.720000,-0.503417,0.257718,-0.212000
2016-02-26,0.800000,-0.520034,0.286786,-0.236000
2016-02-29,0.780000,-0.535649,0.251252,-0.245000
2016-03-01,0.850000,-0.534650,0.293982,-0.236000
2016-03-02,0.850000,-0.524221,0.336999,-0.226000
2016-03-03,0.850000,-0.546468,0.337982,-0.211000
2016-03-04,0.880000,-0.530314,0.360794,-0.203000
2016-03-07,0.910000,-0.521627,0.351761,-0.212000
2016-03-08,0.880000,-0.544090,0.315625,-0.230000
2016-03-09,0.900000,-0.517436,0.359022,-0.183000
2016-03-10,0.930000,-0.514539,0.422126,-0.173000
2016-03-11,0.970000,-0.458061,0.463443,-0.163000
2016-03-14,0.970000,-0.461594,0.446963,-0.169000
2016-03-15,0.980000,-0.450338,0.426924,-0.155000
2016-03-16,0.870000,-0.455538,0.410172,-0.175000
2016-03-17,0.870000,-0.465805,0.377533,-0.199000
2016-03-18,0.840000,-0.481011,0.381884,-0.220000
2016-03-21,0.870000,-0.475869,0.391858,
2016-03-22,0.910000,-0.480790,0.374138,-0.215000
2016-03-23,0.870000,-0.482845,0.359471,-0.224000
2016-03-24,0.890000,-0.484194,0.390708,-0.214000
2016-03-25,,,,-0.224000
2016-03-28,0.890000,,,-0.226000
2016-03-29,0.780000,-0.497131,0.367224,-0.224000
2016-03-30,0.760000,-0.489875,0.383742,-0.226000
2016-03-31,0.730000,-0.490455,0.341113,-0.206000
2016-04-01,0.760000,-0.491032,0.335639,-0.214000
2016-04-04,0.750000,-0.481772,0.329165,-0.225000
2016-04-05,0.720000,-0.493525,0.305533,-0.220000
2016-04-06,0.730000,-0.481099,0.296851,-0.232000
2016-04-07,0.700000,-0.503008,0.266558,-0.236000
2016-04-08,0.700000,-0.506540,0.298384,-0.241000
2016-04-11,0.700000,-0.503070,0.320674,-0.247000
2016-04-12,0.740000,-0.506718,0.353000,-0.252000
2016-04-13,0.750000,-0.507961,0.349529,-0.243000
2016-04-14,0.770000,-0.501369,0.358462,-0.258000
2016-04-15,0.740000,-0.514879,0.346062,-0.254000
2016-04-18,0.750000,-0.505951,0.377050,-0.254000
2016-04-19,0.770000,-0.509715,0.392323,-0.259000
2016-04-20,0.800000,-0.508390,0.364903,-0.264000
2016-04-21,0.820000,-0.494756,0.413785,-0.265000
2016-04-22,0.840000,-0.495680,0.422156,-0.280000
2016-04-25,0.850000,-0.496642,0.438965,-0.270000
2016-04-26,0.860000,-0.490306,0.474697,-0.265000
2016-04-27,0.830000,-0.491676,0.462721,-0.249000
2016-04-28,0.780000,-0.502461,0.453583,-0.244000
2016-04-29,0.770000,-0.502437,0.451475,
2016-05-02,0.800000,-0.492023,,-0.244000
2016-05-03,0.750000,-0.513714,0.411768,
2016-05-04,0.750000,-0.513108,0.393552,
2016-05-05,0.720000,-0.527248,0.363853,
2016-05-06,0.740000,-0.531399,0.339286,-0.247000
2016-05-09,0.720000,-0.530609,0.328881,-0.248000
2016-05-10,0.720000,-0.527835,0.314439,-0.248000
2016-05-11,0.740000,-0.531032,0.314324,-0.248000
2016-05-12,0.760000,-0.535626,0.324061,-0.253000
2016-05-13,0.760000,-0.532839,0.313900,-0.253000
2016-05-16,0.790000,-0.530097,0.330983,-0.254000
2016-05-17,0.820000,-0.529240,0.317865,-0.255000
2016-05-18,0.900000,-0.525670,0.370545,-0.246000
2016-05-19,0.890000,-0.526392,0.373344,-0.226000
2016-05-20,0.890000,-0.523791,0.395578,-0.236000
2016-05-23,0.910000,-0.524249,0.397248,-0.238000
2016-05-24,0.920000,-0.526429,0.429365,-0.239000
2016-05-25,0.920000,-0.536745,0.418680,-0.234000
2016-05-26,0.870000,-0.540424,0.390345,-0.239000
2016-05-27,0.900000,-0.541836,0.414081,-0.240000
2016-05-30,,-0.530369,,-0.231000
2016-05-31,0.870000,-0.525443,0.393530,-0.239000
2016-06-01,0.910000,-0.540772,0.355773,-0.242000
2016-06-02,0.890000,-0.536377,0.330038,-0.240000
2016-06-03,0.780000,-0.549559,0.288913,-0.240000
2016-06-06,0.800000,-0.557753,0.296268,-0.251000
2016-06-07,0.780000,-0.553817,0.305459,-0.250000
2016-06-08,0.780000,-0.553626,0.327181,-0.241000
2016-06-09,0.770000,-0.562777,0.328879,-0.246000
2016-06-10,0.730000,-0.563836,0.337126,-0.271000
2016-06-13,0.730000,-0.557257,0.328703,-0.277000
2016-06-14,0.740000,-0.583428,0.284088,-0.278000
2016-06-15,0.690000,-0.592688,0.274189,-0.284000
2016-06-16,0.700000,-0.604292,0.271533,-0.284000
2016-06-17,0.700000,-0.607144,0.314807,-0.255000
2016-06-20,0.740000,-0.592062,0.402464,-0.251000
2016-06-21,0.760000,-0.594891,0.430683,-0.247000
2016-06-22,0.750000,-0.588020,0.434648,-0.242000
2016-06-23,0.780000,-0.578702,0.446237,-0.238000
2016-06-24,0.640000,-0.660915,0.208635,-0.289000
2016-06-27,0.610000,-0.653896,0.090009,-0.284000
2016-06-28,0.610000,-0.651064,0.113872,-0.293000
2016-06-29,0.620000,-0.658655,0.133691,-0.298000
2016-06-30,0.580000,-0.660945,0.078958,-0.299000
2016-07-01,0.590000,-0.662412,0.117215,-0.329000
2016-07-04,,-0.670604,0.100848,-0.325000
2016-07-05,0.560000,-0.679434,0.075413,-0.320000
2016-07-06,0.580000,-0.694376,0.095853,-0.334000
2016-07-07,0.580000,-0.692500,0.099853,-0.343000
2016-07-08,0.610000,-0.698937,0.087355,-0.354000
2016-07-11,0.660000,-0.697420,0.107895,-0.351000
2016-07-12,0.690000,-0.680315,0.131292,-0.351000
2016-07-13,0.680000,-0.688704,0.072708,-0.357000
2016-07-14,0.680000,-0.673248,0.105478,-0.357000
2016-07-15,0.710000,-0.669834,0.125992,-0.333000
2016-07-18,0.680000,-0.672788,0.122084,
2016-07-19,0.700000,-0.662878,0.125788,-0.331000
2016-07-20,0.730000,-0.650363,0.121616,-0.327000
2016-07-21,0.700000,-0.642191,0.113747,-0.327000
2016-07-22,0.710000,-0.642194,0.073073,-0.333000
2016-07-25,0.720000,-0.638664,0.069237,-0.335000
2016-07-26,0.750000,-0.637274,0.100165,-0.336000
2016-07-27,0.730000,-0.649852,0.053700,-0.372000
2016-07-28,0.720000,-0.646781,0.058446,-0.345000
2016-07-29,0.670000,-0.653282,0.041324,-0.251000
2016-08-01,0.670000,-0.650093,0.104063,-0.237000
2016-08-02,0.670000,-0.636587,0.130948,-0.165000
2016-08-03,0.670000,-0.634245,0.122045,-0.177000
2016-08-04,0.640000,-0.649664,0.039125,-0.178000
2016-08-05,0.720000,-0.653627,0.059086,-0.193000
2016-08-08,0.740000,-0.652292,0.028386,-0.172000
2016-08-09,0.710000,-0.655683,0.015134,-0.187000
2016-08-10,0.690000,-0.664439,0.037565,-0.202000
2016-08-11,0.760000,-0.664199,0.080620,
2016-08-12,0.710000,-0.661908,0.072203,-0.197000
2016-08-15,0.720000,-0.643950,0.080580,-0.184000
2016-08-16,0.760000,-0.641734,0.115698,-0.190000
2016-08-17,0.740000,-0.646107,0.088758,-0.185000
2016-08-18,0.710000,-0.650758,0.088471,-0.196000
2016-08-19,0.760000,-0.641564,0.094372,-0.206000
2016-08-22,0.760000,-0.651695,0.073094,-0.202000
2016-08-23,0.740000,-0.652214,0.068009,-0.207000
2016-08-24,0.760000,-0.649624,0.084394,-0.193000
2016-08-25,0.780000,-0.642294,0.087524,-0.188000
2016-08-26,0.840000,-0.640749,0.081342,-0.178000
2016-08-29,0.810000,-0.644183,,-0.185000
2016-08-30,0.800000,-0.648567,0.097123,-0.197000
2016-08-31,0.800000,-0.652791,0.089348,-0.197000
2016-09-01,0.780000,-0.647106,0.066868,-0.187000
2016-09-02,0.800000,-0.655753,0.089279,-0.187000
2016-09-05,,-0.656540,0.074095,-0.193000
2016-09-06,0.740000,-0.674032,0.045282,-0.189000
2016-09-07,0.740000,-0.687511,0.031489,-0.199000
2016-09-08,0.780000,-0.664011,0.089624,-0.199000
2016-09-09,0.790000,-0.650708,0.125525,-0.204000
2016-09-12,0.790000,-0.643232,0.110773,-0.249000
2016-09-13,0.800000,-0.642578,0.133095,-0.244000
2016-09-14,0.770000,-0.659048,0.119750,-0.274000
2016-09-15,0.740000,-0.656438,0.099284,-0.274000
2016-09-16,0.770000,-0.664504,0.082695,-0.269000
2016-09-19,0.790000,-0.660966,0.092032,
2016-09-20,0.790000,-0.669412,0.061399,-0.266000
2016-09-21,0.790000,-0.668186,0.063728,-0.226000
2016-09-22,0.790000,-0.682298,0.044667,
2016-09-23,0.770000,-0.687223,0.053324,-0.222000
2016-09-26,0.760000,-0.695710,0.039423,-0.229000
2016-09-27,0.750000,-0.720594,0.029663,-0.268000
2016-09-28,0.750000,-0.725813,0.020015,-0.293000
2016-09-29,0.730000,-0.720360,0.025029,-0.275000
2016-09-30,0.770000,-0.719785,0.073732,-0.289000
2016-10-03,0.800000,-0.715654,0.047425,-0.281000
2016-10-04,0.820000,-0.717453,0.060767,-0.281000
2016-10-05,0.850000,-0.709355,0.068390,-0.285000
2016-10-06,0.860000,-0.703151,0.080349,-0.280000
2016-10-07,0.830000,-0.706597,0.123618,-0.280000
2016-10-10,,-0.695485,0.163277,
2016-10-11,0.870000,-0.691528,0.143340,-0.264000
2016-10-12,0.870000,-0.691570,0.162150,-0.263000
2016-10-13,0.850000,-0.698837,0.155636,-0.263000
2016-10-14,0.840000,-0.697345,0.182817,-0.273000
2016-10-17,0.810000,-0.694475,0.169297,-0.275000
2016-10-18,0.820000,-0.707669,0.170776,-0.275000
2016-10-19,0.810000,-0.704052,0.178263,-0.270000
2016-10-20,0.840000,-0.708155,0.182380,-0.266000
2016-10-21,0.840000,-0.699469,0.197657,-0.256000
2016-10-24,0.840000,-0.697212,0.208892,-0.248000
2016-10-25,0.860000,-0.694769,0.203474,-0.254000
2016-10-26,0.860000,-0.679002,0.248013,-0.254000
2016-10-27,0.870000,-0.668866,0.257130,-0.254000
2016-10-28,0.860000,-0.665367,0.263462,-0.248000
2016-10-31,0.860000,-0.662980,0.233643,-0.247000
2016-11-01,0.830000,-0.647545,0.239196,-0.249000
2016-11-02,0.810000,-0.663118,0.172580,-0.259000
2016-11-03,0.810000,-0.673600,0.182493,
2016-11-04,0.800000,-0.689167,0.146262,-0.264000
2016-11-07,0.820000,-0.680628,0.168932,-0.259000
2016-11-08,0.870000,-0.679806,0.203771,-0.263000
2016-11-09,0.900000,-0.697724,0.190580,-0.278000
2016-11-10,0.920000,-0.668543,0.230849,-0.263000
2016-11-11,,-0.657032,0.233979,-0.248000
2016-11-14,1.000000,-0.653807,0.239102,-0.219000
2016-11-15,1.020000,-0.669218,0.213958,-0.184000
2016-11-16,1.000000,-0.667959,0.225396,-0.110000
2016-11-17,1.040000,-0.673715,0.204184,-0.155000
2016-11-18,1.070000,-0.698246,0.224868,-0.166000
2016-11-21,1.080000,-0.706606,0.203837,-0.171000
2016-11-22,1.070000,-0.748319,0.183872,-0.162000
2016-11-23,1.120000,-0.718640,0.172471,
2016-11-24,,-0.759277,0.146838,-0.162000
2016-11-25,1.120000,-0.775099,0.123996,-0.142000
2016-11-28,1.110000,-0.785840,0.100833,-0.153000
2016-11-29,1.090000,-0.779917,0.102906,-0.164000
2016-11-30,1.110000,-0.779140,0.124640,-0.167000
2016-12-01,1.140000,-0.772416,0.143976,-0.174000
2016-12-02,1.110000,-0.756187,0.115256,-0.179000
2016-12-05,1.130000,-0.733263,0.114534,-0.189000
2016-12-06,1.120000,-0.728002,0.133331,-0.189000
2016-12-07,1.100000,-0.714550,0.122251,-0.194000
2016-12-08,1.120000,-0.720715,0.115099,-0.189000
2016-12-09,1.150000,-0.779058,0.139148,-0.189000
2016-12-12,1.150000,-0.766100,0.147720,-0.189000
2016-12-13,1.170000,-0.756701,0.133229,-0.184000
2016-12-14,1.270000,-0.758973,0.113246,-0.199000
2016-12-15,1.290000,-0.779873,0.166657,-0.199000
2016-12-16,1.280000,-0.802362,0.147678,-0.180000
2016-12-19,1.240000,-0.802096,0.114372,-0.181000
2016-12-20,1.250000,-0.802117,0.107199,-0.186000
2016-12-21,1.210000,-0.798107,0.083036,-0.181000
2016-12-22,1.220000,-0.809162,0.075394,-0.181000
2016-12-23,1.220000,-0.813228,0.064244,
2016-12-26,,,,-0.178000
2016-12-27,1.280000,-0.821831,,-0.169000
2016-12-28,1.260000,-0.831543,0.056640,-0.174000
2016-12-29,1.220000,-0.803855,0.047346,-0.182000
2016-12-30,1.200000,-0.800098,0.043756,-0.187000
2017-01-02,,-0.818167,,
2017-01-03,1.220000,-0.798726,0.128682,
2017-01-04,1.240000,-0.796286,0.134178,-0.193000
2017-01-05,1.170000,-0.765219,0.142117,-0.203000
2017-01-06,1.220000,-0.739340,0.188908,-0.213000
2017-01-09,1.210000,-0.752512,0.179509,
2017-01-10,1.190000,-0.759632,0.189019,-0.243000
2017-01-11,1.200000,-0.741953,0.176338,-0.248000
2017-01-12,1.180000,-0.745147,0.149872,-0.223000
2017-01-13,1.210000,-0.750644,0.176236,-0.224000
2017-01-16,,-0.756514,0.152448,-0.224000
2017-01-17,1.170000,-0.762581,0.159189,-0.230000
2017-01-18,1.230000,-0.737066,0.179137,-0.235000
2017-01-19,1.250000,-0.733393,0.208105,-0.230000
2017-01-20,1.200000,-0.709773,0.215094,-0.235000
2017-01-23,1.160000,-0.685565,0.183765,-0.241000
2017-01-24,1.210000,-0.685997,0.178743,-0.246000
2017-01-25,1.230000,-0.665369,0.196019,-0.216000
2017-01-26,1.210000,-0.671203,0.221495,-0.201000
2017-01-27,1.220000,-0.672522,0.195275,-0.200000
2017-01-30,1.220000,-0.677531,0.185698,-0.209000
2017-01-31,1.190000,-0.692097,0.174217,-0.209000
2017-02-01,1.220000,-0.714637,0.196682,-0.227000
2017-02-02,1.210000,-0.750593,0.151022,-0.226000
2017-02-03,1.210000,-0.758842,0.133783,-0.231000
2017-02-06,1.160000,-0.777772,0.117595,-0.221000
2017-02-07,1.160000,-0.782262,0.109021,-0.221000
2017-02-08,1.150000,-0.813128,0.112087,-0.210000
2017-02-09,1.200000,-0.805308,0.118666,-0.209000
2017-02-10,1.200000,-0.793104,0.132760,-0.214000
2017-02-13,1.200000,-0.802043,0.143242,-0.214000
2017-02-14,1.250000,-0.804167,0.140588,-0.224000
2017-02-15,1.270000,-0.795980,0.128696,-0.234000
2017-02-16,1.220000,-0.788490,0.094296,-0.239000
2017-02-17,1.210000,-0.816394,0.080363,-0.244000
2017-02-20,,-0.840094,0.089363,-0.239000
2017-02-21,1.220000,-0.846978,0.105070,-0.240000
2017-02-22,1.220000,-0.896020,0.079235,-0.260000
2017-02-23,1.180000,-0.898282,0.068922,-0.260000
2017-02-24,1.120000,-0.930353,0.058321,-0.265000
2017-02-27,1.200000,-0.917714,0.049311,-0.264000
2017-02-28,1.220000,-0.895217,0.046034,-0.262000
2017-03-01,1.290000,-0.858238,0.069733,-0.259000
2017-03-02,1.320000,-0.859190,0.072772,-0.276000
2017-03-03,1.320000,-0.834505,0.054335,-0.291000
2017-03-06,1.310000,-0.834253,0.062974,-0.295000
2017-03-07,1.320000,-0.876078,0.050780,-0.295000
2017-03-08,1.360000,-0.856283,0.058348,-0.290000
2017-03-09,1.370000,-0.852592,0.064562,-0.269000
2017-03-10,1.360000,-0.846008,0.068813,-0.264000
2017-03-13,1.400000,-0.818361,0.061541,-0.259000
2017-03-14,1.400000,-0.806737,0.041528,-0.259000
2017-03-15,1.330000,-0.821410,0.010269,-0.254000
2017-03-16,1.350000,-0.795086,0.041590,-0.264000
2017-03-17,1.330000,-0.788115,0.038715,-0.265000
2017-03-20,1.300000,-0.770921,0.045157,
2017-03-21,1.270000,-0.735123,0.106451,-0.263000
2017-03-22,1.270000,-0.771164,0.079915,-0.268000
2017-03-23,1.260000,-0.758346,0.123776,-0.273000
2017-03-24,1.260000,-0.737020,0.139217,-0.264000
2017-03-27,1.270000,-0.714924,0.146870,-0.265000
2017-03-28,1.300000,-0.717906,0.146108,-0.260000
2017-03-29,1.260000,-0.761241,0.116141,-0.250000
2017-03-30,1.280000,-0.743679,0.079376,-0.215000
2017-03-31,1.270000,-0.728354,0.087165,-0.204000
2017-04-03,1.240000,-0.787373,0.077604,-0.175000
2017-04-04,1.250000,-0.808288,0.093766,-0.188000
2017-04-05,1.240000,-0.805242,0.096884,-0.201000
2017-04-06,1.240000,-0.796478,0.101561,-0.211000
2017-04-07,1.290000,-0.815596,0.085183,-0.219000
2017-04-10,1.290000,-0.832678,0.071195,-0.219000
2017-04-11,1.240000,-0.843448,0.055093,-0.224000
2017-04-12,1.240000,-0.842007,0.060853,-0.229000
2017-04-13,1.210000,-0.857224,0.067805,-0.224000
2017-04-14,,,,-0.224000
2017-04-17,1.210000,,,-0.220000
2017-04-18,1.180000,-0.846178,0.068766,-0.215000
2017-04-19,1.190000,-0.805792,0.089100,-0.221000
2017-04-20,1.210000,-0.785877,0.077962,-0.221000
2017-04-21,1.200000,-0.785727,0.048289,-0.222000
2017-04-24,1.250000,-0.699276,0.051607,-0.212000
2017-04-25,1.290000,-0.701831,0.061882,-0.208000
2017-04-26,1.280000,-0.706275,0.051326,-0.203000
2017-04-27,1.250000,-0.726834,0.030611,-0.193000
2017-04-28,1.280000,-0.732080,0.035052,-0.207000
2017-05-01,1.280000,,,-0.207000
2017-05-02,1.270000,-0.738389,0.045488,-0.202000
2017-05-03,1.300000,-0.732349,0.042939,
2017-05-04,1.320000,-0.720751,0.069260,
2017-05-05,1.320000,-0.697762,0.098554,
2017-05-08,1.330000,-0.689148,0.109060,-0.198000
2017-05-09,1.370000,-0.675678,0.120096,-0.188000
2017-05-10,1.350000,-0.688034,0.101018,-0.183000
2017-05-11,1.350000,-0.672446,0.087817,-0.182000
2017-05-12,1.290000,-0.688624,0.070289,-0.178000
2017-05-15,1.310000,-0.674869,0.085143,-0.174000
2017-05-16,1.290000,-0.662513,0.084028,-0.170000
2017-05-17,1.260000,-0.688364,0.079364,-0.160000
2017-05-18,1.270000,-0.694148,0.072561,-0.151000
2017-05-19,1.280000,-0.679065,0.071192,-0.161000
2017-05-22,1.290000,-0.675465,0.057097,-0.168000
2017-05-23,1.310000,-0.662698,0.056984,-0.167000
2017-05-24,1.290000,-0.679828,0.059183,-0.163000
2017-05-25,1.300000,-0.693828,0.058516,-0.168000
2017-05-26,1.300000,-0.704111,0.058346,-0.168000
2017-05-29,,-0.728979,,-0.171000
2017-05-30,1.280000,-0.735737,0.051363,-0.165000
2017-05-31,1.280000,-0.735902,0.077719,-0.162000
2017-06-01,1.280000,-0.732910,0.092724,-0.160000
2017-06-02,1.280000,-0.748013,0.085703,-0.155000
2017-06-05,1.320000,-0.731555,0.077597,-0.146000
2017-06-06,1.300000,-0.749902,0.062485,-0.142000
2017-06-07,1.320000,-0.755979,0.065414,-0.117000
2017-06-08,1.330000,-0.746443,0.081424,-0.103000
2017-06-09,1.350000,-0.754913,0.061691,-0.108000
2017-06-12,1.350000,-0.751538,0.051511,-0.114000
2017-06-13,1.380000,-0.721230,0.098688,-0.109000
2017-06-14,1.350000,-0.716371,0.057589,-0.114000
2017-06-15,1.350000,-0.659198,0.138274,-0.120000
2017-06-16,1.320000,-0.683052,0.119579,-0.120000
2017-06-19,1.360000,-0.669680,0.135251,-0.116000
2017-06-20,1.360000,-0.671838,0.101472,-0.112000
2017-06-21,1.360000,-0.659940,0.155154,-0.102000
2017-06-22,1.340000,-0.665172,0.161607,-0.102000
2017-06-23,1.340000,-0.650328,0.188791,-0.103000
2017-06-26,1.360000,-0.655762,0.194832,-0.104000
2017-06-27,1.380000,-0.610613,0.211916,-0.117000
2017-06-28,1.340000,-0.610739,0.249095,-0.120000
2017-06-29,1.380000,-0.598227,0.315093,-0.120000
2017-06-30,1.380000,-0.586036,0.307410,-0.115000
2017-07-03,1.410000,-0.606365,0.314018,-0.121000
2017-07-04,,-0.615726,0.294930,-0.126000
2017-07-05,1.410000,-0.602352,0.268250,-0.116000
2017-07-06,1.400000,-0.592398,0.322609,-0.102000
2017-07-07,1.400000,-0.606109,0.292694,-0.102000
2017-07-10,1.400000,-0.616812,0.260032,-0.099000
2017-07-11,1.370000,-0.606435,0.270247,-0.104000
2017-07-12,1.350000,-0.619018,0.269736,-0.109000
2017-07-13,1.370000,-0.625384,0.287933,-0.114000
2017-07-14,1.350000,-0.632513,0.293043,-0.109000
2017-07-17,1.360000,-0.632391,0.273633,
2017-07-18,1.360000,-0.639214,0.240086,-0.106000
2017-07-19,1.370000,-0.640253,0.226949,-0.111000
2017-07-20,1.370000,-0.643699,0.253092,-0.111000
2017-07-21,1.360000,-0.643773,0.227547,-0.116000
2017-07-24,1.370000,-0.655685,0.234822,-0.118000
2017-07-25,1.400000,-0.647571,0.265404,-0.112000
2017-07-26,1.360000,-0.652824,0.231911,-0.107000
2017-07-27,1.360000,-0.664467,0.200384,-0.115000
2017-07-28,1.340000,-0.658819,0.208835,-0.117000
2017-07-31,1.340000,-0.667788,0.228954,-0.117000
2017-08-01,1.340000,-0.670855,0.217609,-0.117000
2017-08-02,1.360000,-0.682170,0.236241,-0.118000
2017-08-03,1.340000,-0.676401,0.187305,-0.118000
2017-08-04,1.360000,-0.672945,0.203260,-0.113000
2017-08-07,1.360000,-0.675331,0.175279,-0.108000
2017-08-08,1.360000,-0.667021,0.185904,-0.109000
2017-08-09,1.330000,-0.681468,0.169941,-0.119000
2017-08-10,1.330000,-0.680121,0.173790,-0.114000
2017-08-11,1.300000,-0.703180,0.165803,
2017-08-14,1.330000,-0.705532,0.176280,-0.114000
2017-08-15,1.350000,-0.689051,0.182925,-0.115000
2017-08-16,1.330000,-0.688472,0.193231,-0.120000
2017-08-17,1.320000,-0.680527,0.187012,-0.115000
2017-08-18,1.330000,-0.700098,0.178928,-0.131000
2017-08-21,1.320000,-0.702094,0.176215,-0.131000
2017-08-22,1.330000,-0.703214,0.169264,-0.131000
2017-08-23,1.320000,-0.718516,0.151649,-0.132000
2017-08-24,1.330000,-0.722974,0.149537,-0.143000
2017-08-25,1.350000,-0.711414,0.135104,-0.157000
2017-08-28,1.330000,-0.733282,,-0.158000
2017-08-29,1.330000,-0.742498,0.118628,-0.158000
2017-08-30,1.330000,-0.724449,0.134020,-0.155000
2017-08-31,1.330000,-0.734166,0.127023,-0.162000
2017-09-01,1.350000,-0.726487,0.139679,-0.165000
2017-09-04,,-0.741305,0.140969,-0.161000
2017-09-05,1.300000,-0.759554,0.129698,-0.156000
2017-09-06,1.300000,-0.747147,0.119152,-0.152000
2017-09-07,1.270000,-0.760447,0.098472,-0.157000
2017-09-08,1.270000,-0.763313,0.132094,-0.162000
2017-09-11,1.320000,-0.760467,0.176333,-0.158000
2017-09-12,1.330000,-0.739926,0.250256,-0.144000
2017-09-13,1.350000,-0.729945,0.253645,-0.144000
2017-09-14,1.370000,-0.720620,0.335068,-0.139000
2017-09-15,1.390000,-0.705645,0.415759,-0.150000
2017-09-18,1.400000,-0.699523,0.391256,
2017-09-19,1.400000,-0.696657,0.389381,-0.141000
2017-09-20,1.450000,-0.698671,0.409207,-0.131000
2017-09-21,1.450000,-0.695782,0.429866,-0.126000
2017-09-22,1.460000,-0.691673,0.430429,-0.137000
2017-09-25,1.440000,-0.677888,0.412344,-0.138000
2017-09-26,1.450000,-0.719005,0.425725,-0.138000
2017-09-27,1.470000,-0.702422,0.444718,-0.129000
2017-09-28,1.450000,-0.710164,0.440835,-0.115000
2017-09-29,1.470000,-0.699958,0.433726,-0.120000
2017-10-02,1.490000,-0.715533,0.412852,-0.110000
2017-10-03,1.470000,-0.712292,0.432942,-0.115000
2017-10-04,1.470000,-0.716343,0.433620,-0.135000
2017-10-05,1.490000,-0.703396,0.444460,-0.140000
2017-10-06,1.540000,-0.682473,0.407134,-0.140000
2017-10-09,,-0.706331,0.407219,
2017-10-10,1.510000,-0.701527,0.427077,-0.145000
2017-10-11,1.510000,-0.695340,0.444312,-0.144000
2017-10-12,1.510000,-0.712404,0.456598,-0.144000
2017-10-13,1.510000,-0.728628,0.460234,-0.144000
2017-10-16,1.540000,-0.746240,0.444115,-0.145000
2017-10-17,1.540000,-0.741723,0.403149,-0.140000
2017-10-18,1.590000,-0.730429,0.428321,-0.130000
2017-10-19,1.580000,-0.737267,0.401260,-0.141000
2017-10-20,1.600000,-0.718453,0.430300,-0.136000
2017-10-23,1.580000,-0.730015,0.421386,-0.137000
2017-10-24,1.600000,-0.705379,0.451660,-0.137000
2017-10-25,1.610000,-0.697344,0.497815,-0.137000
2017-10-26,1.630000,-0.729297,0.483520,-0.147000
2017-10-27,1.590000,-0.748589,0.455675,-0.149000
2017-10-30,1.580000,-0.757491,0.438525,-0.155000
2017-10-31,1.600000,-0.744983,0.450791,-0.160000
2017-11-01,1.610000,-0.751392,0.480755,-0.160000
2017-11-02,1.610000,-0.743747,0.392007,-0.163000
2017-11-03,1.630000,-0.756692,0.429128,
2017-11-06,1.610000,-0.745508,0.426501,-0.183000
2017-11-07,1.630000,-0.762951,0.421891,-0.193000
2017-11-08,1.650000,-0.765825,0.415631,-0.207000
2017-11-09,1.630000,-0.746025,0.443861,-0.198000
2017-11-10,1.670000,-0.747695,0.470076,-0.179000
2017-11-13,1.700000,-0.740762,0.469806,-0.174000
2017-11-14,1.680000,-0.733112,0.452194,-0.184000
2017-11-15,1.680000,-0.749058,0.451756,-0.189000
2017-11-16,1.720000,-0.737136,0.467195,-0.190000
2017-11-17,1.730000,-0.737763,0.463238,-0.195000
2017-11-20,1.770000,-0.740238,0.455280,-0.196000
2017-11-21,1.770000,-0.739479,0.459299,-0.196000
2017-11-22,1.740000,-0.718181,0.445915,-0.197000
2017-11-23,,-0.715761,0.431904,
2017-11-24,1.750000,-0.711883,0.436576,-0.188000
2017-11-27,1.740000,-0.712890,0.447219,-0.179000
2017-11-28,1.750000,-0.722328,0.449295,-0.175000
2017-11-29,1.780000,-0.705349,0.507046,-0.174000
2017-11-30,1.780000,-0.702145,0.495289,-0.160000
2017-12-01,1.780000,-0.715563,0.419249,-0.160000
2017-12-04,1.800000,-0.721549,0.483890,-0.148000
2017-12-05,1.830000,-0.732621,0.479587,-0.138000
2017-12-06,1.780000,-0.755159,0.470377,-0.143000
2017-12-07,1.800000,-0.767451,0.484264,-0.143000
2017-12-08,1.800000,-0.762304,0.480760,-0.153000
2017-12-11,1.820000,-0.747880,0.438076,-0.154000
2017-12-12,1.830000,-0.743907,0.447517,-0.154000
2017-12-13,1.790000,-0.746918,0.462324,-0.159000
2017-12-14,1.820000,-0.738588,0.429732,-0.159000
2017-12-15,1.840000,-0.738283,0.433409,-0.155000
2017-12-18,1.840000,-0.724026,0.426298,-0.150000
2017-12-19,1.870000,-0.710570,0.446954,-0.151000
2017-12-20,1.870000,-0.691395,0.468438,-0.146000
2017-12-21,1.890000,-0.669911,0.456780,-0.146000
2017-12-22,1.910000,-0.664987,0.438008,-0.147000
2017-12-25,,,,-0.147000
2017-12-26,1.920000,,,-0.145000
2017-12-27,1.890000,-0.673152,0.409816,-0.143000
2017-12-28,1.910000,-0.637618,0.429105,-0.138000
2017-12-29,1.890000,-0.635217,0.424984,-0.140000
2018-01-02,1.920000,-0.618449,0.490649,
2018-01-03,1.940000,-0.625850,0.459924,
2018-01-04,1.960000,-0.609208,0.486352,-0.138000
2018-01-05,1.960000,-0.610466,0.489814,-0.138000
2018-01-08,1.960000,-0.620244,0.493598,
2018-01-09,1.980000,-0.615830,0.524961,-0.139000
2018-01-10,1.980000,-0.615140,0.533245,-0.129000
2018-01-11,1.980000,-0.564662,0.561486,-0.134000
2018-01-12,1.990000,-0.559778,0.596878,-0.134000
2018-01-15,,-0.577806,0.599296,-0.140000
2018-01-16,2.030000,-0.574934,0.589010,-0.140000
2018-01-17,2.050000,-0.570640,0.575026,-0.130000
2018-01-18,2.050000,-0.576272,0.609800,-0.130000
2018-01-19,2.060000,-0.585491,0.588901,-0.136000
2018-01-22,2.080000,-0.591580,0.588227,-0.136000
2018-01-23,2.060000,-0.583326,0.595835,-0.142000
2018-01-24,2.080000,-0.580793,0.626326,-0.137000
2018-01-25,2.080000,-0.545143,0.634584,-0.132000
2018-01-26,2.130000,-0.538704,0.661255,-0.132000
2018-01-29,2.110000,-0.507576,0.670708,-0.128000
2018-01-30,2.130000,-0.517658,0.657898,-0.130000
2018-01-31,2.140000,-0.524732,0.688311,-0.137000
2018-02-01,2.160000,-0.532760,0.705306,-0.128000
2018-02-02,2.150000,-0.521751,0.713303,-0.131000
2018-02-05,2.080000,-0.543226,0.697451,-0.137000
2018-02-06,2.100000,-0.547236,0.648564,-0.142000
2018-02-07,2.150000,-0.544847,0.669180,-0.144000
2018-02-08,2.130000,-0.514603,0.748189,-0.148000
2018-02-09,2.050000,-0.545636,0.733249,-0.149000
2018-02-12,2.090000,-0.559283,0.735602,
2018-02-13,2.100000,-0.562476,0.754752,-0.154000
2018-02-14,2.170000,-0.547918,0.756042,-0.154000
2018-02-15,2.190000,-0.539620,0.756979,-0.159000
2018-02-16,2.210000,-0.555295,0.712355,-0.160000
2018-02-19,,-0.549556,0.722364,-0.151000
2018-02-20,2.250000,-0.556577,0.713917,-0.151000
2018-02-21,2.260000,-0.548484,0.719138,-0.151000
2018-02-22,2.250000,-0.556095,0.726041,-0.151000
2018-02-23,2.250000,-0.570142,0.734473,-0.153000
2018-02-26,2.220000,-0.572590,0.738321,-0.154000
2018-02-27,2.270000,-0.564293,0.763272,-0.162000
2018-02-28,2.250000,-0.572716,0.730496,-0.160000
2018-03-01,2.220000,-0.581706,0.713158,-0.160000
2018-03-02,2.250000,-0.580496,0.719391,-0.155000
2018-03-05,2.240000,-0.580353,0.741995,-0.173000
2018-03-06,2.250000,-0.562285,0.746993,-0.166000
2018-03-07,2.250000,-0.558520,0.743232,-0.162000
2018-03-08,2.250000,-0.567156,0.743906,-0.157000
2018-03-09,2.270000,-0.571542,0.774077,-0.157000
2018-03-12,2.270000,-0.580002,0.777458,-0.153000
2018-03-13,2.260000,-0.589063,0.777313,-0.154000
2018-03-14,2.260000,-0.579348,0.741153,-0.149000
2018-03-15,2.290000,-0.586298,0.749252,-0.145000
2018-03-16,2.310000,-0.591062,0.758013,-0.150000
2018-03-19,2.310000,-0.585488,0.774112,-0.151000
2018-03-20,2.340000,-0.587640,0.823995,-0.156000
2018-03-21,2.310000,-0.586759,0.867808,
2018-03-22,2.290000,-0.614248,0.821029,-0.157000
2018-03-23,2.280000,-0.601729,0.837444,-0.157000
2018-03-26,2.330000,-0.598379,0.838594,-0.158000
2018-03-27,2.260000,-0.607307,0.823215,-0.153000
2018-03-28,2.280000,-0.608321,0.773366,-0.154000
2018-03-29,2.270000,-0.609956,0.769253,-0.140000
2018-03-30,,,,-0.137000
2018-04-02,2.250000,,,-0.135000
2018-04-03,2.280000,-0.601602,0.780666,-0.141000
2018-04-04,2.280000,-0.603233,0.789659,-0.136000
2018-04-05,2.300000,-0.587339,0.816308,-0.133000
2018-04-06,2.270000,-0.590454,0.808176,-0.143000
2018-04-09,2.290000,-0.583682,0.820461,-0.147000
2018-04-10,2.320000,-0.570293,0.836180,-0.154000
2018-04-11,2.320000,-0.571419,0.830401,-0.158000
2018-04-12,2.340000,-0.575512,0.854641,-0.158000
2018-04-13,2.370000,-0.580739,0.849881,-0.159000
2018-04-16,2.390000,-0.579218,0.864227,-0.155000
2018-04-17,2.410000,-0.585320,0.836442,-0.155000
2018-04-18,2.420000,-0.575376,0.796840,-0.150000
2018-04-19,2.440000,-0.556253,0.842581,-0.141000
2018-04-20,2.460000,-0.557012,0.785689,-0.131000
2018-04-23,2.490000,-0.549813,0.792070,-0.132000
2018-04-24,2.480000,-0.545824,0.817439,-0.136000
2018-04-25,2.490000,-0.550529,0.831986,-0.135000
2018-04-26,2.490000,-0.553057,0.831065,-0.131000
2018-04-27,2.490000,-0.571884,0.750556,-0.137000
2018-04-30,2.490000,-0.570984,0.722712,
2018-05-01,2.500000,,0.724112,-0.142000
2018-05-02,2.490000,-0.571719,0.769354,-0.138000
2018-05-03,2.490000,-0.577805,0.709656,
2018-05-04,2.510000,-0.572585,0.725644,
2018-05-07,2.490000,-0.576956,,-0.137000
2018-05-08,2.510000,-0.571515,0.752070,-0.132000
2018-05-09,2.540000,-0.564552,0.772459,-0.133000
2018-05-10,2.540000,-0.579311,0.724966,-0.138000
2018-05-11,2.540000,-0.567963,0.742235,-0.138000
2018-05-14,2.550000,-0.547099,0.760476,-0.139000
2018-05-15,2.580000,-0.537955,0.781218,-0.135000
2018-05-16,2.580000,-0.558199,0.765183,-0.140000
2018-05-17,2.570000,-0.559547,0.803074,-0.140000
2018-05-18,2.550000,-0.564012,0.759031,-0.135000
2018-05-21,2.580000,-0.590929,0.750544,-0.136000
2018-05-22,2.590000,-0.587483,0.773425,-0.141000
2018-05-23,2.530000,-0.604587,0.711666,-0.141000
2018-05-24,2.500000,-0.616252,0.689831,-0.142000
2018-05-25,2.480000,-0.652920,0.652111,-0.143000
2018-05-28,,-0.692574,,-0.144000
2018-05-29,2.320000,-0.706022,0.577948,-0.144000
2018-05-30,2.420000,-0.704693,0.562741,-0.148000
2018-05-31,2.400000,-0.691357,0.555094,-0.144000
2018-06-01,2.470000,-0.636657,0.586267,-0.145000
2018-06-04,2.520000,-0.631840,0.615457,-0.135000
2018-06-05,2.490000,-0.656304,0.623704,-0.131000
2018-06-06,2.520000,-0.622563,0.686608,-0.131000
2018-06-07,2.500000,-0.617963,0.704196,-0.131000
2018-06-08,2.500000,-0.659560,0.704528,-0.127000
2018-06-11,2.520000,-0.623422,0.700948,-0.133000
2018-06-12,2.540000,-0.608352,0.698067,-0.133000
2018-06-13,2.590000,-0.612142,0.689310,-0.133000
2018-06-14,2.590000,-0.633971,0.677280,-0.138000
2018-06-15,2.550000,-0.644298,0.668097,-0.138000
2018-06-18,2.560000,-0.647923,0.674986,-0.140000
2018-06-19,2.540000,-0.661632,0.658403,-0.135000
2018-06-20,2.560000,-0.663004,0.667070,-0.135000
2018-06-21,2.560000,-0.685781,0.680214,-0.136000
2018-06-22,2.560000,-0.692800,0.717752,-0.136000
2018-06-25,2.540000,-0.686241,0.699256,-0.137000
2018-06-26,2.530000,-0.692824,0.694236,-0.137000
2018-06-27,2.520000,-0.687167,0.668749,-0.133000
2018-06-28,2.520000,-0.694650,0.662432,-0.128000
2018-06-29,2.520000,-0.682019,0.686058,-0.129000
2018-07-02,2.570000,-0.696651,0.668289,-0.135000
2018-07-03,2.530000,-0.681320,0.658683,-0.130000
2018-07-04,,-0.671817,0.692948,-0.131000
2018-07-05,2.550000,-0.666035,0.689105,-0.131000
2018-07-06,2.530000,-0.673037,0.710458,-0.132000
2018-07-09,2.570000,-0.656610,0.699745,-0.132000
2018-07-10,2.590000,-0.652414,0.727178,-0.127000
2018-07-11,2.580000,-0.646747,0.728296,-0.133000
2018-07-12,2.600000,-0.655335,0.705964,-0.133000
2018-07-13,2.590000,-0.661856,0.714744,-0.133000
2018-07-16,2.590000,-0.650206,0.733459,
2018-07-17,2.620000,-0.652764,0.722049,-0.135000
2018-07-18,2.600000,-0.652727,0.704694,-0.130000
2018-07-19,2.600000,-0.654734,0.690777,-0.130000
2018-07-20,2.600000,-0.645268,0.701399,-0.127000
2018-07-23,2.640000,-0.631810,0.721948,-0.107000
2018-07-24,2.630000,-0.631890,0.719824,-0.123000
2018-07-25,2.660000,-0.627139,0.724400,-0.126000
2018-07-26,2.690000,-0.631473,0.728967,-0.119000
2018-07-27,2.670000,-0.628392,0.732784,-0.118000
2018-07-30,2.660000,-0.605725,0.758117,-0.119000
2018-07-31,2.670000,-0.593075,0.741889,-0.119000
2018-08-01,2.670000,-0.578958,0.771582,-0.090000
2018-08-02,2.660000,-0.588190,0.767571,-0.105000
2018-08-03,2.630000,-0.614177,0.722434,-0.110000
2018-08-06,2.640000,-0.612370,0.699693,-0.111000
2018-08-07,2.680000,-0.610992,0.710216,-0.112000
2018-08-08,2.680000,-0.613145,0.717422,-0.107000
2018-08-09,2.640000,-0.633136,0.715164,-0.112000
2018-08-10,2.610000,-0.657360,0.678744,-0.117000
2018-08-13,2.610000,-0.660966,0.693979,-0.118000
2018-08-14,2.630000,-0.654749,0.695162,-0.118000
2018-08-15,2.610000,-0.661992,0.672116,-0.118000
2018-08-16,2.630000,-0.658097,0.681309,-0.124000
2018-08-17,2.610000,-0.661478,0.694090,-0.129000
2018-08-20,2.600000,-0.662585,0.689794,-0.127000
2018-08-21,2.610000,-0.643801,0.710942,-0.127000
2018-08-22,2.600000,-0.632492,0.718657,-0.120000
2018-08-23,2.610000,-0.624683,0.720100,-0.123000
2018-08-24,2.630000,-0.616982,0.716633,-0.116000
2018-08-27,2.670000,-0.610231,,-0.116000
2018-08-28,2.670000,-0.604331,0.731458,-0.116000
2018-08-29,2.670000,-0.594459,0.768381,-0.117000
2018-08-30,2.640000,-0.623649,0.745940,-0.114000
2018-08-31,2.620000,-0.626955,0.732923,-0.119000
2018-09-03,,-0.629976,0.727408,-0.110000
2018-09-04,2.660000,-0.610808,0.738352,-0.116000
2018-09-05,2.660000,-0.585346,0.761982,-0.116000
2018-09-06,2.640000,-0.592983,0.730857,-0.116000
2018-09-07,2.710000,-0.582672,0.752381,-0.112000
2018-09-10,2.730000,-0.572209,0.763346,-0.112000
2018-09-11,2.760000,-0.561005,0.793397,-0.112000
2018-09-12,2.740000,-0.572506,0.795024,-0.112000
2018-09-13,2.760000,-0.567998,0.806561,-0.113000
2018-09-14,2.780000,-0.560572,0.816673,-0.113000
2018-09-17,2.780000,-0.551421,0.819940,
2018-09-18,2.810000,-0.548035,0.816736,-0.114000
2018-09-19,2.810000,-0.545319,0.848273,-0.109000
2018-09-20,2.810000,-0.546346,0.841612,-0.104000
2018-09-21,2.810000,-0.557150,0.817573,-0.104000
2018-09-24,2.830000,-0.529010,0.838175,
2018-09-25,2.830000,-0.521129,0.847974,-0.105000
2018-09-26,2.830000,-0.515752,0.825715,-0.110000
2018-09-27,2.830000,-0.517114,0.840755,-0.118000
2018-09-28,2.810000,-0.545143,0.835739,-0.114000
2018-10-01,2.820000,-0.546670,0.830456,-0.115000
2018-10-02,2.820000,-0.570464,0.809970,-0.115000
2018-10-03,2.850000,-0.557297,0.829984,-0.115000
2018-10-04,2.870000,-0.529781,0.886115,-0.110000
2018-10-05,2.880000,-0.530035,0.919657,-0.121000
2018-10-08,,-0.550003,0.901431,
2018-10-09,2.880000,-0.550821,0.901557,-0.116000
2018-10-10,2.880000,-0.534917,0.918893,-0.117000
2018-10-11,2.850000,-0.553996,0.885768,-0.117000
2018-10-12,2.850000,-0.568764,0.847430,-0.117000
2018-10-15,2.850000,-0.583354,0.820466,-0.118000
2018-10-16,2.870000,-0.585277,0.826601,-0.118000
2018-10-17,2.890000,-0.594733,0.798441,-0.120000
2018-10-18,2.870000,-0.606116,0.787247,-0.120000
2018-10-19,2.920000,-0.624762,0.799933,-0.119000
2018-10-22,2.920000,-0.609687,0.764825,-0.114000
2018-10-23,2.890000,-0.619352,0.756254,-0.114000
2018-10-24,2.840000,-0.634111,0.744621,-0.115000
2018-10-25,2.860000,-0.635025,0.738096,-0.119000
2018-10-26,2.810000,-0.648186,0.699492,-0.124000
2018-10-29,2.810000,-0.634420,0.708257,-0.124000
2018-10-30,2.840000,-0.643839,0.719084,-0.125000
2018-10-31,2.870000,-0.629900,0.745387,-0.125000
2018-11-01,2.840000,-0.626645,0.765141,-0.125000
2018-11-02,2.910000,-0.624178,0.798947,-0.130000
2018-11-05,2.910000,-0.621321,0.802340,-0.131000
2018-11-06,2.930000,-0.618209,0.814943,-0.131000
2018-11-07,2.960000,-0.596277,0.818223,-0.126000
2018-11-08,2.980000,-0.598517,0.848360,-0.132000
2018-11-09,2.940000,-0.610609,0.796544,-0.137000
2018-11-12,,-0.620678,0.746338,-0.138000
2018-11-13,2.890000,-0.613001,0.795794,-0.137000
2018-11-14,2.860000,-0.611728,0.787245,-0.143000
2018-11-15,2.860000,-0.637193,0.695026,-0.138000
2018-11-16,2.810000,-0.633106,0.720843,-0.144000
2018-11-19,2.790000,-0.619197,0.685977,-0.145000
2018-11-20,2.790000,-0.630748,0.705508,-0.142000
2018-11-21,2.810000,-0.620691,0.729773,-0.142000
2018-11-22,,-0.615093,0.756218,-0.142000
2018-11-23,2.810000,-0.624758,0.734737,
2018-11-26,2.840000,-0.611624,0.767103,-0.142000
2018-11-27,2.830000,-0.624316,0.764022,-0.142000
2018-11-28,2.810000,-0.620945,0.746039,-0.132000
2018-11-29,2.810000,-0.634603,0.729757,-0.139000
2018-11-30,2.800000,-0.636189,0.746296,-0.135000
2018-12-03,2.830000,-0.634027,0.718538,-0.130000
2018-12-04,2.800000,-0.643520,0.716434,-0.130000
2018-12-05,,-0.644105,0.742724,-0.136000
2018-12-06,2.750000,-0.659398,0.707021,-0.151000
2018-12-07,2.720000,-0.634880,0.721566,-0.141000
2018-12-10,2.720000,-0.610907,0.646587,-0.147000
2018-12-11,2.780000,-0.634657,0.677977,-0.142000
2018-12-12,2.770000,-0.617857,0.716588,-0.142000
2018-12-13,2.750000,-0.628494,0.734383,-0.147000
2018-12-14,2.730000,-0.644176,0.699293,-0.153000
2018-12-17,2.700000,-0.645967,0.728672,-0.157000
2018-12-18,2.650000,-0.648218,0.747245,-0.157000
2018-12-19,2.630000,-0.641047,0.717544,-0.151000
2018-12-20,2.670000,-0.641136,0.713296,-0.146000
2018-12-21,2.630000,-0.650338,0.754981,-0.143000
2018-12-24,2.550000,,0.709692,
2018-12-25,,,,-0.147000
2018-12-26,2.610000,,,-0.124000
2018-12-27,2.560000,-0.657430,0.748315,-0.124000
2018-12-28,2.520000,-0.658248,0.728461,-0.139000
2018-12-31,2.480000,,0.730239,
2019-01-02,2.500000,-0.669686,0.702493,
2019-01-03,2.390000,-0.655076,0.681727,
2019-01-04,2.500000,-0.634953,0.735707,-0.176000
2019-01-07,2.530000,-0.621071,0.729938,-0.166000
2019-01-08,2.580000,-0.610184,0.738072,-0.147000
2019-01-09,2.560000,-0.608295,0.719814,-0.147000
2019-01-10,2.560000,-0.618852,0.748881,-0.148000
2019-01-11,2.550000,-0.619410,0.782744,-0.153000
2019-01-14,2.530000,-0.622626,0.789715,
2019-01-15,2.530000,-0.633603,0.778258,-0.153000
2019-01-16,2.550000,-0.623070,0.806625,-0.164000
2019-01-17,2.560000,-0.614323,0.806695,-0.169000
2019-01-18,2.620000,-0.613590,0.800210,-0.170000
2019-01-21,,-0.607363,0.782961,-0.167000
2019-01-22,2.580000,-0.610598,0.782897,-0.167000
2019-01-23,2.580000,-0.607917,0.791528,-0.168000
2019-01-24,2.560000,-0.602339,0.758222,-0.162000
2019-01-25,2.600000,-0.601070,0.790465,-0.168000
2019-01-28,2.600000,-0.595224,0.763234,-0.164000
2019-01-29,2.560000,-0.586194,0.763904,-0.159000
2019-01-30,2.520000,-0.578127,0.766207,-0.159000
2019-01-31,2.450000,-0.582182,0.744475,-0.169000
2019-02-01,2.520000,-0.592186,0.750665,-0.179000
2019-02-04,2.530000,-0.584167,0.770498,-0.171000
2019-02-05,2.530000,-0.579373,0.731593,-0.166000
2019-02-06,2.520000,-0.562982,0.721766,-0.161000
2019-02-07,2.480000,-0.582174,0.697874,-0.156000
2019-02-08,2.450000,-0.585541,0.686136,-0.166000
2019-02-11,2.480000,-0.573459,0.702295,
2019-02-12,2.500000,-0.569906,0.715185,-0.163000
2019-02-13,2.530000,-0.561278,0.718206,-0.168000
2019-02-14,2.500000,-0.568741,0.703810,-0.168000
2019-02-15,2.520000,-0.565812,0.706673,-0.169000
2019-02-18,,-0.569043,0.710345,-0.176000
2019-02-19,2.500000,-0.578161,0.720929,-0.183000
2019-02-20,2.500000,-0.577147,0.724058,-0.182000
2019-02-21,2.530000,-0.561816,0.740837,-0.182000
2019-02-22,2.480000,-0.572665,0.724332,-0.178000
2019-02-25,2.510000,-0.559698,0.739470,-0.174000
2019-02-26,2.480000,-0.559026,0.772566,-0.169000
2019-02-27,2.500000,-0.547518,0.825930,-0.164000
2019-02-28,2.520000,-0.537564,0.805839,-0.154000
2019-03-01,2.550000,-0.528155,0.781928,-0.150000
2019-03-04,2.550000,-0.529399,0.765002,-0.146000
2019-03-05,2.550000,-0.535233,0.787845,-0.141000
2019-03-06,2.520000,-0.539727,0.735364,-0.146000
2019-03-07,2.470000,-0.565800,0.703309,-0.147000
2019-03-08,2.450000,-0.557602,0.732972,-0.147000
2019-03-11,2.470000,-0.559323,0.715537,-0.147000
2019-03-12,2.450000,-0.561621,0.711532,-0.153000
2019-03-13,2.450000,-0.561621,0.737144,-0.158000
2019-03-14,2.460000,-0.558762,0.756561,-0.163000
2019-03-15,2.430000,-0.552809,0.746023,-0.165000
2019-03-18,2.450000,-0.548261,0.731558,-0.161000
2019-03-19,2.460000,-0.540350,0.737065,-0.161000
2019-03-20,2.400000,-0.541418,0.714013,-0.162000
2019-03-21,2.410000,-0.556668,0.666967,
2019-03-22,2.310000,-0.579774,0.631440,-0.178000
2019-03-25,2.260000,-0.581035,0.617028,-0.182000
2019-03-26,2.240000,-0.574410,0.639175,-0.169000
2019-03-27,2.220000,-0.633636,0.643798,-0.170000
2019-03-28,2.230000,-0.608812,0.642257,-0.178000
2019-03-29,2.270000,-0.620109,0.621261,-0.183000
2019-04-01,2.330000,-0.613949,0.645813,-0.174000
2019-04-02,2.300000,-0.621512,0.614883,-0.160000
2019-04-03,2.330000,-0.601963,0.671364,-0.160000
2019-04-04,2.330000,-0.600227,0.684624,-0.156000
2019-04-05,2.350000,-0.593116,0.705836,-0.156000
2019-04-08,2.360000,-0.593265,0.688914,-0.157000
2019-04-09,2.350000,-0.590274,0.686554,-0.163000
2019-04-10,2.310000,-0.607604,0.677407,-0.168000
2019-04-11,2.350000,-0.604247,0.719400,-0.168000
2019-04-12,2.400000,-0.580579,0.769508,-0.169000
2019-04-15,2.400000,-0.577067,0.769752,-0.165000
2019-04-16,2.410000,-0.584204,0.774474,-0.155000
2019-04-17,2.400000,-0.583955,0.766017,-0.150000
2019-04-18,2.380000,-0.587866,0.736988,-0.156000
2019-04-19,,,,-0.151000
2019-04-22,2.380000,,,-0.152000
2019-04-23,2.360000,-0.590413,0.763360,-0.148000
2019-04-24,2.320000,-0.604142,0.723143,-0.152000
2019-04-25,2.330000,-0.608297,0.711257,-0.147000
2019-04-26,2.280000,-0.610013,0.700152,-0.153000
2019-04-29,2.300000,-0.596424,0.708766,
2019-04-30,2.270000,-0.593787,0.732465,
2019-05-01,2.310000,,0.712647,
2019-05-02,2.350000,-0.600087,0.742871,
2019-05-03,2.330000,-0.602884,0.773537,
2019-05-06,2.310000,-0.600593,,
2019-05-07,2.280000,-0.617176,0.734272,-0.156000
2019-05-08,2.300000,-0.630141,0.716801,-0.156000
2019-05-09,2.260000,-0.642199,0.709190,-0.158000
2019-05-10,2.260000,-0.628422,0.708200,-0.158000
2019-05-13,2.180000,-0.637216,0.690209,-0.159000
2019-05-14,2.200000,-0.649119,0.689746,-0.159000
2019-05-15,2.160000,-0.667352,0.690342,-0.160000
2019-05-16,2.200000,-0.646099,0.694892,-0.166000
2019-05-17,2.200000,-0.643547,0.678972,-0.164000
2019-05-20,2.210000,-0.641519,0.701541,-0.154000
2019-05-21,2.260000,-0.632542,0.729615,-0.154000
2019-05-22,2.230000,-0.630032,0.682300,-0.152000
2019-05-23,2.120000,-0.644911,0.632308,-0.153000
2019-05-24,2.160000,-0.641824,0.612760,-0.155000
2019-05-27,,-0.652612,,-0.156000
2019-05-28,2.120000,-0.653872,0.585297,-0.162000
2019-05-29,2.090000,-0.658963,0.578447,-0.173000
2019-05-30,2.060000,-0.658149,0.585650,-0.169000
2019-05-31,1.950000,-0.686949,0.577349,-0.179000
2019-06-03,1.820000,-0.667744,0.545657,-0.180000
2019-06-04,1.880000,-0.663621,0.572455,-0.186000
2019-06-05,1.830000,-0.678967,0.545521,-0.221000
2019-06-06,1.880000,-0.655633,0.520821,-0.207000
2019-06-07,1.850000,-0.675356,0.499186,-0.197000
2019-06-10,1.900000,-0.667722,0.520096,-0.199000
2019-06-11,1.930000,-0.672640,0.549400,-0.194000
2019-06-12,1.880000,-0.676800,0.584435,-0.195000
2019-06-13,1.830000,-0.677185,0.562641,-0.200000
2019-06-14,1.840000,-0.690951,0.573778,-0.206000
2019-06-17,1.860000,-0.686197,0.579769,-0.196000
2019-06-18,1.860000,-0.751328,0.538348,-0.203000
2019-06-19,1.740000,-0.732585,0.585008,-0.214000
2019-06-20,1.720000,-0.750226,0.543118,-0.235000
2019-06-21,1.770000,-0.730615,0.583347,-0.239000
2019-06-24,1.720000,-0.734423,0.549387,-0.232000
2019-06-25,1.710000,-0.741831,0.542021,-0.228000
2019-06-26,1.770000,-0.739139,0.562183,-0.217000
2019-06-27,1.740000,-0.732748,0.570575,-0.213000
2019-06-28,1.750000,-0.745418,0.590312,-0.222000
2019-07-01,1.780000,-0.754736,0.563658,-0.224000
2019-07-02,1.770000,-0.765964,0.492462,-0.220000
2019-07-03,1.770000,-0.759447,0.460984,-0.225000
2019-07-04,,-0.761532,0.467858,-0.221000
2019-07-05,1.870000,-0.749689,0.531664,-0.211000
2019-07-08,1.880000,-0.753746,0.501773,-0.202000
2019-07-09,1.920000,-0.742562,0.507949,-0.197000
2019-07-10,1.820000,-0.735499,0.530976,-0.188000
2019-07-11,1.850000,-0.734650,0.579263,-0.194000
2019-07-12,1.840000,-0.739496,0.563687,-0.184000
2019-07-15,1.830000,-0.745469,0.533344,
2019-07-16,1.870000,-0.749755,0.546186,-0.191000
2019-07-17,1.830000,-0.765943,0.502181,-0.186000
2019-07-18,1.770000,-0.767862,0.491591,-0.197000
2019-07-19,1.800000,-0.783085,0.469706,-0.203000
2019-07-22,1.800000,-0.791825,0.455278,-0.204000
2019-07-23,1.830000,-0.796859,0.437431,-0.205000
2019-07-24,1.830000,-0.796821,0.429789,-0.206000
2019-07-25,1.860000,-0.774022,0.456802,-0.207000
2019-07-26,1.860000,-0.773264,0.439693,-0.212000
2019-07-29,1.850000,-0.784973,0.417915,-0.213000
2019-07-30,1.850000,-0.776483,0.400677,-0.213000
2019-07-31,1.890000,-0.793813,0.385960,-0.209000
2019-08-01,1.730000,-0.794292,0.370595,-0.189000
2019-08-02,1.720000,-0.804656,0.378991,-0.205000
2019-08-05,1.590000,-0.826507,0.362436,-0.216000
2019-08-06,1.600000,-0.833786,0.374564,-0.221000
2019-08-07,1.590000,-0.874989,0.387676,-0.237000
2019-08-08,1.620000,-0.869343,0.416446,-0.243000
2019-08-09,1.630000,-0.883731,0.388281,-0.273000
2019-08-12,1.580000,-0.893012,0.378046,
2019-08-13,1.660000,-0.882976,0.393070,-0.291000
2019-08-14,1.580000,-0.889551,0.389526,-0.277000
2019-08-15,1.480000,-0.911255,0.385431,-0.282000
2019-08-16,1.480000,-0.923399,0.446232,-0.279000
2019-08-19,1.530000,-0.919877,0.440203,-0.285000
2019-08-20,1.500000,-0.933676,0.430082,-0.295000
2019-08-21,1.560000,-0.917290,0.422638,-0.305000
2019-08-22,1.610000,-0.886667,0.454384,-0.313000
2019-08-23,1.510000,-0.906306,0.413873,-0.301000
2019-08-26,1.540000,-0.908095,,-0.323000
2019-08-27,1.530000,-0.908236,0.365072,-0.303000
2019-08-28,1.500000,-0.917200,0.335118,-0.304000
2019-08-29,1.530000,-0.928943,0.347423,-0.317000
2019-08-30,1.500000,-0.929722,0.382695,-0.307000
2019-09-02,,-0.939791,0.332212,-0.299000
2019-09-03,1.470000,-0.919734,0.311430,-0.295000
2019-09-04,1.430000,-0.911766,0.358557,-0.305000
2019-09-05,1.550000,-0.896789,0.437424,-0.296000
2019-09-06,1.530000,-0.892522,0.368105,-0.302000
2019-09-09,1.580000,-0.873949,0.435594,-0.319000
2019-09-10,1.670000,-0.866243,0.460318,-0.294000
2019-09-11,1.680000,-0.864164,0.483992,-0.279000
2019-09-12,1.720000,-0.785672,0.498903,-0.285000
2019-09-13,1.790000,-0.756290,0.564190,-0.251000
2019-09-16,1.740000,-0.757272,0.502983,
2019-09-17,1.720000,-0.751051,0.513910,-0.248000
2019-09-18,1.770000,-0.764727,0.502196,-0.269000
2019-09-19,1.740000,-0.743164,0.494044,-0.305000
2019-09-20,1.690000,-0.748535,0.507135,-0.310000
2019-09-23,1.680000,-0.769401,0.442490,
2019-09-24,1.600000,-0.768875,0.432057,-0.324000
2019-09-25,1.680000,-0.769210,0.427357,-0.346000
2019-09-26,1.660000,-0.780507,0.418363,-0.331000
2019-09-27,1.630000,-0.799527,0.368312,-0.321000
2019-09-30,1.630000,-0.805621,0.347946,-0.323000
2019-10-01,1.560000,-0.790850,0.315994,-0.294000
2019-10-02,1.480000,-0.797747,0.354296,-0.309000
2019-10-03,1.390000,-0.808947,0.348359,-0.325000
2019-10-04,1.400000,-0.805454,0.318701,-0.335000
2019-10-07,1.460000,-0.802606,0.321508,-0.338000
2019-10-08,1.420000,-0.815398,0.288801,-0.323000
2019-10-09,1.470000,-0.795689,0.339442,-0.324000
2019-10-10,1.530000,-0.743349,0.411095,-0.315000
2019-10-11,1.630000,-0.736587,0.541536,-0.295000
2019-10-14,,-0.729403,0.498827,
2019-10-15,1.610000,-0.718825,0.537028,-0.281000
2019-10-16,1.580000,-0.700097,0.519979,-0.267000
2019-10-17,1.600000,-0.695487,0.510145,-0.254000
2019-10-18,1.580000,-0.688731,0.526514,-0.244000
2019-10-21,1.620000,-0.688539,0.541583,-0.245000
2019-10-22,1.600000,-0.687086,0.501012,
2019-10-23,1.580000,-0.689222,0.504327,-0.252000
2019-10-24,1.580000,-0.695780,0.459867,-0.256000
2019-10-25,1.630000,-0.689623,0.485159,-0.243000
2019-10-28,1.640000,-0.675701,0.526655,-0.219000
2019-10-29,1.640000,-0.670585,0.532179,-0.208000
2019-10-30,1.610000,-0.663673,0.502863,-0.218000
2019-10-31,1.520000,-0.693506,0.483172,-0.239000
2019-11-01,1.560000,-0.694388,0.511347,-0.274000
2019-11-04,1.600000,-0.683889,0.526998,
2019-11-05,1.630000,-0.668436,0.559547,-0.241000
2019-11-06,1.610000,-0.652071,0.541816,-0.192000
2019-11-07,1.680000,-0.644477,0.508423,-0.192000
2019-11-08,1.680000,-0.639568,0.542664,-0.177000
2019-11-11,,-0.632655,0.555801,-0.194000
2019-11-12,1.660000,-0.642189,0.562210,-0.174000
2019-11-13,1.630000,-0.650830,0.538663,-0.195000
2019-11-14,1.580000,-0.663410,0.515668,-0.205000
2019-11-15,1.610000,-0.665840,0.525860,-0.200000
2019-11-18,1.600000,-0.659860,0.554090,-0.206000
2019-11-19,1.600000,-0.657660,0.549275,-0.208000
2019-11-20,1.560000,-0.666350,0.553642,-0.214000
2019-11-21,1.600000,-0.659115,0.565623,-0.199000
2019-11-22,1.610000,-0.653409,0.513831,-0.191000
2019-11-25,1.610000,-0.659025,0.506147,-0.191000
2019-11-26,1.580000,-0.661854,0.472714,-0.194000
2019-11-27,1.630000,-0.656612,0.505347,-0.200000
2019-11-28,,-0.658172,0.506016,-0.179000
2019-11-29,1.610000,-0.646948,0.539867,-0.179000
2019-12-02,1.610000,-0.634835,0.551035,-0.170000
2019-12-03,1.530000,-0.658572,0.504833,-0.156000
2019-12-04,1.580000,-0.662399,0.563227,-0.156000
2019-12-05,1.580000,-0.639008,0.581093,-0.152000
2019-12-06,1.610000,-0.648359,0.574553,-0.132000
2019-12-09,1.630000,-0.653989,0.564664,-0.117000
2019-12-10,1.650000,-0.660642,0.578274,-0.118000
2019-12-11,1.610000,-0.664609,0.566143,-0.108000
2019-12-12,1.660000,-0.656777,0.585527,-0.129000
2019-12-13,1.610000,-0.645003,0.550722,-0.130000
2019-12-16,1.650000,-0.652791,0.597715,-0.137000
2019-12-17,1.630000,-0.657339,0.535086,-0.125000
2019-12-18,1.630000,-0.652516,0.524797,-0.127000
2019-12-19,1.620000,-0.645761,0.545505,-0.113000
2019-12-20,1.630000,-0.648287,0.528215,-0.103000
2019-12-23,1.640000,-0.658826,0.539697,-0.098000
2019-12-24,1.620000,,0.525073,-0.097000
2019-12-25,,,,-0.113000
2019-12-26,1.640000,,,-0.119000
2019-12-27,1.590000,-0.652514,0.523227,-0.124000
2019-12-30,1.580000,-0.618394,0.578003,-0.134000
2019-12-31,1.580000,,0.529301,
2020-01-02,1.580000,-0.622180,0.541219,
2020-01-03,1.530000,-0.638365,0.526948,
2020-01-06,1.540000,-0.651086,0.564043,-0.136000
2020-01-07,1.540000,-0.650553,0.578991,-0.121000
2020-01-08,1.580000,-0.641188,0.583685,-0.127000
2020-01-09,1.580000,-0.614748,0.573332,-0.132000
2020-01-10,1.560000,-0.607243,0.517389,-0.137000
2020-01-13,1.580000,-0.596301,0.469295,
2020-01-14,1.580000,-0.596559,0.469860,-0.129000
2020-01-15,1.560000,-0.607271,0.423223,-0.124000
2020-01-16,1.580000,-0.607273,0.421954,-0.128000
2020-01-17,1.580000,-0.607015,0.402787,-0.135000
2020-01-20,,-0.601691,0.409084,-0.126000
2020-01-21,1.530000,-0.593989,0.406258,-0.126000
2020-01-22,1.530000,-0.606568,0.424712,-0.121000
2020-01-23,1.510000,-0.624142,0.396350,-0.132000
2020-01-24,1.490000,-0.622944,0.400405,-0.133000
2020-01-27,1.440000,-0.643523,0.366972,-0.144000
2020-01-28,1.450000,-0.643654,0.410364,-0.136000
2020-01-29,1.420000,-0.654130,0.410081,-0.134000
2020-01-30,1.410000,-0.667692,0.468189,-0.149000
2020-01-31,1.330000,-0.679859,0.461198,-0.159000
2020-02-03,1.360000,-0.690600,0.448210,-0.165000
2020-02-04,1.410000,-0.655886,0.450061,-0.150000
2020-02-05,1.440000,-0.647464,0.462967,-0.141000
2020-02-06,1.440000,-0.634690,0.461007,-0.131000
2020-02-07,1.410000,-0.651172,0.458205,-0.147000
2020-02-10,1.370000,-0.646957,0.447525,-0.158000
2020-02-11,1.410000,-0.651099,0.471144,
2020-02-12,1.440000,-0.645964,0.514529,-0.153000
2020-02-13,1.440000,-0.647508,0.523113,-0.154000
2020-02-14,1.420000,-0.660093,0.506218,-0.144000
2020-02-17,,-0.658310,0.520688,-0.147000
2020-02-18,1.410000,-0.648245,0.499473,-0.151000
2020-02-19,1.420000,-0.648478,0.494265,-0.156000
2020-02-20,1.390000,-0.649068,0.484184,-0.153000
2020-02-21,1.340000,-0.646250,0.473510,-0.165000
2020-02-24,1.260000,-0.682050,0.440505,
2020-02-25,1.200000,-0.695632,0.412591,-0.201000
2020-02-26,1.160000,-0.701160,0.403988,-0.201000
2020-02-27,1.110000,-0.749303,0.359474,-0.210000
2020-02-28,0.860000,-0.786148,0.335304,-0.258000
2020-03-02,0.840000,-0.821566,0.294098,-0.264000
2020-03-03,0.710000,-0.783830,0.253280,-0.250000
2020-03-04,0.670000,-0.823018,0.214076,-0.280000
2020-03-05,0.590000,-0.847644,0.169208,-0.251000
2020-03-06,0.490000,-0.866606,0.093705,-0.287000
2020-03-09,0.380000,-0.965892,0.111051,-0.314000
2020-03-10,0.500000,-0.922701,0.155817,-0.248000
2020-03-11,0.500000,-0.932928,0.153108,-0.234000
2020-03-12,0.500000,-0.970607,0.218787,-0.225000
2020-03-13,0.490000,-0.890443,0.279848,-0.205000
2020-03-16,0.360000,-0.879589,0.307881,-0.195000
2020-03-17,0.470000,-0.865849,0.308735,-0.191000
2020-03-18,0.540000,-0.780697,0.333250,-0.165000
2020-03-19,0.440000,-0.663440,0.233784,-0.165000
2020-03-20,0.370000,-0.673064,0.103334,
2020-03-23,0.280000,-0.693320,0.053452,-0.210000
2020-03-24,0.380000,-0.633473,0.107118,-0.230000
2020-03-25,0.340000,-0.599322,0.098030,-0.241000
2020-03-26,0.300000,-0.631714,0.110970,-0.241000
2020-03-27,0.250000,-0.703836,0.119053,-0.177000
2020-03-30,0.230000,-0.717447,0.113710,-0.174000
2020-03-31,0.230000,-0.705923,0.139571,-0.130000
2020-04-01,0.230000,-0.665139,0.114055,-0.140000
2020-04-02,0.230000,-0.655056,0.113270,-0.135000
2020-04-03,0.230000,-0.671210,0.096827,-0.140000
2020-04-06,0.270000,-0.655217,0.105240,-0.131000
2020-04-07,0.280000,-0.636965,0.151985,-0.132000
2020-04-08,0.270000,-0.613883,0.117020,-0.132000
2020-04-09,0.230000,-0.617387,0.050925,-0.147000
2020-04-10,,,,-0.177000
2020-04-13,0.250000,,,-0.180000
2020-04-14,0.230000,-0.643085,0.076189,-0.170000
2020-04-15,0.200000,-0.679409,0.048345,-0.160000
2020-04-16,0.200000,-0.659930,0.077049,-0.160000
2020-04-17,0.200000,-0.672317,0.098188,-0.146000
2020-04-20,0.200000,-0.666971,0.104686,-0.135000
2020-04-21,0.200000,-0.661767,0.077192,-0.133000
2020-04-22,0.220000,-0.650391,0.089547,-0.142000
2020-04-23,0.220000,-0.667611,0.076003,-0.148000
2020-04-24,0.220000,-0.668218,0.079608,-0.168000
2020-04-27,0.240000,-0.641635,0.091880,-0.174000
2020-04-28,0.200000,-0.654116,0.071518,-0.179000
2020-04-29,0.200000,-0.679057,0.067822,
2020-04-30,0.200000,-0.705840,0.034725,-0.184000
2020-05-01,0.200000,,0.069183,-0.164000
2020-05-04,0.190000,-0.709281,0.053458,
2020-05-05,0.190000,-0.752776,0.030324,
2020-05-06,0.170000,-0.719573,0.039705,
2020-05-07,0.130000,-0.715015,0.022806,-0.152000
2020-05-08,0.160000,-0.746605,,-0.172000
2020-05-11,0.170000,-0.712179,0.028688,-0.173000
2020-05-12,0.170000,-0.682662,0.013026,-0.169000
2020-05-13,0.160000,-0.697556,0.010432,-0.169000
2020-05-14,0.160000,-0.707818,0.013356,-0.170000
2020-05-15,0.160000,-0.710510,0.028344,-0.169000
2020-05-18,0.180000,-0.691325,0.031937,-0.176000
2020-05-19,0.170000,-0.644953,0.007635,-0.161000
2020-05-20,0.160000,-0.647518,0.013695,-0.166000
2020-05-21,0.170000,-0.661086,-0.025157,-0.176000
2020-05-22,0.170000,-0.655236,-0.035733,-0.181000
2020-05-25,,-0.651308,,-0.172000
2020-05-26,0.180000,-0.617133,-0.001793,-0.162000
2020-05-27,0.190000,-0.614344,-0.013433,-0.155000
2020-05-28,0.170000,-0.617263,-0.009882,-0.169000
2020-05-29,0.160000,-0.633723,-0.026463,-0.164000
2020-06-01,0.140000,-0.636926,0.014975,-0.169000
2020-06-02,0.170000,-0.651327,-0.006239,-0.170000
2020-06-03,0.190000,-0.627369,0.027927,-0.170000
2020-06-04,0.190000,-0.618032,0.028272,-0.166000
2020-06-05,0.220000,-0.598450,0.029266,-0.151000
2020-06-08,0.220000,-0.612836,0.025996,-0.152000
2020-06-09,0.200000,-0.615107,0.019565,-0.162000
2020-06-10,0.170000,-0.614758,-0.022634,-0.157000
2020-06-11,0.190000,-0.647812,-0.030634,-0.162000
2020-06-12,0.190000,-0.661631,-0.016205,-0.158000
2020-06-15,0.190000,-0.666475,-0.012297,-0.170000
2020-06-16,0.210000,-0.650167,-0.030561,-0.165000
2020-06-17,0.190000,-0.656293,-0.038886,-0.165000
2020-06-18,0.190000,-0.660224,-0.019640,-0.165000
2020-06-19,0.190000,-0.668896,-0.023849,-0.161000
2020-06-22,0.190000,-0.690341,-0.049457,-0.162000
2020-06-23,0.180000,-0.657291,-0.042113,-0.157000
2020-06-24,0.190000,-0.655366,-0.055804,-0.152000
2020-06-25,0.170000,-0.688952,-0.051179,-0.145000
2020-06-26,0.170000,-0.696094,-0.053422,-0.142000
2020-06-29,0.160000,-0.693476,-0.072605,-0.148000
2020-06-30,0.160000,-0.694230,-0.069679,-0.140000
2020-07-01,0.170000,-0.658499,-0.050129,-0.145000
2020-07-02,0.160000,-0.674719,-0.077020,-0.140000
2020-07-03,,-0.682783,-0.071885,-0.145000
2020-07-06,0.160000,-0.677929,-0.057834,-0.137000
2020-07-07,0.160000,-0.673133,-0.058701,-0.132000
2020-07-08,0.160000,-0.672809,-0.063507,-0.133000
2020-07-09,0.160000,-0.677067,-0.077187,-0.138000
2020-07-10,0.160000,-0.696310,-0.095971,-0.143000
2020-07-13,0.160000,-0.663546,-0.083664,-0.139000
2020-07-14,0.140000,-0.668573,-0.090304,-0.145000
2020-07-15,0.160000,-0.671517,-0.070213,-0.144000
2020-07-16,0.160000,-0.675548,-0.095513,-0.150000
2020-07-17,0.140000,-0.675928,-0.081567,-0.150000
2020-07-20,0.160000,-0.675883,-0.092431,-0.142000
2020-07-21,0.140000,-0.669461,-0.101664,-0.143000
2020-07-22,0.140000,-0.697597,-0.110196,-0.136000
2020-07-23,0.160000,-0.680346,-0.102703,
2020-07-24,0.140000,-0.666819,-0.088094,
2020-07-27,0.150000,-0.681984,-0.108940,-0.135000
2020-07-28,0.140000,-0.698661,-0.105981,-0.135000
2020-07-29,0.120000,-0.693667,-0.089464,-0.133000
2020-07-30,0.110000,-0.714193,-0.102405,-0.134000
2020-07-31,0.110000,-0.709744,-0.093727,-0.144000
2020-08-03,0.110000,-0.706900,-0.090445,-0.140000
2020-08-04,0.110000,-0.720438,-0.090699,-0.136000
2020-08-05,0.110000,-0.703529,-0.073063,-0.131000
2020-08-06,0.110000,-0.708662,-0.058765,-0.126000
2020-08-07,0.130000,-0.702341,-0.039314,-0.126000
2020-08-10,0.140000,-0.709667,-0.049766,
2020-08-11,0.160000,-0.690707,-0.015000,-0.118000
2020-08-12,0.160000,-0.683563,-0.008959,-0.112000
2020-08-13,0.160000,-0.655748,-0.021207,-0.123000
2020-08-14,0.140000,-0.661556,-0.032831,-0.117000
2020-08-17,0.140000,-0.670085,-0.061702,-0.119000
2020-08-18,0.140000,-0.676425,-0.057878,-0.124000
2020-08-19,0.140000,-0.686094,-0.047223,-0.119000
2020-08-20,0.130000,-0.694922,-0.055005,-0.115000
2020-08-21,0.160000,-0.695658,-0.066178,-0.115000
2020-08-24,0.140000,-0.688654,-0.069086,-0.117000
2020-08-25,0.150000,-0.658708,-0.036385,-0.114000
2020-08-26,0.160000,-0.653615,-0.034164,-0.112000
2020-08-27,0.160000,-0.666300,-0.033830,-0.115000
2020-08-28,0.140000,-0.676628,-0.072683,-0.115000
2020-08-31,0.140000,-0.663212,,-0.115000
2020-09-01,0.130000,-0.673045,-0.088215,-0.120000
2020-09-02,0.140000,-0.690816,-0.107745,-0.120000
2020-09-03,0.130000,-0.702320,-0.102233,-0.120000
2020-09-04,0.140000,-0.697133,-0.086659,-0.125000
2020-09-07,,-0.693245,-0.092789,-0.126000
2020-09-08,0.140000,-0.706184,-0.141956,-0.131000
2020-09-09,0.140000,-0.688383,-0.086015,-0.131000
2020-09-10,0.140000,-0.673419,-0.101718,-0.132000
2020-09-11,0.130000,-0.686727,-0.136632,-0.142000
2020-09-14,0.140000,-0.699315,-0.108543,-0.143000
2020-09-15,0.140000,-0.689308,-0.085628,-0.143000
2020-09-16,0.140000,-0.692569,-0.073655,-0.143000
2020-09-17,0.130000,-0.695009,-0.131939,-0.144000
2020-09-18,0.140000,-0.697591,-0.135672,-0.144000
2020-09-21,0.140000,-0.715635,-0.137142,
2020-09-22,0.130000,-0.707026,-0.080075,
2020-09-23,0.140000,-0.706374,-0.066809,-0.148000
2020-09-24,0.140000,-0.711518,-0.077684,-0.148000
2020-09-25,0.120000,-0.706760,-0.095309,-0.156000
2020-09-28,0.140000,-0.696151,-0.081184,-0.145000
2020-09-29,0.110000,-0.690446,-0.077341,-0.144000
2020-09-30,0.130000,-0.692125,-0.053845,-0.140000
2020-10-01,0.140000,-0.688716,-0.069743,-0.130000
2020-10-02,0.130000,-0.706775,-0.054645,-0.140000
2020-10-05,0.140000,-0.705420,-0.048271,-0.136000
2020-10-06,0.140000,-0.710039,-0.046304,-0.126000
2020-10-07,0.160000,-0.701988,-0.038889,-0.126000
2020-10-08,0.130000,-0.710774,-0.043150,-0.132000
2020-10-09,0.160000,-0.730220,-0.047242,-0.127000
2020-10-12,,-0.732213,-0.046840,-0.138000
2020-10-13,0.160000,-0.743718,-0.066334,-0.144000
2020-10-14,0.140000,-0.751627,-0.062729,-0.139000
2020-10-15,0.140000,-0.773528,-0.076506,-0.145000
2020-10-16,0.140000,-0.780351,-0.081567,-0.145000
2020-10-19,0.160000,-0.782584,-0.089568,-0.141000
2020-10-20,0.140000,-0.785087,-0.083199,-0.141000
2020-10-21,0.140000,-0.775885,-0.074189,-0.131000
2020-10-22,0.160000,-0.775655,-0.046365,-0.137000
2020-10-23,0.180000,-0.760169,-0.053132,-0.131000
2020-10-26,0.160000,-0.756770,-0.051737,-0.133000
2020-10-27,0.160000,-0.770868,-0.068921,-0.130000
2020-10-28,0.160000,-0.794320,-0.081390,-0.130000
2020-10-29,0.160000,-0.805040,-0.083177,-0.130000
2020-10-30,0.140000,-0.800803,-0.053194,-0.125000
2020-11-02,0.160000,-0.805474,-0.082720,-0.125000
2020-11-03,0.170000,-0.799441,-0.055076,
2020-11-04,0.140000,-0.805714,-0.087451,-0.121000
2020-11-05,0.140000,-0.793046,-0.064149,-0.136000
2020-11-06,0.160000,-0.788080,-0.050090,-0.146000
2020-11-09,0.170000,-0.746524,-0.015060,-0.147000
2020-11-10,0.190000,-0.730099,-0.013135,-0.143000
2020-11-11,,-0.733035,-0.005455,-0.138000
2020-11-12,0.170000,-0.737266,-0.037410,-0.143000
2020-11-13,0.170000,-0.749402,-0.036040,-0.149000
2020-11-16,0.190000,-0.747488,-0.031687,-0.149000
2020-11-17,0.180000,-0.742328,-0.036263,-0.150000
2020-11-18,0.160000,-0.744041,-0.033216,-0.150000
2020-11-19,0.180000,-0.744403,-0.033017,-0.145000
2020-11-20,0.160000,-0.759668,-0.046944,-0.151000
2020-11-23,0.160000,-0.762683,-0.029018,
2020-11-24,0.160000,-0.764530,-0.025036,-0.145000
2020-11-25,0.170000,-0.759665,-0.030305,-0.148000
2020-11-26,,-0.762637,-0.044550,-0.153000
2020-11-27,0.160000,-0.761795,-0.035625,-0.130000
2020-11-30,0.160000,-0.752180,-0.020028,-0.130000
2020-12-01,0.170000,-0.737084,-0.001840,-0.130000
2020-12-02,0.160000,-0.732071,-0.022101,-0.130000
2020-12-03,0.160000,-0.748825,-0.032122,-0.125000
2020-12-04,0.160000,-0.757105,-0.033059,-0.131000
2020-12-07,0.140000,-0.776876,-0.073941,-0.137000
2020-12-08,0.140000,-0.788397,-0.075708,-0.137000
2020-12-09,0.160000,-0.793190,-0.079276,-0.137000
2020-12-10,0.140000,-0.788819,-0.109127,-0.137000
2020-12-11,0.110000,-0.805753,-0.119956,-0.142000
2020-12-14,0.130000,-0.789996,-0.087401,-0.143000
2020-12-15,0.110000,-0.789923,-0.055129,-0.144000
2020-12-16,0.130000,-0.758810,-0.061582,-0.134000
2020-12-17,0.130000,-0.766678,-0.052176,-0.134000
2020-12-18,0.130000,-0.757868,-0.083781,-0.139000
2020-12-21,0.130000,-0.767791,-0.104403,-0.132000
2020-12-22,0.130000,-0.765133,-0.131413,-0.137000
2020-12-23,0.130000,-0.745114,-0.073707,-0.138000
2020-12-24,0.130000,,-0.103236,-0.130000
2020-12-25,,,,-0.130000
2020-12-28,0.130000,-0.760715,,-0.130000
2020-12-29,0.120000,-0.766243,-0.125802,-0.124000
2020-12-30,0.120000,-0.766855,-0.119558,-0.125000
2020-12-31,0.130000,,-0.135252,
2021-01-04,0.110000,-0.742239,-0.127650,-0.121000
2021-01-05,0.130000,-0.745642,-0.128368,-0.126000
2021-01-06,0.140000,-0.734877,-0.124991,-0.121000
2021-01-07,0.140000,-0.742758,-0.109483,-0.117000
2021-01-08,0.140000,-0.745557,-0.106259,-0.122000
2021-01-11,0.140000,-0.732955,-0.101560,
2021-01-12,0.140000,-0.723394,-0.058737,-0.128000
2021-01-13,0.140000,-0.730874,-0.085690,-0.130000
2021-01-14,0.160000,-0.752700,-0.104241,-0.124000
2021-01-15,0.130000,-0.744688,-0.115619,-0.129000
2021-01-18,,-0.737997,-0.115506,-0.130000
2021-01-19,0.140000,-0.731981,-0.112625,-0.125000
2021-01-20,0.130000,-0.735394,-0.100514,-0.131000
2021-01-21,0.130000,-0.726498,-0.090356,-0.136000
2021-01-22,0.130000,-0.732233,-0.099933,-0.137000
2021-01-25,0.130000,-0.747303,-0.118022,-0.138000
2021-01-26,0.110000,-0.748332,-0.117421,-0.138000
2021-01-27,0.120000,-0.758702,-0.117337,-0.133000
2021-01-28,0.120000,-0.760650,-0.107257,-0.129000
2021-01-29,0.110000,-0.753184,-0.095639,-0.129000
2021-02-01,0.110000,-0.744239,-0.096101,-0.125000
2021-02-02,0.110000,-0.734888,-0.077243,-0.125000
2021-02-03,0.110000,-0.729331,-0.068525,-0.125000
2021-02-04,0.110000,-0.721832,-0.018522,-0.131000
2021-02-05,0.090000,-0.725778,-0.002712,-0.131000
2021-02-08,0.110000,-0.723205,-0.009705,-0.127000
2021-02-09,0.110000,-0.724952,-0.019387,-0.127000
2021-02-10,0.110000,-0.729481,-0.016984,-0.123000
2021-02-11,0.110000,-0.738828,-0.027693,
2021-02-12,0.110000,-0.727225,-0.022611,-0.133000
2021-02-15,,-0.715654,-0.015254,-0.130000
2021-02-16,0.130000,-0.713536,-0.009516,-0.131000
2021-02-17,0.110000,-0.710528,-0.029933,-0.119000
2021-02-18,0.110000,-0.696939,-0.011546,-0.126000
2021-02-19,0.110000,-0.699843,0.017504,-0.120000
2021-02-22,0.110000,-0.705271,0.009685,-0.112000
2021-02-23,0.110000,-0.698742,-0.001268,
2021-02-24,0.120000,-0.694219,0.001912,-0.113000
2021-02-25,0.170000,-0.668717,0.063011,-0.100000
2021-02-26,0.140000,-0.666673,0.094282,-0.114000
2021-03-01,0.130000,-0.705749,0.067502,-0.120000
2021-03-02,0.130000,-0.704871,0.025854,-0.125000
2021-03-03,0.140000,-0.700693,0.046814,-0.115000
2021-03-04,0.140000,-0.706431,0.044408,-0.121000
2021-03-05,0.140000,-0.699935,0.071694,-0.131000
2021-03-08,0.170000,-0.695113,0.055707,-0.122000
2021-03-09,0.170000,-0.703093,0.046968,-0.118000
2021-03-10,0.160000,-0.694625,0.034109,-0.117000
2021-03-11,0.140000,-0.706115,0.046950,-0.124000
2021-03-12,0.140000,-0.698813,0.062531,-0.128000
2021-03-15,0.140000,-0.710779,0.054828,-0.139000
2021-03-16,0.150000,-0.718837,0.056225,-0.150000
2021-03-17,0.130000,-0.711490,0.073113,-0.145000
2021-03-18,0.160000,-0.706121,0.064237,-0.140000
2021-03-19,0.160000,-0.719226,0.052508,-0.136000
2021-03-22,0.150000,-0.728554,0.044906,-0.142000
2021-03-23,0.150000,-0.736118,0.022797,-0.137000
2021-03-24,0.140000,-0.738045,0.027721,-0.141000
2021-03-25,0.140000,-0.747597,0.015849,-0.133000
2021-03-26,0.140000,-0.744647,0.026733,-0.138000
2021-03-29,0.140000,-0.741921,0.036449,-0.139000
2021-03-30,0.160000,-0.711646,0.057256,-0.126000
2021-03-31,0.160000,-0.721838,0.072518,-0.130000
2021-04-01,0.170000,-0.735104,0.054552,-0.125000
2021-04-02,0.190000,,,-0.125000
2021-04-05,0.170000,,,-0.120000
2021-04-06,0.160000,-0.729548,0.057013,-0.121000
2021-04-07,0.160000,-0.735956,0.056016,-0.121000
2021-04-08,0.140000,-0.744129,0.039996,-0.126000
2021-04-09,0.160000,-0.723001,0.042566,-0.126000
2021-04-12,0.180000,-0.728586,0.043144,-0.126000
2021-04-13,0.160000,-0.728008,0.040836,-0.132000
2021-04-14,0.160000,-0.723510,0.052398,-0.132000
2021-04-15,0.160000,-0.723745,0.022683,-0.133000
2021-04-16,0.160000,-0.724437,0.035379,-0.133000
2021-04-19,0.160000,-0.702425,0.032888,-0.132000
2021-04-20,0.150000,-0.708952,0.032406,-0.129000
2021-04-21,0.150000,-0.718846,0.035837,-0.134000
2021-04-22,0.160000,-0.717495,0.032439,-0.135000
2021-04-23,0.160000,-0.716152,0.035477,-0.135000
2021-04-26,0.180000,-0.714476,0.045799,-0.136000
2021-04-27,0.170000,-0.714346,0.057564,-0.136000
2021-04-28,0.170000,-0.710662,0.056448,-0.130000
2021-04-29,0.160000,-0.695715,0.073225,
2021-04-30,0.160000,-0.704692,0.075907,-0.130000
2021-05-03,0.160000,-0.703689,,
2021-05-04,0.160000,-0.715731,0.042685,
2021-05-05,0.160000,-0.714831,0.048529,
2021-05-06,0.160000,-0.717497,0.025121,-0.126000
2021-05-07,0.140000,-0.712453,0.016761,-0.131000
2021-05-10,0.160000,-0.710303,0.026263,-0.132000
2021-05-11,0.160000,-0.694741,0.054167,-0.132000
2021-05-12,0.160000,-0.681134,0.093491,-0.127000
2021-05-13,0.160000,-0.678397,0.094976,-0.127000
2021-05-14,0.160000,-0.675530,0.079938,-0.128000
2021-05-17,0.160000,-0.671655,0.075151,-0.130000
2021-05-18,0.160000,-0.673862,0.076386,-0.129000
2021-05-19,0.160000,-0.677394,0.061982,-0.129000
2021-05-20,0.150000,-0.669785,0.053314,-0.129000
2021-05-21,0.170000,-0.681294,0.047264,-0.129000
2021-05-24,0.150000,-0.678837,0.037702,-0.130000
2021-05-25,0.150000,-0.691282,0.027128,-0.130000
2021-05-26,0.140000,-0.702084,0.028907,-0.130000
2021-05-27,0.140000,-0.693915,0.060681,-0.136000
2021-05-28,0.140000,-0.698541,0.058251,-0.136000
2021-05-31,,-0.693581,,-0.125000
2021-06-01,0.160000,-0.695825,0.071885,-0.125000
2021-06-02,0.130000,-0.704789,0.057083,-0.125000
2021-06-03,0.160000,-0.704665,0.074811,-0.120000
2021-06-04,0.140000,-0.712192,0.062927,-0.120000
2021-06-07,0.160000,-0.707722,0.077734,-0.120000
2021-06-08,0.140000,-0.708826,0.063594,-0.121000
2021-06-09,0.160000,-0.725915,0.054227,-0.121000
2021-06-10,0.140000,-0.721357,0.068515,-0.126000
2021-06-11,0.160000,-0.725420,0.051218,-0.126000
2021-06-14,0.160000,-0.719711,0.061400,-0.126000
2021-06-15,0.160000,-0.714478,0.079220,-0.127000
2021-06-16,0.210000,-0.716960,0.079515,-0.128000
2021-06-17,0.230000,-0.707153,0.125308,-0.123000
2021-06-18,0.260000,-0.704006,0.133959,-0.123000
2021-06-21,0.270000,-0.688265,0.133556,-0.121000
2021-06-22,0.250000,-0.691695,0.132799,-0.115000
2021-06-23,0.260000,-0.696347,0.116102,-0.116000
2021-06-24,0.260000,-0.697579,0.090837,-0.116000
2021-06-25,0.280000,-0.690354,0.103960,-0.116000
2021-06-28,0.250000,-0.692621,0.094511,-0.115000
2021-06-29,0.270000,-0.691555,0.084245,-0.114000
2021-06-30,0.250000,-0.697514,0.081577,-0.115000
2021-07-01,0.250000,-0.705167,0.080796,-0.120000
2021-07-02,0.240000,-0.711887,0.072559,-0.120000
2021-07-05,,-0.704163,0.070590,-0.116000
2021-07-06,0.220000,-0.715037,0.055050,-0.111000
2021-07-07,0.220000,-0.724617,0.058563,-0.111000
2021-07-08,0.190000,-0.731188,0.068053,-0.117000
2021-07-09,0.230000,-0.721808,0.089814,-0.117000
2021-07-12,0.230000,-0.720572,0.087075,-0.117000
2021-07-13,0.260000,-0.717838,0.083241,-0.122000
2021-07-14,0.230000,-0.721585,0.087835,-0.128000
2021-07-15,0.230000,-0.731094,0.159209,-0.128000
2021-07-16,0.250000,-0.736993,0.128908,-0.128000
2021-07-19,0.210000,-0.739063,0.080134,-0.134000
2021-07-20,0.200000,-0.766467,0.093033,-0.134000
2021-07-21,0.220000,-0.763885,0.115273,-0.134000
2021-07-22,0.200000,-0.768901,0.084350,
2021-07-23,0.220000,-0.774797,0.095835,
2021-07-26,0.220000,-0.777106,0.096851,-0.135000
2021-07-27,0.200000,-0.792341,0.095710,-0.130000
2021-07-28,0.200000,-0.800179,0.095578,-0.130000
2021-07-29,0.200000,-0.800244,0.082483,-0.125000
2021-07-30,0.190000,-0.803462,0.071098,-0.125000
2021-08-02,0.170000,-0.807362,0.059335,-0.130000
2021-08-03,0.170000,-0.817360,0.057353,-0.125000
2021-08-04,0.170000,-0.821931,0.080008,-0.130000
2021-08-05,0.210000,-0.826350,0.088019,-0.136000
2021-08-06,0.210000,-0.802592,0.149999,-0.136000
2021-08-09,0.230000,-0.799762,0.137258,
2021-08-10,0.240000,-0.798936,0.155197,-0.131000
2021-08-11,0.230000,-0.790522,0.134888,-0.131000
2021-08-12,0.230000,-0.790588,0.156435,-0.131000
2021-08-13,0.230000,-0.786294,0.148396,-0.136000
2021-08-16,0.210000,-0.790267,0.144824,-0.136000
2021-08-17,0.230000,-0.790048,0.155018,-0.142000
2021-08-18,0.230000,-0.793723,0.146240,-0.142000
2021-08-19,0.220000,-0.791836,0.123463,-0.142000
2021-08-20,0.230000,-0.796015,0.104679,-0.142000
2021-08-23,0.230000,-0.794099,0.122483,-0.139000
2021-08-24,0.240000,-0.789694,0.132027,-0.139000
2021-08-25,0.230000,-0.782466,0.153926,-0.138000
2021-08-26,0.250000,-0.775269,0.144066,-0.133000
2021-08-27,0.220000,-0.772355,0.131874,-0.133000
2021-08-30,0.200000,-0.775186,,-0.128000
2021-08-31,0.200000,-0.765299,0.158168,-0.130000
2021-09-01,0.200000,-0.764779,0.136586,-0.130000
2021-09-02,0.200000,-0.769318,0.126578,-0.130000
2021-09-03,0.210000,-0.760021,0.125860,-0.125000
2021-09-06,,-0.760253,0.112074,-0.120000
2021-09-07,0.220000,-0.745725,0.128413,-0.125000
2021-09-08,0.220000,-0.740681,0.129423,-0.125000
2021-09-09,0.230000,-0.754441,0.151937,-0.125000
2021-09-10,0.230000,-0.750466,0.149075,-0.125000
2021-09-13,0.210000,-0.752649,0.158183,-0.126000
2021-09-14,0.210000,-0.755824,0.160871,-0.126000
2021-09-15,0.210000,-0.748362,0.176423,-0.131000
2021-09-16,0.230000,-0.745180,0.199915,-0.127000
2021-09-17,0.230000,-0.738558,0.213490,-0.127000
2021-09-20,0.230000,-0.758767,0.184940,
2021-09-21,0.220000,-0.759825,0.193306,-0.133000
2021-09-22,0.250000,-0.753264,0.200191,-0.133000
2021-09-23,0.270000,-0.736429,0.298013,
2021-09-24,0.290000,-0.723510,0.301112,-0.128000
2021-09-27,0.310000,-0.723163,0.295479,-0.129000
2021-09-28,0.310000,-0.713985,0.309472,-0.129000
2021-09-29,0.300000,-0.727076,0.305319,-0.125000
2021-09-30,0.280000,-0.720559,0.331762,-0.115000
2021-10-01,0.270000,-0.740582,0.329870,-0.125000
2021-10-04,0.270000,-0.735819,0.317161,-0.120000
2021-10-05,0.280000,-0.737315,0.375816,-0.120000
2021-10-06,0.300000,-0.728883,0.393522,-0.116000
2021-10-07,0.320000,-0.736566,0.400822,-0.121000
2021-10-08,0.320000,-0.727996,0.468474,-0.116000
2021-10-11,,-0.711513,0.509030,-0.116000
2021-10-12,0.350000,-0.700251,0.490952,-0.116000
2021-10-13,0.370000,-0.699380,0.491906,-0.117000
2021-10-14,0.360000,-0.715247,0.452492,-0.117000
2021-10-15,0.410000,-0.706316,0.499586,-0.117000
2021-10-18,0.440000,-0.674741,0.659063,-0.119000
2021-10-19,0.410000,-0.648207,0.662465,-0.120000
2021-10-20,0.400000,-0.679252,0.625956,-0.114000
2021-10-21,0.450000,-0.667075,0.648029,-0.114000
2021-10-22,0.480000,-0.653953,0.627829,-0.114000
2021-10-25,0.470000,-0.673691,0.587301,-0.108000
2021-10-26,0.470000,-0.678387,0.569393,-0.110000
2021-10-27,0.500000,-0.684451,0.505266,-0.101000
2021-10-28,0.500000,-0.656713,0.565029,-0.105000
2021-10-29,0.480000,-0.620453,0.650299,-0.105000
2021-11-01,0.500000,-0.626871,0.605472,-0.105000
2021-11-02,0.460000,-0.694802,0.573430,-0.105000
2021-11-03,0.470000,-0.687502,0.610394,
2021-11-04,0.410000,-0.761071,0.400738,-0.100000
2021-11-05,0.390000,-0.767861,0.332462,-0.110000
2021-11-08,0.450000,-0.769979,0.350969,-0.117000
2021-11-09,0.410000,-0.783940,0.400032,-0.116000
2021-11-10,0.510000,-0.774150,0.519192,-0.116000
2021-11-11,,-0.758893,0.505092,-0.116000
2021-11-12,0.530000,-0.793763,0.466725,-0.116000
2021-11-15,0.530000,-0.778300,0.492630,-0.123000
2021-11-16,0.540000,-0.798981,0.525925,-0.125000
2021-11-17,0.520000,-0.795449,0.512677,-0.128000
2021-11-18,0.520000,-0.805377,0.474378,-0.125000
2021-11-19,0.520000,-0.835286,0.429897,-0.129000
2021-11-22,0.630000,-0.826648,0.467294,-0.135000
2021-11-23,0.600000,-0.806608,0.510948,
2021-11-24,0.640000,-0.813726,0.530104,-0.130000
2021-11-25,,-0.793778,0.505814,-0.125000
2021-11-26,0.500000,-0.823652,0.385350,-0.132000
2021-11-29,0.510000,-0.800780,0.425760,-0.131000
2021-11-30,0.520000,-0.815302,0.433332,-0.120000
2021-12-01,0.560000,-0.770654,0.468014,-0.120000
2021-12-02,0.630000,-0.797003,0.446668,-0.120000
2021-12-03,0.600000,-0.777711,0.417654,-0.115000
2021-12-06,0.650000,-0.780150,0.391681,-0.116000
2021-12-07,0.700000,-0.754293,0.384410,-0.116000
2021-12-08,0.680000,-0.733807,0.367461,-0.111000
2021-12-09,0.700000,-0.748853,0.342583,-0.106000
2021-12-10,0.670000,-0.738370,0.331082,-0.107000
2021-12-13,0.660000,-0.729425,0.322021,-0.107000
2021-12-14,0.670000,,0.358335,-0.112000
2021-12-15,0.690000,-0.718815,0.397950,-0.112000
2021-12-16,0.640000,-0.727337,0.427366,-0.113000
2021-12-17,0.660000,-0.748539,0.446301,-0.112000
2021-12-20,0.650000,-0.752532,0.467044,-0.113000
2021-12-21,0.700000,-0.735986,0.551847,-0.107000
2021-12-22,0.680000,-0.723128,0.584008,-0.103000
2021-12-23,0.710000,-0.705990,0.613282,-0.097000
2021-12-24,,-0.709381,0.600807,-0.099000
2021-12-27,0.760000,-0.697570,,-0.095000
2021-12-28,0.740000,-0.692416,,-0.095000
2021-12-29,0.750000,-0.690896,0.647372,-0.100000
2021-12-30,0.730000,-0.676960,0.623394,-0.095000
2021-12-31,0.730000,-0.679141,0.624624,
2022-01-03,0.780000,-0.655938,,
2022-01-04,0.770000,-0.663809,0.708739,-0.085000
2022-01-05,0.830000,-0.647509,0.706157,-0.086000
2022-01-06,0.880000,-0.631234,0.754590,-0.081000
2022-01-07,0.870000,-0.625058,0.770984,-0.076000
2022-01-10,0.920000,-0.613512,0.785490,
2022-01-11,0.900000,-0.606618,0.786183,-0.078000
2022-01-12,0.920000,-0.625319,0.771798,-0.083000
2022-01-13,0.910000,-0.624882,0.728309,-0.083000
2022-01-14,0.990000,-0.623570,0.757080,-0.073000
2022-01-17,,-0.602419,0.802776,-0.074000
2022-01-18,1.060000,-0.609120,0.829408,-0.075000
2022-01-19,1.040000,-0.604699,0.877376,-0.080000
2022-01-20,1.080000,-0.615952,0.858546,-0.075000
2022-01-21,1.010000,-0.641468,0.838443,-0.076000
2022-01-24,0.990000,-0.667948,0.831757,-0.071000
2022-01-25,1.020000,-0.675978,0.847666,-0.071000
2022-01-26,1.130000,-0.660394,0.882669,-0.071000
2022-01-27,1.180000,-0.636188,0.928044,-0.055000
2022-01-28,1.150000,-0.622672,0.929210,-0.055000
2022-01-31,1.180000,-0.572357,1.007501,-0.055000
2022-02-01,1.180000,-0.566911,1.023968,-0.050000
2022-02-02,1.160000,-0.552967,0.984830,-0.050000
2022-02-03,1.190000,-0.464522,1.112885,-0.050000
2022-02-04,1.310000,-0.362273,1.224754,-0.045000
2022-02-07,1.300000,-0.352760,1.240886,-0.045000
2022-02-08,1.350000,-0.365077,1.294098,-0.040000
2022-02-09,1.360000,-0.412390,1.239523,-0.040000
2022-02-10,1.610000,-0.396698,1.324009,-0.031000
2022-02-11,1.500000,-0.382844,1.375433,
2022-02-14,1.580000,-0.427935,1.450779,-0.029000
2022-02-15,1.580000,-0.401393,1.487734,-0.024000
2022-02-16,1.520000,-0.430890,1.358863,-0.019000
2022-02-17,1.490000,-0.460226,1.296264,-0.008000
2022-02-18,1.470000,-0.504354,1.237174,-0.008000
2022-02-21,,-0.505174,1.242766,-0.015000
2022-02-22,1.560000,-0.420451,1.301511,-0.026000
2022-02-23,1.580000,-0.405593,1.255464,
2022-02-24,1.540000,-0.469452,1.223349,-0.026000
2022-02-25,1.550000,-0.443775,1.173984,-0.025000
2022-02-28,1.440000,-0.535417,1.052908,-0.035000
2022-03-01,1.310000,-0.696544,0.822696,-0.035000
2022-03-02,1.500000,-0.639585,1.066547,-0.045000
2022-03-03,1.530000,-0.578585,1.124305,-0.035000
2022-03-04,1.500000,-0.723930,1.058345,-0.040000
2022-03-07,1.550000,-0.680093,1.167241,-0.050000
2022-03-08,1.630000,-0.611573,1.306860,-0.045000
2022-03-09,1.680000,-0.536309,1.399655,-0.040000
2022-03-10,1.720000,-0.458435,1.344886,-0.030000
2022-03-11,1.750000,-0.419282,1.341192,-0.030000
2022-03-14,1.870000,-0.390648,1.399317,-0.030000
2022-03-15,1.850000,-0.437738,1.355625,-0.025000
2022-03-16,1.950000,-0.414526,1.413242,-0.025000
2022-03-17,1.940000,-0.392046,1.304770,-0.025000
2022-03-18,1.970000,-0.407921,1.204737,-0.018000
2022-03-21,2.140000,-0.369562,1.296739,
2022-03-22,2.180000,-0.294015,1.404686,-0.018000
2022-03-23,2.130000,-0.309207,1.379387,-0.023000
2022-03-24,2.130000,-0.267630,1.344339,-0.023000
2022-03-25,2.300000,-0.210440,1.406471,-0.023000
2022-03-28,2.350000,-0.156231,1.368378,-0.018000
2022-03-29,2.350000,-0.095271,1.370878,-0.021000
2022-03-30,2.310000,0.002672,1.382508,-0.031000
2022-03-31,2.280000,-0.086021,1.374961,-0.030000
2022-04-01,2.440000,-0.073711,1.405014,-0.040000
2022-04-04,2.430000,-0.120652,1.393879,-0.040000
2022-04-05,2.510000,-0.088104,1.482425,-0.040000
2022-04-06,2.500000,-0.050401,1.491367,-0.035000
2022-04-07,2.470000,-0.024824,1.479622,-0.040000
2022-04-08,2.530000,0.000212,1.492383,-0.080000
2022-04-11,2.500000,0.092497,1.554925,-0.086000
2022-04-12,2.390000,0.042505,1.508127,-0.080000
2022-04-13,2.370000,0.033328,1.497322,-0.065000
2022-04-14,2.470000,-0.005076,1.547580,-0.061000
2022-04-15,,,,-0.061000
2022-04-18,2.460000,,,-0.056000
2022-04-19,2.610000,0.032680,1.605331,-0.046000
2022-04-20,2.600000,0.019120,1.581923,-0.046000
2022-04-21,2.680000,0.111387,1.723915,-0.049000
2022-04-22,2.720000,0.227154,1.710666,-0.057000
2022-04-25,2.630000,0.129554,1.562866,-0.052000
2022-04-26,2.540000,0.113322,1.502772,-0.057000
2022-04-27,2.580000,0.059569,1.504739,-0.056000
2022-04-28,2.630000,0.143344,1.549859,-0.060000
2022-04-29,2.700000,0.213532,1.611122,
2022-05-02,2.730000,0.183779,,-0.050000
2022-05-03,2.780000,0.183262,1.648293,
2022-05-04,2.660000,0.252290,1.661112,
2022-05-05,2.710000,0.225615,1.543880,
2022-05-06,2.720000,0.303431,1.518557,-0.045000
2022-05-09,2.610000,0.222445,1.401987,-0.046000
2022-05-10,2.620000,0.145936,1.334636,-0.046000
2022-05-11,2.660000,0.128540,1.335155,-0.046000
2022-05-12,2.560000,0.019971,1.223257,-0.051000
2022-05-13,2.610000,0.098476,1.260303,-0.057000
2022-05-16,2.580000,0.095723,1.260861,-0.056000
2022-05-17,2.710000,0.233209,1.455609,-0.056000
2022-05-18,2.680000,0.300966,1.468489,-0.056000
2022-05-19,2.630000,0.231055,1.502159,-0.056000
2022-05-20,2.600000,0.204353,1.515694,-0.056000
2022-05-23,2.650000,0.222211,1.587953,-0.062000
2022-05-24,2.500000,0.248167,1.443381,-0.067000
2022-05-25,2.480000,0.182894,1.445729,-0.075000
2022-05-26,2.460000,0.138385,1.475478,-0.062000
2022-05-27,2.470000,0.169853,1.464552,-0.067000
2022-05-30,,0.280090,1.501629,-0.068000
2022-05-31,2.530000,0.357796,1.620659,-0.070000
2022-06-01,2.660000,0.325537,1.683119,-0.075000
2022-06-02,2.650000,0.465889,,-0.070000
2022-06-03,2.660000,0.496791,,-0.070000
2022-06-06,2.730000,0.531771,1.812619,-0.065000
2022-06-07,2.750000,0.521798,1.768334,-0.070000
2022-06-08,2.780000,0.607926,1.802784,-0.070000
2022-06-09,2.830000,0.752919,1.887331,-0.075000
2022-06-10,3.060000,0.873680,2.067578,-0.081000
2022-06-13,3.400000,1.051798,2.140162,-0.051000
2022-06-14,3.450000,1.107926,2.138044,-0.050000
2022-06-15,3.200000,1.067365,1.985362,-0.060000
2022-06-16,3.140000,1.147428,2.145392,-0.084000
2022-06-17,3.170000,1.075472,2.234353,-0.071000
2022-06-20,,1.103449,2.323768,-0.059000
2022-06-21,3.210000,1.081242,2.331721,-0.066000
2022-06-22,3.060000,0.980282,2.153266,-0.079000
2022-06-23,3.010000,0.782891,1.948131,-0.085000
2022-06-24,3.040000,0.839450,1.965564,-0.079000
2022-06-27,3.080000,0.849672,2.035413,-0.066000
2022-06-28,3.100000,0.922468,2.149401,-0.045000
2022-06-29,3.060000,0.899532,2.069041,-0.050000
2022-06-30,2.920000,0.642969,1.911591,-0.065000
2022-07-01,2.840000,0.503871,1.686366,-0.070000
2022-07-04,,0.609804,1.846749,-0.065000
2022-07-05,2.820000,0.437467,1.737452,-0.060000
2022-07-06,2.970000,0.356988,1.768194,-0.065000
2022-07-07,3.030000,0.492792,1.843347,-0.071000
2022-07-08,3.120000,0.471870,1.947296,-0.070000
2022-07-11,3.070000,0.403858,1.904787,-0.070000
2022-07-12,3.030000,0.293819,1.818839,-0.070000
2022-07-13,3.130000,0.385750,1.836606,-0.076000
2022-07-14,3.150000,0.502336,1.964581,-0.060000
2022-07-15,3.130000,0.445795,1.944743,-0.061000
2022-07-18,3.150000,0.488783,2.007387,
2022-07-19,3.230000,0.571630,2.076786,-0.077000
2022-07-20,3.250000,0.540976,2.092955,-0.077000
2022-07-21,3.100000,0.582922,2.002881,-0.075000
2022-07-22,2.980000,0.387763,1.865638,-0.077000
2022-07-25,3.000000,0.424185,1.855148,-0.075000
2022-07-26,3.020000,0.309270,1.831449,-0.077000
2022-07-27,2.960000,0.351423,1.861042,-0.078000
2022-07-28,2.850000,0.227990,1.701378,-0.076000
2022-07-29,2.890000,0.254391,1.725975,-0.090000
2022-08-01,2.900000,0.206210,1.672222,-0.090000
2022-08-02,3.060000,0.234675,1.738847,-0.090000
2022-08-03,3.100000,0.345738,1.884781,-0.085000
2022-08-04,3.030000,0.315963,1.859016,-0.095000
2022-08-05,3.240000,0.430585,1.975795,-0.100000
2022-08-08,3.210000,0.392520,1.882728,-0.101000
2022-08-09,3.280000,0.459352,1.939456,-0.101000
2022-08-10,3.230000,0.400929,1.923129,-0.090000
2022-08-11,3.230000,0.429778,1.999867,
2022-08-12,3.250000,0.447236,2.036907,-0.086000
2022-08-15,3.200000,0.436899,1.985587,-0.085000
2022-08-16,3.250000,0.474172,2.117831,-0.090000
2022-08-17,3.280000,0.636413,2.340769,-0.090000
2022-08-18,3.220000,0.667686,2.363502,-0.086000
2022-08-19,3.250000,0.732291,2.452730,-0.086000
2022-08-22,3.320000,0.797777,2.539532,-0.081000
2022-08-23,3.290000,0.824596,2.623532,-0.086000
2022-08-24,3.360000,0.844269,2.855443,-0.086000
2022-08-25,3.350000,0.773133,2.739756,-0.087000
2022-08-26,3.370000,0.882284,2.758863,-0.087000
2022-08-29,3.420000,0.968738,,-0.079000
2022-08-30,3.460000,0.991093,2.880984,-0.090000
2022-08-31,3.450000,1.075590,2.971601,-0.085000
2022-09-01,3.510000,1.071420,3.043162,-0.080000
2022-09-02,3.400000,0.978366,3.025671,-0.085000
2022-09-05,,1.006274,3.117058,-0.085000
2022-09-06,3.500000,1.001828,3.087182,-0.081000
2022-09-07,3.450000,0.882753,2.958176,-0.081000
2022-09-08,3.480000,1.008590,3.035690,-0.081000
2022-09-09,3.560000,1.194474,3.040192,-0.081000
2022-09-12,3.580000,1.202941,2.982639,-0.076000
2022-09-13,3.750000,1.288552,3.080706,-0.076000
2022-09-14,3.780000,1.303015,3.055009,-0.076000
2022-09-15,3.870000,1.375471,3.080238,-0.076000
2022-09-16,3.850000,1.452025,3.133707,-0.071000
2022-09-19,3.950000,1.460912,,
2022-09-20,3.960000,1.613809,3.296224,-0.070000
2022-09-21,4.020000,1.621038,3.377303,-0.055000
2022-09-22,4.110000,1.747942,3.517354,-0.066000
2022-09-23,4.200000,1.814677,3.970084,
2022-09-26,4.270000,1.868978,4.411440,-0.056000
2022-09-27,4.300000,1.886719,4.532579,-0.045000
2022-09-28,4.070000,1.778489,4.281450,-0.040000
2022-09-29,4.160000,1.796784,4.362985,-0.050000
2022-09-30,4.220000,1.666219,4.323498,-0.050000
2022-10-03,4.120000,1.602176,4.107243,-0.055000
2022-10-04,4.100000,1.488598,3.996356,-0.060000
2022-10-05,4.150000,1.559545,4.087090,-0.065000
2022-10-06,4.230000,1.704434,4.211603,-0.070000
2022-10-07,4.300000,1.795358,4.235441,-0.065000
2022-10-10,,1.764936,4.450280,
2022-10-11,4.300000,1.841846,4.311401,-0.054000
2022-10-12,4.280000,1.808553,4.146734,-0.054000
2022-10-13,4.470000,1.866495,3.931465,-0.050000
2022-10-14,4.480000,1.832240,3.953250,-0.050000
2022-10-17,4.450000,1.850672,3.622647,-0.050000
2022-10-18,4.430000,1.903707,3.549808,-0.050000
2022-10-19,4.550000,2.038662,3.522446,-0.034000
2022-10-20,4.620000,2.095670,3.548957,-0.021000
2022-10-21,4.490000,2.058615,3.762702,-0.003000
2022-10-24,4.500000,1.992368,3.458453,0.001000
2022-10-25,4.420000,1.941045,3.393269,-0.008000
2022-10-26,4.390000,1.940309,3.334079,-0.019000
2022-10-27,4.300000,1.864454,3.208451,-0.044000
2022-10-28,4.410000,1.869808,3.237895,-0.049000
2022-10-31,4.510000,1.920292,3.336044,-0.045000
2022-11-01,4.540000,1.886958,3.195352,-0.045000
2022-11-02,4.610000,1.897264,3.082177,-0.040000
2022-11-03,4.710000,1.966153,3.090381,
2022-11-04,4.660000,2.032513,3.096973,-0.040000
2022-11-07,4.720000,2.103372,3.240016,-0.040000
2022-11-08,4.670000,2.130113,3.267531,-0.040000
2022-11-09,4.610000,2.130113,3.240917,-0.050000
2022-11-10,4.340000,1.972353,3.099456,-0.050000
2022-11-11,,2.110143,3.171389,-0.056000
2022-11-14,4.400000,2.087091,3.163949,-0.050000
2022-11-15,4.370000,2.101415,3.136192,-0.047000
2022-11-16,4.350000,2.084009,3.028567,-0.042000
2022-11-17,4.430000,2.061299,3.115555,-0.041000
2022-11-18,4.510000,2.018950,3.185330,-0.019000
2022-11-21,4.480000,2.004778,3.188411,-0.014000
2022-11-22,4.470000,2.045705,3.148861,-0.019000
2022-11-23,4.460000,2.058449,3.123565,
2022-11-24,,2.004723,3.164424,-0.024000
2022-11-25,4.420000,2.095492,3.264851,-0.018000
2022-11-28,4.460000,2.078471,3.244969,-0.019000
2022-11-29,4.480000,2.000685,3.212306,-0.030000
2022-11-30,4.380000,2.037823,3.280354,-0.030000
2022-12-01,4.250000,1.922140,3.255508,-0.030000
2022-12-02,4.280000,1.957771,3.328231,-0.025000
2022-12-05,4.410000,1.990850,3.291886,-0.020000
2022-12-06,4.340000,1.940694,3.258969,-0.010000
2022-12-07,4.260000,1.906255,3.241136,-0.009000
2022-12-08,4.310000,1.929789,3.274139,-0.009000
2022-12-09,4.330000,2.031453,3.350847,-0.015000
2022-12-12,4.390000,2.035025,3.422490,-0.014000
2022-12-13,4.220000,1.976729,3.438496,-0.015000
2022-12-14,4.230000,1.987991,3.401344,-0.015000
2022-12-15,4.230000,2.153064,3.318089,-0.015000
2022-12-16,4.170000,2.353046,3.442748,-0.019000
2022-12-19,4.250000,2.317665,3.555763,-0.009000
2022-12-20,4.250000,2.384269,3.639167,0.011000
2022-12-21,4.210000,2.382011,3.603858,-0.009000
2022-12-22,4.240000,2.449678,3.599101,0.002000
2022-12-23,4.310000,2.487940,3.624133,0.014000
2022-12-26,,,,0.033000
2022-12-27,4.320000,2.492056,,0.038000
2022-12-28,4.310000,2.496117,3.623708,0.039000
2022-12-29,4.340000,2.511002,3.616385,0.039000
2022-12-30,4.410000,2.565336,3.578744,0.030000
2023-01-02,,2.582954,,
2023-01-03,4.400000,2.546284,3.578882,
2023-01-04,4.360000,2.483009,3.455952,0.025000
2023-01-05,4.450000,2.538348,3.511118,0.015000
2023-01-06,4.240000,2.519564,3.409642,0.011000
2023-01-09,4.190000,2.468314,3.428860,
2023-01-10,4.240000,2.516521,3.433523,0.026000
2023-01-11,4.200000,2.490685,3.398542,0.026000
2023-01-12,4.120000,2.435347,3.327001,0.041000
2023-01-13,4.220000,2.417844,3.358178,0.032000
2023-01-16,,2.433451,3.392697,0.032000
2023-01-17,4.180000,2.418051,3.364631,0.041000
2023-01-18,4.060000,2.284163,3.355714,0.006000
2023-01-19,4.090000,2.373292,3.370576,-0.001000
2023-01-20,4.140000,2.441834,3.347530,-0.004000
2023-01-23,4.210000,2.450949,3.340922,-0.015000
2023-01-24,4.120000,2.468911,3.260324,-0.005000
2023-01-25,4.110000,2.383698,3.255177,-0.010000
2023-01-26,4.170000,2.430065,3.283036,-0.009000
2023-01-27,4.190000,2.471056,3.305171,0.001000
2023-01-30,4.250000,2.543510,3.289948,-0.004000
2023-01-31,4.210000,2.507177,3.292211,-0.010000
2023-02-01,4.090000,2.523092,3.285136,-0.020000
2023-02-02,4.090000,2.411556,2.991254,-0.020000
2023-02-03,4.300000,2.414828,3.043977,-0.030000
2023-02-06,4.440000,2.468354,3.231975,-0.025000
2023-02-07,4.470000,2.497241,3.279616,-0.029000
2023-02-08,4.450000,2.589359,3.258815,-0.029000
2023-02-09,4.480000,2.550837,3.306803,-0.035000
2023-02-10,4.500000,2.624498,3.417723,-0.045000
2023-02-13,4.520000,2.675667,3.448106,-0.055000
2023-02-14,4.600000,2.750589,3.595475,-0.056000
2023-02-15,4.620000,2.746707,3.516622,-0.051000
2023-02-16,4.620000,2.781996,3.534729,-0.047000
2023-02-17,4.600000,2.753166,3.556305,-0.047000
2023-02-20,,2.756360,3.501749,-0.043000
2023-02-21,4.670000,2.850222,3.670522,-0.029000
2023-02-22,4.660000,2.820119,3.661463,-0.029000
2023-02-23,4.660000,2.812225,3.680542,
2023-02-24,4.780000,2.939226,3.768189,-0.029000
2023-02-27,4.780000,2.955940,3.823507,-0.028000
2023-02-28,4.810000,3.081903,3.858901,-0.026000
2023-03-01,4.890000,3.107497,3.859020,-0.035000
2023-03-02,4.890000,3.092462,3.868637,-0.035000
2023-03-03,4.860000,3.123591,3.894579,-0.040000
2023-03-06,4.890000,3.212557,3.925477,-0.039000
2023-03-07,5.000000,3.165240,3.965000,-0.039000
2023-03-08,5.050000,3.193923,3.942003,-0.040000
2023-03-09,4.900000,3.166974,3.977303,-0.019000
2023-03-10,4.600000,2.939197,3.777544,-0.030000
2023-03-13,4.030000,2.582925,3.555148,-0.025000
2023-03-14,4.200000,2.850468,3.678847,-0.040000
2023-03-15,3.930000,2.415795,3.490070,-0.051000
2023-03-16,4.140000,2.472917,3.521676,-0.070000
2023-03-17,3.810000,2.369973,3.398262,-0.075000
2023-03-20,3.920000,2.272303,3.401217,-0.077000
2023-03-21,4.170000,2.455112,3.469093,
2023-03-22,3.960000,2.637998,3.715488,-0.056000
2023-03-23,3.760000,2.484183,3.506811,-0.063000
2023-03-24,3.760000,2.304047,3.437701,-0.067000
2023-03-27,3.940000,2.477919,3.549096,-0.067000
2023-03-28,4.020000,2.485753,3.592628,-0.059000
2023-03-29,4.080000,2.541431,3.625412,-0.070000
2023-03-30,4.100000,2.665786,3.688926,-0.061000
2023-03-31,4.060000,2.617870,3.710690,-0.061000
2023-04-03,3.970000,2.627347,3.598866,-0.040000
2023-04-04,3.840000,2.635612,3.584899,-0.025000
2023-04-05,3.790000,2.501502,3.580368,-0.030000
2023-04-06,3.820000,2.469386,3.602718,-0.045000
2023-04-07,3.970000,,,-0.060000
2023-04-10,4.000000,,,-0.045000
2023-04-11,4.030000,2.621939,3.716822,-0.046000
2023-04-12,3.950000,2.689852,3.745725,-0.045000
2023-04-13,3.960000,2.675873,3.739636,-0.050000
2023-04-14,4.080000,2.772100,3.840949,-0.040000
2023-04-17,4.180000,2.794299,3.862807,-0.035000
2023-04-18,4.190000,2.802719,3.926078,-0.040000
2023-04-19,4.240000,2.876840,4.060058,-0.040000
2023-04-20,4.140000,2.836982,3.982332,-0.040000
2023-04-21,4.170000,2.844874,3.989406,-0.035000
2023-04-24,4.120000,2.873231,3.996216,-0.038000
2023-04-25,3.860000,2.765111,3.920368,-0.035000
2023-04-26,3.900000,2.695007,3.908042,-0.040000
2023-04-27,4.070000,2.751245,3.971846,-0.040000
2023-04-28,4.040000,2.684804,3.954339,-0.045000
2023-05-01,4.140000,,,-0.045000
2023-05-02,3.970000,2.692742,3.909422,-0.035000
2023-05-03,3.890000,2.563152,3.943502,
2023-05-04,3.750000,2.555334,3.878051,
2023-05-05,3.920000,2.503141,3.941495,
2023-05-08,4.000000,2.567856,,-0.035000
2023-05-09,4.010000,2.572856,4.010246,-0.030000
2023-05-10,3.900000,2.512955,3.985498,-0.040000
2023-05-11,3.890000,2.462531,3.905461,-0.045000
2023-05-12,3.980000,2.515573,3.956284,-0.055000
2023-05-15,3.990000,2.544603,3.988808,-0.049000
2023-05-16,4.060000,2.561433,3.973401,-0.054000
2023-05-17,4.120000,2.600071,4.011213,-0.066000
2023-05-18,4.240000,2.679287,4.113919,-0.061000
2023-05-19,4.280000,2.747174,4.125978,-0.061000
2023-05-22,4.290000,2.727929,4.192449,-0.066000
2023-05-23,4.260000,2.787274,4.292463,-0.061000
2023-05-24,4.310000,2.746752,4.488243,-0.066000
2023-05-25,4.500000,2.809349,4.668692,-0.066000
2023-05-26,4.540000,2.849421,4.646479,-0.066000
2023-05-29,,2.835677,,-0.061000
2023-05-30,4.460000,2.777519,4.575932,-0.055000
2023-05-31,4.400000,2.644103,4.468055,-0.060000
2023-06-01,4.330000,2.621862,4.437334,-0.065000
2023-06-02,4.500000,2.710176,4.493239,-0.075000
2023-06-05,4.460000,2.810315,4.583933,-0.065000
2023-06-06,4.510000,2.777251,4.610964,-0.065000
2023-06-07,4.560000,2.814904,4.673195,-0.060000
2023-06-08,4.520000,2.815674,4.641349,-0.060000
2023-06-09,4.590000,2.851707,4.650004,-0.065000
2023-06-12,4.550000,2.828248,4.740670,-0.070000
2023-06-13,4.670000,2.879761,4.971437,-0.075000
2023-06-14,4.740000,2.927479,4.916546,-0.071000
2023-06-15,4.620000,2.981034,4.961668,-0.064000
2023-06-16,4.700000,3.046181,4.980777,-0.065000
2023-06-19,,3.049172,5.111089,-0.066000
2023-06-20,4.680000,3.058639,4.972557,-0.066000
2023-06-21,4.680000,3.087479,5.073836,-0.069000
2023-06-22,4.770000,3.133152,5.099980,-0.071000
2023-06-23,4.710000,3.026201,5.176109,-0.074000
2023-06-26,4.650000,3.024095,5.160657,-0.077000
2023-06-27,4.740000,3.018187,5.283130,-0.074000
2023-06-28,4.710000,3.043875,5.167493,-0.064000
2023-06-29,4.870000,3.094141,5.209338,-0.070000
2023-06-30,4.870000,3.119408,5.262086,-0.075000
2023-07-03,4.940000,3.127815,5.313513,-0.065000
2023-07-04,,3.137940,5.282398,-0.070000
2023-07-05,4.940000,3.102295,5.337831,-0.070000
2023-07-06,4.990000,3.228156,5.454429,-0.060000
2023-07-07,4.940000,3.179119,5.353968,-0.039000
2023-07-10,4.850000,3.179689,5.330654,-0.029000
2023-07-11,4.880000,3.206139,5.357673,-0.039000
2023-07-12,4.720000,3.193993,5.197800,-0.034000
2023-07-13,4.590000,3.097075,5.119208,-0.034000
2023-07-14,4.740000,3.084450,5.136057,-0.038000
2023-07-17,4.740000,3.114488,5.119655,
2023-07-18,4.740000,2.999443,5.027791,-0.033000
2023-07-19,4.740000,3.013587,4.816861,-0.037000
2023-07-20,4.800000,3.109614,4.914247,-0.037000
2023-07-21,4.820000,3.069294,4.874426,-0.026000
2023-07-24,4.810000,3.013473,4.859432,-0.036000
2023-07-25,4.850000,3.026130,4.903338,-0.038000
2023-07-26,4.820000,3.103205,4.974749,-0.038000
2023-07-27,4.910000,3.013200,4.957557,-0.040000
2023-07-28,4.870000,3.031964,4.914911,-0.015000
2023-07-31,4.880000,3.015548,4.905371,0.000000
2023-08-01,4.920000,3.037374,4.971442,0.000000
2023-08-02,4.880000,2.959756,4.922372,0.010000
2023-08-03,4.900000,2.936492,4.887648,0.020000
2023-08-04,4.780000,2.999827,4.824051,0.021000
2023-08-07,4.760000,2.950098,4.868256,0.017000
2023-08-08,4.740000,2.876924,4.867089,0.012000
2023-08-09,4.790000,2.926364,4.868401,0.006000
2023-08-10,4.820000,2.938106,4.836721,0.012000
2023-08-11,4.890000,2.968814,4.960703,
2023-08-14,4.960000,3.000279,5.000715,0.017000
2023-08-15,4.920000,3.059336,5.057207,0.016000
2023-08-16,4.970000,3.030581,5.085511,0.017000
2023-08-17,4.940000,3.049701,5.173226,0.028000
2023-08-18,4.920000,2.963526,5.127420,0.022000
2023-08-21,4.970000,3.039488,5.162950,0.029000
2023-08-22,5.020000,3.044617,5.099766,0.025000
2023-08-23,4.950000,2.934804,4.909423,0.024000
2023-08-24,4.980000,2.951305,4.903182,0.010000
2023-08-25,5.030000,2.991822,4.961289,0.010000
2023-08-28,4.980000,3.009579,,0.011000
2023-08-29,4.870000,3.046142,4.918525,0.019000
2023-08-30,4.900000,3.007896,4.885470,0.029000
2023-08-31,4.850000,2.954877,4.803941,0.025000
2023-09-01,4.870000,2.915888,4.813280,0.020000
2023-09-04,,2.962166,4.863396,0.016000
2023-09-05,4.940000,2.975621,4.913411,0.016000
2023-09-06,5.010000,3.017267,4.908374,0.017000
2023-09-07,4.940000,3.053913,4.824757,0.012000
2023-09-08,4.980000,3.029805,4.741112,0.007000
2023-09-11,4.970000,3.024708,4.790028,0.043000
2023-09-12,4.980000,3.045692,4.734823,0.033000
2023-09-13,4.960000,3.085773,4.679573,0.028000
2023-09-14,5.000000,3.085839,4.626450,0.029000
2023-09-15,5.020000,3.140899,4.684064,0.030000
2023-09-18,5.050000,3.193330,4.724497,
2023-09-19,5.080000,3.215768,4.688701,0.035000
2023-09-20,5.120000,3.197493,4.542034,0.026000
2023-09-21,5.120000,3.209608,4.531880,0.035000
2023-09-22,5.100000,3.185752,4.496131,0.035000
2023-09-25,5.090000,3.199913,4.503608,0.033000
2023-09-26,5.040000,3.188378,4.495993,0.034000
2023-09-27,5.100000,3.173573,4.561314,0.034000
2023-09-28,5.040000,3.256552,4.692333,0.044000
2023-09-29,5.030000,3.157222,4.587340,0.044000
2023-10-02,5.120000,3.171130,4.665291,0.055000
2023-10-03,5.150000,3.164962,4.683296,0.051000
2023-10-04,5.050000,3.195584,4.670321,0.061000
2023-10-05,5.030000,3.118778,4.592018,0.061000
2023-10-06,5.080000,3.102885,4.612611,0.061000
2023-10-09,,3.052153,4.552446,
2023-10-10,4.960000,3.051411,4.514298,0.058000
2023-10-11,4.990000,3.061407,4.499468,0.058000
2023-10-12,5.060000,3.093507,4.569205,0.047000
2023-10-13,5.040000,3.052742,4.572488,0.044000
2023-10-16,5.090000,3.088959,4.627266,0.043000
2023-10-17,5.190000,3.162162,4.617010,0.059000
2023-10-18,5.190000,3.170372,4.740269,0.070000
2023-10-19,5.140000,3.200918,4.732324,0.081000
2023-10-20,5.070000,3.116534,4.639519,0.075000
2023-10-23,5.050000,3.148463,4.607272,0.087000
2023-10-24,5.020000,3.095032,4.566218,0.082000
2023-10-25,5.080000,3.101669,4.606654,0.077000
2023-10-26,5.020000,3.057284,4.576607,0.093000
2023-10-27,4.990000,3.039252,4.509490,0.094000
2023-10-30,5.030000,3.029035,4.540810,0.119000
2023-10-31,5.070000,2.987927,4.532510,0.149000
2023-11-01,4.950000,2.976418,4.533733,0.155000
2023-11-02,4.980000,2.953230,4.486335,0.135000
2023-11-03,4.830000,2.953343,4.433120,
2023-11-06,4.930000,3.004927,4.465345,0.127000
2023-11-07,4.910000,3.013478,4.401807,0.127000
2023-11-08,4.930000,2.985549,4.392525,0.117000
2023-11-09,5.030000,3.000037,4.396953,0.107000
2023-11-10,5.040000,3.047227,4.438209,0.108000
2023-11-13,5.020000,3.071335,4.455160,0.103000
2023-11-14,4.800000,3.016240,4.339739,0.093000
2023-11-15,4.900000,2.976736,4.362250,0.069000
2023-11-16,4.830000,2.938067,4.282632,0.057000
2023-11-17,4.880000,2.925327,4.320507,0.046000
2023-11-20,4.890000,2.971682,4.306264,0.046000
2023-11-21,4.860000,2.962313,4.326650,0.036000
2023-11-22,4.890000,2.947773,4.396273,0.052000
2023-11-23,,2.994134,4.488941,
2023-11-24,4.920000,3.020717,4.505723,0.068000
2023-11-27,4.840000,2.974888,4.428882,0.068000
2023-11-28,4.730000,2.911321,4.395175,0.065000
2023-11-29,4.640000,2.792300,4.319555,0.048000
2023-11-30,4.730000,2.806124,4.374739,0.049000
2023-12-01,4.560000,2.701837,4.320983,0.040000
2023-12-04,4.640000,2.638227,4.368415,0.031000
2023-12-05,4.570000,2.630427,4.265150,0.036000
2023-12-06,4.600000,2.640028,4.262259,0.036000
2023-12-07,4.580000,2.610962,4.282113,0.087000
2023-12-08,4.710000,2.687017,4.326342,0.092000
2023-12-11,4.710000,2.680802,4.385178,0.088000
2023-12-12,4.730000,2.684653,4.298474,0.067000
2023-12-13,4.460000,2.667652,4.158436,0.048000
2023-12-14,4.370000,2.579390,4.094647,0.057000
2023-12-15,4.440000,2.566724,4.054313,0.087000
2023-12-18,4.430000,2.572223,4.069302,0.079000
2023-12-19,4.410000,2.535022,4.015123,0.068000
2023-12-20,4.340000,2.514462,3.859962,0.033000
2023-12-21,4.330000,2.479051,3.813345,0.037000
2023-12-22,4.310000,2.424385,3.774342,0.046000
2023-12-25,,,,0.038000
2023-12-26,4.260000,,,0.065000
2023-12-27,4.200000,2.424210,3.728678,0.050000
2023-12-28,4.260000,2.414324,3.732091,0.037000
2023-12-29,4.230000,2.436346,3.725380,0.048000
2024-01-02,4.330000,2.438198,3.798754,
2024-01-03,4.330000,2.446464,3.871365,
2024-01-04,4.380000,2.495168,3.920594,0.050000
2024-01-05,4.400000,2.577542,3.957330,0.035000
2024-01-08,4.360000,2.562461,3.971633,
2024-01-09,4.360000,2.559966,3.977151,0.025000
2024-01-10,4.370000,2.578049,3.967057,0.025000
2024-01-11,4.260000,2.564744,3.992103,0.015000
2024-01-12,4.140000,2.525191,3.910436,0.005000
2024-01-15,,2.554456,3.915016,-0.001000
2024-01-16,4.220000,2.557911,3.922681,0.020000
2024-01-17,4.340000,2.666145,4.120490,0.025000
2024-01-18,4.340000,2.676813,4.067846,0.036000
2024-01-19,4.390000,2.660146,4.062188,0.031000
2024-01-22,4.370000,2.644499,4.063493,0.025000
2024-01-23,4.310000,2.672123,4.151364,0.025000
2024-01-24,4.340000,2.663037,4.184302,0.070000
2024-01-25,4.280000,2.595002,4.145841,0.067000
2024-01-26,4.340000,2.587388,4.124117,0.052000
2024-01-29,4.290000,2.530534,4.073313,0.063000
2024-01-30,4.360000,2.522962,4.122974,0.074000
2024-01-31,4.270000,2.473733,3.992645,0.094000
2024-02-01,4.200000,2.471858,3.962849,0.085000
2024-02-02,4.360000,2.566561,4.165950,0.100000
2024-02-05,4.460000,2.622532,4.278419,0.111000
2024-02-06,4.390000,2.630444,4.199529,0.106000
2024-02-07,4.410000,2.614264,4.194724,0.101000
2024-02-08,4.460000,2.670366,4.278775,0.101000
2024-02-09,4.480000,2.720092,4.338985,0.116000
2024-02-12,4.460000,2.715045,4.303454,
2024-02-13,4.640000,2.757076,4.414478,0.128000
2024-02-14,4.560000,2.782230,4.315221,0.143000
2024-02-15,4.560000,2.761069,4.302245,0.137000
2024-02-16,4.640000,2.833961,4.362561,0.143000
2024-02-19,,2.836764,4.361359,0.150000
2024-02-20,4.590000,2.795510,4.292624,0.151000
2024-02-21,4.640000,2.824517,4.339278,0.155000
2024-02-22,4.690000,2.870421,4.325822,0.158000
2024-02-23,4.670000,2.850907,4.280387,
2024-02-26,4.690000,2.902963,4.316835,0.159000
2024-02-27,4.700000,2.906372,4.361178,0.173000
2024-02-28,4.640000,2.911383,4.378106,0.166000
2024-02-29,4.640000,2.901244,4.324702,0.190000
2024-03-01,4.540000,2.899745,4.303676,0.180000
2024-03-04,4.610000,2.880491,4.360423,0.176000
2024-03-05,4.540000,2.852363,4.311956,0.175000
2024-03-06,4.550000,2.847330,4.297217,0.186000
2024-03-07,4.500000,2.852953,4.328681,0.191000
2024-03-08,4.480000,2.774542,4.285108,0.202000
2024-03-11,4.510000,2.803950,4.254452,0.202000
2024-03-12,4.580000,2.842024,4.226689,0.197000
2024-03-13,4.610000,2.838959,4.271176,0.197000
2024-03-14,4.680000,2.871925,4.312234,0.198000
2024-03-15,4.720000,2.904404,4.330450,0.193000
2024-03-18,4.730000,2.901567,4.304334,0.188000
2024-03-19,4.680000,2.879970,4.262607,0.178000
2024-03-20,4.590000,2.888837,4.239111,
2024-03-21,4.620000,2.861990,4.180695,0.205000
2024-03-22,4.590000,2.814208,4.140088,0.206000
2024-03-25,4.540000,2.843614,4.192227,0.206000
2024-03-26,4.560000,2.844652,4.192803,0.207000
2024-03-27,4.540000,2.794001,4.167156,0.204000
2024-03-28,4.590000,2.798196,4.169571,0.196000
2024-03-29,,,,0.189000
2024-04-01,4.720000,,,0.195000
2024-04-02,4.700000,2.816994,4.245285,0.200000
2024-04-03,4.680000,2.834004,4.236726,0.191000
2024-04-04,4.650000,2.802137,4.196221,0.196000
2024-04-05,4.730000,2.830430,4.246639,0.211000
2024-04-08,4.780000,2.845338,4.260847,0.228000
2024-04-09,4.740000,2.844529,4.222608,0.223000
2024-04-10,4.970000,2.890368,4.347335,0.233000
2024-04-11,4.930000,2.900118,4.428541,0.270000
2024-04-12,4.880000,2.809203,4.359670,0.281000
2024-04-15,4.930000,2.831574,4.427517,0.275000
2024-04-16,4.970000,2.857913,4.491144,0.281000
2024-04-17,4.930000,2.868911,4.499670,0.288000
2024-04-18,4.980000,2.882399,4.477682,0.278000
2024-04-19,4.970000,2.920972,4.423572,0.263000
2024-04-22,4.970000,2.885943,4.343895,0.290000
2024-04-23,4.860000,2.879838,4.394206,0.297000
2024-04-24,4.890000,2.934341,4.470739,0.298000
2024-04-25,4.960000,2.987305,4.506219,0.298000
2024-04-26,4.960000,2.951698,4.500426,0.298000
2024-04-29,4.970000,2.922853,4.465413,
2024-04-30,5.040000,2.996757,4.533170,0.275000
2024-05-01,4.960000,,4.542362,0.290000
2024-05-02,4.870000,2.969110,4.465468,0.290000
2024-05-03,4.810000,2.905301,4.400496,
2024-05-06,4.820000,2.909518,,
2024-05-07,4.820000,2.898879,4.342804,0.282000
2024-05-08,4.840000,2.915183,4.333470,0.288000
2024-05-09,4.800000,2.925758,4.297340,0.313000
2024-05-10,4.870000,2.944245,4.334039,0.319000
2024-05-13,4.850000,2.930515,4.339006,0.335000
2024-05-14,4.810000,2.939532,4.338067,0.346000
2024-05-15,4.730000,2.894367,4.261219,0.341000
2024-05-16,4.780000,2.895902,4.267622,0.326000
2024-05-17,4.830000,2.938715,4.324134,0.337000
2024-05-20,4.820000,2.932904,4.354005,0.349000
2024-05-21,4.820000,2.919310,4.332091,0.349000
2024-05-22,4.860000,2.953523,4.455421,0.356000
2024-05-23,4.910000,3.002833,4.522475,0.345000
2024-05-24,4.930000,3.033099,4.510306,0.345000
2024-05-27,,2.973739,,0.357000
2024-05-28,4.940000,2.972503,4.509136,0.357000
2024-05-29,4.960000,3.027238,4.578423,0.387000
2024-05-30,4.920000,3.016971,4.524510,0.399000
2024-05-31,4.890000,3.019348,4.472636,0.399000
2024-06-03,4.820000,2.977986,4.429544,0.401000
2024-06-04,4.770000,2.927764,4.422139,0.386000
2024-06-05,4.720000,2.935561,4.431156,0.356000
2024-06-06,4.720000,2.966437,4.386370,0.336000
2024-06-07,4.870000,3.023119,4.449007,0.351000
2024-06-10,4.870000,3.019167,4.484884,0.383000
2024-06-11,4.810000,2.963455,4.432431,0.372000
2024-06-12,4.750000,2.928154,4.330332,0.343000
2024-06-13,4.680000,2.898701,4.350439,0.332000
2024-06-14,4.670000,2.762746,4.279424,0.302000
2024-06-17,4.750000,2.791454,4.315449,0.291000
2024-06-18,4.690000,2.793862,4.266049,0.288000
2024-06-19,,2.810839,4.285698,0.286000
2024-06-20,4.700000,2.816123,4.238465,0.292000
2024-06-21,4.700000,2.767501,4.252971,0.313000
2024-06-24,4.710000,2.807333,4.271592,0.309000
2024-06-25,4.650000,2.799232,4.270041,0.306000
2024-06-26,4.710000,2.807654,4.327835,0.312000
2024-06-27,4.700000,2.809586,4.324076,0.372000
2024-06-28,4.710000,2.799371,4.329072,0.353000
2024-07-01,4.770000,2.873845,4.362692,0.360000
2024-07-02,4.740000,2.884953,4.359908,0.365000
2024-07-03,4.710000,2.901708,4.308779,0.350000
2024-07-04,,2.894133,4.336982,0.340000
2024-07-05,4.600000,2.874237,4.277988,0.346000
2024-07-08,4.620000,2.843711,4.267358,0.362000
2024-07-09,4.620000,2.861570,4.291319,0.353000
2024-07-10,4.620000,2.858445,4.275580,0.343000
2024-07-11,4.500000,2.794690,4.216767,0.343000
2024-07-12,4.450000,2.831024,4.229851,0.333000
2024-07-15,4.440000,2.775465,4.211751,
2024-07-16,4.430000,2.761478,4.177392,0.320000
2024-07-17,4.420000,2.762628,4.206090,0.330000
2024-07-18,4.460000,2.745687,4.160491,0.347000
2024-07-19,4.490000,2.768108,4.192847,0.352000
2024-07-22,4.500000,2.766677,4.232702,0.348000
2024-07-23,4.400000,2.753906,4.220354,0.362000
2024-07-24,4.370000,2.721390,4.167606,0.379000
2024-07-25,4.410000,2.702751,4.137120,0.403000
2024-07-26,4.360000,2.690625,4.118885,0.408000
2024-07-29,4.360000,2.668896,4.077926,0.394000
2024-07-30,4.350000,2.610990,4.074911,0.374000
2024-07-31,4.290000,2.582215,4.024811,0.450000
2024-08-01,4.160000,2.560673,3.924872,0.460000
2024-08-02,3.880000,2.470568,3.849842,0.410000
2024-08-05,3.890000,2.309548,3.836723,0.265000
2024-08-06,3.990000,2.336643,3.892855,0.290000
2024-08-07,4.000000,2.423584,3.909030,0.270000
2024-08-08,4.040000,2.431338,3.904282,0.269000
2024-08-09,4.050000,2.400209,3.899274,0.301000
2024-08-12,4.010000,2.401843,3.903385,
2024-08-13,3.930000,2.368226,3.853016,0.300000
2024-08-14,3.940000,2.365099,3.814132,0.296000
2024-08-15,4.080000,2.439820,3.907623,0.321000
2024-08-16,4.060000,2.421664,3.935175,0.357000
2024-08-19,4.060000,2.423223,3.969619,0.374000
2024-08-20,3.990000,2.390731,3.945452,0.363000
2024-08-21,3.920000,2.349708,3.929068,0.352000
2024-08-22,3.990000,2.354260,3.978322,0.363000
2024-08-23,3.900000,2.381169,3.928210,0.372000
2024-08-26,3.910000,2.369541,,0.364000
2024-08-27,3.830000,2.392613,3.968484,0.367000
2024-08-28,3.830000,2.354506,3.974868,0.380000
2024-08-29,3.870000,2.318048,3.975253,0.368000
2024-08-30,3.910000,2.359146,3.956992,0.363000
2024-09-02,,2.398418,3.973632,0.370000
2024-09-03,3.880000,2.381162,3.942818,0.390000
2024-09-04,3.760000,2.337578,3.885196,0.375000
2024-09-05,3.750000,2.262324,3.871921,0.375000
2024-09-06,3.660000,2.281246,3.815298,0.380000
2024-09-09,3.680000,2.227216,3.755712,0.396000
2024-09-10,3.590000,2.213327,3.747489,0.396000
2024-09-11,3.620000,2.139024,3.659727,0.380000
2024-09-12,3.640000,2.175485,3.702182,0.391000
2024-09-13,3.570000,2.162937,3.684432,0.392000
2024-09-16,3.560000,2.177791,3.661032,
2024-09-17,3.590000,2.160742,3.698162,0.387000
2024-09-18,3.610000,2.205080,3.768577,0.380000
2024-09-19,3.590000,2.191558,3.785665,0.389000
2024-09-20,3.550000,2.209951,3.803804,0.395000
2024-09-23,3.570000,2.151141,3.798374,
2024-09-24,3.490000,2.094330,3.775438,0.350000
2024-09-25,3.530000,2.097419,3.819290,0.355000
2024-09-26,3.600000,2.041618,3.794238,0.349000
2024-09-27,3.550000,2.011994,3.803897,0.323000
2024-09-30,3.660000,2.034284,3.845249,0.394000
2024-10-01,3.610000,1.945625,3.815461,0.390000
2024-10-02,3.630000,2.000726,3.873433,0.365000
2024-10-03,3.700000,2.021289,3.807048,0.365000
2024-10-04,3.930000,2.102201,3.963122,0.370000
2024-10-07,3.990000,2.157613,4.032203,0.407000
2024-10-08,3.980000,2.176372,3.999669,0.402000
2024-10-09,3.990000,2.176828,3.996570,0.402000
2024-10-10,3.980000,2.188483,3.995209,0.412000
2024-10-11,3.950000,2.192021,3.975524,0.412000
2024-10-14,,2.178424,3.965947,
2024-10-15,3.950000,2.148049,3.916087,0.423000
2024-10-16,3.930000,2.107501,3.798278,0.423000
2024-10-17,3.960000,2.101163,3.827903,0.434000
2024-10-18,3.950000,2.032880,3.800024,0.438000
2024-10-21,4.020000,2.125469,3.835341,0.433000
2024-10-22,4.030000,2.127353,3.862068,0.454000
2024-10-23,4.070000,2.077846,3.884624,0.449000
2024-10-24,4.070000,2.060491,3.906813,0.449000
2024-10-25,4.110000,2.089105,3.936170,0.449000
2024-10-28,4.120000,2.047174,4.001617,0.461000
2024-10-29,4.110000,2.090538,4.050074,0.453000
2024-10-30,4.150000,2.163133,4.122720,0.443000
2024-10-31,4.160000,2.243313,4.242022,0.434000
2024-11-01,4.210000,2.195256,4.249239,0.465000
2024-11-04,4.170000,2.222118,4.242031,
2024-11-05,4.190000,2.226364,4.314804,0.455000
2024-11-06,4.270000,2.154986,4.309964,0.480000
2024-11-07,4.210000,2.158028,4.250237,0.501000
2024-11-08,4.260000,2.148557,4.231184,0.501000
2024-11-11,,2.098694,4.216774,0.501000
2024-11-12,4.340000,2.069272,4.272308,0.501000
2024-11-13,4.270000,2.098588,4.281464,0.527000
2024-11-14,4.340000,2.064943,4.221791,0.532000
2024-11-15,4.310000,2.087979,4.201109,0.552000
2024-11-18,4.290000,2.139601,4.221148,0.553000
2024-11-19,4.270000,2.100254,4.210149,0.554000
2024-11-20,4.310000,2.102841,4.222610,0.554000
2024-11-21,4.340000,2.062653,4.196142,0.580000
2024-11-22,4.370000,1.991746,4.155916,0.590000
2024-11-25,4.210000,1.968808,4.138257,0.590000
2024-11-26,4.210000,2.007340,4.154687,0.592000
2024-11-27,4.190000,1.992106,4.146294,0.596000
2024-11-28,,1.971645,4.113689,0.581000
2024-11-29,4.130000,1.912008,4.070196,0.599000
2024-12-02,4.170000,1.856446,4.041841,0.620000
2024-12-03,4.170000,1.875328,4.057501,0.610000
2024-12-04,4.130000,1.904311,4.040215,0.585000
2024-12-05,4.150000,1.963080,4.084914,0.600000
2024-12-06,4.100000,1.962286,4.092004,0.590000
2024-12-09,4.130000,1.948871,4.062700,0.575000
2024-12-10,4.150000,1.944442,4.085707,0.585000
2024-12-11,4.150000,1.914038,4.063360,0.591000
2024-12-12,4.180000,1.967267,4.055180,0.579000
2024-12-13,4.250000,1.999734,4.100386,0.564000
2024-12-16,4.250000,2.000606,4.142690,0.585000
2024-12-17,4.250000,1.985180,4.246355,0.595000
2024-12-18,4.350000,1.975952,4.257558,0.589000
2024-12-19,4.320000,2.013755,4.225346,0.606000
2024-12-20,4.300000,1.960729,4.167410,0.576000
2024-12-23,4.300000,1.997799,4.209472,0.588000
2024-12-24,4.290000,2.003148,4.241383,0.588000
2024-12-25,,,,0.588000
2024-12-26,4.300000,,,0.602000
2024-12-27,4.310000,2.007697,4.256619,0.602000
2024-12-30,4.240000,2.011151,4.232091,0.599000
2024-12-31,4.250000,,4.198336,
2025-01-02,4.250000,2.007620,4.198192,
2025-01-03,4.280000,2.088659,4.221993,
2025-01-06,4.280000,2.159570,4.240341,0.626000
2025-01-07,4.300000,2.103300,4.260181,0.632000
2025-01-08,4.280000,2.149094,4.305807,0.648000
2025-01-09,4.270000,2.164683,4.296660,0.643000
2025-01-10,4.400000,2.220215,4.331784,0.649000
2025-01-13,4.400000,2.244226,4.378090,
2025-01-14,4.370000,2.268609,4.392246,0.687000
2025-01-15,4.270000,2.201240,4.252076,0.707000
2025-01-16,4.230000,2.235735,4.182218,0.698000
2025-01-17,4.270000,2.206434,4.172694,0.693000
2025-01-20,,2.205737,4.187137,0.683000
2025-01-21,4.290000,2.174784,4.149118,0.677000
2025-01-22,4.290000,2.174784,4.150304,0.698000
2025-01-23,4.290000,2.187577,4.131681,0.704000
2025-01-24,4.270000,2.240114,4.139941,0.718000
2025-01-27,4.170000,2.201669,4.104149,0.705000
2025-01-28,4.190000,2.202165,4.126853,0.695000
2025-01-29,4.210000,2.194852,4.133480,0.704000
2025-01-30,4.180000,2.124084,4.061936,0.718000
2025-01-31,4.220000,2.055215,4.011696,0.729000
2025-02-03,4.260000,1.987237,3.954421,0.720000
2025-02-04,4.210000,1.997457,3.989263,0.741000
2025-02-05,4.170000,1.998827,3.947119,0.756000
2025-02-06,4.210000,2.006137,3.938162,0.762000
2025-02-07,4.290000,2.013559,3.959247,0.798000
2025-02-10,4.280000,1.975839,3.926413,0.798000
2025-02-11,4.290000,2.021654,3.977733,
2025-02-12,4.360000,2.073194,4.002177,0.799000
2025-02-13,4.310000,2.034975,3.967971,0.794000
2025-02-14,4.260000,2.062499,3.987675,0.794000
2025-02-17,,2.077311,3.988787,0.809000
2025-02-18,4.290000,2.074171,4.027376,0.827000
2025-02-19,4.280000,2.128572,4.060607,0.820000
2025-02-20,4.280000,2.106224,4.062076,0.821000
2025-02-21,4.190000,2.042707,4.028274,0.818000
2025-02-24,4.130000,2.026743,4.008796,
2025-02-25,4.070000,2.015339,3.963099,0.803000
2025-02-26,4.050000,2.014430,3.971292,0.801000
2025-02-27,4.070000,1.992753,3.975832,0.826000
2025-02-28,3.990000,1.974536,3.949998,0.806000
2025-03-03,3.960000,2.031895,4.005037,0.825000
2025-03-04,3.960000,1.974312,3.936623,0.831000
2025-03-05,3.990000,2.142078,4.052560,0.831000
2025-03-06,3.960000,2.225930,4.038760,0.852000
2025-03-07,3.990000,2.180224,4.005637,0.848000
2025-03-10,3.890000,2.147868,3.973748,0.875000
2025-03-11,3.940000,2.148480,3.959087,0.834000
2025-03-12,4.010000,2.177076,4.013108,0.850000
2025-03-13,3.940000,2.141602,3.986570,0.861000
2025-03-14,4.020000,2.171968,3.969278,0.840000
2025-03-17,4.060000,2.142413,3.973489,0.811000
2025-03-18,4.040000,2.164972,3.989278,0.815000
2025-03-19,3.990000,2.137318,3.990627,0.842000
2025-03-20,3.950000,2.109794,4.041367,
2025-03-21,3.940000,2.107827,4.041874,0.854000
2025-03-24,4.040000,2.103527,4.053328,0.871000
2025-03-25,3.960000,2.113129,4.080063,0.887000
2025-03-26,3.980000,2.086419,4.060652,0.892000
2025-03-27,3.970000,2.049154,4.055616,0.893000
2025-03-28,3.890000,2.021332,4.001530,0.877000
2025-03-31,3.890000,1.994685,3.988113,0.854000
2025-04-01,3.870000,1.994700,3.972947,0.855000
2025-04-02,3.910000,1.989506,3.958285,0.834000
2025-04-03,3.710000,1.943900,3.802096,0.754000
2025-04-04,3.680000,1.821522,3.740679,0.612000
2025-04-07,3.730000,1.787863,3.785410,0.586000
2025-04-08,3.710000,1.904877,3.758920,0.647000
2025-04-09,3.910000,1.750840,3.743592,0.611000
2025-04-10,3.840000,1.831371,3.700877,0.676000
2025-04-11,3.960000,1.730016,3.829853,0.611000
2025-04-14,3.840000,1.739126,3.803770,0.589000
2025-04-15,3.840000,1.774744,3.744316,0.646000
2025-04-16,3.770000,1.729050,3.745910,0.615000
2025-04-17,3.810000,1.704638,3.698403,0.650000
2025-04-18,,,,0.636000
2025-04-21,3.750000,,,0.649000
2025-04-22,3.760000,1.671873,3.626276,0.670000
2025-04-23,3.810000,1.743350,3.706731,0.684000
2025-04-24,3.770000,1.677761,3.659375,0.679000
2025-04-25,3.740000,1.715781,3.658111,0.689000
2025-04-28,3.670000,1.736322,3.654955,0.686000
2025-04-29,3.650000,1.745150,3.632231,
2025-04-30,3.600000,1.699506,3.601014,0.676000
2025-05-01,3.700000,,3.588113,0.629000
2025-05-02,3.830000,1.750369,3.624038,0.609000
2025-05-05,3.830000,1.741831,,
2025-05-06,3.780000,1.767182,3.616496,
2025-05-07,3.780000,1.732011,3.592536,0.609000
2025-05-08,3.900000,1.741359,3.692077,0.619000
2025-05-09,3.880000,1.773599,3.695735,0.634000
2025-05-12,3.980000,1.879780,3.794674,0.660000
2025-05-13,4.020000,1.878896,3.772115,0.718000
2025-05-14,4.050000,1.887350,3.826649,0.706000
2025-05-15,3.960000,1.867499,3.793285,0.717000
2025-05-16,3.980000,1.836216,3.800462,0.707000
2025-05-19,3.970000,1.814595,3.804372,0.718000
2025-05-20,3.970000,1.840295,3.844086,0.728000
2025-05-21,4.000000,1.842579,3.884310,0.720000
2025-05-22,4.000000,1.822123,3.846292,0.737000
2025-05-23,4.000000,1.738681,3.810000,0.731000
2025-05-26,,1.779264,,0.728000
2025-05-27,3.920000,1.774695,3.840787,0.739000
2025-05-28,3.960000,1.795896,3.873958,0.753000
2025-05-29,3.920000,1.772463,3.818252,0.758000
2025-05-30,3.890000,1.780578,3.854062,0.750000
2025-06-02,3.940000,1.807270,3.824665,0.755000
2025-06-03,3.960000,1.760971,3.819744,0.755000
2025-06-04,3.870000,1.793406,3.838301,0.765000
2025-06-05,3.920000,1.825086,3.840285,0.755000
2025-06-06,4.040000,1.862224,3.826786,0.760000
2025-06-09,4.010000,1.856200,3.832137,0.775000
2025-06-10,4.010000,1.833651,3.747602,0.771000
2025-06-11,3.940000,1.805473,3.744962,0.756000
2025-06-12,3.900000,1.798017,3.700118,0.756000
2025-06-13,3.960000,1.834345,3.766132,0.736000
2025-06-16,3.970000,1.831140,3.731869,0.758000
2025-06-17,3.940000,1.849990,3.746329,0.769000
2025-06-18,3.940000,1.833906,3.726447,0.755000
2025-06-19,,1.827133,3.740685,0.728000
2025-06-20,3.900000,1.836071,3.747525,0.728000
2025-06-23,3.840000,1.854983,3.725330,0.738000
2025-06-24,3.750000,1.848611,3.692837,0.738000
2025-06-25,3.740000,1.850972,3.697665,0.724000
2025-06-26,3.700000,1.816880,3.666275,0.735000
2025-06-27,3.730000,1.845537,3.686626,0.740000
2025-06-30,3.720000,1.844900,3.669416,0.746000
2025-07-01,3.780000,1.823981,3.657474,0.735000
2025-07-02,3.780000,1.848381,3.707970,0.741000
2025-07-03,3.880000,1.834821,3.684776,0.746000
2025-07-04,,1.805947,3.697897,0.736000
2025-07-07,3.900000,1.830270,3.708627,0.732000
2025-07-08,3.900000,1.866537,3.724461,0.733000
2025-07-09,3.860000,1.847033,3.720087,0.754000
2025-07-10,3.860000,1.867288,3.714613,0.760000
2025-07-11,3.900000,1.903209,3.721789,0.764000
2025-07-14,3.900000,1.869946,3.673816,0.781000
2025-07-15,3.950000,1.841320,3.698202,0.792000
2025-07-16,3.880000,1.830995,3.727443,0.793000
2025-07-17,3.910000,1.827158,3.748943,0.788000
2025-07-18,3.880000,1.842140,3.765830,0.772000
2025-07-21,3.850000,1.809832,3.721619,
2025-07-22,3.830000,1.798647,3.688774,0.760000
2025-07-23,3.880000,1.790538,3.697752,0.838000
2025-07-24,3.910000,1.885815,3.707009,0.854000
2025-07-25,3.910000,1.926764,3.735327,0.863000
2025-07-28,3.910000,1.884325,3.754030,0.849000
2025-07-29,3.860000,1.907673,3.728980,0.835000
2025-07-30,3.940000,1.928412,3.720937,0.826000
2025-07-31,3.940000,1.936225,3.702945,0.826000
2025-08-01,3.690000,1.882252,3.656404,0.814000
2025-08-04,3.690000,1.877799,3.648122,0.764000
2025-08-05,3.720000,1.879462,3.653703,0.754000
2025-08-06,3.690000,1.879676,3.656837,0.774000
2025-08-07,3.720000,1.891056,3.721222,0.770000
2025-08-08,3.760000,1.935398,3.738086,0.770000
2025-08-11,3.760000,1.939904,3.704351,
2025-08-12,3.720000,1.951262,3.736934,0.775000
2025-08-13,3.670000,1.914356,3.703815,0.785000
2025-08-14,3.740000,1.921779,3.749081,0.822000
2025-08-15,3.750000,1.929654,3.763366,0.826000
2025-08-18,3.770000,1.936172,3.813900,0.833000
2025-08-19,3.750000,1.929906,3.817260,0.849000
2025-08-20,3.740000,1.902826,3.769009,0.858000
2025-08-21,3.790000,1.939596,3.816172,0.862000
2025-08-22,3.680000,1.947319,3.782583,0.873000
2025-08-25,3.730000,1.957898,,0.869000
2025-08-26,3.610000,1.920047,3.816554,0.874000
2025-08-27,3.590000,1.904424,3.799260,0.869000
2025-08-28,3.620000,1.914519,3.784436,0.871000
2025-08-29,3.590000,1.921369,3.789292,0.871000
2025-09-01,,1.928922,3.810499,0.880000
2025-09-02,3.660000,1.954788,3.834430,0.870000
2025-09-03,3.610000,1.932549,3.802729,0.870000
2025-09-04,3.590000,1.926475,3.806662,0.855000
2025-09-05,3.510000,1.903318,3.758259,0.841000
2025-09-08,3.490000,1.895974,3.744372,0.831000
2025-09-09,3.540000,1.905112,3.762151,0.842000
2025-09-10,3.540000,1.914182,3.785173,0.857000
2025-09-11,3.520000,1.953217,3.777793,0.862000
2025-09-12,3.560000,1.979085,3.810427,0.873000
2025-09-15,3.540000,1.972041,3.792381,
2025-09-16,3.510000,1.977890,3.809589,0.884000
2025-09-17,3.520000,1.964394,3.801666,0.883000
2025-09-18,3.570000,1.978024,3.797525,0.888000
2025-09-19,3.570000,1.989640,3.824196,0.918000
2025-09-22,3.610000,1.985288,3.816536,0.935000
2025-09-23,3.530000,1.995647,3.813001,
2025-09-24,3.570000,1.987372,3.800193,0.932000
2025-09-25,3.640000,2.009456,3.852307,0.936000
2025-09-26,3.630000,1.999418,3.867322,0.931000
2025-09-29,3.630000,1.995670,3.840483,0.931000
2025-09-30,3.600000,1.990824,3.845780,0.958000
2025-10-01,3.550000,1.976189,3.818169,0.954000
2025-10-02,3.550000,1.991702,3.839720,0.955000
2025-10-03,3.580000,1.993964,3.822687,0.945000
2025-10-06,3.600000,1.980833,3.839126,0.899000
2025-10-07,3.570000,1.985700,3.850679,0.909000
2025-10-08,3.580000,1.963002,3.853065,0.930000
2025-10-09,3.600000,1.972623,3.866657,0.930000
2025-10-10,3.520000,1.958740,3.817709,0.925000
2025-10-13,,1.930695,3.805475,
2025-10-14,3.480000,1.916882,3.747736,0.895000
2025-10-15,3.500000,1.900173,3.722670,0.900000
2025-10-16,3.410000,1.903773,3.704986,0.920000
2025-10-17,3.460000,1.898448,3.722019,0.909000
2025-10-20,3.460000,1.898418,3.700023,0.950000
2025-10-21,3.450000,1.888578,3.703289,0.940000
2025-10-22,3.450000,1.898894,3.612387,0.929000
2025-10-23,3.480000,1.907710,3.621212,0.933000
2025-10-24,3.480000,1.949257,3.642609,0.932000
2025-10-27,3.480000,1.952580,3.635516,0.943000
2025-10-28,3.470000,1.950218,3.625100,0.940000
2025-10-29,3.590000,1.944996,3.624863,0.943000
2025-10-30,3.610000,1.966546,3.644561,0.929000
2025-10-31,3.600000,1.949646,3.633542,0.928000
2025-11-03,3.600000,1.960185,3.660872,
2025-11-04,3.580000,1.954524,3.635466,0.945000
2025-11-05,3.630000,1.953955,3.678364,0.930000
2025-11-06,3.570000,1.963425,3.654365,0.941000
2025-11-07,3.550000,1.972317,3.664380,0.941000
2025-11-10,3.580000,1.971338,3.672228,0.948000
2025-11-11,,1.970888,3.598035,0.937000
2025-11-12,3.560000,1.975792,3.607187,0.942000
2025-11-13,3.580000,1.994661,3.633165,0.932000
2025-11-14,3.620000,1.989781,3.711667,0.932000
2025-11-17,3.600000,2.001966,3.677799,0.938000
2025-11-18,3.580000,1.980086,3.670828,0.928000
2025-11-19,3.580000,1.989745,3.687194,0.934000
2025-11-20,3.550000,2.006766,3.668705,0.965000
2025-11-21,3.510000,1.977796,3.646026,0.959000
2025-11-24,3.460000,1.998124,3.670528,
2025-11-25,3.430000,1.992443,3.631681,0.975000
2025-11-26,3.450000,1.995940,3.600615,0.985000
2025-11-27,,1.999287,3.629269,0.977000
2025-11-28,3.470000,2.008616,3.617702,0.992000
2025-12-01,3.540000,2.036162,3.621992,1.020000
2025-12-02,3.510000,2.026300,3.617738,1.005000
2025-12-03,3.490000,2.024524,3.607812,1.016000
2025-12-04,3.520000,2.045365,3.597176,1.021000
2025-12-05,3.560000,2.052910,3.643831,1.052000
2025-12-08,3.570000,2.112796,3.703707,1.063000
2025-12-09,3.610000,2.115158,3.680289,1.069000
2025-12-10,3.540000,2.133499,3.691712,1.074000
2025-12-11,3.520000,2.122318,3.663691,1.054000
2025-12-12,3.520000,2.126006,3.654262,1.070000
2025-12-15,3.510000,2.114535,3.644947,1.071000
2025-12-16,3.480000,2.113150,3.669214,1.067000
2025-12-17,3.490000,2.102746,3.616861,1.077000
2025-12-18,3.460000,2.100313,3.650160,1.073000
2025-12-19,3.480000,2.119845,3.667270,1.101000
2025-12-22,3.440000,2.122724,3.670250,1.129000
2025-12-23,3.480000,2.120132,3.665034,1.111000
2025-12-24,3.470000,2.121452,3.671559,1.111000
2025-12-25,,,,1.147000
2025-12-26,3.460000,,,1.141000
2025-12-29,3.450000,2.089081,3.647615,1.150000
2025-12-30,3.450000,2.100441,3.645975,1.167000
2025-12-31,3.470000,2.108455,3.632526,
2026-01-02,3.470000,2.109712,3.653632,
2026-01-05,3.460000,2.116689,3.637221,1.194000
2026-01-06,3.470000,2.081181,3.616441,1.185000
2026-01-07,3.470000,2.067628,3.576363,1.170000
2026-01-08,3.490000,2.078904,3.572072,1.129000
2026-01-09,3.540000,2.089657,3.552862,1.151000
2026-01-12,3.540000,2.077460,3.563844,
2026-01-13,3.530000,2.077778,3.564002,1.164000
2026-01-14,3.510000,2.061440,3.534931,1.186000
2026-01-15,3.560000,2.069666,3.575688,1.190000
2026-01-16,3.590000,2.087631,3.598123,1.205000
2026-01-19,,2.060053,3.581728,1.230000
2026-01-20,3.600000,2.054704,3.597578,1.220000
2026-01-21,3.600000,2.053704,3.590635,1.235000
2026-01-22,3.610000,2.085573,3.598253,1.224000
2026-01-23,3.600000,2.104887,3.639789,1.262000
2026-01-26,3.560000,2.087358,3.647779,1.277000
2026-01-27,3.530000,2.080534,3.656012,1.284000
2026-01-28,3.560000,2.053037,3.658825,1.257000
2026-01-29,3.530000,2.036203,3.623433,1.264000
2026-01-30,3.520000,2.049567,3.628196,1.251000
2026-02-02,3.570000,2.063160,3.622867,1.265000
2026-02-03,3.570000,2.081319,3.630053,1.286000
2026-02-04,3.570000,2.062488,3.638140,1.276000
2026-02-05,3.470000,2.058757,3.587402,1.276000
2026-02-06,3.500000,2.043146,3.561348,1.281000
2026-02-09,3.480000,2.032595,3.555388,1.313000
2026-02-10,3.450000,2.029469,3.559522,1.303000
2026-02-11,3.520000,2.035398,3.558962,
2026-02-12,3.470000,2.026995,3.527750,1.305000
2026-02-13,3.400000,1.997276,3.504456,1.289000
2026-02-16,,2.004747,3.501683,1.275000
2026-02-17,3.430000,2.002913,3.494044,1.233000
2026-02-18,3.470000,2.012598,3.496522,1.242000
2026-02-19,3.470000,2.016510,3.484185,1.265000
2026-02-20,3.480000,2.013478,3.484919,1.260000
2026-02-23,3.430000,2.007799,3.468040,
2026-02-24,3.430000,2.006550,3.480276,1.251000
2026-02-25,3.450000,2.008830,3.486397,1.224000
2026-02-26,3.420000,2.003231,3.457733,1.246000
2026-02-27,3.380000,1.980504,3.423689,1.250000
2026-03-02,3.470000,2.030708,3.528033,1.219000
2026-03-03,3.510000,2.133732,3.661998,1.250000
2026-03-04,3.540000,2.098893,3.596040,1.235000
2026-03-05,3.570000,2.167611,3.684287,1.256000
2026-03-06,3.560000,2.223317,3.782134,1.246000
2026-03-09,3.560000,2.250572,3.849414,1.242000
2026-03-10,3.570000,2.175742,3.749619,1.258000
2026-03-11,3.640000,2.313818,3.901794,1.253000
2026-03-12,3.760000,2.351730,3.967926,1.263000
2026-03-13,3.730000,2.363250,3.991173,1.289000
2026-03-16,3.680000,2.340173,3.962018,1.287000
2026-03-17,3.680000,2.331853,3.923501,1.280000
2026-03-18,3.760000,2.405294,3.990021,1.261000
2026-03-19,3.790000,2.468185,4.273285,1.277000
2026-03-20,3.880000,2.585417,4.432755,
2026-03-23,3.830000,2.518215,4.306899,1.311000
2026-03-24,3.900000,2.589459,4.317695,1.311000
2026-03-25,3.840000,2.557166,4.266643,1.317000
2026-03-26,3.960000,2.623687,4.366305,1.348000
2026-03-27,3.880000,2.644707,4.357465,1.393000
2026-03-30,3.820000,2.600562,4.317637,1.369000
2026-03-31,3.790000,2.588984,4.282974,1.375000
2026-04-01,3.810000,2.548202,4.176060,1.349000
2026-04-02,3.790000,2.594816,4.195224,1.390000
2026-04-03,3.840000,,,1.391000
2026-04-06,3.840000,,,1.402000
2026-04-07,3.810000,2.659222,4.300585,1.387000
2026-04-08,3.790000,2.441490,4.052170,1.382000
2026-04-09,3.780000,2.523710,4.101923,1.394000
2026-04-10,3.810000,2.531062,4.108457,1.405000
2026-04-13,3.780000,2.585534,4.179364,1.401000
2026-04-14,3.760000,2.544523,4.093080,1.382000
2026-04-15,3.760000,2.495306,4.088074,1.382000
2026-04-16,3.780000,2.488573,4.096330,1.366000
2026-04-17,3.710000,2.409999,3.993510,1.372000
2026-04-20,3.720000,2.420959,4.065795,1.369000
2026-04-21,3.780000,2.456008,4.134439,1.359000
2026-04-22,3.790000,2.491294,4.196086,1.362000
2026-04-23,3.830000,2.537641,4.232864,1.365000
2026-04-24,3.780000,2.542049,4.250592,1.363000
2026-04-27,3.780000,2.530043,4.273492,1.375000
2026-04-28,3.840000,2.601788,4.305061,1.389000
2026-04-29,3.920000,2.665172,4.402089,
2026-04-30,3.880000,2.605894,4.317841,1.402000
2026-05-01,3.880000,,4.294895,1.385000
2026-05-04,3.950000,2.640435,,
2026-05-05,3.930000,2.639099,4.388836,
2026-05-06,3.870000,2.538489,4.252265,
2026-05-07,3.920000,2.513068,4.237912,1.372000
2026-05-08,3.900000,2.540270,4.258113,1.378000
2026-05-11,3.950000,2.592363,4.341891,1.395000
2026-05-12,4.000000,2.658257,4.400766,1.401000
2026-05-13,3.980000,2.656250,4.360959,1.401000
2026-05-14,4.000000,2.605937,4.314991,1.407000
2026-05-15,4.090000,2.686761,4.417799,1.413000
2026-05-18,4.070000,2.639910,4.391847,1.431000
2026-05-19,4.130000,2.689321,4.380200,1.452000
2026-05-20,4.040000,2.672980,4.255215,1.464000
2026-05-21,4.080000,2.628687,4.251507,1.453000
2026-05-22,4.130000,2.573527,4.213917,1.443000
2026-05-25,,2.478489,,1.420000
2026-05-26,4.010000,2.530423,4.184240,1.421000
2026-05-27,4.000000,2.524275,4.157572,1.399000
2026-05-28,3.990000,2.525315,4.129122,1.366000
2026-05-29,3.980000,2.500671,4.090469,1.393000
2026-06-01,4.050000,2.577719,4.210876,1.400000
2026-06-02,4.050000,2.555784,4.193960,1.380000
2026-06-03,4.080000,2.588911,4.242431,1.401000
2026-06-04,4.050000,2.581637,4.223146,1.417000
2026-06-05,4.170000,2.601524,4.222903,1.412000
2026-06-08,4.150000,2.623581,4.256590,1.420000
2026-06-09,4.130000,2.618968,4.222533,1.420000
2026-06-10,4.130000,2.635430,4.242776,1.426000
2026-06-11,4.050000,2.608940,4.225748,1.427000
2026-06-12,4.090000,2.577582,4.132537,1.417000
2026-06-15,4.070000,2.518471,4.072096,1.409000
2026-06-16,4.050000,2.515450,4.095485,1.414000
2026-06-17,4.200000,2.526749,4.052618,1.398000
2026-06-18,4.190000,2.554376,4.065801,1.400000
2026-06-19,,2.575892,4.144557,1.409000
2026-06-22,4.240000,2.545124,4.100208,1.415000
2026-06-23,4.160000,2.503871,4.058135,1.426000
2026-06-24,4.110000,2.486185,4.029011,1.432000
2026-06-25,4.090000,2.475699,4.012349,1.421000
2026-06-26,4.070000,2.452879,4.017240,1.409000
2026-06-29,4.100000,2.476732,4.021550,1.411000
2026-06-30,4.140000,2.476083,4.048496,1.382000
2026-07-01,4.170000,2.473891,4.023306,1.400000
2026-07-02,4.140000,2.454332,4.002581,1.395000
2026-07-03,,2.470702,4.016435,1.390000
2026-07-06,4.130000,2.484644,4.013775,1.396000
2026-07-07,4.190000,2.529140,4.050602,1.402000
2026-07-08,4.210000,2.619282,4.207763,1.433000
2026-07-09,4.160000,2.614625,4.137255,1.444000
2026-07-10,4.210000,2.599299,4.120412,1.434000
2026-07-13,4.260000,2.644607,4.230972,1.451000
2026-07-14,4.180000,2.687486,4.211552,1.435000
2026-07-15,4.130000,2.676187,4.213406,1.436000
2026-07-16,4.160000,2.698912,4.240252,1.440000
2026-07-17,4.180000,2.697704,4.238958,1.436000
2026-07-20,4.210000,2.709938,4.296144,
2026-07-21,4.260000,2.737377,4.291528,1.441000
2026-07-22,4.310000,2.761711,4.329353,1.450000
2026-07-23,4.370000,2.800555,4.389995,1.499000
2026-07-24,4.330000,2.771953,4.321041,1.531000
2026-07-27,4.310000,2.729593,4.271429,1.513000
2026-07-28,4.260000,2.707564,4.238541,1.504000
2026-07-29,4.220000,2.731981,4.325468,1.488000
2026-07-30,4.230000,2.713074,4.261328,1.497000
2026-07-31,4.280000,2.760786,4.299102,1.507000
2026-08-03,4.250000,2.702053,4.212116,1.562000
2026-08-04,4.200000,2.662325,4.162427,1.568000
2026-08-05,4.180000,2.670314,4.139490,1.569000
2026-08-06,4.250000,2.672514,4.180837,1.565000
2026-08-07,4.190000,2.665851,4.185774,1.611000
2026-08-10,4.250000,2.720772,4.241246,1.618000
2026-08-11,4.220000,2.708702,4.207395,
2026-08-12,4.200000,2.700507,4.221530,1.646000
2026-08-13,4.150000,2.690951,4.215036,1.651000
2026-08-14,4.170000,2.727649,4.250007,1.657000
2026-08-17,4.190000,2.736042,4.270712,1.696000
2026-08-18,4.190000,2.780461,4.288221,1.691000
