"CubeId";"SNB1A@SNB.NSS.KZS.EID"
"PublishingDate";"2026-09-04 08:31"

"Date";"LAUFZEIT";"ZEITPUNKT";"frequency";"AGGREGATIONSMETHODE";"Value"
"1988-01-04";"J10M0";"A1100";"P1D_L";"ZZ";"4.015"
"1988-01-05";"J10M0";"A1100";"P1D_L";"ZZ";
"1988-01-06";"J10M0";"A1100";"P1D_L";"ZZ";
"1988-01-07";"J10M0";"A1100";"P1D_L";"ZZ";
"1988-01-08";"J10M0";"A1100";"P1D_L";"ZZ";
"1988-01-11";"J10M0";"A1100";"P1D_L";"ZZ";"4.015"
"1988-01-12";"J10M0";"A1100";"P1D_L";"ZZ";
"1988-01-13";"J10M0";"A1100";"P1D_L";"ZZ";
"1988-01-14";"J10M0";"A1100";"P1D_L";"ZZ";
"1988-01-15";"J10M0";"A1100";"P1D_L";"ZZ";
"1988-01-18";"J10M0";"A1100";"P1D_L";"ZZ";"4.025"
"1988-01-19";"J10M0";"A1100";"P1D_L";"ZZ";
"1988-01-20";"J10M0";"A1100";"P1D_L";"ZZ";
"1988-01-21";"J10M0";"A1100";"P1D_L";"ZZ";
"1988-01-22";"J10M0";"A1100";"P1D_L";"ZZ";
"1988-01-25";"J10M0";"A1100";"P1D_L";"ZZ";"4.085"
"1988-01-26";"J10M0";"A1100";"P1D_L";"ZZ";
"1988-01-27";"J10M0";"A1100";"P1D_L";"ZZ";
"1988-01-28";"J10M0";"A1100";"P1D_L";"ZZ";
"1988-01-29";"J10M0";"A1100";"P1D_L";"ZZ";"4.092"
"1988-02-01";"J10M0";"A1100";"P1D_L";"ZZ";"4.115"
"1988-02-02";"J10M0";"A1100";"P1D_L";"ZZ";
"1988-02-03";"J10M0";"A1100";"P1D_L";"ZZ";
"1988-02-04";"J10M0";"A1100";"P1D_L";"ZZ";
"1988-02-05";"J10M0";"A1100";"P1D_L";"ZZ";
"1988-02-08";"J10M0";"A1100";"P1D_L";"ZZ";"4.08"
"1988-02-09";"J10M0";"A1100";"P1D_L";"ZZ";
"1988-02-10";"J10M0";"A1100";"P1D_L";"ZZ";
"1988-02-11";"J10M0";"A1100";"P1D_L";"ZZ";
"1988-02-12";"J10M0";"A1100";"P1D_L";"ZZ";
"1988-02-15";"J10M0";"A1100";"P1D_L";"ZZ";"4.134"
"1988-02-16";"J10M0";"A1100";"P1D_L";"ZZ";
"1988-02-17";"J10M0";"A1100";"P1D_L";"ZZ";
"1988-02-18";"J10M0";"A1100";"P1D_L";"ZZ";
"1988-02-19";"J10M0";"A1100";"P1D_L";"ZZ";
"1988-02-22";"J10M0";"A1100";"P1D_L";"ZZ";"4.061"
"1988-02-23";"J10M0";"A1100";"P1D_L";"ZZ";
"1988-02-24";"J10M0";"A1100";"P1D_L";"ZZ";
"1988-02-25";"J10M0";"A1100";"P1D_L";"ZZ";
"1988-02-26";"J10M0";"A1100";"P1D_L";"ZZ";
"1988-02-29";"J10M0";"A1100";"P1D_L";"ZZ";"4.098"
"1988-03-01";"J10M0";"A1100";"P1D_L";"ZZ";
"1988-03-02";"J10M0";"A1100";"P1D_L";"ZZ";
"1988-03-03";"J10M0";"A1100";"P1D_L";"ZZ";
"1988-03-04";"J10M0";"A1100";"P1D_L";"ZZ";
"1988-03-07";"J10M0";"A1100";"P1D_L";"ZZ";"4.084"
"1988-03-08";"J10M0";"A1100";"P1D_L";"ZZ";
"1988-03-09";"J10M0";"A1100";"P1D_L";"ZZ";
"1988-03-10";"J10M0";"A1100";"P1D_L";"ZZ";
"1988-03-11";"J10M0";"A1100";"P1D_L";"ZZ";
"1988-03-14";"J10M0";"A1100";"P1D_L";"ZZ";"4.086"
"1988-03-15";"J10M0";"A1100";"P1D_L";"ZZ";
"1988-03-16";"J10M0";"A1100";"P1D_L";"ZZ";
"1988-03-17";"J10M0";"A1100";"P1D_L";"ZZ";
"1988-03-18";"J10M0";"A1100";"P1D_L";"ZZ";
"1988-03-21";"J10M0";"A1100";"P1D_L";"ZZ";"4.11"
"1988-03-22";"J10M0";"A1100";"P1D_L";"ZZ";
"1988-03-23";"J10M0";"A1100";"P1D_L";"ZZ";
"1988-03-24";"J10M0";"A1100";"P1D_L";"ZZ";
"1988-03-25";"J10M0";"A1100";"P1D_L";"ZZ";
"1988-03-28";"J10M0";"A1100";"P1D_L";"ZZ";"4.128"
"1988-03-29";"J10M0";"A1100";"P1D_L";"ZZ";
"1988-03-30";"J10M0";"A1100";"P1D_L";"ZZ";
"1988-03-31";"J10M0";"A1100";"P1D_L";"ZZ";"3.998"
"1988-04-01";"J10M0";"A1100";"P1D_L";"ZZ";
"1988-04-04";"J10M0";"A1100";"P1D_L";"ZZ";
"1988-04-05";"J10M0";"A1100";"P1D_L";"ZZ";"4.026"
"1988-04-06";"J10M0";"A1100";"P1D_L";"ZZ";
"1988-04-07";"J10M0";"A1100";"P1D_L";"ZZ";
"1988-04-08";"J10M0";"A1100";"P1D_L";"ZZ";
"1988-04-11";"J10M0";"A1100";"P1D_L";"ZZ";"4.062"
"1988-04-12";"J10M0";"A1100";"P1D_L";"ZZ";
"1988-04-13";"J10M0";"A1100";"P1D_L";"ZZ";
"1988-04-14";"J10M0";"A1100";"P1D_L";"ZZ";
"1988-04-15";"J10M0";"A1100";"P1D_L";"ZZ";
"1988-04-18";"J10M0";"A1100";"P1D_L";"ZZ";"4.007"
"1988-04-19";"J10M0";"A1100";"P1D_L";"ZZ";
"1988-04-20";"J10M0";"A1100";"P1D_L";"ZZ";
"1988-04-21";"J10M0";"A1100";"P1D_L";"ZZ";
"1988-04-22";"J10M0";"A1100";"P1D_L";"ZZ";
"1988-04-25";"J10M0";"A1100";"P1D_L";"ZZ";"3.895"
"1988-04-26";"J10M0";"A1100";"P1D_L";"ZZ";
"1988-04-27";"J10M0";"A1100";"P1D_L";"ZZ";
"1988-04-28";"J10M0";"A1100";"P1D_L";"ZZ";
"1988-04-29";"J10M0";"A1100";"P1D_L";"ZZ";"3.965"
"1988-05-02";"J10M0";"A1100";"P1D_L";"ZZ";"4.032"
"1988-05-03";"J10M0";"A1100";"P1D_L";"ZZ";
"1988-05-04";"J10M0";"A1100";"P1D_L";"ZZ";
"1988-05-05";"J10M0";"A1100";"P1D_L";"ZZ";
"1988-05-06";"J10M0";"A1100";"P1D_L";"ZZ";
"1988-05-09";"J10M0";"A1100";"P1D_L";"ZZ";"4.035"
"1988-05-10";"J10M0";"A1100";"P1D_L";"ZZ";
"1988-05-11";"J10M0";"A1100";"P1D_L";"ZZ";
"1988-05-12";"J10M0";"A1100";"P1D_L";"ZZ";
"1988-05-13";"J10M0";"A1100";"P1D_L";"ZZ";
"1988-05-16";"J10M0";"A1100";"P1D_L";"ZZ";"4.07"
"1988-05-17";"J10M0";"A1100";"P1D_L";"ZZ";
"1988-05-18";"J10M0";"A1100";"P1D_L";"ZZ";
"1988-05-19";"J10M0";"A1100";"P1D_L";"ZZ";
"1988-05-20";"J10M0";"A1100";"P1D_L";"ZZ";
"1988-05-23";"J10M0";"A1100";"P1D_L";"ZZ";
"1988-05-24";"J10M0";"A1100";"P1D_L";"ZZ";"4.128"
"1988-05-25";"J10M0";"A1100";"P1D_L";"ZZ";
"1988-05-26";"J10M0";"A1100";"P1D_L";"ZZ";
"1988-05-27";"J10M0";"A1100";"P1D_L";"ZZ";
"1988-05-30";"J10M0";"A1100";"P1D_L";"ZZ";"4.143"
"1988-05-31";"J10M0";"A1100";"P1D_L";"ZZ";"4.127"
"1988-06-01";"J10M0";"A1100";"P1D_L";"ZZ";
"1988-06-02";"J10M0";"A1100";"P1D_L";"ZZ";
"1988-06-03";"J10M0";"A1100";"P1D_L";"ZZ";
"1988-06-06";"J10M0";"A1100";"P1D_L";"ZZ";"4.186"
"1988-06-07";"J10M0";"A1100";"P1D_L";"ZZ";
"1988-06-08";"J10M0";"A1100";"P1D_L";"ZZ";
"1988-06-09";"J10M0";"A1100";"P1D_L";"ZZ";
"1988-06-10";"J10M0";"A1100";"P1D_L";"ZZ";
"1988-06-13";"J10M0";"A1100";"P1D_L";"ZZ";"4.094"
"1988-06-14";"J10M0";"A1100";"P1D_L";"ZZ";
"1988-06-15";"J10M0";"A1100";"P1D_L";"ZZ";
"1988-06-16";"J10M0";"A1100";"P1D_L";"ZZ";
"1988-06-17";"J10M0";"A1100";"P1D_L";"ZZ";
"1988-06-20";"J10M0";"A1100";"P1D_L";"ZZ";"4.166"
"1988-06-21";"J10M0";"A1100";"P1D_L";"ZZ";
"1988-06-22";"J10M0";"A1100";"P1D_L";"ZZ";
"1988-06-23";"J10M0";"A1100";"P1D_L";"ZZ";
"1988-06-24";"J10M0";"A1100";"P1D_L";"ZZ";
"1988-06-27";"J10M0";"A1100";"P1D_L";"ZZ";"4.152"
"1988-06-28";"J10M0";"A1100";"P1D_L";"ZZ";
"1988-06-29";"J10M0";"A1100";"P1D_L";"ZZ";
"1988-06-30";"J10M0";"A1100";"P1D_L";"ZZ";"4.155"
"1988-07-01";"J10M0";"A1100";"P1D_L";"ZZ";
"1988-07-04";"J10M0";"A1100";"P1D_L";"ZZ";"4.164"
"1988-07-05";"J10M0";"A1100";"P1D_L";"ZZ";
"1988-07-06";"J10M0";"A1100";"P1D_L";"ZZ";
"1988-07-07";"J10M0";"A1100";"P1D_L";"ZZ";
"1988-07-08";"J10M0";"A1100";"P1D_L";"ZZ";
"1988-07-11";"J10M0";"A1100";"P1D_L";"ZZ";"4.161"
"1988-07-12";"J10M0";"A1100";"P1D_L";"ZZ";
"1988-07-13";"J10M0";"A1100";"P1D_L";"ZZ";
"1988-07-14";"J10M0";"A1100";"P1D_L";"ZZ";
"1988-07-15";"J10M0";"A1100";"P1D_L";"ZZ";
"1988-07-18";"J10M0";"A1100";"P1D_L";"ZZ";"4.225"
"1988-07-19";"J10M0";"A1100";"P1D_L";"ZZ";
"1988-07-20";"J10M0";"A1100";"P1D_L";"ZZ";
"1988-07-21";"J10M0";"A1100";"P1D_L";"ZZ";
"1988-07-22";"J10M0";"A1100";"P1D_L";"ZZ";
"1988-07-25";"J10M0";"A1100";"P1D_L";"ZZ";"4.3"
"1988-07-26";"J10M0";"A1100";"P1D_L";"ZZ";
"1988-07-27";"J10M0";"A1100";"P1D_L";"ZZ";
"1988-07-28";"J10M0";"A1100";"P1D_L";"ZZ";
"1988-07-29";"J10M0";"A1100";"P1D_L";"ZZ";"4.222"
"1988-08-01";"J10M0";"A1100";"P1D_L";"ZZ";
"1988-08-02";"J10M0";"A1100";"P1D_L";"ZZ";"4.302"
"1988-08-03";"J10M0";"A1100";"P1D_L";"ZZ";
"1988-08-04";"J10M0";"A1100";"P1D_L";"ZZ";
"1988-08-05";"J10M0";"A1100";"P1D_L";"ZZ";
"1988-08-08";"J10M0";"A1100";"P1D_L";"ZZ";"4.299"
"1988-08-09";"J10M0";"A1100";"P1D_L";"ZZ";
"1988-08-10";"J10M0";"A1100";"P1D_L";"ZZ";
"1988-08-11";"J10M0";"A1100";"P1D_L";"ZZ";
"1988-08-12";"J10M0";"A1100";"P1D_L";"ZZ";
"1988-08-15";"J10M0";"A1100";"P1D_L";"ZZ";"4.298"
"1988-08-16";"J10M0";"A1100";"P1D_L";"ZZ";
"1988-08-17";"J10M0";"A1100";"P1D_L";"ZZ";
"1988-08-18";"J10M0";"A1100";"P1D_L";"ZZ";
"1988-08-19";"J10M0";"A1100";"P1D_L";"ZZ";
"1988-08-22";"J10M0";"A1100";"P1D_L";"ZZ";"4.321"
"1988-08-23";"J10M0";"A1100";"P1D_L";"ZZ";
"1988-08-24";"J10M0";"A1100";"P1D_L";"ZZ";
"1988-08-25";"J10M0";"A1100";"P1D_L";"ZZ";
"1988-08-26";"J10M0";"A1100";"P1D_L";"ZZ";
"1988-08-29";"J10M0";"A1100";"P1D_L";"ZZ";"4.307"
"1988-08-30";"J10M0";"A1100";"P1D_L";"ZZ";
"1988-08-31";"J10M0";"A1100";"P1D_L";"ZZ";"4.292"
"1988-09-01";"J10M0";"A1100";"P1D_L";"ZZ";
"1988-09-02";"J10M0";"A1100";"P1D_L";"ZZ";
"1988-09-05";"J10M0";"A1100";"P1D_L";"ZZ";"4.301"
"1988-09-06";"J10M0";"A1100";"P1D_L";"ZZ";
"1988-09-07";"J10M0";"A1100";"P1D_L";"ZZ";
"1988-09-08";"J10M0";"A1100";"P1D_L";"ZZ";
"1988-09-09";"J10M0";"A1100";"P1D_L";"ZZ";
"1988-09-12";"J10M0";"A1100";"P1D_L";"ZZ";"4.284"
"1988-09-13";"J10M0";"A1100";"P1D_L";"ZZ";
"1988-09-14";"J10M0";"A1100";"P1D_L";"ZZ";
"1988-09-15";"J10M0";"A1100";"P1D_L";"ZZ";
"1988-09-16";"J10M0";"A1100";"P1D_L";"ZZ";
"1988-09-19";"J10M0";"A1100";"P1D_L";"ZZ";"4.263"
"1988-09-20";"J10M0";"A1100";"P1D_L";"ZZ";
"1988-09-21";"J10M0";"A1100";"P1D_L";"ZZ";
"1988-09-22";"J10M0";"A1100";"P1D_L";"ZZ";
"1988-09-23";"J10M0";"A1100";"P1D_L";"ZZ";
"1988-09-26";"J10M0";"A1100";"P1D_L";"ZZ";"4.254"
"1988-09-27";"J10M0";"A1100";"P1D_L";"ZZ";
"1988-09-28";"J10M0";"A1100";"P1D_L";"ZZ";
"1988-09-29";"J10M0";"A1100";"P1D_L";"ZZ";
"1988-09-30";"J10M0";"A1100";"P1D_L";"ZZ";"4.257"
"1988-10-03";"J10M0";"A1100";"P1D_L";"ZZ";"4.21"
"1988-10-04";"J10M0";"A1100";"P1D_L";"ZZ";
"1988-10-05";"J10M0";"A1100";"P1D_L";"ZZ";
"1988-10-06";"J10M0";"A1100";"P1D_L";"ZZ";
"1988-10-07";"J10M0";"A1100";"P1D_L";"ZZ";
"1988-10-10";"J10M0";"A1100";"P1D_L";"ZZ";"4.181"
"1988-10-11";"J10M0";"A1100";"P1D_L";"ZZ";
"1988-10-12";"J10M0";"A1100";"P1D_L";"ZZ";
"1988-10-13";"J10M0";"A1100";"P1D_L";"ZZ";
"1988-10-14";"J10M0";"A1100";"P1D_L";"ZZ";
"1988-10-17";"J10M0";"A1100";"P1D_L";"ZZ";"4.047"
"1988-10-18";"J10M0";"A1100";"P1D_L";"ZZ";
"1988-10-19";"J10M0";"A1100";"P1D_L";"ZZ";
"1988-10-20";"J10M0";"A1100";"P1D_L";"ZZ";
"1988-10-21";"J10M0";"A1100";"P1D_L";"ZZ";
"1988-10-24";"J10M0";"A1100";"P1D_L";"ZZ";"4.024"
"1988-10-25";"J10M0";"A1100";"P1D_L";"ZZ";
"1988-10-26";"J10M0";"A1100";"P1D_L";"ZZ";
"1988-10-27";"J10M0";"A1100";"P1D_L";"ZZ";
"1988-10-28";"J10M0";"A1100";"P1D_L";"ZZ";
"1988-10-31";"J10M0";"A1100";"P1D_L";"ZZ";"4.014"
"1988-11-01";"J10M0";"A1100";"P1D_L";"ZZ";
"1988-11-02";"J10M0";"A1100";"P1D_L";"ZZ";
"1988-11-03";"J10M0";"A1100";"P1D_L";"ZZ";
"1988-11-04";"J10M0";"A1100";"P1D_L";"ZZ";
"1988-11-07";"J10M0";"A1100";"P1D_L";"ZZ";"4.047"
"1988-11-08";"J10M0";"A1100";"P1D_L";"ZZ";
"1988-11-09";"J10M0";"A1100";"P1D_L";"ZZ";
"1988-11-10";"J10M0";"A1100";"P1D_L";"ZZ";
"1988-11-11";"J10M0";"A1100";"P1D_L";"ZZ";
"1988-11-14";"J10M0";"A1100";"P1D_L";"ZZ";"4.031"
"1988-11-15";"J10M0";"A1100";"P1D_L";"ZZ";
"1988-11-16";"J10M0";"A1100";"P1D_L";"ZZ";
"1988-11-17";"J10M0";"A1100";"P1D_L";"ZZ";
"1988-11-18";"J10M0";"A1100";"P1D_L";"ZZ";
"1988-11-21";"J10M0";"A1100";"P1D_L";"ZZ";"4.064"
"1988-11-22";"J10M0";"A1100";"P1D_L";"ZZ";
"1988-11-23";"J10M0";"A1100";"P1D_L";"ZZ";
"1988-11-24";"J10M0";"A1100";"P1D_L";"ZZ";
"1988-11-25";"J10M0";"A1100";"P1D_L";"ZZ";
"1988-11-28";"J10M0";"A1100";"P1D_L";"ZZ";"4.042"
"1988-11-29";"J10M0";"A1100";"P1D_L";"ZZ";
"1988-11-30";"J10M0";"A1100";"P1D_L";"ZZ";
"1988-12-01";"J10M0";"A1100";"P1D_L";"ZZ";
"1988-12-02";"J10M0";"A1100";"P1D_L";"ZZ";
"1988-12-05";"J10M0";"A1100";"P1D_L";"ZZ";"3.991"
"1988-12-06";"J10M0";"A1100";"P1D_L";"ZZ";
"1988-12-07";"J10M0";"A1100";"P1D_L";"ZZ";
"1988-12-08";"J10M0";"A1100";"P1D_L";"ZZ";
"1988-12-09";"J10M0";"A1100";"P1D_L";"ZZ";
"1988-12-12";"J10M0";"A1100";"P1D_L";"ZZ";"4.079"
"1988-12-13";"J10M0";"A1100";"P1D_L";"ZZ";
"1988-12-14";"J10M0";"A1100";"P1D_L";"ZZ";
"1988-12-15";"J10M0";"A1100";"P1D_L";"ZZ";
"1988-12-16";"J10M0";"A1100";"P1D_L";"ZZ";
"1988-12-19";"J10M0";"A1100";"P1D_L";"ZZ";"4.131"
"1988-12-20";"J10M0";"A1100";"P1D_L";"ZZ";
"1988-12-21";"J10M0";"A1100";"P1D_L";"ZZ";
"1988-12-22";"J10M0";"A1100";"P1D_L";"ZZ";
"1988-12-23";"J10M0";"A1100";"P1D_L";"ZZ";
"1988-12-26";"J10M0";"A1100";"P1D_L";"ZZ";
"1988-12-27";"J10M0";"A1100";"P1D_L";"ZZ";"4.219"
"1988-12-28";"J10M0";"A1100";"P1D_L";"ZZ";
"1988-12-29";"J10M0";"A1100";"P1D_L";"ZZ";
"1988-12-30";"J10M0";"A1100";"P1D_L";"ZZ";"4.107"
"1989-01-02";"J10M0";"A1100";"P1D_L";"ZZ";
"1989-01-03";"J10M0";"A1100";"P1D_L";"ZZ";"4.104"
"1989-01-04";"J10M0";"A1100";"P1D_L";"ZZ";
"1989-01-05";"J10M0";"A1100";"P1D_L";"ZZ";
"1989-01-06";"J10M0";"A1100";"P1D_L";"ZZ";
"1989-01-09";"J10M0";"A1100";"P1D_L";"ZZ";"4.265"
"1989-01-10";"J10M0";"A1100";"P1D_L";"ZZ";
"1989-01-11";"J10M0";"A1100";"P1D_L";"ZZ";
"1989-01-12";"J10M0";"A1100";"P1D_L";"ZZ";
"1989-01-13";"J10M0";"A1100";"P1D_L";"ZZ";
"1989-01-16";"J10M0";"A1100";"P1D_L";"ZZ";"4.24"
"1989-01-17";"J10M0";"A1100";"P1D_L";"ZZ";
"1989-01-18";"J10M0";"A1100";"P1D_L";"ZZ";
"1989-01-19";"J10M0";"A1100";"P1D_L";"ZZ";
"1989-01-20";"J10M0";"A1100";"P1D_L";"ZZ";
"1989-01-23";"J10M0";"A1100";"P1D_L";"ZZ";"4.371"
"1989-01-24";"J10M0";"A1100";"P1D_L";"ZZ";
"1989-01-25";"J10M0";"A1100";"P1D_L";"ZZ";
"1989-01-26";"J10M0";"A1100";"P1D_L";"ZZ";
"1989-01-27";"J10M0";"A1100";"P1D_L";"ZZ";
"1989-01-30";"J10M0";"A1100";"P1D_L";"ZZ";"4.488"
"1989-01-31";"J10M0";"A1100";"P1D_L";"ZZ";"4.517"
"1989-02-01";"J10M0";"A1100";"P1D_L";"ZZ";
"1989-02-02";"J10M0";"A1100";"P1D_L";"ZZ";
"1989-02-03";"J10M0";"A1100";"P1D_L";"ZZ";
"1989-02-06";"J10M0";"A1100";"P1D_L";"ZZ";"4.541"
"1989-02-07";"J10M0";"A1100";"P1D_L";"ZZ";
"1989-02-08";"J10M0";"A1100";"P1D_L";"ZZ";
"1989-02-09";"J10M0";"A1100";"P1D_L";"ZZ";
"1989-02-10";"J10M0";"A1100";"P1D_L";"ZZ";
"1989-02-13";"J10M0";"A1100";"P1D_L";"ZZ";"4.562"
"1989-02-14";"J10M0";"A1100";"P1D_L";"ZZ";
"1989-02-15";"J10M0";"A1100";"P1D_L";"ZZ";
"1989-02-16";"J10M0";"A1100";"P1D_L";"ZZ";
"1989-02-17";"J10M0";"A1100";"P1D_L";"ZZ";
"1989-02-20";"J10M0";"A1100";"P1D_L";"ZZ";"4.589"
"1989-02-21";"J10M0";"A1100";"P1D_L";"ZZ";
"1989-02-22";"J10M0";"A1100";"P1D_L";"ZZ";
"1989-02-23";"J10M0";"A1100";"P1D_L";"ZZ";
"1989-02-24";"J10M0";"A1100";"P1D_L";"ZZ";
"1989-02-27";"J10M0";"A1100";"P1D_L";"ZZ";"4.614"
"1989-02-28";"J10M0";"A1100";"P1D_L";"ZZ";"4.719"
"1989-03-01";"J10M0";"A1100";"P1D_L";"ZZ";
"1989-03-02";"J10M0";"A1100";"P1D_L";"ZZ";
"1989-03-03";"J10M0";"A1100";"P1D_L";"ZZ";
"1989-03-06";"J10M0";"A1100";"P1D_L";"ZZ";"4.725"
"1989-03-07";"J10M0";"A1100";"P1D_L";"ZZ";
"1989-03-08";"J10M0";"A1100";"P1D_L";"ZZ";
"1989-03-09";"J10M0";"A1100";"P1D_L";"ZZ";
"1989-03-10";"J10M0";"A1100";"P1D_L";"ZZ";
"1989-03-13";"J10M0";"A1100";"P1D_L";"ZZ";"4.72"
"1989-03-14";"J10M0";"A1100";"P1D_L";"ZZ";
"1989-03-15";"J10M0";"A1100";"P1D_L";"ZZ";
"1989-03-16";"J10M0";"A1100";"P1D_L";"ZZ";
"1989-03-17";"J10M0";"A1100";"P1D_L";"ZZ";
"1989-03-20";"J10M0";"A1100";"P1D_L";"ZZ";"4.716"
"1989-03-21";"J10M0";"A1100";"P1D_L";"ZZ";
"1989-03-22";"J10M0";"A1100";"P1D_L";"ZZ";
"1989-03-23";"J10M0";"A1100";"P1D_L";"ZZ";
"1989-03-24";"J10M0";"A1100";"P1D_L";"ZZ";
"1989-03-27";"J10M0";"A1100";"P1D_L";"ZZ";
"1989-03-28";"J10M0";"A1100";"P1D_L";"ZZ";"4.731"
"1989-03-29";"J10M0";"A1100";"P1D_L";"ZZ";
"1989-03-30";"J10M0";"A1100";"P1D_L";"ZZ";
"1989-03-31";"J10M0";"A1100";"P1D_L";"ZZ";"4.798"
"1989-04-03";"J10M0";"A1100";"P1D_L";"ZZ";"4.81"
"1989-04-04";"J10M0";"A1100";"P1D_L";"ZZ";
"1989-04-05";"J10M0";"A1100";"P1D_L";"ZZ";
"1989-04-06";"J10M0";"A1100";"P1D_L";"ZZ";
"1989-04-07";"J10M0";"A1100";"P1D_L";"ZZ";
"1989-04-10";"J10M0";"A1100";"P1D_L";"ZZ";"4.833"
"1989-04-11";"J10M0";"A1100";"P1D_L";"ZZ";
"1989-04-12";"J10M0";"A1100";"P1D_L";"ZZ";
"1989-04-13";"J10M0";"A1100";"P1D_L";"ZZ";
"1989-04-14";"J10M0";"A1100";"P1D_L";"ZZ";
"1989-04-17";"J10M0";"A1100";"P1D_L";"ZZ";"4.877"
"1989-04-18";"J10M0";"A1100";"P1D_L";"ZZ";
"1989-04-19";"J10M0";"A1100";"P1D_L";"ZZ";
"1989-04-20";"J10M0";"A1100";"P1D_L";"ZZ";
"1989-04-21";"J10M0";"A1100";"P1D_L";"ZZ";
"1989-04-24";"J10M0";"A1100";"P1D_L";"ZZ";"4.822"
"1989-04-25";"J10M0";"A1100";"P1D_L";"ZZ";
"1989-04-26";"J10M0";"A1100";"P1D_L";"ZZ";
"1989-04-27";"J10M0";"A1100";"P1D_L";"ZZ";
"1989-04-28";"J10M0";"A1100";"P1D_L";"ZZ";"5.054"
"1989-05-01";"J10M0";"A1100";"P1D_L";"ZZ";
"1989-05-02";"J10M0";"A1100";"P1D_L";"ZZ";"5.048"
"1989-05-03";"J10M0";"A1100";"P1D_L";"ZZ";
"1989-05-04";"J10M0";"A1100";"P1D_L";"ZZ";
"1989-05-05";"J10M0";"A1100";"P1D_L";"ZZ";
"1989-05-08";"J10M0";"A1100";"P1D_L";"ZZ";"5.135"
"1989-05-09";"J10M0";"A1100";"P1D_L";"ZZ";
"1989-05-10";"J10M0";"A1100";"P1D_L";"ZZ";
"1989-05-11";"J10M0";"A1100";"P1D_L";"ZZ";
"1989-05-12";"J10M0";"A1100";"P1D_L";"ZZ";
"1989-05-15";"J10M0";"A1100";"P1D_L";"ZZ";
"1989-05-16";"J10M0";"A1100";"P1D_L";"ZZ";"5.173"
"1989-05-17";"J10M0";"A1100";"P1D_L";"ZZ";
"1989-05-18";"J10M0";"A1100";"P1D_L";"ZZ";
"1989-05-19";"J10M0";"A1100";"P1D_L";"ZZ";
"1989-05-22";"J10M0";"A1100";"P1D_L";"ZZ";"5.213"
"1989-05-23";"J10M0";"A1100";"P1D_L";"ZZ";
"1989-05-24";"J10M0";"A1100";"P1D_L";"ZZ";
"1989-05-25";"J10M0";"A1100";"P1D_L";"ZZ";
"1989-05-26";"J10M0";"A1100";"P1D_L";"ZZ";
"1989-05-29";"J10M0";"A1100";"P1D_L";"ZZ";"5.195"
"1989-05-30";"J10M0";"A1100";"P1D_L";"ZZ";
"1989-05-31";"J10M0";"A1100";"P1D_L";"ZZ";"5.242"
"1989-06-01";"J10M0";"A1100";"P1D_L";"ZZ";
"1989-06-02";"J10M0";"A1100";"P1D_L";"ZZ";
"1989-06-05";"J10M0";"A1100";"P1D_L";"ZZ";"5.184"
"1989-06-06";"J10M0";"A1100";"P1D_L";"ZZ";
"1989-06-07";"J10M0";"A1100";"P1D_L";"ZZ";
"1989-06-08";"J10M0";"A1100";"P1D_L";"ZZ";
"1989-06-09";"J10M0";"A1100";"P1D_L";"ZZ";
"1989-06-12";"J10M0";"A1100";"P1D_L";"ZZ";"5.066"
"1989-06-13";"J10M0";"A1100";"P1D_L";"ZZ";
"1989-06-14";"J10M0";"A1100";"P1D_L";"ZZ";
"1989-06-15";"J10M0";"A1100";"P1D_L";"ZZ";
"1989-06-16";"J10M0";"A1100";"P1D_L";"ZZ";
"1989-06-19";"J10M0";"A1100";"P1D_L";"ZZ";"5.08"
"1989-06-20";"J10M0";"A1100";"P1D_L";"ZZ";
"1989-06-21";"J10M0";"A1100";"P1D_L";"ZZ";
"1989-06-22";"J10M0";"A1100";"P1D_L";"ZZ";
"1989-06-23";"J10M0";"A1100";"P1D_L";"ZZ";
"1989-06-26";"J10M0";"A1100";"P1D_L";"ZZ";"5.063"
"1989-06-27";"J10M0";"A1100";"P1D_L";"ZZ";
"1989-06-28";"J10M0";"A1100";"P1D_L";"ZZ";
"1989-06-29";"J10M0";"A1100";"P1D_L";"ZZ";
"1989-06-30";"J10M0";"A1100";"P1D_L";"ZZ";"5.105"
"1989-07-03";"J10M0";"A1100";"P1D_L";"ZZ";"5.097"
"1989-07-04";"J10M0";"A1100";"P1D_L";"ZZ";
"1989-07-05";"J10M0";"A1100";"P1D_L";"ZZ";
"1989-07-06";"J10M0";"A1100";"P1D_L";"ZZ";
"1989-07-07";"J10M0";"A1100";"P1D_L";"ZZ";
"1989-07-10";"J10M0";"A1100";"P1D_L";"ZZ";"5.11"
"1989-07-11";"J10M0";"A1100";"P1D_L";"ZZ";
"1989-07-12";"J10M0";"A1100";"P1D_L";"ZZ";
"1989-07-13";"J10M0";"A1100";"P1D_L";"ZZ";
"1989-07-14";"J10M0";"A1100";"P1D_L";"ZZ";
"1989-07-17";"J10M0";"A1100";"P1D_L";"ZZ";"5.169"
"1989-07-18";"J10M0";"A1100";"P1D_L";"ZZ";
"1989-07-19";"J10M0";"A1100";"P1D_L";"ZZ";
"1989-07-20";"J10M0";"A1100";"P1D_L";"ZZ";
"1989-07-21";"J10M0";"A1100";"P1D_L";"ZZ";
"1989-07-24";"J10M0";"A1100";"P1D_L";"ZZ";"5.162"
"1989-07-25";"J10M0";"A1100";"P1D_L";"ZZ";
"1989-07-26";"J10M0";"A1100";"P1D_L";"ZZ";
"1989-07-27";"J10M0";"A1100";"P1D_L";"ZZ";
"1989-07-28";"J10M0";"A1100";"P1D_L";"ZZ";
"1989-07-31";"J10M0";"A1100";"P1D_L";"ZZ";"5.173"
"1989-08-01";"J10M0";"A1100";"P1D_L";"ZZ";
"1989-08-02";"J10M0";"A1100";"P1D_L";"ZZ";
"1989-08-03";"J10M0";"A1100";"P1D_L";"ZZ";
"1989-08-04";"J10M0";"A1100";"P1D_L";"ZZ";
"1989-08-07";"J10M0";"A1100";"P1D_L";"ZZ";"5.115"
"1989-08-08";"J10M0";"A1100";"P1D_L";"ZZ";
"1989-08-09";"J10M0";"A1100";"P1D_L";"ZZ";
"1989-08-10";"J10M0";"A1100";"P1D_L";"ZZ";
"1989-08-11";"J10M0";"A1100";"P1D_L";"ZZ";
"1989-08-14";"J10M0";"A1100";"P1D_L";"ZZ";"5.124"
"1989-08-15";"J10M0";"A1100";"P1D_L";"ZZ";
"1989-08-16";"J10M0";"A1100";"P1D_L";"ZZ";
"1989-08-17";"J10M0";"A1100";"P1D_L";"ZZ";
"1989-08-18";"J10M0";"A1100";"P1D_L";"ZZ";
"1989-08-21";"J10M0";"A1100";"P1D_L";"ZZ";"5.169"
"1989-08-22";"J10M0";"A1100";"P1D_L";"ZZ";
"1989-08-23";"J10M0";"A1100";"P1D_L";"ZZ";
"1989-08-24";"J10M0";"A1100";"P1D_L";"ZZ";
"1989-08-25";"J10M0";"A1100";"P1D_L";"ZZ";
"1989-08-28";"J10M0";"A1100";"P1D_L";"ZZ";"5.174"
"1989-08-29";"J10M0";"A1100";"P1D_L";"ZZ";
"1989-08-30";"J10M0";"A1100";"P1D_L";"ZZ";
"1989-08-31";"J10M0";"A1100";"P1D_L";"ZZ";"5.195"
"1989-09-01";"J10M0";"A1100";"P1D_L";"ZZ";
"1989-09-04";"J10M0";"A1100";"P1D_L";"ZZ";"5.249"
"1989-09-05";"J10M0";"A1100";"P1D_L";"ZZ";
"1989-09-06";"J10M0";"A1100";"P1D_L";"ZZ";
"1989-09-07";"J10M0";"A1100";"P1D_L";"ZZ";
"1989-09-08";"J10M0";"A1100";"P1D_L";"ZZ";
"1989-09-11";"J10M0";"A1100";"P1D_L";"ZZ";"5.259"
"1989-09-12";"J10M0";"A1100";"P1D_L";"ZZ";
"1989-09-13";"J10M0";"A1100";"P1D_L";"ZZ";
"1989-09-14";"J10M0";"A1100";"P1D_L";"ZZ";
"1989-09-15";"J10M0";"A1100";"P1D_L";"ZZ";
"1989-09-18";"J10M0";"A1100";"P1D_L";"ZZ";"5.263"
"1989-09-19";"J10M0";"A1100";"P1D_L";"ZZ";
"1989-09-20";"J10M0";"A1100";"P1D_L";"ZZ";
"1989-09-21";"J10M0";"A1100";"P1D_L";"ZZ";
"1989-09-22";"J10M0";"A1100";"P1D_L";"ZZ";
"1989-09-25";"J10M0";"A1100";"P1D_L";"ZZ";"5.282"
"1989-09-26";"J10M0";"A1100";"P1D_L";"ZZ";
"1989-09-27";"J10M0";"A1100";"P1D_L";"ZZ";
"1989-09-28";"J10M0";"A1100";"P1D_L";"ZZ";
"1989-09-29";"J10M0";"A1100";"P1D_L";"ZZ";"5.311"
"1989-10-02";"J10M0";"A1100";"P1D_L";"ZZ";"5.315"
"1989-10-03";"J10M0";"A1100";"P1D_L";"ZZ";
"1989-10-04";"J10M0";"A1100";"P1D_L";"ZZ";
"1989-10-05";"J10M0";"A1100";"P1D_L";"ZZ";
"1989-10-06";"J10M0";"A1100";"P1D_L";"ZZ";
"1989-10-09";"J10M0";"A1100";"P1D_L";"ZZ";"5.312"
"1989-10-10";"J10M0";"A1100";"P1D_L";"ZZ";
"1989-10-11";"J10M0";"A1100";"P1D_L";"ZZ";
"1989-10-12";"J10M0";"A1100";"P1D_L";"ZZ";
"1989-10-13";"J10M0";"A1100";"P1D_L";"ZZ";
"1989-10-16";"J10M0";"A1100";"P1D_L";"ZZ";"5.348"
"1989-10-17";"J10M0";"A1100";"P1D_L";"ZZ";
"1989-10-18";"J10M0";"A1100";"P1D_L";"ZZ";
"1989-10-19";"J10M0";"A1100";"P1D_L";"ZZ";
"1989-10-20";"J10M0";"A1100";"P1D_L";"ZZ";
"1989-10-23";"J10M0";"A1100";"P1D_L";"ZZ";"5.337"
"1989-10-24";"J10M0";"A1100";"P1D_L";"ZZ";
"1989-10-25";"J10M0";"A1100";"P1D_L";"ZZ";
"1989-10-26";"J10M0";"A1100";"P1D_L";"ZZ";
"1989-10-27";"J10M0";"A1100";"P1D_L";"ZZ";
"1989-10-30";"J10M0";"A1100";"P1D_L";"ZZ";"5.308"
"1989-10-31";"J10M0";"A1100";"P1D_L";"ZZ";"5.31"
"1989-11-01";"J10M0";"A1100";"P1D_L";"ZZ";
"1989-11-02";"J10M0";"A1100";"P1D_L";"ZZ";
"1989-11-03";"J10M0";"A1100";"P1D_L";"ZZ";
"1989-11-06";"J10M0";"A1100";"P1D_L";"ZZ";"5.275"
"1989-11-07";"J10M0";"A1100";"P1D_L";"ZZ";
"1989-11-08";"J10M0";"A1100";"P1D_L";"ZZ";
"1989-11-09";"J10M0";"A1100";"P1D_L";"ZZ";
"1989-11-10";"J10M0";"A1100";"P1D_L";"ZZ";
"1989-11-13";"J10M0";"A1100";"P1D_L";"ZZ";"5.3"
"1989-11-14";"J10M0";"A1100";"P1D_L";"ZZ";
"1989-11-15";"J10M0";"A1100";"P1D_L";"ZZ";
"1989-11-16";"J10M0";"A1100";"P1D_L";"ZZ";
"1989-11-17";"J10M0";"A1100";"P1D_L";"ZZ";
"1989-11-20";"J10M0";"A1100";"P1D_L";"ZZ";"5.37"
"1989-11-21";"J10M0";"A1100";"P1D_L";"ZZ";
"1989-11-22";"J10M0";"A1100";"P1D_L";"ZZ";
"1989-11-23";"J10M0";"A1100";"P1D_L";"ZZ";
"1989-11-24";"J10M0";"A1100";"P1D_L";"ZZ";
"1989-11-27";"J10M0";"A1100";"P1D_L";"ZZ";"5.437"
"1989-11-28";"J10M0";"A1100";"P1D_L";"ZZ";
"1989-11-29";"J10M0";"A1100";"P1D_L";"ZZ";
"1989-11-30";"J10M0";"A1100";"P1D_L";"ZZ";
"1989-12-01";"J10M0";"A1100";"P1D_L";"ZZ";
"1989-12-04";"J10M0";"A1100";"P1D_L";"ZZ";"5.429"
"1989-12-05";"J10M0";"A1100";"P1D_L";"ZZ";
"1989-12-06";"J10M0";"A1100";"P1D_L";"ZZ";
"1989-12-07";"J10M0";"A1100";"P1D_L";"ZZ";
"1989-12-08";"J10M0";"A1100";"P1D_L";"ZZ";
"1989-12-11";"J10M0";"A1100";"P1D_L";"ZZ";"5.454"
"1989-12-12";"J10M0";"A1100";"P1D_L";"ZZ";
"1989-12-13";"J10M0";"A1100";"P1D_L";"ZZ";
"1989-12-14";"J10M0";"A1100";"P1D_L";"ZZ";
"1989-12-15";"J10M0";"A1100";"P1D_L";"ZZ";
"1989-12-18";"J10M0";"A1100";"P1D_L";"ZZ";"5.564"
"1989-12-19";"J10M0";"A1100";"P1D_L";"ZZ";
"1989-12-20";"J10M0";"A1100";"P1D_L";"ZZ";
"1989-12-21";"J10M0";"A1100";"P1D_L";"ZZ";
"1989-12-22";"J10M0";"A1100";"P1D_L";"ZZ";
"1989-12-25";"J10M0";"A1100";"P1D_L";"ZZ";
"1989-12-26";"J10M0";"A1100";"P1D_L";"ZZ";
"1989-12-27";"J10M0";"A1100";"P1D_L";"ZZ";"5.587"
"1989-12-28";"J10M0";"A1100";"P1D_L";"ZZ";
"1989-12-29";"J10M0";"A1100";"P1D_L";"ZZ";"5.618"
"1990-01-01";"J10M0";"A1100";"P1D_L";"ZZ";
"1990-01-02";"J10M0";"A1100";"P1D_L";"ZZ";
"1990-01-03";"J10M0";"A1100";"P1D_L";"ZZ";"5.616"
"1990-01-04";"J10M0";"A1100";"P1D_L";"ZZ";
"1990-01-05";"J10M0";"A1100";"P1D_L";"ZZ";
"1990-01-08";"J10M0";"A1100";"P1D_L";"ZZ";"5.692"
"1990-01-09";"J10M0";"A1100";"P1D_L";"ZZ";
"1990-01-10";"J10M0";"A1100";"P1D_L";"ZZ";
"1990-01-11";"J10M0";"A1100";"P1D_L";"ZZ";
"1990-01-12";"J10M0";"A1100";"P1D_L";"ZZ";
"1990-01-15";"J10M0";"A1100";"P1D_L";"ZZ";"5.819"
"1990-01-16";"J10M0";"A1100";"P1D_L";"ZZ";
"1990-01-17";"J10M0";"A1100";"P1D_L";"ZZ";
"1990-01-18";"J10M0";"A1100";"P1D_L";"ZZ";
"1990-01-19";"J10M0";"A1100";"P1D_L";"ZZ";
"1990-01-22";"J10M0";"A1100";"P1D_L";"ZZ";"5.98"
"1990-01-23";"J10M0";"A1100";"P1D_L";"ZZ";
"1990-01-24";"J10M0";"A1100";"P1D_L";"ZZ";
"1990-01-25";"J10M0";"A1100";"P1D_L";"ZZ";
"1990-01-26";"J10M0";"A1100";"P1D_L";"ZZ";
"1990-01-29";"J10M0";"A1100";"P1D_L";"ZZ";"6.059"
"1990-01-30";"J10M0";"A1100";"P1D_L";"ZZ";
"1990-01-31";"J10M0";"A1100";"P1D_L";"ZZ";"6.04"
"1990-02-01";"J10M0";"A1100";"P1D_L";"ZZ";
"1990-02-02";"J10M0";"A1100";"P1D_L";"ZZ";
"1990-02-05";"J10M0";"A1100";"P1D_L";"ZZ";"6.051"
"1990-02-06";"J10M0";"A1100";"P1D_L";"ZZ";
"1990-02-07";"J10M0";"A1100";"P1D_L";"ZZ";
"1990-02-08";"J10M0";"A1100";"P1D_L";"ZZ";
"1990-02-09";"J10M0";"A1100";"P1D_L";"ZZ";
"1990-02-12";"J10M0";"A1100";"P1D_L";"ZZ";"6.096"
"1990-02-13";"J10M0";"A1100";"P1D_L";"ZZ";
"1990-02-14";"J10M0";"A1100";"P1D_L";"ZZ";
"1990-02-15";"J10M0";"A1100";"P1D_L";"ZZ";
"1990-02-16";"J10M0";"A1100";"P1D_L";"ZZ";
"1990-02-19";"J10M0";"A1100";"P1D_L";"ZZ";"6.142"
"1990-02-20";"J10M0";"A1100";"P1D_L";"ZZ";
"1990-02-21";"J10M0";"A1100";"P1D_L";"ZZ";
"1990-02-22";"J10M0";"A1100";"P1D_L";"ZZ";
"1990-02-23";"J10M0";"A1100";"P1D_L";"ZZ";
"1990-02-26";"J10M0";"A1100";"P1D_L";"ZZ";"6.239"
"1990-02-27";"J10M0";"A1100";"P1D_L";"ZZ";
"1990-02-28";"J10M0";"A1100";"P1D_L";"ZZ";"6.292"
"1990-03-01";"J10M0";"A1100";"P1D_L";"ZZ";
"1990-03-02";"J10M0";"A1100";"P1D_L";"ZZ";
"1990-03-05";"J10M0";"A1100";"P1D_L";"ZZ";"6.332"
"1990-03-06";"J10M0";"A1100";"P1D_L";"ZZ";
"1990-03-07";"J10M0";"A1100";"P1D_L";"ZZ";
"1990-03-08";"J10M0";"A1100";"P1D_L";"ZZ";
"1990-03-09";"J10M0";"A1100";"P1D_L";"ZZ";
"1990-03-12";"J10M0";"A1100";"P1D_L";"ZZ";"6.311"
"1990-03-13";"J10M0";"A1100";"P1D_L";"ZZ";
"1990-03-14";"J10M0";"A1100";"P1D_L";"ZZ";
"1990-03-15";"J10M0";"A1100";"P1D_L";"ZZ";
"1990-03-16";"J10M0";"A1100";"P1D_L";"ZZ";
"1990-03-19";"J10M0";"A1100";"P1D_L";"ZZ";"6.36"
"1990-03-20";"J10M0";"A1100";"P1D_L";"ZZ";
"1990-03-21";"J10M0";"A1100";"P1D_L";"ZZ";
"1990-03-22";"J10M0";"A1100";"P1D_L";"ZZ";
"1990-03-23";"J10M0";"A1100";"P1D_L";"ZZ";
"1990-03-26";"J10M0";"A1100";"P1D_L";"ZZ";"6.376"
"1990-03-27";"J10M0";"A1100";"P1D_L";"ZZ";
"1990-03-28";"J10M0";"A1100";"P1D_L";"ZZ";
"1990-03-29";"J10M0";"A1100";"P1D_L";"ZZ";
"1990-03-30";"J10M0";"A1100";"P1D_L";"ZZ";"6.475"
"1990-04-02";"J10M0";"A1100";"P1D_L";"ZZ";"6.37"
"1990-04-03";"J10M0";"A1100";"P1D_L";"ZZ";
"1990-04-04";"J10M0";"A1100";"P1D_L";"ZZ";
"1990-04-05";"J10M0";"A1100";"P1D_L";"ZZ";
"1990-04-06";"J10M0";"A1100";"P1D_L";"ZZ";
"1990-04-09";"J10M0";"A1100";"P1D_L";"ZZ";"6.448"
"1990-04-10";"J10M0";"A1100";"P1D_L";"ZZ";
"1990-04-11";"J10M0";"A1100";"P1D_L";"ZZ";
"1990-04-12";"J10M0";"A1100";"P1D_L";"ZZ";
"1990-04-13";"J10M0";"A1100";"P1D_L";"ZZ";
"1990-04-16";"J10M0";"A1100";"P1D_L";"ZZ";
"1990-04-17";"J10M0";"A1100";"P1D_L";"ZZ";"6.507"
"1990-04-18";"J10M0";"A1100";"P1D_L";"ZZ";
"1990-04-19";"J10M0";"A1100";"P1D_L";"ZZ";
"1990-04-20";"J10M0";"A1100";"P1D_L";"ZZ";
"1990-04-23";"J10M0";"A1100";"P1D_L";"ZZ";"6.533"
"1990-04-24";"J10M0";"A1100";"P1D_L";"ZZ";
"1990-04-25";"J10M0";"A1100";"P1D_L";"ZZ";
"1990-04-26";"J10M0";"A1100";"P1D_L";"ZZ";
"1990-04-27";"J10M0";"A1100";"P1D_L";"ZZ";
"1990-04-30";"J10M0";"A1100";"P1D_L";"ZZ";"6.629"
"1990-05-01";"J10M0";"A1100";"P1D_L";"ZZ";
"1990-05-02";"J10M0";"A1100";"P1D_L";"ZZ";
"1990-05-03";"J10M0";"A1100";"P1D_L";"ZZ";
"1990-05-04";"J10M0";"A1100";"P1D_L";"ZZ";
"1990-05-07";"J10M0";"A1100";"P1D_L";"ZZ";"6.648"
"1990-05-08";"J10M0";"A1100";"P1D_L";"ZZ";
"1990-05-09";"J10M0";"A1100";"P1D_L";"ZZ";
"1990-05-10";"J10M0";"A1100";"P1D_L";"ZZ";
"1990-05-11";"J10M0";"A1100";"P1D_L";"ZZ";
"1990-05-14";"J10M0";"A1100";"P1D_L";"ZZ";"6.532"
"1990-05-15";"J10M0";"A1100";"P1D_L";"ZZ";
"1990-05-16";"J10M0";"A1100";"P1D_L";"ZZ";
"1990-05-17";"J10M0";"A1100";"P1D_L";"ZZ";
"1990-05-18";"J10M0";"A1100";"P1D_L";"ZZ";
"1990-05-21";"J10M0";"A1100";"P1D_L";"ZZ";"6.403"
"1990-05-22";"J10M0";"A1100";"P1D_L";"ZZ";
"1990-05-23";"J10M0";"A1100";"P1D_L";"ZZ";
"1990-05-24";"J10M0";"A1100";"P1D_L";"ZZ";
"1990-05-25";"J10M0";"A1100";"P1D_L";"ZZ";
"1990-05-28";"J10M0";"A1100";"P1D_L";"ZZ";"6.323"
"1990-05-29";"J10M0";"A1100";"P1D_L";"ZZ";
"1990-05-30";"J10M0";"A1100";"P1D_L";"ZZ";
"1990-05-31";"J10M0";"A1100";"P1D_L";"ZZ";"6.3"
"1990-06-01";"J10M0";"A1100";"P1D_L";"ZZ";
"1990-06-04";"J10M0";"A1100";"P1D_L";"ZZ";
"1990-06-05";"J10M0";"A1100";"P1D_L";"ZZ";"6.29"
"1990-06-06";"J10M0";"A1100";"P1D_L";"ZZ";
"1990-06-07";"J10M0";"A1100";"P1D_L";"ZZ";
"1990-06-08";"J10M0";"A1100";"P1D_L";"ZZ";
"1990-06-11";"J10M0";"A1100";"P1D_L";"ZZ";"6.322"
"1990-06-12";"J10M0";"A1100";"P1D_L";"ZZ";
"1990-06-13";"J10M0";"A1100";"P1D_L";"ZZ";
"1990-06-14";"J10M0";"A1100";"P1D_L";"ZZ";
"1990-06-15";"J10M0";"A1100";"P1D_L";"ZZ";
"1990-06-18";"J10M0";"A1100";"P1D_L";"ZZ";"6.264"
"1990-06-19";"J10M0";"A1100";"P1D_L";"ZZ";
"1990-06-20";"J10M0";"A1100";"P1D_L";"ZZ";
"1990-06-21";"J10M0";"A1100";"P1D_L";"ZZ";
"1990-06-22";"J10M0";"A1100";"P1D_L";"ZZ";
"1990-06-25";"J10M0";"A1100";"P1D_L";"ZZ";"6.166"
"1990-06-26";"J10M0";"A1100";"P1D_L";"ZZ";
"1990-06-27";"J10M0";"A1100";"P1D_L";"ZZ";
"1990-06-28";"J10M0";"A1100";"P1D_L";"ZZ";
"1990-06-29";"J10M0";"A1100";"P1D_L";"ZZ";"6.147"
"1990-07-02";"J10M0";"A1100";"P1D_L";"ZZ";"6.156"
"1990-07-03";"J10M0";"A1100";"P1D_L";"ZZ";
"1990-07-04";"J10M0";"A1100";"P1D_L";"ZZ";
"1990-07-05";"J10M0";"A1100";"P1D_L";"ZZ";
"1990-07-06";"J10M0";"A1100";"P1D_L";"ZZ";
"1990-07-09";"J10M0";"A1100";"P1D_L";"ZZ";"6.094"
"1990-07-10";"J10M0";"A1100";"P1D_L";"ZZ";
"1990-07-11";"J10M0";"A1100";"P1D_L";"ZZ";
"1990-07-12";"J10M0";"A1100";"P1D_L";"ZZ";
"1990-07-13";"J10M0";"A1100";"P1D_L";"ZZ";
"1990-07-16";"J10M0";"A1100";"P1D_L";"ZZ";"6.039"
"1990-07-17";"J10M0";"A1100";"P1D_L";"ZZ";
"1990-07-18";"J10M0";"A1100";"P1D_L";"ZZ";
"1990-07-19";"J10M0";"A1100";"P1D_L";"ZZ";
"1990-07-20";"J10M0";"A1100";"P1D_L";"ZZ";
"1990-07-23";"J10M0";"A1100";"P1D_L";"ZZ";"6.009"
"1990-07-24";"J10M0";"A1100";"P1D_L";"ZZ";
"1990-07-25";"J10M0";"A1100";"P1D_L";"ZZ";
"1990-07-26";"J10M0";"A1100";"P1D_L";"ZZ";
"1990-07-27";"J10M0";"A1100";"P1D_L";"ZZ";
"1990-07-30";"J10M0";"A1100";"P1D_L";"ZZ";"6.093"
"1990-07-31";"J10M0";"A1100";"P1D_L";"ZZ";"6.078"
"1990-08-01";"J10M0";"A1100";"P1D_L";"ZZ";
"1990-08-02";"J10M0";"A1100";"P1D_L";"ZZ";
"1990-08-03";"J10M0";"A1100";"P1D_L";"ZZ";
"1990-08-06";"J10M0";"A1100";"P1D_L";"ZZ";"6.082"
"1990-08-07";"J10M0";"A1100";"P1D_L";"ZZ";
"1990-08-08";"J10M0";"A1100";"P1D_L";"ZZ";
"1990-08-09";"J10M0";"A1100";"P1D_L";"ZZ";
"1990-08-10";"J10M0";"A1100";"P1D_L";"ZZ";
"1990-08-13";"J10M0";"A1100";"P1D_L";"ZZ";"6.186"
"1990-08-14";"J10M0";"A1100";"P1D_L";"ZZ";
"1990-08-15";"J10M0";"A1100";"P1D_L";"ZZ";
"1990-08-16";"J10M0";"A1100";"P1D_L";"ZZ";
"1990-08-17";"J10M0";"A1100";"P1D_L";"ZZ";
"1990-08-20";"J10M0";"A1100";"P1D_L";"ZZ";"6.325"
"1990-08-21";"J10M0";"A1100";"P1D_L";"ZZ";
"1990-08-22";"J10M0";"A1100";"P1D_L";"ZZ";
"1990-08-23";"J10M0";"A1100";"P1D_L";"ZZ";
"1990-08-24";"J10M0";"A1100";"P1D_L";"ZZ";
"1990-08-27";"J10M0";"A1100";"P1D_L";"ZZ";"6.457"
"1990-08-28";"J10M0";"A1100";"P1D_L";"ZZ";
"1990-08-29";"J10M0";"A1100";"P1D_L";"ZZ";
"1990-08-30";"J10M0";"A1100";"P1D_L";"ZZ";
"1990-08-31";"J10M0";"A1100";"P1D_L";"ZZ";"6.484"
"1990-09-03";"J10M0";"A1100";"P1D_L";"ZZ";"6.514"
"1990-09-04";"J10M0";"A1100";"P1D_L";"ZZ";
"1990-09-05";"J10M0";"A1100";"P1D_L";"ZZ";
"1990-09-06";"J10M0";"A1100";"P1D_L";"ZZ";
"1990-09-07";"J10M0";"A1100";"P1D_L";"ZZ";
"1990-09-10";"J10M0";"A1100";"P1D_L";"ZZ";"6.547"
"1990-09-11";"J10M0";"A1100";"P1D_L";"ZZ";
"1990-09-12";"J10M0";"A1100";"P1D_L";"ZZ";
"1990-09-13";"J10M0";"A1100";"P1D_L";"ZZ";
"1990-09-14";"J10M0";"A1100";"P1D_L";"ZZ";
"1990-09-17";"J10M0";"A1100";"P1D_L";"ZZ";"6.548"
"1990-09-18";"J10M0";"A1100";"P1D_L";"ZZ";
"1990-09-19";"J10M0";"A1100";"P1D_L";"ZZ";
"1990-09-20";"J10M0";"A1100";"P1D_L";"ZZ";
"1990-09-21";"J10M0";"A1100";"P1D_L";"ZZ";
"1990-09-24";"J10M0";"A1100";"P1D_L";"ZZ";"6.527"
"1990-09-25";"J10M0";"A1100";"P1D_L";"ZZ";
"1990-09-26";"J10M0";"A1100";"P1D_L";"ZZ";
"1990-09-27";"J10M0";"A1100";"P1D_L";"ZZ";
"1990-09-28";"J10M0";"A1100";"P1D_L";"ZZ";"6.509"
"1990-10-01";"J10M0";"A1100";"P1D_L";"ZZ";"6.503"
"1990-10-02";"J10M0";"A1100";"P1D_L";"ZZ";
"1990-10-03";"J10M0";"A1100";"P1D_L";"ZZ";
"1990-10-04";"J10M0";"A1100";"P1D_L";"ZZ";
"1990-10-05";"J10M0";"A1100";"P1D_L";"ZZ";
"1990-10-08";"J10M0";"A1100";"P1D_L";"ZZ";"6.486"
"1990-10-09";"J10M0";"A1100";"P1D_L";"ZZ";
"1990-10-10";"J10M0";"A1100";"P1D_L";"ZZ";
"1990-10-11";"J10M0";"A1100";"P1D_L";"ZZ";
"1990-10-12";"J10M0";"A1100";"P1D_L";"ZZ";
"1990-10-15";"J10M0";"A1100";"P1D_L";"ZZ";"6.519"
"1990-10-16";"J10M0";"A1100";"P1D_L";"ZZ";
"1990-10-17";"J10M0";"A1100";"P1D_L";"ZZ";
"1990-10-18";"J10M0";"A1100";"P1D_L";"ZZ";
"1990-10-19";"J10M0";"A1100";"P1D_L";"ZZ";
"1990-10-22";"J10M0";"A1100";"P1D_L";"ZZ";"6.547"
"1990-10-23";"J10M0";"A1100";"P1D_L";"ZZ";
"1990-10-24";"J10M0";"A1100";"P1D_L";"ZZ";
"1990-10-25";"J10M0";"A1100";"P1D_L";"ZZ";
"1990-10-26";"J10M0";"A1100";"P1D_L";"ZZ";
"1990-10-29";"J10M0";"A1100";"P1D_L";"ZZ";"6.493"
"1990-10-30";"J10M0";"A1100";"P1D_L";"ZZ";
"1990-10-31";"J10M0";"A1100";"P1D_L";"ZZ";"6.491"
"1990-11-01";"J10M0";"A1100";"P1D_L";"ZZ";
"1990-11-02";"J10M0";"A1100";"P1D_L";"ZZ";
"1990-11-05";"J10M0";"A1100";"P1D_L";"ZZ";"6.515"
"1990-11-06";"J10M0";"A1100";"P1D_L";"ZZ";
"1990-11-07";"J10M0";"A1100";"P1D_L";"ZZ";
"1990-11-08";"J10M0";"A1100";"P1D_L";"ZZ";
"1990-11-09";"J10M0";"A1100";"P1D_L";"ZZ";
"1990-11-12";"J10M0";"A1100";"P1D_L";"ZZ";"6.561"
"1990-11-13";"J10M0";"A1100";"P1D_L";"ZZ";
"1990-11-14";"J10M0";"A1100";"P1D_L";"ZZ";
"1990-11-15";"J10M0";"A1100";"P1D_L";"ZZ";
"1990-11-16";"J10M0";"A1100";"P1D_L";"ZZ";
"1990-11-19";"J10M0";"A1100";"P1D_L";"ZZ";"6.557"
"1990-11-20";"J10M0";"A1100";"P1D_L";"ZZ";
"1990-11-21";"J10M0";"A1100";"P1D_L";"ZZ";
"1990-11-22";"J10M0";"A1100";"P1D_L";"ZZ";
"1990-11-23";"J10M0";"A1100";"P1D_L";"ZZ";
"1990-11-26";"J10M0";"A1100";"P1D_L";"ZZ";"6.549"
"1990-11-27";"J10M0";"A1100";"P1D_L";"ZZ";
"1990-11-28";"J10M0";"A1100";"P1D_L";"ZZ";
"1990-11-29";"J10M0";"A1100";"P1D_L";"ZZ";
"1990-11-30";"J10M0";"A1100";"P1D_L";"ZZ";"6.563"
"1990-12-03";"J10M0";"A1100";"P1D_L";"ZZ";"6.563"
"1990-12-04";"J10M0";"A1100";"P1D_L";"ZZ";
"1990-12-05";"J10M0";"A1100";"P1D_L";"ZZ";
"1990-12-06";"J10M0";"A1100";"P1D_L";"ZZ";
"1990-12-07";"J10M0";"A1100";"P1D_L";"ZZ";
"1990-12-10";"J10M0";"A1100";"P1D_L";"ZZ";"6.576"
"1990-12-11";"J10M0";"A1100";"P1D_L";"ZZ";
"1990-12-12";"J10M0";"A1100";"P1D_L";"ZZ";
"1990-12-13";"J10M0";"A1100";"P1D_L";"ZZ";
"1990-12-14";"J10M0";"A1100";"P1D_L";"ZZ";
"1990-12-17";"J10M0";"A1100";"P1D_L";"ZZ";"6.624"
"1990-12-18";"J10M0";"A1100";"P1D_L";"ZZ";
"1990-12-19";"J10M0";"A1100";"P1D_L";"ZZ";
"1990-12-20";"J10M0";"A1100";"P1D_L";"ZZ";
"1990-12-21";"J10M0";"A1100";"P1D_L";"ZZ";
"1990-12-24";"J10M0";"A1100";"P1D_L";"ZZ";"6.575"
"1990-12-25";"J10M0";"A1100";"P1D_L";"ZZ";
"1990-12-26";"J10M0";"A1100";"P1D_L";"ZZ";
"1990-12-27";"J10M0";"A1100";"P1D_L";"ZZ";
"1990-12-28";"J10M0";"A1100";"P1D_L";"ZZ";"6.601"
"1990-12-31";"J10M0";"A1100";"P1D_L";"ZZ";
"1991-01-01";"J10M0";"A1100";"P1D_L";"ZZ";
"1991-01-02";"J10M0";"A1100";"P1D_L";"ZZ";
"1991-01-03";"J10M0";"A1100";"P1D_L";"ZZ";"6.594"
"1991-01-04";"J10M0";"A1100";"P1D_L";"ZZ";
"1991-01-07";"J10M0";"A1100";"P1D_L";"ZZ";"6.537"
"1991-01-08";"J10M0";"A1100";"P1D_L";"ZZ";
"1991-01-09";"J10M0";"A1100";"P1D_L";"ZZ";
"1991-01-10";"J10M0";"A1100";"P1D_L";"ZZ";
"1991-01-11";"J10M0";"A1100";"P1D_L";"ZZ";
"1991-01-14";"J10M0";"A1100";"P1D_L";"ZZ";"6.524"
"1991-01-15";"J10M0";"A1100";"P1D_L";"ZZ";
"1991-01-16";"J10M0";"A1100";"P1D_L";"ZZ";
"1991-01-17";"J10M0";"A1100";"P1D_L";"ZZ";
"1991-01-18";"J10M0";"A1100";"P1D_L";"ZZ";
"1991-01-21";"J10M0";"A1100";"P1D_L";"ZZ";"6.528"
"1991-01-22";"J10M0";"A1100";"P1D_L";"ZZ";
"1991-01-23";"J10M0";"A1100";"P1D_L";"ZZ";
"1991-01-24";"J10M0";"A1100";"P1D_L";"ZZ";
"1991-01-25";"J10M0";"A1100";"P1D_L";"ZZ";
"1991-01-28";"J10M0";"A1100";"P1D_L";"ZZ";"6.413"
"1991-01-29";"J10M0";"A1100";"P1D_L";"ZZ";
"1991-01-30";"J10M0";"A1100";"P1D_L";"ZZ";
"1991-01-31";"J10M0";"A1100";"P1D_L";"ZZ";"6.415"
"1991-02-01";"J10M0";"A1100";"P1D_L";"ZZ";
"1991-02-04";"J10M0";"A1100";"P1D_L";"ZZ";"6.402"
"1991-02-05";"J10M0";"A1100";"P1D_L";"ZZ";
"1991-02-06";"J10M0";"A1100";"P1D_L";"ZZ";
"1991-02-07";"J10M0";"A1100";"P1D_L";"ZZ";
"1991-02-08";"J10M0";"A1100";"P1D_L";"ZZ";
"1991-02-11";"J10M0";"A1100";"P1D_L";"ZZ";"6.257"
"1991-02-12";"J10M0";"A1100";"P1D_L";"ZZ";
"1991-02-13";"J10M0";"A1100";"P1D_L";"ZZ";
"1991-02-14";"J10M0";"A1100";"P1D_L";"ZZ";
"1991-02-15";"J10M0";"A1100";"P1D_L";"ZZ";
"1991-02-18";"J10M0";"A1100";"P1D_L";"ZZ";"6.154"
"1991-02-19";"J10M0";"A1100";"P1D_L";"ZZ";
"1991-02-20";"J10M0";"A1100";"P1D_L";"ZZ";
"1991-02-21";"J10M0";"A1100";"P1D_L";"ZZ";
"1991-02-22";"J10M0";"A1100";"P1D_L";"ZZ";
"1991-02-25";"J10M0";"A1100";"P1D_L";"ZZ";"6.215"
"1991-02-26";"J10M0";"A1100";"P1D_L";"ZZ";
"1991-02-27";"J10M0";"A1100";"P1D_L";"ZZ";
"1991-02-28";"J10M0";"A1100";"P1D_L";"ZZ";"6.221"
"1991-03-01";"J10M0";"A1100";"P1D_L";"ZZ";
"1991-03-04";"J10M0";"A1100";"P1D_L";"ZZ";"6.24"
"1991-03-05";"J10M0";"A1100";"P1D_L";"ZZ";
"1991-03-06";"J10M0";"A1100";"P1D_L";"ZZ";
"1991-03-07";"J10M0";"A1100";"P1D_L";"ZZ";
"1991-03-08";"J10M0";"A1100";"P1D_L";"ZZ";
"1991-03-11";"J10M0";"A1100";"P1D_L";"ZZ";"6.158"
"1991-03-12";"J10M0";"A1100";"P1D_L";"ZZ";
"1991-03-13";"J10M0";"A1100";"P1D_L";"ZZ";
"1991-03-14";"J10M0";"A1100";"P1D_L";"ZZ";
"1991-03-15";"J10M0";"A1100";"P1D_L";"ZZ";
"1991-03-18";"J10M0";"A1100";"P1D_L";"ZZ";"6.159"
"1991-03-19";"J10M0";"A1100";"P1D_L";"ZZ";
"1991-03-20";"J10M0";"A1100";"P1D_L";"ZZ";
"1991-03-21";"J10M0";"A1100";"P1D_L";"ZZ";
"1991-03-22";"J10M0";"A1100";"P1D_L";"ZZ";
"1991-03-25";"J10M0";"A1100";"P1D_L";"ZZ";"6.144"
"1991-03-26";"J10M0";"A1100";"P1D_L";"ZZ";
"1991-03-27";"J10M0";"A1100";"P1D_L";"ZZ";
"1991-03-28";"J10M0";"A1100";"P1D_L";"ZZ";"6.155"
"1991-03-29";"J10M0";"A1100";"P1D_L";"ZZ";
"1991-04-01";"J10M0";"A1100";"P1D_L";"ZZ";
"1991-04-02";"J10M0";"A1100";"P1D_L";"ZZ";"6.15"
"1991-04-03";"J10M0";"A1100";"P1D_L";"ZZ";
"1991-04-04";"J10M0";"A1100";"P1D_L";"ZZ";
"1991-04-05";"J10M0";"A1100";"P1D_L";"ZZ";
"1991-04-08";"J10M0";"A1100";"P1D_L";"ZZ";"6.028"
"1991-04-09";"J10M0";"A1100";"P1D_L";"ZZ";
"1991-04-10";"J10M0";"A1100";"P1D_L";"ZZ";
"1991-04-11";"J10M0";"A1100";"P1D_L";"ZZ";
"1991-04-12";"J10M0";"A1100";"P1D_L";"ZZ";
"1991-04-15";"J10M0";"A1100";"P1D_L";"ZZ";"5.965"
"1991-04-16";"J10M0";"A1100";"P1D_L";"ZZ";
"1991-04-17";"J10M0";"A1100";"P1D_L";"ZZ";
"1991-04-18";"J10M0";"A1100";"P1D_L";"ZZ";
"1991-04-19";"J10M0";"A1100";"P1D_L";"ZZ";
"1991-04-22";"J10M0";"A1100";"P1D_L";"ZZ";"5.951"
"1991-04-23";"J10M0";"A1100";"P1D_L";"ZZ";
"1991-04-24";"J10M0";"A1100";"P1D_L";"ZZ";
"1991-04-25";"J10M0";"A1100";"P1D_L";"ZZ";
"1991-04-26";"J10M0";"A1100";"P1D_L";"ZZ";
"1991-04-29";"J10M0";"A1100";"P1D_L";"ZZ";"6.015"
"1991-04-30";"J10M0";"A1100";"P1D_L";"ZZ";"6.016"
"1991-05-01";"J10M0";"A1100";"P1D_L";"ZZ";
"1991-05-02";"J10M0";"A1100";"P1D_L";"ZZ";
"1991-05-03";"J10M0";"A1100";"P1D_L";"ZZ";
"1991-05-06";"J10M0";"A1100";"P1D_L";"ZZ";"6.034"
"1991-05-07";"J10M0";"A1100";"P1D_L";"ZZ";
"1991-05-08";"J10M0";"A1100";"P1D_L";"ZZ";
"1991-05-09";"J10M0";"A1100";"P1D_L";"ZZ";
"1991-05-10";"J10M0";"A1100";"P1D_L";"ZZ";
"1991-05-13";"J10M0";"A1100";"P1D_L";"ZZ";"5.979"
"1991-05-14";"J10M0";"A1100";"P1D_L";"ZZ";
"1991-05-15";"J10M0";"A1100";"P1D_L";"ZZ";
"1991-05-16";"J10M0";"A1100";"P1D_L";"ZZ";
"1991-05-17";"J10M0";"A1100";"P1D_L";"ZZ";
"1991-05-20";"J10M0";"A1100";"P1D_L";"ZZ";
"1991-05-21";"J10M0";"A1100";"P1D_L";"ZZ";"5.85"
"1991-05-22";"J10M0";"A1100";"P1D_L";"ZZ";
"1991-05-23";"J10M0";"A1100";"P1D_L";"ZZ";
"1991-05-24";"J10M0";"A1100";"P1D_L";"ZZ";
"1991-05-27";"J10M0";"A1100";"P1D_L";"ZZ";"5.86"
"1991-05-28";"J10M0";"A1100";"P1D_L";"ZZ";
"1991-05-29";"J10M0";"A1100";"P1D_L";"ZZ";
"1991-05-30";"J10M0";"A1100";"P1D_L";"ZZ";
"1991-05-31";"J10M0";"A1100";"P1D_L";"ZZ";"5.813"
"1991-06-03";"J10M0";"A1100";"P1D_L";"ZZ";"5.791"
"1991-06-04";"J10M0";"A1100";"P1D_L";"ZZ";
"1991-06-05";"J10M0";"A1100";"P1D_L";"ZZ";
"1991-06-06";"J10M0";"A1100";"P1D_L";"ZZ";
"1991-06-07";"J10M0";"A1100";"P1D_L";"ZZ";
"1991-06-10";"J10M0";"A1100";"P1D_L";"ZZ";"5.814"
"1991-06-11";"J10M0";"A1100";"P1D_L";"ZZ";
"1991-06-12";"J10M0";"A1100";"P1D_L";"ZZ";
"1991-06-13";"J10M0";"A1100";"P1D_L";"ZZ";
"1991-06-14";"J10M0";"A1100";"P1D_L";"ZZ";
"1991-06-17";"J10M0";"A1100";"P1D_L";"ZZ";"5.821"
"1991-06-18";"J10M0";"A1100";"P1D_L";"ZZ";
"1991-06-19";"J10M0";"A1100";"P1D_L";"ZZ";
"1991-06-20";"J10M0";"A1100";"P1D_L";"ZZ";
"1991-06-21";"J10M0";"A1100";"P1D_L";"ZZ";
"1991-06-24";"J10M0";"A1100";"P1D_L";"ZZ";"5.953"
"1991-06-25";"J10M0";"A1100";"P1D_L";"ZZ";
"1991-06-26";"J10M0";"A1100";"P1D_L";"ZZ";
"1991-06-27";"J10M0";"A1100";"P1D_L";"ZZ";
"1991-06-28";"J10M0";"A1100";"P1D_L";"ZZ";"5.971"
"1991-07-01";"J10M0";"A1100";"P1D_L";"ZZ";"5.96"
"1991-07-02";"J10M0";"A1100";"P1D_L";"ZZ";
"1991-07-03";"J10M0";"A1100";"P1D_L";"ZZ";
"1991-07-04";"J10M0";"A1100";"P1D_L";"ZZ";
"1991-07-05";"J10M0";"A1100";"P1D_L";"ZZ";
"1991-07-08";"J10M0";"A1100";"P1D_L";"ZZ";"6.001"
"1991-07-09";"J10M0";"A1100";"P1D_L";"ZZ";
"1991-07-10";"J10M0";"A1100";"P1D_L";"ZZ";
"1991-07-11";"J10M0";"A1100";"P1D_L";"ZZ";
"1991-07-12";"J10M0";"A1100";"P1D_L";"ZZ";
"1991-07-15";"J10M0";"A1100";"P1D_L";"ZZ";"5.99"
"1991-07-16";"J10M0";"A1100";"P1D_L";"ZZ";
"1991-07-17";"J10M0";"A1100";"P1D_L";"ZZ";
"1991-07-18";"J10M0";"A1100";"P1D_L";"ZZ";
"1991-07-19";"J10M0";"A1100";"P1D_L";"ZZ";
"1991-07-22";"J10M0";"A1100";"P1D_L";"ZZ";"5.97"
"1991-07-23";"J10M0";"A1100";"P1D_L";"ZZ";
"1991-07-24";"J10M0";"A1100";"P1D_L";"ZZ";
"1991-07-25";"J10M0";"A1100";"P1D_L";"ZZ";
"1991-07-26";"J10M0";"A1100";"P1D_L";"ZZ";
"1991-07-29";"J10M0";"A1100";"P1D_L";"ZZ";"6.011"
"1991-07-30";"J10M0";"A1100";"P1D_L";"ZZ";
"1991-07-31";"J10M0";"A1100";"P1D_L";"ZZ";"5.996"
"1991-08-01";"J10M0";"A1100";"P1D_L";"ZZ";
"1991-08-02";"J10M0";"A1100";"P1D_L";"ZZ";
"1991-08-05";"J10M0";"A1100";"P1D_L";"ZZ";"5.995"
"1991-08-06";"J10M0";"A1100";"P1D_L";"ZZ";
"1991-08-07";"J10M0";"A1100";"P1D_L";"ZZ";
"1991-08-08";"J10M0";"A1100";"P1D_L";"ZZ";
"1991-08-09";"J10M0";"A1100";"P1D_L";"ZZ";
"1991-08-12";"J10M0";"A1100";"P1D_L";"ZZ";"6.071"
"1991-08-13";"J10M0";"A1100";"P1D_L";"ZZ";
"1991-08-14";"J10M0";"A1100";"P1D_L";"ZZ";
"1991-08-15";"J10M0";"A1100";"P1D_L";"ZZ";
"1991-08-16";"J10M0";"A1100";"P1D_L";"ZZ";
"1991-08-19";"J10M0";"A1100";"P1D_L";"ZZ";"6.092"
"1991-08-20";"J10M0";"A1100";"P1D_L";"ZZ";
"1991-08-21";"J10M0";"A1100";"P1D_L";"ZZ";
"1991-08-22";"J10M0";"A1100";"P1D_L";"ZZ";
"1991-08-23";"J10M0";"A1100";"P1D_L";"ZZ";
"1991-08-26";"J10M0";"A1100";"P1D_L";"ZZ";"6.32"
"1991-08-27";"J10M0";"A1100";"P1D_L";"ZZ";
"1991-08-28";"J10M0";"A1100";"P1D_L";"ZZ";
"1991-08-29";"J10M0";"A1100";"P1D_L";"ZZ";
"1991-08-30";"J10M0";"A1100";"P1D_L";"ZZ";"6.107"
"1991-09-02";"J10M0";"A1100";"P1D_L";"ZZ";"6.242"
"1991-09-03";"J10M0";"A1100";"P1D_L";"ZZ";
"1991-09-04";"J10M0";"A1100";"P1D_L";"ZZ";
"1991-09-05";"J10M0";"A1100";"P1D_L";"ZZ";
"1991-09-06";"J10M0";"A1100";"P1D_L";"ZZ";
"1991-09-09";"J10M0";"A1100";"P1D_L";"ZZ";"6.317"
"1991-09-10";"J10M0";"A1100";"P1D_L";"ZZ";
"1991-09-11";"J10M0";"A1100";"P1D_L";"ZZ";
"1991-09-12";"J10M0";"A1100";"P1D_L";"ZZ";
"1991-09-13";"J10M0";"A1100";"P1D_L";"ZZ";
"1991-09-16";"J10M0";"A1100";"P1D_L";"ZZ";"6.18"
"1991-09-17";"J10M0";"A1100";"P1D_L";"ZZ";
"1991-09-18";"J10M0";"A1100";"P1D_L";"ZZ";
"1991-09-19";"J10M0";"A1100";"P1D_L";"ZZ";
"1991-09-20";"J10M0";"A1100";"P1D_L";"ZZ";
"1991-09-23";"J10M0";"A1100";"P1D_L";"ZZ";"6.076"
"1991-09-24";"J10M0";"A1100";"P1D_L";"ZZ";
"1991-09-25";"J10M0";"A1100";"P1D_L";"ZZ";
"1991-09-26";"J10M0";"A1100";"P1D_L";"ZZ";
"1991-09-27";"J10M0";"A1100";"P1D_L";"ZZ";
"1991-09-30";"J10M0";"A1100";"P1D_L";"ZZ";"6.198"
"1991-10-01";"J10M0";"A1100";"P1D_L";"ZZ";
"1991-10-02";"J10M0";"A1100";"P1D_L";"ZZ";
"1991-10-03";"J10M0";"A1100";"P1D_L";"ZZ";
"1991-10-04";"J10M0";"A1100";"P1D_L";"ZZ";
"1991-10-07";"J10M0";"A1100";"P1D_L";"ZZ";"6.273"
"1991-10-08";"J10M0";"A1100";"P1D_L";"ZZ";
"1991-10-09";"J10M0";"A1100";"P1D_L";"ZZ";
"1991-10-10";"J10M0";"A1100";"P1D_L";"ZZ";
"1991-10-11";"J10M0";"A1100";"P1D_L";"ZZ";
"1991-10-14";"J10M0";"A1100";"P1D_L";"ZZ";"6.26"
"1991-10-15";"J10M0";"A1100";"P1D_L";"ZZ";
"1991-10-16";"J10M0";"A1100";"P1D_L";"ZZ";
"1991-10-17";"J10M0";"A1100";"P1D_L";"ZZ";
"1991-10-18";"J10M0";"A1100";"P1D_L";"ZZ";
"1991-10-21";"J10M0";"A1100";"P1D_L";"ZZ";"6.319"
"1991-10-22";"J10M0";"A1100";"P1D_L";"ZZ";
"1991-10-23";"J10M0";"A1100";"P1D_L";"ZZ";
"1991-10-24";"J10M0";"A1100";"P1D_L";"ZZ";
"1991-10-25";"J10M0";"A1100";"P1D_L";"ZZ";
"1991-10-28";"J10M0";"A1100";"P1D_L";"ZZ";"6.615"
"1991-10-29";"J10M0";"A1100";"P1D_L";"ZZ";
"1991-10-30";"J10M0";"A1100";"P1D_L";"ZZ";"6.698"
"1991-10-31";"J10M0";"A1100";"P1D_L";"ZZ";
"1991-11-01";"J10M0";"A1100";"P1D_L";"ZZ";
"1991-11-04";"J10M0";"A1100";"P1D_L";"ZZ";"6.726"
"1991-11-05";"J10M0";"A1100";"P1D_L";"ZZ";
"1991-11-06";"J10M0";"A1100";"P1D_L";"ZZ";
"1991-11-07";"J10M0";"A1100";"P1D_L";"ZZ";
"1991-11-08";"J10M0";"A1100";"P1D_L";"ZZ";
"1991-11-11";"J10M0";"A1100";"P1D_L";"ZZ";"6.668"
"1991-11-12";"J10M0";"A1100";"P1D_L";"ZZ";
"1991-11-13";"J10M0";"A1100";"P1D_L";"ZZ";
"1991-11-14";"J10M0";"A1100";"P1D_L";"ZZ";
"1991-11-15";"J10M0";"A1100";"P1D_L";"ZZ";
"1991-11-18";"J10M0";"A1100";"P1D_L";"ZZ";"6.506"
"1991-11-19";"J10M0";"A1100";"P1D_L";"ZZ";
"1991-11-20";"J10M0";"A1100";"P1D_L";"ZZ";
"1991-11-21";"J10M0";"A1100";"P1D_L";"ZZ";
"1991-11-22";"J10M0";"A1100";"P1D_L";"ZZ";
"1991-11-25";"J10M0";"A1100";"P1D_L";"ZZ";"6.627"
"1991-11-26";"J10M0";"A1100";"P1D_L";"ZZ";
"1991-11-27";"J10M0";"A1100";"P1D_L";"ZZ";
"1991-11-28";"J10M0";"A1100";"P1D_L";"ZZ";
"1991-11-29";"J10M0";"A1100";"P1D_L";"ZZ";"6.637"
"1991-12-02";"J10M0";"A1100";"P1D_L";"ZZ";"6.603"
"1991-12-03";"J10M0";"A1100";"P1D_L";"ZZ";
"1991-12-04";"J10M0";"A1100";"P1D_L";"ZZ";
"1991-12-05";"J10M0";"A1100";"P1D_L";"ZZ";
"1991-12-06";"J10M0";"A1100";"P1D_L";"ZZ";
"1991-12-09";"J10M0";"A1100";"P1D_L";"ZZ";"6.617"
"1991-12-10";"J10M0";"A1100";"P1D_L";"ZZ";
"1991-12-11";"J10M0";"A1100";"P1D_L";"ZZ";
"1991-12-12";"J10M0";"A1100";"P1D_L";"ZZ";
"1991-12-13";"J10M0";"A1100";"P1D_L";"ZZ";
"1991-12-16";"J10M0";"A1100";"P1D_L";"ZZ";"6.497"
"1991-12-17";"J10M0";"A1100";"P1D_L";"ZZ";
"1991-12-18";"J10M0";"A1100";"P1D_L";"ZZ";
"1991-12-19";"J10M0";"A1100";"P1D_L";"ZZ";
"1991-12-20";"J10M0";"A1100";"P1D_L";"ZZ";
"1991-12-23";"J10M0";"A1100";"P1D_L";"ZZ";"6.418"
"1991-12-24";"J10M0";"A1100";"P1D_L";"ZZ";
"1991-12-25";"J10M0";"A1100";"P1D_L";"ZZ";
"1991-12-26";"J10M0";"A1100";"P1D_L";"ZZ";
"1991-12-27";"J10M0";"A1100";"P1D_L";"ZZ";
"1991-12-30";"J10M0";"A1100";"P1D_L";"ZZ";"6.379"
"1991-12-31";"J10M0";"A1100";"P1D_L";"ZZ";"6.37"
"1992-01-01";"J10M0";"A1100";"P1D_L";"ZZ";
"1992-01-02";"J10M0";"A1100";"P1D_L";"ZZ";
"1992-01-03";"J10M0";"A1100";"P1D_L";"ZZ";
"1992-01-06";"J10M0";"A1100";"P1D_L";"ZZ";"6.311"
"1992-01-07";"J10M0";"A1100";"P1D_L";"ZZ";
"1992-01-08";"J10M0";"A1100";"P1D_L";"ZZ";
"1992-01-09";"J10M0";"A1100";"P1D_L";"ZZ";
"1992-01-10";"J10M0";"A1100";"P1D_L";"ZZ";
"1992-01-13";"J10M0";"A1100";"P1D_L";"ZZ";"6.185"
"1992-01-14";"J10M0";"A1100";"P1D_L";"ZZ";
"1992-01-15";"J10M0";"A1100";"P1D_L";"ZZ";
"1992-01-16";"J10M0";"A1100";"P1D_L";"ZZ";
"1992-01-17";"J10M0";"A1100";"P1D_L";"ZZ";
"1992-01-20";"J10M0";"A1100";"P1D_L";"ZZ";"6.212"
"1992-01-21";"J10M0";"A1100";"P1D_L";"ZZ";
"1992-01-22";"J10M0";"A1100";"P1D_L";"ZZ";
"1992-01-23";"J10M0";"A1100";"P1D_L";"ZZ";
"1992-01-24";"J10M0";"A1100";"P1D_L";"ZZ";
"1992-01-27";"J10M0";"A1100";"P1D_L";"ZZ";"6.119"
"1992-01-28";"J10M0";"A1100";"P1D_L";"ZZ";
"1992-01-29";"J10M0";"A1100";"P1D_L";"ZZ";
"1992-01-30";"J10M0";"A1100";"P1D_L";"ZZ";
"1992-01-31";"J10M0";"A1100";"P1D_L";"ZZ";"6.175"
"1992-02-03";"J10M0";"A1100";"P1D_L";"ZZ";"6.171"
"1992-02-04";"J10M0";"A1100";"P1D_L";"ZZ";
"1992-02-05";"J10M0";"A1100";"P1D_L";"ZZ";
"1992-02-06";"J10M0";"A1100";"P1D_L";"ZZ";
"1992-02-07";"J10M0";"A1100";"P1D_L";"ZZ";
"1992-02-10";"J10M0";"A1100";"P1D_L";"ZZ";"5.996"
"1992-02-11";"J10M0";"A1100";"P1D_L";"ZZ";
"1992-02-12";"J10M0";"A1100";"P1D_L";"ZZ";
"1992-02-13";"J10M0";"A1100";"P1D_L";"ZZ";
"1992-02-14";"J10M0";"A1100";"P1D_L";"ZZ";
"1992-02-17";"J10M0";"A1100";"P1D_L";"ZZ";"6.14"
"1992-02-18";"J10M0";"A1100";"P1D_L";"ZZ";
"1992-02-19";"J10M0";"A1100";"P1D_L";"ZZ";
"1992-02-20";"J10M0";"A1100";"P1D_L";"ZZ";
"1992-02-21";"J10M0";"A1100";"P1D_L";"ZZ";
"1992-02-24";"J10M0";"A1100";"P1D_L";"ZZ";"6.091"
"1992-02-25";"J10M0";"A1100";"P1D_L";"ZZ";
"1992-02-26";"J10M0";"A1100";"P1D_L";"ZZ";
"1992-02-27";"J10M0";"A1100";"P1D_L";"ZZ";
"1992-02-28";"J10M0";"A1100";"P1D_L";"ZZ";"6.132"
"1992-03-02";"J10M0";"A1100";"P1D_L";"ZZ";"6.161"
"1992-03-03";"J10M0";"A1100";"P1D_L";"ZZ";
"1992-03-04";"J10M0";"A1100";"P1D_L";"ZZ";
"1992-03-05";"J10M0";"A1100";"P1D_L";"ZZ";
"1992-03-06";"J10M0";"A1100";"P1D_L";"ZZ";
"1992-03-09";"J10M0";"A1100";"P1D_L";"ZZ";"6.263"
"1992-03-10";"J10M0";"A1100";"P1D_L";"ZZ";
"1992-03-11";"J10M0";"A1100";"P1D_L";"ZZ";
"1992-03-12";"J10M0";"A1100";"P1D_L";"ZZ";
"1992-03-13";"J10M0";"A1100";"P1D_L";"ZZ";
"1992-03-16";"J10M0";"A1100";"P1D_L";"ZZ";"6.328"
"1992-03-17";"J10M0";"A1100";"P1D_L";"ZZ";
"1992-03-18";"J10M0";"A1100";"P1D_L";"ZZ";
"1992-03-19";"J10M0";"A1100";"P1D_L";"ZZ";
"1992-03-20";"J10M0";"A1100";"P1D_L";"ZZ";
"1992-03-23";"J10M0";"A1100";"P1D_L";"ZZ";"6.426"
"1992-03-24";"J10M0";"A1100";"P1D_L";"ZZ";
"1992-03-25";"J10M0";"A1100";"P1D_L";"ZZ";
"1992-03-26";"J10M0";"A1100";"P1D_L";"ZZ";
"1992-03-27";"J10M0";"A1100";"P1D_L";"ZZ";
"1992-03-30";"J10M0";"A1100";"P1D_L";"ZZ";"6.676"
"1992-03-31";"J10M0";"A1100";"P1D_L";"ZZ";
"1992-04-01";"J10M0";"A1100";"P1D_L";"ZZ";
"1992-04-02";"J10M0";"A1100";"P1D_L";"ZZ";
"1992-04-03";"J10M0";"A1100";"P1D_L";"ZZ";
"1992-04-06";"J10M0";"A1100";"P1D_L";"ZZ";"6.647"
"1992-04-07";"J10M0";"A1100";"P1D_L";"ZZ";
"1992-04-08";"J10M0";"A1100";"P1D_L";"ZZ";
"1992-04-09";"J10M0";"A1100";"P1D_L";"ZZ";
"1992-04-10";"J10M0";"A1100";"P1D_L";"ZZ";
"1992-04-13";"J10M0";"A1100";"P1D_L";"ZZ";"6.477"
"1992-04-14";"J10M0";"A1100";"P1D_L";"ZZ";
"1992-04-15";"J10M0";"A1100";"P1D_L";"ZZ";
"1992-04-16";"J10M0";"A1100";"P1D_L";"ZZ";
"1992-04-17";"J10M0";"A1100";"P1D_L";"ZZ";
"1992-04-20";"J10M0";"A1100";"P1D_L";"ZZ";
"1992-04-21";"J10M0";"A1100";"P1D_L";"ZZ";"6.474"
"1992-04-22";"J10M0";"A1100";"P1D_L";"ZZ";
"1992-04-23";"J10M0";"A1100";"P1D_L";"ZZ";
"1992-04-24";"J10M0";"A1100";"P1D_L";"ZZ";
"1992-04-27";"J10M0";"A1100";"P1D_L";"ZZ";"6.578"
"1992-04-28";"J10M0";"A1100";"P1D_L";"ZZ";
"1992-04-29";"J10M0";"A1100";"P1D_L";"ZZ";
"1992-04-30";"J10M0";"A1100";"P1D_L";"ZZ";"6.545"
"1992-05-01";"J10M0";"A1100";"P1D_L";"ZZ";
"1992-05-04";"J10M0";"A1100";"P1D_L";"ZZ";"6.558"
"1992-05-05";"J10M0";"A1100";"P1D_L";"ZZ";
"1992-05-06";"J10M0";"A1100";"P1D_L";"ZZ";
"1992-05-07";"J10M0";"A1100";"P1D_L";"ZZ";
"1992-05-08";"J10M0";"A1100";"P1D_L";"ZZ";
"1992-05-11";"J10M0";"A1100";"P1D_L";"ZZ";"6.494"
"1992-05-12";"J10M0";"A1100";"P1D_L";"ZZ";
"1992-05-13";"J10M0";"A1100";"P1D_L";"ZZ";
"1992-05-14";"J10M0";"A1100";"P1D_L";"ZZ";
"1992-05-15";"J10M0";"A1100";"P1D_L";"ZZ";
"1992-05-18";"J10M0";"A1100";"P1D_L";"ZZ";"6.634"
"1992-05-19";"J10M0";"A1100";"P1D_L";"ZZ";
"1992-05-20";"J10M0";"A1100";"P1D_L";"ZZ";
"1992-05-21";"J10M0";"A1100";"P1D_L";"ZZ";
"1992-05-22";"J10M0";"A1100";"P1D_L";"ZZ";
"1992-05-25";"J10M0";"A1100";"P1D_L";"ZZ";"6.793"
"1992-05-26";"J10M0";"A1100";"P1D_L";"ZZ";
"1992-05-27";"J10M0";"A1100";"P1D_L";"ZZ";
"1992-05-28";"J10M0";"A1100";"P1D_L";"ZZ";
"1992-05-29";"J10M0";"A1100";"P1D_L";"ZZ";"6.861"
"1992-06-01";"J10M0";"A1100";"P1D_L";"ZZ";"6.87"
"1992-06-02";"J10M0";"A1100";"P1D_L";"ZZ";
"1992-06-03";"J10M0";"A1100";"P1D_L";"ZZ";
"1992-06-04";"J10M0";"A1100";"P1D_L";"ZZ";
"1992-06-05";"J10M0";"A1100";"P1D_L";"ZZ";
"1992-06-08";"J10M0";"A1100";"P1D_L";"ZZ";
"1992-06-09";"J10M0";"A1100";"P1D_L";"ZZ";"6.785"
"1992-06-10";"J10M0";"A1100";"P1D_L";"ZZ";
"1992-06-11";"J10M0";"A1100";"P1D_L";"ZZ";
"1992-06-12";"J10M0";"A1100";"P1D_L";"ZZ";
"1992-06-15";"J10M0";"A1100";"P1D_L";"ZZ";"6.855"
"1992-06-16";"J10M0";"A1100";"P1D_L";"ZZ";
"1992-06-17";"J10M0";"A1100";"P1D_L";"ZZ";
"1992-06-18";"J10M0";"A1100";"P1D_L";"ZZ";
"1992-06-19";"J10M0";"A1100";"P1D_L";"ZZ";
"1992-06-22";"J10M0";"A1100";"P1D_L";"ZZ";"6.843"
"1992-06-23";"J10M0";"A1100";"P1D_L";"ZZ";
"1992-06-24";"J10M0";"A1100";"P1D_L";"ZZ";
"1992-06-25";"J10M0";"A1100";"P1D_L";"ZZ";
"1992-06-26";"J10M0";"A1100";"P1D_L";"ZZ";
"1992-06-29";"J10M0";"A1100";"P1D_L";"ZZ";"6.943"
"1992-06-30";"J10M0";"A1100";"P1D_L";"ZZ";"6.924"
"1992-07-01";"J10M0";"A1100";"P1D_L";"ZZ";
"1992-07-02";"J10M0";"A1100";"P1D_L";"ZZ";
"1992-07-03";"J10M0";"A1100";"P1D_L";"ZZ";
"1992-07-06";"J10M0";"A1100";"P1D_L";"ZZ";"6.85"
"1992-07-07";"J10M0";"A1100";"P1D_L";"ZZ";
"1992-07-08";"J10M0";"A1100";"P1D_L";"ZZ";
"1992-07-09";"J10M0";"A1100";"P1D_L";"ZZ";
"1992-07-10";"J10M0";"A1100";"P1D_L";"ZZ";
"1992-07-13";"J10M0";"A1100";"P1D_L";"ZZ";"6.895"
"1992-07-14";"J10M0";"A1100";"P1D_L";"ZZ";
"1992-07-15";"J10M0";"A1100";"P1D_L";"ZZ";
"1992-07-16";"J10M0";"A1100";"P1D_L";"ZZ";
"1992-07-17";"J10M0";"A1100";"P1D_L";"ZZ";
"1992-07-20";"J10M0";"A1100";"P1D_L";"ZZ";"6.963"
"1992-07-21";"J10M0";"A1100";"P1D_L";"ZZ";
"1992-07-22";"J10M0";"A1100";"P1D_L";"ZZ";
"1992-07-23";"J10M0";"A1100";"P1D_L";"ZZ";
"1992-07-24";"J10M0";"A1100";"P1D_L";"ZZ";
"1992-07-27";"J10M0";"A1100";"P1D_L";"ZZ";"6.917"
"1992-07-28";"J10M0";"A1100";"P1D_L";"ZZ";
"1992-07-29";"J10M0";"A1100";"P1D_L";"ZZ";
"1992-07-30";"J10M0";"A1100";"P1D_L";"ZZ";
"1992-07-31";"J10M0";"A1100";"P1D_L";"ZZ";"6.867"
"1992-08-03";"J10M0";"A1100";"P1D_L";"ZZ";"6.894"
"1992-08-04";"J10M0";"A1100";"P1D_L";"ZZ";
"1992-08-05";"J10M0";"A1100";"P1D_L";"ZZ";
"1992-08-06";"J10M0";"A1100";"P1D_L";"ZZ";
"1992-08-07";"J10M0";"A1100";"P1D_L";"ZZ";
"1992-08-10";"J10M0";"A1100";"P1D_L";"ZZ";"6.885"
"1992-08-11";"J10M0";"A1100";"P1D_L";"ZZ";
"1992-08-12";"J10M0";"A1100";"P1D_L";"ZZ";
"1992-08-13";"J10M0";"A1100";"P1D_L";"ZZ";
"1992-08-14";"J10M0";"A1100";"P1D_L";"ZZ";
"1992-08-17";"J10M0";"A1100";"P1D_L";"ZZ";"6.915"
"1992-08-18";"J10M0";"A1100";"P1D_L";"ZZ";
"1992-08-19";"J10M0";"A1100";"P1D_L";"ZZ";
"1992-08-20";"J10M0";"A1100";"P1D_L";"ZZ";
"1992-08-21";"J10M0";"A1100";"P1D_L";"ZZ";
"1992-08-24";"J10M0";"A1100";"P1D_L";"ZZ";"6.913"
"1992-08-25";"J10M0";"A1100";"P1D_L";"ZZ";
"1992-08-26";"J10M0";"A1100";"P1D_L";"ZZ";
"1992-08-27";"J10M0";"A1100";"P1D_L";"ZZ";
"1992-08-28";"J10M0";"A1100";"P1D_L";"ZZ";
"1992-08-31";"J10M0";"A1100";"P1D_L";"ZZ";"6.854"
"1992-09-01";"J10M0";"A1100";"P1D_L";"ZZ";
"1992-09-02";"J10M0";"A1100";"P1D_L";"ZZ";
"1992-09-03";"J10M0";"A1100";"P1D_L";"ZZ";
"1992-09-04";"J10M0";"A1100";"P1D_L";"ZZ";
"1992-09-07";"J10M0";"A1100";"P1D_L";"ZZ";"6.848"
"1992-09-08";"J10M0";"A1100";"P1D_L";"ZZ";
"1992-09-09";"J10M0";"A1100";"P1D_L";"ZZ";
"1992-09-10";"J10M0";"A1100";"P1D_L";"ZZ";
"1992-09-11";"J10M0";"A1100";"P1D_L";"ZZ";
"1992-09-14";"J10M0";"A1100";"P1D_L";"ZZ";"6.839"
"1992-09-15";"J10M0";"A1100";"P1D_L";"ZZ";
"1992-09-16";"J10M0";"A1100";"P1D_L";"ZZ";
"1992-09-17";"J10M0";"A1100";"P1D_L";"ZZ";
"1992-09-18";"J10M0";"A1100";"P1D_L";"ZZ";
"1992-09-21";"J10M0";"A1100";"P1D_L";"ZZ";"6.533"
"1992-09-22";"J10M0";"A1100";"P1D_L";"ZZ";
"1992-09-23";"J10M0";"A1100";"P1D_L";"ZZ";
"1992-09-24";"J10M0";"A1100";"P1D_L";"ZZ";
"1992-09-25";"J10M0";"A1100";"P1D_L";"ZZ";
"1992-09-28";"J10M0";"A1100";"P1D_L";"ZZ";"6.296"
"1992-09-29";"J10M0";"A1100";"P1D_L";"ZZ";
"1992-09-30";"J10M0";"A1100";"P1D_L";"ZZ";"6.292"
"1992-10-01";"J10M0";"A1100";"P1D_L";"ZZ";
"1992-10-02";"J10M0";"A1100";"P1D_L";"ZZ";
"1992-10-05";"J10M0";"A1100";"P1D_L";"ZZ";"6.25"
"1992-10-06";"J10M0";"A1100";"P1D_L";"ZZ";
"1992-10-07";"J10M0";"A1100";"P1D_L";"ZZ";
"1992-10-08";"J10M0";"A1100";"P1D_L";"ZZ";
"1992-10-09";"J10M0";"A1100";"P1D_L";"ZZ";
"1992-10-12";"J10M0";"A1100";"P1D_L";"ZZ";"6.191"
"1992-10-13";"J10M0";"A1100";"P1D_L";"ZZ";
"1992-10-14";"J10M0";"A1100";"P1D_L";"ZZ";
"1992-10-15";"J10M0";"A1100";"P1D_L";"ZZ";
"1992-10-16";"J10M0";"A1100";"P1D_L";"ZZ";
"1992-10-19";"J10M0";"A1100";"P1D_L";"ZZ";"6.134"
"1992-10-20";"J10M0";"A1100";"P1D_L";"ZZ";
"1992-10-21";"J10M0";"A1100";"P1D_L";"ZZ";
"1992-10-22";"J10M0";"A1100";"P1D_L";"ZZ";
"1992-10-23";"J10M0";"A1100";"P1D_L";"ZZ";
"1992-10-26";"J10M0";"A1100";"P1D_L";"ZZ";"6.075"
"1992-10-27";"J10M0";"A1100";"P1D_L";"ZZ";
"1992-10-28";"J10M0";"A1100";"P1D_L";"ZZ";
"1992-10-29";"J10M0";"A1100";"P1D_L";"ZZ";
"1992-10-30";"J10M0";"A1100";"P1D_L";"ZZ";"6.092"
"1992-11-02";"J10M0";"A1100";"P1D_L";"ZZ";"5.998"
"1992-11-03";"J10M0";"A1100";"P1D_L";"ZZ";
"1992-11-04";"J10M0";"A1100";"P1D_L";"ZZ";
"1992-11-05";"J10M0";"A1100";"P1D_L";"ZZ";
"1992-11-06";"J10M0";"A1100";"P1D_L";"ZZ";
"1992-11-09";"J10M0";"A1100";"P1D_L";"ZZ";"6.017"
"1992-11-10";"J10M0";"A1100";"P1D_L";"ZZ";
"1992-11-11";"J10M0";"A1100";"P1D_L";"ZZ";
"1992-11-12";"J10M0";"A1100";"P1D_L";"ZZ";
"1992-11-13";"J10M0";"A1100";"P1D_L";"ZZ";
"1992-11-16";"J10M0";"A1100";"P1D_L";"ZZ";"6.042"
"1992-11-17";"J10M0";"A1100";"P1D_L";"ZZ";
"1992-11-18";"J10M0";"A1100";"P1D_L";"ZZ";
"1992-11-19";"J10M0";"A1100";"P1D_L";"ZZ";
"1992-11-20";"J10M0";"A1100";"P1D_L";"ZZ";
"1992-11-23";"J10M0";"A1100";"P1D_L";"ZZ";"6.018"
"1992-11-24";"J10M0";"A1100";"P1D_L";"ZZ";
"1992-11-25";"J10M0";"A1100";"P1D_L";"ZZ";
"1992-11-26";"J10M0";"A1100";"P1D_L";"ZZ";
"1992-11-27";"J10M0";"A1100";"P1D_L";"ZZ";
"1992-11-30";"J10M0";"A1100";"P1D_L";"ZZ";"6.063"
"1992-12-01";"J10M0";"A1100";"P1D_L";"ZZ";
"1992-12-02";"J10M0";"A1100";"P1D_L";"ZZ";
"1992-12-03";"J10M0";"A1100";"P1D_L";"ZZ";
"1992-12-04";"J10M0";"A1100";"P1D_L";"ZZ";
"1992-12-07";"J10M0";"A1100";"P1D_L";"ZZ";"5.898"
"1992-12-08";"J10M0";"A1100";"P1D_L";"ZZ";
"1992-12-09";"J10M0";"A1100";"P1D_L";"ZZ";
"1992-12-10";"J10M0";"A1100";"P1D_L";"ZZ";
"1992-12-11";"J10M0";"A1100";"P1D_L";"ZZ";
"1992-12-14";"J10M0";"A1100";"P1D_L";"ZZ";"5.649"
"1992-12-15";"J10M0";"A1100";"P1D_L";"ZZ";
"1992-12-16";"J10M0";"A1100";"P1D_L";"ZZ";
"1992-12-17";"J10M0";"A1100";"P1D_L";"ZZ";
"1992-12-18";"J10M0";"A1100";"P1D_L";"ZZ";
"1992-12-21";"J10M0";"A1100";"P1D_L";"ZZ";"5.613"
"1992-12-22";"J10M0";"A1100";"P1D_L";"ZZ";
"1992-12-23";"J10M0";"A1100";"P1D_L";"ZZ";
"1992-12-24";"J10M0";"A1100";"P1D_L";"ZZ";
"1992-12-25";"J10M0";"A1100";"P1D_L";"ZZ";
"1992-12-28";"J10M0";"A1100";"P1D_L";"ZZ";"5.633"
"1992-12-29";"J10M0";"A1100";"P1D_L";"ZZ";
"1992-12-30";"J10M0";"A1100";"P1D_L";"ZZ";
"1992-12-31";"J10M0";"A1100";"P1D_L";"ZZ";"5.68"
"1993-01-01";"J10M0";"A1100";"P1D_L";"ZZ";
"1993-01-04";"J10M0";"A1100";"P1D_L";"ZZ";"5.652"
"1993-01-05";"J10M0";"A1100";"P1D_L";"ZZ";
"1993-01-06";"J10M0";"A1100";"P1D_L";"ZZ";
"1993-01-07";"J10M0";"A1100";"P1D_L";"ZZ";
"1993-01-08";"J10M0";"A1100";"P1D_L";"ZZ";
"1993-01-11";"J10M0";"A1100";"P1D_L";"ZZ";"5.468"
"1993-01-12";"J10M0";"A1100";"P1D_L";"ZZ";
"1993-01-13";"J10M0";"A1100";"P1D_L";"ZZ";
"1993-01-14";"J10M0";"A1100";"P1D_L";"ZZ";
"1993-01-15";"J10M0";"A1100";"P1D_L";"ZZ";
"1993-01-18";"J10M0";"A1100";"P1D_L";"ZZ";"5.525"
"1993-01-19";"J10M0";"A1100";"P1D_L";"ZZ";
"1993-01-20";"J10M0";"A1100";"P1D_L";"ZZ";
"1993-01-21";"J10M0";"A1100";"P1D_L";"ZZ";
"1993-01-22";"J10M0";"A1100";"P1D_L";"ZZ";
"1993-01-25";"J10M0";"A1100";"P1D_L";"ZZ";"5.558"
"1993-01-26";"J10M0";"A1100";"P1D_L";"ZZ";
"1993-01-27";"J10M0";"A1100";"P1D_L";"ZZ";
"1993-01-28";"J10M0";"A1100";"P1D_L";"ZZ";
"1993-01-29";"J10M0";"A1100";"P1D_L";"ZZ";"5.539"
"1993-02-01";"J10M0";"A1100";"P1D_L";"ZZ";"5.523"
"1993-02-02";"J10M0";"A1100";"P1D_L";"ZZ";
"1993-02-03";"J10M0";"A1100";"P1D_L";"ZZ";
"1993-02-04";"J10M0";"A1100";"P1D_L";"ZZ";
"1993-02-05";"J10M0";"A1100";"P1D_L";"ZZ";
"1993-02-08";"J10M0";"A1100";"P1D_L";"ZZ";"5.18"
"1993-02-09";"J10M0";"A1100";"P1D_L";"ZZ";
"1993-02-10";"J10M0";"A1100";"P1D_L";"ZZ";
"1993-02-11";"J10M0";"A1100";"P1D_L";"ZZ";
"1993-02-12";"J10M0";"A1100";"P1D_L";"ZZ";
"1993-02-15";"J10M0";"A1100";"P1D_L";"ZZ";"5.285"
"1993-02-16";"J10M0";"A1100";"P1D_L";"ZZ";
"1993-02-17";"J10M0";"A1100";"P1D_L";"ZZ";
"1993-02-18";"J10M0";"A1100";"P1D_L";"ZZ";
"1993-02-19";"J10M0";"A1100";"P1D_L";"ZZ";
"1993-02-22";"J10M0";"A1100";"P1D_L";"ZZ";"4.999"
"1993-02-23";"J10M0";"A1100";"P1D_L";"ZZ";
"1993-02-24";"J10M0";"A1100";"P1D_L";"ZZ";
"1993-02-25";"J10M0";"A1100";"P1D_L";"ZZ";
"1993-02-26";"J10M0";"A1100";"P1D_L";"ZZ";"4.907"
"1993-03-01";"J10M0";"A1100";"P1D_L";"ZZ";"4.777"
"1993-03-02";"J10M0";"A1100";"P1D_L";"ZZ";
"1993-03-03";"J10M0";"A1100";"P1D_L";"ZZ";
"1993-03-04";"J10M0";"A1100";"P1D_L";"ZZ";
"1993-03-05";"J10M0";"A1100";"P1D_L";"ZZ";
"1993-03-08";"J10M0";"A1100";"P1D_L";"ZZ";"4.485"
"1993-03-09";"J10M0";"A1100";"P1D_L";"ZZ";
"1993-03-10";"J10M0";"A1100";"P1D_L";"ZZ";
"1993-03-11";"J10M0";"A1100";"P1D_L";"ZZ";
"1993-03-12";"J10M0";"A1100";"P1D_L";"ZZ";
"1993-03-15";"J10M0";"A1100";"P1D_L";"ZZ";"4.465"
"1993-03-16";"J10M0";"A1100";"P1D_L";"ZZ";
"1993-03-17";"J10M0";"A1100";"P1D_L";"ZZ";
"1993-03-18";"J10M0";"A1100";"P1D_L";"ZZ";
"1993-03-19";"J10M0";"A1100";"P1D_L";"ZZ";
"1993-03-22";"J10M0";"A1100";"P1D_L";"ZZ";"4.601"
"1993-03-23";"J10M0";"A1100";"P1D_L";"ZZ";
"1993-03-24";"J10M0";"A1100";"P1D_L";"ZZ";
"1993-03-25";"J10M0";"A1100";"P1D_L";"ZZ";
"1993-03-26";"J10M0";"A1100";"P1D_L";"ZZ";
"1993-03-29";"J10M0";"A1100";"P1D_L";"ZZ";"4.591"
"1993-03-30";"J10M0";"A1100";"P1D_L";"ZZ";
"1993-03-31";"J10M0";"A1100";"P1D_L";"ZZ";"4.688"
"1993-04-01";"J10M0";"A1100";"P1D_L";"ZZ";
"1993-04-02";"J10M0";"A1100";"P1D_L";"ZZ";
"1993-04-05";"J10M0";"A1100";"P1D_L";"ZZ";"4.672"
"1993-04-06";"J10M0";"A1100";"P1D_L";"ZZ";
"1993-04-07";"J10M0";"A1100";"P1D_L";"ZZ";
"1993-04-08";"J10M0";"A1100";"P1D_L";"ZZ";
"1993-04-09";"J10M0";"A1100";"P1D_L";"ZZ";
"1993-04-12";"J10M0";"A1100";"P1D_L";"ZZ";
"1993-04-13";"J10M0";"A1100";"P1D_L";"ZZ";"4.642"
"1993-04-14";"J10M0";"A1100";"P1D_L";"ZZ";
"1993-04-15";"J10M0";"A1100";"P1D_L";"ZZ";
"1993-04-16";"J10M0";"A1100";"P1D_L";"ZZ";
"1993-04-19";"J10M0";"A1100";"P1D_L";"ZZ";"4.659"
"1993-04-20";"J10M0";"A1100";"P1D_L";"ZZ";
"1993-04-21";"J10M0";"A1100";"P1D_L";"ZZ";
"1993-04-22";"J10M0";"A1100";"P1D_L";"ZZ";
"1993-04-23";"J10M0";"A1100";"P1D_L";"ZZ";
"1993-04-26";"J10M0";"A1100";"P1D_L";"ZZ";"4.736"
"1993-04-27";"J10M0";"A1100";"P1D_L";"ZZ";
"1993-04-28";"J10M0";"A1100";"P1D_L";"ZZ";
"1993-04-29";"J10M0";"A1100";"P1D_L";"ZZ";
"1993-04-30";"J10M0";"A1100";"P1D_L";"ZZ";"4.845"
"1993-05-03";"J10M0";"A1100";"P1D_L";"ZZ";"4.841"
"1993-05-04";"J10M0";"A1100";"P1D_L";"ZZ";
"1993-05-05";"J10M0";"A1100";"P1D_L";"ZZ";
"1993-05-06";"J10M0";"A1100";"P1D_L";"ZZ";
"1993-05-07";"J10M0";"A1100";"P1D_L";"ZZ";
"1993-05-10";"J10M0";"A1100";"P1D_L";"ZZ";"4.776"
"1993-05-11";"J10M0";"A1100";"P1D_L";"ZZ";
"1993-05-12";"J10M0";"A1100";"P1D_L";"ZZ";
"1993-05-13";"J10M0";"A1100";"P1D_L";"ZZ";
"1993-05-14";"J10M0";"A1100";"P1D_L";"ZZ";
"1993-05-17";"J10M0";"A1100";"P1D_L";"ZZ";"4.746"
"1993-05-18";"J10M0";"A1100";"P1D_L";"ZZ";
"1993-05-19";"J10M0";"A1100";"P1D_L";"ZZ";
"1993-05-20";"J10M0";"A1100";"P1D_L";"ZZ";
"1993-05-21";"J10M0";"A1100";"P1D_L";"ZZ";
"1993-05-24";"J10M0";"A1100";"P1D_L";"ZZ";"4.884"
"1993-05-25";"J10M0";"A1100";"P1D_L";"ZZ";
"1993-05-26";"J10M0";"A1100";"P1D_L";"ZZ";
"1993-05-27";"J10M0";"A1100";"P1D_L";"ZZ";
"1993-05-28";"J10M0";"A1100";"P1D_L";"ZZ";
"1993-05-31";"J10M0";"A1100";"P1D_L";"ZZ";"4.846"
"1993-06-01";"J10M0";"A1100";"P1D_L";"ZZ";"4.846"
"1993-06-02";"J10M0";"A1100";"P1D_L";"ZZ";
"1993-06-03";"J10M0";"A1100";"P1D_L";"ZZ";
"1993-06-04";"J10M0";"A1100";"P1D_L";"ZZ";
"1993-06-07";"J10M0";"A1100";"P1D_L";"ZZ";"4.865"
"1993-06-08";"J10M0";"A1100";"P1D_L";"ZZ";
"1993-06-09";"J10M0";"A1100";"P1D_L";"ZZ";
"1993-06-10";"J10M0";"A1100";"P1D_L";"ZZ";
"1993-06-11";"J10M0";"A1100";"P1D_L";"ZZ";
"1993-06-14";"J10M0";"A1100";"P1D_L";"ZZ";"4.749"
"1993-06-15";"J10M0";"A1100";"P1D_L";"ZZ";
"1993-06-16";"J10M0";"A1100";"P1D_L";"ZZ";
"1993-06-17";"J10M0";"A1100";"P1D_L";"ZZ";
"1993-06-18";"J10M0";"A1100";"P1D_L";"ZZ";
"1993-06-21";"J10M0";"A1100";"P1D_L";"ZZ";"4.639"
"1993-06-22";"J10M0";"A1100";"P1D_L";"ZZ";
"1993-06-23";"J10M0";"A1100";"P1D_L";"ZZ";
"1993-06-24";"J10M0";"A1100";"P1D_L";"ZZ";
"1993-06-25";"J10M0";"A1100";"P1D_L";"ZZ";
"1993-06-28";"J10M0";"A1100";"P1D_L";"ZZ";"4.557"
"1993-06-29";"J10M0";"A1100";"P1D_L";"ZZ";
"1993-06-30";"J10M0";"A1100";"P1D_L";"ZZ";"4.566"
"1993-07-01";"J10M0";"A1100";"P1D_L";"ZZ";
"1993-07-02";"J10M0";"A1100";"P1D_L";"ZZ";
"1993-07-05";"J10M0";"A1100";"P1D_L";"ZZ";"4.557"
"1993-07-06";"J10M0";"A1100";"P1D_L";"ZZ";
"1993-07-07";"J10M0";"A1100";"P1D_L";"ZZ";
"1993-07-08";"J10M0";"A1100";"P1D_L";"ZZ";
"1993-07-09";"J10M0";"A1100";"P1D_L";"ZZ";
"1993-07-12";"J10M0";"A1100";"P1D_L";"ZZ";"4.534"
"1993-07-13";"J10M0";"A1100";"P1D_L";"ZZ";
"1993-07-14";"J10M0";"A1100";"P1D_L";"ZZ";
"1993-07-15";"J10M0";"A1100";"P1D_L";"ZZ";
"1993-07-16";"J10M0";"A1100";"P1D_L";"ZZ";
"1993-07-19";"J10M0";"A1100";"P1D_L";"ZZ";"4.514"
"1993-07-20";"J10M0";"A1100";"P1D_L";"ZZ";
"1993-07-21";"J10M0";"A1100";"P1D_L";"ZZ";
"1993-07-22";"J10M0";"A1100";"P1D_L";"ZZ";
"1993-07-23";"J10M0";"A1100";"P1D_L";"ZZ";
"1993-07-26";"J10M0";"A1100";"P1D_L";"ZZ";"4.587"
"1993-07-27";"J10M0";"A1100";"P1D_L";"ZZ";
"1993-07-28";"J10M0";"A1100";"P1D_L";"ZZ";
"1993-07-29";"J10M0";"A1100";"P1D_L";"ZZ";
"1993-07-30";"J10M0";"A1100";"P1D_L";"ZZ";"4.546"
"1993-08-02";"J10M0";"A1100";"P1D_L";"ZZ";"4.572"
"1993-08-03";"J10M0";"A1100";"P1D_L";"ZZ";
"1993-08-04";"J10M0";"A1100";"P1D_L";"ZZ";
"1993-08-05";"J10M0";"A1100";"P1D_L";"ZZ";
"1993-08-06";"J10M0";"A1100";"P1D_L";"ZZ";
"1993-08-09";"J10M0";"A1100";"P1D_L";"ZZ";"4.522"
"1993-08-10";"J10M0";"A1100";"P1D_L";"ZZ";
"1993-08-11";"J10M0";"A1100";"P1D_L";"ZZ";
"1993-08-12";"J10M0";"A1100";"P1D_L";"ZZ";
"1993-08-13";"J10M0";"A1100";"P1D_L";"ZZ";
"1993-08-16";"J10M0";"A1100";"P1D_L";"ZZ";"4.509"
"1993-08-17";"J10M0";"A1100";"P1D_L";"ZZ";
"1993-08-18";"J10M0";"A1100";"P1D_L";"ZZ";
"1993-08-19";"J10M0";"A1100";"P1D_L";"ZZ";
"1993-08-20";"J10M0";"A1100";"P1D_L";"ZZ";
"1993-08-23";"J10M0";"A1100";"P1D_L";"ZZ";"4.516"
"1993-08-24";"J10M0";"A1100";"P1D_L";"ZZ";
"1993-08-25";"J10M0";"A1100";"P1D_L";"ZZ";
"1993-08-26";"J10M0";"A1100";"P1D_L";"ZZ";
"1993-08-27";"J10M0";"A1100";"P1D_L";"ZZ";
"1993-08-30";"J10M0";"A1100";"P1D_L";"ZZ";"4.518"
"1993-08-31";"J10M0";"A1100";"P1D_L";"ZZ";"4.479"
"1993-09-01";"J10M0";"A1100";"P1D_L";"ZZ";
"1993-09-02";"J10M0";"A1100";"P1D_L";"ZZ";
"1993-09-03";"J10M0";"A1100";"P1D_L";"ZZ";
"1993-09-06";"J10M0";"A1100";"P1D_L";"ZZ";"4.51"
"1993-09-07";"J10M0";"A1100";"P1D_L";"ZZ";
"1993-09-08";"J10M0";"A1100";"P1D_L";"ZZ";
"1993-09-09";"J10M0";"A1100";"P1D_L";"ZZ";
"1993-09-10";"J10M0";"A1100";"P1D_L";"ZZ";
"1993-09-13";"J10M0";"A1100";"P1D_L";"ZZ";"4.506"
"1993-09-14";"J10M0";"A1100";"P1D_L";"ZZ";
"1993-09-15";"J10M0";"A1100";"P1D_L";"ZZ";
"1993-09-16";"J10M0";"A1100";"P1D_L";"ZZ";
"1993-09-17";"J10M0";"A1100";"P1D_L";"ZZ";
"1993-09-20";"J10M0";"A1100";"P1D_L";"ZZ";"4.531"
"1993-09-21";"J10M0";"A1100";"P1D_L";"ZZ";
"1993-09-22";"J10M0";"A1100";"P1D_L";"ZZ";
"1993-09-23";"J10M0";"A1100";"P1D_L";"ZZ";
"1993-09-24";"J10M0";"A1100";"P1D_L";"ZZ";
"1993-09-27";"J10M0";"A1100";"P1D_L";"ZZ";"4.489"
"1993-09-28";"J10M0";"A1100";"P1D_L";"ZZ";
"1993-09-29";"J10M0";"A1100";"P1D_L";"ZZ";
"1993-09-30";"J10M0";"A1100";"P1D_L";"ZZ";"4.455"
"1993-10-01";"J10M0";"A1100";"P1D_L";"ZZ";
"1993-10-04";"J10M0";"A1100";"P1D_L";"ZZ";"4.409"
"1993-10-05";"J10M0";"A1100";"P1D_L";"ZZ";
"1993-10-06";"J10M0";"A1100";"P1D_L";"ZZ";
"1993-10-07";"J10M0";"A1100";"P1D_L";"ZZ";
"1993-10-08";"J10M0";"A1100";"P1D_L";"ZZ";
"1993-10-11";"J10M0";"A1100";"P1D_L";"ZZ";"4.249"
"1993-10-12";"J10M0";"A1100";"P1D_L";"ZZ";
"1993-10-13";"J10M0";"A1100";"P1D_L";"ZZ";
"1993-10-14";"J10M0";"A1100";"P1D_L";"ZZ";
"1993-10-15";"J10M0";"A1100";"P1D_L";"ZZ";
"1993-10-18";"J10M0";"A1100";"P1D_L";"ZZ";"4.166"
"1993-10-19";"J10M0";"A1100";"P1D_L";"ZZ";
"1993-10-20";"J10M0";"A1100";"P1D_L";"ZZ";
"1993-10-21";"J10M0";"A1100";"P1D_L";"ZZ";
"1993-10-22";"J10M0";"A1100";"P1D_L";"ZZ";
"1993-10-25";"J10M0";"A1100";"P1D_L";"ZZ";"4.174"
"1993-10-26";"J10M0";"A1100";"P1D_L";"ZZ";
"1993-10-27";"J10M0";"A1100";"P1D_L";"ZZ";
"1993-10-28";"J10M0";"A1100";"P1D_L";"ZZ";
"1993-10-29";"J10M0";"A1100";"P1D_L";"ZZ";"4.208"
"1993-11-01";"J10M0";"A1100";"P1D_L";"ZZ";"4.214"
"1993-11-02";"J10M0";"A1100";"P1D_L";"ZZ";
"1993-11-03";"J10M0";"A1100";"P1D_L";"ZZ";
"1993-11-04";"J10M0";"A1100";"P1D_L";"ZZ";
"1993-11-05";"J10M0";"A1100";"P1D_L";"ZZ";
"1993-11-08";"J10M0";"A1100";"P1D_L";"ZZ";"4.229"
"1993-11-09";"J10M0";"A1100";"P1D_L";"ZZ";
"1993-11-10";"J10M0";"A1100";"P1D_L";"ZZ";
"1993-11-11";"J10M0";"A1100";"P1D_L";"ZZ";
"1993-11-12";"J10M0";"A1100";"P1D_L";"ZZ";
"1993-11-15";"J10M0";"A1100";"P1D_L";"ZZ";"4.214"
"1993-11-16";"J10M0";"A1100";"P1D_L";"ZZ";
"1993-11-17";"J10M0";"A1100";"P1D_L";"ZZ";
"1993-11-18";"J10M0";"A1100";"P1D_L";"ZZ";
"1993-11-19";"J10M0";"A1100";"P1D_L";"ZZ";
"1993-11-22";"J10M0";"A1100";"P1D_L";"ZZ";"4.203"
"1993-11-23";"J10M0";"A1100";"P1D_L";"ZZ";
"1993-11-24";"J10M0";"A1100";"P1D_L";"ZZ";
"1993-11-25";"J10M0";"A1100";"P1D_L";"ZZ";
"1993-11-26";"J10M0";"A1100";"P1D_L";"ZZ";
"1993-11-29";"J10M0";"A1100";"P1D_L";"ZZ";"4.205"
"1993-11-30";"J10M0";"A1100";"P1D_L";"ZZ";"4.247"
"1993-12-01";"J10M0";"A1100";"P1D_L";"ZZ";
"1993-12-02";"J10M0";"A1100";"P1D_L";"ZZ";
"1993-12-03";"J10M0";"A1100";"P1D_L";"ZZ";
"1993-12-06";"J10M0";"A1100";"P1D_L";"ZZ";"4.151"
"1993-12-07";"J10M0";"A1100";"P1D_L";"ZZ";
"1993-12-08";"J10M0";"A1100";"P1D_L";"ZZ";
"1993-12-09";"J10M0";"A1100";"P1D_L";"ZZ";
"1993-12-10";"J10M0";"A1100";"P1D_L";"ZZ";
"1993-12-13";"J10M0";"A1100";"P1D_L";"ZZ";"4.115"
"1993-12-14";"J10M0";"A1100";"P1D_L";"ZZ";
"1993-12-15";"J10M0";"A1100";"P1D_L";"ZZ";
"1993-12-16";"J10M0";"A1100";"P1D_L";"ZZ";
"1993-12-17";"J10M0";"A1100";"P1D_L";"ZZ";
"1993-12-20";"J10M0";"A1100";"P1D_L";"ZZ";"4.197"
"1993-12-21";"J10M0";"A1100";"P1D_L";"ZZ";
"1993-12-22";"J10M0";"A1100";"P1D_L";"ZZ";
"1993-12-23";"J10M0";"A1100";"P1D_L";"ZZ";
"1993-12-24";"J10M0";"A1100";"P1D_L";"ZZ";
"1993-12-27";"J10M0";"A1100";"P1D_L";"ZZ";"4.145"
"1993-12-28";"J10M0";"A1100";"P1D_L";"ZZ";
"1993-12-29";"J10M0";"A1100";"P1D_L";"ZZ";
"1993-12-30";"J10M0";"A1100";"P1D_L";"ZZ";
"1993-12-31";"J10M0";"A1100";"P1D_L";"ZZ";"4.136"
"1994-01-03";"J10M0";"A1100";"P1D_L";"ZZ";"4.122"
"1994-01-04";"J10M0";"A1100";"P1D_L";"ZZ";
"1994-01-05";"J10M0";"A1100";"P1D_L";"ZZ";
"1994-01-06";"J10M0";"A1100";"P1D_L";"ZZ";
"1994-01-07";"J10M0";"A1100";"P1D_L";"ZZ";
"1994-01-10";"J10M0";"A1100";"P1D_L";"ZZ";"4.148"
"1994-01-11";"J10M0";"A1100";"P1D_L";"ZZ";
"1994-01-12";"J10M0";"A1100";"P1D_L";"ZZ";
"1994-01-13";"J10M0";"A1100";"P1D_L";"ZZ";
"1994-01-14";"J10M0";"A1100";"P1D_L";"ZZ";
"1994-01-17";"J10M0";"A1100";"P1D_L";"ZZ";"4.183"
"1994-01-18";"J10M0";"A1100";"P1D_L";"ZZ";
"1994-01-19";"J10M0";"A1100";"P1D_L";"ZZ";
"1994-01-20";"J10M0";"A1100";"P1D_L";"ZZ";
"1994-01-21";"J10M0";"A1100";"P1D_L";"ZZ";
"1994-01-24";"J10M0";"A1100";"P1D_L";"ZZ";"4.225"
"1994-01-25";"J10M0";"A1100";"P1D_L";"ZZ";
"1994-01-26";"J10M0";"A1100";"P1D_L";"ZZ";
"1994-01-27";"J10M0";"A1100";"P1D_L";"ZZ";
"1994-01-28";"J10M0";"A1100";"P1D_L";"ZZ";
"1994-01-31";"J10M0";"A1100";"P1D_L";"ZZ";"4.206"
"1994-02-01";"J10M0";"A1100";"P1D_L";"ZZ";
"1994-02-02";"J10M0";"A1100";"P1D_L";"ZZ";
"1994-02-03";"J10M0";"A1100";"P1D_L";"ZZ";
"1994-02-04";"J10M0";"A1100";"P1D_L";"ZZ";
"1994-02-07";"J10M0";"A1100";"P1D_L";"ZZ";"4.248"
"1994-02-08";"J10M0";"A1100";"P1D_L";"ZZ";
"1994-02-09";"J10M0";"A1100";"P1D_L";"ZZ";
"1994-02-10";"J10M0";"A1100";"P1D_L";"ZZ";
"1994-02-11";"J10M0";"A1100";"P1D_L";"ZZ";
"1994-02-14";"J10M0";"A1100";"P1D_L";"ZZ";"4.267"
"1994-02-15";"J10M0";"A1100";"P1D_L";"ZZ";
"1994-02-16";"J10M0";"A1100";"P1D_L";"ZZ";
"1994-02-17";"J10M0";"A1100";"P1D_L";"ZZ";
"1994-02-18";"J10M0";"A1100";"P1D_L";"ZZ";
"1994-02-21";"J10M0";"A1100";"P1D_L";"ZZ";"4.352"
"1994-02-22";"J10M0";"A1100";"P1D_L";"ZZ";
"1994-02-23";"J10M0";"A1100";"P1D_L";"ZZ";
"1994-02-24";"J10M0";"A1100";"P1D_L";"ZZ";
"1994-02-25";"J10M0";"A1100";"P1D_L";"ZZ";
"1994-02-28";"J10M0";"A1100";"P1D_L";"ZZ";"4.465"
"1994-03-01";"J10M0";"A1100";"P1D_L";"ZZ";
"1994-03-02";"J10M0";"A1100";"P1D_L";"ZZ";
"1994-03-03";"J10M0";"A1100";"P1D_L";"ZZ";
"1994-03-04";"J10M0";"A1100";"P1D_L";"ZZ";
"1994-03-07";"J10M0";"A1100";"P1D_L";"ZZ";"4.468"
"1994-03-08";"J10M0";"A1100";"P1D_L";"ZZ";
"1994-03-09";"J10M0";"A1100";"P1D_L";"ZZ";
"1994-03-10";"J10M0";"A1100";"P1D_L";"ZZ";
"1994-03-11";"J10M0";"A1100";"P1D_L";"ZZ";
"1994-03-14";"J10M0";"A1100";"P1D_L";"ZZ";"4.483"
"1994-03-15";"J10M0";"A1100";"P1D_L";"ZZ";
"1994-03-16";"J10M0";"A1100";"P1D_L";"ZZ";
"1994-03-17";"J10M0";"A1100";"P1D_L";"ZZ";
"1994-03-18";"J10M0";"A1100";"P1D_L";"ZZ";
"1994-03-21";"J10M0";"A1100";"P1D_L";"ZZ";"4.612"
"1994-03-22";"J10M0";"A1100";"P1D_L";"ZZ";
"1994-03-23";"J10M0";"A1100";"P1D_L";"ZZ";
"1994-03-24";"J10M0";"A1100";"P1D_L";"ZZ";
"1994-03-25";"J10M0";"A1100";"P1D_L";"ZZ";
"1994-03-28";"J10M0";"A1100";"P1D_L";"ZZ";"4.652"
"1994-03-29";"J10M0";"A1100";"P1D_L";"ZZ";
"1994-03-30";"J10M0";"A1100";"P1D_L";"ZZ";
"1994-03-31";"J10M0";"A1100";"P1D_L";"ZZ";"4.634"
"1994-04-01";"J10M0";"A1100";"P1D_L";"ZZ";
"1994-04-04";"J10M0";"A1100";"P1D_L";"ZZ";
"1994-04-05";"J10M0";"A1100";"P1D_L";"ZZ";"4.639"
"1994-04-06";"J10M0";"A1100";"P1D_L";"ZZ";
"1994-04-07";"J10M0";"A1100";"P1D_L";"ZZ";
"1994-04-08";"J10M0";"A1100";"P1D_L";"ZZ";
"1994-04-11";"J10M0";"A1100";"P1D_L";"ZZ";"4.647"
"1994-04-12";"J10M0";"A1100";"P1D_L";"ZZ";
"1994-04-13";"J10M0";"A1100";"P1D_L";"ZZ";
"1994-04-14";"J10M0";"A1100";"P1D_L";"ZZ";
"1994-04-15";"J10M0";"A1100";"P1D_L";"ZZ";
"1994-04-18";"J10M0";"A1100";"P1D_L";"ZZ";"4.643"
"1994-04-19";"J10M0";"A1100";"P1D_L";"ZZ";
"1994-04-20";"J10M0";"A1100";"P1D_L";"ZZ";
"1994-04-21";"J10M0";"A1100";"P1D_L";"ZZ";
"1994-04-22";"J10M0";"A1100";"P1D_L";"ZZ";
"1994-04-25";"J10M0";"A1100";"P1D_L";"ZZ";"5.062"
"1994-04-26";"J10M0";"A1100";"P1D_L";"ZZ";
"1994-04-27";"J10M0";"A1100";"P1D_L";"ZZ";
"1994-04-28";"J10M0";"A1100";"P1D_L";"ZZ";
"1994-04-29";"J10M0";"A1100";"P1D_L";"ZZ";
"1994-05-02";"J10M0";"A1100";"P1D_L";"ZZ";"4.953"
"1994-05-03";"J10M0";"A1100";"P1D_L";"ZZ";
"1994-05-04";"J10M0";"A1100";"P1D_L";"ZZ";
"1994-05-05";"J10M0";"A1100";"P1D_L";"ZZ";
"1994-05-06";"J10M0";"A1100";"P1D_L";"ZZ";
"1994-05-09";"J10M0";"A1100";"P1D_L";"ZZ";"5.043"
"1994-05-10";"J10M0";"A1100";"P1D_L";"ZZ";
"1994-05-11";"J10M0";"A1100";"P1D_L";"ZZ";
"1994-05-12";"J10M0";"A1100";"P1D_L";"ZZ";
"1994-05-13";"J10M0";"A1100";"P1D_L";"ZZ";
"1994-05-16";"J10M0";"A1100";"P1D_L";"ZZ";"4.922"
"1994-05-17";"J10M0";"A1100";"P1D_L";"ZZ";
"1994-05-18";"J10M0";"A1100";"P1D_L";"ZZ";
"1994-05-19";"J10M0";"A1100";"P1D_L";"ZZ";
"1994-05-20";"J10M0";"A1100";"P1D_L";"ZZ";
"1994-05-23";"J10M0";"A1100";"P1D_L";"ZZ";
"1994-05-24";"J10M0";"A1100";"P1D_L";"ZZ";"4.966"
"1994-05-25";"J10M0";"A1100";"P1D_L";"ZZ";
"1994-05-26";"J10M0";"A1100";"P1D_L";"ZZ";
"1994-05-27";"J10M0";"A1100";"P1D_L";"ZZ";
"1994-05-30";"J10M0";"A1100";"P1D_L";"ZZ";"5.046"
"1994-05-31";"J10M0";"A1100";"P1D_L";"ZZ";
"1994-06-01";"J10M0";"A1100";"P1D_L";"ZZ";
"1994-06-02";"J10M0";"A1100";"P1D_L";"ZZ";
"1994-06-03";"J10M0";"A1100";"P1D_L";"ZZ";
"1994-06-06";"J10M0";"A1100";"P1D_L";"ZZ";"5.187"
"1994-06-07";"J10M0";"A1100";"P1D_L";"ZZ";
"1994-06-08";"J10M0";"A1100";"P1D_L";"ZZ";
"1994-06-09";"J10M0";"A1100";"P1D_L";"ZZ";
"1994-06-10";"J10M0";"A1100";"P1D_L";"ZZ";
"1994-06-13";"J10M0";"A1100";"P1D_L";"ZZ";"5.26"
"1994-06-14";"J10M0";"A1100";"P1D_L";"ZZ";
"1994-06-15";"J10M0";"A1100";"P1D_L";"ZZ";
"1994-06-16";"J10M0";"A1100";"P1D_L";"ZZ";
"1994-06-17";"J10M0";"A1100";"P1D_L";"ZZ";
"1994-06-20";"J10M0";"A1100";"P1D_L";"ZZ";"5.704"
"1994-06-21";"J10M0";"A1100";"P1D_L";"ZZ";
"1994-06-22";"J10M0";"A1100";"P1D_L";"ZZ";
"1994-06-23";"J10M0";"A1100";"P1D_L";"ZZ";
"1994-06-24";"J10M0";"A1100";"P1D_L";"ZZ";
"1994-06-27";"J10M0";"A1100";"P1D_L";"ZZ";"5.469"
"1994-06-28";"J10M0";"A1100";"P1D_L";"ZZ";
"1994-06-29";"J10M0";"A1100";"P1D_L";"ZZ";
"1994-06-30";"J10M0";"A1100";"P1D_L";"ZZ";"5.334"
"1994-07-01";"J10M0";"A1100";"P1D_L";"ZZ";
"1994-07-04";"J10M0";"A1100";"P1D_L";"ZZ";"5.38"
"1994-07-05";"J10M0";"A1100";"P1D_L";"ZZ";
"1994-07-06";"J10M0";"A1100";"P1D_L";"ZZ";
"1994-07-07";"J10M0";"A1100";"P1D_L";"ZZ";
"1994-07-08";"J10M0";"A1100";"P1D_L";"ZZ";
"1994-07-11";"J10M0";"A1100";"P1D_L";"ZZ";"5.365"
"1994-07-12";"J10M0";"A1100";"P1D_L";"ZZ";
"1994-07-13";"J10M0";"A1100";"P1D_L";"ZZ";
"1994-07-14";"J10M0";"A1100";"P1D_L";"ZZ";
"1994-07-15";"J10M0";"A1100";"P1D_L";"ZZ";
"1994-07-18";"J10M0";"A1100";"P1D_L";"ZZ";"5.187"
"1994-07-19";"J10M0";"A1100";"P1D_L";"ZZ";
"1994-07-20";"J10M0";"A1100";"P1D_L";"ZZ";
"1994-07-21";"J10M0";"A1100";"P1D_L";"ZZ";
"1994-07-22";"J10M0";"A1100";"P1D_L";"ZZ";
"1994-07-25";"J10M0";"A1100";"P1D_L";"ZZ";"5.217"
"1994-07-26";"J10M0";"A1100";"P1D_L";"ZZ";
"1994-07-27";"J10M0";"A1100";"P1D_L";"ZZ";
"1994-07-28";"J10M0";"A1100";"P1D_L";"ZZ";
"1994-07-29";"J10M0";"A1100";"P1D_L";"ZZ";"5.273"
"1994-08-01";"J10M0";"A1100";"P1D_L";"ZZ";
"1994-08-02";"J10M0";"A1100";"P1D_L";"ZZ";"5.267"
"1994-08-03";"J10M0";"A1100";"P1D_L";"ZZ";
"1994-08-04";"J10M0";"A1100";"P1D_L";"ZZ";
"1994-08-05";"J10M0";"A1100";"P1D_L";"ZZ";
"1994-08-08";"J10M0";"A1100";"P1D_L";"ZZ";"5.315"
"1994-08-09";"J10M0";"A1100";"P1D_L";"ZZ";
"1994-08-10";"J10M0";"A1100";"P1D_L";"ZZ";
"1994-08-11";"J10M0";"A1100";"P1D_L";"ZZ";
"1994-08-12";"J10M0";"A1100";"P1D_L";"ZZ";
"1994-08-15";"J10M0";"A1100";"P1D_L";"ZZ";"5.457"
"1994-08-16";"J10M0";"A1100";"P1D_L";"ZZ";
"1994-08-17";"J10M0";"A1100";"P1D_L";"ZZ";
"1994-08-18";"J10M0";"A1100";"P1D_L";"ZZ";
"1994-08-19";"J10M0";"A1100";"P1D_L";"ZZ";
"1994-08-22";"J10M0";"A1100";"P1D_L";"ZZ";"5.556"
"1994-08-23";"J10M0";"A1100";"P1D_L";"ZZ";
"1994-08-24";"J10M0";"A1100";"P1D_L";"ZZ";
"1994-08-25";"J10M0";"A1100";"P1D_L";"ZZ";
"1994-08-26";"J10M0";"A1100";"P1D_L";"ZZ";
"1994-08-29";"J10M0";"A1100";"P1D_L";"ZZ";"5.513"
"1994-08-30";"J10M0";"A1100";"P1D_L";"ZZ";
"1994-08-31";"J10M0";"A1100";"P1D_L";"ZZ";"5.492"
"1994-09-01";"J10M0";"A1100";"P1D_L";"ZZ";
"1994-09-02";"J10M0";"A1100";"P1D_L";"ZZ";
"1994-09-05";"J10M0";"A1100";"P1D_L";"ZZ";"5.621"
"1994-09-06";"J10M0";"A1100";"P1D_L";"ZZ";
"1994-09-07";"J10M0";"A1100";"P1D_L";"ZZ";
"1994-09-08";"J10M0";"A1100";"P1D_L";"ZZ";
"1994-09-09";"J10M0";"A1100";"P1D_L";"ZZ";
"1994-09-12";"J10M0";"A1100";"P1D_L";"ZZ";"5.636"
"1994-09-13";"J10M0";"A1100";"P1D_L";"ZZ";
"1994-09-14";"J10M0";"A1100";"P1D_L";"ZZ";
"1994-09-15";"J10M0";"A1100";"P1D_L";"ZZ";
"1994-09-16";"J10M0";"A1100";"P1D_L";"ZZ";
"1994-09-19";"J10M0";"A1100";"P1D_L";"ZZ";"5.72"
"1994-09-20";"J10M0";"A1100";"P1D_L";"ZZ";
"1994-09-21";"J10M0";"A1100";"P1D_L";"ZZ";
"1994-09-22";"J10M0";"A1100";"P1D_L";"ZZ";
"1994-09-23";"J10M0";"A1100";"P1D_L";"ZZ";
"1994-09-26";"J10M0";"A1100";"P1D_L";"ZZ";"5.672"
"1994-09-27";"J10M0";"A1100";"P1D_L";"ZZ";
"1994-09-28";"J10M0";"A1100";"P1D_L";"ZZ";
"1994-09-29";"J10M0";"A1100";"P1D_L";"ZZ";
"1994-09-30";"J10M0";"A1100";"P1D_L";"ZZ";"5.636"
"1994-10-03";"J10M0";"A1100";"P1D_L";"ZZ";"5.623"
"1994-10-04";"J10M0";"A1100";"P1D_L";"ZZ";
"1994-10-05";"J10M0";"A1100";"P1D_L";"ZZ";
"1994-10-06";"J10M0";"A1100";"P1D_L";"ZZ";
"1994-10-07";"J10M0";"A1100";"P1D_L";"ZZ";
"1994-10-10";"J10M0";"A1100";"P1D_L";"ZZ";"5.684"
"1994-10-11";"J10M0";"A1100";"P1D_L";"ZZ";
"1994-10-12";"J10M0";"A1100";"P1D_L";"ZZ";
"1994-10-13";"J10M0";"A1100";"P1D_L";"ZZ";
"1994-10-14";"J10M0";"A1100";"P1D_L";"ZZ";
"1994-10-17";"J10M0";"A1100";"P1D_L";"ZZ";"5.597"
"1994-10-18";"J10M0";"A1100";"P1D_L";"ZZ";
"1994-10-19";"J10M0";"A1100";"P1D_L";"ZZ";
"1994-10-20";"J10M0";"A1100";"P1D_L";"ZZ";
"1994-10-21";"J10M0";"A1100";"P1D_L";"ZZ";
"1994-10-24";"J10M0";"A1100";"P1D_L";"ZZ";"5.607"
"1994-10-25";"J10M0";"A1100";"P1D_L";"ZZ";
"1994-10-26";"J10M0";"A1100";"P1D_L";"ZZ";
"1994-10-27";"J10M0";"A1100";"P1D_L";"ZZ";
"1994-10-28";"J10M0";"A1100";"P1D_L";"ZZ";
"1994-10-31";"J10M0";"A1100";"P1D_L";"ZZ";"5.594"
"1994-11-01";"J10M0";"A1100";"P1D_L";"ZZ";
"1994-11-02";"J10M0";"A1100";"P1D_L";"ZZ";
"1994-11-03";"J10M0";"A1100";"P1D_L";"ZZ";
"1994-11-04";"J10M0";"A1100";"P1D_L";"ZZ";
"1994-11-07";"J10M0";"A1100";"P1D_L";"ZZ";"5.565"
"1994-11-08";"J10M0";"A1100";"P1D_L";"ZZ";
"1994-11-09";"J10M0";"A1100";"P1D_L";"ZZ";
"1994-11-10";"J10M0";"A1100";"P1D_L";"ZZ";
"1994-11-11";"J10M0";"A1100";"P1D_L";"ZZ";
"1994-11-14";"J10M0";"A1100";"P1D_L";"ZZ";"5.538"
"1994-11-15";"J10M0";"A1100";"P1D_L";"ZZ";
"1994-11-16";"J10M0";"A1100";"P1D_L";"ZZ";
"1994-11-17";"J10M0";"A1100";"P1D_L";"ZZ";
"1994-11-18";"J10M0";"A1100";"P1D_L";"ZZ";
"1994-11-21";"J10M0";"A1100";"P1D_L";"ZZ";"5.533"
"1994-11-22";"J10M0";"A1100";"P1D_L";"ZZ";
"1994-11-23";"J10M0";"A1100";"P1D_L";"ZZ";
"1994-11-24";"J10M0";"A1100";"P1D_L";"ZZ";
"1994-11-25";"J10M0";"A1100";"P1D_L";"ZZ";
"1994-11-28";"J10M0";"A1100";"P1D_L";"ZZ";"5.355"
"1994-11-29";"J10M0";"A1100";"P1D_L";"ZZ";
"1994-11-30";"J10M0";"A1100";"P1D_L";"ZZ";"5.368"
"1994-12-01";"J10M0";"A1100";"P1D_L";"ZZ";
"1994-12-02";"J10M0";"A1100";"P1D_L";"ZZ";
"1994-12-05";"J10M0";"A1100";"P1D_L";"ZZ";"5.336"
"1994-12-06";"J10M0";"A1100";"P1D_L";"ZZ";
"1994-12-07";"J10M0";"A1100";"P1D_L";"ZZ";
"1994-12-08";"J10M0";"A1100";"P1D_L";"ZZ";
"1994-12-09";"J10M0";"A1100";"P1D_L";"ZZ";
"1994-12-12";"J10M0";"A1100";"P1D_L";"ZZ";"5.44"
"1994-12-13";"J10M0";"A1100";"P1D_L";"ZZ";
"1994-12-14";"J10M0";"A1100";"P1D_L";"ZZ";
"1994-12-15";"J10M0";"A1100";"P1D_L";"ZZ";
"1994-12-16";"J10M0";"A1100";"P1D_L";"ZZ";
"1994-12-19";"J10M0";"A1100";"P1D_L";"ZZ";"5.406"
"1994-12-20";"J10M0";"A1100";"P1D_L";"ZZ";
"1994-12-21";"J10M0";"A1100";"P1D_L";"ZZ";
"1994-12-22";"J10M0";"A1100";"P1D_L";"ZZ";
"1994-12-23";"J10M0";"A1100";"P1D_L";"ZZ";
"1994-12-26";"J10M0";"A1100";"P1D_L";"ZZ";
"1994-12-27";"J10M0";"A1100";"P1D_L";"ZZ";"5.358"
"1994-12-28";"J10M0";"A1100";"P1D_L";"ZZ";
"1994-12-29";"J10M0";"A1100";"P1D_L";"ZZ";
"1994-12-30";"J10M0";"A1100";"P1D_L";"ZZ";"5.304"
"1995-01-02";"J10M0";"A1100";"P1D_L";"ZZ";
"1995-01-03";"J10M0";"A1100";"P1D_L";"ZZ";"5.305"
"1995-01-04";"J10M0";"A1100";"P1D_L";"ZZ";
"1995-01-05";"J10M0";"A1100";"P1D_L";"ZZ";
"1995-01-06";"J10M0";"A1100";"P1D_L";"ZZ";
"1995-01-09";"J10M0";"A1100";"P1D_L";"ZZ";"5.42"
"1995-01-10";"J10M0";"A1100";"P1D_L";"ZZ";
"1995-01-11";"J10M0";"A1100";"P1D_L";"ZZ";
"1995-01-12";"J10M0";"A1100";"P1D_L";"ZZ";
"1995-01-13";"J10M0";"A1100";"P1D_L";"ZZ";
"1995-01-16";"J10M0";"A1100";"P1D_L";"ZZ";"5.344"
"1995-01-17";"J10M0";"A1100";"P1D_L";"ZZ";
"1995-01-18";"J10M0";"A1100";"P1D_L";"ZZ";
"1995-01-19";"J10M0";"A1100";"P1D_L";"ZZ";
"1995-01-20";"J10M0";"A1100";"P1D_L";"ZZ";
"1995-01-23";"J10M0";"A1100";"P1D_L";"ZZ";"5.417"
"1995-01-24";"J10M0";"A1100";"P1D_L";"ZZ";
"1995-01-25";"J10M0";"A1100";"P1D_L";"ZZ";
"1995-01-26";"J10M0";"A1100";"P1D_L";"ZZ";
"1995-01-27";"J10M0";"A1100";"P1D_L";"ZZ";
"1995-01-30";"J10M0";"A1100";"P1D_L";"ZZ";"5.294"
"1995-01-31";"J10M0";"A1100";"P1D_L";"ZZ";"5.322"
"1995-02-01";"J10M0";"A1100";"P1D_L";"ZZ";
"1995-02-02";"J10M0";"A1100";"P1D_L";"ZZ";
"1995-02-03";"J10M0";"A1100";"P1D_L";"ZZ";
"1995-02-06";"J10M0";"A1100";"P1D_L";"ZZ";"5.326"
"1995-02-07";"J10M0";"A1100";"P1D_L";"ZZ";
"1995-02-08";"J10M0";"A1100";"P1D_L";"ZZ";
"1995-02-09";"J10M0";"A1100";"P1D_L";"ZZ";
"1995-02-10";"J10M0";"A1100";"P1D_L";"ZZ";
"1995-02-13";"J10M0";"A1100";"P1D_L";"ZZ";"5.358"
"1995-02-14";"J10M0";"A1100";"P1D_L";"ZZ";
"1995-02-15";"J10M0";"A1100";"P1D_L";"ZZ";
"1995-02-16";"J10M0";"A1100";"P1D_L";"ZZ";
"1995-02-17";"J10M0";"A1100";"P1D_L";"ZZ";
"1995-02-20";"J10M0";"A1100";"P1D_L";"ZZ";"5.327"
"1995-02-21";"J10M0";"A1100";"P1D_L";"ZZ";
"1995-02-22";"J10M0";"A1100";"P1D_L";"ZZ";
"1995-02-23";"J10M0";"A1100";"P1D_L";"ZZ";
"1995-02-24";"J10M0";"A1100";"P1D_L";"ZZ";
"1995-02-27";"J10M0";"A1100";"P1D_L";"ZZ";"5.328"
"1995-02-28";"J10M0";"A1100";"P1D_L";"ZZ";"5.325"
"1995-03-01";"J10M0";"A1100";"P1D_L";"ZZ";
"1995-03-02";"J10M0";"A1100";"P1D_L";"ZZ";
"1995-03-03";"J10M0";"A1100";"P1D_L";"ZZ";
"1995-03-06";"J10M0";"A1100";"P1D_L";"ZZ";"5.318"
"1995-03-07";"J10M0";"A1100";"P1D_L";"ZZ";
"1995-03-08";"J10M0";"A1100";"P1D_L";"ZZ";
"1995-03-09";"J10M0";"A1100";"P1D_L";"ZZ";
"1995-03-10";"J10M0";"A1100";"P1D_L";"ZZ";
"1995-03-13";"J10M0";"A1100";"P1D_L";"ZZ";"5.323"
"1995-03-14";"J10M0";"A1100";"P1D_L";"ZZ";
"1995-03-15";"J10M0";"A1100";"P1D_L";"ZZ";
"1995-03-16";"J10M0";"A1100";"P1D_L";"ZZ";
"1995-03-17";"J10M0";"A1100";"P1D_L";"ZZ";
"1995-03-20";"J10M0";"A1100";"P1D_L";"ZZ";"5.139"
"1995-03-21";"J10M0";"A1100";"P1D_L";"ZZ";
"1995-03-22";"J10M0";"A1100";"P1D_L";"ZZ";
"1995-03-23";"J10M0";"A1100";"P1D_L";"ZZ";
"1995-03-24";"J10M0";"A1100";"P1D_L";"ZZ";
"1995-03-27";"J10M0";"A1100";"P1D_L";"ZZ";"5.167"
"1995-03-28";"J10M0";"A1100";"P1D_L";"ZZ";
"1995-03-29";"J10M0";"A1100";"P1D_L";"ZZ";
"1995-03-30";"J10M0";"A1100";"P1D_L";"ZZ";
"1995-03-31";"J10M0";"A1100";"P1D_L";"ZZ";"5.179"
"1995-04-03";"J10M0";"A1100";"P1D_L";"ZZ";"5.166"
"1995-04-04";"J10M0";"A1100";"P1D_L";"ZZ";
"1995-04-05";"J10M0";"A1100";"P1D_L";"ZZ";
"1995-04-06";"J10M0";"A1100";"P1D_L";"ZZ";
"1995-04-07";"J10M0";"A1100";"P1D_L";"ZZ";
"1995-04-10";"J10M0";"A1100";"P1D_L";"ZZ";"5.036"
"1995-04-11";"J10M0";"A1100";"P1D_L";"ZZ";
"1995-04-12";"J10M0";"A1100";"P1D_L";"ZZ";
"1995-04-13";"J10M0";"A1100";"P1D_L";"ZZ";
"1995-04-14";"J10M0";"A1100";"P1D_L";"ZZ";
"1995-04-17";"J10M0";"A1100";"P1D_L";"ZZ";
"1995-04-18";"J10M0";"A1100";"P1D_L";"ZZ";"5.005"
"1995-04-19";"J10M0";"A1100";"P1D_L";"ZZ";
"1995-04-20";"J10M0";"A1100";"P1D_L";"ZZ";
"1995-04-21";"J10M0";"A1100";"P1D_L";"ZZ";
"1995-04-24";"J10M0";"A1100";"P1D_L";"ZZ";"4.966"
"1995-04-25";"J10M0";"A1100";"P1D_L";"ZZ";
"1995-04-26";"J10M0";"A1100";"P1D_L";"ZZ";
"1995-04-27";"J10M0";"A1100";"P1D_L";"ZZ";
"1995-04-28";"J10M0";"A1100";"P1D_L";"ZZ";"5.033"
"1995-05-01";"J10M0";"A1100";"P1D_L";"ZZ";
"1995-05-02";"J10M0";"A1100";"P1D_L";"ZZ";"5.035"
"1995-05-03";"J10M0";"A1100";"P1D_L";"ZZ";
"1995-05-04";"J10M0";"A1100";"P1D_L";"ZZ";
"1995-05-05";"J10M0";"A1100";"P1D_L";"ZZ";
"1995-05-08";"J10M0";"A1100";"P1D_L";"ZZ";"4.965"
"1995-05-09";"J10M0";"A1100";"P1D_L";"ZZ";
"1995-05-10";"J10M0";"A1100";"P1D_L";"ZZ";
"1995-05-11";"J10M0";"A1100";"P1D_L";"ZZ";
"1995-05-12";"J10M0";"A1100";"P1D_L";"ZZ";
"1995-05-15";"J10M0";"A1100";"P1D_L";"ZZ";"4.98"
"1995-05-16";"J10M0";"A1100";"P1D_L";"ZZ";
"1995-05-17";"J10M0";"A1100";"P1D_L";"ZZ";
"1995-05-18";"J10M0";"A1100";"P1D_L";"ZZ";
"1995-05-19";"J10M0";"A1100";"P1D_L";"ZZ";
"1995-05-22";"J10M0";"A1100";"P1D_L";"ZZ";"4.996"
"1995-05-23";"J10M0";"A1100";"P1D_L";"ZZ";
"1995-05-24";"J10M0";"A1100";"P1D_L";"ZZ";
"1995-05-25";"J10M0";"A1100";"P1D_L";"ZZ";
"1995-05-26";"J10M0";"A1100";"P1D_L";"ZZ";
"1995-05-29";"J10M0";"A1100";"P1D_L";"ZZ";"4.914"
"1995-05-30";"J10M0";"A1100";"P1D_L";"ZZ";
"1995-05-31";"J10M0";"A1100";"P1D_L";"ZZ";"4.873"
"1995-06-01";"J10M0";"A1100";"P1D_L";"ZZ";
"1995-06-02";"J10M0";"A1100";"P1D_L";"ZZ";
"1995-06-05";"J10M0";"A1100";"P1D_L";"ZZ";
"1995-06-06";"J10M0";"A1100";"P1D_L";"ZZ";"4.899"
"1995-06-07";"J10M0";"A1100";"P1D_L";"ZZ";
"1995-06-08";"J10M0";"A1100";"P1D_L";"ZZ";
"1995-06-09";"J10M0";"A1100";"P1D_L";"ZZ";
"1995-06-12";"J10M0";"A1100";"P1D_L";"ZZ";"5"
"1995-06-13";"J10M0";"A1100";"P1D_L";"ZZ";
"1995-06-14";"J10M0";"A1100";"P1D_L";"ZZ";
"1995-06-15";"J10M0";"A1100";"P1D_L";"ZZ";
"1995-06-16";"J10M0";"A1100";"P1D_L";"ZZ";
"1995-06-19";"J10M0";"A1100";"P1D_L";"ZZ";"4.946"
"1995-06-20";"J10M0";"A1100";"P1D_L";"ZZ";
"1995-06-21";"J10M0";"A1100";"P1D_L";"ZZ";
"1995-06-22";"J10M0";"A1100";"P1D_L";"ZZ";
"1995-06-23";"J10M0";"A1100";"P1D_L";"ZZ";
"1995-06-26";"J10M0";"A1100";"P1D_L";"ZZ";"4.868"
"1995-06-27";"J10M0";"A1100";"P1D_L";"ZZ";
"1995-06-28";"J10M0";"A1100";"P1D_L";"ZZ";
"1995-06-29";"J10M0";"A1100";"P1D_L";"ZZ";
"1995-06-30";"J10M0";"A1100";"P1D_L";"ZZ";"4.936"
"1995-07-03";"J10M0";"A1100";"P1D_L";"ZZ";"4.957"
"1995-07-04";"J10M0";"A1100";"P1D_L";"ZZ";
"1995-07-05";"J10M0";"A1100";"P1D_L";"ZZ";
"1995-07-06";"J10M0";"A1100";"P1D_L";"ZZ";
"1995-07-07";"J10M0";"A1100";"P1D_L";"ZZ";
"1995-07-10";"J10M0";"A1100";"P1D_L";"ZZ";"4.867"
"1995-07-11";"J10M0";"A1100";"P1D_L";"ZZ";
"1995-07-12";"J10M0";"A1100";"P1D_L";"ZZ";
"1995-07-13";"J10M0";"A1100";"P1D_L";"ZZ";
"1995-07-14";"J10M0";"A1100";"P1D_L";"ZZ";
"1995-07-17";"J10M0";"A1100";"P1D_L";"ZZ";"4.868"
"1995-07-18";"J10M0";"A1100";"P1D_L";"ZZ";
"1995-07-19";"J10M0";"A1100";"P1D_L";"ZZ";
"1995-07-20";"J10M0";"A1100";"P1D_L";"ZZ";
"1995-07-21";"J10M0";"A1100";"P1D_L";"ZZ";
"1995-07-24";"J10M0";"A1100";"P1D_L";"ZZ";"4.916"
"1995-07-25";"J10M0";"A1100";"P1D_L";"ZZ";
"1995-07-26";"J10M0";"A1100";"P1D_L";"ZZ";
"1995-07-27";"J10M0";"A1100";"P1D_L";"ZZ";
"1995-07-28";"J10M0";"A1100";"P1D_L";"ZZ";
"1995-07-31";"J10M0";"A1100";"P1D_L";"ZZ";"4.859"
"1995-08-01";"J10M0";"A1100";"P1D_L";"ZZ";
"1995-08-02";"J10M0";"A1100";"P1D_L";"ZZ";
"1995-08-03";"J10M0";"A1100";"P1D_L";"ZZ";
"1995-08-04";"J10M0";"A1100";"P1D_L";"ZZ";
"1995-08-07";"J10M0";"A1100";"P1D_L";"ZZ";"4.785"
"1995-08-08";"J10M0";"A1100";"P1D_L";"ZZ";
"1995-08-09";"J10M0";"A1100";"P1D_L";"ZZ";
"1995-08-10";"J10M0";"A1100";"P1D_L";"ZZ";
"1995-08-11";"J10M0";"A1100";"P1D_L";"ZZ";
"1995-08-14";"J10M0";"A1100";"P1D_L";"ZZ";"4.767"
"1995-08-15";"J10M0";"A1100";"P1D_L";"ZZ";
"1995-08-16";"J10M0";"A1100";"P1D_L";"ZZ";
"1995-08-17";"J10M0";"A1100";"P1D_L";"ZZ";
"1995-08-18";"J10M0";"A1100";"P1D_L";"ZZ";
"1995-08-21";"J10M0";"A1100";"P1D_L";"ZZ";"4.714"
"1995-08-22";"J10M0";"A1100";"P1D_L";"ZZ";
"1995-08-23";"J10M0";"A1100";"P1D_L";"ZZ";
"1995-08-24";"J10M0";"A1100";"P1D_L";"ZZ";
"1995-08-25";"J10M0";"A1100";"P1D_L";"ZZ";
"1995-08-28";"J10M0";"A1100";"P1D_L";"ZZ";"4.72"
"1995-08-29";"J10M0";"A1100";"P1D_L";"ZZ";
"1995-08-30";"J10M0";"A1100";"P1D_L";"ZZ";
"1995-08-31";"J10M0";"A1100";"P1D_L";"ZZ";"4.73"
"1995-09-01";"J10M0";"A1100";"P1D_L";"ZZ";
"1995-09-04";"J10M0";"A1100";"P1D_L";"ZZ";"4.689"
"1995-09-05";"J10M0";"A1100";"P1D_L";"ZZ";
"1995-09-06";"J10M0";"A1100";"P1D_L";"ZZ";
"1995-09-07";"J10M0";"A1100";"P1D_L";"ZZ";
"1995-09-08";"J10M0";"A1100";"P1D_L";"ZZ";
"1995-09-11";"J10M0";"A1100";"P1D_L";"ZZ";"4.573"
"1995-09-12";"J10M0";"A1100";"P1D_L";"ZZ";
"1995-09-13";"J10M0";"A1100";"P1D_L";"ZZ";
"1995-09-14";"J10M0";"A1100";"P1D_L";"ZZ";
"1995-09-15";"J10M0";"A1100";"P1D_L";"ZZ";
"1995-09-18";"J10M0";"A1100";"P1D_L";"ZZ";"4.545"
"1995-09-19";"J10M0";"A1100";"P1D_L";"ZZ";
"1995-09-20";"J10M0";"A1100";"P1D_L";"ZZ";
"1995-09-21";"J10M0";"A1100";"P1D_L";"ZZ";
"1995-09-22";"J10M0";"A1100";"P1D_L";"ZZ";
"1995-09-25";"J10M0";"A1100";"P1D_L";"ZZ";"4.445"
"1995-09-26";"J10M0";"A1100";"P1D_L";"ZZ";
"1995-09-27";"J10M0";"A1100";"P1D_L";"ZZ";
"1995-09-28";"J10M0";"A1100";"P1D_L";"ZZ";
"1995-09-29";"J10M0";"A1100";"P1D_L";"ZZ";"4.555"
"1995-10-02";"J10M0";"A1100";"P1D_L";"ZZ";"4.484"
"1995-10-03";"J10M0";"A1100";"P1D_L";"ZZ";
"1995-10-04";"J10M0";"A1100";"P1D_L";"ZZ";
"1995-10-05";"J10M0";"A1100";"P1D_L";"ZZ";
"1995-10-06";"J10M0";"A1100";"P1D_L";"ZZ";
"1995-10-09";"J10M0";"A1100";"P1D_L";"ZZ";"4.432"
"1995-10-10";"J10M0";"A1100";"P1D_L";"ZZ";
"1995-10-11";"J10M0";"A1100";"P1D_L";"ZZ";
"1995-10-12";"J10M0";"A1100";"P1D_L";"ZZ";
"1995-10-13";"J10M0";"A1100";"P1D_L";"ZZ";
"1995-10-16";"J10M0";"A1100";"P1D_L";"ZZ";"4.402"
"1995-10-17";"J10M0";"A1100";"P1D_L";"ZZ";
"1995-10-18";"J10M0";"A1100";"P1D_L";"ZZ";
"1995-10-19";"J10M0";"A1100";"P1D_L";"ZZ";
"1995-10-20";"J10M0";"A1100";"P1D_L";"ZZ";
"1995-10-23";"J10M0";"A1100";"P1D_L";"ZZ";"4.386"
"1995-10-24";"J10M0";"A1100";"P1D_L";"ZZ";
"1995-10-25";"J10M0";"A1100";"P1D_L";"ZZ";
"1995-10-26";"J10M0";"A1100";"P1D_L";"ZZ";
"1995-10-27";"J10M0";"A1100";"P1D_L";"ZZ";
"1995-10-30";"J10M0";"A1100";"P1D_L";"ZZ";"4.38"
"1995-10-31";"J10M0";"A1100";"P1D_L";"ZZ";
"1995-11-01";"J10M0";"A1100";"P1D_L";"ZZ";
"1995-11-02";"J10M0";"A1100";"P1D_L";"ZZ";
"1995-11-03";"J10M0";"A1100";"P1D_L";"ZZ";
"1995-11-06";"J10M0";"A1100";"P1D_L";"ZZ";"4.25"
"1995-11-07";"J10M0";"A1100";"P1D_L";"ZZ";
"1995-11-08";"J10M0";"A1100";"P1D_L";"ZZ";
"1995-11-09";"J10M0";"A1100";"P1D_L";"ZZ";
"1995-11-10";"J10M0";"A1100";"P1D_L";"ZZ";
"1995-11-13";"J10M0";"A1100";"P1D_L";"ZZ";"4.161"
"1995-11-14";"J10M0";"A1100";"P1D_L";"ZZ";
"1995-11-15";"J10M0";"A1100";"P1D_L";"ZZ";
"1995-11-16";"J10M0";"A1100";"P1D_L";"ZZ";
"1995-11-17";"J10M0";"A1100";"P1D_L";"ZZ";
"1995-11-20";"J10M0";"A1100";"P1D_L";"ZZ";"4.085"
"1995-11-21";"J10M0";"A1100";"P1D_L";"ZZ";
"1995-11-22";"J10M0";"A1100";"P1D_L";"ZZ";
"1995-11-23";"J10M0";"A1100";"P1D_L";"ZZ";
"1995-11-24";"J10M0";"A1100";"P1D_L";"ZZ";
"1995-11-27";"J10M0";"A1100";"P1D_L";"ZZ";"4.026"
"1995-11-28";"J10M0";"A1100";"P1D_L";"ZZ";
"1995-11-29";"J10M0";"A1100";"P1D_L";"ZZ";
"1995-11-30";"J10M0";"A1100";"P1D_L";"ZZ";"4.057"
"1995-12-01";"J10M0";"A1100";"P1D_L";"ZZ";
"1995-12-04";"J10M0";"A1100";"P1D_L";"ZZ";"4.038"
"1995-12-05";"J10M0";"A1100";"P1D_L";"ZZ";
"1995-12-06";"J10M0";"A1100";"P1D_L";"ZZ";
"1995-12-07";"J10M0";"A1100";"P1D_L";"ZZ";
"1995-12-08";"J10M0";"A1100";"P1D_L";"ZZ";
"1995-12-11";"J10M0";"A1100";"P1D_L";"ZZ";"4.163"
"1995-12-12";"J10M0";"A1100";"P1D_L";"ZZ";
"1995-12-13";"J10M0";"A1100";"P1D_L";"ZZ";
"1995-12-14";"J10M0";"A1100";"P1D_L";"ZZ";
"1995-12-15";"J10M0";"A1100";"P1D_L";"ZZ";
"1995-12-18";"J10M0";"A1100";"P1D_L";"ZZ";"4.106"
"1995-12-19";"J10M0";"A1100";"P1D_L";"ZZ";
"1995-12-20";"J10M0";"A1100";"P1D_L";"ZZ";
"1995-12-21";"J10M0";"A1100";"P1D_L";"ZZ";
"1995-12-22";"J10M0";"A1100";"P1D_L";"ZZ";
"1995-12-25";"J10M0";"A1100";"P1D_L";"ZZ";
"1995-12-26";"J10M0";"A1100";"P1D_L";"ZZ";
"1995-12-27";"J10M0";"A1100";"P1D_L";"ZZ";"4.142"
"1995-12-28";"J10M0";"A1100";"P1D_L";"ZZ";
"1995-12-29";"J10M0";"A1100";"P1D_L";"ZZ";"4.09"
"1996-01-01";"J10M0";"A1100";"P1D_L";"ZZ";
"1996-01-02";"J10M0";"A1100";"P1D_L";"ZZ";
"1996-01-03";"J10M0";"A1100";"P1D_L";"ZZ";"4.084"
"1996-01-04";"J10M0";"A1100";"P1D_L";"ZZ";
"1996-01-05";"J10M0";"A1100";"P1D_L";"ZZ";
"1996-01-08";"J10M0";"A1100";"P1D_L";"ZZ";"4.019"
"1996-01-09";"J10M0";"A1100";"P1D_L";"ZZ";
"1996-01-10";"J10M0";"A1100";"P1D_L";"ZZ";
"1996-01-11";"J10M0";"A1100";"P1D_L";"ZZ";
"1996-01-12";"J10M0";"A1100";"P1D_L";"ZZ";
"1996-01-15";"J10M0";"A1100";"P1D_L";"ZZ";"4.072"
"1996-01-16";"J10M0";"A1100";"P1D_L";"ZZ";
"1996-01-17";"J10M0";"A1100";"P1D_L";"ZZ";
"1996-01-18";"J10M0";"A1100";"P1D_L";"ZZ";
"1996-01-19";"J10M0";"A1100";"P1D_L";"ZZ";
"1996-01-22";"J10M0";"A1100";"P1D_L";"ZZ";"4.128"
"1996-01-23";"J10M0";"A1100";"P1D_L";"ZZ";
"1996-01-24";"J10M0";"A1100";"P1D_L";"ZZ";
"1996-01-25";"J10M0";"A1100";"P1D_L";"ZZ";
"1996-01-26";"J10M0";"A1100";"P1D_L";"ZZ";
"1996-01-29";"J10M0";"A1100";"P1D_L";"ZZ";"4.521"
"1996-01-30";"J10M0";"A1100";"P1D_L";"ZZ";
"1996-01-31";"J10M0";"A1100";"P1D_L";"ZZ";"4.437"
"1996-02-01";"J10M0";"A1100";"P1D_L";"ZZ";
"1996-02-02";"J10M0";"A1100";"P1D_L";"ZZ";
"1996-02-05";"J10M0";"A1100";"P1D_L";"ZZ";"4.584"
"1996-02-06";"J10M0";"A1100";"P1D_L";"ZZ";
"1996-02-07";"J10M0";"A1100";"P1D_L";"ZZ";
"1996-02-08";"J10M0";"A1100";"P1D_L";"ZZ";
"1996-02-09";"J10M0";"A1100";"P1D_L";"ZZ";
"1996-02-12";"J10M0";"A1100";"P1D_L";"ZZ";"4.626"
"1996-02-13";"J10M0";"A1100";"P1D_L";"ZZ";
"1996-02-14";"J10M0";"A1100";"P1D_L";"ZZ";
"1996-02-15";"J10M0";"A1100";"P1D_L";"ZZ";
"1996-02-16";"J10M0";"A1100";"P1D_L";"ZZ";
"1996-02-19";"J10M0";"A1100";"P1D_L";"ZZ";"4.429"
"1996-02-20";"J10M0";"A1100";"P1D_L";"ZZ";
"1996-02-21";"J10M0";"A1100";"P1D_L";"ZZ";
"1996-02-22";"J10M0";"A1100";"P1D_L";"ZZ";
"1996-02-23";"J10M0";"A1100";"P1D_L";"ZZ";
"1996-02-26";"J10M0";"A1100";"P1D_L";"ZZ";"4.369"
"1996-02-27";"J10M0";"A1100";"P1D_L";"ZZ";
"1996-02-28";"J10M0";"A1100";"P1D_L";"ZZ";"4.358"
"1996-02-29";"J10M0";"A1100";"P1D_L";"ZZ";
"1996-03-01";"J10M0";"A1100";"P1D_L";"ZZ";
"1996-03-04";"J10M0";"A1100";"P1D_L";"ZZ";"4.293"
"1996-03-05";"J10M0";"A1100";"P1D_L";"ZZ";
"1996-03-06";"J10M0";"A1100";"P1D_L";"ZZ";
"1996-03-07";"J10M0";"A1100";"P1D_L";"ZZ";
"1996-03-08";"J10M0";"A1100";"P1D_L";"ZZ";
"1996-03-11";"J10M0";"A1100";"P1D_L";"ZZ";"4.46"
"1996-03-12";"J10M0";"A1100";"P1D_L";"ZZ";
"1996-03-13";"J10M0";"A1100";"P1D_L";"ZZ";
"1996-03-14";"J10M0";"A1100";"P1D_L";"ZZ";
"1996-03-15";"J10M0";"A1100";"P1D_L";"ZZ";
"1996-03-18";"J10M0";"A1100";"P1D_L";"ZZ";"4.475"
"1996-03-19";"J10M0";"A1100";"P1D_L";"ZZ";
"1996-03-20";"J10M0";"A1100";"P1D_L";"ZZ";
"1996-03-21";"J10M0";"A1100";"P1D_L";"ZZ";
"1996-03-22";"J10M0";"A1100";"P1D_L";"ZZ";
"1996-03-25";"J10M0";"A1100";"P1D_L";"ZZ";"4.424"
"1996-03-26";"J10M0";"A1100";"P1D_L";"ZZ";
"1996-03-27";"J10M0";"A1100";"P1D_L";"ZZ";
"1996-03-28";"J10M0";"A1100";"P1D_L";"ZZ";
"1996-03-29";"J10M0";"A1100";"P1D_L";"ZZ";"4.406"
"1996-04-01";"J10M0";"A1100";"P1D_L";"ZZ";"4.405"
"1996-04-02";"J10M0";"A1100";"P1D_L";"ZZ";
"1996-04-03";"J10M0";"A1100";"P1D_L";"ZZ";
"1996-04-04";"J10M0";"A1100";"P1D_L";"ZZ";
"1996-04-05";"J10M0";"A1100";"P1D_L";"ZZ";
"1996-04-08";"J10M0";"A1100";"P1D_L";"ZZ";
"1996-04-09";"J10M0";"A1100";"P1D_L";"ZZ";"4.381"
"1996-04-10";"J10M0";"A1100";"P1D_L";"ZZ";
"1996-04-11";"J10M0";"A1100";"P1D_L";"ZZ";
"1996-04-12";"J10M0";"A1100";"P1D_L";"ZZ";
"1996-04-15";"J10M0";"A1100";"P1D_L";"ZZ";"4.437"
"1996-04-16";"J10M0";"A1100";"P1D_L";"ZZ";
"1996-04-17";"J10M0";"A1100";"P1D_L";"ZZ";
"1996-04-18";"J10M0";"A1100";"P1D_L";"ZZ";
"1996-04-19";"J10M0";"A1100";"P1D_L";"ZZ";
"1996-04-22";"J10M0";"A1100";"P1D_L";"ZZ";"4.321"
"1996-04-23";"J10M0";"A1100";"P1D_L";"ZZ";
"1996-04-24";"J10M0";"A1100";"P1D_L";"ZZ";
"1996-04-25";"J10M0";"A1100";"P1D_L";"ZZ";
"1996-04-26";"J10M0";"A1100";"P1D_L";"ZZ";
"1996-04-29";"J10M0";"A1100";"P1D_L";"ZZ";"4.312"
"1996-04-30";"J10M0";"A1100";"P1D_L";"ZZ";"4.329"
"1996-05-01";"J10M0";"A1100";"P1D_L";"ZZ";
"1996-05-02";"J10M0";"A1100";"P1D_L";"ZZ";
"1996-05-03";"J10M0";"A1100";"P1D_L";"ZZ";
"1996-05-06";"J10M0";"A1100";"P1D_L";"ZZ";"4.428"
"1996-05-07";"J10M0";"A1100";"P1D_L";"ZZ";
"1996-05-08";"J10M0";"A1100";"P1D_L";"ZZ";
"1996-05-09";"J10M0";"A1100";"P1D_L";"ZZ";
"1996-05-10";"J10M0";"A1100";"P1D_L";"ZZ";
"1996-05-13";"J10M0";"A1100";"P1D_L";"ZZ";"4.429"
"1996-05-14";"J10M0";"A1100";"P1D_L";"ZZ";
"1996-05-15";"J10M0";"A1100";"P1D_L";"ZZ";
"1996-05-16";"J10M0";"A1100";"P1D_L";"ZZ";
"1996-05-17";"J10M0";"A1100";"P1D_L";"ZZ";
"1996-05-20";"J10M0";"A1100";"P1D_L";"ZZ";"4.465"
"1996-05-21";"J10M0";"A1100";"P1D_L";"ZZ";
"1996-05-22";"J10M0";"A1100";"P1D_L";"ZZ";
"1996-05-23";"J10M0";"A1100";"P1D_L";"ZZ";
"1996-05-24";"J10M0";"A1100";"P1D_L";"ZZ";
"1996-05-27";"J10M0";"A1100";"P1D_L";"ZZ";
"1996-05-28";"J10M0";"A1100";"P1D_L";"ZZ";"4.631"
"1996-05-29";"J10M0";"A1100";"P1D_L";"ZZ";"4.682"
"1996-05-30";"J10M0";"A1100";"P1D_L";"ZZ";
"1996-05-31";"J10M0";"A1100";"P1D_L";"ZZ";
"1996-06-03";"J10M0";"A1100";"P1D_L";"ZZ";"4.71"
"1996-06-04";"J10M0";"A1100";"P1D_L";"ZZ";
"1996-06-05";"J10M0";"A1100";"P1D_L";"ZZ";
"1996-06-06";"J10M0";"A1100";"P1D_L";"ZZ";
"1996-06-07";"J10M0";"A1100";"P1D_L";"ZZ";
"1996-06-10";"J10M0";"A1100";"P1D_L";"ZZ";"4.634"
"1996-06-11";"J10M0";"A1100";"P1D_L";"ZZ";
"1996-06-12";"J10M0";"A1100";"P1D_L";"ZZ";
"1996-06-13";"J10M0";"A1100";"P1D_L";"ZZ";
"1996-06-14";"J10M0";"A1100";"P1D_L";"ZZ";
"1996-06-17";"J10M0";"A1100";"P1D_L";"ZZ";"4.647"
"1996-06-18";"J10M0";"A1100";"P1D_L";"ZZ";
"1996-06-19";"J10M0";"A1100";"P1D_L";"ZZ";
"1996-06-20";"J10M0";"A1100";"P1D_L";"ZZ";
"1996-06-21";"J10M0";"A1100";"P1D_L";"ZZ";
"1996-06-24";"J10M0";"A1100";"P1D_L";"ZZ";"4.682"
"1996-06-25";"J10M0";"A1100";"P1D_L";"ZZ";
"1996-06-26";"J10M0";"A1100";"P1D_L";"ZZ";
"1996-06-27";"J10M0";"A1100";"P1D_L";"ZZ";
"1996-06-28";"J10M0";"A1100";"P1D_L";"ZZ";"4.627"
"1996-07-01";"J10M0";"A1100";"P1D_L";"ZZ";"4.585"
"1996-07-02";"J10M0";"A1100";"P1D_L";"ZZ";
"1996-07-03";"J10M0";"A1100";"P1D_L";"ZZ";
"1996-07-04";"J10M0";"A1100";"P1D_L";"ZZ";
"1996-07-05";"J10M0";"A1100";"P1D_L";"ZZ";
"1996-07-08";"J10M0";"A1100";"P1D_L";"ZZ";"4.614"
"1996-07-09";"J10M0";"A1100";"P1D_L";"ZZ";
"1996-07-10";"J10M0";"A1100";"P1D_L";"ZZ";
"1996-07-11";"J10M0";"A1100";"P1D_L";"ZZ";
"1996-07-12";"J10M0";"A1100";"P1D_L";"ZZ";
"1996-07-15";"J10M0";"A1100";"P1D_L";"ZZ";"4.527"
"1996-07-16";"J10M0";"A1100";"P1D_L";"ZZ";
"1996-07-17";"J10M0";"A1100";"P1D_L";"ZZ";
"1996-07-18";"J10M0";"A1100";"P1D_L";"ZZ";
"1996-07-19";"J10M0";"A1100";"P1D_L";"ZZ";
"1996-07-22";"J10M0";"A1100";"P1D_L";"ZZ";"4.546"
"1996-07-23";"J10M0";"A1100";"P1D_L";"ZZ";
"1996-07-24";"J10M0";"A1100";"P1D_L";"ZZ";
"1996-07-25";"J10M0";"A1100";"P1D_L";"ZZ";
"1996-07-26";"J10M0";"A1100";"P1D_L";"ZZ";
"1996-07-29";"J10M0";"A1100";"P1D_L";"ZZ";"4.562"
"1996-07-30";"J10M0";"A1100";"P1D_L";"ZZ";
"1996-07-31";"J10M0";"A1100";"P1D_L";"ZZ";"4.561"
"1996-08-01";"J10M0";"A1100";"P1D_L";"ZZ";
"1996-08-02";"J10M0";"A1100";"P1D_L";"ZZ";
"1996-08-05";"J10M0";"A1100";"P1D_L";"ZZ";"4.444"
"1996-08-06";"J10M0";"A1100";"P1D_L";"ZZ";
"1996-08-07";"J10M0";"A1100";"P1D_L";"ZZ";
"1996-08-08";"J10M0";"A1100";"P1D_L";"ZZ";
"1996-08-09";"J10M0";"A1100";"P1D_L";"ZZ";
"1996-08-12";"J10M0";"A1100";"P1D_L";"ZZ";"4.403"
"1996-08-13";"J10M0";"A1100";"P1D_L";"ZZ";
"1996-08-14";"J10M0";"A1100";"P1D_L";"ZZ";
"1996-08-15";"J10M0";"A1100";"P1D_L";"ZZ";
"1996-08-16";"J10M0";"A1100";"P1D_L";"ZZ";
"1996-08-19";"J10M0";"A1100";"P1D_L";"ZZ";"4.44"
"1996-08-20";"J10M0";"A1100";"P1D_L";"ZZ";
"1996-08-21";"J10M0";"A1100";"P1D_L";"ZZ";
"1996-08-22";"J10M0";"A1100";"P1D_L";"ZZ";
"1996-08-23";"J10M0";"A1100";"P1D_L";"ZZ";
"1996-08-26";"J10M0";"A1100";"P1D_L";"ZZ";"4.494"
"1996-08-27";"J10M0";"A1100";"P1D_L";"ZZ";
"1996-08-28";"J10M0";"A1100";"P1D_L";"ZZ";
"1996-08-29";"J10M0";"A1100";"P1D_L";"ZZ";
"1996-08-30";"J10M0";"A1100";"P1D_L";"ZZ";"4.467"
"1996-09-02";"J10M0";"A1100";"P1D_L";"ZZ";"4.465"
"1996-09-03";"J10M0";"A1100";"P1D_L";"ZZ";
"1996-09-04";"J10M0";"A1100";"P1D_L";"ZZ";
"1996-09-05";"J10M0";"A1100";"P1D_L";"ZZ";
"1996-09-06";"J10M0";"A1100";"P1D_L";"ZZ";
"1996-09-09";"J10M0";"A1100";"P1D_L";"ZZ";"4.394"
"1996-09-10";"J10M0";"A1100";"P1D_L";"ZZ";
"1996-09-11";"J10M0";"A1100";"P1D_L";"ZZ";
"1996-09-12";"J10M0";"A1100";"P1D_L";"ZZ";
"1996-09-13";"J10M0";"A1100";"P1D_L";"ZZ";
"1996-09-16";"J10M0";"A1100";"P1D_L";"ZZ";"4.279"
"1996-09-17";"J10M0";"A1100";"P1D_L";"ZZ";
"1996-09-18";"J10M0";"A1100";"P1D_L";"ZZ";
"1996-09-19";"J10M0";"A1100";"P1D_L";"ZZ";
"1996-09-20";"J10M0";"A1100";"P1D_L";"ZZ";
"1996-09-23";"J10M0";"A1100";"P1D_L";"ZZ";"4.241"
"1996-09-24";"J10M0";"A1100";"P1D_L";"ZZ";
"1996-09-25";"J10M0";"A1100";"P1D_L";"ZZ";
"1996-09-26";"J10M0";"A1100";"P1D_L";"ZZ";
"1996-09-27";"J10M0";"A1100";"P1D_L";"ZZ";
"1996-09-30";"J10M0";"A1100";"P1D_L";"ZZ";"4.256"
"1996-10-01";"J10M0";"A1100";"P1D_L";"ZZ";
"1996-10-02";"J10M0";"A1100";"P1D_L";"ZZ";
"1996-10-03";"J10M0";"A1100";"P1D_L";"ZZ";
"1996-10-04";"J10M0";"A1100";"P1D_L";"ZZ";
"1996-10-07";"J10M0";"A1100";"P1D_L";"ZZ";"4.03"
"1996-10-08";"J10M0";"A1100";"P1D_L";"ZZ";
"1996-10-09";"J10M0";"A1100";"P1D_L";"ZZ";
"1996-10-10";"J10M0";"A1100";"P1D_L";"ZZ";
"1996-10-11";"J10M0";"A1100";"P1D_L";"ZZ";
"1996-10-14";"J10M0";"A1100";"P1D_L";"ZZ";"4.108"
"1996-10-15";"J10M0";"A1100";"P1D_L";"ZZ";
"1996-10-16";"J10M0";"A1100";"P1D_L";"ZZ";
"1996-10-17";"J10M0";"A1100";"P1D_L";"ZZ";
"1996-10-18";"J10M0";"A1100";"P1D_L";"ZZ";
"1996-10-21";"J10M0";"A1100";"P1D_L";"ZZ";"4.118"
"1996-10-22";"J10M0";"A1100";"P1D_L";"ZZ";
"1996-10-23";"J10M0";"A1100";"P1D_L";"ZZ";
"1996-10-24";"J10M0";"A1100";"P1D_L";"ZZ";
"1996-10-25";"J10M0";"A1100";"P1D_L";"ZZ";
"1996-10-28";"J10M0";"A1100";"P1D_L";"ZZ";"4.177"
"1996-10-29";"J10M0";"A1100";"P1D_L";"ZZ";
"1996-10-30";"J10M0";"A1100";"P1D_L";"ZZ";
"1996-10-31";"J10M0";"A1100";"P1D_L";"ZZ";"4.166"
"1996-11-01";"J10M0";"A1100";"P1D_L";"ZZ";
"1996-11-04";"J10M0";"A1100";"P1D_L";"ZZ";"4.213"
"1996-11-05";"J10M0";"A1100";"P1D_L";"ZZ";
"1996-11-06";"J10M0";"A1100";"P1D_L";"ZZ";
"1996-11-07";"J10M0";"A1100";"P1D_L";"ZZ";
"1996-11-08";"J10M0";"A1100";"P1D_L";"ZZ";
"1996-11-11";"J10M0";"A1100";"P1D_L";"ZZ";"4.125"
"1996-11-12";"J10M0";"A1100";"P1D_L";"ZZ";
"1996-11-13";"J10M0";"A1100";"P1D_L";"ZZ";
"1996-11-14";"J10M0";"A1100";"P1D_L";"ZZ";
"1996-11-15";"J10M0";"A1100";"P1D_L";"ZZ";
"1996-11-18";"J10M0";"A1100";"P1D_L";"ZZ";"4.111"
"1996-11-19";"J10M0";"A1100";"P1D_L";"ZZ";
"1996-11-20";"J10M0";"A1100";"P1D_L";"ZZ";
"1996-11-21";"J10M0";"A1100";"P1D_L";"ZZ";
"1996-11-22";"J10M0";"A1100";"P1D_L";"ZZ";
"1996-11-25";"J10M0";"A1100";"P1D_L";"ZZ";"4.184"
"1996-11-26";"J10M0";"A1100";"P1D_L";"ZZ";
"1996-11-27";"J10M0";"A1100";"P1D_L";"ZZ";
"1996-11-28";"J10M0";"A1100";"P1D_L";"ZZ";
"1996-11-29";"J10M0";"A1100";"P1D_L";"ZZ";"4.191"
"1996-12-02";"J10M0";"A1100";"P1D_L";"ZZ";"4.156"
"1996-12-03";"J10M0";"A1100";"P1D_L";"ZZ";
"1996-12-04";"J10M0";"A1100";"P1D_L";"ZZ";
"1996-12-05";"J10M0";"A1100";"P1D_L";"ZZ";
"1996-12-06";"J10M0";"A1100";"P1D_L";"ZZ";
"1996-12-09";"J10M0";"A1100";"P1D_L";"ZZ";"4.213"
"1996-12-10";"J10M0";"A1100";"P1D_L";"ZZ";
"1996-12-11";"J10M0";"A1100";"P1D_L";"ZZ";
"1996-12-12";"J10M0";"A1100";"P1D_L";"ZZ";
"1996-12-13";"J10M0";"A1100";"P1D_L";"ZZ";
"1996-12-16";"J10M0";"A1100";"P1D_L";"ZZ";"4.173"
"1996-12-17";"J10M0";"A1100";"P1D_L";"ZZ";
"1996-12-18";"J10M0";"A1100";"P1D_L";"ZZ";
"1996-12-19";"J10M0";"A1100";"P1D_L";"ZZ";
"1996-12-20";"J10M0";"A1100";"P1D_L";"ZZ";
"1996-12-23";"J10M0";"A1100";"P1D_L";"ZZ";"4.168"
"1996-12-24";"J10M0";"A1100";"P1D_L";"ZZ";
"1996-12-25";"J10M0";"A1100";"P1D_L";"ZZ";
"1996-12-26";"J10M0";"A1100";"P1D_L";"ZZ";
"1996-12-27";"J10M0";"A1100";"P1D_L";"ZZ";
"1996-12-30";"J10M0";"A1100";"P1D_L";"ZZ";"4.124"
"1996-12-31";"J10M0";"A1100";"P1D_L";"ZZ";"4.125"
"1997-01-01";"J10M0";"A1100";"P1D_L";"ZZ";
"1997-01-02";"J10M0";"A1100";"P1D_L";"ZZ";
"1997-01-03";"J10M0";"A1100";"P1D_L";"ZZ";
"1997-01-06";"J10M0";"A1100";"P1D_L";"ZZ";"4.164"
"1997-01-07";"J10M0";"A1100";"P1D_L";"ZZ";
"1997-01-08";"J10M0";"A1100";"P1D_L";"ZZ";
"1997-01-09";"J10M0";"A1100";"P1D_L";"ZZ";
"1997-01-10";"J10M0";"A1100";"P1D_L";"ZZ";
"1997-01-13";"J10M0";"A1100";"P1D_L";"ZZ";"4.065"
"1997-01-14";"J10M0";"A1100";"P1D_L";"ZZ";
"1997-01-15";"J10M0";"A1100";"P1D_L";"ZZ";
"1997-01-16";"J10M0";"A1100";"P1D_L";"ZZ";
"1997-01-17";"J10M0";"A1100";"P1D_L";"ZZ";
"1997-01-20";"J10M0";"A1100";"P1D_L";"ZZ";"4.023"
"1997-01-21";"J10M0";"A1100";"P1D_L";"ZZ";
"1997-01-22";"J10M0";"A1100";"P1D_L";"ZZ";
"1997-01-23";"J10M0";"A1100";"P1D_L";"ZZ";
"1997-01-24";"J10M0";"A1100";"P1D_L";"ZZ";
"1997-01-27";"J10M0";"A1100";"P1D_L";"ZZ";"4.008"
"1997-01-28";"J10M0";"A1100";"P1D_L";"ZZ";
"1997-01-29";"J10M0";"A1100";"P1D_L";"ZZ";
"1997-01-30";"J10M0";"A1100";"P1D_L";"ZZ";
"1997-01-31";"J10M0";"A1100";"P1D_L";"ZZ";"3.959"
"1997-02-03";"J10M0";"A1100";"P1D_L";"ZZ";"3.936"
"1997-02-04";"J10M0";"A1100";"P1D_L";"ZZ";
"1997-02-05";"J10M0";"A1100";"P1D_L";"ZZ";
"1997-02-06";"J10M0";"A1100";"P1D_L";"ZZ";
"1997-02-07";"J10M0";"A1100";"P1D_L";"ZZ";
"1997-02-10";"J10M0";"A1100";"P1D_L";"ZZ";"3.835"
"1997-02-11";"J10M0";"A1100";"P1D_L";"ZZ";
"1997-02-12";"J10M0";"A1100";"P1D_L";"ZZ";
"1997-02-13";"J10M0";"A1100";"P1D_L";"ZZ";
"1997-02-14";"J10M0";"A1100";"P1D_L";"ZZ";
"1997-02-17";"J10M0";"A1100";"P1D_L";"ZZ";"3.604"
"1997-02-18";"J10M0";"A1100";"P1D_L";"ZZ";
"1997-02-19";"J10M0";"A1100";"P1D_L";"ZZ";
"1997-02-20";"J10M0";"A1100";"P1D_L";"ZZ";
"1997-02-21";"J10M0";"A1100";"P1D_L";"ZZ";
"1997-02-24";"J10M0";"A1100";"P1D_L";"ZZ";"3.624"
"1997-02-25";"J10M0";"A1100";"P1D_L";"ZZ";
"1997-02-26";"J10M0";"A1100";"P1D_L";"ZZ";
"1997-02-27";"J10M0";"A1100";"P1D_L";"ZZ";
"1997-02-28";"J10M0";"A1100";"P1D_L";"ZZ";"3.517"
"1997-03-03";"J10M0";"A1100";"P1D_L";"ZZ";"3.539"
"1997-03-04";"J10M0";"A1100";"P1D_L";"ZZ";
"1997-03-05";"J10M0";"A1100";"P1D_L";"ZZ";
"1997-03-06";"J10M0";"A1100";"P1D_L";"ZZ";
"1997-03-07";"J10M0";"A1100";"P1D_L";"ZZ";
"1997-03-10";"J10M0";"A1100";"P1D_L";"ZZ";"3.616"
"1997-03-11";"J10M0";"A1100";"P1D_L";"ZZ";
"1997-03-12";"J10M0";"A1100";"P1D_L";"ZZ";
"1997-03-13";"J10M0";"A1100";"P1D_L";"ZZ";
"1997-03-14";"J10M0";"A1100";"P1D_L";"ZZ";
"1997-03-17";"J10M0";"A1100";"P1D_L";"ZZ";"3.71"
"1997-03-18";"J10M0";"A1100";"P1D_L";"ZZ";
"1997-03-19";"J10M0";"A1100";"P1D_L";"ZZ";
"1997-03-20";"J10M0";"A1100";"P1D_L";"ZZ";
"1997-03-21";"J10M0";"A1100";"P1D_L";"ZZ";
"1997-03-24";"J10M0";"A1100";"P1D_L";"ZZ";"3.901"
"1997-03-25";"J10M0";"A1100";"P1D_L";"ZZ";
"1997-03-26";"J10M0";"A1100";"P1D_L";"ZZ";
"1997-03-27";"J10M0";"A1100";"P1D_L";"ZZ";
"1997-03-28";"J10M0";"A1100";"P1D_L";"ZZ";
"1997-03-31";"J10M0";"A1100";"P1D_L";"ZZ";"3.853"
"1997-04-01";"J10M0";"A1100";"P1D_L";"ZZ";"3.853"
"1997-04-02";"J10M0";"A1100";"P1D_L";"ZZ";
"1997-04-03";"J10M0";"A1100";"P1D_L";"ZZ";
"1997-04-04";"J10M0";"A1100";"P1D_L";"ZZ";
"1997-04-07";"J10M0";"A1100";"P1D_L";"ZZ";"3.975"
"1997-04-08";"J10M0";"A1100";"P1D_L";"ZZ";
"1997-04-09";"J10M0";"A1100";"P1D_L";"ZZ";
"1997-04-10";"J10M0";"A1100";"P1D_L";"ZZ";
"1997-04-11";"J10M0";"A1100";"P1D_L";"ZZ";
"1997-04-14";"J10M0";"A1100";"P1D_L";"ZZ";"4.01"
"1997-04-15";"J10M0";"A1100";"P1D_L";"ZZ";
"1997-04-16";"J10M0";"A1100";"P1D_L";"ZZ";
"1997-04-17";"J10M0";"A1100";"P1D_L";"ZZ";
"1997-04-18";"J10M0";"A1100";"P1D_L";"ZZ";
"1997-04-21";"J10M0";"A1100";"P1D_L";"ZZ";"3.926"
"1997-04-22";"J10M0";"A1100";"P1D_L";"ZZ";
"1997-04-23";"J10M0";"A1100";"P1D_L";"ZZ";
"1997-04-24";"J10M0";"A1100";"P1D_L";"ZZ";
"1997-04-25";"J10M0";"A1100";"P1D_L";"ZZ";
"1997-04-28";"J10M0";"A1100";"P1D_L";"ZZ";"3.745"
"1997-04-29";"J10M0";"A1100";"P1D_L";"ZZ";
"1997-04-30";"J10M0";"A1100";"P1D_L";"ZZ";"3.769"
"1997-05-01";"J10M0";"A1100";"P1D_L";"ZZ";
"1997-05-02";"J10M0";"A1100";"P1D_L";"ZZ";
"1997-05-05";"J10M0";"A1100";"P1D_L";"ZZ";"3.723"
"1997-05-06";"J10M0";"A1100";"P1D_L";"ZZ";
"1997-05-07";"J10M0";"A1100";"P1D_L";"ZZ";
"1997-05-08";"J10M0";"A1100";"P1D_L";"ZZ";
"1997-05-09";"J10M0";"A1100";"P1D_L";"ZZ";
"1997-05-12";"J10M0";"A1100";"P1D_L";"ZZ";"3.666"
"1997-05-13";"J10M0";"A1100";"P1D_L";"ZZ";
"1997-05-14";"J10M0";"A1100";"P1D_L";"ZZ";
"1997-05-15";"J10M0";"A1100";"P1D_L";"ZZ";
"1997-05-16";"J10M0";"A1100";"P1D_L";"ZZ";
"1997-05-19";"J10M0";"A1100";"P1D_L";"ZZ";
"1997-05-20";"J10M0";"A1100";"P1D_L";"ZZ";"3.659"
"1997-05-21";"J10M0";"A1100";"P1D_L";"ZZ";
"1997-05-22";"J10M0";"A1100";"P1D_L";"ZZ";
"1997-05-23";"J10M0";"A1100";"P1D_L";"ZZ";
"1997-05-26";"J10M0";"A1100";"P1D_L";"ZZ";"3.668"
"1997-05-27";"J10M0";"A1100";"P1D_L";"ZZ";
"1997-05-28";"J10M0";"A1100";"P1D_L";"ZZ";
"1997-05-29";"J10M0";"A1100";"P1D_L";"ZZ";
"1997-05-30";"J10M0";"A1100";"P1D_L";"ZZ";"3.586"
"1997-06-02";"J10M0";"A1100";"P1D_L";"ZZ";"3.562"
"1997-06-03";"J10M0";"A1100";"P1D_L";"ZZ";
"1997-06-04";"J10M0";"A1100";"P1D_L";"ZZ";
"1997-06-05";"J10M0";"A1100";"P1D_L";"ZZ";
"1997-06-06";"J10M0";"A1100";"P1D_L";"ZZ";
"1997-06-09";"J10M0";"A1100";"P1D_L";"ZZ";"3.643"
"1997-06-10";"J10M0";"A1100";"P1D_L";"ZZ";
"1997-06-11";"J10M0";"A1100";"P1D_L";"ZZ";
"1997-06-12";"J10M0";"A1100";"P1D_L";"ZZ";
"1997-06-13";"J10M0";"A1100";"P1D_L";"ZZ";
"1997-06-16";"J10M0";"A1100";"P1D_L";"ZZ";"3.469"
"1997-06-17";"J10M0";"A1100";"P1D_L";"ZZ";
"1997-06-18";"J10M0";"A1100";"P1D_L";"ZZ";
"1997-06-19";"J10M0";"A1100";"P1D_L";"ZZ";
"1997-06-20";"J10M0";"A1100";"P1D_L";"ZZ";
"1997-06-23";"J10M0";"A1100";"P1D_L";"ZZ";"3.54"
"1997-06-24";"J10M0";"A1100";"P1D_L";"ZZ";
"1997-06-25";"J10M0";"A1100";"P1D_L";"ZZ";
"1997-06-26";"J10M0";"A1100";"P1D_L";"ZZ";
"1997-06-27";"J10M0";"A1100";"P1D_L";"ZZ";
"1997-06-30";"J10M0";"A1100";"P1D_L";"ZZ";"3.522"
"1997-07-01";"J10M0";"A1100";"P1D_L";"ZZ";
"1997-07-02";"J10M0";"A1100";"P1D_L";"ZZ";
"1997-07-03";"J10M0";"A1100";"P1D_L";"ZZ";
"1997-07-04";"J10M0";"A1100";"P1D_L";"ZZ";
"1997-07-07";"J10M0";"A1100";"P1D_L";"ZZ";"3.453"
"1997-07-08";"J10M0";"A1100";"P1D_L";"ZZ";
"1997-07-09";"J10M0";"A1100";"P1D_L";"ZZ";
"1997-07-10";"J10M0";"A1100";"P1D_L";"ZZ";
"1997-07-11";"J10M0";"A1100";"P1D_L";"ZZ";
"1997-07-14";"J10M0";"A1100";"P1D_L";"ZZ";"3.508"
"1997-07-15";"J10M0";"A1100";"P1D_L";"ZZ";
"1997-07-16";"J10M0";"A1100";"P1D_L";"ZZ";
"1997-07-17";"J10M0";"A1100";"P1D_L";"ZZ";
"1997-07-18";"J10M0";"A1100";"P1D_L";"ZZ";
"1997-07-21";"J10M0";"A1100";"P1D_L";"ZZ";"3.598"
"1997-07-22";"J10M0";"A1100";"P1D_L";"ZZ";
"1997-07-23";"J10M0";"A1100";"P1D_L";"ZZ";
"1997-07-24";"J10M0";"A1100";"P1D_L";"ZZ";
"1997-07-25";"J10M0";"A1100";"P1D_L";"ZZ";
"1997-07-28";"J10M0";"A1100";"P1D_L";"ZZ";"3.627"
"1997-07-29";"J10M0";"A1100";"P1D_L";"ZZ";
"1997-07-30";"J10M0";"A1100";"P1D_L";"ZZ";
"1997-07-31";"J10M0";"A1100";"P1D_L";"ZZ";"3.585"
"1997-08-01";"J10M0";"A1100";"P1D_L";"ZZ";
"1997-08-04";"J10M0";"A1100";"P1D_L";"ZZ";"3.609"
"1997-08-05";"J10M0";"A1100";"P1D_L";"ZZ";
"1997-08-06";"J10M0";"A1100";"P1D_L";"ZZ";
"1997-08-07";"J10M0";"A1100";"P1D_L";"ZZ";
"1997-08-08";"J10M0";"A1100";"P1D_L";"ZZ";
"1997-08-11";"J10M0";"A1100";"P1D_L";"ZZ";"3.632"
"1997-08-12";"J10M0";"A1100";"P1D_L";"ZZ";
"1997-08-13";"J10M0";"A1100";"P1D_L";"ZZ";
"1997-08-14";"J10M0";"A1100";"P1D_L";"ZZ";
"1997-08-15";"J10M0";"A1100";"P1D_L";"ZZ";
"1997-08-18";"J10M0";"A1100";"P1D_L";"ZZ";"3.626"
"1997-08-19";"J10M0";"A1100";"P1D_L";"ZZ";
"1997-08-20";"J10M0";"A1100";"P1D_L";"ZZ";
"1997-08-21";"J10M0";"A1100";"P1D_L";"ZZ";
"1997-08-22";"J10M0";"A1100";"P1D_L";"ZZ";
"1997-08-25";"J10M0";"A1100";"P1D_L";"ZZ";"3.639"
"1997-08-26";"J10M0";"A1100";"P1D_L";"ZZ";
"1997-08-27";"J10M0";"A1100";"P1D_L";"ZZ";
"1997-08-28";"J10M0";"A1100";"P1D_L";"ZZ";"3.692"
"1997-08-29";"J10M0";"A1100";"P1D_L";"ZZ";
"1997-09-01";"J10M0";"A1100";"P1D_L";"ZZ";"3.697"
"1997-09-02";"J10M0";"A1100";"P1D_L";"ZZ";
"1997-09-03";"J10M0";"A1100";"P1D_L";"ZZ";
"1997-09-04";"J10M0";"A1100";"P1D_L";"ZZ";
"1997-09-05";"J10M0";"A1100";"P1D_L";"ZZ";
"1997-09-08";"J10M0";"A1100";"P1D_L";"ZZ";"3.68"
"1997-09-09";"J10M0";"A1100";"P1D_L";"ZZ";
"1997-09-10";"J10M0";"A1100";"P1D_L";"ZZ";
"1997-09-11";"J10M0";"A1100";"P1D_L";"ZZ";
"1997-09-12";"J10M0";"A1100";"P1D_L";"ZZ";
"1997-09-15";"J10M0";"A1100";"P1D_L";"ZZ";"3.748"
"1997-09-16";"J10M0";"A1100";"P1D_L";"ZZ";
"1997-09-17";"J10M0";"A1100";"P1D_L";"ZZ";
"1997-09-18";"J10M0";"A1100";"P1D_L";"ZZ";
"1997-09-19";"J10M0";"A1100";"P1D_L";"ZZ";
"1997-09-22";"J10M0";"A1100";"P1D_L";"ZZ";"3.655"
"1997-09-23";"J10M0";"A1100";"P1D_L";"ZZ";
"1997-09-24";"J10M0";"A1100";"P1D_L";"ZZ";
"1997-09-25";"J10M0";"A1100";"P1D_L";"ZZ";
"1997-09-26";"J10M0";"A1100";"P1D_L";"ZZ";
"1997-09-29";"J10M0";"A1100";"P1D_L";"ZZ";"3.681"
"1997-09-30";"J10M0";"A1100";"P1D_L";"ZZ";"3.704"
"1997-10-01";"J10M0";"A1100";"P1D_L";"ZZ";
"1997-10-02";"J10M0";"A1100";"P1D_L";"ZZ";
"1997-10-03";"J10M0";"A1100";"P1D_L";"ZZ";
"1997-10-06";"J10M0";"A1100";"P1D_L";"ZZ";"3.574"
"1997-10-07";"J10M0";"A1100";"P1D_L";"ZZ";
"1997-10-08";"J10M0";"A1100";"P1D_L";"ZZ";
"1997-10-09";"J10M0";"A1100";"P1D_L";"ZZ";
"1997-10-10";"J10M0";"A1100";"P1D_L";"ZZ";
"1997-10-13";"J10M0";"A1100";"P1D_L";"ZZ";"3.722"
"1997-10-14";"J10M0";"A1100";"P1D_L";"ZZ";
"1997-10-15";"J10M0";"A1100";"P1D_L";"ZZ";
"1997-10-16";"J10M0";"A1100";"P1D_L";"ZZ";
"1997-10-17";"J10M0";"A1100";"P1D_L";"ZZ";
"1997-10-20";"J10M0";"A1100";"P1D_L";"ZZ";"3.753"
"1997-10-21";"J10M0";"A1100";"P1D_L";"ZZ";
"1997-10-22";"J10M0";"A1100";"P1D_L";"ZZ";
"1997-10-23";"J10M0";"A1100";"P1D_L";"ZZ";
"1997-10-24";"J10M0";"A1100";"P1D_L";"ZZ";
"1997-10-27";"J10M0";"A1100";"P1D_L";"ZZ";"3.726"
"1997-10-28";"J10M0";"A1100";"P1D_L";"ZZ";
"1997-10-29";"J10M0";"A1100";"P1D_L";"ZZ";
"1997-10-30";"J10M0";"A1100";"P1D_L";"ZZ";
"1997-10-31";"J10M0";"A1100";"P1D_L";"ZZ";"3.719"
"1997-11-03";"J10M0";"A1100";"P1D_L";"ZZ";"3.692"
"1997-11-04";"J10M0";"A1100";"P1D_L";"ZZ";
"1997-11-05";"J10M0";"A1100";"P1D_L";"ZZ";
"1997-11-06";"J10M0";"A1100";"P1D_L";"ZZ";
"1997-11-07";"J10M0";"A1100";"P1D_L";"ZZ";
"1997-11-10";"J10M0";"A1100";"P1D_L";"ZZ";"3.788"
"1997-11-11";"J10M0";"A1100";"P1D_L";"ZZ";
"1997-11-12";"J10M0";"A1100";"P1D_L";"ZZ";
"1997-11-13";"J10M0";"A1100";"P1D_L";"ZZ";
"1997-11-14";"J10M0";"A1100";"P1D_L";"ZZ";
"1997-11-17";"J10M0";"A1100";"P1D_L";"ZZ";"3.773"
"1997-11-18";"J10M0";"A1100";"P1D_L";"ZZ";
"1997-11-19";"J10M0";"A1100";"P1D_L";"ZZ";
"1997-11-20";"J10M0";"A1100";"P1D_L";"ZZ";
"1997-11-21";"J10M0";"A1100";"P1D_L";"ZZ";
"1997-11-24";"J10M0";"A1100";"P1D_L";"ZZ";"3.655"
"1997-11-25";"J10M0";"A1100";"P1D_L";"ZZ";
"1997-11-26";"J10M0";"A1100";"P1D_L";"ZZ";
"1997-11-27";"J10M0";"A1100";"P1D_L";"ZZ";
"1997-11-28";"J10M0";"A1100";"P1D_L";"ZZ";"3.692"
"1997-12-01";"J10M0";"A1100";"P1D_L";"ZZ";"3.689"
"1997-12-02";"J10M0";"A1100";"P1D_L";"ZZ";
"1997-12-03";"J10M0";"A1100";"P1D_L";"ZZ";
"1997-12-04";"J10M0";"A1100";"P1D_L";"ZZ";
"1997-12-05";"J10M0";"A1100";"P1D_L";"ZZ";
"1997-12-08";"J10M0";"A1100";"P1D_L";"ZZ";"3.683"
"1997-12-09";"J10M0";"A1100";"P1D_L";"ZZ";
"1997-12-10";"J10M0";"A1100";"P1D_L";"ZZ";
"1997-12-11";"J10M0";"A1100";"P1D_L";"ZZ";
"1997-12-12";"J10M0";"A1100";"P1D_L";"ZZ";
"1997-12-15";"J10M0";"A1100";"P1D_L";"ZZ";"3.507"
"1997-12-16";"J10M0";"A1100";"P1D_L";"ZZ";
"1997-12-17";"J10M0";"A1100";"P1D_L";"ZZ";
"1997-12-18";"J10M0";"A1100";"P1D_L";"ZZ";
"1997-12-19";"J10M0";"A1100";"P1D_L";"ZZ";
"1997-12-22";"J10M0";"A1100";"P1D_L";"ZZ";"3.395"
"1997-12-23";"J10M0";"A1100";"P1D_L";"ZZ";
"1997-12-24";"J10M0";"A1100";"P1D_L";"ZZ";
"1997-12-25";"J10M0";"A1100";"P1D_L";"ZZ";
"1997-12-26";"J10M0";"A1100";"P1D_L";"ZZ";
"1997-12-29";"J10M0";"A1100";"P1D_L";"ZZ";"3.408"
"1997-12-30";"J10M0";"A1100";"P1D_L";"ZZ";
"1997-12-31";"J10M0";"A1100";"P1D_L";"ZZ";"3.445"
"1998-01-01";"J10M0";"A1100";"P1D_L";"ZZ";
"1998-01-02";"J10M0";"A1100";"P1D_L";"ZZ";
"1998-01-05";"J10M0";"A1100";"P1D_L";"ZZ";
"1998-01-06";"J10M0";"A1100";"P1D_L";"ZZ";"3.356"
"1998-01-07";"J10M0";"A1100";"P1D_L";"ZZ";"3.331"
"1998-01-08";"J10M0";"A1100";"P1D_L";"ZZ";"3.339"
"1998-01-09";"J10M0";"A1100";"P1D_L";"ZZ";"3.292"
"1998-01-12";"J10M0";"A1100";"P1D_L";"ZZ";"3.233"
"1998-01-13";"J10M0";"A1100";"P1D_L";"ZZ";"3.244"
"1998-01-14";"J10M0";"A1100";"P1D_L";"ZZ";"3.236"
"1998-01-15";"J10M0";"A1100";"P1D_L";"ZZ";"3.207"
"1998-01-16";"J10M0";"A1100";"P1D_L";"ZZ";"3.217"
"1998-01-19";"J10M0";"A1100";"P1D_L";"ZZ";"3.215"
"1998-01-20";"J10M0";"A1100";"P1D_L";"ZZ";"3.181"
"1998-01-21";"J10M0";"A1100";"P1D_L";"ZZ";"3.173"
"1998-01-22";"J10M0";"A1100";"P1D_L";"ZZ";"3.175"
"1998-01-23";"J10M0";"A1100";"P1D_L";"ZZ";"3.195"
"1998-01-26";"J10M0";"A1100";"P1D_L";"ZZ";"3.213"
"1998-01-27";"J10M0";"A1100";"P1D_L";"ZZ";"3.156"
"1998-01-28";"J10M0";"A1100";"P1D_L";"ZZ";"3.15"
"1998-01-29";"J10M0";"A1100";"P1D_L";"ZZ";"3.163"
"1998-01-30";"J10M0";"A1100";"P1D_L";"ZZ";"3.084"
"1998-02-02";"J10M0";"A1100";"P1D_L";"ZZ";"3.068"
"1998-02-03";"J10M0";"A1100";"P1D_L";"ZZ";"3.072"
"1998-02-04";"J10M0";"A1100";"P1D_L";"ZZ";"3.045"
"1998-02-05";"J10M0";"A1100";"P1D_L";"ZZ";"3.056"
"1998-02-06";"J10M0";"A1100";"P1D_L";"ZZ";"3.076"
"1998-02-09";"J10M0";"A1100";"P1D_L";"ZZ";
"1998-02-10";"J10M0";"A1100";"P1D_L";"ZZ";"3.032"
"1998-02-11";"J10M0";"A1100";"P1D_L";"ZZ";"2.998"
"1998-02-12";"J10M0";"A1100";"P1D_L";"ZZ";"2.963"
"1998-02-13";"J10M0";"A1100";"P1D_L";"ZZ";"2.938"
"1998-02-16";"J10M0";"A1100";"P1D_L";"ZZ";"2.851"
"1998-02-17";"J10M0";"A1100";"P1D_L";"ZZ";"2.794"
"1998-02-18";"J10M0";"A1100";"P1D_L";"ZZ";"2.84"
"1998-02-19";"J10M0";"A1100";"P1D_L";"ZZ";"2.901"
"1998-02-20";"J10M0";"A1100";"P1D_L";"ZZ";"2.908"
"1998-02-23";"J10M0";"A1100";"P1D_L";"ZZ";"2.86"
"1998-02-24";"J10M0";"A1100";"P1D_L";"ZZ";"2.9"
"1998-02-25";"J10M0";"A1100";"P1D_L";"ZZ";"2.94"
"1998-02-26";"J10M0";"A1100";"P1D_L";"ZZ";"2.902"
"1998-02-27";"J10M0";"A1100";"P1D_L";"ZZ";"2.964"
"1998-03-02";"J10M0";"A1100";"P1D_L";"ZZ";"2.976"
"1998-03-03";"J10M0";"A1100";"P1D_L";"ZZ";"2.993"
"1998-03-04";"J10M0";"A1100";"P1D_L";"ZZ";"3.023"
"1998-03-05";"J10M0";"A1100";"P1D_L";"ZZ";"3.079"
"1998-03-06";"J10M0";"A1100";"P1D_L";"ZZ";"3.08"
"1998-03-09";"J10M0";"A1100";"P1D_L";"ZZ";"3.088"
"1998-03-10";"J10M0";"A1100";"P1D_L";"ZZ";"3.047"
"1998-03-11";"J10M0";"A1100";"P1D_L";"ZZ";"2.933"
"1998-03-12";"J10M0";"A1100";"P1D_L";"ZZ";"2.851"
"1998-03-13";"J10M0";"A1100";"P1D_L";"ZZ";
"1998-03-16";"J10M0";"A1100";"P1D_L";"ZZ";"2.854"
"1998-03-17";"J10M0";"A1100";"P1D_L";"ZZ";"2.878"
"1998-03-18";"J10M0";"A1100";"P1D_L";"ZZ";"2.913"
"1998-03-19";"J10M0";"A1100";"P1D_L";"ZZ";"2.993"
"1998-03-20";"J10M0";"A1100";"P1D_L";"ZZ";"3.048"
"1998-03-23";"J10M0";"A1100";"P1D_L";"ZZ";"3.036"
"1998-03-24";"J10M0";"A1100";"P1D_L";"ZZ";"2.986"
"1998-03-25";"J10M0";"A1100";"P1D_L";"ZZ";"2.977"
"1998-03-26";"J10M0";"A1100";"P1D_L";"ZZ";"2.996"
"1998-03-27";"J10M0";"A1100";"P1D_L";"ZZ";"3.019"
"1998-03-30";"J10M0";"A1100";"P1D_L";"ZZ";"3.084"
"1998-03-31";"J10M0";"A1100";"P1D_L";"ZZ";"3.109"
"1998-04-01";"J10M0";"A1100";"P1D_L";"ZZ";"3.1"
"1998-04-02";"J10M0";"A1100";"P1D_L";"ZZ";"3.126"
"1998-04-03";"J10M0";"A1100";"P1D_L";"ZZ";"3.051"
"1998-04-06";"J10M0";"A1100";"P1D_L";"ZZ";"3.035"
"1998-04-07";"J10M0";"A1100";"P1D_L";"ZZ";"3.154"
"1998-04-08";"J10M0";"A1100";"P1D_L";"ZZ";"3.14"
"1998-04-09";"J10M0";"A1100";"P1D_L";"ZZ";"3.199"
"1998-04-10";"J10M0";"A1100";"P1D_L";"ZZ";
"1998-04-13";"J10M0";"A1100";"P1D_L";"ZZ";
"1998-04-14";"J10M0";"A1100";"P1D_L";"ZZ";"3.184"
"1998-04-15";"J10M0";"A1100";"P1D_L";"ZZ";"3.197"
"1998-04-16";"J10M0";"A1100";"P1D_L";"ZZ";"3.29"
"1998-04-17";"J10M0";"A1100";"P1D_L";"ZZ";"3.266"
"1998-04-20";"J10M0";"A1100";"P1D_L";"ZZ";"3.26"
"1998-04-21";"J10M0";"A1100";"P1D_L";"ZZ";"3.314"
"1998-04-22";"J10M0";"A1100";"P1D_L";"ZZ";"3.317"
"1998-04-23";"J10M0";"A1100";"P1D_L";"ZZ";
"1998-04-24";"J10M0";"A1100";"P1D_L";"ZZ";
"1998-04-27";"J10M0";"A1100";"P1D_L";"ZZ";"3.356"
"1998-04-28";"J10M0";"A1100";"P1D_L";"ZZ";"3.335"
"1998-04-29";"J10M0";"A1100";"P1D_L";"ZZ";"3.411"
"1998-04-30";"J10M0";"A1100";"P1D_L";"ZZ";"3.344"
"1998-05-01";"J10M0";"A1100";"P1D_L";"ZZ";
"1998-05-04";"J10M0";"A1100";"P1D_L";"ZZ";"3.224"
"1998-05-05";"J10M0";"A1100";"P1D_L";"ZZ";"3.256"
"1998-05-06";"J10M0";"A1100";"P1D_L";"ZZ";"3.313"
"1998-05-07";"J10M0";"A1100";"P1D_L";"ZZ";"3.293"
"1998-05-08";"J10M0";"A1100";"P1D_L";"ZZ";"3.288"
"1998-05-11";"J10M0";"A1100";"P1D_L";"ZZ";"3.257"
"1998-05-12";"J10M0";"A1100";"P1D_L";"ZZ";"3.324"
"1998-05-13";"J10M0";"A1100";"P1D_L";"ZZ";"3.29"
"1998-05-14";"J10M0";"A1100";"P1D_L";"ZZ";"3.265"
"1998-05-15";"J10M0";"A1100";"P1D_L";"ZZ";"3.262"
"1998-05-18";"J10M0";"A1100";"P1D_L";"ZZ";
"1998-05-19";"J10M0";"A1100";"P1D_L";"ZZ";"3.237"
"1998-05-20";"J10M0";"A1100";"P1D_L";"ZZ";"3.228"
"1998-05-21";"J10M0";"A1100";"P1D_L";"ZZ";
"1998-05-22";"J10M0";"A1100";"P1D_L";"ZZ";"3.214"
"1998-05-25";"J10M0";"A1100";"P1D_L";"ZZ";"3.218"
"1998-05-26";"J10M0";"A1100";"P1D_L";"ZZ";"3.198"
"1998-05-27";"J10M0";"A1100";"P1D_L";"ZZ";
"1998-05-28";"J10M0";"A1100";"P1D_L";"ZZ";"3.168"
"1998-05-29";"J10M0";"A1100";"P1D_L";"ZZ";"3.179"
"1998-06-01";"J10M0";"A1100";"P1D_L";"ZZ";
"1998-06-02";"J10M0";"A1100";"P1D_L";"ZZ";
"1998-06-03";"J10M0";"A1100";"P1D_L";"ZZ";"3.169"
"1998-06-04";"J10M0";"A1100";"P1D_L";"ZZ";"3.226"
"1998-06-05";"J10M0";"A1100";"P1D_L";"ZZ";"3.228"
"1998-06-08";"J10M0";"A1100";"P1D_L";"ZZ";"3.22"
"1998-06-09";"J10M0";"A1100";"P1D_L";"ZZ";"3.249"
"1998-06-10";"J10M0";"A1100";"P1D_L";"ZZ";"3.184"
"1998-06-11";"J10M0";"A1100";"P1D_L";"ZZ";"3.171"
"1998-06-12";"J10M0";"A1100";"P1D_L";"ZZ";"3.19"
"1998-06-15";"J10M0";"A1100";"P1D_L";"ZZ";"3.186"
"1998-06-16";"J10M0";"A1100";"P1D_L";"ZZ";"3.214"
"1998-06-17";"J10M0";"A1100";"P1D_L";"ZZ";"3.23"
"1998-06-18";"J10M0";"A1100";"P1D_L";"ZZ";"3.286"
"1998-06-19";"J10M0";"A1100";"P1D_L";"ZZ";"3.263"
"1998-06-22";"J10M0";"A1100";"P1D_L";"ZZ";"3.304"
"1998-06-23";"J10M0";"A1100";"P1D_L";"ZZ";
"1998-06-24";"J10M0";"A1100";"P1D_L";"ZZ";"3.265"
"1998-06-25";"J10M0";"A1100";"P1D_L";"ZZ";"3.281"
"1998-06-26";"J10M0";"A1100";"P1D_L";"ZZ";"3.3"
"1998-06-29";"J10M0";"A1100";"P1D_L";"ZZ";"3.334"
"1998-06-30";"J10M0";"A1100";"P1D_L";"ZZ";"3.308"
"1998-07-01";"J10M0";"A1100";"P1D_L";"ZZ";"3.29"
"1998-07-02";"J10M0";"A1100";"P1D_L";"ZZ";"3.28"
"1998-07-03";"J10M0";"A1100";"P1D_L";"ZZ";"3.288"
"1998-07-06";"J10M0";"A1100";"P1D_L";"ZZ";"3.266"
"1998-07-07";"J10M0";"A1100";"P1D_L";"ZZ";"3.282"
"1998-07-08";"J10M0";"A1100";"P1D_L";"ZZ";"3.353"
"1998-07-09";"J10M0";"A1100";"P1D_L";"ZZ";"3.356"
"1998-07-10";"J10M0";"A1100";"P1D_L";"ZZ";"3.364"
"1998-07-13";"J10M0";"A1100";"P1D_L";"ZZ";"3.43"
"1998-07-14";"J10M0";"A1100";"P1D_L";"ZZ";"3.478"
"1998-07-15";"J10M0";"A1100";"P1D_L";"ZZ";"3.499"
"1998-07-16";"J10M0";"A1100";"P1D_L";"ZZ";"3.415"
"1998-07-17";"J10M0";"A1100";"P1D_L";"ZZ";"3.398"
"1998-07-20";"J10M0";"A1100";"P1D_L";"ZZ";"3.389"
"1998-07-21";"J10M0";"A1100";"P1D_L";"ZZ";"3.289"
"1998-07-22";"J10M0";"A1100";"P1D_L";"ZZ";"3.296"
"1998-07-23";"J10M0";"A1100";"P1D_L";"ZZ";"3.311"
"1998-07-24";"J10M0";"A1100";"P1D_L";"ZZ";"3.276"
"1998-07-27";"J10M0";"A1100";"P1D_L";"ZZ";"3.277"
"1998-07-28";"J10M0";"A1100";"P1D_L";"ZZ";"3.276"
"1998-07-29";"J10M0";"A1100";"P1D_L";"ZZ";"3.234"
"1998-07-30";"J10M0";"A1100";"P1D_L";"ZZ";"3.2"
"1998-07-31";"J10M0";"A1100";"P1D_L";"ZZ";"3.19"
"1998-08-03";"J10M0";"A1100";"P1D_L";"ZZ";"3.224"
"1998-08-04";"J10M0";"A1100";"P1D_L";"ZZ";"3.259"
"1998-08-05";"J10M0";"A1100";"P1D_L";"ZZ";"3.207"
"1998-08-06";"J10M0";"A1100";"P1D_L";"ZZ";"3.21"
"1998-08-07";"J10M0";"A1100";"P1D_L";"ZZ";"3.151"
"1998-08-10";"J10M0";"A1100";"P1D_L";"ZZ";"3.125"
"1998-08-11";"J10M0";"A1100";"P1D_L";"ZZ";"3.123"
"1998-08-12";"J10M0";"A1100";"P1D_L";"ZZ";"3.116"
"1998-08-13";"J10M0";"A1100";"P1D_L";"ZZ";"3.069"
"1998-08-14";"J10M0";"A1100";"P1D_L";"ZZ";"3.088"
"1998-08-17";"J10M0";"A1100";"P1D_L";"ZZ";"3.08"
"1998-08-18";"J10M0";"A1100";"P1D_L";"ZZ";"3.115"
"1998-08-19";"J10M0";"A1100";"P1D_L";"ZZ";"3.133"
"1998-08-20";"J10M0";"A1100";"P1D_L";"ZZ";"3.118"
"1998-08-21";"J10M0";"A1100";"P1D_L";"ZZ";"3.037"
"1998-08-24";"J10M0";"A1100";"P1D_L";"ZZ";"3.043"
"1998-08-25";"J10M0";"A1100";"P1D_L";"ZZ";"3.008"
"1998-08-26";"J10M0";"A1100";"P1D_L";"ZZ";"3.065"
"1998-08-27";"J10M0";"A1100";"P1D_L";"ZZ";"3.06"
"1998-08-28";"J10M0";"A1100";"P1D_L";"ZZ";"2.974"
"1998-08-31";"J10M0";"A1100";"P1D_L";"ZZ";"2.988"
"1998-09-01";"J10M0";"A1100";"P1D_L";"ZZ";"2.979"
"1998-09-02";"J10M0";"A1100";"P1D_L";"ZZ";"3.114"
"1998-09-03";"J10M0";"A1100";"P1D_L";"ZZ";"3.131"
"1998-09-04";"J10M0";"A1100";"P1D_L";"ZZ";"3.136"
"1998-09-07";"J10M0";"A1100";"P1D_L";"ZZ";"3.201"
"1998-09-08";"J10M0";"A1100";"P1D_L";"ZZ";"3.165"
"1998-09-09";"J10M0";"A1100";"P1D_L";"ZZ";"3.127"
"1998-09-10";"J10M0";"A1100";"P1D_L";"ZZ";"3.049"
"1998-09-11";"J10M0";"A1100";"P1D_L";"ZZ";"3.016"
"1998-09-14";"J10M0";"A1100";"P1D_L";"ZZ";
"1998-09-15";"J10M0";"A1100";"P1D_L";"ZZ";"3.136"
"1998-09-16";"J10M0";"A1100";"P1D_L";"ZZ";"3.155"
"1998-09-17";"J10M0";"A1100";"P1D_L";"ZZ";"3.111"
"1998-09-18";"J10M0";"A1100";"P1D_L";"ZZ";"3.093"
"1998-09-21";"J10M0";"A1100";"P1D_L";"ZZ";"3.072"
"1998-09-22";"J10M0";"A1100";"P1D_L";"ZZ";"3.105"
"1998-09-23";"J10M0";"A1100";"P1D_L";"ZZ";"3.156"
"1998-09-24";"J10M0";"A1100";"P1D_L";"ZZ";"3.172"
"1998-09-25";"J10M0";"A1100";"P1D_L";"ZZ";"3.14"
"1998-09-28";"J10M0";"A1100";"P1D_L";"ZZ";"3.108"
"1998-09-29";"J10M0";"A1100";"P1D_L";"ZZ";"3.074"
"1998-09-30";"J10M0";"A1100";"P1D_L";"ZZ";"3.086"
"1998-10-01";"J10M0";"A1100";"P1D_L";"ZZ";"2.878"
"1998-10-02";"J10M0";"A1100";"P1D_L";"ZZ";"2.849"
"1998-10-05";"J10M0";"A1100";"P1D_L";"ZZ";"2.858"
"1998-10-06";"J10M0";"A1100";"P1D_L";"ZZ";"2.861"
"1998-10-07";"J10M0";"A1100";"P1D_L";"ZZ";"2.87"
"1998-10-08";"J10M0";"A1100";"P1D_L";"ZZ";"2.789"
"1998-10-09";"J10M0";"A1100";"P1D_L";"ZZ";
"1998-10-12";"J10M0";"A1100";"P1D_L";"ZZ";"3.033"
"1998-10-13";"J10M0";"A1100";"P1D_L";"ZZ";"3.033"
"1998-10-14";"J10M0";"A1100";"P1D_L";"ZZ";"3.032"
"1998-10-15";"J10M0";"A1100";"P1D_L";"ZZ";"3.05"
"1998-10-16";"J10M0";"A1100";"P1D_L";"ZZ";"3.023"
"1998-10-19";"J10M0";"A1100";"P1D_L";"ZZ";"3.017"
"1998-10-20";"J10M0";"A1100";"P1D_L";"ZZ";"3.03"
"1998-10-21";"J10M0";"A1100";"P1D_L";"ZZ";"3.076"
"1998-10-22";"J10M0";"A1100";"P1D_L";"ZZ";"3.054"
"1998-10-23";"J10M0";"A1100";"P1D_L";"ZZ";"3.041"
"1998-10-26";"J10M0";"A1100";"P1D_L";"ZZ";"3.066"
"1998-10-27";"J10M0";"A1100";"P1D_L";"ZZ";"3.058"
"1998-10-28";"J10M0";"A1100";"P1D_L";"ZZ";"2.962"
"1998-10-29";"J10M0";"A1100";"P1D_L";"ZZ";"2.893"
"1998-10-30";"J10M0";"A1100";"P1D_L";"ZZ";"2.914"
"1998-11-02";"J10M0";"A1100";"P1D_L";"ZZ";"2.964"
"1998-11-03";"J10M0";"A1100";"P1D_L";"ZZ";"2.952"
"1998-11-04";"J10M0";"A1100";"P1D_L";"ZZ";"2.981"
"1998-11-05";"J10M0";"A1100";"P1D_L";"ZZ";"2.961"
"1998-11-06";"J10M0";"A1100";"P1D_L";"ZZ";"2.907"
"1998-11-09";"J10M0";"A1100";"P1D_L";"ZZ";"2.923"
"1998-11-10";"J10M0";"A1100";"P1D_L";"ZZ";"2.897"
"1998-11-11";"J10M0";"A1100";"P1D_L";"ZZ";"2.899"
"1998-11-12";"J10M0";"A1100";"P1D_L";"ZZ";"2.87"
"1998-11-13";"J10M0";"A1100";"P1D_L";"ZZ";"2.887"
"1998-11-16";"J10M0";"A1100";"P1D_L";"ZZ";"2.911"
"1998-11-17";"J10M0";"A1100";"P1D_L";"ZZ";"2.836"
"1998-11-18";"J10M0";"A1100";"P1D_L";"ZZ";"2.841"
"1998-11-19";"J10M0";"A1100";"P1D_L";"ZZ";"2.797"
"1998-11-20";"J10M0";"A1100";"P1D_L";"ZZ";"2.781"
"1998-11-23";"J10M0";"A1100";"P1D_L";"ZZ";"2.799"
"1998-11-24";"J10M0";"A1100";"P1D_L";"ZZ";"2.747"
"1998-11-25";"J10M0";"A1100";"P1D_L";"ZZ";"2.699"
"1998-11-26";"J10M0";"A1100";"P1D_L";"ZZ";"2.677"
"1998-11-27";"J10M0";"A1100";"P1D_L";"ZZ";"2.713"
"1998-11-30";"J10M0";"A1100";"P1D_L";"ZZ";"2.659"
"1998-12-01";"J10M0";"A1100";"P1D_L";"ZZ";"2.648"
"1998-12-02";"J10M0";"A1100";"P1D_L";"ZZ";"2.703"
"1998-12-03";"J10M0";"A1100";"P1D_L";"ZZ";"2.619"
"1998-12-04";"J10M0";"A1100";"P1D_L";"ZZ";"2.553"
"1998-12-07";"J10M0";"A1100";"P1D_L";"ZZ";"2.583"
"1998-12-08";"J10M0";"A1100";"P1D_L";"ZZ";"2.579"
"1998-12-09";"J10M0";"A1100";"P1D_L";"ZZ";"2.501"
"1998-12-10";"J10M0";"A1100";"P1D_L";"ZZ";"2.536"
"1998-12-11";"J10M0";"A1100";"P1D_L";"ZZ";"2.581"
"1998-12-14";"J10M0";"A1100";"P1D_L";"ZZ";"2.61"
"1998-12-15";"J10M0";"A1100";"P1D_L";"ZZ";"2.628"
"1998-12-16";"J10M0";"A1100";"P1D_L";"ZZ";"2.666"
"1998-12-17";"J10M0";"A1100";"P1D_L";"ZZ";
"1998-12-18";"J10M0";"A1100";"P1D_L";"ZZ";"2.581"
"1998-12-21";"J10M0";"A1100";"P1D_L";"ZZ";"2.573"
"1998-12-22";"J10M0";"A1100";"P1D_L";"ZZ";"2.711"
"1998-12-23";"J10M0";"A1100";"P1D_L";"ZZ";"2.743"
"1998-12-24";"J10M0";"A1100";"P1D_L";"ZZ";
"1998-12-25";"J10M0";"A1100";"P1D_L";"ZZ";
"1998-12-28";"J10M0";"A1100";"P1D_L";"ZZ";"2.747"
"1998-12-29";"J10M0";"A1100";"P1D_L";"ZZ";"2.75"
"1998-12-30";"J10M0";"A1100";"P1D_L";"ZZ";"2.71"
"1998-12-31";"J10M0";"A1100";"P1D_L";"ZZ";
"1999-01-01";"J10M0";"A1100";"P1D_L";"ZZ";
"1999-01-04";"J10M0";"A1100";"P1D_L";"ZZ";"2.584"
"1999-01-05";"J10M0";"A1100";"P1D_L";"ZZ";"2.563"
"1999-01-06";"J10M0";"A1100";"P1D_L";"ZZ";"2.613"
"1999-01-07";"J10M0";"A1100";"P1D_L";"ZZ";"2.582"
"1999-01-08";"J10M0";"A1100";"P1D_L";"ZZ";"2.679"
"1999-01-11";"J10M0";"A1100";"P1D_L";"ZZ";"2.571"
"1999-01-12";"J10M0";"A1100";"P1D_L";"ZZ";"2.528"
"1999-01-13";"J10M0";"A1100";"P1D_L";"ZZ";"2.479"
"1999-01-14";"J10M0";"A1100";"P1D_L";"ZZ";"2.583"
"1999-01-15";"J10M0";"A1100";"P1D_L";"ZZ";
"1999-01-18";"J10M0";"A1100";"P1D_L";"ZZ";
"1999-01-19";"J10M0";"A1100";"P1D_L";"ZZ";"2.58"
"1999-01-20";"J10M0";"A1100";"P1D_L";"ZZ";"2.596"
"1999-01-21";"J10M0";"A1100";"P1D_L";"ZZ";"2.578"
"1999-01-22";"J10M0";"A1100";"P1D_L";"ZZ";"2.551"
"1999-01-25";"J10M0";"A1100";"P1D_L";"ZZ";"2.523"
"1999-01-26";"J10M0";"A1100";"P1D_L";"ZZ";"2.542"
"1999-01-27";"J10M0";"A1100";"P1D_L";"ZZ";"2.555"
"1999-01-28";"J10M0";"A1100";"P1D_L";"ZZ";
"1999-01-29";"J10M0";"A1100";"P1D_L";"ZZ";
"1999-02-01";"J10M0";"A1100";"P1D_L";"ZZ";
"1999-02-02";"J10M0";"A1100";"P1D_L";"ZZ";"2.549"
"1999-02-03";"J10M0";"A1100";"P1D_L";"ZZ";"2.54"
"1999-02-04";"J10M0";"A1100";"P1D_L";"ZZ";"2.587"
"1999-02-05";"J10M0";"A1100";"P1D_L";"ZZ";"2.599"
"1999-02-08";"J10M0";"A1100";"P1D_L";"ZZ";"2.649"
"1999-02-09";"J10M0";"A1100";"P1D_L";"ZZ";"2.593"
"1999-02-10";"J10M0";"A1100";"P1D_L";"ZZ";"2.571"
"1999-02-11";"J10M0";"A1100";"P1D_L";"ZZ";"2.598"
"1999-02-12";"J10M0";"A1100";"P1D_L";"ZZ";"2.579"
"1999-02-15";"J10M0";"A1100";"P1D_L";"ZZ";"2.644"
"1999-02-16";"J10M0";"A1100";"P1D_L";"ZZ";"2.617"
"1999-02-17";"J10M0";"A1100";"P1D_L";"ZZ";"2.616"
"1999-02-18";"J10M0";"A1100";"P1D_L";"ZZ";"2.584"
"1999-02-19";"J10M0";"A1100";"P1D_L";"ZZ";"2.577"
"1999-02-22";"J10M0";"A1100";"P1D_L";"ZZ";"2.58"
"1999-02-23";"J10M0";"A1100";"P1D_L";"ZZ";"2.487"
"1999-02-24";"J10M0";"A1100";"P1D_L";"ZZ";"2.487"
"1999-02-25";"J10M0";"A1100";"P1D_L";"ZZ";"2.457"
"1999-02-26";"J10M0";"A1100";"P1D_L";"ZZ";"2.55"
"1999-03-01";"J10M0";"A1100";"P1D_L";"ZZ";"2.512"
"1999-03-02";"J10M0";"A1100";"P1D_L";"ZZ";"2.592"
"1999-03-03";"J10M0";"A1100";"P1D_L";"ZZ";"2.562"
"1999-03-04";"J10M0";"A1100";"P1D_L";"ZZ";"2.627"
"1999-03-05";"J10M0";"A1100";"P1D_L";"ZZ";"2.549"
"1999-03-08";"J10M0";"A1100";"P1D_L";"ZZ";"2.539"
"1999-03-09";"J10M0";"A1100";"P1D_L";"ZZ";"2.634"
"1999-03-10";"J10M0";"A1100";"P1D_L";"ZZ";"2.455"
"1999-03-11";"J10M0";"A1100";"P1D_L";"ZZ";"2.433"
"1999-03-12";"J10M0";"A1100";"P1D_L";"ZZ";"2.477"
"1999-03-15";"J10M0";"A1100";"P1D_L";"ZZ";"2.468"
"1999-03-16";"J10M0";"A1100";"P1D_L";"ZZ";"2.477"
"1999-03-17";"J10M0";"A1100";"P1D_L";"ZZ";"2.463"
"1999-03-18";"J10M0";"A1100";"P1D_L";"ZZ";"2.477"
"1999-03-19";"J10M0";"A1100";"P1D_L";"ZZ";"2.463"
"1999-03-22";"J10M0";"A1100";"P1D_L";"ZZ";"2.499"
"1999-03-23";"J10M0";"A1100";"P1D_L";"ZZ";"2.539"
"1999-03-24";"J10M0";"A1100";"P1D_L";"ZZ";"2.525"
"1999-03-25";"J10M0";"A1100";"P1D_L";"ZZ";"2.508"
"1999-03-26";"J10M0";"A1100";"P1D_L";"ZZ";"2.496"
"1999-03-29";"J10M0";"A1100";"P1D_L";"ZZ";"2.567"
"1999-03-30";"J10M0";"A1100";"P1D_L";"ZZ";"2.666"
"1999-03-31";"J10M0";"A1100";"P1D_L";"ZZ";"2.604"
"1999-04-01";"J10M0";"A1100";"P1D_L";"ZZ";"2.584"
"1999-04-02";"J10M0";"A1100";"P1D_L";"ZZ";
"1999-04-05";"J10M0";"A1100";"P1D_L";"ZZ";
"1999-04-06";"J10M0";"A1100";"P1D_L";"ZZ";"2.565"
"1999-04-07";"J10M0";"A1100";"P1D_L";"ZZ";"2.52"
"1999-04-08";"J10M0";"A1100";"P1D_L";"ZZ";"2.481"
"1999-04-09";"J10M0";"A1100";"P1D_L";"ZZ";"2.43"
"1999-04-12";"J10M0";"A1100";"P1D_L";"ZZ";"2.417"
"1999-04-13";"J10M0";"A1100";"P1D_L";"ZZ";"2.457"
"1999-04-14";"J10M0";"A1100";"P1D_L";"ZZ";"2.454"
"1999-04-15";"J10M0";"A1100";"P1D_L";"ZZ";"2.455"
"1999-04-16";"J10M0";"A1100";"P1D_L";"ZZ";"2.518"
"1999-04-19";"J10M0";"A1100";"P1D_L";"ZZ";"2.551"
"1999-04-20";"J10M0";"A1100";"P1D_L";"ZZ";"2.516"
"1999-04-21";"J10M0";"A1100";"P1D_L";"ZZ";"2.524"
"1999-04-22";"J10M0";"A1100";"P1D_L";"ZZ";"2.555"
"1999-04-23";"J10M0";"A1100";"P1D_L";"ZZ";"2.569"
"1999-04-26";"J10M0";"A1100";"P1D_L";"ZZ";"2.575"
"1999-04-27";"J10M0";"A1100";"P1D_L";"ZZ";"2.549"
"1999-04-28";"J10M0";"A1100";"P1D_L";"ZZ";"2.516"
"1999-04-29";"J10M0";"A1100";"P1D_L";"ZZ";"2.487"
"1999-04-30";"J10M0";"A1100";"P1D_L";"ZZ";"2.534"
"1999-05-03";"J10M0";"A1100";"P1D_L";"ZZ";"2.516"
"1999-05-04";"J10M0";"A1100";"P1D_L";"ZZ";"2.549"
"1999-05-05";"J10M0";"A1100";"P1D_L";"ZZ";"2.547"
"1999-05-06";"J10M0";"A1100";"P1D_L";"ZZ";"2.587"
"1999-05-07";"J10M0";"A1100";"P1D_L";"ZZ";"2.641"
"1999-05-10";"J10M0";"A1100";"P1D_L";"ZZ";"2.64"
"1999-05-11";"J10M0";"A1100";"P1D_L";"ZZ";"2.649"
"1999-05-12";"J10M0";"A1100";"P1D_L";"ZZ";"2.668"
"1999-05-13";"J10M0";"A1100";"P1D_L";"ZZ";
"1999-05-14";"J10M0";"A1100";"P1D_L";"ZZ";"2.737"
"1999-05-17";"J10M0";"A1100";"P1D_L";"ZZ";"2.657"
"1999-05-18";"J10M0";"A1100";"P1D_L";"ZZ";"2.668"
"1999-05-19";"J10M0";"A1100";"P1D_L";"ZZ";"2.65"
"1999-05-20";"J10M0";"A1100";"P1D_L";"ZZ";"2.67"
"1999-05-21";"J10M0";"A1100";"P1D_L";"ZZ";"2.613"
"1999-05-24";"J10M0";"A1100";"P1D_L";"ZZ";
"1999-05-25";"J10M0";"A1100";"P1D_L";"ZZ";"2.613"
"1999-05-26";"J10M0";"A1100";"P1D_L";"ZZ";"2.693"
"1999-05-27";"J10M0";"A1100";"P1D_L";"ZZ";"2.714"
"1999-05-28";"J10M0";"A1100";"P1D_L";"ZZ";"2.682"
"1999-05-31";"J10M0";"A1100";"P1D_L";"ZZ";"2.72"
"1999-06-01";"J10M0";"A1100";"P1D_L";"ZZ";"2.833"
"1999-06-02";"J10M0";"A1100";"P1D_L";"ZZ";"2.811"
"1999-06-03";"J10M0";"A1100";"P1D_L";"ZZ";"2.829"
"1999-06-04";"J10M0";"A1100";"P1D_L";"ZZ";"2.821"
"1999-06-07";"J10M0";"A1100";"P1D_L";"ZZ";"2.798"
"1999-06-08";"J10M0";"A1100";"P1D_L";"ZZ";"2.808"
"1999-06-09";"J10M0";"A1100";"P1D_L";"ZZ";"2.849"
"1999-06-10";"J10M0";"A1100";"P1D_L";"ZZ";"2.946"
"1999-06-11";"J10M0";"A1100";"P1D_L";"ZZ";"2.926"
"1999-06-14";"J10M0";"A1100";"P1D_L";"ZZ";"2.905"
"1999-06-15";"J10M0";"A1100";"P1D_L";"ZZ";"2.885"
"1999-06-16";"J10M0";"A1100";"P1D_L";"ZZ";"2.842"
"1999-06-17";"J10M0";"A1100";"P1D_L";"ZZ";"2.79"
"1999-06-18";"J10M0";"A1100";"P1D_L";"ZZ";"2.837"
"1999-06-21";"J10M0";"A1100";"P1D_L";"ZZ";"2.887"
"1999-06-22";"J10M0";"A1100";"P1D_L";"ZZ";"2.941"
"1999-06-23";"J10M0";"A1100";"P1D_L";"ZZ";"2.918"
"1999-06-24";"J10M0";"A1100";"P1D_L";"ZZ";"3.043"
"1999-06-25";"J10M0";"A1100";"P1D_L";"ZZ";"3.032"
"1999-06-28";"J10M0";"A1100";"P1D_L";"ZZ";"3.028"
"1999-06-29";"J10M0";"A1100";"P1D_L";"ZZ";"3.062"
"1999-06-30";"J10M0";"A1100";"P1D_L";"ZZ";"2.937"
"1999-07-01";"J10M0";"A1100";"P1D_L";"ZZ";"3.071"
"1999-07-02";"J10M0";"A1100";"P1D_L";"ZZ";"3.068"
"1999-07-05";"J10M0";"A1100";"P1D_L";"ZZ";"3.118"
"1999-07-06";"J10M0";"A1100";"P1D_L";"ZZ";"3.141"
"1999-07-07";"J10M0";"A1100";"P1D_L";"ZZ";"3.155"
"1999-07-08";"J10M0";"A1100";"P1D_L";"ZZ";"3.13"
"1999-07-09";"J10M0";"A1100";"P1D_L";"ZZ";"3.152"
"1999-07-12";"J10M0";"A1100";"P1D_L";"ZZ";"3.121"
"1999-07-13";"J10M0";"A1100";"P1D_L";"ZZ";"3.073"
"1999-07-14";"J10M0";"A1100";"P1D_L";"ZZ";"3.024"
"1999-07-15";"J10M0";"A1100";"P1D_L";"ZZ";"3.076"
"1999-07-16";"J10M0";"A1100";"P1D_L";"ZZ";"3.082"
"1999-07-19";"J10M0";"A1100";"P1D_L";"ZZ";"3.044"
"1999-07-20";"J10M0";"A1100";"P1D_L";"ZZ";"3.031"
"1999-07-21";"J10M0";"A1100";"P1D_L";"ZZ";"2.943"
"1999-07-22";"J10M0";"A1100";"P1D_L";"ZZ";"2.943"
"1999-07-23";"J10M0";"A1100";"P1D_L";"ZZ";"2.952"
"1999-07-26";"J10M0";"A1100";"P1D_L";"ZZ";"2.967"
"1999-07-27";"J10M0";"A1100";"P1D_L";"ZZ";"2.97"
"1999-07-28";"J10M0";"A1100";"P1D_L";"ZZ";"3"
"1999-07-29";"J10M0";"A1100";"P1D_L";"ZZ";"3.017"
"1999-07-30";"J10M0";"A1100";"P1D_L";"ZZ";"3.044"
"1999-08-02";"J10M0";"A1100";"P1D_L";"ZZ";"3.088"
"1999-08-03";"J10M0";"A1100";"P1D_L";"ZZ";"3.077"
"1999-08-04";"J10M0";"A1100";"P1D_L";"ZZ";"3.12"
"1999-08-05";"J10M0";"A1100";"P1D_L";"ZZ";"3.144"
"1999-08-06";"J10M0";"A1100";"P1D_L";"ZZ";"3.2"
"1999-08-09";"J10M0";"A1100";"P1D_L";"ZZ";"3.19"
"1999-08-10";"J10M0";"A1100";"P1D_L";"ZZ";"3.162"
"1999-08-11";"J10M0";"A1100";"P1D_L";"ZZ";"3.114"
"1999-08-12";"J10M0";"A1100";"P1D_L";"ZZ";"3.177"
"1999-08-13";"J10M0";"A1100";"P1D_L";"ZZ";"3.225"
"1999-08-16";"J10M0";"A1100";"P1D_L";"ZZ";"3.21"
"1999-08-17";"J10M0";"A1100";"P1D_L";"ZZ";"3.124"
"1999-08-18";"J10M0";"A1100";"P1D_L";"ZZ";"3.148"
"1999-08-19";"J10M0";"A1100";"P1D_L";"ZZ";"3.124"
"1999-08-20";"J10M0";"A1100";"P1D_L";"ZZ";"3.069"
"1999-08-23";"J10M0";"A1100";"P1D_L";"ZZ";"3.095"
"1999-08-24";"J10M0";"A1100";"P1D_L";"ZZ";"3.042"
"1999-08-25";"J10M0";"A1100";"P1D_L";"ZZ";"3.011"
"1999-08-26";"J10M0";"A1100";"P1D_L";"ZZ";"3.077"
"1999-08-27";"J10M0";"A1100";"P1D_L";"ZZ";"3.1"
"1999-08-30";"J10M0";"A1100";"P1D_L";"ZZ";"3.122"
"1999-08-31";"J10M0";"A1100";"P1D_L";"ZZ";"3.169"
"1999-09-01";"J10M0";"A1100";"P1D_L";"ZZ";"3.182"
"1999-09-02";"J10M0";"A1100";"P1D_L";"ZZ";"3.226"
"1999-09-03";"J10M0";"A1100";"P1D_L";"ZZ";"3.182"
"1999-09-06";"J10M0";"A1100";"P1D_L";"ZZ";"3.196"
"1999-09-07";"J10M0";"A1100";"P1D_L";"ZZ";"3.239"
"1999-09-08";"J10M0";"A1100";"P1D_L";"ZZ";"3.23"
"1999-09-09";"J10M0";"A1100";"P1D_L";"ZZ";"3.26"
"1999-09-10";"J10M0";"A1100";"P1D_L";"ZZ";"3.253"
"1999-09-13";"J10M0";"A1100";"P1D_L";"ZZ";"3.256"
"1999-09-14";"J10M0";"A1100";"P1D_L";"ZZ";"3.302"
"1999-09-15";"J10M0";"A1100";"P1D_L";"ZZ";"3.317"
"1999-09-16";"J10M0";"A1100";"P1D_L";"ZZ";"3.284"
"1999-09-17";"J10M0";"A1100";"P1D_L";"ZZ";"3.296"
"1999-09-20";"J10M0";"A1100";"P1D_L";"ZZ";"3.362"
"1999-09-21";"J10M0";"A1100";"P1D_L";"ZZ";"3.369"
"1999-09-22";"J10M0";"A1100";"P1D_L";"ZZ";"3.446"
"1999-09-23";"J10M0";"A1100";"P1D_L";"ZZ";"3.374"
"1999-09-24";"J10M0";"A1100";"P1D_L";"ZZ";"3.378"
"1999-09-27";"J10M0";"A1100";"P1D_L";"ZZ";
"1999-09-28";"J10M0";"A1100";"P1D_L";"ZZ";"3.42"
"1999-09-29";"J10M0";"A1100";"P1D_L";"ZZ";"3.455"
"1999-09-30";"J10M0";"A1100";"P1D_L";"ZZ";"3.427"
"1999-10-01";"J10M0";"A1100";"P1D_L";"ZZ";"3.481"
"1999-10-04";"J10M0";"A1100";"P1D_L";"ZZ";"3.527"
"1999-10-05";"J10M0";"A1100";"P1D_L";"ZZ";"3.455"
"1999-10-06";"J10M0";"A1100";"P1D_L";"ZZ";"3.544"
"1999-10-07";"J10M0";"A1100";"P1D_L";"ZZ";"3.672"
"1999-10-08";"J10M0";"A1100";"P1D_L";"ZZ";"3.656"
"1999-10-11";"J10M0";"A1100";"P1D_L";"ZZ";"3.713"
"1999-10-12";"J10M0";"A1100";"P1D_L";"ZZ";"3.663"
"1999-10-13";"J10M0";"A1100";"P1D_L";"ZZ";"3.699"
"1999-10-14";"J10M0";"A1100";"P1D_L";"ZZ";"3.769"
"1999-10-15";"J10M0";"A1100";"P1D_L";"ZZ";"3.804"
"1999-10-18";"J10M0";"A1100";"P1D_L";"ZZ";"3.81"
"1999-10-19";"J10M0";"A1100";"P1D_L";"ZZ";"3.79"
"1999-10-20";"J10M0";"A1100";"P1D_L";"ZZ";"3.796"
"1999-10-21";"J10M0";"A1100";"P1D_L";"ZZ";"3.776"
"1999-10-22";"J10M0";"A1100";"P1D_L";"ZZ";"3.741"
"1999-10-25";"J10M0";"A1100";"P1D_L";"ZZ";"3.697"
"1999-10-26";"J10M0";"A1100";"P1D_L";"ZZ";"3.772"
"1999-10-27";"J10M0";"A1100";"P1D_L";"ZZ";"3.766"
"1999-10-28";"J10M0";"A1100";"P1D_L";"ZZ";"3.734"
"1999-10-29";"J10M0";"A1100";"P1D_L";"ZZ";"3.625"
"1999-11-01";"J10M0";"A1100";"P1D_L";"ZZ";"3.602"
"1999-11-02";"J10M0";"A1100";"P1D_L";"ZZ";"3.611"
"1999-11-03";"J10M0";"A1100";"P1D_L";"ZZ";"3.581"
"1999-11-04";"J10M0";"A1100";"P1D_L";"ZZ";"3.571"
"1999-11-05";"J10M0";"A1100";"P1D_L";"ZZ";"3.55"
"1999-11-08";"J10M0";"A1100";"P1D_L";"ZZ";"3.526"
"1999-11-09";"J10M0";"A1100";"P1D_L";"ZZ";"3.448"
"1999-11-10";"J10M0";"A1100";"P1D_L";"ZZ";"3.492"
"1999-11-11";"J10M0";"A1100";"P1D_L";"ZZ";"3.479"
"1999-11-12";"J10M0";"A1100";"P1D_L";"ZZ";"3.514"
"1999-11-15";"J10M0";"A1100";"P1D_L";"ZZ";"3.343"
"1999-11-16";"J10M0";"A1100";"P1D_L";"ZZ";"3.337"
"1999-11-17";"J10M0";"A1100";"P1D_L";"ZZ";"3.363"
"1999-11-18";"J10M0";"A1100";"P1D_L";"ZZ";"3.416"
"1999-11-19";"J10M0";"A1100";"P1D_L";"ZZ";"3.414"
"1999-11-22";"J10M0";"A1100";"P1D_L";"ZZ";"3.449"
"1999-11-23";"J10M0";"A1100";"P1D_L";"ZZ";"3.498"
"1999-11-24";"J10M0";"A1100";"P1D_L";"ZZ";"3.535"
"1999-11-25";"J10M0";"A1100";"P1D_L";"ZZ";"3.541"
"1999-11-26";"J10M0";"A1100";"P1D_L";"ZZ";"3.615"
"1999-11-29";"J10M0";"A1100";"P1D_L";"ZZ";"3.619"
"1999-11-30";"J10M0";"A1100";"P1D_L";"ZZ";"3.69"
"1999-12-01";"J10M0";"A1100";"P1D_L";"ZZ";"3.606"
"1999-12-02";"J10M0";"A1100";"P1D_L";"ZZ";"3.612"
"1999-12-03";"J10M0";"A1100";"P1D_L";"ZZ";"3.667"
"1999-12-06";"J10M0";"A1100";"P1D_L";"ZZ";"3.604"
"1999-12-07";"J10M0";"A1100";"P1D_L";"ZZ";"3.513"
"1999-12-08";"J10M0";"A1100";"P1D_L";"ZZ";"3.486"
"1999-12-09";"J10M0";"A1100";"P1D_L";"ZZ";"3.518"
"1999-12-10";"J10M0";"A1100";"P1D_L";"ZZ";"3.512"
"1999-12-13";"J10M0";"A1100";"P1D_L";"ZZ";"3.508"
"1999-12-14";"J10M0";"A1100";"P1D_L";"ZZ";"3.505"
"1999-12-15";"J10M0";"A1100";"P1D_L";"ZZ";"3.474"
"1999-12-16";"J10M0";"A1100";"P1D_L";"ZZ";"3.507"
"1999-12-17";"J10M0";"A1100";"P1D_L";"ZZ";"3.59"
"1999-12-20";"J10M0";"A1100";"P1D_L";"ZZ";"3.648"
"1999-12-21";"J10M0";"A1100";"P1D_L";"ZZ";"3.657"
"1999-12-22";"J10M0";"A1100";"P1D_L";"ZZ";"3.666"
"1999-12-23";"J10M0";"A1100";"P1D_L";"ZZ";"3.658"
"1999-12-24";"J10M0";"A1100";"P1D_L";"ZZ";
"1999-12-27";"J10M0";"A1100";"P1D_L";"ZZ";"3.68"
"1999-12-28";"J10M0";"A1100";"P1D_L";"ZZ";"3.633"
"1999-12-29";"J10M0";"A1100";"P1D_L";"ZZ";"3.615"
"1999-12-30";"J10M0";"A1100";"P1D_L";"ZZ";"3.617"
"1999-12-31";"J10M0";"A1100";"P1D_L";"ZZ";
"2000-01-03";"J10M0";"A1100";"P1D_L";"ZZ";
"2000-01-04";"J10M0";"A1100";"P1D_L";"ZZ";"3.741"
"2000-01-05";"J10M0";"A1100";"P1D_L";"ZZ";"3.719"
"2000-01-06";"J10M0";"A1100";"P1D_L";"ZZ";"3.74"
"2000-01-07";"J10M0";"A1100";"P1D_L";"ZZ";"3.726"
"2000-01-10";"J10M0";"A1100";"P1D_L";"ZZ";"3.687"
"2000-01-11";"J10M0";"A1100";"P1D_L";"ZZ";"3.71"
"2000-01-12";"J10M0";"A1100";"P1D_L";"ZZ";"3.752"
"2000-01-13";"J10M0";"A1100";"P1D_L";"ZZ";"3.71"
"2000-01-14";"J10M0";"A1100";"P1D_L";"ZZ";"3.661"
"2000-01-17";"J10M0";"A1100";"P1D_L";"ZZ";"3.658"
"2000-01-18";"J10M0";"A1100";"P1D_L";"ZZ";"3.677"
"2000-01-19";"J10M0";"A1100";"P1D_L";"ZZ";"3.732"
"2000-01-20";"J10M0";"A1100";"P1D_L";"ZZ";"3.716"
"2000-01-21";"J10M0";"A1100";"P1D_L";"ZZ";"3.728"
"2000-01-24";"J10M0";"A1100";"P1D_L";"ZZ";"3.741"
"2000-01-25";"J10M0";"A1100";"P1D_L";"ZZ";"3.73"
"2000-01-26";"J10M0";"A1100";"P1D_L";"ZZ";"3.751"
"2000-01-27";"J10M0";"A1100";"P1D_L";"ZZ";"3.73"
"2000-01-28";"J10M0";"A1100";"P1D_L";"ZZ";"3.779"
"2000-01-31";"J10M0";"A1100";"P1D_L";"ZZ";"3.784"
"2000-02-01";"J10M0";"A1100";"P1D_L";"ZZ";"3.765"
"2000-02-02";"J10M0";"A1100";"P1D_L";"ZZ";"3.753"
"2000-02-03";"J10M0";"A1100";"P1D_L";"ZZ";"3.736"
"2000-02-04";"J10M0";"A1100";"P1D_L";"ZZ";"3.644"
"2000-02-07";"J10M0";"A1100";"P1D_L";"ZZ";"3.683"
"2000-02-08";"J10M0";"A1100";"P1D_L";"ZZ";"3.661"
"2000-02-09";"J10M0";"A1100";"P1D_L";"ZZ";"3.647"
"2000-02-10";"J10M0";"A1100";"P1D_L";"ZZ";"3.669"
"2000-02-11";"J10M0";"A1100";"P1D_L";"ZZ";"3.7"
"2000-02-14";"J10M0";"A1100";"P1D_L";"ZZ";"3.682"
"2000-02-15";"J10M0";"A1100";"P1D_L";"ZZ";"3.682"
"2000-02-16";"J10M0";"A1100";"P1D_L";"ZZ";"3.756"
"2000-02-17";"J10M0";"A1100";"P1D_L";"ZZ";"3.763"
"2000-02-18";"J10M0";"A1100";"P1D_L";"ZZ";"3.774"
"2000-02-21";"J10M0";"A1100";"P1D_L";"ZZ";"3.73"
"2000-02-22";"J10M0";"A1100";"P1D_L";"ZZ";"3.746"
"2000-02-23";"J10M0";"A1100";"P1D_L";"ZZ";"3.754"
"2000-02-24";"J10M0";"A1100";"P1D_L";"ZZ";"3.671"
"2000-02-25";"J10M0";"A1100";"P1D_L";"ZZ";"3.838"
"2000-02-28";"J10M0";"A1100";"P1D_L";"ZZ";"3.861"
"2000-02-29";"J10M0";"A1100";"P1D_L";"ZZ";"3.868"
"2000-03-01";"J10M0";"A1100";"P1D_L";"ZZ";"3.851"
"2000-03-02";"J10M0";"A1100";"P1D_L";"ZZ";"3.866"
"2000-03-03";"J10M0";"A1100";"P1D_L";"ZZ";"3.841"
"2000-03-06";"J10M0";"A1100";"P1D_L";"ZZ";"3.843"
"2000-03-07";"J10M0";"A1100";"P1D_L";"ZZ";"3.832"
"2000-03-08";"J10M0";"A1100";"P1D_L";"ZZ";"3.821"
"2000-03-09";"J10M0";"A1100";"P1D_L";"ZZ";"3.813"
"2000-03-10";"J10M0";"A1100";"P1D_L";"ZZ";"3.808"
"2000-03-13";"J10M0";"A1100";"P1D_L";"ZZ";"3.796"
"2000-03-14";"J10M0";"A1100";"P1D_L";"ZZ";"3.804"
"2000-03-15";"J10M0";"A1100";"P1D_L";"ZZ";"3.845"
"2000-03-16";"J10M0";"A1100";"P1D_L";"ZZ";"3.913"
"2000-03-17";"J10M0";"A1100";"P1D_L";"ZZ";"3.905"
"2000-03-20";"J10M0";"A1100";"P1D_L";"ZZ";"3.935"
"2000-03-21";"J10M0";"A1100";"P1D_L";"ZZ";"3.931"
"2000-03-22";"J10M0";"A1100";"P1D_L";"ZZ";"3.959"
"2000-03-23";"J10M0";"A1100";"P1D_L";"ZZ";"3.952"
"2000-03-24";"J10M0";"A1100";"P1D_L";"ZZ";"3.961"
"2000-03-27";"J10M0";"A1100";"P1D_L";"ZZ";"4.049"
"2000-03-28";"J10M0";"A1100";"P1D_L";"ZZ";"4.051"
"2000-03-29";"J10M0";"A1100";"P1D_L";"ZZ";"4.103"
"2000-03-30";"J10M0";"A1100";"P1D_L";"ZZ";"4.12"
"2000-03-31";"J10M0";"A1100";"P1D_L";"ZZ";"4.155"
"2000-04-03";"J10M0";"A1100";"P1D_L";"ZZ";"4.19"
"2000-04-04";"J10M0";"A1100";"P1D_L";"ZZ";"4.108"
"2000-04-05";"J10M0";"A1100";"P1D_L";"ZZ";"3.999"
"2000-04-06";"J10M0";"A1100";"P1D_L";"ZZ";"3.941"
"2000-04-07";"J10M0";"A1100";"P1D_L";"ZZ";"3.917"
"2000-04-10";"J10M0";"A1100";"P1D_L";"ZZ";"3.769"
"2000-04-11";"J10M0";"A1100";"P1D_L";"ZZ";"3.736"
"2000-04-12";"J10M0";"A1100";"P1D_L";"ZZ";"3.8"
"2000-04-13";"J10M0";"A1100";"P1D_L";"ZZ";"3.816"
"2000-04-14";"J10M0";"A1100";"P1D_L";"ZZ";"3.813"
"2000-04-17";"J10M0";"A1100";"P1D_L";"ZZ";"3.81"
"2000-04-18";"J10M0";"A1100";"P1D_L";"ZZ";"3.894"
"2000-04-19";"J10M0";"A1100";"P1D_L";"ZZ";"3.922"
"2000-04-20";"J10M0";"A1100";"P1D_L";"ZZ";"3.939"
"2000-04-21";"J10M0";"A1100";"P1D_L";"ZZ";
"2000-04-24";"J10M0";"A1100";"P1D_L";"ZZ";
"2000-04-25";"J10M0";"A1100";"P1D_L";"ZZ";"3.971"
"2000-04-26";"J10M0";"A1100";"P1D_L";"ZZ";"4.046"
"2000-04-27";"J10M0";"A1100";"P1D_L";"ZZ";"4.039"
"2000-04-28";"J10M0";"A1100";"P1D_L";"ZZ";"4.076"
"2000-05-01";"J10M0";"A1100";"P1D_L";"ZZ";
"2000-05-02";"J10M0";"A1100";"P1D_L";"ZZ";"4.071"
"2000-05-03";"J10M0";"A1100";"P1D_L";"ZZ";"4.079"
"2000-05-04";"J10M0";"A1100";"P1D_L";"ZZ";"4.078"
"2000-05-05";"J10M0";"A1100";"P1D_L";"ZZ";"4.073"
"2000-05-08";"J10M0";"A1100";"P1D_L";"ZZ";"4.057"
"2000-05-09";"J10M0";"A1100";"P1D_L";"ZZ";"4.067"
"2000-05-10";"J10M0";"A1100";"P1D_L";"ZZ";"4.05"
"2000-05-11";"J10M0";"A1100";"P1D_L";"ZZ";"4.037"
"2000-05-12";"J10M0";"A1100";"P1D_L";"ZZ";"4.059"
"2000-05-15";"J10M0";"A1100";"P1D_L";"ZZ";"4.062"
"2000-05-16";"J10M0";"A1100";"P1D_L";"ZZ";"4.072"
"2000-05-17";"J10M0";"A1100";"P1D_L";"ZZ";"4.124"
"2000-05-18";"J10M0";"A1100";"P1D_L";"ZZ";"4.186"
"2000-05-19";"J10M0";"A1100";"P1D_L";"ZZ";"4.219"
"2000-05-22";"J10M0";"A1100";"P1D_L";"ZZ";"4.212"
"2000-05-23";"J10M0";"A1100";"P1D_L";"ZZ";"4.202"
"2000-05-24";"J10M0";"A1100";"P1D_L";"ZZ";"4.18"
"2000-05-25";"J10M0";"A1100";"P1D_L";"ZZ";"4.205"
"2000-05-26";"J10M0";"A1100";"P1D_L";"ZZ";"4.128"
"2000-05-29";"J10M0";"A1100";"P1D_L";"ZZ";"4.184"
"2000-05-30";"J10M0";"A1100";"P1D_L";"ZZ";"4.15"
"2000-05-31";"J10M0";"A1100";"P1D_L";"ZZ";"4.19"
"2000-06-01";"J10M0";"A1100";"P1D_L";"ZZ";
"2000-06-02";"J10M0";"A1100";"P1D_L";"ZZ";"4.134"
"2000-06-05";"J10M0";"A1100";"P1D_L";"ZZ";"4.074"
"2000-06-06";"J10M0";"A1100";"P1D_L";"ZZ";"4.061"
"2000-06-07";"J10M0";"A1100";"P1D_L";"ZZ";"4.017"
"2000-06-08";"J10M0";"A1100";"P1D_L";"ZZ";"3.996"
"2000-06-09";"J10M0";"A1100";"P1D_L";"ZZ";"4.014"
"2000-06-12";"J10M0";"A1100";"P1D_L";"ZZ";
"2000-06-13";"J10M0";"A1100";"P1D_L";"ZZ";"4.006"
"2000-06-14";"J10M0";"A1100";"P1D_L";"ZZ";"3.991"
"2000-06-15";"J10M0";"A1100";"P1D_L";"ZZ";"4.022"
"2000-06-16";"J10M0";"A1100";"P1D_L";"ZZ";"3.992"
"2000-06-19";"J10M0";"A1100";"P1D_L";"ZZ";"3.964"
"2000-06-20";"J10M0";"A1100";"P1D_L";"ZZ";"3.993"
"2000-06-21";"J10M0";"A1100";"P1D_L";"ZZ";"4.03"
"2000-06-22";"J10M0";"A1100";"P1D_L";"ZZ";"4.061"
"2000-06-23";"J10M0";"A1100";"P1D_L";"ZZ";"4.045"
"2000-06-26";"J10M0";"A1100";"P1D_L";"ZZ";"4.059"
"2000-06-27";"J10M0";"A1100";"P1D_L";"ZZ";"4.043"
"2000-06-28";"J10M0";"A1100";"P1D_L";"ZZ";"4.027"
"2000-06-29";"J10M0";"A1100";"P1D_L";"ZZ";"4.049"
"2000-06-30";"J10M0";"A1100";"P1D_L";"ZZ";"4.008"
"2000-07-03";"J10M0";"A1100";"P1D_L";"ZZ";"4.028"
"2000-07-04";"J10M0";"A1100";"P1D_L";"ZZ";"3.996"
"2000-07-05";"J10M0";"A1100";"P1D_L";"ZZ";"4.008"
"2000-07-06";"J10M0";"A1100";"P1D_L";"ZZ";"3.915"
"2000-07-07";"J10M0";"A1100";"P1D_L";"ZZ";"3.948"
"2000-07-10";"J10M0";"A1100";"P1D_L";"ZZ";"3.869"
"2000-07-11";"J10M0";"A1100";"P1D_L";"ZZ";"3.889"
"2000-07-12";"J10M0";"A1100";"P1D_L";"ZZ";"3.832"
"2000-07-13";"J10M0";"A1100";"P1D_L";"ZZ";"3.878"
"2000-07-14";"J10M0";"A1100";"P1D_L";"ZZ";"3.862"
"2000-07-17";"J10M0";"A1100";"P1D_L";"ZZ";"3.89"
"2000-07-18";"J10M0";"A1100";"P1D_L";"ZZ";"3.895"
"2000-07-19";"J10M0";"A1100";"P1D_L";"ZZ";"3.935"
"2000-07-20";"J10M0";"A1100";"P1D_L";"ZZ";"3.923"
"2000-07-21";"J10M0";"A1100";"P1D_L";"ZZ";"3.916"
"2000-07-24";"J10M0";"A1100";"P1D_L";"ZZ";"3.88"
"2000-07-25";"J10M0";"A1100";"P1D_L";"ZZ";"3.838"
"2000-07-26";"J10M0";"A1100";"P1D_L";"ZZ";"3.885"
"2000-07-27";"J10M0";"A1100";"P1D_L";"ZZ";"3.899"
"2000-07-28";"J10M0";"A1100";"P1D_L";"ZZ";"3.937"
"2000-07-31";"J10M0";"A1100";"P1D_L";"ZZ";"3.976"
"2000-08-01";"J10M0";"A1100";"P1D_L";"ZZ";
"2000-08-02";"J10M0";"A1100";"P1D_L";"ZZ";"3.938"
"2000-08-03";"J10M0";"A1100";"P1D_L";"ZZ";"3.947"
"2000-08-04";"J10M0";"A1100";"P1D_L";"ZZ";"3.985"
"2000-08-07";"J10M0";"A1100";"P1D_L";"ZZ";"3.993"
"2000-08-08";"J10M0";"A1100";"P1D_L";"ZZ";"3.983"
"2000-08-09";"J10M0";"A1100";"P1D_L";"ZZ";"3.955"
"2000-08-10";"J10M0";"A1100";"P1D_L";"ZZ";"3.915"
"2000-08-11";"J10M0";"A1100";"P1D_L";"ZZ";"3.916"
"2000-08-14";"J10M0";"A1100";"P1D_L";"ZZ";"3.93"
"2000-08-15";"J10M0";"A1100";"P1D_L";"ZZ";"3.924"
"2000-08-16";"J10M0";"A1100";"P1D_L";"ZZ";"3.949"
"2000-08-17";"J10M0";"A1100";"P1D_L";"ZZ";"3.966"
"2000-08-18";"J10M0";"A1100";"P1D_L";"ZZ";"3.962"
"2000-08-21";"J10M0";"A1100";"P1D_L";"ZZ";"3.993"
"2000-08-22";"J10M0";"A1100";"P1D_L";"ZZ";"3.963"
"2000-08-23";"J10M0";"A1100";"P1D_L";"ZZ";"3.943"
"2000-08-24";"J10M0";"A1100";"P1D_L";"ZZ";"3.926"
"2000-08-25";"J10M0";"A1100";"P1D_L";"ZZ";"3.823"
"2000-08-28";"J10M0";"A1100";"P1D_L";"ZZ";"3.814"
"2000-08-29";"J10M0";"A1100";"P1D_L";"ZZ";"3.816"
"2000-08-30";"J10M0";"A1100";"P1D_L";"ZZ";"3.838"
"2000-08-31";"J10M0";"A1100";"P1D_L";"ZZ";"3.84"
"2000-09-01";"J10M0";"A1100";"P1D_L";"ZZ";"3.842"
"2000-09-04";"J10M0";"A1100";"P1D_L";"ZZ";"3.862"
"2000-09-05";"J10M0";"A1100";"P1D_L";"ZZ";"3.842"
"2000-09-06";"J10M0";"A1100";"P1D_L";"ZZ";"3.852"
"2000-09-07";"J10M0";"A1100";"P1D_L";"ZZ";"3.901"
"2000-09-08";"J10M0";"A1100";"P1D_L";"ZZ";"3.89"
"2000-09-11";"J10M0";"A1100";"P1D_L";"ZZ";"3.886"
"2000-09-12";"J10M0";"A1100";"P1D_L";"ZZ";"3.882"
"2000-09-13";"J10M0";"A1100";"P1D_L";"ZZ";"3.859"
"2000-09-14";"J10M0";"A1100";"P1D_L";"ZZ";"3.825"
"2000-09-15";"J10M0";"A1100";"P1D_L";"ZZ";"3.823"
"2000-09-18";"J10M0";"A1100";"P1D_L";"ZZ";"3.865"
"2000-09-19";"J10M0";"A1100";"P1D_L";"ZZ";"3.871"
"2000-09-20";"J10M0";"A1100";"P1D_L";"ZZ";"3.877"
"2000-09-21";"J10M0";"A1100";"P1D_L";"ZZ";"3.908"
"2000-09-22";"J10M0";"A1100";"P1D_L";"ZZ";"3.889"
"2000-09-25";"J10M0";"A1100";"P1D_L";"ZZ";"3.93"
"2000-09-26";"J10M0";"A1100";"P1D_L";"ZZ";"3.962"
"2000-09-27";"J10M0";"A1100";"P1D_L";"ZZ";"3.977"
"2000-09-28";"J10M0";"A1100";"P1D_L";"ZZ";"3.967"
"2000-09-29";"J10M0";"A1100";"P1D_L";"ZZ";"3.954"
"2000-10-02";"J10M0";"A1100";"P1D_L";"ZZ";"3.94"
"2000-10-03";"J10M0";"A1100";"P1D_L";"ZZ";"3.936"
"2000-10-04";"J10M0";"A1100";"P1D_L";"ZZ";"3.933"
"2000-10-05";"J10M0";"A1100";"P1D_L";"ZZ";"3.91"
"2000-10-06";"J10M0";"A1100";"P1D_L";"ZZ";"3.896"
"2000-10-09";"J10M0";"A1100";"P1D_L";"ZZ";"3.876"
"2000-10-10";"J10M0";"A1100";"P1D_L";"ZZ";"3.854"
"2000-10-11";"J10M0";"A1100";"P1D_L";"ZZ";"3.814"
"2000-10-12";"J10M0";"A1100";"P1D_L";"ZZ";"3.821"
"2000-10-13";"J10M0";"A1100";"P1D_L";"ZZ";"3.78"
"2000-10-16";"J10M0";"A1100";"P1D_L";"ZZ";"3.812"
"2000-10-17";"J10M0";"A1100";"P1D_L";"ZZ";"3.815"
"2000-10-18";"J10M0";"A1100";"P1D_L";"ZZ";"3.812"
"2000-10-19";"J10M0";"A1100";"P1D_L";"ZZ";"3.819"
"2000-10-20";"J10M0";"A1100";"P1D_L";"ZZ";"3.86"
"2000-10-23";"J10M0";"A1100";"P1D_L";"ZZ";"3.863"
"2000-10-24";"J10M0";"A1100";"P1D_L";"ZZ";"3.872"
"2000-10-25";"J10M0";"A1100";"P1D_L";"ZZ";"3.89"
"2000-10-26";"J10M0";"A1100";"P1D_L";"ZZ";"3.936"
"2000-10-27";"J10M0";"A1100";"P1D_L";"ZZ";"3.905"
"2000-10-30";"J10M0";"A1100";"P1D_L";"ZZ";"3.895"
"2000-10-31";"J10M0";"A1100";"P1D_L";"ZZ";"3.927"
"2000-11-01";"J10M0";"A1100";"P1D_L";"ZZ";"3.906"
"2000-11-02";"J10M0";"A1100";"P1D_L";"ZZ";"3.885"
"2000-11-03";"J10M0";"A1100";"P1D_L";"ZZ";"3.873"
"2000-11-06";"J10M0";"A1100";"P1D_L";"ZZ";"3.879"
"2000-11-07";"J10M0";"A1100";"P1D_L";"ZZ";"3.877"
"2000-11-08";"J10M0";"A1100";"P1D_L";"ZZ";"3.879"
"2000-11-09";"J10M0";"A1100";"P1D_L";"ZZ";"3.862"
"2000-11-10";"J10M0";"A1100";"P1D_L";"ZZ";"3.831"
"2000-11-13";"J10M0";"A1100";"P1D_L";"ZZ";"3.824"
"2000-11-14";"J10M0";"A1100";"P1D_L";"ZZ";"3.788"
"2000-11-15";"J10M0";"A1100";"P1D_L";"ZZ";"3.79"
"2000-11-16";"J10M0";"A1100";"P1D_L";"ZZ";"3.791"
"2000-11-17";"J10M0";"A1100";"P1D_L";"ZZ";"3.821"
"2000-11-20";"J10M0";"A1100";"P1D_L";"ZZ";"3.824"
"2000-11-21";"J10M0";"A1100";"P1D_L";"ZZ";"3.844"
"2000-11-22";"J10M0";"A1100";"P1D_L";"ZZ";"3.849"
"2000-11-23";"J10M0";"A1100";"P1D_L";"ZZ";"3.843"
"2000-11-24";"J10M0";"A1100";"P1D_L";"ZZ";"3.836"
"2000-11-27";"J10M0";"A1100";"P1D_L";"ZZ";"3.845"
"2000-11-28";"J10M0";"A1100";"P1D_L";"ZZ";"3.841"
"2000-11-29";"J10M0";"A1100";"P1D_L";"ZZ";"3.811"
"2000-11-30";"J10M0";"A1100";"P1D_L";"ZZ";"3.771"
"2000-12-01";"J10M0";"A1100";"P1D_L";"ZZ";"3.761"
"2000-12-04";"J10M0";"A1100";"P1D_L";"ZZ";"3.767"
"2000-12-05";"J10M0";"A1100";"P1D_L";"ZZ";"3.769"
"2000-12-06";"J10M0";"A1100";"P1D_L";"ZZ";"3.754"
"2000-12-07";"J10M0";"A1100";"P1D_L";"ZZ";"3.772"
"2000-12-08";"J10M0";"A1100";"P1D_L";"ZZ";"3.761"
"2000-12-11";"J10M0";"A1100";"P1D_L";"ZZ";"3.776"
"2000-12-12";"J10M0";"A1100";"P1D_L";"ZZ";"3.752"
"2000-12-13";"J10M0";"A1100";"P1D_L";"ZZ";"3.729"
"2000-12-14";"J10M0";"A1100";"P1D_L";"ZZ";"3.684"
"2000-12-15";"J10M0";"A1100";"P1D_L";"ZZ";"3.656"
"2000-12-18";"J10M0";"A1100";"P1D_L";"ZZ";"3.616"
"2000-12-19";"J10M0";"A1100";"P1D_L";"ZZ";"3.555"
"2000-12-20";"J10M0";"A1100";"P1D_L";"ZZ";"3.564"
"2000-12-21";"J10M0";"A1100";"P1D_L";"ZZ";"3.54"
"2000-12-22";"J10M0";"A1100";"P1D_L";"ZZ";"3.574"
"2000-12-25";"J10M0";"A1100";"P1D_L";"ZZ";
"2000-12-26";"J10M0";"A1100";"P1D_L";"ZZ";
"2000-12-27";"J10M0";"A1100";"P1D_L";"ZZ";"3.574"
"2000-12-28";"J10M0";"A1100";"P1D_L";"ZZ";"3.589"
"2000-12-29";"J10M0";"A1100";"P1D_L";"ZZ";"3.552"
"2001-01-01";"J10M0";"A1100";"P1D_L";"ZZ";
"2001-01-02";"J10M0";"A1100";"P1D_L";"ZZ";
"2001-01-03";"J10M0";"A1100";"P1D_L";"ZZ";"3.464"
"2001-01-04";"J10M0";"A1100";"P1D_L";"ZZ";"3.472"
"2001-01-05";"J10M0";"A1100";"P1D_L";"ZZ";"3.44"
"2001-01-08";"J10M0";"A1100";"P1D_L";"ZZ";"3.419"
"2001-01-09";"J10M0";"A1100";"P1D_L";"ZZ";"3.459"
"2001-01-10";"J10M0";"A1100";"P1D_L";"ZZ";"3.477"
"2001-01-11";"J10M0";"A1100";"P1D_L";"ZZ";"3.433"
"2001-01-12";"J10M0";"A1100";"P1D_L";"ZZ";"3.443"
"2001-01-15";"J10M0";"A1100";"P1D_L";"ZZ";"3.47"
"2001-01-16";"J10M0";"A1100";"P1D_L";"ZZ";"3.459"
"2001-01-17";"J10M0";"A1100";"P1D_L";"ZZ";"3.511"
"2001-01-18";"J10M0";"A1100";"P1D_L";"ZZ";"3.52"
"2001-01-19";"J10M0";"A1100";"P1D_L";"ZZ";"3.502"
"2001-01-22";"J10M0";"A1100";"P1D_L";"ZZ";"3.554"
"2001-01-23";"J10M0";"A1100";"P1D_L";"ZZ";"3.575"
"2001-01-24";"J10M0";"A1100";"P1D_L";"ZZ";"3.563"
"2001-01-25";"J10M0";"A1100";"P1D_L";"ZZ";"3.559"
"2001-01-26";"J10M0";"A1100";"P1D_L";"ZZ";"3.528"
"2001-01-29";"J10M0";"A1100";"P1D_L";"ZZ";"3.522"
"2001-01-30";"J10M0";"A1100";"P1D_L";"ZZ";"3.528"
"2001-01-31";"J10M0";"A1100";"P1D_L";"ZZ";"3.497"
"2001-02-01";"J10M0";"A1100";"P1D_L";"ZZ";"3.478"
"2001-02-02";"J10M0";"A1100";"P1D_L";"ZZ";"3.462"
"2001-02-05";"J10M0";"A1100";"P1D_L";"ZZ";"3.458"
"2001-02-06";"J10M0";"A1100";"P1D_L";"ZZ";"3.437"
"2001-02-07";"J10M0";"A1100";"P1D_L";"ZZ";"3.427"
"2001-02-08";"J10M0";"A1100";"P1D_L";"ZZ";"3.424"
"2001-02-09";"J10M0";"A1100";"P1D_L";"ZZ";"3.443"
"2001-02-12";"J10M0";"A1100";"P1D_L";"ZZ";"3.427"
"2001-02-13";"J10M0";"A1100";"P1D_L";"ZZ";"3.433"
"2001-02-14";"J10M0";"A1100";"P1D_L";"ZZ";"3.451"
"2001-02-15";"J10M0";"A1100";"P1D_L";"ZZ";"3.475"
"2001-02-16";"J10M0";"A1100";"P1D_L";"ZZ";"3.481"
"2001-02-19";"J10M0";"A1100";"P1D_L";"ZZ";"3.478"
"2001-02-20";"J10M0";"A1100";"P1D_L";"ZZ";"3.494"
"2001-02-21";"J10M0";"A1100";"P1D_L";"ZZ";"3.508"
"2001-02-22";"J10M0";"A1100";"P1D_L";"ZZ";"3.562"
"2001-02-23";"J10M0";"A1100";"P1D_L";"ZZ";"3.557"
"2001-02-26";"J10M0";"A1100";"P1D_L";"ZZ";"3.551"
"2001-02-27";"J10M0";"A1100";"P1D_L";"ZZ";"3.538"
"2001-02-28";"J10M0";"A1100";"P1D_L";"ZZ";"3.492"
"2001-03-01";"J10M0";"A1100";"P1D_L";"ZZ";"3.482"
"2001-03-02";"J10M0";"A1100";"P1D_L";"ZZ";"3.447"
"2001-03-05";"J10M0";"A1100";"P1D_L";"ZZ";"3.443"
"2001-03-06";"J10M0";"A1100";"P1D_L";"ZZ";"3.472"
"2001-03-07";"J10M0";"A1100";"P1D_L";"ZZ";"3.442"
"2001-03-08";"J10M0";"A1100";"P1D_L";"ZZ";"3.402"
"2001-03-09";"J10M0";"A1100";"P1D_L";"ZZ";"3.389"
"2001-03-12";"J10M0";"A1100";"P1D_L";"ZZ";"3.388"
"2001-03-13";"J10M0";"A1100";"P1D_L";"ZZ";"3.38"
"2001-03-14";"J10M0";"A1100";"P1D_L";"ZZ";"3.401"
"2001-03-15";"J10M0";"A1100";"P1D_L";"ZZ";"3.367"
"2001-03-16";"J10M0";"A1100";"P1D_L";"ZZ";"3.379"
"2001-03-19";"J10M0";"A1100";"P1D_L";"ZZ";"3.36"
"2001-03-20";"J10M0";"A1100";"P1D_L";"ZZ";"3.375"
"2001-03-21";"J10M0";"A1100";"P1D_L";"ZZ";"3.37"
"2001-03-22";"J10M0";"A1100";"P1D_L";"ZZ";"3.325"
"2001-03-23";"J10M0";"A1100";"P1D_L";"ZZ";"3.285"
"2001-03-26";"J10M0";"A1100";"P1D_L";"ZZ";"3.288"
"2001-03-27";"J10M0";"A1100";"P1D_L";"ZZ";"3.236"
"2001-03-28";"J10M0";"A1100";"P1D_L";"ZZ";"3.272"
"2001-03-29";"J10M0";"A1100";"P1D_L";"ZZ";"3.273"
"2001-03-30";"J10M0";"A1100";"P1D_L";"ZZ";"3.327"
"2001-04-02";"J10M0";"A1100";"P1D_L";"ZZ";"3.3"
"2001-04-03";"J10M0";"A1100";"P1D_L";"ZZ";"3.289"
"2001-04-04";"J10M0";"A1100";"P1D_L";"ZZ";"3.256"
"2001-04-05";"J10M0";"A1100";"P1D_L";"ZZ";"3.284"
"2001-04-06";"J10M0";"A1100";"P1D_L";"ZZ";"3.315"
"2001-04-09";"J10M0";"A1100";"P1D_L";"ZZ";"3.295"
"2001-04-10";"J10M0";"A1100";"P1D_L";"ZZ";"3.305"
"2001-04-11";"J10M0";"A1100";"P1D_L";"ZZ";"3.354"
"2001-04-12";"J10M0";"A1100";"P1D_L";"ZZ";"3.371"
"2001-04-13";"J10M0";"A1100";"P1D_L";"ZZ";
"2001-04-16";"J10M0";"A1100";"P1D_L";"ZZ";
"2001-04-17";"J10M0";"A1100";"P1D_L";"ZZ";"3.38"
"2001-04-18";"J10M0";"A1100";"P1D_L";"ZZ";"3.463"
"2001-04-19";"J10M0";"A1100";"P1D_L";"ZZ";"3.452"
"2001-04-20";"J10M0";"A1100";"P1D_L";"ZZ";"3.512"
"2001-04-23";"J10M0";"A1100";"P1D_L";"ZZ";"3.48"
"2001-04-24";"J10M0";"A1100";"P1D_L";"ZZ";"3.501"
"2001-04-25";"J10M0";"A1100";"P1D_L";"ZZ";"3.51"
"2001-04-26";"J10M0";"A1100";"P1D_L";"ZZ";"3.514"
"2001-04-27";"J10M0";"A1100";"P1D_L";"ZZ";"3.48"
"2001-04-30";"J10M0";"A1100";"P1D_L";"ZZ";"3.529"
"2001-05-01";"J10M0";"A1100";"P1D_L";"ZZ";
"2001-05-02";"J10M0";"A1100";"P1D_L";"ZZ";"3.538"
"2001-05-03";"J10M0";"A1100";"P1D_L";"ZZ";"3.479"
"2001-05-04";"J10M0";"A1100";"P1D_L";"ZZ";"3.468"
"2001-05-07";"J10M0";"A1100";"P1D_L";"ZZ";"3.441"
"2001-05-08";"J10M0";"A1100";"P1D_L";"ZZ";"3.429"
"2001-05-09";"J10M0";"A1100";"P1D_L";"ZZ";"3.427"
"2001-05-10";"J10M0";"A1100";"P1D_L";"ZZ";"3.394"
"2001-05-11";"J10M0";"A1100";"P1D_L";"ZZ";"3.445"
"2001-05-14";"J10M0";"A1100";"P1D_L";"ZZ";"3.49"
"2001-05-15";"J10M0";"A1100";"P1D_L";"ZZ";"3.519"
"2001-05-16";"J10M0";"A1100";"P1D_L";"ZZ";"3.506"
"2001-05-17";"J10M0";"A1100";"P1D_L";"ZZ";"3.515"
"2001-05-18";"J10M0";"A1100";"P1D_L";"ZZ";"3.489"
"2001-05-21";"J10M0";"A1100";"P1D_L";"ZZ";"3.517"
"2001-05-22";"J10M0";"A1100";"P1D_L";"ZZ";"3.514"
"2001-05-23";"J10M0";"A1100";"P1D_L";"ZZ";"3.553"
"2001-05-24";"J10M0";"A1100";"P1D_L";"ZZ";
"2001-05-25";"J10M0";"A1100";"P1D_L";"ZZ";"3.579"
"2001-05-28";"J10M0";"A1100";"P1D_L";"ZZ";"3.56"
"2001-05-29";"J10M0";"A1100";"P1D_L";"ZZ";"3.552"
"2001-05-30";"J10M0";"A1100";"P1D_L";"ZZ";"3.549"
"2001-05-31";"J10M0";"A1100";"P1D_L";"ZZ";"3.556"
"2001-06-01";"J10M0";"A1100";"P1D_L";"ZZ";"3.535"
"2001-06-04";"J10M0";"A1100";"P1D_L";"ZZ";
"2001-06-05";"J10M0";"A1100";"P1D_L";"ZZ";"3.51"
"2001-06-06";"J10M0";"A1100";"P1D_L";"ZZ";"3.487"
"2001-06-07";"J10M0";"A1100";"P1D_L";"ZZ";"3.485"
"2001-06-08";"J10M0";"A1100";"P1D_L";"ZZ";"3.478"
"2001-06-11";"J10M0";"A1100";"P1D_L";"ZZ";"3.47"
"2001-06-12";"J10M0";"A1100";"P1D_L";"ZZ";"3.452"
"2001-06-13";"J10M0";"A1100";"P1D_L";"ZZ";"3.449"
"2001-06-14";"J10M0";"A1100";"P1D_L";"ZZ";"3.442"
"2001-06-15";"J10M0";"A1100";"P1D_L";"ZZ";"3.426"
"2001-06-18";"J10M0";"A1100";"P1D_L";"ZZ";"3.391"
"2001-06-19";"J10M0";"A1100";"P1D_L";"ZZ";"3.407"
"2001-06-20";"J10M0";"A1100";"P1D_L";"ZZ";"3.389"
"2001-06-21";"J10M0";"A1100";"P1D_L";"ZZ";"3.383"
"2001-06-22";"J10M0";"A1100";"P1D_L";"ZZ";"3.372"
"2001-06-25";"J10M0";"A1100";"P1D_L";"ZZ";"3.371"
"2001-06-26";"J10M0";"A1100";"P1D_L";"ZZ";"3.333"
"2001-06-27";"J10M0";"A1100";"P1D_L";"ZZ";"3.342"
"2001-06-28";"J10M0";"A1100";"P1D_L";"ZZ";"3.343"
"2001-06-29";"J10M0";"A1100";"P1D_L";"ZZ";"3.383"
"2001-07-02";"J10M0";"A1100";"P1D_L";"ZZ";"3.411"
"2001-07-03";"J10M0";"A1100";"P1D_L";"ZZ";"3.408"
"2001-07-04";"J10M0";"A1100";"P1D_L";"ZZ";"3.43"
"2001-07-05";"J10M0";"A1100";"P1D_L";"ZZ";"3.438"
"2001-07-06";"J10M0";"A1100";"P1D_L";"ZZ";"3.433"
"2001-07-09";"J10M0";"A1100";"P1D_L";"ZZ";"3.427"
"2001-07-10";"J10M0";"A1100";"P1D_L";"ZZ";"3.435"
"2001-07-11";"J10M0";"A1100";"P1D_L";"ZZ";"3.415"
"2001-07-12";"J10M0";"A1100";"P1D_L";"ZZ";"3.426"
"2001-07-13";"J10M0";"A1100";"P1D_L";"ZZ";"3.4"
"2001-07-16";"J10M0";"A1100";"P1D_L";"ZZ";"3.398"
"2001-07-17";"J10M0";"A1100";"P1D_L";"ZZ";"3.404"
"2001-07-18";"J10M0";"A1100";"P1D_L";"ZZ";"3.451"
"2001-07-19";"J10M0";"A1100";"P1D_L";"ZZ";"3.428"
"2001-07-20";"J10M0";"A1100";"P1D_L";"ZZ";"3.431"
"2001-07-23";"J10M0";"A1100";"P1D_L";"ZZ";"3.433"
"2001-07-24";"J10M0";"A1100";"P1D_L";"ZZ";"3.43"
"2001-07-25";"J10M0";"A1100";"P1D_L";"ZZ";"3.439"
"2001-07-26";"J10M0";"A1100";"P1D_L";"ZZ";"3.436"
"2001-07-27";"J10M0";"A1100";"P1D_L";"ZZ";"3.404"
"2001-07-30";"J10M0";"A1100";"P1D_L";"ZZ";"3.398"
"2001-07-31";"J10M0";"A1100";"P1D_L";"ZZ";"3.357"
"2001-08-01";"J10M0";"A1100";"P1D_L";"ZZ";
"2001-08-02";"J10M0";"A1100";"P1D_L";"ZZ";"3.373"
"2001-08-03";"J10M0";"A1100";"P1D_L";"ZZ";"3.377"
"2001-08-06";"J10M0";"A1100";"P1D_L";"ZZ";"3.359"
"2001-08-07";"J10M0";"A1100";"P1D_L";"ZZ";"3.352"
"2001-08-08";"J10M0";"A1100";"P1D_L";"ZZ";"3.352"
"2001-08-09";"J10M0";"A1100";"P1D_L";"ZZ";"3.303"
"2001-08-10";"J10M0";"A1100";"P1D_L";"ZZ";"3.3"
"2001-08-13";"J10M0";"A1100";"P1D_L";"ZZ";"3.287"
"2001-08-14";"J10M0";"A1100";"P1D_L";"ZZ";"3.287"
"2001-08-15";"J10M0";"A1100";"P1D_L";"ZZ";"3.282"
"2001-08-16";"J10M0";"A1100";"P1D_L";"ZZ";"3.281"
"2001-08-17";"J10M0";"A1100";"P1D_L";"ZZ";"3.293"
"2001-08-20";"J10M0";"A1100";"P1D_L";"ZZ";"3.274"
"2001-08-21";"J10M0";"A1100";"P1D_L";"ZZ";"3.264"
"2001-08-22";"J10M0";"A1100";"P1D_L";"ZZ";"3.28"
"2001-08-23";"J10M0";"A1100";"P1D_L";"ZZ";"3.305"
"2001-08-24";"J10M0";"A1100";"P1D_L";"ZZ";"3.308"
"2001-08-27";"J10M0";"A1100";"P1D_L";"ZZ";"3.346"
"2001-08-28";"J10M0";"A1100";"P1D_L";"ZZ";"3.343"
"2001-08-29";"J10M0";"A1100";"P1D_L";"ZZ";"3.339"
"2001-08-30";"J10M0";"A1100";"P1D_L";"ZZ";"3.346"
"2001-08-31";"J10M0";"A1100";"P1D_L";"ZZ";"3.317"
"2001-09-03";"J10M0";"A1100";"P1D_L";"ZZ";"3.334"
"2001-09-04";"J10M0";"A1100";"P1D_L";"ZZ";"3.349"
"2001-09-05";"J10M0";"A1100";"P1D_L";"ZZ";"3.378"
"2001-09-06";"J10M0";"A1100";"P1D_L";"ZZ";"3.417"
"2001-09-07";"J10M0";"A1100";"P1D_L";"ZZ";"3.365"
"2001-09-10";"J10M0";"A1100";"P1D_L";"ZZ";"3.34"
"2001-09-11";"J10M0";"A1100";"P1D_L";"ZZ";"3.369"
"2001-09-12";"J10M0";"A1100";"P1D_L";"ZZ";"3.288"
"2001-09-13";"J10M0";"A1100";"P1D_L";"ZZ";"3.296"
"2001-09-14";"J10M0";"A1100";"P1D_L";"ZZ";"3.31"
"2001-09-17";"J10M0";"A1100";"P1D_L";"ZZ";"3.246"
"2001-09-18";"J10M0";"A1100";"P1D_L";"ZZ";"3.259"
"2001-09-19";"J10M0";"A1100";"P1D_L";"ZZ";"3.286"
"2001-09-20";"J10M0";"A1100";"P1D_L";"ZZ";"3.269"
"2001-09-21";"J10M0";"A1100";"P1D_L";"ZZ";"3.272"
"2001-09-24";"J10M0";"A1100";"P1D_L";"ZZ";"3.314"
"2001-09-25";"J10M0";"A1100";"P1D_L";"ZZ";"3.304"
"2001-09-26";"J10M0";"A1100";"P1D_L";"ZZ";"3.312"
"2001-09-27";"J10M0";"A1100";"P1D_L";"ZZ";"3.307"
"2001-09-28";"J10M0";"A1100";"P1D_L";"ZZ";"3.302"
"2001-10-01";"J10M0";"A1100";"P1D_L";"ZZ";"3.32"
"2001-10-02";"J10M0";"A1100";"P1D_L";"ZZ";"3.273"
"2001-10-03";"J10M0";"A1100";"P1D_L";"ZZ";"3.258"
"2001-10-04";"J10M0";"A1100";"P1D_L";"ZZ";"3.265"
"2001-10-05";"J10M0";"A1100";"P1D_L";"ZZ";"3.152"
"2001-10-08";"J10M0";"A1100";"P1D_L";"ZZ";"3.108"
"2001-10-09";"J10M0";"A1100";"P1D_L";"ZZ";"3.138"
"2001-10-10";"J10M0";"A1100";"P1D_L";"ZZ";"3.137"
"2001-10-11";"J10M0";"A1100";"P1D_L";"ZZ";"3.153"
"2001-10-12";"J10M0";"A1100";"P1D_L";"ZZ";"3.162"
"2001-10-15";"J10M0";"A1100";"P1D_L";"ZZ";"3.14"
"2001-10-16";"J10M0";"A1100";"P1D_L";"ZZ";"3.122"
"2001-10-17";"J10M0";"A1100";"P1D_L";"ZZ";"3.11"
"2001-10-18";"J10M0";"A1100";"P1D_L";"ZZ";"3.095"
"2001-10-19";"J10M0";"A1100";"P1D_L";"ZZ";"3.082"
"2001-10-22";"J10M0";"A1100";"P1D_L";"ZZ";"3.085"
"2001-10-23";"J10M0";"A1100";"P1D_L";"ZZ";"3.084"
"2001-10-24";"J10M0";"A1100";"P1D_L";"ZZ";"3.087"
"2001-10-25";"J10M0";"A1100";"P1D_L";"ZZ";"3.069"
"2001-10-26";"J10M0";"A1100";"P1D_L";"ZZ";"3.061"
"2001-10-29";"J10M0";"A1100";"P1D_L";"ZZ";"3.032"
"2001-10-30";"J10M0";"A1100";"P1D_L";"ZZ";"3.015"
"2001-10-31";"J10M0";"A1100";"P1D_L";"ZZ";"3.005"
"2001-11-01";"J10M0";"A1100";"P1D_L";"ZZ";"2.952"
"2001-11-02";"J10M0";"A1100";"P1D_L";"ZZ";"2.939"
"2001-11-05";"J10M0";"A1100";"P1D_L";"ZZ";"2.945"
"2001-11-06";"J10M0";"A1100";"P1D_L";"ZZ";"2.939"
"2001-11-07";"J10M0";"A1100";"P1D_L";"ZZ";"2.919"
"2001-11-08";"J10M0";"A1100";"P1D_L";"ZZ";"2.927"
"2001-11-09";"J10M0";"A1100";"P1D_L";"ZZ";"2.957"
"2001-11-12";"J10M0";"A1100";"P1D_L";"ZZ";"3.01"
"2001-11-13";"J10M0";"A1100";"P1D_L";"ZZ";"3.071"
"2001-11-14";"J10M0";"A1100";"P1D_L";"ZZ";"3.096"
"2001-11-15";"J10M0";"A1100";"P1D_L";"ZZ";"3.179"
"2001-11-16";"J10M0";"A1100";"P1D_L";"ZZ";"3.218"
"2001-11-19";"J10M0";"A1100";"P1D_L";"ZZ";"3.216"
"2001-11-20";"J10M0";"A1100";"P1D_L";"ZZ";"3.196"
"2001-11-21";"J10M0";"A1100";"P1D_L";"ZZ";"3.183"
"2001-11-22";"J10M0";"A1100";"P1D_L";"ZZ";"3.229"
"2001-11-23";"J10M0";"A1100";"P1D_L";"ZZ";"3.214"
"2001-11-26";"J10M0";"A1100";"P1D_L";"ZZ";"3.206"
"2001-11-27";"J10M0";"A1100";"P1D_L";"ZZ";"3.238"
"2001-11-28";"J10M0";"A1100";"P1D_L";"ZZ";"3.277"
"2001-11-29";"J10M0";"A1100";"P1D_L";"ZZ";"3.269"
"2001-11-30";"J10M0";"A1100";"P1D_L";"ZZ";"3.261"
"2001-12-03";"J10M0";"A1100";"P1D_L";"ZZ";"3.25"
"2001-12-04";"J10M0";"A1100";"P1D_L";"ZZ";"3.249"
"2001-12-05";"J10M0";"A1100";"P1D_L";"ZZ";"3.274"
"2001-12-06";"J10M0";"A1100";"P1D_L";"ZZ";"3.383"
"2001-12-07";"J10M0";"A1100";"P1D_L";"ZZ";"3.514"
"2001-12-10";"J10M0";"A1100";"P1D_L";"ZZ";"3.525"
"2001-12-11";"J10M0";"A1100";"P1D_L";"ZZ";"3.496"
"2001-12-12";"J10M0";"A1100";"P1D_L";"ZZ";"3.466"
"2001-12-13";"J10M0";"A1100";"P1D_L";"ZZ";"3.397"
"2001-12-14";"J10M0";"A1100";"P1D_L";"ZZ";"3.437"
"2001-12-17";"J10M0";"A1100";"P1D_L";"ZZ";"3.468"
"2001-12-18";"J10M0";"A1100";"P1D_L";"ZZ";"3.466"
"2001-12-19";"J10M0";"A1100";"P1D_L";"ZZ";"3.478"
"2001-12-20";"J10M0";"A1100";"P1D_L";"ZZ";"3.467"
"2001-12-21";"J10M0";"A1100";"P1D_L";"ZZ";"3.493"
"2001-12-24";"J10M0";"A1100";"P1D_L";"ZZ";
"2001-12-25";"J10M0";"A1100";"P1D_L";"ZZ";
"2001-12-26";"J10M0";"A1100";"P1D_L";"ZZ";
"2001-12-27";"J10M0";"A1100";"P1D_L";"ZZ";"3.613"
"2001-12-28";"J10M0";"A1100";"P1D_L";"ZZ";"3.555"
"2001-12-31";"J10M0";"A1100";"P1D_L";"ZZ";
"2002-01-01";"J10M0";"A1100";"P1D_L";"ZZ";
"2002-01-02";"J10M0";"A1100";"P1D_L";"ZZ";
"2002-01-03";"J10M0";"A1100";"P1D_L";"ZZ";"3.546"
"2002-01-04";"J10M0";"A1100";"P1D_L";"ZZ";"3.534"
"2002-01-07";"J10M0";"A1100";"P1D_L";"ZZ";"3.515"
"2002-01-08";"J10M0";"A1100";"P1D_L";"ZZ";"3.402"
"2002-01-09";"J10M0";"A1100";"P1D_L";"ZZ";"3.384"
"2002-01-10";"J10M0";"A1100";"P1D_L";"ZZ";"3.365"
"2002-01-11";"J10M0";"A1100";"P1D_L";"ZZ";"3.337"
"2002-01-14";"J10M0";"A1100";"P1D_L";"ZZ";"3.33"
"2002-01-15";"J10M0";"A1100";"P1D_L";"ZZ";"3.367"
"2002-01-16";"J10M0";"A1100";"P1D_L";"ZZ";"3.367"
"2002-01-17";"J10M0";"A1100";"P1D_L";"ZZ";"3.378"
"2002-01-18";"J10M0";"A1100";"P1D_L";"ZZ";"3.43"
"2002-01-21";"J10M0";"A1100";"P1D_L";"ZZ";"3.458"
"2002-01-22";"J10M0";"A1100";"P1D_L";"ZZ";"3.466"
"2002-01-23";"J10M0";"A1100";"P1D_L";"ZZ";"3.509"
"2002-01-24";"J10M0";"A1100";"P1D_L";"ZZ";"3.531"
"2002-01-25";"J10M0";"A1100";"P1D_L";"ZZ";"3.502"
"2002-01-28";"J10M0";"A1100";"P1D_L";"ZZ";"3.584"
"2002-01-29";"J10M0";"A1100";"P1D_L";"ZZ";"3.566"
"2002-01-30";"J10M0";"A1100";"P1D_L";"ZZ";"3.559"
"2002-01-31";"J10M0";"A1100";"P1D_L";"ZZ";"3.59"
"2002-02-01";"J10M0";"A1100";"P1D_L";"ZZ";"3.567"
"2002-02-04";"J10M0";"A1100";"P1D_L";"ZZ";"3.515"
"2002-02-05";"J10M0";"A1100";"P1D_L";"ZZ";"3.457"
"2002-02-06";"J10M0";"A1100";"P1D_L";"ZZ";"3.467"
"2002-02-07";"J10M0";"A1100";"P1D_L";"ZZ";"3.514"
"2002-02-08";"J10M0";"A1100";"P1D_L";"ZZ";"3.587"
"2002-02-11";"J10M0";"A1100";"P1D_L";"ZZ";"3.623"
"2002-02-12";"J10M0";"A1100";"P1D_L";"ZZ";"3.578"
"2002-02-13";"J10M0";"A1100";"P1D_L";"ZZ";"3.626"
"2002-02-14";"J10M0";"A1100";"P1D_L";"ZZ";"3.612"
"2002-02-15";"J10M0";"A1100";"P1D_L";"ZZ";"3.581"
"2002-02-18";"J10M0";"A1100";"P1D_L";"ZZ";"3.573"
"2002-02-19";"J10M0";"A1100";"P1D_L";"ZZ";"3.564"
"2002-02-20";"J10M0";"A1100";"P1D_L";"ZZ";"3.586"
"2002-02-21";"J10M0";"A1100";"P1D_L";"ZZ";"3.594"
"2002-02-22";"J10M0";"A1100";"P1D_L";"ZZ";"3.572"
"2002-02-25";"J10M0";"A1100";"P1D_L";"ZZ";"3.571"
"2002-02-26";"J10M0";"A1100";"P1D_L";"ZZ";"3.615"
"2002-02-27";"J10M0";"A1100";"P1D_L";"ZZ";"3.619"
"2002-02-28";"J10M0";"A1100";"P1D_L";"ZZ";"3.61"
"2002-03-01";"J10M0";"A1100";"P1D_L";"ZZ";"3.618"
"2002-03-04";"J10M0";"A1100";"P1D_L";"ZZ";"3.662"
"2002-03-05";"J10M0";"A1100";"P1D_L";"ZZ";"3.643"
"2002-03-06";"J10M0";"A1100";"P1D_L";"ZZ";"3.707"
"2002-03-07";"J10M0";"A1100";"P1D_L";"ZZ";"3.694"
"2002-03-08";"J10M0";"A1100";"P1D_L";"ZZ";"3.717"
"2002-03-11";"J10M0";"A1100";"P1D_L";"ZZ";"3.711"
"2002-03-12";"J10M0";"A1100";"P1D_L";"ZZ";"3.684"
"2002-03-13";"J10M0";"A1100";"P1D_L";"ZZ";"3.693"
"2002-03-14";"J10M0";"A1100";"P1D_L";"ZZ";"3.707"
"2002-03-15";"J10M0";"A1100";"P1D_L";"ZZ";"3.734"
"2002-03-18";"J10M0";"A1100";"P1D_L";"ZZ";"3.728"
"2002-03-19";"J10M0";"A1100";"P1D_L";"ZZ";"3.698"
"2002-03-20";"J10M0";"A1100";"P1D_L";"ZZ";"3.704"
"2002-03-21";"J10M0";"A1100";"P1D_L";"ZZ";"3.722"
"2002-03-22";"J10M0";"A1100";"P1D_L";"ZZ";"3.711"
"2002-03-25";"J10M0";"A1100";"P1D_L";"ZZ";"3.707"
"2002-03-26";"J10M0";"A1100";"P1D_L";"ZZ";"3.732"
"2002-03-27";"J10M0";"A1100";"P1D_L";"ZZ";"3.685"
"2002-03-28";"J10M0";"A1100";"P1D_L";"ZZ";"3.636"
"2002-03-29";"J10M0";"A1100";"P1D_L";"ZZ";
"2002-04-01";"J10M0";"A1100";"P1D_L";"ZZ";
"2002-04-02";"J10M0";"A1100";"P1D_L";"ZZ";"3.646"
"2002-04-03";"J10M0";"A1100";"P1D_L";"ZZ";"3.613"
"2002-04-04";"J10M0";"A1100";"P1D_L";"ZZ";"3.55"
"2002-04-05";"J10M0";"A1100";"P1D_L";"ZZ";"3.557"
"2002-04-08";"J10M0";"A1100";"P1D_L";"ZZ";"3.553"
"2002-04-09";"J10M0";"A1100";"P1D_L";"ZZ";"3.595"
"2002-04-10";"J10M0";"A1100";"P1D_L";"ZZ";"3.571"
"2002-04-11";"J10M0";"A1100";"P1D_L";"ZZ";"3.593"
"2002-04-12";"J10M0";"A1100";"P1D_L";"ZZ";"3.571"
"2002-04-15";"J10M0";"A1100";"P1D_L";"ZZ";"3.545"
"2002-04-16";"J10M0";"A1100";"P1D_L";"ZZ";"3.551"
"2002-04-17";"J10M0";"A1100";"P1D_L";"ZZ";"3.592"
"2002-04-18";"J10M0";"A1100";"P1D_L";"ZZ";"3.612"
"2002-04-19";"J10M0";"A1100";"P1D_L";"ZZ";"3.594"
"2002-04-22";"J10M0";"A1100";"P1D_L";"ZZ";"3.581"
"2002-04-23";"J10M0";"A1100";"P1D_L";"ZZ";"3.555"
"2002-04-24";"J10M0";"A1100";"P1D_L";"ZZ";"3.555"
"2002-04-25";"J10M0";"A1100";"P1D_L";"ZZ";"3.521"
"2002-04-26";"J10M0";"A1100";"P1D_L";"ZZ";"3.533"
"2002-04-29";"J10M0";"A1100";"P1D_L";"ZZ";"3.518"
"2002-04-30";"J10M0";"A1100";"P1D_L";"ZZ";"3.528"
"2002-05-01";"J10M0";"A1100";"P1D_L";"ZZ";
"2002-05-02";"J10M0";"A1100";"P1D_L";"ZZ";"3.518"
"2002-05-03";"J10M0";"A1100";"P1D_L";"ZZ";"3.519"
"2002-05-06";"J10M0";"A1100";"P1D_L";"ZZ";"3.483"
"2002-05-07";"J10M0";"A1100";"P1D_L";"ZZ";"3.437"
"2002-05-08";"J10M0";"A1100";"P1D_L";"ZZ";"3.443"
"2002-05-09";"J10M0";"A1100";"P1D_L";"ZZ";
"2002-05-10";"J10M0";"A1100";"P1D_L";"ZZ";"3.45"
"2002-05-13";"J10M0";"A1100";"P1D_L";"ZZ";"3.447"
"2002-05-14";"J10M0";"A1100";"P1D_L";"ZZ";"3.486"
"2002-05-15";"J10M0";"A1100";"P1D_L";"ZZ";"3.491"
"2002-05-16";"J10M0";"A1100";"P1D_L";"ZZ";"3.48"
"2002-05-17";"J10M0";"A1100";"P1D_L";"ZZ";"3.505"
"2002-05-20";"J10M0";"A1100";"P1D_L";"ZZ";
"2002-05-21";"J10M0";"A1100";"P1D_L";"ZZ";"3.491"
"2002-05-22";"J10M0";"A1100";"P1D_L";"ZZ";"3.455"
"2002-05-23";"J10M0";"A1100";"P1D_L";"ZZ";"3.466"
"2002-05-24";"J10M0";"A1100";"P1D_L";"ZZ";"3.451"
"2002-05-27";"J10M0";"A1100";"P1D_L";"ZZ";"3.472"
"2002-05-28";"J10M0";"A1100";"P1D_L";"ZZ";"3.522"
"2002-05-29";"J10M0";"A1100";"P1D_L";"ZZ";"3.486"
"2002-05-30";"J10M0";"A1100";"P1D_L";"ZZ";"3.473"
"2002-05-31";"J10M0";"A1100";"P1D_L";"ZZ";"3.465"
"2002-06-03";"J10M0";"A1100";"P1D_L";"ZZ";"3.482"
"2002-06-04";"J10M0";"A1100";"P1D_L";"ZZ";"3.45"
"2002-06-05";"J10M0";"A1100";"P1D_L";"ZZ";"3.46"
"2002-06-06";"J10M0";"A1100";"P1D_L";"ZZ";"3.474"
"2002-06-07";"J10M0";"A1100";"P1D_L";"ZZ";"3.47"
"2002-06-10";"J10M0";"A1100";"P1D_L";"ZZ";"3.467"
"2002-06-11";"J10M0";"A1100";"P1D_L";"ZZ";"3.454"
"2002-06-12";"J10M0";"A1100";"P1D_L";"ZZ";"3.457"
"2002-06-13";"J10M0";"A1100";"P1D_L";"ZZ";"3.453"
"2002-06-14";"J10M0";"A1100";"P1D_L";"ZZ";"3.408"
"2002-06-17";"J10M0";"A1100";"P1D_L";"ZZ";"3.394"
"2002-06-18";"J10M0";"A1100";"P1D_L";"ZZ";"3.396"
"2002-06-19";"J10M0";"A1100";"P1D_L";"ZZ";"3.356"
"2002-06-20";"J10M0";"A1100";"P1D_L";"ZZ";"3.35"
"2002-06-21";"J10M0";"A1100";"P1D_L";"ZZ";"3.34"
"2002-06-24";"J10M0";"A1100";"P1D_L";"ZZ";"3.351"
"2002-06-25";"J10M0";"A1100";"P1D_L";"ZZ";"3.316"
"2002-06-26";"J10M0";"A1100";"P1D_L";"ZZ";"3.281"
"2002-06-27";"J10M0";"A1100";"P1D_L";"ZZ";"3.304"
"2002-06-28";"J10M0";"A1100";"P1D_L";"ZZ";"3.299"
"2002-07-01";"J10M0";"A1100";"P1D_L";"ZZ";"3.286"
"2002-07-02";"J10M0";"A1100";"P1D_L";"ZZ";"3.279"
"2002-07-03";"J10M0";"A1100";"P1D_L";"ZZ";"3.265"
"2002-07-04";"J10M0";"A1100";"P1D_L";"ZZ";"3.284"
"2002-07-05";"J10M0";"A1100";"P1D_L";"ZZ";"3.286"
"2002-07-08";"J10M0";"A1100";"P1D_L";"ZZ";"3.301"
"2002-07-09";"J10M0";"A1100";"P1D_L";"ZZ";"3.311"
"2002-07-10";"J10M0";"A1100";"P1D_L";"ZZ";"3.259"
"2002-07-11";"J10M0";"A1100";"P1D_L";"ZZ";"3.234"
"2002-07-12";"J10M0";"A1100";"P1D_L";"ZZ";"3.241"
"2002-07-15";"J10M0";"A1100";"P1D_L";"ZZ";"3.196"
"2002-07-16";"J10M0";"A1100";"P1D_L";"ZZ";"3.188"
"2002-07-17";"J10M0";"A1100";"P1D_L";"ZZ";"3.201"
"2002-07-18";"J10M0";"A1100";"P1D_L";"ZZ";"3.214"
"2002-07-19";"J10M0";"A1100";"P1D_L";"ZZ";"3.174"
"2002-07-22";"J10M0";"A1100";"P1D_L";"ZZ";"3.138"
"2002-07-23";"J10M0";"A1100";"P1D_L";"ZZ";"3.152"
"2002-07-24";"J10M0";"A1100";"P1D_L";"ZZ";"3.081"
"2002-07-25";"J10M0";"A1100";"P1D_L";"ZZ";"3.072"
"2002-07-26";"J10M0";"A1100";"P1D_L";"ZZ";"3.081"
"2002-07-29";"J10M0";"A1100";"P1D_L";"ZZ";"3.108"
"2002-07-30";"J10M0";"A1100";"P1D_L";"ZZ";"3.213"
"2002-07-31";"J10M0";"A1100";"P1D_L";"ZZ";"3.248"
"2002-08-01";"J10M0";"A1100";"P1D_L";"ZZ";
"2002-08-02";"J10M0";"A1100";"P1D_L";"ZZ";"3.134"
"2002-08-05";"J10M0";"A1100";"P1D_L";"ZZ";"3.125"
"2002-08-06";"J10M0";"A1100";"P1D_L";"ZZ";"3.092"
"2002-08-07";"J10M0";"A1100";"P1D_L";"ZZ";"3.133"
"2002-08-08";"J10M0";"A1100";"P1D_L";"ZZ";"3.132"
"2002-08-09";"J10M0";"A1100";"P1D_L";"ZZ";"3.177"
"2002-08-12";"J10M0";"A1100";"P1D_L";"ZZ";"3.166"
"2002-08-13";"J10M0";"A1100";"P1D_L";"ZZ";"3.126"
"2002-08-14";"J10M0";"A1100";"P1D_L";"ZZ";"3.106"
"2002-08-15";"J10M0";"A1100";"P1D_L";"ZZ";"3.107"
"2002-08-16";"J10M0";"A1100";"P1D_L";"ZZ";"3.149"
"2002-08-19";"J10M0";"A1100";"P1D_L";"ZZ";"3.161"
"2002-08-20";"J10M0";"A1100";"P1D_L";"ZZ";"3.175"
"2002-08-21";"J10M0";"A1100";"P1D_L";"ZZ";"3.172"
"2002-08-22";"J10M0";"A1100";"P1D_L";"ZZ";"3.247"
"2002-08-23";"J10M0";"A1100";"P1D_L";"ZZ";"3.325"
"2002-08-26";"J10M0";"A1100";"P1D_L";"ZZ";"3.305"
"2002-08-27";"J10M0";"A1100";"P1D_L";"ZZ";"3.322"
"2002-08-28";"J10M0";"A1100";"P1D_L";"ZZ";"3.289"
"2002-08-29";"J10M0";"A1100";"P1D_L";"ZZ";"3.218"
"2002-08-30";"J10M0";"A1100";"P1D_L";"ZZ";"3.192"
"2002-09-02";"J10M0";"A1100";"P1D_L";"ZZ";"3.173"
"2002-09-03";"J10M0";"A1100";"P1D_L";"ZZ";"3.099"
"2002-09-04";"J10M0";"A1100";"P1D_L";"ZZ";"3.054"
"2002-09-05";"J10M0";"A1100";"P1D_L";"ZZ";"3.015"
"2002-09-06";"J10M0";"A1100";"P1D_L";"ZZ";"2.985"
"2002-09-09";"J10M0";"A1100";"P1D_L";"ZZ";"3.032"
"2002-09-10";"J10M0";"A1100";"P1D_L";"ZZ";"2.992"
"2002-09-11";"J10M0";"A1100";"P1D_L";"ZZ";"3.001"
"2002-09-12";"J10M0";"A1100";"P1D_L";"ZZ";"3.009"
"2002-09-13";"J10M0";"A1100";"P1D_L";"ZZ";"2.918"
"2002-09-16";"J10M0";"A1100";"P1D_L";"ZZ";"2.918"
"2002-09-17";"J10M0";"A1100";"P1D_L";"ZZ";"2.872"
"2002-09-18";"J10M0";"A1100";"P1D_L";"ZZ";"2.798"
"2002-09-19";"J10M0";"A1100";"P1D_L";"ZZ";"2.793"
"2002-09-20";"J10M0";"A1100";"P1D_L";"ZZ";"2.756"
"2002-09-23";"J10M0";"A1100";"P1D_L";"ZZ";"2.785"
"2002-09-24";"J10M0";"A1100";"P1D_L";"ZZ";"2.751"
"2002-09-25";"J10M0";"A1100";"P1D_L";"ZZ";"2.757"
"2002-09-26";"J10M0";"A1100";"P1D_L";"ZZ";"2.82"
"2002-09-27";"J10M0";"A1100";"P1D_L";"ZZ";"2.806"
"2002-09-30";"J10M0";"A1100";"P1D_L";"ZZ";"2.761"
"2002-10-01";"J10M0";"A1100";"P1D_L";"ZZ";"2.763"
"2002-10-02";"J10M0";"A1100";"P1D_L";"ZZ";"2.807"
"2002-10-03";"J10M0";"A1100";"P1D_L";"ZZ";"2.778"
"2002-10-04";"J10M0";"A1100";"P1D_L";"ZZ";"2.765"
"2002-10-07";"J10M0";"A1100";"P1D_L";"ZZ";"2.747"
"2002-10-08";"J10M0";"A1100";"P1D_L";"ZZ";"2.764"
"2002-10-09";"J10M0";"A1100";"P1D_L";"ZZ";"2.776"
"2002-10-10";"J10M0";"A1100";"P1D_L";"ZZ";"2.76"
"2002-10-11";"J10M0";"A1100";"P1D_L";"ZZ";"2.812"
"2002-10-14";"J10M0";"A1100";"P1D_L";"ZZ";"2.899"
"2002-10-15";"J10M0";"A1100";"P1D_L";"ZZ";"2.938"
"2002-10-16";"J10M0";"A1100";"P1D_L";"ZZ";"2.993"
"2002-10-17";"J10M0";"A1100";"P1D_L";"ZZ";"3.001"
"2002-10-18";"J10M0";"A1100";"P1D_L";"ZZ";"2.957"
"2002-10-21";"J10M0";"A1100";"P1D_L";"ZZ";"2.95"
"2002-10-22";"J10M0";"A1100";"P1D_L";"ZZ";"2.965"
"2002-10-23";"J10M0";"A1100";"P1D_L";"ZZ";"2.946"
"2002-10-24";"J10M0";"A1100";"P1D_L";"ZZ";"2.933"
"2002-10-25";"J10M0";"A1100";"P1D_L";"ZZ";"2.921"
"2002-10-28";"J10M0";"A1100";"P1D_L";"ZZ";"2.87"
"2002-10-29";"J10M0";"A1100";"P1D_L";"ZZ";"2.849"
"2002-10-30";"J10M0";"A1100";"P1D_L";"ZZ";"2.839"
"2002-10-31";"J10M0";"A1100";"P1D_L";"ZZ";"2.863"
"2002-11-01";"J10M0";"A1100";"P1D_L";"ZZ";"2.802"
"2002-11-04";"J10M0";"A1100";"P1D_L";"ZZ";"2.813"
"2002-11-05";"J10M0";"A1100";"P1D_L";"ZZ";"2.819"
"2002-11-06";"J10M0";"A1100";"P1D_L";"ZZ";"2.83"
"2002-11-07";"J10M0";"A1100";"P1D_L";"ZZ";"2.791"
"2002-11-08";"J10M0";"A1100";"P1D_L";"ZZ";"2.784"
"2002-11-11";"J10M0";"A1100";"P1D_L";"ZZ";"2.748"
"2002-11-12";"J10M0";"A1100";"P1D_L";"ZZ";"2.736"
"2002-11-13";"J10M0";"A1100";"P1D_L";"ZZ";"2.719"
"2002-11-14";"J10M0";"A1100";"P1D_L";"ZZ";"2.672"
"2002-11-15";"J10M0";"A1100";"P1D_L";"ZZ";"2.717"
"2002-11-18";"J10M0";"A1100";"P1D_L";"ZZ";"2.741"
"2002-11-19";"J10M0";"A1100";"P1D_L";"ZZ";"2.683"
"2002-11-20";"J10M0";"A1100";"P1D_L";"ZZ";"2.674"
"2002-11-21";"J10M0";"A1100";"P1D_L";"ZZ";"2.639"
"2002-11-22";"J10M0";"A1100";"P1D_L";"ZZ";"2.665"
"2002-11-25";"J10M0";"A1100";"P1D_L";"ZZ";"2.773"
"2002-11-26";"J10M0";"A1100";"P1D_L";"ZZ";"2.785"
"2002-11-27";"J10M0";"A1100";"P1D_L";"ZZ";"2.761"
"2002-11-28";"J10M0";"A1100";"P1D_L";"ZZ";"2.827"
"2002-11-29";"J10M0";"A1100";"P1D_L";"ZZ";"2.799"
"2002-12-02";"J10M0";"A1100";"P1D_L";"ZZ";"2.772"
"2002-12-03";"J10M0";"A1100";"P1D_L";"ZZ";"2.75"
"2002-12-04";"J10M0";"A1100";"P1D_L";"ZZ";"2.725"
"2002-12-05";"J10M0";"A1100";"P1D_L";"ZZ";"2.711"
"2002-12-06";"J10M0";"A1100";"P1D_L";"ZZ";"2.667"
"2002-12-09";"J10M0";"A1100";"P1D_L";"ZZ";"2.642"
"2002-12-10";"J10M0";"A1100";"P1D_L";"ZZ";"2.604"
"2002-12-11";"J10M0";"A1100";"P1D_L";"ZZ";"2.605"
"2002-12-12";"J10M0";"A1100";"P1D_L";"ZZ";"2.496"
"2002-12-13";"J10M0";"A1100";"P1D_L";"ZZ";"2.477"
"2002-12-16";"J10M0";"A1100";"P1D_L";"ZZ";"2.489"
"2002-12-17";"J10M0";"A1100";"P1D_L";"ZZ";"2.489"
"2002-12-18";"J10M0";"A1100";"P1D_L";"ZZ";"2.437"
"2002-12-19";"J10M0";"A1100";"P1D_L";"ZZ";"2.412"
"2002-12-20";"J10M0";"A1100";"P1D_L";"ZZ";"2.403"
"2002-12-23";"J10M0";"A1100";"P1D_L";"ZZ";"2.419"
"2002-12-24";"J10M0";"A1100";"P1D_L";"ZZ";
"2002-12-25";"J10M0";"A1100";"P1D_L";"ZZ";
"2002-12-26";"J10M0";"A1100";"P1D_L";"ZZ";
"2002-12-27";"J10M0";"A1100";"P1D_L";"ZZ";"2.393"
"2002-12-30";"J10M0";"A1100";"P1D_L";"ZZ";"2.396"
"2002-12-31";"J10M0";"A1100";"P1D_L";"ZZ";
"2003-01-01";"J10M0";"A1100";"P1D_L";"ZZ";
"2003-01-02";"J10M0";"A1100";"P1D_L";"ZZ";
"2003-01-03";"J10M0";"A1100";"P1D_L";"ZZ";"2.421"
"2003-01-06";"J10M0";"A1100";"P1D_L";"ZZ";"2.42"
"2003-01-07";"J10M0";"A1100";"P1D_L";"ZZ";"2.415"
"2003-01-08";"J10M0";"A1100";"P1D_L";"ZZ";"2.387"
"2003-01-09";"J10M0";"A1100";"P1D_L";"ZZ";"2.373"
"2003-01-10";"J10M0";"A1100";"P1D_L";"ZZ";"2.443"
"2003-01-13";"J10M0";"A1100";"P1D_L";"ZZ";"2.484"
"2003-01-14";"J10M0";"A1100";"P1D_L";"ZZ";"2.483"
"2003-01-15";"J10M0";"A1100";"P1D_L";"ZZ";"2.464"
"2003-01-16";"J10M0";"A1100";"P1D_L";"ZZ";"2.45"
"2003-01-17";"J10M0";"A1100";"P1D_L";"ZZ";"2.436"
"2003-01-20";"J10M0";"A1100";"P1D_L";"ZZ";"2.446"
"2003-01-21";"J10M0";"A1100";"P1D_L";"ZZ";"2.442"
"2003-01-22";"J10M0";"A1100";"P1D_L";"ZZ";"2.436"
"2003-01-23";"J10M0";"A1100";"P1D_L";"ZZ";"2.446"
"2003-01-24";"J10M0";"A1100";"P1D_L";"ZZ";"2.401"
"2003-01-27";"J10M0";"A1100";"P1D_L";"ZZ";"2.383"
"2003-01-28";"J10M0";"A1100";"P1D_L";"ZZ";"2.39"
"2003-01-29";"J10M0";"A1100";"P1D_L";"ZZ";"2.348"
"2003-01-30";"J10M0";"A1100";"P1D_L";"ZZ";"2.432"
"2003-01-31";"J10M0";"A1100";"P1D_L";"ZZ";"2.396"
"2003-02-03";"J10M0";"A1100";"P1D_L";"ZZ";"2.418"
"2003-02-04";"J10M0";"A1100";"P1D_L";"ZZ";"2.396"
"2003-02-05";"J10M0";"A1100";"P1D_L";"ZZ";"2.363"
"2003-02-06";"J10M0";"A1100";"P1D_L";"ZZ";"2.397"
"2003-02-07";"J10M0";"A1100";"P1D_L";"ZZ";"2.378"
"2003-02-10";"J10M0";"A1100";"P1D_L";"ZZ";"2.37"
"2003-02-11";"J10M0";"A1100";"P1D_L";"ZZ";"2.387"
"2003-02-12";"J10M0";"A1100";"P1D_L";"ZZ";"2.346"
"2003-02-13";"J10M0";"A1100";"P1D_L";"ZZ";"2.311"
"2003-02-14";"J10M0";"A1100";"P1D_L";"ZZ";"2.307"
"2003-02-17";"J10M0";"A1100";"P1D_L";"ZZ";"2.336"
"2003-02-18";"J10M0";"A1100";"P1D_L";"ZZ";"2.317"
"2003-02-19";"J10M0";"A1100";"P1D_L";"ZZ";"2.318"
"2003-02-20";"J10M0";"A1100";"P1D_L";"ZZ";"2.289"
"2003-02-21";"J10M0";"A1100";"P1D_L";"ZZ";"2.29"
"2003-02-24";"J10M0";"A1100";"P1D_L";"ZZ";"2.291"
"2003-02-25";"J10M0";"A1100";"P1D_L";"ZZ";"2.292"
"2003-02-26";"J10M0";"A1100";"P1D_L";"ZZ";"2.341"
"2003-02-27";"J10M0";"A1100";"P1D_L";"ZZ";"2.352"
"2003-02-28";"J10M0";"A1100";"P1D_L";"ZZ";"2.375"
"2003-03-03";"J10M0";"A1100";"P1D_L";"ZZ";"2.376"
"2003-03-04";"J10M0";"A1100";"P1D_L";"ZZ";"2.335"
"2003-03-05";"J10M0";"A1100";"P1D_L";"ZZ";"2.299"
"2003-03-06";"J10M0";"A1100";"P1D_L";"ZZ";"2.283"
"2003-03-07";"J10M0";"A1100";"P1D_L";"ZZ";"2.2"
"2003-03-10";"J10M0";"A1100";"P1D_L";"ZZ";"2.174"
"2003-03-11";"J10M0";"A1100";"P1D_L";"ZZ";"2.196"
"2003-03-12";"J10M0";"A1100";"P1D_L";"ZZ";"2.183"
"2003-03-13";"J10M0";"A1100";"P1D_L";"ZZ";"2.224"
"2003-03-14";"J10M0";"A1100";"P1D_L";"ZZ";"2.304"
"2003-03-17";"J10M0";"A1100";"P1D_L";"ZZ";"2.329"
"2003-03-18";"J10M0";"A1100";"P1D_L";"ZZ";"2.586"
"2003-03-19";"J10M0";"A1100";"P1D_L";"ZZ";"2.606"
"2003-03-20";"J10M0";"A1100";"P1D_L";"ZZ";"2.622"
"2003-03-21";"J10M0";"A1100";"P1D_L";"ZZ";"2.621"
"2003-03-24";"J10M0";"A1100";"P1D_L";"ZZ";"2.632"
"2003-03-25";"J10M0";"A1100";"P1D_L";"ZZ";"2.646"
"2003-03-26";"J10M0";"A1100";"P1D_L";"ZZ";"2.732"
"2003-03-27";"J10M0";"A1100";"P1D_L";"ZZ";"2.635"
"2003-03-28";"J10M0";"A1100";"P1D_L";"ZZ";"2.644"
"2003-03-31";"J10M0";"A1100";"P1D_L";"ZZ";"2.537"
"2003-04-01";"J10M0";"A1100";"P1D_L";"ZZ";"2.485"
"2003-04-02";"J10M0";"A1100";"P1D_L";"ZZ";"2.519"
"2003-04-03";"J10M0";"A1100";"P1D_L";"ZZ";"2.566"
"2003-04-04";"J10M0";"A1100";"P1D_L";"ZZ";"2.627"
"2003-04-07";"J10M0";"A1100";"P1D_L";"ZZ";"2.715"
"2003-04-08";"J10M0";"A1100";"P1D_L";"ZZ";"2.709"
"2003-04-09";"J10M0";"A1100";"P1D_L";"ZZ";"2.686"
"2003-04-10";"J10M0";"A1100";"P1D_L";"ZZ";"2.643"
"2003-04-11";"J10M0";"A1100";"P1D_L";"ZZ";"2.675"
"2003-04-14";"J10M0";"A1100";"P1D_L";"ZZ";"2.72"
"2003-04-15";"J10M0";"A1100";"P1D_L";"ZZ";"2.743"
"2003-04-16";"J10M0";"A1100";"P1D_L";"ZZ";"2.713"
"2003-04-17";"J10M0";"A1100";"P1D_L";"ZZ";"2.628"
"2003-04-18";"J10M0";"A1100";"P1D_L";"ZZ";
"2003-04-21";"J10M0";"A1100";"P1D_L";"ZZ";
"2003-04-22";"J10M0";"A1100";"P1D_L";"ZZ";"2.696"
"2003-04-23";"J10M0";"A1100";"P1D_L";"ZZ";"2.664"
"2003-04-24";"J10M0";"A1100";"P1D_L";"ZZ";"2.646"
"2003-04-25";"J10M0";"A1100";"P1D_L";"ZZ";"2.643"
"2003-04-28";"J10M0";"A1100";"P1D_L";"ZZ";"2.6"
"2003-04-29";"J10M0";"A1100";"P1D_L";"ZZ";"2.638"
"2003-04-30";"J10M0";"A1100";"P1D_L";"ZZ";"2.659"
"2003-05-01";"J10M0";"A1100";"P1D_L";"ZZ";
"2003-05-02";"J10M0";"A1100";"P1D_L";"ZZ";"2.631"
"2003-05-05";"J10M0";"A1100";"P1D_L";"ZZ";"2.64"
"2003-05-06";"J10M0";"A1100";"P1D_L";"ZZ";"2.606"
"2003-05-07";"J10M0";"A1100";"P1D_L";"ZZ";"2.584"
"2003-05-08";"J10M0";"A1100";"P1D_L";"ZZ";"2.496"
"2003-05-09";"J10M0";"A1100";"P1D_L";"ZZ";"2.498"
"2003-05-12";"J10M0";"A1100";"P1D_L";"ZZ";"2.486"
"2003-05-13";"J10M0";"A1100";"P1D_L";"ZZ";"2.486"
"2003-05-14";"J10M0";"A1100";"P1D_L";"ZZ";"2.46"
"2003-05-15";"J10M0";"A1100";"P1D_L";"ZZ";"2.406"
"2003-05-16";"J10M0";"A1100";"P1D_L";"ZZ";"2.402"
"2003-05-19";"J10M0";"A1100";"P1D_L";"ZZ";"2.315"
"2003-05-20";"J10M0";"A1100";"P1D_L";"ZZ";"2.316"
"2003-05-21";"J10M0";"A1100";"P1D_L";"ZZ";"2.306"
"2003-05-22";"J10M0";"A1100";"P1D_L";"ZZ";"2.322"
"2003-05-23";"J10M0";"A1100";"P1D_L";"ZZ";"2.326"
"2003-05-26";"J10M0";"A1100";"P1D_L";"ZZ";"2.329"
"2003-05-27";"J10M0";"A1100";"P1D_L";"ZZ";"2.285"
"2003-05-28";"J10M0";"A1100";"P1D_L";"ZZ";"2.41"
"2003-05-29";"J10M0";"A1100";"P1D_L";"ZZ";
"2003-05-30";"J10M0";"A1100";"P1D_L";"ZZ";"2.358"
"2003-06-02";"J10M0";"A1100";"P1D_L";"ZZ";"2.399"
"2003-06-03";"J10M0";"A1100";"P1D_L";"ZZ";"2.39"
"2003-06-04";"J10M0";"A1100";"P1D_L";"ZZ";"2.287"
"2003-06-05";"J10M0";"A1100";"P1D_L";"ZZ";"2.28"
"2003-06-06";"J10M0";"A1100";"P1D_L";"ZZ";"2.234"
"2003-06-09";"J10M0";"A1100";"P1D_L";"ZZ";
"2003-06-10";"J10M0";"A1100";"P1D_L";"ZZ";"2.242"
"2003-06-11";"J10M0";"A1100";"P1D_L";"ZZ";"2.207"
"2003-06-12";"J10M0";"A1100";"P1D_L";"ZZ";"2.24"
"2003-06-13";"J10M0";"A1100";"P1D_L";"ZZ";"2.243"
"2003-06-16";"J10M0";"A1100";"P1D_L";"ZZ";"2.279"
"2003-06-17";"J10M0";"A1100";"P1D_L";"ZZ";"2.332"
"2003-06-18";"J10M0";"A1100";"P1D_L";"ZZ";"2.41"
"2003-06-19";"J10M0";"A1100";"P1D_L";"ZZ";"2.566"
"2003-06-20";"J10M0";"A1100";"P1D_L";"ZZ";"2.58"
"2003-06-23";"J10M0";"A1100";"P1D_L";"ZZ";"2.623"
"2003-06-24";"J10M0";"A1100";"P1D_L";"ZZ";"2.589"
"2003-06-25";"J10M0";"A1100";"P1D_L";"ZZ";"2.567"
"2003-06-26";"J10M0";"A1100";"P1D_L";"ZZ";"2.57"
"2003-06-27";"J10M0";"A1100";"P1D_L";"ZZ";"2.622"
"2003-06-30";"J10M0";"A1100";"P1D_L";"ZZ";"2.607"
"2003-07-01";"J10M0";"A1100";"P1D_L";"ZZ";"2.565"
"2003-07-02";"J10M0";"A1100";"P1D_L";"ZZ";"2.575"
"2003-07-03";"J10M0";"A1100";"P1D_L";"ZZ";"2.591"
"2003-07-04";"J10M0";"A1100";"P1D_L";"ZZ";"2.531"
"2003-07-07";"J10M0";"A1100";"P1D_L";"ZZ";"2.524"
"2003-07-08";"J10M0";"A1100";"P1D_L";"ZZ";"2.549"
"2003-07-09";"J10M0";"A1100";"P1D_L";"ZZ";"2.501"
"2003-07-10";"J10M0";"A1100";"P1D_L";"ZZ";"2.482"
"2003-07-11";"J10M0";"A1100";"P1D_L";"ZZ";"2.483"
"2003-07-14";"J10M0";"A1100";"P1D_L";"ZZ";"2.423"
"2003-07-15";"J10M0";"A1100";"P1D_L";"ZZ";"2.479"
"2003-07-16";"J10M0";"A1100";"P1D_L";"ZZ";"2.588"
"2003-07-17";"J10M0";"A1100";"P1D_L";"ZZ";"2.569"
"2003-07-18";"J10M0";"A1100";"P1D_L";"ZZ";"2.593"
"2003-07-21";"J10M0";"A1100";"P1D_L";"ZZ";"2.657"
"2003-07-22";"J10M0";"A1100";"P1D_L";"ZZ";"2.711"
"2003-07-23";"J10M0";"A1100";"P1D_L";"ZZ";"2.673"
"2003-07-24";"J10M0";"A1100";"P1D_L";"ZZ";"2.606"
"2003-07-25";"J10M0";"A1100";"P1D_L";"ZZ";"2.636"
"2003-07-28";"J10M0";"A1100";"P1D_L";"ZZ";"2.669"
"2003-07-29";"J10M0";"A1100";"P1D_L";"ZZ";"2.675"
"2003-07-30";"J10M0";"A1100";"P1D_L";"ZZ";"2.698"
"2003-07-31";"J10M0";"A1100";"P1D_L";"ZZ";"2.666"
"2003-08-01";"J10M0";"A1100";"P1D_L";"ZZ";
"2003-08-04";"J10M0";"A1100";"P1D_L";"ZZ";"2.725"
"2003-08-05";"J10M0";"A1100";"P1D_L";"ZZ";"2.732"
"2003-08-06";"J10M0";"A1100";"P1D_L";"ZZ";"2.796"
"2003-08-07";"J10M0";"A1100";"P1D_L";"ZZ";"2.736"
"2003-08-08";"J10M0";"A1100";"P1D_L";"ZZ";"2.654"
"2003-08-11";"J10M0";"A1100";"P1D_L";"ZZ";"2.625"
"2003-08-12";"J10M0";"A1100";"P1D_L";"ZZ";"2.648"
"2003-08-13";"J10M0";"A1100";"P1D_L";"ZZ";"2.694"
"2003-08-14";"J10M0";"A1100";"P1D_L";"ZZ";"2.779"
"2003-08-15";"J10M0";"A1100";"P1D_L";"ZZ";"2.792"
"2003-08-18";"J10M0";"A1100";"P1D_L";"ZZ";"2.817"
"2003-08-19";"J10M0";"A1100";"P1D_L";"ZZ";"2.864"
"2003-08-20";"J10M0";"A1100";"P1D_L";"ZZ";"2.804"
"2003-08-21";"J10M0";"A1100";"P1D_L";"ZZ";"2.86"
"2003-08-22";"J10M0";"A1100";"P1D_L";"ZZ";"2.851"
"2003-08-25";"J10M0";"A1100";"P1D_L";"ZZ";"2.86"
"2003-08-26";"J10M0";"A1100";"P1D_L";"ZZ";"2.885"
"2003-08-27";"J10M0";"A1100";"P1D_L";"ZZ";"2.854"
"2003-08-28";"J10M0";"A1100";"P1D_L";"ZZ";"2.887"
"2003-08-29";"J10M0";"A1100";"P1D_L";"ZZ";"2.875"
"2003-09-01";"J10M0";"A1100";"P1D_L";"ZZ";"2.892"
"2003-09-02";"J10M0";"A1100";"P1D_L";"ZZ";"2.958"
"2003-09-03";"J10M0";"A1100";"P1D_L";"ZZ";"3.074"
"2003-09-04";"J10M0";"A1100";"P1D_L";"ZZ";"3.064"
"2003-09-05";"J10M0";"A1100";"P1D_L";"ZZ";"3.027"
"2003-09-08";"J10M0";"A1100";"P1D_L";"ZZ";"2.999"
"2003-09-09";"J10M0";"A1100";"P1D_L";"ZZ";"3.003"
"2003-09-10";"J10M0";"A1100";"P1D_L";"ZZ";"2.995"
"2003-09-11";"J10M0";"A1100";"P1D_L";"ZZ";"2.942"
"2003-09-12";"J10M0";"A1100";"P1D_L";"ZZ";"2.918"
"2003-09-15";"J10M0";"A1100";"P1D_L";"ZZ";"2.859"
"2003-09-16";"J10M0";"A1100";"P1D_L";"ZZ";"2.872"
"2003-09-17";"J10M0";"A1100";"P1D_L";"ZZ";"2.89"
"2003-09-18";"J10M0";"A1100";"P1D_L";"ZZ";"2.903"
"2003-09-19";"J10M0";"A1100";"P1D_L";"ZZ";"2.92"
"2003-09-22";"J10M0";"A1100";"P1D_L";"ZZ";"2.892"
"2003-09-23";"J10M0";"A1100";"P1D_L";"ZZ";"2.853"
"2003-09-24";"J10M0";"A1100";"P1D_L";"ZZ";"2.878"
"2003-09-25";"J10M0";"A1100";"P1D_L";"ZZ";"2.853"
"2003-09-26";"J10M0";"A1100";"P1D_L";"ZZ";"2.807"
"2003-09-29";"J10M0";"A1100";"P1D_L";"ZZ";"2.805"
"2003-09-30";"J10M0";"A1100";"P1D_L";"ZZ";"2.777"
"2003-10-01";"J10M0";"A1100";"P1D_L";"ZZ";"2.707"
"2003-10-02";"J10M0";"A1100";"P1D_L";"ZZ";"2.744"
"2003-10-03";"J10M0";"A1100";"P1D_L";"ZZ";"2.786"
"2003-10-06";"J10M0";"A1100";"P1D_L";"ZZ";"2.858"
"2003-10-07";"J10M0";"A1100";"P1D_L";"ZZ";"2.841"
"2003-10-08";"J10M0";"A1100";"P1D_L";"ZZ";"2.849"
"2003-10-09";"J10M0";"A1100";"P1D_L";"ZZ";"2.791"
"2003-10-10";"J10M0";"A1100";"P1D_L";"ZZ";"2.854"
"2003-10-13";"J10M0";"A1100";"P1D_L";"ZZ";"2.812"
"2003-10-14";"J10M0";"A1100";"P1D_L";"ZZ";"2.844"
"2003-10-15";"J10M0";"A1100";"P1D_L";"ZZ";"2.853"
"2003-10-16";"J10M0";"A1100";"P1D_L";"ZZ";"2.892"
"2003-10-17";"J10M0";"A1100";"P1D_L";"ZZ";"2.908"
"2003-10-20";"J10M0";"A1100";"P1D_L";"ZZ";"2.905"
"2003-10-21";"J10M0";"A1100";"P1D_L";"ZZ";"2.897"
"2003-10-22";"J10M0";"A1100";"P1D_L";"ZZ";"2.864"
"2003-10-23";"J10M0";"A1100";"P1D_L";"ZZ";"2.745"
"2003-10-24";"J10M0";"A1100";"P1D_L";"ZZ";"2.848"
"2003-10-27";"J10M0";"A1100";"P1D_L";"ZZ";"2.867"
"2003-10-28";"J10M0";"A1100";"P1D_L";"ZZ";"2.884"
"2003-10-29";"J10M0";"A1100";"P1D_L";"ZZ";"2.895"
"2003-10-30";"J10M0";"A1100";"P1D_L";"ZZ";"2.919"
"2003-10-31";"J10M0";"A1100";"P1D_L";"ZZ";"2.882"
"2003-11-03";"J10M0";"A1100";"P1D_L";"ZZ";"2.878"
"2003-11-04";"J10M0";"A1100";"P1D_L";"ZZ";"2.903"
"2003-11-05";"J10M0";"A1100";"P1D_L";"ZZ";"2.943"
"2003-11-06";"J10M0";"A1100";"P1D_L";"ZZ";"2.935"
"2003-11-07";"J10M0";"A1100";"P1D_L";"ZZ";"2.976"
"2003-11-10";"J10M0";"A1100";"P1D_L";"ZZ";"3.004"
"2003-11-11";"J10M0";"A1100";"P1D_L";"ZZ";"2.975"
"2003-11-12";"J10M0";"A1100";"P1D_L";"ZZ";"2.988"
"2003-11-13";"J10M0";"A1100";"P1D_L";"ZZ";"2.998"
"2003-11-14";"J10M0";"A1100";"P1D_L";"ZZ";"2.942"
"2003-11-17";"J10M0";"A1100";"P1D_L";"ZZ";"2.921"
"2003-11-18";"J10M0";"A1100";"P1D_L";"ZZ";"2.905"
"2003-11-19";"J10M0";"A1100";"P1D_L";"ZZ";"2.877"
"2003-11-20";"J10M0";"A1100";"P1D_L";"ZZ";"2.876"
"2003-11-21";"J10M0";"A1100";"P1D_L";"ZZ";"2.87"
"2003-11-24";"J10M0";"A1100";"P1D_L";"ZZ";"2.866"
"2003-11-25";"J10M0";"A1100";"P1D_L";"ZZ";"2.912"
"2003-11-26";"J10M0";"A1100";"P1D_L";"ZZ";"2.94"
"2003-11-27";"J10M0";"A1100";"P1D_L";"ZZ";"3.014"
"2003-11-28";"J10M0";"A1100";"P1D_L";"ZZ";"2.993"
"2003-12-01";"J10M0";"A1100";"P1D_L";"ZZ";"2.978"
"2003-12-02";"J10M0";"A1100";"P1D_L";"ZZ";"2.968"
"2003-12-03";"J10M0";"A1100";"P1D_L";"ZZ";"2.929"
"2003-12-04";"J10M0";"A1100";"P1D_L";"ZZ";"2.902"
"2003-12-05";"J10M0";"A1100";"P1D_L";"ZZ";"2.869"
"2003-12-08";"J10M0";"A1100";"P1D_L";"ZZ";"2.795"
"2003-12-09";"J10M0";"A1100";"P1D_L";"ZZ";"2.808"
"2003-12-10";"J10M0";"A1100";"P1D_L";"ZZ";"2.875"
"2003-12-11";"J10M0";"A1100";"P1D_L";"ZZ";"2.837"
"2003-12-12";"J10M0";"A1100";"P1D_L";"ZZ";"2.822"
"2003-12-15";"J10M0";"A1100";"P1D_L";"ZZ";"2.775"
"2003-12-16";"J10M0";"A1100";"P1D_L";"ZZ";"2.741"
"2003-12-17";"J10M0";"A1100";"P1D_L";"ZZ";"2.742"
"2003-12-18";"J10M0";"A1100";"P1D_L";"ZZ";"2.731"
"2003-12-19";"J10M0";"A1100";"P1D_L";"ZZ";"2.738"
"2003-12-22";"J10M0";"A1100";"P1D_L";"ZZ";"2.739"
"2003-12-23";"J10M0";"A1100";"P1D_L";"ZZ";"2.739"
"2003-12-24";"J10M0";"A1100";"P1D_L";"ZZ";
"2003-12-25";"J10M0";"A1100";"P1D_L";"ZZ";
"2003-12-26";"J10M0";"A1100";"P1D_L";"ZZ";
"2003-12-29";"J10M0";"A1100";"P1D_L";"ZZ";"2.726"
"2003-12-30";"J10M0";"A1100";"P1D_L";"ZZ";"2.78"
"2003-12-31";"J10M0";"A1100";"P1D_L";"ZZ";
"2004-01-01";"J10M0";"A1100";"P1D_L";"ZZ";
"2004-01-02";"J10M0";"A1100";"P1D_L";"ZZ";
"2004-01-05";"J10M0";"A1100";"P1D_L";"ZZ";"2.831"
"2004-01-06";"J10M0";"A1100";"P1D_L";"ZZ";"2.831"
"2004-01-07";"J10M0";"A1100";"P1D_L";"ZZ";"2.811"
"2004-01-08";"J10M0";"A1100";"P1D_L";"ZZ";"2.818"
"2004-01-09";"J10M0";"A1100";"P1D_L";"ZZ";"2.78"
"2004-01-12";"J10M0";"A1100";"P1D_L";"ZZ";"2.743"
"2004-01-13";"J10M0";"A1100";"P1D_L";"ZZ";"2.766"
"2004-01-14";"J10M0";"A1100";"P1D_L";"ZZ";"2.763"
"2004-01-15";"J10M0";"A1100";"P1D_L";"ZZ";"2.767"
"2004-01-16";"J10M0";"A1100";"P1D_L";"ZZ";"2.752"
"2004-01-19";"J10M0";"A1100";"P1D_L";"ZZ";"2.773"
"2004-01-20";"J10M0";"A1100";"P1D_L";"ZZ";"2.738"
"2004-01-21";"J10M0";"A1100";"P1D_L";"ZZ";"2.735"
"2004-01-22";"J10M0";"A1100";"P1D_L";"ZZ";"2.755"
"2004-01-23";"J10M0";"A1100";"P1D_L";"ZZ";"2.736"
"2004-01-26";"J10M0";"A1100";"P1D_L";"ZZ";"2.761"
"2004-01-27";"J10M0";"A1100";"P1D_L";"ZZ";"2.826"
"2004-01-28";"J10M0";"A1100";"P1D_L";"ZZ";"2.807"
"2004-01-29";"J10M0";"A1100";"P1D_L";"ZZ";"2.808"
"2004-01-30";"J10M0";"A1100";"P1D_L";"ZZ";"2.852"
"2004-02-02";"J10M0";"A1100";"P1D_L";"ZZ";"2.812"
"2004-02-03";"J10M0";"A1100";"P1D_L";"ZZ";"2.74"
"2004-02-04";"J10M0";"A1100";"P1D_L";"ZZ";"2.74"
"2004-02-05";"J10M0";"A1100";"P1D_L";"ZZ";"2.764"
"2004-02-06";"J10M0";"A1100";"P1D_L";"ZZ";"2.788"
"2004-02-09";"J10M0";"A1100";"P1D_L";"ZZ";"2.714"
"2004-02-10";"J10M0";"A1100";"P1D_L";"ZZ";"2.693"
"2004-02-11";"J10M0";"A1100";"P1D_L";"ZZ";"2.739"
"2004-02-12";"J10M0";"A1100";"P1D_L";"ZZ";"2.708"
"2004-02-13";"J10M0";"A1100";"P1D_L";"ZZ";"2.668"
"2004-02-16";"J10M0";"A1100";"P1D_L";"ZZ";"2.639"
"2004-02-17";"J10M0";"A1100";"P1D_L";"ZZ";"2.613"
"2004-02-18";"J10M0";"A1100";"P1D_L";"ZZ";"2.597"
"2004-02-19";"J10M0";"A1100";"P1D_L";"ZZ";"2.63"
"2004-02-20";"J10M0";"A1100";"P1D_L";"ZZ";"2.686"
"2004-02-23";"J10M0";"A1100";"P1D_L";"ZZ";"2.736"
"2004-02-24";"J10M0";"A1100";"P1D_L";"ZZ";"2.724"
"2004-02-25";"J10M0";"A1100";"P1D_L";"ZZ";"2.714"
"2004-02-26";"J10M0";"A1100";"P1D_L";"ZZ";"2.714"
"2004-02-27";"J10M0";"A1100";"P1D_L";"ZZ";"2.681"
"2004-03-01";"J10M0";"A1100";"P1D_L";"ZZ";"2.675"
"2004-03-02";"J10M0";"A1100";"P1D_L";"ZZ";"2.669"
"2004-03-03";"J10M0";"A1100";"P1D_L";"ZZ";"2.692"
"2004-03-04";"J10M0";"A1100";"P1D_L";"ZZ";"2.697"
"2004-03-05";"J10M0";"A1100";"P1D_L";"ZZ";"2.669"
"2004-03-08";"J10M0";"A1100";"P1D_L";"ZZ";"2.608"
"2004-03-09";"J10M0";"A1100";"P1D_L";"ZZ";"2.589"
"2004-03-10";"J10M0";"A1100";"P1D_L";"ZZ";"2.58"
"2004-03-11";"J10M0";"A1100";"P1D_L";"ZZ";"2.575"
"2004-03-12";"J10M0";"A1100";"P1D_L";"ZZ";"2.547"
"2004-03-15";"J10M0";"A1100";"P1D_L";"ZZ";"2.528"
"2004-03-16";"J10M0";"A1100";"P1D_L";"ZZ";"2.523"
"2004-03-17";"J10M0";"A1100";"P1D_L";"ZZ";"2.538"
"2004-03-18";"J10M0";"A1100";"P1D_L";"ZZ";"2.551"
"2004-03-19";"J10M0";"A1100";"P1D_L";"ZZ";"2.598"
"2004-03-22";"J10M0";"A1100";"P1D_L";"ZZ";"2.581"
"2004-03-23";"J10M0";"A1100";"P1D_L";"ZZ";"2.602"
"2004-03-24";"J10M0";"A1100";"P1D_L";"ZZ";"2.587"
"2004-03-25";"J10M0";"A1100";"P1D_L";"ZZ";"2.551"
"2004-03-26";"J10M0";"A1100";"P1D_L";"ZZ";"2.571"
"2004-03-29";"J10M0";"A1100";"P1D_L";"ZZ";"2.612"
"2004-03-30";"J10M0";"A1100";"P1D_L";"ZZ";"2.644"
"2004-03-31";"J10M0";"A1100";"P1D_L";"ZZ";"2.632"
"2004-04-01";"J10M0";"A1100";"P1D_L";"ZZ";"2.607"
"2004-04-02";"J10M0";"A1100";"P1D_L";"ZZ";"2.67"
"2004-04-05";"J10M0";"A1100";"P1D_L";"ZZ";"2.743"
"2004-04-06";"J10M0";"A1100";"P1D_L";"ZZ";"2.731"
"2004-04-07";"J10M0";"A1100";"P1D_L";"ZZ";"2.698"
"2004-04-08";"J10M0";"A1100";"P1D_L";"ZZ";"2.716"
"2004-04-09";"J10M0";"A1100";"P1D_L";"ZZ";
"2004-04-12";"J10M0";"A1100";"P1D_L";"ZZ";
"2004-04-13";"J10M0";"A1100";"P1D_L";"ZZ";"2.736"
"2004-04-14";"J10M0";"A1100";"P1D_L";"ZZ";"2.74"
"2004-04-15";"J10M0";"A1100";"P1D_L";"ZZ";"2.766"
"2004-04-16";"J10M0";"A1100";"P1D_L";"ZZ";"2.746"
"2004-04-19";"J10M0";"A1100";"P1D_L";"ZZ";"2.743"
"2004-04-20";"J10M0";"A1100";"P1D_L";"ZZ";"2.738"
"2004-04-21";"J10M0";"A1100";"P1D_L";"ZZ";"2.776"
"2004-04-22";"J10M0";"A1100";"P1D_L";"ZZ";"2.776"
"2004-04-23";"J10M0";"A1100";"P1D_L";"ZZ";"2.766"
"2004-04-26";"J10M0";"A1100";"P1D_L";"ZZ";"2.831"
"2004-04-27";"J10M0";"A1100";"P1D_L";"ZZ";"2.841"
"2004-04-28";"J10M0";"A1100";"P1D_L";"ZZ";"2.822"
"2004-04-29";"J10M0";"A1100";"P1D_L";"ZZ";"2.848"
"2004-04-30";"J10M0";"A1100";"P1D_L";"ZZ";"2.809"
"2004-05-03";"J10M0";"A1100";"P1D_L";"ZZ";"2.768"
"2004-05-04";"J10M0";"A1100";"P1D_L";"ZZ";"2.754"
"2004-05-05";"J10M0";"A1100";"P1D_L";"ZZ";"2.732"
"2004-05-06";"J10M0";"A1100";"P1D_L";"ZZ";"2.777"
"2004-05-07";"J10M0";"A1100";"P1D_L";"ZZ";"2.825"
"2004-05-10";"J10M0";"A1100";"P1D_L";"ZZ";"2.85"
"2004-05-11";"J10M0";"A1100";"P1D_L";"ZZ";"2.882"
"2004-05-12";"J10M0";"A1100";"P1D_L";"ZZ";"2.856"
"2004-05-13";"J10M0";"A1100";"P1D_L";"ZZ";"2.889"
"2004-05-14";"J10M0";"A1100";"P1D_L";"ZZ";"2.917"
"2004-05-17";"J10M0";"A1100";"P1D_L";"ZZ";"2.823"
"2004-05-18";"J10M0";"A1100";"P1D_L";"ZZ";"2.834"
"2004-05-19";"J10M0";"A1100";"P1D_L";"ZZ";"2.856"
"2004-05-20";"J10M0";"A1100";"P1D_L";"ZZ";
"2004-05-21";"J10M0";"A1100";"P1D_L";"ZZ";"2.848"
"2004-05-24";"J10M0";"A1100";"P1D_L";"ZZ";"2.886"
"2004-05-25";"J10M0";"A1100";"P1D_L";"ZZ";"2.873"
"2004-05-26";"J10M0";"A1100";"P1D_L";"ZZ";"2.892"
"2004-05-27";"J10M0";"A1100";"P1D_L";"ZZ";"2.885"
"2004-05-28";"J10M0";"A1100";"P1D_L";"ZZ";"2.888"
"2004-05-31";"J10M0";"A1100";"P1D_L";"ZZ";
"2004-06-01";"J10M0";"A1100";"P1D_L";"ZZ";"2.927"
"2004-06-02";"J10M0";"A1100";"P1D_L";"ZZ";"2.928"
"2004-06-03";"J10M0";"A1100";"P1D_L";"ZZ";"2.978"
"2004-06-04";"J10M0";"A1100";"P1D_L";"ZZ";"2.995"
"2004-06-07";"J10M0";"A1100";"P1D_L";"ZZ";"3.025"
"2004-06-08";"J10M0";"A1100";"P1D_L";"ZZ";"3.003"
"2004-06-09";"J10M0";"A1100";"P1D_L";"ZZ";"3.012"
"2004-06-10";"J10M0";"A1100";"P1D_L";"ZZ";"3.058"
"2004-06-11";"J10M0";"A1100";"P1D_L";"ZZ";"3.07"
"2004-06-14";"J10M0";"A1100";"P1D_L";"ZZ";"3.038"
"2004-06-15";"J10M0";"A1100";"P1D_L";"ZZ";"3.031"
"2004-06-16";"J10M0";"A1100";"P1D_L";"ZZ";"2.959"
"2004-06-17";"J10M0";"A1100";"P1D_L";"ZZ";"3.003"
"2004-06-18";"J10M0";"A1100";"P1D_L";"ZZ";"2.974"
"2004-06-21";"J10M0";"A1100";"P1D_L";"ZZ";"2.957"
"2004-06-22";"J10M0";"A1100";"P1D_L";"ZZ";"2.95"
"2004-06-23";"J10M0";"A1100";"P1D_L";"ZZ";"2.986"
"2004-06-24";"J10M0";"A1100";"P1D_L";"ZZ";"2.981"
"2004-06-25";"J10M0";"A1100";"P1D_L";"ZZ";"2.96"
"2004-06-28";"J10M0";"A1100";"P1D_L";"ZZ";"2.999"
"2004-06-29";"J10M0";"A1100";"P1D_L";"ZZ";"3.054"
"2004-06-30";"J10M0";"A1100";"P1D_L";"ZZ";"3.04"
"2004-07-01";"J10M0";"A1100";"P1D_L";"ZZ";"3.014"
"2004-07-02";"J10M0";"A1100";"P1D_L";"ZZ";"2.999"
"2004-07-05";"J10M0";"A1100";"P1D_L";"ZZ";"2.983"
"2004-07-06";"J10M0";"A1100";"P1D_L";"ZZ";"2.972"
"2004-07-07";"J10M0";"A1100";"P1D_L";"ZZ";"2.966"
"2004-07-08";"J10M0";"A1100";"P1D_L";"ZZ";"2.935"
"2004-07-09";"J10M0";"A1100";"P1D_L";"ZZ";"2.931"
"2004-07-12";"J10M0";"A1100";"P1D_L";"ZZ";"2.924"
"2004-07-13";"J10M0";"A1100";"P1D_L";"ZZ";"2.941"
"2004-07-14";"J10M0";"A1100";"P1D_L";"ZZ";"2.95"
"2004-07-15";"J10M0";"A1100";"P1D_L";"ZZ";"2.937"
"2004-07-16";"J10M0";"A1100";"P1D_L";"ZZ";"2.949"
"2004-07-19";"J10M0";"A1100";"P1D_L";"ZZ";"2.904"
"2004-07-20";"J10M0";"A1100";"P1D_L";"ZZ";"2.909"
"2004-07-21";"J10M0";"A1100";"P1D_L";"ZZ";"2.941"
"2004-07-22";"J10M0";"A1100";"P1D_L";"ZZ";"2.966"
"2004-07-23";"J10M0";"A1100";"P1D_L";"ZZ";"2.932"
"2004-07-26";"J10M0";"A1100";"P1D_L";"ZZ";"2.933"
"2004-07-27";"J10M0";"A1100";"P1D_L";"ZZ";"2.977"
"2004-07-28";"J10M0";"A1100";"P1D_L";"ZZ";"2.999"
"2004-07-29";"J10M0";"A1100";"P1D_L";"ZZ";"3.001"
"2004-07-30";"J10M0";"A1100";"P1D_L";"ZZ";"2.957"
"2004-08-02";"J10M0";"A1100";"P1D_L";"ZZ";"2.913"
"2004-08-03";"J10M0";"A1100";"P1D_L";"ZZ";"2.927"
"2004-08-04";"J10M0";"A1100";"P1D_L";"ZZ";"2.867"
"2004-08-05";"J10M0";"A1100";"P1D_L";"ZZ";"2.841"
"2004-08-06";"J10M0";"A1100";"P1D_L";"ZZ";"2.83"
"2004-08-09";"J10M0";"A1100";"P1D_L";"ZZ";"2.765"
"2004-08-10";"J10M0";"A1100";"P1D_L";"ZZ";"2.806"
"2004-08-11";"J10M0";"A1100";"P1D_L";"ZZ";"2.819"
"2004-08-12";"J10M0";"A1100";"P1D_L";"ZZ";"2.801"
"2004-08-13";"J10M0";"A1100";"P1D_L";"ZZ";"2.762"
"2004-08-16";"J10M0";"A1100";"P1D_L";"ZZ";"2.773"
"2004-08-17";"J10M0";"A1100";"P1D_L";"ZZ";"2.813"
"2004-08-18";"J10M0";"A1100";"P1D_L";"ZZ";"2.782"
"2004-08-19";"J10M0";"A1100";"P1D_L";"ZZ";"2.814"
"2004-08-20";"J10M0";"A1100";"P1D_L";"ZZ";"2.778"
"2004-08-23";"J10M0";"A1100";"P1D_L";"ZZ";"2.8"
"2004-08-24";"J10M0";"A1100";"P1D_L";"ZZ";"2.86"
"2004-08-25";"J10M0";"A1100";"P1D_L";"ZZ";"2.848"
"2004-08-26";"J10M0";"A1100";"P1D_L";"ZZ";"2.878"
"2004-08-27";"J10M0";"A1100";"P1D_L";"ZZ";"2.846"
"2004-08-30";"J10M0";"A1100";"P1D_L";"ZZ";"2.862"
"2004-08-31";"J10M0";"A1100";"P1D_L";"ZZ";"2.825"
"2004-09-01";"J10M0";"A1100";"P1D_L";"ZZ";"2.787"
"2004-09-02";"J10M0";"A1100";"P1D_L";"ZZ";"2.796"
"2004-09-03";"J10M0";"A1100";"P1D_L";"ZZ";"2.822"
"2004-09-06";"J10M0";"A1100";"P1D_L";"ZZ";"2.863"
"2004-09-07";"J10M0";"A1100";"P1D_L";"ZZ";"2.838"
"2004-09-08";"J10M0";"A1100";"P1D_L";"ZZ";"2.813"
"2004-09-09";"J10M0";"A1100";"P1D_L";"ZZ";"2.766"
"2004-09-10";"J10M0";"A1100";"P1D_L";"ZZ";"2.771"
"2004-09-13";"J10M0";"A1100";"P1D_L";"ZZ";"2.792"
"2004-09-14";"J10M0";"A1100";"P1D_L";"ZZ";"2.774"
"2004-09-15";"J10M0";"A1100";"P1D_L";"ZZ";"2.757"
"2004-09-16";"J10M0";"A1100";"P1D_L";"ZZ";"2.791"
"2004-09-17";"J10M0";"A1100";"P1D_L";"ZZ";"2.729"
"2004-09-20";"J10M0";"A1100";"P1D_L";"ZZ";"2.759"
"2004-09-21";"J10M0";"A1100";"P1D_L";"ZZ";"2.768"
"2004-09-22";"J10M0";"A1100";"P1D_L";"ZZ";"2.761"
"2004-09-23";"J10M0";"A1100";"P1D_L";"ZZ";"2.729"
"2004-09-24";"J10M0";"A1100";"P1D_L";"ZZ";"2.748"
"2004-09-27";"J10M0";"A1100";"P1D_L";"ZZ";"2.762"
"2004-09-28";"J10M0";"A1100";"P1D_L";"ZZ";"2.739"
"2004-09-29";"J10M0";"A1100";"P1D_L";"ZZ";"2.748"
"2004-09-30";"J10M0";"A1100";"P1D_L";"ZZ";"2.75"
"2004-10-01";"J10M0";"A1100";"P1D_L";"ZZ";"2.745"
"2004-10-04";"J10M0";"A1100";"P1D_L";"ZZ";"2.747"
"2004-10-05";"J10M0";"A1100";"P1D_L";"ZZ";"2.733"
"2004-10-06";"J10M0";"A1100";"P1D_L";"ZZ";"2.69"
"2004-10-07";"J10M0";"A1100";"P1D_L";"ZZ";"2.702"
"2004-10-08";"J10M0";"A1100";"P1D_L";"ZZ";"2.723"
"2004-10-11";"J10M0";"A1100";"P1D_L";"ZZ";"2.689"
"2004-10-12";"J10M0";"A1100";"P1D_L";"ZZ";"2.695"
"2004-10-13";"J10M0";"A1100";"P1D_L";"ZZ";"2.633"
"2004-10-14";"J10M0";"A1100";"P1D_L";"ZZ";"2.62"
"2004-10-15";"J10M0";"A1100";"P1D_L";"ZZ";"2.619"
"2004-10-18";"J10M0";"A1100";"P1D_L";"ZZ";"2.624"
"2004-10-19";"J10M0";"A1100";"P1D_L";"ZZ";"2.638"
"2004-10-20";"J10M0";"A1100";"P1D_L";"ZZ";"2.601"
"2004-10-21";"J10M0";"A1100";"P1D_L";"ZZ";"2.616"
"2004-10-22";"J10M0";"A1100";"P1D_L";"ZZ";"2.643"
"2004-10-25";"J10M0";"A1100";"P1D_L";"ZZ";"2.621"
"2004-10-26";"J10M0";"A1100";"P1D_L";"ZZ";"2.6"
"2004-10-27";"J10M0";"A1100";"P1D_L";"ZZ";"2.598"
"2004-10-28";"J10M0";"A1100";"P1D_L";"ZZ";"2.614"
"2004-10-29";"J10M0";"A1100";"P1D_L";"ZZ";"2.623"
"2004-11-01";"J10M0";"A1100";"P1D_L";"ZZ";"2.585"
"2004-11-02";"J10M0";"A1100";"P1D_L";"ZZ";"2.595"
"2004-11-03";"J10M0";"A1100";"P1D_L";"ZZ";"2.643"
"2004-11-04";"J10M0";"A1100";"P1D_L";"ZZ";"2.587"
"2004-11-05";"J10M0";"A1100";"P1D_L";"ZZ";"2.571"
"2004-11-08";"J10M0";"A1100";"P1D_L";"ZZ";"2.623"
"2004-11-09";"J10M0";"A1100";"P1D_L";"ZZ";"2.604"
"2004-11-10";"J10M0";"A1100";"P1D_L";"ZZ";"2.578"
"2004-11-11";"J10M0";"A1100";"P1D_L";"ZZ";"2.555"
"2004-11-12";"J10M0";"A1100";"P1D_L";"ZZ";"2.509"
"2004-11-15";"J10M0";"A1100";"P1D_L";"ZZ";"2.494"
"2004-11-16";"J10M0";"A1100";"P1D_L";"ZZ";"2.493"
"2004-11-17";"J10M0";"A1100";"P1D_L";"ZZ";"2.505"
"2004-11-18";"J10M0";"A1100";"P1D_L";"ZZ";"2.495"
"2004-11-19";"J10M0";"A1100";"P1D_L";"ZZ";"2.542"
"2004-11-22";"J10M0";"A1100";"P1D_L";"ZZ";"2.562"
"2004-11-23";"J10M0";"A1100";"P1D_L";"ZZ";"2.514"
"2004-11-24";"J10M0";"A1100";"P1D_L";"ZZ";"2.466"
"2004-11-25";"J10M0";"A1100";"P1D_L";"ZZ";"2.451"
"2004-11-26";"J10M0";"A1100";"P1D_L";"ZZ";"2.447"
"2004-11-29";"J10M0";"A1100";"P1D_L";"ZZ";"2.422"
"2004-11-30";"J10M0";"A1100";"P1D_L";"ZZ";"2.443"
"2004-12-01";"J10M0";"A1100";"P1D_L";"ZZ";"2.436"
"2004-12-02";"J10M0";"A1100";"P1D_L";"ZZ";"2.415"
"2004-12-03";"J10M0";"A1100";"P1D_L";"ZZ";"2.452"
"2004-12-06";"J10M0";"A1100";"P1D_L";"ZZ";"2.409"
"2004-12-07";"J10M0";"A1100";"P1D_L";"ZZ";"2.366"
"2004-12-08";"J10M0";"A1100";"P1D_L";"ZZ";"2.375"
"2004-12-09";"J10M0";"A1100";"P1D_L";"ZZ";"2.352"
"2004-12-10";"J10M0";"A1100";"P1D_L";"ZZ";"2.344"
"2004-12-13";"J10M0";"A1100";"P1D_L";"ZZ";"2.326"
"2004-12-14";"J10M0";"A1100";"P1D_L";"ZZ";"2.331"
"2004-12-15";"J10M0";"A1100";"P1D_L";"ZZ";"2.339"
"2004-12-16";"J10M0";"A1100";"P1D_L";"ZZ";"2.333"
"2004-12-17";"J10M0";"A1100";"P1D_L";"ZZ";"2.373"
"2004-12-20";"J10M0";"A1100";"P1D_L";"ZZ";"2.359"
"2004-12-21";"J10M0";"A1100";"P1D_L";"ZZ";"2.354"
"2004-12-22";"J10M0";"A1100";"P1D_L";"ZZ";"2.386"
"2004-12-23";"J10M0";"A1100";"P1D_L";"ZZ";"2.374"
"2004-12-24";"J10M0";"A1100";"P1D_L";"ZZ";
"2004-12-27";"J10M0";"A1100";"P1D_L";"ZZ";"2.368"
"2004-12-28";"J10M0";"A1100";"P1D_L";"ZZ";"2.32"
"2004-12-29";"J10M0";"A1100";"P1D_L";"ZZ";"2.358"
"2004-12-30";"J10M0";"A1100";"P1D_L";"ZZ";"2.382"
"2004-12-31";"J10M0";"A1100";"P1D_L";"ZZ";
"2005-01-03";"J10M0";"A1100";"P1D_L";"ZZ";"2.38"
"2005-01-04";"J10M0";"A1100";"P1D_L";"ZZ";"2.336"
"2005-01-05";"J10M0";"A1100";"P1D_L";"ZZ";"2.34"
"2005-01-06";"J10M0";"A1100";"P1D_L";"ZZ";"2.327"
"2005-01-07";"J10M0";"A1100";"P1D_L";"ZZ";"2.291"
"2005-01-10";"J10M0";"A1100";"P1D_L";"ZZ";"2.299"
"2005-01-11";"J10M0";"A1100";"P1D_L";"ZZ";"2.279"
"2005-01-12";"J10M0";"A1100";"P1D_L";"ZZ";"2.317"
"2005-01-13";"J10M0";"A1100";"P1D_L";"ZZ";"2.32"
"2005-01-14";"J10M0";"A1100";"P1D_L";"ZZ";"2.267"
"2005-01-17";"J10M0";"A1100";"P1D_L";"ZZ";"2.287"
"2005-01-18";"J10M0";"A1100";"P1D_L";"ZZ";"2.289"
"2005-01-19";"J10M0";"A1100";"P1D_L";"ZZ";"2.229"
"2005-01-20";"J10M0";"A1100";"P1D_L";"ZZ";"2.274"
"2005-01-21";"J10M0";"A1100";"P1D_L";"ZZ";"2.266"
"2005-01-24";"J10M0";"A1100";"P1D_L";"ZZ";"2.266"
"2005-01-25";"J10M0";"A1100";"P1D_L";"ZZ";"2.258"
"2005-01-26";"J10M0";"A1100";"P1D_L";"ZZ";"2.267"
"2005-01-27";"J10M0";"A1100";"P1D_L";"ZZ";"2.285"
"2005-01-28";"J10M0";"A1100";"P1D_L";"ZZ";"2.258"
"2005-01-31";"J10M0";"A1100";"P1D_L";"ZZ";"2.249"
"2005-02-01";"J10M0";"A1100";"P1D_L";"ZZ";"2.22"
"2005-02-02";"J10M0";"A1100";"P1D_L";"ZZ";"2.193"
"2005-02-03";"J10M0";"A1100";"P1D_L";"ZZ";"2.183"
"2005-02-04";"J10M0";"A1100";"P1D_L";"ZZ";"2.166"
"2005-02-07";"J10M0";"A1100";"P1D_L";"ZZ";"2.136"
"2005-02-08";"J10M0";"A1100";"P1D_L";"ZZ";"2.113"
"2005-02-09";"J10M0";"A1100";"P1D_L";"ZZ";"2.051"
"2005-02-10";"J10M0";"A1100";"P1D_L";"ZZ";"2.034"
"2005-02-11";"J10M0";"A1100";"P1D_L";"ZZ";"2.072"
"2005-02-14";"J10M0";"A1100";"P1D_L";"ZZ";"2.076"
"2005-02-15";"J10M0";"A1100";"P1D_L";"ZZ";"2.115"
"2005-02-16";"J10M0";"A1100";"P1D_L";"ZZ";"2.127"
"2005-02-17";"J10M0";"A1100";"P1D_L";"ZZ";"2.168"
"2005-02-18";"J10M0";"A1100";"P1D_L";"ZZ";"2.235"
"2005-02-21";"J10M0";"A1100";"P1D_L";"ZZ";"2.304"
"2005-02-22";"J10M0";"A1100";"P1D_L";"ZZ";"2.305"
"2005-02-23";"J10M0";"A1100";"P1D_L";"ZZ";"2.325"
"2005-02-24";"J10M0";"A1100";"P1D_L";"ZZ";"2.369"
"2005-02-25";"J10M0";"A1100";"P1D_L";"ZZ";"2.374"
"2005-02-28";"J10M0";"A1100";"P1D_L";"ZZ";"2.381"
"2005-03-01";"J10M0";"A1100";"P1D_L";"ZZ";"2.39"
"2005-03-02";"J10M0";"A1100";"P1D_L";"ZZ";"2.388"
"2005-03-03";"J10M0";"A1100";"P1D_L";"ZZ";"2.386"
"2005-03-04";"J10M0";"A1100";"P1D_L";"ZZ";"2.366"
"2005-03-07";"J10M0";"A1100";"P1D_L";"ZZ";"2.316"
"2005-03-08";"J10M0";"A1100";"P1D_L";"ZZ";"2.269"
"2005-03-09";"J10M0";"A1100";"P1D_L";"ZZ";"2.273"
"2005-03-10";"J10M0";"A1100";"P1D_L";"ZZ";"2.381"
"2005-03-11";"J10M0";"A1100";"P1D_L";"ZZ";"2.387"
"2005-03-14";"J10M0";"A1100";"P1D_L";"ZZ";"2.439"
"2005-03-15";"J10M0";"A1100";"P1D_L";"ZZ";"2.387"
"2005-03-16";"J10M0";"A1100";"P1D_L";"ZZ";"2.405"
"2005-03-17";"J10M0";"A1100";"P1D_L";"ZZ";"2.371"
"2005-03-18";"J10M0";"A1100";"P1D_L";"ZZ";"2.4"
"2005-03-21";"J10M0";"A1100";"P1D_L";"ZZ";"2.429"
"2005-03-22";"J10M0";"A1100";"P1D_L";"ZZ";"2.406"
"2005-03-23";"J10M0";"A1100";"P1D_L";"ZZ";"2.456"
"2005-03-24";"J10M0";"A1100";"P1D_L";"ZZ";"2.427"
"2005-03-25";"J10M0";"A1100";"P1D_L";"ZZ";
"2005-03-28";"J10M0";"A1100";"P1D_L";"ZZ";
"2005-03-29";"J10M0";"A1100";"P1D_L";"ZZ";"2.457"
"2005-03-30";"J10M0";"A1100";"P1D_L";"ZZ";"2.396"
"2005-03-31";"J10M0";"A1100";"P1D_L";"ZZ";"2.355"
"2005-04-01";"J10M0";"A1100";"P1D_L";"ZZ";"2.307"
"2005-04-04";"J10M0";"A1100";"P1D_L";"ZZ";"2.31"
"2005-04-05";"J10M0";"A1100";"P1D_L";"ZZ";"2.3"
"2005-04-06";"J10M0";"A1100";"P1D_L";"ZZ";"2.266"
"2005-04-07";"J10M0";"A1100";"P1D_L";"ZZ";"2.267"
"2005-04-08";"J10M0";"A1100";"P1D_L";"ZZ";"2.267"
"2005-04-11";"J10M0";"A1100";"P1D_L";"ZZ";"2.254"
"2005-04-12";"J10M0";"A1100";"P1D_L";"ZZ";"2.246"
"2005-04-13";"J10M0";"A1100";"P1D_L";"ZZ";"2.216"
"2005-04-14";"J10M0";"A1100";"P1D_L";"ZZ";"2.208"
"2005-04-15";"J10M0";"A1100";"P1D_L";"ZZ";"2.16"
"2005-04-18";"J10M0";"A1100";"P1D_L";"ZZ";"2.096"
"2005-04-19";"J10M0";"A1100";"P1D_L";"ZZ";"2.145"
"2005-04-20";"J10M0";"A1100";"P1D_L";"ZZ";"2.108"
"2005-04-21";"J10M0";"A1100";"P1D_L";"ZZ";"2.108"
"2005-04-22";"J10M0";"A1100";"P1D_L";"ZZ";"2.08"
"2005-04-25";"J10M0";"A1100";"P1D_L";"ZZ";"2.083"
"2005-04-26";"J10M0";"A1100";"P1D_L";"ZZ";"2.097"
"2005-04-27";"J10M0";"A1100";"P1D_L";"ZZ";"2.103"
"2005-04-28";"J10M0";"A1100";"P1D_L";"ZZ";"2.065"
"2005-04-29";"J10M0";"A1100";"P1D_L";"ZZ";"2.074"
"2005-05-02";"J10M0";"A1100";"P1D_L";"ZZ";"2.074"
"2005-05-03";"J10M0";"A1100";"P1D_L";"ZZ";"2.069"
"2005-05-04";"J10M0";"A1100";"P1D_L";"ZZ";"2.064"
"2005-05-05";"J10M0";"A1100";"P1D_L";"ZZ";
"2005-05-06";"J10M0";"A1100";"P1D_L";"ZZ";"2.083"
"2005-05-09";"J10M0";"A1100";"P1D_L";"ZZ";"2.119"
"2005-05-10";"J10M0";"A1100";"P1D_L";"ZZ";"2.092"
"2005-05-11";"J10M0";"A1100";"P1D_L";"ZZ";"2.064"
"2005-05-12";"J10M0";"A1100";"P1D_L";"ZZ";"2.062"
"2005-05-13";"J10M0";"A1100";"P1D_L";"ZZ";"2.039"
"2005-05-16";"J10M0";"A1100";"P1D_L";"ZZ";
"2005-05-17";"J10M0";"A1100";"P1D_L";"ZZ";"2.074"
"2005-05-18";"J10M0";"A1100";"P1D_L";"ZZ";"2.064"
"2005-05-19";"J10M0";"A1100";"P1D_L";"ZZ";"2.034"
"2005-05-20";"J10M0";"A1100";"P1D_L";"ZZ";"2.079"
"2005-05-23";"J10M0";"A1100";"P1D_L";"ZZ";"2.089"
"2005-05-24";"J10M0";"A1100";"P1D_L";"ZZ";"2.055"
"2005-05-25";"J10M0";"A1100";"P1D_L";"ZZ";"2.007"
"2005-05-26";"J10M0";"A1100";"P1D_L";"ZZ";"2.018"
"2005-05-27";"J10M0";"A1100";"P1D_L";"ZZ";"2.018"
"2005-05-30";"J10M0";"A1100";"P1D_L";"ZZ";"2.054"
"2005-05-31";"J10M0";"A1100";"P1D_L";"ZZ";"2.014"
"2005-06-01";"J10M0";"A1100";"P1D_L";"ZZ";"1.978"
"2005-06-02";"J10M0";"A1100";"P1D_L";"ZZ";"1.982"
"2005-06-03";"J10M0";"A1100";"P1D_L";"ZZ";"1.983"
"2005-06-06";"J10M0";"A1100";"P1D_L";"ZZ";"1.982"
"2005-06-07";"J10M0";"A1100";"P1D_L";"ZZ";"1.955"
"2005-06-08";"J10M0";"A1100";"P1D_L";"ZZ";"1.913"
"2005-06-09";"J10M0";"A1100";"P1D_L";"ZZ";"1.908"
"2005-06-10";"J10M0";"A1100";"P1D_L";"ZZ";"1.945"
"2005-06-13";"J10M0";"A1100";"P1D_L";"ZZ";"1.959"
"2005-06-14";"J10M0";"A1100";"P1D_L";"ZZ";"1.987"
"2005-06-15";"J10M0";"A1100";"P1D_L";"ZZ";"2.022"
"2005-06-16";"J10M0";"A1100";"P1D_L";"ZZ";"2.111"
"2005-06-17";"J10M0";"A1100";"P1D_L";"ZZ";"2.058"
"2005-06-20";"J10M0";"A1100";"P1D_L";"ZZ";"2.071"
"2005-06-21";"J10M0";"A1100";"P1D_L";"ZZ";"2.067"
"2005-06-22";"J10M0";"A1100";"P1D_L";"ZZ";"2.034"
"2005-06-23";"J10M0";"A1100";"P1D_L";"ZZ";"1.989"
"2005-06-24";"J10M0";"A1100";"P1D_L";"ZZ";"2"
"2005-06-27";"J10M0";"A1100";"P1D_L";"ZZ";"2.04"
"2005-06-28";"J10M0";"A1100";"P1D_L";"ZZ";"2.031"
"2005-06-29";"J10M0";"A1100";"P1D_L";"ZZ";"2.066"
"2005-06-30";"J10M0";"A1100";"P1D_L";"ZZ";"1.999"
"2005-07-01";"J10M0";"A1100";"P1D_L";"ZZ";"1.968"
"2005-07-04";"J10M0";"A1100";"P1D_L";"ZZ";"1.982"
"2005-07-05";"J10M0";"A1100";"P1D_L";"ZZ";"1.971"
"2005-07-06";"J10M0";"A1100";"P1D_L";"ZZ";"1.968"
"2005-07-07";"J10M0";"A1100";"P1D_L";"ZZ";"1.96"
"2005-07-08";"J10M0";"A1100";"P1D_L";"ZZ";"1.965"
"2005-07-11";"J10M0";"A1100";"P1D_L";"ZZ";"2.03"
"2005-07-12";"J10M0";"A1100";"P1D_L";"ZZ";"2.075"
"2005-07-13";"J10M0";"A1100";"P1D_L";"ZZ";"2.035"
"2005-07-14";"J10M0";"A1100";"P1D_L";"ZZ";"2.019"
"2005-07-15";"J10M0";"A1100";"P1D_L";"ZZ";"2.053"
"2005-07-18";"J10M0";"A1100";"P1D_L";"ZZ";"2.044"
"2005-07-19";"J10M0";"A1100";"P1D_L";"ZZ";"2.063"
"2005-07-20";"J10M0";"A1100";"P1D_L";"ZZ";"2.046"
"2005-07-21";"J10M0";"A1100";"P1D_L";"ZZ";"2.007"
"2005-07-22";"J10M0";"A1100";"P1D_L";"ZZ";"1.971"
"2005-07-25";"J10M0";"A1100";"P1D_L";"ZZ";"1.92"
"2005-07-26";"J10M0";"A1100";"P1D_L";"ZZ";"1.973"
"2005-07-27";"J10M0";"A1100";"P1D_L";"ZZ";"1.988"
"2005-07-28";"J10M0";"A1100";"P1D_L";"ZZ";"1.987"
"2005-07-29";"J10M0";"A1100";"P1D_L";"ZZ";"1.955"
"2005-08-01";"J10M0";"A1100";"P1D_L";"ZZ";
"2005-08-02";"J10M0";"A1100";"P1D_L";"ZZ";"2.04"
"2005-08-03";"J10M0";"A1100";"P1D_L";"ZZ";"2.093"
"2005-08-04";"J10M0";"A1100";"P1D_L";"ZZ";"2.053"
"2005-08-05";"J10M0";"A1100";"P1D_L";"ZZ";"2.044"
"2005-08-08";"J10M0";"A1100";"P1D_L";"ZZ";"2.056"
"2005-08-09";"J10M0";"A1100";"P1D_L";"ZZ";"2.076"
"2005-08-10";"J10M0";"A1100";"P1D_L";"ZZ";"2.059"
"2005-08-11";"J10M0";"A1100";"P1D_L";"ZZ";"2.095"
"2005-08-12";"J10M0";"A1100";"P1D_L";"ZZ";"2.057"
"2005-08-15";"J10M0";"A1100";"P1D_L";"ZZ";"2.022"
"2005-08-16";"J10M0";"A1100";"P1D_L";"ZZ";"2.027"
"2005-08-17";"J10M0";"A1100";"P1D_L";"ZZ";"1.992"
"2005-08-18";"J10M0";"A1100";"P1D_L";"ZZ";"1.95"
"2005-08-19";"J10M0";"A1100";"P1D_L";"ZZ";"1.933"
"2005-08-22";"J10M0";"A1100";"P1D_L";"ZZ";"1.955"
"2005-08-23";"J10M0";"A1100";"P1D_L";"ZZ";"1.948"
"2005-08-24";"J10M0";"A1100";"P1D_L";"ZZ";"1.95"
"2005-08-25";"J10M0";"A1100";"P1D_L";"ZZ";"1.955"
"2005-08-26";"J10M0";"A1100";"P1D_L";"ZZ";"1.943"
"2005-08-29";"J10M0";"A1100";"P1D_L";"ZZ";"1.93"
"2005-08-30";"J10M0";"A1100";"P1D_L";"ZZ";"1.92"
"2005-08-31";"J10M0";"A1100";"P1D_L";"ZZ";"1.928"
"2005-09-01";"J10M0";"A1100";"P1D_L";"ZZ";"1.892"
"2005-09-02";"J10M0";"A1100";"P1D_L";"ZZ";"1.852"
"2005-09-05";"J10M0";"A1100";"P1D_L";"ZZ";"1.85"
"2005-09-06";"J10M0";"A1100";"P1D_L";"ZZ";"1.857"
"2005-09-07";"J10M0";"A1100";"P1D_L";"ZZ";"1.835"
"2005-09-08";"J10M0";"A1100";"P1D_L";"ZZ";"1.832"
"2005-09-09";"J10M0";"A1100";"P1D_L";"ZZ";"1.851"
"2005-09-12";"J10M0";"A1100";"P1D_L";"ZZ";"1.869"
"2005-09-13";"J10M0";"A1100";"P1D_L";"ZZ";"1.881"
"2005-09-14";"J10M0";"A1100";"P1D_L";"ZZ";"1.853"
"2005-09-15";"J10M0";"A1100";"P1D_L";"ZZ";"1.868"
"2005-09-16";"J10M0";"A1100";"P1D_L";"ZZ";"1.859"
"2005-09-19";"J10M0";"A1100";"P1D_L";"ZZ";"1.873"
"2005-09-20";"J10M0";"A1100";"P1D_L";"ZZ";"1.85"
"2005-09-21";"J10M0";"A1100";"P1D_L";"ZZ";"1.839"
"2005-09-22";"J10M0";"A1100";"P1D_L";"ZZ";"1.8"
"2005-09-23";"J10M0";"A1100";"P1D_L";"ZZ";"1.818"
"2005-09-26";"J10M0";"A1100";"P1D_L";"ZZ";"1.907"
"2005-09-27";"J10M0";"A1100";"P1D_L";"ZZ";"1.947"
"2005-09-28";"J10M0";"A1100";"P1D_L";"ZZ";"1.972"
"2005-09-29";"J10M0";"A1100";"P1D_L";"ZZ";"1.931"
"2005-09-30";"J10M0";"A1100";"P1D_L";"ZZ";"1.95"
"2005-10-03";"J10M0";"A1100";"P1D_L";"ZZ";"1.971"
"2005-10-04";"J10M0";"A1100";"P1D_L";"ZZ";"1.964"
"2005-10-05";"J10M0";"A1100";"P1D_L";"ZZ";"1.927"
"2005-10-06";"J10M0";"A1100";"P1D_L";"ZZ";"1.929"
"2005-10-07";"J10M0";"A1100";"P1D_L";"ZZ";"1.964"
"2005-10-10";"J10M0";"A1100";"P1D_L";"ZZ";"1.962"
"2005-10-11";"J10M0";"A1100";"P1D_L";"ZZ";"1.952"
"2005-10-12";"J10M0";"A1100";"P1D_L";"ZZ";"1.94"
"2005-10-13";"J10M0";"A1100";"P1D_L";"ZZ";"1.94"
"2005-10-14";"J10M0";"A1100";"P1D_L";"ZZ";"1.971"
"2005-10-17";"J10M0";"A1100";"P1D_L";"ZZ";"1.961"
"2005-10-18";"J10M0";"A1100";"P1D_L";"ZZ";"1.994"
"2005-10-19";"J10M0";"A1100";"P1D_L";"ZZ";"1.956"
"2005-10-20";"J10M0";"A1100";"P1D_L";"ZZ";"1.979"
"2005-10-21";"J10M0";"A1100";"P1D_L";"ZZ";"1.939"
"2005-10-24";"J10M0";"A1100";"P1D_L";"ZZ";"1.94"
"2005-10-25";"J10M0";"A1100";"P1D_L";"ZZ";"1.968"
"2005-10-26";"J10M0";"A1100";"P1D_L";"ZZ";"2.05"
"2005-10-27";"J10M0";"A1100";"P1D_L";"ZZ";"2.054"
"2005-10-28";"J10M0";"A1100";"P1D_L";"ZZ";"2.081"
"2005-10-31";"J10M0";"A1100";"P1D_L";"ZZ";"2.097"
"2005-11-01";"J10M0";"A1100";"P1D_L";"ZZ";"2.111"
"2005-11-02";"J10M0";"A1100";"P1D_L";"ZZ";"2.143"
"2005-11-03";"J10M0";"A1100";"P1D_L";"ZZ";"2.181"
"2005-11-04";"J10M0";"A1100";"P1D_L";"ZZ";"2.238"
"2005-11-07";"J10M0";"A1100";"P1D_L";"ZZ";"2.23"
"2005-11-08";"J10M0";"A1100";"P1D_L";"ZZ";"2.229"
"2005-11-09";"J10M0";"A1100";"P1D_L";"ZZ";"2.226"
"2005-11-10";"J10M0";"A1100";"P1D_L";"ZZ";"2.277"
"2005-11-11";"J10M0";"A1100";"P1D_L";"ZZ";"2.272"
"2005-11-14";"J10M0";"A1100";"P1D_L";"ZZ";"2.237"
"2005-11-15";"J10M0";"A1100";"P1D_L";"ZZ";"2.263"
"2005-11-16";"J10M0";"A1100";"P1D_L";"ZZ";"2.232"
"2005-11-17";"J10M0";"A1100";"P1D_L";"ZZ";"2.198"
"2005-11-18";"J10M0";"A1100";"P1D_L";"ZZ";"2.181"
"2005-11-21";"J10M0";"A1100";"P1D_L";"ZZ";"2.263"
"2005-11-22";"J10M0";"A1100";"P1D_L";"ZZ";"2.251"
"2005-11-23";"J10M0";"A1100";"P1D_L";"ZZ";"2.229"
"2005-11-24";"J10M0";"A1100";"P1D_L";"ZZ";"2.236"
"2005-11-25";"J10M0";"A1100";"P1D_L";"ZZ";"2.193"
"2005-11-28";"J10M0";"A1100";"P1D_L";"ZZ";"2.234"
"2005-11-29";"J10M0";"A1100";"P1D_L";"ZZ";"2.193"
"2005-11-30";"J10M0";"A1100";"P1D_L";"ZZ";"2.184"
"2005-12-01";"J10M0";"A1100";"P1D_L";"ZZ";"2.159"
"2005-12-02";"J10M0";"A1100";"P1D_L";"ZZ";"2.156"
"2005-12-05";"J10M0";"A1100";"P1D_L";"ZZ";"2.188"
"2005-12-06";"J10M0";"A1100";"P1D_L";"ZZ";"2.166"
"2005-12-07";"J10M0";"A1100";"P1D_L";"ZZ";"2.151"
"2005-12-08";"J10M0";"A1100";"P1D_L";"ZZ";"2.156"
"2005-12-09";"J10M0";"A1100";"P1D_L";"ZZ";"2.133"
"2005-12-12";"J10M0";"A1100";"P1D_L";"ZZ";"2.124"
"2005-12-13";"J10M0";"A1100";"P1D_L";"ZZ";"2.111"
"2005-12-14";"J10M0";"A1100";"P1D_L";"ZZ";"2.15"
"2005-12-15";"J10M0";"A1100";"P1D_L";"ZZ";"2.133"
"2005-12-16";"J10M0";"A1100";"P1D_L";"ZZ";"2.185"
"2005-12-19";"J10M0";"A1100";"P1D_L";"ZZ";"2.107"
"2005-12-20";"J10M0";"A1100";"P1D_L";"ZZ";"2.122"
"2005-12-21";"J10M0";"A1100";"P1D_L";"ZZ";"2.112"
"2005-12-22";"J10M0";"A1100";"P1D_L";"ZZ";"2.086"
"2005-12-23";"J10M0";"A1100";"P1D_L";"ZZ";"2.087"
"2005-12-26";"J10M0";"A1100";"P1D_L";"ZZ";
"2005-12-27";"J10M0";"A1100";"P1D_L";"ZZ";"2.073"
"2005-12-28";"J10M0";"A1100";"P1D_L";"ZZ";"2.025"
"2005-12-29";"J10M0";"A1100";"P1D_L";"ZZ";"1.972"
"2005-12-30";"J10M0";"A1100";"P1D_L";"ZZ";"1.96"
"2006-01-02";"J10M0";"A1100";"P1D_L";"ZZ";
"2006-01-03";"J10M0";"A1100";"P1D_L";"ZZ";"1.969"
"2006-01-04";"J10M0";"A1100";"P1D_L";"ZZ";"2.01"
"2006-01-05";"J10M0";"A1100";"P1D_L";"ZZ";"2.034"
"2006-01-06";"J10M0";"A1100";"P1D_L";"ZZ";"2.054"
"2006-01-09";"J10M0";"A1100";"P1D_L";"ZZ";"2.043"
"2006-01-10";"J10M0";"A1100";"P1D_L";"ZZ";"2.027"
"2006-01-11";"J10M0";"A1100";"P1D_L";"ZZ";"2.036"
"2006-01-12";"J10M0";"A1100";"P1D_L";"ZZ";"2.028"
"2006-01-13";"J10M0";"A1100";"P1D_L";"ZZ";"2.022"
"2006-01-16";"J10M0";"A1100";"P1D_L";"ZZ";"2.033"
"2006-01-17";"J10M0";"A1100";"P1D_L";"ZZ";"2.018"
"2006-01-18";"J10M0";"A1100";"P1D_L";"ZZ";"1.963"
"2006-01-19";"J10M0";"A1100";"P1D_L";"ZZ";"1.986"
"2006-01-20";"J10M0";"A1100";"P1D_L";"ZZ";"2.011"
"2006-01-23";"J10M0";"A1100";"P1D_L";"ZZ";"2.029"
"2006-01-24";"J10M0";"A1100";"P1D_L";"ZZ";"2.063"
"2006-01-25";"J10M0";"A1100";"P1D_L";"ZZ";"2.099"
"2006-01-26";"J10M0";"A1100";"P1D_L";"ZZ";"2.121"
"2006-01-27";"J10M0";"A1100";"P1D_L";"ZZ";"2.139"
"2006-01-30";"J10M0";"A1100";"P1D_L";"ZZ";"2.17"
"2006-01-31";"J10M0";"A1100";"P1D_L";"ZZ";"2.153"
"2006-02-01";"J10M0";"A1100";"P1D_L";"ZZ";"2.173"
"2006-02-02";"J10M0";"A1100";"P1D_L";"ZZ";"2.211"
"2006-02-03";"J10M0";"A1100";"P1D_L";"ZZ";"2.183"
"2006-02-06";"J10M0";"A1100";"P1D_L";"ZZ";"2.19"
"2006-02-07";"J10M0";"A1100";"P1D_L";"ZZ";"2.133"
"2006-02-08";"J10M0";"A1100";"P1D_L";"ZZ";"2.178"
"2006-02-09";"J10M0";"A1100";"P1D_L";"ZZ";"2.195"
"2006-02-10";"J10M0";"A1100";"P1D_L";"ZZ";"2.17"
"2006-02-13";"J10M0";"A1100";"P1D_L";"ZZ";"2.175"
"2006-02-14";"J10M0";"A1100";"P1D_L";"ZZ";"2.177"
"2006-02-15";"J10M0";"A1100";"P1D_L";"ZZ";"2.191"
"2006-02-16";"J10M0";"A1100";"P1D_L";"ZZ";"2.205"
"2006-02-17";"J10M0";"A1100";"P1D_L";"ZZ";"2.189"
"2006-02-20";"J10M0";"A1100";"P1D_L";"ZZ";"2.174"
"2006-02-21";"J10M0";"A1100";"P1D_L";"ZZ";"2.158"
"2006-02-22";"J10M0";"A1100";"P1D_L";"ZZ";"2.199"
"2006-02-23";"J10M0";"A1100";"P1D_L";"ZZ";"2.186"
"2006-02-24";"J10M0";"A1100";"P1D_L";"ZZ";"2.219"
"2006-02-27";"J10M0";"A1100";"P1D_L";"ZZ";"2.262"
"2006-02-28";"J10M0";"A1100";"P1D_L";"ZZ";"2.252"
"2006-03-01";"J10M0";"A1100";"P1D_L";"ZZ";"2.239"
"2006-03-02";"J10M0";"A1100";"P1D_L";"ZZ";"2.256"
"2006-03-03";"J10M0";"A1100";"P1D_L";"ZZ";"2.288"
"2006-03-06";"J10M0";"A1100";"P1D_L";"ZZ";"2.321"
"2006-03-07";"J10M0";"A1100";"P1D_L";"ZZ";"2.319"
"2006-03-08";"J10M0";"A1100";"P1D_L";"ZZ";"2.321"
"2006-03-09";"J10M0";"A1100";"P1D_L";"ZZ";"2.36"
"2006-03-10";"J10M0";"A1100";"P1D_L";"ZZ";"2.418"
"2006-03-13";"J10M0";"A1100";"P1D_L";"ZZ";"2.422"
"2006-03-14";"J10M0";"A1100";"P1D_L";"ZZ";"2.435"
"2006-03-15";"J10M0";"A1100";"P1D_L";"ZZ";"2.408"
"2006-03-16";"J10M0";"A1100";"P1D_L";"ZZ";"2.401"
"2006-03-17";"J10M0";"A1100";"P1D_L";"ZZ";"2.367"
"2006-03-20";"J10M0";"A1100";"P1D_L";"ZZ";"2.414"
"2006-03-21";"J10M0";"A1100";"P1D_L";"ZZ";"2.399"
"2006-03-22";"J10M0";"A1100";"P1D_L";"ZZ";"2.4"
"2006-03-23";"J10M0";"A1100";"P1D_L";"ZZ";"2.377"
"2006-03-24";"J10M0";"A1100";"P1D_L";"ZZ";"2.435"
"2006-03-27";"J10M0";"A1100";"P1D_L";"ZZ";"2.425"
"2006-03-28";"J10M0";"A1100";"P1D_L";"ZZ";"2.475"
"2006-03-29";"J10M0";"A1100";"P1D_L";"ZZ";"2.513"
"2006-03-30";"J10M0";"A1100";"P1D_L";"ZZ";"2.518"
"2006-03-31";"J10M0";"A1100";"P1D_L";"ZZ";"2.517"
"2006-04-03";"J10M0";"A1100";"P1D_L";"ZZ";"2.539"
"2006-04-04";"J10M0";"A1100";"P1D_L";"ZZ";"2.563"
"2006-04-05";"J10M0";"A1100";"P1D_L";"ZZ";"2.581"
"2006-04-06";"J10M0";"A1100";"P1D_L";"ZZ";"2.597"
"2006-04-07";"J10M0";"A1100";"P1D_L";"ZZ";"2.587"
"2006-04-10";"J10M0";"A1100";"P1D_L";"ZZ";"2.603"
"2006-04-11";"J10M0";"A1100";"P1D_L";"ZZ";"2.586"
"2006-04-12";"J10M0";"A1100";"P1D_L";"ZZ";"2.558"
"2006-04-13";"J10M0";"A1100";"P1D_L";"ZZ";"2.587"
"2006-04-14";"J10M0";"A1100";"P1D_L";"ZZ";
"2006-04-17";"J10M0";"A1100";"P1D_L";"ZZ";
"2006-04-18";"J10M0";"A1100";"P1D_L";"ZZ";"2.636"
"2006-04-19";"J10M0";"A1100";"P1D_L";"ZZ";"2.626"
"2006-04-20";"J10M0";"A1100";"P1D_L";"ZZ";"2.664"
"2006-04-21";"J10M0";"A1100";"P1D_L";"ZZ";"2.659"
"2006-04-24";"J10M0";"A1100";"P1D_L";"ZZ";"2.676"
"2006-04-25";"J10M0";"A1100";"P1D_L";"ZZ";"2.712"
"2006-04-26";"J10M0";"A1100";"P1D_L";"ZZ";"2.716"
"2006-04-27";"J10M0";"A1100";"P1D_L";"ZZ";"2.747"
"2006-04-28";"J10M0";"A1100";"P1D_L";"ZZ";"2.752"
"2006-05-01";"J10M0";"A1100";"P1D_L";"ZZ";
"2006-05-02";"J10M0";"A1100";"P1D_L";"ZZ";"2.758"
"2006-05-03";"J10M0";"A1100";"P1D_L";"ZZ";"2.753"
"2006-05-04";"J10M0";"A1100";"P1D_L";"ZZ";"2.77"
"2006-05-05";"J10M0";"A1100";"P1D_L";"ZZ";"2.785"
"2006-05-08";"J10M0";"A1100";"P1D_L";"ZZ";"2.749"
"2006-05-09";"J10M0";"A1100";"P1D_L";"ZZ";"2.776"
"2006-05-10";"J10M0";"A1100";"P1D_L";"ZZ";"2.813"
"2006-05-11";"J10M0";"A1100";"P1D_L";"ZZ";"2.821"
"2006-05-12";"J10M0";"A1100";"P1D_L";"ZZ";"2.908"
"2006-05-15";"J10M0";"A1100";"P1D_L";"ZZ";"2.871"
"2006-05-16";"J10M0";"A1100";"P1D_L";"ZZ";"2.85"
"2006-05-17";"J10M0";"A1100";"P1D_L";"ZZ";"2.829"
"2006-05-18";"J10M0";"A1100";"P1D_L";"ZZ";"2.854"
"2006-05-19";"J10M0";"A1100";"P1D_L";"ZZ";"2.829"
"2006-05-22";"J10M0";"A1100";"P1D_L";"ZZ";"2.782"
"2006-05-23";"J10M0";"A1100";"P1D_L";"ZZ";"2.755"
"2006-05-24";"J10M0";"A1100";"P1D_L";"ZZ";"2.744"
"2006-05-25";"J10M0";"A1100";"P1D_L";"ZZ";
"2006-05-26";"J10M0";"A1100";"P1D_L";"ZZ";"2.741"
"2006-05-29";"J10M0";"A1100";"P1D_L";"ZZ";"2.716"
"2006-05-30";"J10M0";"A1100";"P1D_L";"ZZ";"2.721"
"2006-05-31";"J10M0";"A1100";"P1D_L";"ZZ";"2.7"
"2006-06-01";"J10M0";"A1100";"P1D_L";"ZZ";"2.75"
"2006-06-02";"J10M0";"A1100";"P1D_L";"ZZ";"2.749"
"2006-06-05";"J10M0";"A1100";"P1D_L";"ZZ";
"2006-06-06";"J10M0";"A1100";"P1D_L";"ZZ";"2.704"
"2006-06-07";"J10M0";"A1100";"P1D_L";"ZZ";"2.712"
"2006-06-08";"J10M0";"A1100";"P1D_L";"ZZ";"2.675"
"2006-06-09";"J10M0";"A1100";"P1D_L";"ZZ";"2.665"
"2006-06-12";"J10M0";"A1100";"P1D_L";"ZZ";"2.671"
"2006-06-13";"J10M0";"A1100";"P1D_L";"ZZ";"2.635"
"2006-06-14";"J10M0";"A1100";"P1D_L";"ZZ";"2.652"
"2006-06-15";"J10M0";"A1100";"P1D_L";"ZZ";"2.649"
"2006-06-16";"J10M0";"A1100";"P1D_L";"ZZ";"2.67"
"2006-06-19";"J10M0";"A1100";"P1D_L";"ZZ";"2.691"
"2006-06-20";"J10M0";"A1100";"P1D_L";"ZZ";"2.712"
"2006-06-21";"J10M0";"A1100";"P1D_L";"ZZ";"2.733"
"2006-06-22";"J10M0";"A1100";"P1D_L";"ZZ";"2.762"
"2006-06-23";"J10M0";"A1100";"P1D_L";"ZZ";"2.778"
"2006-06-26";"J10M0";"A1100";"P1D_L";"ZZ";"2.82"
"2006-06-27";"J10M0";"A1100";"P1D_L";"ZZ";"2.867"
"2006-06-28";"J10M0";"A1100";"P1D_L";"ZZ";"2.852"
"2006-06-29";"J10M0";"A1100";"P1D_L";"ZZ";"2.849"
"2006-06-30";"J10M0";"A1100";"P1D_L";"ZZ";"2.848"
"2006-07-03";"J10M0";"A1100";"P1D_L";"ZZ";"2.866"
"2006-07-04";"J10M0";"A1100";"P1D_L";"ZZ";"2.858"
"2006-07-05";"J10M0";"A1100";"P1D_L";"ZZ";"2.892"
"2006-07-06";"J10M0";"A1100";"P1D_L";"ZZ";"2.881"
"2006-07-07";"J10M0";"A1100";"P1D_L";"ZZ";"2.867"
"2006-07-10";"J10M0";"A1100";"P1D_L";"ZZ";"2.874"
"2006-07-11";"J10M0";"A1100";"P1D_L";"ZZ";"2.841"
"2006-07-12";"J10M0";"A1100";"P1D_L";"ZZ";"2.857"
"2006-07-13";"J10M0";"A1100";"P1D_L";"ZZ";"2.827"
"2006-07-14";"J10M0";"A1100";"P1D_L";"ZZ";"2.823"
"2006-07-17";"J10M0";"A1100";"P1D_L";"ZZ";"2.806"
"2006-07-18";"J10M0";"A1100";"P1D_L";"ZZ";"2.807"
"2006-07-19";"J10M0";"A1100";"P1D_L";"ZZ";"2.836"
"2006-07-20";"J10M0";"A1100";"P1D_L";"ZZ";"2.82"
"2006-07-21";"J10M0";"A1100";"P1D_L";"ZZ";"2.811"
"2006-07-24";"J10M0";"A1100";"P1D_L";"ZZ";"2.793"
"2006-07-25";"J10M0";"A1100";"P1D_L";"ZZ";"2.772"
"2006-07-26";"J10M0";"A1100";"P1D_L";"ZZ";"2.771"
"2006-07-27";"J10M0";"A1100";"P1D_L";"ZZ";"2.774"
"2006-07-28";"J10M0";"A1100";"P1D_L";"ZZ";"2.772"
"2006-07-31";"J10M0";"A1100";"P1D_L";"ZZ";"2.742"
"2006-08-01";"J10M0";"A1100";"P1D_L";"ZZ";
"2006-08-02";"J10M0";"A1100";"P1D_L";"ZZ";"2.727"
"2006-08-03";"J10M0";"A1100";"P1D_L";"ZZ";"2.731"
"2006-08-04";"J10M0";"A1100";"P1D_L";"ZZ";"2.785"
"2006-08-07";"J10M0";"A1100";"P1D_L";"ZZ";"2.728"
"2006-08-08";"J10M0";"A1100";"P1D_L";"ZZ";"2.724"
"2006-08-09";"J10M0";"A1100";"P1D_L";"ZZ";"2.732"
"2006-08-10";"J10M0";"A1100";"P1D_L";"ZZ";"2.71"
"2006-08-11";"J10M0";"A1100";"P1D_L";"ZZ";"2.726"
"2006-08-14";"J10M0";"A1100";"P1D_L";"ZZ";"2.756"
"2006-08-15";"J10M0";"A1100";"P1D_L";"ZZ";"2.758"
"2006-08-16";"J10M0";"A1100";"P1D_L";"ZZ";"2.721"
"2006-08-17";"J10M0";"A1100";"P1D_L";"ZZ";"2.66"
"2006-08-18";"J10M0";"A1100";"P1D_L";"ZZ";"2.667"
"2006-08-21";"J10M0";"A1100";"P1D_L";"ZZ";"2.613"
"2006-08-22";"J10M0";"A1100";"P1D_L";"ZZ";"2.583"
"2006-08-23";"J10M0";"A1100";"P1D_L";"ZZ";"2.555"
"2006-08-24";"J10M0";"A1100";"P1D_L";"ZZ";"2.562"
"2006-08-25";"J10M0";"A1100";"P1D_L";"ZZ";"2.561"
"2006-08-28";"J10M0";"A1100";"P1D_L";"ZZ";"2.547"
"2006-08-29";"J10M0";"A1100";"P1D_L";"ZZ";"2.567"
"2006-08-30";"J10M0";"A1100";"P1D_L";"ZZ";"2.559"
"2006-08-31";"J10M0";"A1100";"P1D_L";"ZZ";"2.547"
"2006-09-01";"J10M0";"A1100";"P1D_L";"ZZ";"2.523"
"2006-09-04";"J10M0";"A1100";"P1D_L";"ZZ";"2.506"
"2006-09-05";"J10M0";"A1100";"P1D_L";"ZZ";"2.502"
"2006-09-06";"J10M0";"A1100";"P1D_L";"ZZ";"2.51"
"2006-09-07";"J10M0";"A1100";"P1D_L";"ZZ";"2.534"
"2006-09-08";"J10M0";"A1100";"P1D_L";"ZZ";"2.502"
"2006-09-11";"J10M0";"A1100";"P1D_L";"ZZ";"2.512"
"2006-09-12";"J10M0";"A1100";"P1D_L";"ZZ";"2.534"
"2006-09-13";"J10M0";"A1100";"P1D_L";"ZZ";"2.465"
"2006-09-14";"J10M0";"A1100";"P1D_L";"ZZ";"2.473"
"2006-09-15";"J10M0";"A1100";"P1D_L";"ZZ";"2.501"
"2006-09-18";"J10M0";"A1100";"P1D_L";"ZZ";"2.514"
"2006-09-19";"J10M0";"A1100";"P1D_L";"ZZ";"2.515"
"2006-09-20";"J10M0";"A1100";"P1D_L";"ZZ";"2.468"
"2006-09-21";"J10M0";"A1100";"P1D_L";"ZZ";"2.469"
"2006-09-22";"J10M0";"A1100";"P1D_L";"ZZ";"2.433"
"2006-09-25";"J10M0";"A1100";"P1D_L";"ZZ";"2.403"
"2006-09-26";"J10M0";"A1100";"P1D_L";"ZZ";"2.392"
"2006-09-27";"J10M0";"A1100";"P1D_L";"ZZ";"2.388"
"2006-09-28";"J10M0";"A1100";"P1D_L";"ZZ";"2.377"
"2006-09-29";"J10M0";"A1100";"P1D_L";"ZZ";"2.369"
"2006-10-02";"J10M0";"A1100";"P1D_L";"ZZ";"2.424"
"2006-10-03";"J10M0";"A1100";"P1D_L";"ZZ";"2.406"
"2006-10-04";"J10M0";"A1100";"P1D_L";"ZZ";"2.437"
"2006-10-05";"J10M0";"A1100";"P1D_L";"ZZ";"2.41"
"2006-10-06";"J10M0";"A1100";"P1D_L";"ZZ";"2.362"
"2006-10-09";"J10M0";"A1100";"P1D_L";"ZZ";"2.426"
"2006-10-10";"J10M0";"A1100";"P1D_L";"ZZ";"2.423"
"2006-10-11";"J10M0";"A1100";"P1D_L";"ZZ";"2.477"
"2006-10-12";"J10M0";"A1100";"P1D_L";"ZZ";"2.49"
"2006-10-13";"J10M0";"A1100";"P1D_L";"ZZ";"2.492"
"2006-10-16";"J10M0";"A1100";"P1D_L";"ZZ";"2.527"
"2006-10-17";"J10M0";"A1100";"P1D_L";"ZZ";"2.501"
"2006-10-18";"J10M0";"A1100";"P1D_L";"ZZ";"2.509"
"2006-10-19";"J10M0";"A1100";"P1D_L";"ZZ";"2.521"
"2006-10-20";"J10M0";"A1100";"P1D_L";"ZZ";"2.523"
"2006-10-23";"J10M0";"A1100";"P1D_L";"ZZ";"2.547"
"2006-10-24";"J10M0";"A1100";"P1D_L";"ZZ";"2.569"
"2006-10-25";"J10M0";"A1100";"P1D_L";"ZZ";"2.591"
"2006-10-26";"J10M0";"A1100";"P1D_L";"ZZ";"2.575"
"2006-10-27";"J10M0";"A1100";"P1D_L";"ZZ";"2.558"
"2006-10-30";"J10M0";"A1100";"P1D_L";"ZZ";"2.521"
"2006-10-31";"J10M0";"A1100";"P1D_L";"ZZ";"2.495"
"2006-11-01";"J10M0";"A1100";"P1D_L";"ZZ";"2.444"
"2006-11-02";"J10M0";"A1100";"P1D_L";"ZZ";"2.407"
"2006-11-03";"J10M0";"A1100";"P1D_L";"ZZ";"2.387"
"2006-11-06";"J10M0";"A1100";"P1D_L";"ZZ";"2.406"
"2006-11-07";"J10M0";"A1100";"P1D_L";"ZZ";"2.387"
"2006-11-08";"J10M0";"A1100";"P1D_L";"ZZ";"2.336"
"2006-11-09";"J10M0";"A1100";"P1D_L";"ZZ";"2.364"
"2006-11-10";"J10M0";"A1100";"P1D_L";"ZZ";"2.323"
"2006-11-13";"J10M0";"A1100";"P1D_L";"ZZ";"2.324"
"2006-11-14";"J10M0";"A1100";"P1D_L";"ZZ";"2.367"
"2006-11-15";"J10M0";"A1100";"P1D_L";"ZZ";"2.326"
"2006-11-16";"J10M0";"A1100";"P1D_L";"ZZ";"2.333"
"2006-11-17";"J10M0";"A1100";"P1D_L";"ZZ";"2.368"
"2006-11-20";"J10M0";"A1100";"P1D_L";"ZZ";"2.315"
"2006-11-21";"J10M0";"A1100";"P1D_L";"ZZ";"2.306"
"2006-11-22";"J10M0";"A1100";"P1D_L";"ZZ";"2.318"
"2006-11-23";"J10M0";"A1100";"P1D_L";"ZZ";"2.329"
"2006-11-24";"J10M0";"A1100";"P1D_L";"ZZ";"2.307"
"2006-11-27";"J10M0";"A1100";"P1D_L";"ZZ";"2.336"
"2006-11-28";"J10M0";"A1100";"P1D_L";"ZZ";"2.333"
"2006-11-29";"J10M0";"A1100";"P1D_L";"ZZ";"2.322"
"2006-11-30";"J10M0";"A1100";"P1D_L";"ZZ";"2.341"
"2006-12-01";"J10M0";"A1100";"P1D_L";"ZZ";"2.333"
"2006-12-04";"J10M0";"A1100";"P1D_L";"ZZ";"2.316"
"2006-12-05";"J10M0";"A1100";"P1D_L";"ZZ";"2.334"
"2006-12-06";"J10M0";"A1100";"P1D_L";"ZZ";"2.343"
"2006-12-07";"J10M0";"A1100";"P1D_L";"ZZ";"2.358"
"2006-12-08";"J10M0";"A1100";"P1D_L";"ZZ";"2.385"
"2006-12-11";"J10M0";"A1100";"P1D_L";"ZZ";"2.446"
"2006-12-12";"J10M0";"A1100";"P1D_L";"ZZ";"2.457"
"2006-12-13";"J10M0";"A1100";"P1D_L";"ZZ";"2.444"
"2006-12-14";"J10M0";"A1100";"P1D_L";"ZZ";"2.44"
"2006-12-15";"J10M0";"A1100";"P1D_L";"ZZ";"2.453"
"2006-12-18";"J10M0";"A1100";"P1D_L";"ZZ";"2.486"
"2006-12-19";"J10M0";"A1100";"P1D_L";"ZZ";"2.527"
"2006-12-20";"J10M0";"A1100";"P1D_L";"ZZ";"2.507"
"2006-12-21";"J10M0";"A1100";"P1D_L";"ZZ";"2.481"
"2006-12-22";"J10M0";"A1100";"P1D_L";"ZZ";"2.462"
"2006-12-25";"J10M0";"A1100";"P1D_L";"ZZ";
"2006-12-26";"J10M0";"A1100";"P1D_L";"ZZ";
"2006-12-27";"J10M0";"A1100";"P1D_L";"ZZ";"2.45"
"2006-12-28";"J10M0";"A1100";"P1D_L";"ZZ";"2.487"
"2006-12-29";"J10M0";"A1100";"P1D_L";"ZZ";"2.489"
"2007-01-01";"J10M0";"A1100";"P1D_L";"ZZ";
"2007-01-02";"J10M0";"A1100";"P1D_L";"ZZ";
"2007-01-03";"J10M0";"A1100";"P1D_L";"ZZ";"2.458"
"2007-01-04";"J10M0";"A1100";"P1D_L";"ZZ";"2.474"
"2007-01-05";"J10M0";"A1100";"P1D_L";"ZZ";"2.463"
"2007-01-08";"J10M0";"A1100";"P1D_L";"ZZ";"2.535"
"2007-01-09";"J10M0";"A1100";"P1D_L";"ZZ";"2.595"
"2007-01-10";"J10M0";"A1100";"P1D_L";"ZZ";"2.594"
"2007-01-11";"J10M0";"A1100";"P1D_L";"ZZ";"2.61"
"2007-01-12";"J10M0";"A1100";"P1D_L";"ZZ";"2.616"
"2007-01-15";"J10M0";"A1100";"P1D_L";"ZZ";"2.646"
"2007-01-16";"J10M0";"A1100";"P1D_L";"ZZ";"2.659"
"2007-01-17";"J10M0";"A1100";"P1D_L";"ZZ";"2.588"
"2007-01-18";"J10M0";"A1100";"P1D_L";"ZZ";"2.603"
"2007-01-19";"J10M0";"A1100";"P1D_L";"ZZ";"2.573"
"2007-01-22";"J10M0";"A1100";"P1D_L";"ZZ";"2.549"
"2007-01-23";"J10M0";"A1100";"P1D_L";"ZZ";"2.533"
"2007-01-24";"J10M0";"A1100";"P1D_L";"ZZ";"2.559"
"2007-01-25";"J10M0";"A1100";"P1D_L";"ZZ";"2.547"
"2007-01-26";"J10M0";"A1100";"P1D_L";"ZZ";"2.584"
"2007-01-29";"J10M0";"A1100";"P1D_L";"ZZ";"2.592"
"2007-01-30";"J10M0";"A1100";"P1D_L";"ZZ";"2.62"
"2007-01-31";"J10M0";"A1100";"P1D_L";"ZZ";"2.619"
"2007-02-01";"J10M0";"A1100";"P1D_L";"ZZ";"2.611"
"2007-02-02";"J10M0";"A1100";"P1D_L";"ZZ";"2.611"
"2007-02-05";"J10M0";"A1100";"P1D_L";"ZZ";"2.568"
"2007-02-06";"J10M0";"A1100";"P1D_L";"ZZ";"2.564"
"2007-02-07";"J10M0";"A1100";"P1D_L";"ZZ";"2.565"
"2007-02-08";"J10M0";"A1100";"P1D_L";"ZZ";"2.57"
"2007-02-09";"J10M0";"A1100";"P1D_L";"ZZ";"2.589"
"2007-02-12";"J10M0";"A1100";"P1D_L";"ZZ";"2.6"
"2007-02-13";"J10M0";"A1100";"P1D_L";"ZZ";"2.622"
"2007-02-14";"J10M0";"A1100";"P1D_L";"ZZ";"2.621"
"2007-02-15";"J10M0";"A1100";"P1D_L";"ZZ";"2.614"
"2007-02-16";"J10M0";"A1100";"P1D_L";"ZZ";"2.586"
"2007-02-19";"J10M0";"A1100";"P1D_L";"ZZ";"2.611"
"2007-02-20";"J10M0";"A1100";"P1D_L";"ZZ";"2.635"
"2007-02-21";"J10M0";"A1100";"P1D_L";"ZZ";"2.609"
"2007-02-22";"J10M0";"A1100";"P1D_L";"ZZ";"2.607"
"2007-02-23";"J10M0";"A1100";"P1D_L";"ZZ";"2.636"
"2007-02-26";"J10M0";"A1100";"P1D_L";"ZZ";"2.597"
"2007-02-27";"J10M0";"A1100";"P1D_L";"ZZ";"2.567"
"2007-02-28";"J10M0";"A1100";"P1D_L";"ZZ";"2.556"
"2007-03-01";"J10M0";"A1100";"P1D_L";"ZZ";"2.566"
"2007-03-02";"J10M0";"A1100";"P1D_L";"ZZ";"2.535"
"2007-03-05";"J10M0";"A1100";"P1D_L";"ZZ";"2.545"
"2007-03-06";"J10M0";"A1100";"P1D_L";"ZZ";"2.57"
"2007-03-07";"J10M0";"A1100";"P1D_L";"ZZ";"2.584"
"2007-03-08";"J10M0";"A1100";"P1D_L";"ZZ";"2.64"
"2007-03-09";"J10M0";"A1100";"P1D_L";"ZZ";"2.632"
"2007-03-12";"J10M0";"A1100";"P1D_L";"ZZ";"2.673"
"2007-03-13";"J10M0";"A1100";"P1D_L";"ZZ";"2.638"
"2007-03-14";"J10M0";"A1100";"P1D_L";"ZZ";"2.61"
"2007-03-15";"J10M0";"A1100";"P1D_L";"ZZ";"2.629"
"2007-03-16";"J10M0";"A1100";"P1D_L";"ZZ";"2.611"
"2007-03-19";"J10M0";"A1100";"P1D_L";"ZZ";"2.629"
"2007-03-20";"J10M0";"A1100";"P1D_L";"ZZ";"2.662"
"2007-03-21";"J10M0";"A1100";"P1D_L";"ZZ";"2.643"
"2007-03-22";"J10M0";"A1100";"P1D_L";"ZZ";"2.629"
"2007-03-23";"J10M0";"A1100";"P1D_L";"ZZ";"2.664"
"2007-03-26";"J10M0";"A1100";"P1D_L";"ZZ";"2.681"
"2007-03-27";"J10M0";"A1100";"P1D_L";"ZZ";"2.699"
"2007-03-28";"J10M0";"A1100";"P1D_L";"ZZ";"2.675"
"2007-03-29";"J10M0";"A1100";"P1D_L";"ZZ";"2.704"
"2007-03-30";"J10M0";"A1100";"P1D_L";"ZZ";"2.702"
"2007-04-02";"J10M0";"A1100";"P1D_L";"ZZ";"2.71"
"2007-04-03";"J10M0";"A1100";"P1D_L";"ZZ";"2.718"
"2007-04-04";"J10M0";"A1100";"P1D_L";"ZZ";"2.725"
"2007-04-05";"J10M0";"A1100";"P1D_L";"ZZ";"2.746"
"2007-04-06";"J10M0";"A1100";"P1D_L";"ZZ";
"2007-04-09";"J10M0";"A1100";"P1D_L";"ZZ";
"2007-04-10";"J10M0";"A1100";"P1D_L";"ZZ";"2.775"
"2007-04-11";"J10M0";"A1100";"P1D_L";"ZZ";"2.762"
"2007-04-12";"J10M0";"A1100";"P1D_L";"ZZ";"2.775"
"2007-04-13";"J10M0";"A1100";"P1D_L";"ZZ";"2.788"
"2007-04-16";"J10M0";"A1100";"P1D_L";"ZZ";"2.822"
"2007-04-17";"J10M0";"A1100";"P1D_L";"ZZ";"2.812"
"2007-04-18";"J10M0";"A1100";"P1D_L";"ZZ";"2.77"
"2007-04-19";"J10M0";"A1100";"P1D_L";"ZZ";"2.752"
"2007-04-20";"J10M0";"A1100";"P1D_L";"ZZ";"2.793"
"2007-04-23";"J10M0";"A1100";"P1D_L";"ZZ";"2.761"
"2007-04-24";"J10M0";"A1100";"P1D_L";"ZZ";"2.758"
"2007-04-25";"J10M0";"A1100";"P1D_L";"ZZ";"2.783"
"2007-04-26";"J10M0";"A1100";"P1D_L";"ZZ";"2.8"
"2007-04-27";"J10M0";"A1100";"P1D_L";"ZZ";"2.799"
"2007-04-30";"J10M0";"A1100";"P1D_L";"ZZ";"2.801"
"2007-05-01";"J10M0";"A1100";"P1D_L";"ZZ";
"2007-05-02";"J10M0";"A1100";"P1D_L";"ZZ";"2.798"
"2007-05-03";"J10M0";"A1100";"P1D_L";"ZZ";"2.809"
"2007-05-04";"J10M0";"A1100";"P1D_L";"ZZ";"2.818"
"2007-05-07";"J10M0";"A1100";"P1D_L";"ZZ";"2.826"
"2007-05-08";"J10M0";"A1100";"P1D_L";"ZZ";"2.831"
"2007-05-09";"J10M0";"A1100";"P1D_L";"ZZ";"2.831"
"2007-05-10";"J10M0";"A1100";"P1D_L";"ZZ";"2.837"
"2007-05-11";"J10M0";"A1100";"P1D_L";"ZZ";"2.798"
"2007-05-14";"J10M0";"A1100";"P1D_L";"ZZ";"2.871"
"2007-05-15";"J10M0";"A1100";"P1D_L";"ZZ";"2.898"
"2007-05-16";"J10M0";"A1100";"P1D_L";"ZZ";"2.916"
"2007-05-17";"J10M0";"A1100";"P1D_L";"ZZ";
"2007-05-18";"J10M0";"A1100";"P1D_L";"ZZ";"2.933"
"2007-05-21";"J10M0";"A1100";"P1D_L";"ZZ";"2.947"
"2007-05-22";"J10M0";"A1100";"P1D_L";"ZZ";"2.971"
"2007-05-23";"J10M0";"A1100";"P1D_L";"ZZ";"3.004"
"2007-05-24";"J10M0";"A1100";"P1D_L";"ZZ";"2.991"
"2007-05-25";"J10M0";"A1100";"P1D_L";"ZZ";"2.994"
"2007-05-28";"J10M0";"A1100";"P1D_L";"ZZ";
"2007-05-29";"J10M0";"A1100";"P1D_L";"ZZ";"3.028"
"2007-05-30";"J10M0";"A1100";"P1D_L";"ZZ";"3.03"
"2007-05-31";"J10M0";"A1100";"P1D_L";"ZZ";"3.032"
"2007-06-01";"J10M0";"A1100";"P1D_L";"ZZ";"3.039"
"2007-06-04";"J10M0";"A1100";"P1D_L";"ZZ";"3.051"
"2007-06-05";"J10M0";"A1100";"P1D_L";"ZZ";"3.048"
"2007-06-06";"J10M0";"A1100";"P1D_L";"ZZ";"3.057"
"2007-06-07";"J10M0";"A1100";"P1D_L";"ZZ";"3.048"
"2007-06-08";"J10M0";"A1100";"P1D_L";"ZZ";"3.127"
"2007-06-11";"J10M0";"A1100";"P1D_L";"ZZ";"3.094"
"2007-06-12";"J10M0";"A1100";"P1D_L";"ZZ";"3.145"
"2007-06-13";"J10M0";"A1100";"P1D_L";"ZZ";"3.203"
"2007-06-14";"J10M0";"A1100";"P1D_L";"ZZ";"3.19"
"2007-06-15";"J10M0";"A1100";"P1D_L";"ZZ";"3.223"
"2007-06-18";"J10M0";"A1100";"P1D_L";"ZZ";"3.201"
"2007-06-19";"J10M0";"A1100";"P1D_L";"ZZ";"3.19"
"2007-06-20";"J10M0";"A1100";"P1D_L";"ZZ";"3.105"
"2007-06-21";"J10M0";"A1100";"P1D_L";"ZZ";"3.162"
"2007-06-22";"J10M0";"A1100";"P1D_L";"ZZ";"3.159"
"2007-06-25";"J10M0";"A1100";"P1D_L";"ZZ";"3.166"
"2007-06-26";"J10M0";"A1100";"P1D_L";"ZZ";"3.148"
"2007-06-27";"J10M0";"A1100";"P1D_L";"ZZ";"3.14"
"2007-06-28";"J10M0";"A1100";"P1D_L";"ZZ";"3.191"
"2007-06-29";"J10M0";"A1100";"P1D_L";"ZZ";"3.194"
"2007-07-02";"J10M0";"A1100";"P1D_L";"ZZ";"3.211"
"2007-07-03";"J10M0";"A1100";"P1D_L";"ZZ";"3.236"
"2007-07-04";"J10M0";"A1100";"P1D_L";"ZZ";"3.281"
"2007-07-05";"J10M0";"A1100";"P1D_L";"ZZ";"3.316"
"2007-07-06";"J10M0";"A1100";"P1D_L";"ZZ";"3.332"
"2007-07-09";"J10M0";"A1100";"P1D_L";"ZZ";"3.366"
"2007-07-10";"J10M0";"A1100";"P1D_L";"ZZ";"3.396"
"2007-07-11";"J10M0";"A1100";"P1D_L";"ZZ";"3.343"
"2007-07-12";"J10M0";"A1100";"P1D_L";"ZZ";"3.372"
"2007-07-13";"J10M0";"A1100";"P1D_L";"ZZ";"3.4"
"2007-07-16";"J10M0";"A1100";"P1D_L";"ZZ";"3.372"
"2007-07-17";"J10M0";"A1100";"P1D_L";"ZZ";"3.316"
"2007-07-18";"J10M0";"A1100";"P1D_L";"ZZ";"3.308"
"2007-07-19";"J10M0";"A1100";"P1D_L";"ZZ";"3.272"
"2007-07-20";"J10M0";"A1100";"P1D_L";"ZZ";"3.223"
"2007-07-23";"J10M0";"A1100";"P1D_L";"ZZ";"3.141"
"2007-07-24";"J10M0";"A1100";"P1D_L";"ZZ";"3.176"
"2007-07-25";"J10M0";"A1100";"P1D_L";"ZZ";"3.153"
"2007-07-26";"J10M0";"A1100";"P1D_L";"ZZ";"3.17"
"2007-07-27";"J10M0";"A1100";"P1D_L";"ZZ";"3.065"
"2007-07-30";"J10M0";"A1100";"P1D_L";"ZZ";"3.083"
"2007-07-31";"J10M0";"A1100";"P1D_L";"ZZ";"3.108"
"2007-08-01";"J10M0";"A1100";"P1D_L";"ZZ";
"2007-08-02";"J10M0";"A1100";"P1D_L";"ZZ";"3.095"
"2007-08-03";"J10M0";"A1100";"P1D_L";"ZZ";"3.083"
"2007-08-06";"J10M0";"A1100";"P1D_L";"ZZ";"3.048"
"2007-08-07";"J10M0";"A1100";"P1D_L";"ZZ";"3.069"
"2007-08-08";"J10M0";"A1100";"P1D_L";"ZZ";"3.096"
"2007-08-09";"J10M0";"A1100";"P1D_L";"ZZ";"3.086"
"2007-08-10";"J10M0";"A1100";"P1D_L";"ZZ";"3.064"
"2007-08-13";"J10M0";"A1100";"P1D_L";"ZZ";"3.063"
"2007-08-14";"J10M0";"A1100";"P1D_L";"ZZ";"3.06"
"2007-08-15";"J10M0";"A1100";"P1D_L";"ZZ";"3.047"
"2007-08-16";"J10M0";"A1100";"P1D_L";"ZZ";"3.009"
"2007-08-17";"J10M0";"A1100";"P1D_L";"ZZ";"2.96"
"2007-08-20";"J10M0";"A1100";"P1D_L";"ZZ";"2.966"
"2007-08-21";"J10M0";"A1100";"P1D_L";"ZZ";"2.92"
"2007-08-22";"J10M0";"A1100";"P1D_L";"ZZ";"2.937"
"2007-08-23";"J10M0";"A1100";"P1D_L";"ZZ";"3.008"
"2007-08-24";"J10M0";"A1100";"P1D_L";"ZZ";"2.995"
"2007-08-27";"J10M0";"A1100";"P1D_L";"ZZ";"3.053"
"2007-08-28";"J10M0";"A1100";"P1D_L";"ZZ";"3.029"
"2007-08-29";"J10M0";"A1100";"P1D_L";"ZZ";"2.997"
"2007-08-30";"J10M0";"A1100";"P1D_L";"ZZ";"3.015"
"2007-08-31";"J10M0";"A1100";"P1D_L";"ZZ";"3.049"
"2007-09-03";"J10M0";"A1100";"P1D_L";"ZZ";"3.049"
"2007-09-04";"J10M0";"A1100";"P1D_L";"ZZ";"3.015"
"2007-09-05";"J10M0";"A1100";"P1D_L";"ZZ";"3.023"
"2007-09-06";"J10M0";"A1100";"P1D_L";"ZZ";"3.012"
"2007-09-07";"J10M0";"A1100";"P1D_L";"ZZ";"3.018"
"2007-09-10";"J10M0";"A1100";"P1D_L";"ZZ";"2.944"
"2007-09-11";"J10M0";"A1100";"P1D_L";"ZZ";"2.895"
"2007-09-12";"J10M0";"A1100";"P1D_L";"ZZ";"2.901"
"2007-09-13";"J10M0";"A1100";"P1D_L";"ZZ";"2.849"
"2007-09-14";"J10M0";"A1100";"P1D_L";"ZZ";"2.859"
"2007-09-17";"J10M0";"A1100";"P1D_L";"ZZ";"2.833"
"2007-09-18";"J10M0";"A1100";"P1D_L";"ZZ";"2.837"
"2007-09-19";"J10M0";"A1100";"P1D_L";"ZZ";"2.945"
"2007-09-20";"J10M0";"A1100";"P1D_L";"ZZ";"2.986"
"2007-09-21";"J10M0";"A1100";"P1D_L";"ZZ";"3.071"
"2007-09-24";"J10M0";"A1100";"P1D_L";"ZZ";"3.085"
"2007-09-25";"J10M0";"A1100";"P1D_L";"ZZ";"3.045"
"2007-09-26";"J10M0";"A1100";"P1D_L";"ZZ";"3.073"
"2007-09-27";"J10M0";"A1100";"P1D_L";"ZZ";"3.094"
"2007-09-28";"J10M0";"A1100";"P1D_L";"ZZ";"3.056"
"2007-10-01";"J10M0";"A1100";"P1D_L";"ZZ";"3.038"
"2007-10-02";"J10M0";"A1100";"P1D_L";"ZZ";"3.082"
"2007-10-03";"J10M0";"A1100";"P1D_L";"ZZ";"3.05"
"2007-10-04";"J10M0";"A1100";"P1D_L";"ZZ";"3.086"
"2007-10-05";"J10M0";"A1100";"P1D_L";"ZZ";"3.047"
"2007-10-08";"J10M0";"A1100";"P1D_L";"ZZ";"3.109"
"2007-10-09";"J10M0";"A1100";"P1D_L";"ZZ";"3.095"
"2007-10-10";"J10M0";"A1100";"P1D_L";"ZZ";"3.067"
"2007-10-11";"J10M0";"A1100";"P1D_L";"ZZ";"3.128"
"2007-10-12";"J10M0";"A1100";"P1D_L";"ZZ";"3.107"
"2007-10-15";"J10M0";"A1100";"P1D_L";"ZZ";"3.146"
"2007-10-16";"J10M0";"A1100";"P1D_L";"ZZ";"3.145"
"2007-10-17";"J10M0";"A1100";"P1D_L";"ZZ";"3.157"
"2007-10-18";"J10M0";"A1100";"P1D_L";"ZZ";"3.119"
"2007-10-19";"J10M0";"A1100";"P1D_L";"ZZ";"3.045"
"2007-10-22";"J10M0";"A1100";"P1D_L";"ZZ";"2.982"
"2007-10-23";"J10M0";"A1100";"P1D_L";"ZZ";"2.984"
"2007-10-24";"J10M0";"A1100";"P1D_L";"ZZ";"2.949"
"2007-10-25";"J10M0";"A1100";"P1D_L";"ZZ";"2.968"
"2007-10-26";"J10M0";"A1100";"P1D_L";"ZZ";"2.984"
"2007-10-29";"J10M0";"A1100";"P1D_L";"ZZ";"2.977"
"2007-10-30";"J10M0";"A1100";"P1D_L";"ZZ";"2.976"
"2007-10-31";"J10M0";"A1100";"P1D_L";"ZZ";"2.987"
"2007-11-01";"J10M0";"A1100";"P1D_L";"ZZ";"3.096"
"2007-11-02";"J10M0";"A1100";"P1D_L";"ZZ";"3"
"2007-11-05";"J10M0";"A1100";"P1D_L";"ZZ";"2.966"
"2007-11-06";"J10M0";"A1100";"P1D_L";"ZZ";"3.013"
"2007-11-07";"J10M0";"A1100";"P1D_L";"ZZ";"3.009"
"2007-11-08";"J10M0";"A1100";"P1D_L";"ZZ";"2.979"
"2007-11-09";"J10M0";"A1100";"P1D_L";"ZZ";"3.009"
"2007-11-12";"J10M0";"A1100";"P1D_L";"ZZ";"2.974"
"2007-11-13";"J10M0";"A1100";"P1D_L";"ZZ";"2.993"
"2007-11-14";"J10M0";"A1100";"P1D_L";"ZZ";"3.026"
"2007-11-15";"J10M0";"A1100";"P1D_L";"ZZ";"3.017"
"2007-11-16";"J10M0";"A1100";"P1D_L";"ZZ";"2.969"
"2007-11-19";"J10M0";"A1100";"P1D_L";"ZZ";"2.972"
"2007-11-20";"J10M0";"A1100";"P1D_L";"ZZ";"2.935"
"2007-11-21";"J10M0";"A1100";"P1D_L";"ZZ";"2.898"
"2007-11-22";"J10M0";"A1100";"P1D_L";"ZZ";"2.865"
"2007-11-23";"J10M0";"A1100";"P1D_L";"ZZ";"2.872"
"2007-11-26";"J10M0";"A1100";"P1D_L";"ZZ";"2.898"
"2007-11-27";"J10M0";"A1100";"P1D_L";"ZZ";"2.873"
"2007-11-28";"J10M0";"A1100";"P1D_L";"ZZ";"2.881"
"2007-11-29";"J10M0";"A1100";"P1D_L";"ZZ";"2.936"
"2007-11-30";"J10M0";"A1100";"P1D_L";"ZZ";"2.906"
"2007-12-03";"J10M0";"A1100";"P1D_L";"ZZ";"2.947"
"2007-12-04";"J10M0";"A1100";"P1D_L";"ZZ";"2.91"
"2007-12-05";"J10M0";"A1100";"P1D_L";"ZZ";"2.931"
"2007-12-06";"J10M0";"A1100";"P1D_L";"ZZ";"2.992"
"2007-12-07";"J10M0";"A1100";"P1D_L";"ZZ";"3.068"
"2007-12-10";"J10M0";"A1100";"P1D_L";"ZZ";"3.078"
"2007-12-11";"J10M0";"A1100";"P1D_L";"ZZ";"3.138"
"2007-12-12";"J10M0";"A1100";"P1D_L";"ZZ";"3.119"
"2007-12-13";"J10M0";"A1100";"P1D_L";"ZZ";"3.11"
"2007-12-14";"J10M0";"A1100";"P1D_L";"ZZ";"3.114"
"2007-12-17";"J10M0";"A1100";"P1D_L";"ZZ";"3.098"
"2007-12-18";"J10M0";"A1100";"P1D_L";"ZZ";"3.047"
"2007-12-19";"J10M0";"A1100";"P1D_L";"ZZ";"3.026"
"2007-12-20";"J10M0";"A1100";"P1D_L";"ZZ";"3.011"
"2007-12-21";"J10M0";"A1100";"P1D_L";"ZZ";"3.028"
"2007-12-24";"J10M0";"A1100";"P1D_L";"ZZ";
"2007-12-25";"J10M0";"A1100";"P1D_L";"ZZ";
"2007-12-26";"J10M0";"A1100";"P1D_L";"ZZ";
"2007-12-27";"J10M0";"A1100";"P1D_L";"ZZ";"3.067"
"2007-12-28";"J10M0";"A1100";"P1D_L";"ZZ";"3.111"
"2007-12-31";"J10M0";"A1100";"P1D_L";"ZZ";
"2008-01-01";"J10M0";"A1100";"P1D_L";"ZZ";
"2008-01-02";"J10M0";"A1100";"P1D_L";"ZZ";
"2008-01-03";"J10M0";"A1100";"P1D_L";"ZZ";"3.042"
"2008-01-04";"J10M0";"A1100";"P1D_L";"ZZ";"3.027"
"2008-01-07";"J10M0";"A1100";"P1D_L";"ZZ";"3.04"
"2008-01-08";"J10M0";"A1100";"P1D_L";"ZZ";"3.028"
"2008-01-09";"J10M0";"A1100";"P1D_L";"ZZ";"3.004"
"2008-01-10";"J10M0";"A1100";"P1D_L";"ZZ";"2.966"
"2008-01-11";"J10M0";"A1100";"P1D_L";"ZZ";"3.004"
"2008-01-14";"J10M0";"A1100";"P1D_L";"ZZ";"2.98"
"2008-01-15";"J10M0";"A1100";"P1D_L";"ZZ";"2.965"
"2008-01-16";"J10M0";"A1100";"P1D_L";"ZZ";"2.925"
"2008-01-17";"J10M0";"A1100";"P1D_L";"ZZ";"2.928"
"2008-01-18";"J10M0";"A1100";"P1D_L";"ZZ";"2.9"
"2008-01-21";"J10M0";"A1100";"P1D_L";"ZZ";"2.878"
"2008-01-22";"J10M0";"A1100";"P1D_L";"ZZ";"2.784"
"2008-01-23";"J10M0";"A1100";"P1D_L";"ZZ";"2.844"
"2008-01-24";"J10M0";"A1100";"P1D_L";"ZZ";"2.874"
"2008-01-25";"J10M0";"A1100";"P1D_L";"ZZ";"2.904"
"2008-01-28";"J10M0";"A1100";"P1D_L";"ZZ";"2.87"
"2008-01-29";"J10M0";"A1100";"P1D_L";"ZZ";"2.906"
"2008-01-30";"J10M0";"A1100";"P1D_L";"ZZ";"2.925"
"2008-01-31";"J10M0";"A1100";"P1D_L";"ZZ";"2.939"
"2008-02-01";"J10M0";"A1100";"P1D_L";"ZZ";"2.92"
"2008-02-04";"J10M0";"A1100";"P1D_L";"ZZ";"2.908"
"2008-02-05";"J10M0";"A1100";"P1D_L";"ZZ";"2.852"
"2008-02-06";"J10M0";"A1100";"P1D_L";"ZZ";"2.816"
"2008-02-07";"J10M0";"A1100";"P1D_L";"ZZ";"2.824"
"2008-02-08";"J10M0";"A1100";"P1D_L";"ZZ";"2.88"
"2008-02-11";"J10M0";"A1100";"P1D_L";"ZZ";"2.851"
"2008-02-12";"J10M0";"A1100";"P1D_L";"ZZ";"2.848"
"2008-02-13";"J10M0";"A1100";"P1D_L";"ZZ";"2.892"
"2008-02-14";"J10M0";"A1100";"P1D_L";"ZZ";"2.954"
"2008-02-15";"J10M0";"A1100";"P1D_L";"ZZ";"2.975"
"2008-02-18";"J10M0";"A1100";"P1D_L";"ZZ";"2.956"
"2008-02-19";"J10M0";"A1100";"P1D_L";"ZZ";"2.974"
"2008-02-20";"J10M0";"A1100";"P1D_L";"ZZ";"3.01"
"2008-02-21";"J10M0";"A1100";"P1D_L";"ZZ";"3.021"
"2008-02-22";"J10M0";"A1100";"P1D_L";"ZZ";"2.995"
"2008-02-25";"J10M0";"A1100";"P1D_L";"ZZ";"3.051"
"2008-02-26";"J10M0";"A1100";"P1D_L";"ZZ";"3.088"
"2008-02-27";"J10M0";"A1100";"P1D_L";"ZZ";"3.08"
"2008-02-28";"J10M0";"A1100";"P1D_L";"ZZ";"3.122"
"2008-02-29";"J10M0";"A1100";"P1D_L";"ZZ";"3.059"
"2008-03-03";"J10M0";"A1100";"P1D_L";"ZZ";"3.031"
"2008-03-04";"J10M0";"A1100";"P1D_L";"ZZ";"3.039"
"2008-03-05";"J10M0";"A1100";"P1D_L";"ZZ";"3.022"
"2008-03-06";"J10M0";"A1100";"P1D_L";"ZZ";"3.068"
"2008-03-07";"J10M0";"A1100";"P1D_L";"ZZ";"3.041"
"2008-03-10";"J10M0";"A1100";"P1D_L";"ZZ";"3.045"
"2008-03-11";"J10M0";"A1100";"P1D_L";"ZZ";"3.055"
"2008-03-12";"J10M0";"A1100";"P1D_L";"ZZ";"3.057"
"2008-03-13";"J10M0";"A1100";"P1D_L";"ZZ";"2.979"
"2008-03-14";"J10M0";"A1100";"P1D_L";"ZZ";"2.993"
"2008-03-17";"J10M0";"A1100";"P1D_L";"ZZ";"2.881"
"2008-03-18";"J10M0";"A1100";"P1D_L";"ZZ";"2.912"
"2008-03-19";"J10M0";"A1100";"P1D_L";"ZZ";"2.925"
"2008-03-20";"J10M0";"A1100";"P1D_L";"ZZ";"2.894"
"2008-03-21";"J10M0";"A1100";"P1D_L";"ZZ";
"2008-03-24";"J10M0";"A1100";"P1D_L";"ZZ";
"2008-03-25";"J10M0";"A1100";"P1D_L";"ZZ";"2.926"
"2008-03-26";"J10M0";"A1100";"P1D_L";"ZZ";"2.947"
"2008-03-27";"J10M0";"A1100";"P1D_L";"ZZ";"2.984"
"2008-03-28";"J10M0";"A1100";"P1D_L";"ZZ";"3.017"
"2008-03-31";"J10M0";"A1100";"P1D_L";"ZZ";"3.033"
"2008-04-01";"J10M0";"A1100";"P1D_L";"ZZ";"3.052"
"2008-04-02";"J10M0";"A1100";"P1D_L";"ZZ";"3.066"
"2008-04-03";"J10M0";"A1100";"P1D_L";"ZZ";"3.079"
"2008-04-04";"J10M0";"A1100";"P1D_L";"ZZ";"3.072"
"2008-04-07";"J10M0";"A1100";"P1D_L";"ZZ";"3.073"
"2008-04-08";"J10M0";"A1100";"P1D_L";"ZZ";"3.088"
"2008-04-09";"J10M0";"A1100";"P1D_L";"ZZ";"3.103"
"2008-04-10";"J10M0";"A1100";"P1D_L";"ZZ";"3.095"
"2008-04-11";"J10M0";"A1100";"P1D_L";"ZZ";"3.108"
"2008-04-14";"J10M0";"A1100";"P1D_L";"ZZ";"3.047"
"2008-04-15";"J10M0";"A1100";"P1D_L";"ZZ";"3.099"
"2008-04-16";"J10M0";"A1100";"P1D_L";"ZZ";"3.139"
"2008-04-17";"J10M0";"A1100";"P1D_L";"ZZ";"3.197"
"2008-04-18";"J10M0";"A1100";"P1D_L";"ZZ";"3.241"
"2008-04-21";"J10M0";"A1100";"P1D_L";"ZZ";"3.278"
"2008-04-22";"J10M0";"A1100";"P1D_L";"ZZ";"3.251"
"2008-04-23";"J10M0";"A1100";"P1D_L";"ZZ";"3.234"
"2008-04-24";"J10M0";"A1100";"P1D_L";"ZZ";"3.196"
"2008-04-25";"J10M0";"A1100";"P1D_L";"ZZ";"3.274"
"2008-04-28";"J10M0";"A1100";"P1D_L";"ZZ";"3.269"
"2008-04-29";"J10M0";"A1100";"P1D_L";"ZZ";"3.255"
"2008-04-30";"J10M0";"A1100";"P1D_L";"ZZ";"3.242"
"2008-05-01";"J10M0";"A1100";"P1D_L";"ZZ";
"2008-05-02";"J10M0";"A1100";"P1D_L";"ZZ";"3.225"
"2008-05-05";"J10M0";"A1100";"P1D_L";"ZZ";"3.221"
"2008-05-06";"J10M0";"A1100";"P1D_L";"ZZ";"3.208"
"2008-05-07";"J10M0";"A1100";"P1D_L";"ZZ";"3.207"
"2008-05-08";"J10M0";"A1100";"P1D_L";"ZZ";"3.194"
"2008-05-09";"J10M0";"A1100";"P1D_L";"ZZ";"3.12"
"2008-05-12";"J10M0";"A1100";"P1D_L";"ZZ";
"2008-05-13";"J10M0";"A1100";"P1D_L";"ZZ";"3.097"
"2008-05-14";"J10M0";"A1100";"P1D_L";"ZZ";"3.161"
"2008-05-15";"J10M0";"A1100";"P1D_L";"ZZ";"3.203"
"2008-05-16";"J10M0";"A1100";"P1D_L";"ZZ";"3.177"
"2008-05-19";"J10M0";"A1100";"P1D_L";"ZZ";"3.148"
"2008-05-20";"J10M0";"A1100";"P1D_L";"ZZ";"3.157"
"2008-05-21";"J10M0";"A1100";"P1D_L";"ZZ";"3.164"
"2008-05-22";"J10M0";"A1100";"P1D_L";"ZZ";"3.162"
"2008-05-23";"J10M0";"A1100";"P1D_L";"ZZ";"3.183"
"2008-05-26";"J10M0";"A1100";"P1D_L";"ZZ";"3.2"
"2008-05-27";"J10M0";"A1100";"P1D_L";"ZZ";"3.18"
"2008-05-28";"J10M0";"A1100";"P1D_L";"ZZ";"3.217"
"2008-05-29";"J10M0";"A1100";"P1D_L";"ZZ";"3.272"
"2008-05-30";"J10M0";"A1100";"P1D_L";"ZZ";"3.284"
"2008-06-02";"J10M0";"A1100";"P1D_L";"ZZ";"3.242"
"2008-06-03";"J10M0";"A1100";"P1D_L";"ZZ";"3.242"
"2008-06-04";"J10M0";"A1100";"P1D_L";"ZZ";"3.264"
"2008-06-05";"J10M0";"A1100";"P1D_L";"ZZ";"3.284"
"2008-06-06";"J10M0";"A1100";"P1D_L";"ZZ";"3.264"
"2008-06-09";"J10M0";"A1100";"P1D_L";"ZZ";"3.289"
"2008-06-10";"J10M0";"A1100";"P1D_L";"ZZ";"3.353"
"2008-06-11";"J10M0";"A1100";"P1D_L";"ZZ";"3.373"
"2008-06-12";"J10M0";"A1100";"P1D_L";"ZZ";"3.405"
"2008-06-13";"J10M0";"A1100";"P1D_L";"ZZ";"3.397"
"2008-06-16";"J10M0";"A1100";"P1D_L";"ZZ";"3.382"
"2008-06-17";"J10M0";"A1100";"P1D_L";"ZZ";"3.348"
"2008-06-18";"J10M0";"A1100";"P1D_L";"ZZ";"3.343"
"2008-06-19";"J10M0";"A1100";"P1D_L";"ZZ";"3.325"
"2008-06-20";"J10M0";"A1100";"P1D_L";"ZZ";"3.364"
"2008-06-23";"J10M0";"A1100";"P1D_L";"ZZ";"3.317"
"2008-06-24";"J10M0";"A1100";"P1D_L";"ZZ";"3.327"
"2008-06-25";"J10M0";"A1100";"P1D_L";"ZZ";"3.334"
"2008-06-26";"J10M0";"A1100";"P1D_L";"ZZ";"3.335"
"2008-06-27";"J10M0";"A1100";"P1D_L";"ZZ";"3.257"
"2008-06-30";"J10M0";"A1100";"P1D_L";"ZZ";"3.29"
"2008-07-01";"J10M0";"A1100";"P1D_L";"ZZ";"3.292"
"2008-07-02";"J10M0";"A1100";"P1D_L";"ZZ";"3.301"
"2008-07-03";"J10M0";"A1100";"P1D_L";"ZZ";"3.299"
"2008-07-04";"J10M0";"A1100";"P1D_L";"ZZ";"3.256"
"2008-07-07";"J10M0";"A1100";"P1D_L";"ZZ";"3.201"
"2008-07-08";"J10M0";"A1100";"P1D_L";"ZZ";"3.18"
"2008-07-09";"J10M0";"A1100";"P1D_L";"ZZ";"3.174"
"2008-07-10";"J10M0";"A1100";"P1D_L";"ZZ";"3.136"
"2008-07-11";"J10M0";"A1100";"P1D_L";"ZZ";"3.13"
"2008-07-14";"J10M0";"A1100";"P1D_L";"ZZ";"3.158"
"2008-07-15";"J10M0";"A1100";"P1D_L";"ZZ";"3.14"
"2008-07-16";"J10M0";"A1100";"P1D_L";"ZZ";"3.103"
"2008-07-17";"J10M0";"A1100";"P1D_L";"ZZ";"3.139"
"2008-07-18";"J10M0";"A1100";"P1D_L";"ZZ";"3.146"
"2008-07-21";"J10M0";"A1100";"P1D_L";"ZZ";"3.211"
"2008-07-22";"J10M0";"A1100";"P1D_L";"ZZ";"3.251"
"2008-07-23";"J10M0";"A1100";"P1D_L";"ZZ";"3.315"
"2008-07-24";"J10M0";"A1100";"P1D_L";"ZZ";"3.273"
"2008-07-25";"J10M0";"A1100";"P1D_L";"ZZ";"3.232"
"2008-07-28";"J10M0";"A1100";"P1D_L";"ZZ";"3.248"
"2008-07-29";"J10M0";"A1100";"P1D_L";"ZZ";"3.209"
"2008-07-30";"J10M0";"A1100";"P1D_L";"ZZ";"3.171"
"2008-07-31";"J10M0";"A1100";"P1D_L";"ZZ";"3.166"
"2008-08-01";"J10M0";"A1100";"P1D_L";"ZZ";
"2008-08-04";"J10M0";"A1100";"P1D_L";"ZZ";"3.092"
"2008-08-05";"J10M0";"A1100";"P1D_L";"ZZ";"3.091"
"2008-08-06";"J10M0";"A1100";"P1D_L";"ZZ";"3.067"
"2008-08-07";"J10M0";"A1100";"P1D_L";"ZZ";"3.102"
"2008-08-08";"J10M0";"A1100";"P1D_L";"ZZ";"3.036"
"2008-08-11";"J10M0";"A1100";"P1D_L";"ZZ";"3.026"
"2008-08-12";"J10M0";"A1100";"P1D_L";"ZZ";"3.017"
"2008-08-13";"J10M0";"A1100";"P1D_L";"ZZ";"2.984"
"2008-08-14";"J10M0";"A1100";"P1D_L";"ZZ";"2.962"
"2008-08-15";"J10M0";"A1100";"P1D_L";"ZZ";"2.952"
"2008-08-18";"J10M0";"A1100";"P1D_L";"ZZ";"2.928"
"2008-08-19";"J10M0";"A1100";"P1D_L";"ZZ";"2.894"
"2008-08-20";"J10M0";"A1100";"P1D_L";"ZZ";"2.912"
"2008-08-21";"J10M0";"A1100";"P1D_L";"ZZ";"2.89"
"2008-08-22";"J10M0";"A1100";"P1D_L";"ZZ";"2.936"
"2008-08-25";"J10M0";"A1100";"P1D_L";"ZZ";"2.947"
"2008-08-26";"J10M0";"A1100";"P1D_L";"ZZ";"2.923"
"2008-08-27";"J10M0";"A1100";"P1D_L";"ZZ";"2.911"
"2008-08-28";"J10M0";"A1100";"P1D_L";"ZZ";"2.942"
"2008-08-29";"J10M0";"A1100";"P1D_L";"ZZ";"2.942"
"2008-09-01";"J10M0";"A1100";"P1D_L";"ZZ";"2.921"
"2008-09-02";"J10M0";"A1100";"P1D_L";"ZZ";"2.971"
"2008-09-03";"J10M0";"A1100";"P1D_L";"ZZ";"2.949"
"2008-09-04";"J10M0";"A1100";"P1D_L";"ZZ";"2.965"
"2008-09-05";"J10M0";"A1100";"P1D_L";"ZZ";"2.924"
"2008-09-08";"J10M0";"A1100";"P1D_L";"ZZ";"2.923"
"2008-09-09";"J10M0";"A1100";"P1D_L";"ZZ";"2.904"
"2008-09-10";"J10M0";"A1100";"P1D_L";"ZZ";"2.912"
"2008-09-11";"J10M0";"A1100";"P1D_L";"ZZ";"2.926"
"2008-09-12";"J10M0";"A1100";"P1D_L";"ZZ";"2.918"
"2008-09-15";"J10M0";"A1100";"P1D_L";"ZZ";"2.825"
"2008-09-16";"J10M0";"A1100";"P1D_L";"ZZ";"2.807"
"2008-09-17";"J10M0";"A1100";"P1D_L";"ZZ";"2.827"
"2008-09-18";"J10M0";"A1100";"P1D_L";"ZZ";"2.792"
"2008-09-19";"J10M0";"A1100";"P1D_L";"ZZ";"2.835"
"2008-09-22";"J10M0";"A1100";"P1D_L";"ZZ";"2.911"
"2008-09-23";"J10M0";"A1100";"P1D_L";"ZZ";"2.908"
"2008-09-24";"J10M0";"A1100";"P1D_L";"ZZ";"2.916"
"2008-09-25";"J10M0";"A1100";"P1D_L";"ZZ";"2.95"
"2008-09-26";"J10M0";"A1100";"P1D_L";"ZZ";"2.899"
"2008-09-29";"J10M0";"A1100";"P1D_L";"ZZ";"2.794"
"2008-09-30";"J10M0";"A1100";"P1D_L";"ZZ";"2.669"
"2008-10-01";"J10M0";"A1100";"P1D_L";"ZZ";"2.588"
"2008-10-02";"J10M0";"A1100";"P1D_L";"ZZ";"2.611"
"2008-10-03";"J10M0";"A1100";"P1D_L";"ZZ";"2.541"
"2008-10-06";"J10M0";"A1100";"P1D_L";"ZZ";"2.578"
"2008-10-07";"J10M0";"A1100";"P1D_L";"ZZ";"2.611"
"2008-10-08";"J10M0";"A1100";"P1D_L";"ZZ";"2.55"
"2008-10-09";"J10M0";"A1100";"P1D_L";"ZZ";"2.636"
"2008-10-10";"J10M0";"A1100";"P1D_L";"ZZ";"2.627"
"2008-10-13";"J10M0";"A1100";"P1D_L";"ZZ";"2.836"
"2008-10-14";"J10M0";"A1100";"P1D_L";"ZZ";"2.894"
"2008-10-15";"J10M0";"A1100";"P1D_L";"ZZ";"2.89"
"2008-10-16";"J10M0";"A1100";"P1D_L";"ZZ";"2.905"
"2008-10-17";"J10M0";"A1100";"P1D_L";"ZZ";"2.941"
"2008-10-20";"J10M0";"A1100";"P1D_L";"ZZ";"2.921"
"2008-10-21";"J10M0";"A1100";"P1D_L";"ZZ";"2.903"
"2008-10-22";"J10M0";"A1100";"P1D_L";"ZZ";"2.848"
"2008-10-23";"J10M0";"A1100";"P1D_L";"ZZ";"2.807"
"2008-10-24";"J10M0";"A1100";"P1D_L";"ZZ";"2.704"
"2008-10-27";"J10M0";"A1100";"P1D_L";"ZZ";"2.679"
"2008-10-28";"J10M0";"A1100";"P1D_L";"ZZ";"2.772"
"2008-10-29";"J10M0";"A1100";"P1D_L";"ZZ";"2.764"
"2008-10-30";"J10M0";"A1100";"P1D_L";"ZZ";"2.809"
"2008-10-31";"J10M0";"A1100";"P1D_L";"ZZ";"2.764"
"2008-11-03";"J10M0";"A1100";"P1D_L";"ZZ";"2.83"
"2008-11-04";"J10M0";"A1100";"P1D_L";"ZZ";"2.823"
"2008-11-05";"J10M0";"A1100";"P1D_L";"ZZ";"2.893"
"2008-11-06";"J10M0";"A1100";"P1D_L";"ZZ";"2.899"
"2008-11-07";"J10M0";"A1100";"P1D_L";"ZZ";"2.795"
"2008-11-10";"J10M0";"A1100";"P1D_L";"ZZ";"2.776"
"2008-11-11";"J10M0";"A1100";"P1D_L";"ZZ";"2.727"
"2008-11-12";"J10M0";"A1100";"P1D_L";"ZZ";"2.713"
"2008-11-13";"J10M0";"A1100";"P1D_L";"ZZ";"2.713"
"2008-11-14";"J10M0";"A1100";"P1D_L";"ZZ";"2.718"
"2008-11-17";"J10M0";"A1100";"P1D_L";"ZZ";"2.622"
"2008-11-18";"J10M0";"A1100";"P1D_L";"ZZ";"2.572"
"2008-11-19";"J10M0";"A1100";"P1D_L";"ZZ";"2.519"
"2008-11-20";"J10M0";"A1100";"P1D_L";"ZZ";"2.379"
"2008-11-21";"J10M0";"A1100";"P1D_L";"ZZ";"2.219"
"2008-11-24";"J10M0";"A1100";"P1D_L";"ZZ";"2.205"
"2008-11-25";"J10M0";"A1100";"P1D_L";"ZZ";"2.289"
"2008-11-26";"J10M0";"A1100";"P1D_L";"ZZ";"2.215"
"2008-11-27";"J10M0";"A1100";"P1D_L";"ZZ";"2.235"
"2008-11-28";"J10M0";"A1100";"P1D_L";"ZZ";"2.226"
"2008-12-01";"J10M0";"A1100";"P1D_L";"ZZ";"2.248"
"2008-12-02";"J10M0";"A1100";"P1D_L";"ZZ";"2.159"
"2008-12-03";"J10M0";"A1100";"P1D_L";"ZZ";"2.113"
"2008-12-04";"J10M0";"A1100";"P1D_L";"ZZ";"2.036"
"2008-12-05";"J10M0";"A1100";"P1D_L";"ZZ";"2.123"
"2008-12-08";"J10M0";"A1100";"P1D_L";"ZZ";"2.137"
"2008-12-09";"J10M0";"A1100";"P1D_L";"ZZ";"2.157"
"2008-12-10";"J10M0";"A1100";"P1D_L";"ZZ";"2.241"
"2008-12-11";"J10M0";"A1100";"P1D_L";"ZZ";"2.195"
"2008-12-12";"J10M0";"A1100";"P1D_L";"ZZ";"2.195"
"2008-12-15";"J10M0";"A1100";"P1D_L";"ZZ";"2.188"
"2008-12-16";"J10M0";"A1100";"P1D_L";"ZZ";"2.187"
"2008-12-17";"J10M0";"A1100";"P1D_L";"ZZ";"2.154"
"2008-12-18";"J10M0";"A1100";"P1D_L";"ZZ";"2.161"
"2008-12-19";"J10M0";"A1100";"P1D_L";"ZZ";"2.157"
"2008-12-22";"J10M0";"A1100";"P1D_L";"ZZ";"2.166"
"2008-12-23";"J10M0";"A1100";"P1D_L";"ZZ";"2.143"
"2008-12-24";"J10M0";"A1100";"P1D_L";"ZZ";
"2008-12-25";"J10M0";"A1100";"P1D_L";"ZZ";
"2008-12-26";"J10M0";"A1100";"P1D_L";"ZZ";
"2008-12-29";"J10M0";"A1100";"P1D_L";"ZZ";"2.14"
"2008-12-30";"J10M0";"A1100";"P1D_L";"ZZ";"2.148"
"2008-12-31";"J10M0";"A1100";"P1D_L";"ZZ";
"2009-01-01";"J10M0";"A1100";"P1D_L";"ZZ";
"2009-01-02";"J10M0";"A1100";"P1D_L";"ZZ";
"2009-01-05";"J10M0";"A1100";"P1D_L";"ZZ";"2.287"
"2009-01-06";"J10M0";"A1100";"P1D_L";"ZZ";"2.329"
"2009-01-07";"J10M0";"A1100";"P1D_L";"ZZ";"2.402"
"2009-01-08";"J10M0";"A1100";"P1D_L";"ZZ";"2.43"
"2009-01-09";"J10M0";"A1100";"P1D_L";"ZZ";"2.353"
"2009-01-12";"J10M0";"A1100";"P1D_L";"ZZ";"2.26"
"2009-01-13";"J10M0";"A1100";"P1D_L";"ZZ";"2.207"
"2009-01-14";"J10M0";"A1100";"P1D_L";"ZZ";"2.256"
"2009-01-15";"J10M0";"A1100";"P1D_L";"ZZ";"2.131"
"2009-01-16";"J10M0";"A1100";"P1D_L";"ZZ";"2.176"
"2009-01-19";"J10M0";"A1100";"P1D_L";"ZZ";"2.272"
"2009-01-20";"J10M0";"A1100";"P1D_L";"ZZ";"2.284"
"2009-01-21";"J10M0";"A1100";"P1D_L";"ZZ";"2.171"
"2009-01-22";"J10M0";"A1100";"P1D_L";"ZZ";"2.185"
"2009-01-23";"J10M0";"A1100";"P1D_L";"ZZ";"2.189"
"2009-01-26";"J10M0";"A1100";"P1D_L";"ZZ";"2.257"
"2009-01-27";"J10M0";"A1100";"P1D_L";"ZZ";"2.301"
"2009-01-28";"J10M0";"A1100";"P1D_L";"ZZ";"2.235"
"2009-01-29";"J10M0";"A1100";"P1D_L";"ZZ";"2.194"
"2009-01-30";"J10M0";"A1100";"P1D_L";"ZZ";"2.221"
"2009-02-02";"J10M0";"A1100";"P1D_L";"ZZ";"2.17"
"2009-02-03";"J10M0";"A1100";"P1D_L";"ZZ";"2.1"
"2009-02-04";"J10M0";"A1100";"P1D_L";"ZZ";"2.139"
"2009-02-05";"J10M0";"A1100";"P1D_L";"ZZ";"2.163"
"2009-02-06";"J10M0";"A1100";"P1D_L";"ZZ";"2.127"
"2009-02-09";"J10M0";"A1100";"P1D_L";"ZZ";"2.13"
"2009-02-10";"J10M0";"A1100";"P1D_L";"ZZ";"2.134"
"2009-02-11";"J10M0";"A1100";"P1D_L";"ZZ";"2.098"
"2009-02-12";"J10M0";"A1100";"P1D_L";"ZZ";"2.02"
"2009-02-13";"J10M0";"A1100";"P1D_L";"ZZ";"1.98"
"2009-02-16";"J10M0";"A1100";"P1D_L";"ZZ";"2.01"
"2009-02-17";"J10M0";"A1100";"P1D_L";"ZZ";"1.973"
"2009-02-18";"J10M0";"A1100";"P1D_L";"ZZ";"1.965"
"2009-02-19";"J10M0";"A1100";"P1D_L";"ZZ";"1.978"
"2009-02-20";"J10M0";"A1100";"P1D_L";"ZZ";"2.025"
"2009-02-23";"J10M0";"A1100";"P1D_L";"ZZ";"2.104"
"2009-02-24";"J10M0";"A1100";"P1D_L";"ZZ";"2.069"
"2009-02-25";"J10M0";"A1100";"P1D_L";"ZZ";"2.099"
"2009-02-26";"J10M0";"A1100";"P1D_L";"ZZ";"2.161"
"2009-02-27";"J10M0";"A1100";"P1D_L";"ZZ";"2.174"
"2009-03-02";"J10M0";"A1100";"P1D_L";"ZZ";"2.149"
"2009-03-03";"J10M0";"A1100";"P1D_L";"ZZ";"2.183"
"2009-03-04";"J10M0";"A1100";"P1D_L";"ZZ";"2.197"
"2009-03-05";"J10M0";"A1100";"P1D_L";"ZZ";"2.19"
"2009-03-06";"J10M0";"A1100";"P1D_L";"ZZ";"2.097"
"2009-03-09";"J10M0";"A1100";"P1D_L";"ZZ";"2.108"
"2009-03-10";"J10M0";"A1100";"P1D_L";"ZZ";"2.141"
"2009-03-11";"J10M0";"A1100";"P1D_L";"ZZ";"2.241"
"2009-03-12";"J10M0";"A1100";"P1D_L";"ZZ";"2.262"
"2009-03-13";"J10M0";"A1100";"P1D_L";"ZZ";"2.184"
"2009-03-16";"J10M0";"A1100";"P1D_L";"ZZ";"2.184"
"2009-03-17";"J10M0";"A1100";"P1D_L";"ZZ";"2.165"
"2009-03-18";"J10M0";"A1100";"P1D_L";"ZZ";"2.085"
"2009-03-19";"J10M0";"A1100";"P1D_L";"ZZ";"2.07"
"2009-03-20";"J10M0";"A1100";"P1D_L";"ZZ";"2.032"
"2009-03-23";"J10M0";"A1100";"P1D_L";"ZZ";"2.058"
"2009-03-24";"J10M0";"A1100";"P1D_L";"ZZ";"2.202"
"2009-03-25";"J10M0";"A1100";"P1D_L";"ZZ";"2.23"
"2009-03-26";"J10M0";"A1100";"P1D_L";"ZZ";"2.218"
"2009-03-27";"J10M0";"A1100";"P1D_L";"ZZ";"2.198"
"2009-03-30";"J10M0";"A1100";"P1D_L";"ZZ";"2.173"
"2009-03-31";"J10M0";"A1100";"P1D_L";"ZZ";"2.175"
"2009-04-01";"J10M0";"A1100";"P1D_L";"ZZ";"2.161"
"2009-04-02";"J10M0";"A1100";"P1D_L";"ZZ";"2.189"
"2009-04-03";"J10M0";"A1100";"P1D_L";"ZZ";"2.228"
"2009-04-06";"J10M0";"A1100";"P1D_L";"ZZ";"2.277"
"2009-04-07";"J10M0";"A1100";"P1D_L";"ZZ";"2.285"
"2009-04-08";"J10M0";"A1100";"P1D_L";"ZZ";"2.262"
"2009-04-09";"J10M0";"A1100";"P1D_L";"ZZ";"2.273"
"2009-04-10";"J10M0";"A1100";"P1D_L";"ZZ";
"2009-04-13";"J10M0";"A1100";"P1D_L";"ZZ";
"2009-04-14";"J10M0";"A1100";"P1D_L";"ZZ";"2.226"
"2009-04-15";"J10M0";"A1100";"P1D_L";"ZZ";"2.203"
"2009-04-16";"J10M0";"A1100";"P1D_L";"ZZ";"2.198"
"2009-04-17";"J10M0";"A1100";"P1D_L";"ZZ";"2.198"
"2009-04-20";"J10M0";"A1100";"P1D_L";"ZZ";"2.195"
"2009-04-21";"J10M0";"A1100";"P1D_L";"ZZ";"2.109"
"2009-04-22";"J10M0";"A1100";"P1D_L";"ZZ";"2.151"
"2009-04-23";"J10M0";"A1100";"P1D_L";"ZZ";"2.163"
"2009-04-24";"J10M0";"A1100";"P1D_L";"ZZ";"2.157"
"2009-04-27";"J10M0";"A1100";"P1D_L";"ZZ";"2.113"
"2009-04-28";"J10M0";"A1100";"P1D_L";"ZZ";"2.112"
"2009-04-29";"J10M0";"A1100";"P1D_L";"ZZ";"2.162"
"2009-04-30";"J10M0";"A1100";"P1D_L";"ZZ";"2.196"
"2009-05-01";"J10M0";"A1100";"P1D_L";"ZZ";
"2009-05-04";"J10M0";"A1100";"P1D_L";"ZZ";"2.25"
"2009-05-05";"J10M0";"A1100";"P1D_L";"ZZ";"2.273"
"2009-05-06";"J10M0";"A1100";"P1D_L";"ZZ";"2.256"
"2009-05-07";"J10M0";"A1100";"P1D_L";"ZZ";"2.282"
"2009-05-08";"J10M0";"A1100";"P1D_L";"ZZ";"2.39"
"2009-05-11";"J10M0";"A1100";"P1D_L";"ZZ";"2.404"
"2009-05-12";"J10M0";"A1100";"P1D_L";"ZZ";"2.389"
"2009-05-13";"J10M0";"A1100";"P1D_L";"ZZ";"2.393"
"2009-05-14";"J10M0";"A1100";"P1D_L";"ZZ";"2.32"
"2009-05-15";"J10M0";"A1100";"P1D_L";"ZZ";"2.305"
"2009-05-18";"J10M0";"A1100";"P1D_L";"ZZ";"2.333"
"2009-05-19";"J10M0";"A1100";"P1D_L";"ZZ";"2.333"
"2009-05-20";"J10M0";"A1100";"P1D_L";"ZZ";"2.363"
"2009-05-21";"J10M0";"A1100";"P1D_L";"ZZ";
"2009-05-22";"J10M0";"A1100";"P1D_L";"ZZ";"2.391"
"2009-05-25";"J10M0";"A1100";"P1D_L";"ZZ";"2.491"
"2009-05-26";"J10M0";"A1100";"P1D_L";"ZZ";"2.483"
"2009-05-27";"J10M0";"A1100";"P1D_L";"ZZ";"2.51"
"2009-05-28";"J10M0";"A1100";"P1D_L";"ZZ";"2.544"
"2009-05-29";"J10M0";"A1100";"P1D_L";"ZZ";"2.536"
"2009-06-01";"J10M0";"A1100";"P1D_L";"ZZ";
"2009-06-02";"J10M0";"A1100";"P1D_L";"ZZ";"2.565"
"2009-06-03";"J10M0";"A1100";"P1D_L";"ZZ";"2.509"
"2009-06-04";"J10M0";"A1100";"P1D_L";"ZZ";"2.528"
"2009-06-05";"J10M0";"A1100";"P1D_L";"ZZ";"2.553"
"2009-06-08";"J10M0";"A1100";"P1D_L";"ZZ";"2.611"
"2009-06-09";"J10M0";"A1100";"P1D_L";"ZZ";"2.588"
"2009-06-10";"J10M0";"A1100";"P1D_L";"ZZ";"2.596"
"2009-06-11";"J10M0";"A1100";"P1D_L";"ZZ";"2.609"
"2009-06-12";"J10M0";"A1100";"P1D_L";"ZZ";"2.551"
"2009-06-15";"J10M0";"A1100";"P1D_L";"ZZ";"2.499"
"2009-06-16";"J10M0";"A1100";"P1D_L";"ZZ";"2.497"
"2009-06-17";"J10M0";"A1100";"P1D_L";"ZZ";"2.477"
"2009-06-18";"J10M0";"A1100";"P1D_L";"ZZ";"2.475"
"2009-06-19";"J10M0";"A1100";"P1D_L";"ZZ";"2.53"
"2009-06-22";"J10M0";"A1100";"P1D_L";"ZZ";"2.491"
"2009-06-23";"J10M0";"A1100";"P1D_L";"ZZ";"2.489"
"2009-06-24";"J10M0";"A1100";"P1D_L";"ZZ";"2.517"
"2009-06-25";"J10M0";"A1100";"P1D_L";"ZZ";"2.514"
"2009-06-26";"J10M0";"A1100";"P1D_L";"ZZ";"2.508"
"2009-06-29";"J10M0";"A1100";"P1D_L";"ZZ";"2.478"
"2009-06-30";"J10M0";"A1100";"P1D_L";"ZZ";"2.478"
"2009-07-01";"J10M0";"A1100";"P1D_L";"ZZ";"2.484"
"2009-07-02";"J10M0";"A1100";"P1D_L";"ZZ";"2.483"
"2009-07-03";"J10M0";"A1100";"P1D_L";"ZZ";"2.451"
"2009-07-06";"J10M0";"A1100";"P1D_L";"ZZ";"2.426"
"2009-07-07";"J10M0";"A1100";"P1D_L";"ZZ";"2.437"
"2009-07-08";"J10M0";"A1100";"P1D_L";"ZZ";"2.413"
"2009-07-09";"J10M0";"A1100";"P1D_L";"ZZ";"2.43"
"2009-07-10";"J10M0";"A1100";"P1D_L";"ZZ";"2.445"
"2009-07-13";"J10M0";"A1100";"P1D_L";"ZZ";"2.383"
"2009-07-14";"J10M0";"A1100";"P1D_L";"ZZ";"2.403"
"2009-07-15";"J10M0";"A1100";"P1D_L";"ZZ";"2.419"
"2009-07-16";"J10M0";"A1100";"P1D_L";"ZZ";"2.432"
"2009-07-17";"J10M0";"A1100";"P1D_L";"ZZ";"2.415"
"2009-07-20";"J10M0";"A1100";"P1D_L";"ZZ";"2.456"
"2009-07-21";"J10M0";"A1100";"P1D_L";"ZZ";"2.413"
"2009-07-22";"J10M0";"A1100";"P1D_L";"ZZ";"2.361"
"2009-07-23";"J10M0";"A1100";"P1D_L";"ZZ";"2.359"
"2009-07-24";"J10M0";"A1100";"P1D_L";"ZZ";"2.347"
"2009-07-27";"J10M0";"A1100";"P1D_L";"ZZ";"2.315"
"2009-07-28";"J10M0";"A1100";"P1D_L";"ZZ";"2.3"
"2009-07-29";"J10M0";"A1100";"P1D_L";"ZZ";"2.225"
"2009-07-30";"J10M0";"A1100";"P1D_L";"ZZ";"2.203"
"2009-07-31";"J10M0";"A1100";"P1D_L";"ZZ";"2.192"
"2009-08-03";"J10M0";"A1100";"P1D_L";"ZZ";"2.138"
"2009-08-04";"J10M0";"A1100";"P1D_L";"ZZ";"2.162"
"2009-08-05";"J10M0";"A1100";"P1D_L";"ZZ";"2.184"
"2009-08-06";"J10M0";"A1100";"P1D_L";"ZZ";"2.211"
"2009-08-07";"J10M0";"A1100";"P1D_L";"ZZ";"2.175"
"2009-08-10";"J10M0";"A1100";"P1D_L";"ZZ";"2.226"
"2009-08-11";"J10M0";"A1100";"P1D_L";"ZZ";"2.191"
"2009-08-12";"J10M0";"A1100";"P1D_L";"ZZ";"2.149"
"2009-08-13";"J10M0";"A1100";"P1D_L";"ZZ";"2.182"
"2009-08-14";"J10M0";"A1100";"P1D_L";"ZZ";"2.144"
"2009-08-17";"J10M0";"A1100";"P1D_L";"ZZ";"2.117"
"2009-08-18";"J10M0";"A1100";"P1D_L";"ZZ";"2.167"
"2009-08-19";"J10M0";"A1100";"P1D_L";"ZZ";"2.118"
"2009-08-20";"J10M0";"A1100";"P1D_L";"ZZ";"2.139"
"2009-08-21";"J10M0";"A1100";"P1D_L";"ZZ";"2.131"
"2009-08-24";"J10M0";"A1100";"P1D_L";"ZZ";"2.177"
"2009-08-25";"J10M0";"A1100";"P1D_L";"ZZ";"2.142"
"2009-08-26";"J10M0";"A1100";"P1D_L";"ZZ";"2.138"
"2009-08-27";"J10M0";"A1100";"P1D_L";"ZZ";"2.12"
"2009-08-28";"J10M0";"A1100";"P1D_L";"ZZ";"2.14"
"2009-08-31";"J10M0";"A1100";"P1D_L";"ZZ";"2.124"
"2009-09-01";"J10M0";"A1100";"P1D_L";"ZZ";"2.163"
"2009-09-02";"J10M0";"A1100";"P1D_L";"ZZ";"2.148"
"2009-09-03";"J10M0";"A1100";"P1D_L";"ZZ";"2.163"
"2009-09-04";"J10M0";"A1100";"P1D_L";"ZZ";"2.176"
"2009-09-07";"J10M0";"A1100";"P1D_L";"ZZ";"2.206"
"2009-09-08";"J10M0";"A1100";"P1D_L";"ZZ";"2.22"
"2009-09-09";"J10M0";"A1100";"P1D_L";"ZZ";"2.242"
"2009-09-10";"J10M0";"A1100";"P1D_L";"ZZ";"2.271"
"2009-09-11";"J10M0";"A1100";"P1D_L";"ZZ";"2.259"
"2009-09-14";"J10M0";"A1100";"P1D_L";"ZZ";"2.224"
"2009-09-15";"J10M0";"A1100";"P1D_L";"ZZ";"2.239"
"2009-09-16";"J10M0";"A1100";"P1D_L";"ZZ";"2.246"
"2009-09-17";"J10M0";"A1100";"P1D_L";"ZZ";"2.273"
"2009-09-18";"J10M0";"A1100";"P1D_L";"ZZ";"2.239"
"2009-09-21";"J10M0";"A1100";"P1D_L";"ZZ";"2.249"
"2009-09-22";"J10M0";"A1100";"P1D_L";"ZZ";"2.247"
"2009-09-23";"J10M0";"A1100";"P1D_L";"ZZ";"2.236"
"2009-09-24";"J10M0";"A1100";"P1D_L";"ZZ";"2.2"
"2009-09-25";"J10M0";"A1100";"P1D_L";"ZZ";"2.205"
"2009-09-28";"J10M0";"A1100";"P1D_L";"ZZ";"2.179"
"2009-09-29";"J10M0";"A1100";"P1D_L";"ZZ";"2.178"
"2009-09-30";"J10M0";"A1100";"P1D_L";"ZZ";"2.155"
"2009-10-01";"J10M0";"A1100";"P1D_L";"ZZ";"2.139"
"2009-10-02";"J10M0";"A1100";"P1D_L";"ZZ";"2.098"
"2009-10-05";"J10M0";"A1100";"P1D_L";"ZZ";"2.102"
"2009-10-06";"J10M0";"A1100";"P1D_L";"ZZ";"2.106"
"2009-10-07";"J10M0";"A1100";"P1D_L";"ZZ";"2.104"
"2009-10-08";"J10M0";"A1100";"P1D_L";"ZZ";"2.104"
"2009-10-09";"J10M0";"A1100";"P1D_L";"ZZ";"2.148"
"2009-10-12";"J10M0";"A1100";"P1D_L";"ZZ";"2.183"
"2009-10-13";"J10M0";"A1100";"P1D_L";"ZZ";"2.151"
"2009-10-14";"J10M0";"A1100";"P1D_L";"ZZ";"2.165"
"2009-10-15";"J10M0";"A1100";"P1D_L";"ZZ";"2.183"
"2009-10-16";"J10M0";"A1100";"P1D_L";"ZZ";"2.224"
"2009-10-19";"J10M0";"A1100";"P1D_L";"ZZ";"2.25"
"2009-10-20";"J10M0";"A1100";"P1D_L";"ZZ";"2.281"
"2009-10-21";"J10M0";"A1100";"P1D_L";"ZZ";"2.255"
"2009-10-22";"J10M0";"A1100";"P1D_L";"ZZ";"2.267"
"2009-10-23";"J10M0";"A1100";"P1D_L";"ZZ";"2.293"
"2009-10-26";"J10M0";"A1100";"P1D_L";"ZZ";"2.291"
"2009-10-27";"J10M0";"A1100";"P1D_L";"ZZ";"2.276"
"2009-10-28";"J10M0";"A1100";"P1D_L";"ZZ";"2.21"
"2009-10-29";"J10M0";"A1100";"P1D_L";"ZZ";"2.219"
"2009-10-30";"J10M0";"A1100";"P1D_L";"ZZ";"2.207"
"2009-11-02";"J10M0";"A1100";"P1D_L";"ZZ";"2.166"
"2009-11-03";"J10M0";"A1100";"P1D_L";"ZZ";"2.1"
"2009-11-04";"J10M0";"A1100";"P1D_L";"ZZ";"2.16"
"2009-11-05";"J10M0";"A1100";"P1D_L";"ZZ";"2.143"
"2009-11-06";"J10M0";"A1100";"P1D_L";"ZZ";"2.117"
"2009-11-09";"J10M0";"A1100";"P1D_L";"ZZ";"2.143"
"2009-11-10";"J10M0";"A1100";"P1D_L";"ZZ";"2.133"
"2009-11-11";"J10M0";"A1100";"P1D_L";"ZZ";"2.145"
"2009-11-12";"J10M0";"A1100";"P1D_L";"ZZ";"2.122"
"2009-11-13";"J10M0";"A1100";"P1D_L";"ZZ";"2.112"
"2009-11-16";"J10M0";"A1100";"P1D_L";"ZZ";"2.132"
"2009-11-17";"J10M0";"A1100";"P1D_L";"ZZ";"2.103"
"2009-11-18";"J10M0";"A1100";"P1D_L";"ZZ";"2.098"
"2009-11-19";"J10M0";"A1100";"P1D_L";"ZZ";"2.127"
"2009-11-20";"J10M0";"A1100";"P1D_L";"ZZ";"2.117"
"2009-11-23";"J10M0";"A1100";"P1D_L";"ZZ";"2.104"
"2009-11-24";"J10M0";"A1100";"P1D_L";"ZZ";"2.049"
"2009-11-25";"J10M0";"A1100";"P1D_L";"ZZ";"2.037"
"2009-11-26";"J10M0";"A1100";"P1D_L";"ZZ";"2.032"
"2009-11-27";"J10M0";"A1100";"P1D_L";"ZZ";"1.998"
"2009-11-30";"J10M0";"A1100";"P1D_L";"ZZ";"2.002"
"2009-12-01";"J10M0";"A1100";"P1D_L";"ZZ";"1.987"
"2009-12-02";"J10M0";"A1100";"P1D_L";"ZZ";"2.015"
"2009-12-03";"J10M0";"A1100";"P1D_L";"ZZ";"2.029"
"2009-12-04";"J10M0";"A1100";"P1D_L";"ZZ";"2.003"
"2009-12-07";"J10M0";"A1100";"P1D_L";"ZZ";"2.047"
"2009-12-08";"J10M0";"A1100";"P1D_L";"ZZ";"2.033"
"2009-12-09";"J10M0";"A1100";"P1D_L";"ZZ";"2.007"
"2009-12-10";"J10M0";"A1100";"P1D_L";"ZZ";"1.994"
"2009-12-11";"J10M0";"A1100";"P1D_L";"ZZ";"2.001"
"2009-12-14";"J10M0";"A1100";"P1D_L";"ZZ";"1.989"
"2009-12-15";"J10M0";"A1100";"P1D_L";"ZZ";"1.977"
"2009-12-16";"J10M0";"A1100";"P1D_L";"ZZ";"1.99"
"2009-12-17";"J10M0";"A1100";"P1D_L";"ZZ";"1.982"
"2009-12-18";"J10M0";"A1100";"P1D_L";"ZZ";"1.952"
"2009-12-21";"J10M0";"A1100";"P1D_L";"ZZ";"1.916"
"2009-12-22";"J10M0";"A1100";"P1D_L";"ZZ";"1.946"
"2009-12-23";"J10M0";"A1100";"P1D_L";"ZZ";"1.938"
"2009-12-24";"J10M0";"A1100";"P1D_L";"ZZ";
"2009-12-25";"J10M0";"A1100";"P1D_L";"ZZ";
"2009-12-28";"J10M0";"A1100";"P1D_L";"ZZ";"1.953"
"2009-12-29";"J10M0";"A1100";"P1D_L";"ZZ";"1.96"
"2009-12-30";"J10M0";"A1100";"P1D_L";"ZZ";"1.972"
"2009-12-31";"J10M0";"A1100";"P1D_L";"ZZ";
"2010-01-01";"J10M0";"A1100";"P1D_L";"ZZ";
"2010-01-04";"J10M0";"A1100";"P1D_L";"ZZ";"2.049"
"2010-01-05";"J10M0";"A1100";"P1D_L";"ZZ";"2.065"
"2010-01-06";"J10M0";"A1100";"P1D_L";"ZZ";"2.062"
"2010-01-07";"J10M0";"A1100";"P1D_L";"ZZ";"2.07"
"2010-01-08";"J10M0";"A1100";"P1D_L";"ZZ";"2.064"
"2010-01-11";"J10M0";"A1100";"P1D_L";"ZZ";"2.072"
"2010-01-12";"J10M0";"A1100";"P1D_L";"ZZ";"2.054"
"2010-01-13";"J10M0";"A1100";"P1D_L";"ZZ";"2.043"
"2010-01-14";"J10M0";"A1100";"P1D_L";"ZZ";"1.985"
"2010-01-15";"J10M0";"A1100";"P1D_L";"ZZ";"1.977"
"2010-01-18";"J10M0";"A1100";"P1D_L";"ZZ";"1.977"
"2010-01-19";"J10M0";"A1100";"P1D_L";"ZZ";"1.978"
"2010-01-20";"J10M0";"A1100";"P1D_L";"ZZ";"1.973"
"2010-01-21";"J10M0";"A1100";"P1D_L";"ZZ";"2.02"
"2010-01-22";"J10M0";"A1100";"P1D_L";"ZZ";"1.999"
"2010-01-25";"J10M0";"A1100";"P1D_L";"ZZ";"2.018"
"2010-01-26";"J10M0";"A1100";"P1D_L";"ZZ";"2.018"
"2010-01-27";"J10M0";"A1100";"P1D_L";"ZZ";"2.006"
"2010-01-28";"J10M0";"A1100";"P1D_L";"ZZ";"2.03"
"2010-01-29";"J10M0";"A1100";"P1D_L";"ZZ";"2.01"
"2010-02-01";"J10M0";"A1100";"P1D_L";"ZZ";"1.995"
"2010-02-02";"J10M0";"A1100";"P1D_L";"ZZ";"1.993"
"2010-02-03";"J10M0";"A1100";"P1D_L";"ZZ";"1.998"
"2010-02-04";"J10M0";"A1100";"P1D_L";"ZZ";"1.989"
"2010-02-05";"J10M0";"A1100";"P1D_L";"ZZ";"1.936"
"2010-02-08";"J10M0";"A1100";"P1D_L";"ZZ";"1.925"
"2010-02-09";"J10M0";"A1100";"P1D_L";"ZZ";"1.93"
"2010-02-10";"J10M0";"A1100";"P1D_L";"ZZ";"1.976"
"2010-02-11";"J10M0";"A1100";"P1D_L";"ZZ";"1.955"
"2010-02-12";"J10M0";"A1100";"P1D_L";"ZZ";"1.958"
"2010-02-15";"J10M0";"A1100";"P1D_L";"ZZ";"1.939"
"2010-02-16";"J10M0";"A1100";"P1D_L";"ZZ";"1.938"
"2010-02-17";"J10M0";"A1100";"P1D_L";"ZZ";"1.92"
"2010-02-18";"J10M0";"A1100";"P1D_L";"ZZ";"1.931"
"2010-02-19";"J10M0";"A1100";"P1D_L";"ZZ";"1.986"
"2010-02-22";"J10M0";"A1100";"P1D_L";"ZZ";"2.006"
"2010-02-23";"J10M0";"A1100";"P1D_L";"ZZ";"2.001"
"2010-02-24";"J10M0";"A1100";"P1D_L";"ZZ";"1.935"
"2010-02-25";"J10M0";"A1100";"P1D_L";"ZZ";"1.926"
"2010-02-26";"J10M0";"A1100";"P1D_L";"ZZ";"1.931"
"2010-03-01";"J10M0";"A1100";"P1D_L";"ZZ";"1.924"
"2010-03-02";"J10M0";"A1100";"P1D_L";"ZZ";"1.902"
"2010-03-03";"J10M0";"A1100";"P1D_L";"ZZ";"1.899"
"2010-03-04";"J10M0";"A1100";"P1D_L";"ZZ";"1.908"
"2010-03-05";"J10M0";"A1100";"P1D_L";"ZZ";"1.887"
"2010-03-08";"J10M0";"A1100";"P1D_L";"ZZ";"1.892"
"2010-03-09";"J10M0";"A1100";"P1D_L";"ZZ";"1.864"
"2010-03-10";"J10M0";"A1100";"P1D_L";"ZZ";"1.902"
"2010-03-11";"J10M0";"A1100";"P1D_L";"ZZ";"1.924"
"2010-03-12";"J10M0";"A1100";"P1D_L";"ZZ";"1.951"
"2010-03-15";"J10M0";"A1100";"P1D_L";"ZZ";"1.941"
"2010-03-16";"J10M0";"A1100";"P1D_L";"ZZ";"1.959"
"2010-03-17";"J10M0";"A1100";"P1D_L";"ZZ";"1.962"
"2010-03-18";"J10M0";"A1100";"P1D_L";"ZZ";"1.963"
"2010-03-19";"J10M0";"A1100";"P1D_L";"ZZ";"1.98"
"2010-03-22";"J10M0";"A1100";"P1D_L";"ZZ";"1.962"
"2010-03-23";"J10M0";"A1100";"P1D_L";"ZZ";"1.934"
"2010-03-24";"J10M0";"A1100";"P1D_L";"ZZ";"1.954"
"2010-03-25";"J10M0";"A1100";"P1D_L";"ZZ";"1.96"
"2010-03-26";"J10M0";"A1100";"P1D_L";"ZZ";"1.966"
"2010-03-29";"J10M0";"A1100";"P1D_L";"ZZ";"1.962"
"2010-03-30";"J10M0";"A1100";"P1D_L";"ZZ";"1.966"
"2010-03-31";"J10M0";"A1100";"P1D_L";"ZZ";"1.941"
"2010-04-01";"J10M0";"A1100";"P1D_L";"ZZ";"1.943"
"2010-04-02";"J10M0";"A1100";"P1D_L";"ZZ";
"2010-04-05";"J10M0";"A1100";"P1D_L";"ZZ";
"2010-04-06";"J10M0";"A1100";"P1D_L";"ZZ";"1.978"
"2010-04-07";"J10M0";"A1100";"P1D_L";"ZZ";"2.002"
"2010-04-08";"J10M0";"A1100";"P1D_L";"ZZ";"1.957"
"2010-04-09";"J10M0";"A1100";"P1D_L";"ZZ";"1.976"
"2010-04-12";"J10M0";"A1100";"P1D_L";"ZZ";"2.018"
"2010-04-13";"J10M0";"A1100";"P1D_L";"ZZ";"2.015"
"2010-04-14";"J10M0";"A1100";"P1D_L";"ZZ";"1.992"
"2010-04-15";"J10M0";"A1100";"P1D_L";"ZZ";"1.966"
"2010-04-16";"J10M0";"A1100";"P1D_L";"ZZ";"1.947"
"2010-04-19";"J10M0";"A1100";"P1D_L";"ZZ";"1.935"
"2010-04-20";"J10M0";"A1100";"P1D_L";"ZZ";"1.949"
"2010-04-21";"J10M0";"A1100";"P1D_L";"ZZ";"1.949"
"2010-04-22";"J10M0";"A1100";"P1D_L";"ZZ";"1.937"
"2010-04-23";"J10M0";"A1100";"P1D_L";"ZZ";"1.909"
"2010-04-26";"J10M0";"A1100";"P1D_L";"ZZ";"1.908"
"2010-04-27";"J10M0";"A1100";"P1D_L";"ZZ";"1.886"
"2010-04-28";"J10M0";"A1100";"P1D_L";"ZZ";"1.826"
"2010-04-29";"J10M0";"A1100";"P1D_L";"ZZ";"1.85"
"2010-04-30";"J10M0";"A1100";"P1D_L";"ZZ";"1.865"
"2010-05-03";"J10M0";"A1100";"P1D_L";"ZZ";"1.854"
"2010-05-04";"J10M0";"A1100";"P1D_L";"ZZ";"1.852"
"2010-05-05";"J10M0";"A1100";"P1D_L";"ZZ";"1.765"
"2010-05-06";"J10M0";"A1100";"P1D_L";"ZZ";"1.715"
"2010-05-07";"J10M0";"A1100";"P1D_L";"ZZ";"1.651"
"2010-05-10";"J10M0";"A1100";"P1D_L";"ZZ";"1.783"
"2010-05-11";"J10M0";"A1100";"P1D_L";"ZZ";"1.766"
"2010-05-12";"J10M0";"A1100";"P1D_L";"ZZ";"1.759"
"2010-05-13";"J10M0";"A1100";"P1D_L";"ZZ";
"2010-05-14";"J10M0";"A1100";"P1D_L";"ZZ";"1.744"
"2010-05-17";"J10M0";"A1100";"P1D_L";"ZZ";"1.719"
"2010-05-18";"J10M0";"A1100";"P1D_L";"ZZ";"1.704"
"2010-05-19";"J10M0";"A1100";"P1D_L";"ZZ";"1.639"
"2010-05-20";"J10M0";"A1100";"P1D_L";"ZZ";"1.641"
"2010-05-21";"J10M0";"A1100";"P1D_L";"ZZ";"1.583"
"2010-05-24";"J10M0";"A1100";"P1D_L";"ZZ";
"2010-05-25";"J10M0";"A1100";"P1D_L";"ZZ";"1.499"
"2010-05-26";"J10M0";"A1100";"P1D_L";"ZZ";"1.501"
"2010-05-27";"J10M0";"A1100";"P1D_L";"ZZ";"1.541"
"2010-05-28";"J10M0";"A1100";"P1D_L";"ZZ";"1.585"
"2010-05-31";"J10M0";"A1100";"P1D_L";"ZZ";"1.573"
"2010-06-01";"J10M0";"A1100";"P1D_L";"ZZ";"1.549"
"2010-06-02";"J10M0";"A1100";"P1D_L";"ZZ";"1.532"
"2010-06-03";"J10M0";"A1100";"P1D_L";"ZZ";"1.546"
"2010-06-04";"J10M0";"A1100";"P1D_L";"ZZ";"1.575"
"2010-06-07";"J10M0";"A1100";"P1D_L";"ZZ";"1.505"
"2010-06-08";"J10M0";"A1100";"P1D_L";"ZZ";"1.496"
"2010-06-09";"J10M0";"A1100";"P1D_L";"ZZ";"1.515"
"2010-06-10";"J10M0";"A1100";"P1D_L";"ZZ";"1.545"
"2010-06-11";"J10M0";"A1100";"P1D_L";"ZZ";"1.578"
"2010-06-14";"J10M0";"A1100";"P1D_L";"ZZ";"1.589"
"2010-06-15";"J10M0";"A1100";"P1D_L";"ZZ";"1.588"
"2010-06-16";"J10M0";"A1100";"P1D_L";"ZZ";"1.59"
"2010-06-17";"J10M0";"A1100";"P1D_L";"ZZ";"1.597"
"2010-06-18";"J10M0";"A1100";"P1D_L";"ZZ";"1.592"
"2010-06-21";"J10M0";"A1100";"P1D_L";"ZZ";"1.637"
"2010-06-22";"J10M0";"A1100";"P1D_L";"ZZ";"1.626"
"2010-06-23";"J10M0";"A1100";"P1D_L";"ZZ";"1.575"
"2010-06-24";"J10M0";"A1100";"P1D_L";"ZZ";"1.567"
"2010-06-25";"J10M0";"A1100";"P1D_L";"ZZ";"1.532"
"2010-06-28";"J10M0";"A1100";"P1D_L";"ZZ";"1.555"
"2010-06-29";"J10M0";"A1100";"P1D_L";"ZZ";"1.504"
"2010-06-30";"J10M0";"A1100";"P1D_L";"ZZ";"1.509"
"2010-07-01";"J10M0";"A1100";"P1D_L";"ZZ";"1.488"
"2010-07-02";"J10M0";"A1100";"P1D_L";"ZZ";"1.447"
"2010-07-05";"J10M0";"A1100";"P1D_L";"ZZ";"1.463"
"2010-07-06";"J10M0";"A1100";"P1D_L";"ZZ";"1.474"
"2010-07-07";"J10M0";"A1100";"P1D_L";"ZZ";"1.448"
"2010-07-08";"J10M0";"A1100";"P1D_L";"ZZ";"1.46"
"2010-07-09";"J10M0";"A1100";"P1D_L";"ZZ";"1.474"
"2010-07-12";"J10M0";"A1100";"P1D_L";"ZZ";"1.447"
"2010-07-13";"J10M0";"A1100";"P1D_L";"ZZ";"1.418"
"2010-07-14";"J10M0";"A1100";"P1D_L";"ZZ";"1.488"
"2010-07-15";"J10M0";"A1100";"P1D_L";"ZZ";"1.462"
"2010-07-16";"J10M0";"A1100";"P1D_L";"ZZ";"1.484"
"2010-07-19";"J10M0";"A1100";"P1D_L";"ZZ";"1.46"
"2010-07-20";"J10M0";"A1100";"P1D_L";"ZZ";"1.462"
"2010-07-21";"J10M0";"A1100";"P1D_L";"ZZ";"1.455"
"2010-07-22";"J10M0";"A1100";"P1D_L";"ZZ";"1.456"
"2010-07-23";"J10M0";"A1100";"P1D_L";"ZZ";"1.485"
"2010-07-26";"J10M0";"A1100";"P1D_L";"ZZ";"1.523"
"2010-07-27";"J10M0";"A1100";"P1D_L";"ZZ";"1.537"
"2010-07-28";"J10M0";"A1100";"P1D_L";"ZZ";"1.503"
"2010-07-29";"J10M0";"A1100";"P1D_L";"ZZ";"1.513"
"2010-07-30";"J10M0";"A1100";"P1D_L";"ZZ";"1.5"
"2010-08-02";"J10M0";"A1100";"P1D_L";"ZZ";"1.519"
"2010-08-03";"J10M0";"A1100";"P1D_L";"ZZ";"1.532"
"2010-08-04";"J10M0";"A1100";"P1D_L";"ZZ";"1.488"
"2010-08-05";"J10M0";"A1100";"P1D_L";"ZZ";"1.488"
"2010-08-06";"J10M0";"A1100";"P1D_L";"ZZ";"1.467"
"2010-08-09";"J10M0";"A1100";"P1D_L";"ZZ";"1.424"
"2010-08-10";"J10M0";"A1100";"P1D_L";"ZZ";"1.404"
"2010-08-11";"J10M0";"A1100";"P1D_L";"ZZ";"1.365"
"2010-08-12";"J10M0";"A1100";"P1D_L";"ZZ";"1.323"
"2010-08-13";"J10M0";"A1100";"P1D_L";"ZZ";"1.311"
"2010-08-16";"J10M0";"A1100";"P1D_L";"ZZ";"1.268"
"2010-08-17";"J10M0";"A1100";"P1D_L";"ZZ";"1.225"
"2010-08-18";"J10M0";"A1100";"P1D_L";"ZZ";"1.203"
"2010-08-19";"J10M0";"A1100";"P1D_L";"ZZ";"1.207"
"2010-08-20";"J10M0";"A1100";"P1D_L";"ZZ";"1.197"
"2010-08-23";"J10M0";"A1100";"P1D_L";"ZZ";"1.185"
"2010-08-24";"J10M0";"A1100";"P1D_L";"ZZ";"1.149"
"2010-08-25";"J10M0";"A1100";"P1D_L";"ZZ";"1.114"
"2010-08-26";"J10M0";"A1100";"P1D_L";"ZZ";"1.158"
"2010-08-27";"J10M0";"A1100";"P1D_L";"ZZ";"1.17"
"2010-08-30";"J10M0";"A1100";"P1D_L";"ZZ";"1.215"
"2010-08-31";"J10M0";"A1100";"P1D_L";"ZZ";"1.192"
"2010-09-01";"J10M0";"A1100";"P1D_L";"ZZ";"1.2"
"2010-09-02";"J10M0";"A1100";"P1D_L";"ZZ";"1.252"
"2010-09-03";"J10M0";"A1100";"P1D_L";"ZZ";"1.29"
"2010-09-06";"J10M0";"A1100";"P1D_L";"ZZ";"1.342"
"2010-09-07";"J10M0";"A1100";"P1D_L";"ZZ";"1.354"
"2010-09-08";"J10M0";"A1100";"P1D_L";"ZZ";"1.352"
"2010-09-09";"J10M0";"A1100";"P1D_L";"ZZ";"1.403"
"2010-09-10";"J10M0";"A1100";"P1D_L";"ZZ";"1.428"
"2010-09-13";"J10M0";"A1100";"P1D_L";"ZZ";"1.512"
"2010-09-14";"J10M0";"A1100";"P1D_L";"ZZ";"1.483"
"2010-09-15";"J10M0";"A1100";"P1D_L";"ZZ";"1.508"
"2010-09-16";"J10M0";"A1100";"P1D_L";"ZZ";"1.516"
"2010-09-17";"J10M0";"A1100";"P1D_L";"ZZ";"1.479"
"2010-09-20";"J10M0";"A1100";"P1D_L";"ZZ";"1.489"
"2010-09-21";"J10M0";"A1100";"P1D_L";"ZZ";"1.466"
"2010-09-22";"J10M0";"A1100";"P1D_L";"ZZ";"1.395"
"2010-09-23";"J10M0";"A1100";"P1D_L";"ZZ";"1.373"
"2010-09-24";"J10M0";"A1100";"P1D_L";"ZZ";"1.403"
"2010-09-27";"J10M0";"A1100";"P1D_L";"ZZ";"1.402"
"2010-09-28";"J10M0";"A1100";"P1D_L";"ZZ";"1.334"
"2010-09-29";"J10M0";"A1100";"P1D_L";"ZZ";"1.336"
"2010-09-30";"J10M0";"A1100";"P1D_L";"ZZ";"1.372"
"2010-10-01";"J10M0";"A1100";"P1D_L";"ZZ";"1.425"
"2010-10-04";"J10M0";"A1100";"P1D_L";"ZZ";"1.403"
"2010-10-05";"J10M0";"A1100";"P1D_L";"ZZ";"1.396"
"2010-10-06";"J10M0";"A1100";"P1D_L";"ZZ";"1.408"
"2010-10-07";"J10M0";"A1100";"P1D_L";"ZZ";"1.426"
"2010-10-08";"J10M0";"A1100";"P1D_L";"ZZ";"1.45"
"2010-10-11";"J10M0";"A1100";"P1D_L";"ZZ";"1.414"
"2010-10-12";"J10M0";"A1100";"P1D_L";"ZZ";"1.364"
"2010-10-13";"J10M0";"A1100";"P1D_L";"ZZ";"1.405"
"2010-10-14";"J10M0";"A1100";"P1D_L";"ZZ";"1.386"
"2010-10-15";"J10M0";"A1100";"P1D_L";"ZZ";"1.404"
"2010-10-18";"J10M0";"A1100";"P1D_L";"ZZ";"1.441"
"2010-10-19";"J10M0";"A1100";"P1D_L";"ZZ";"1.445"
"2010-10-20";"J10M0";"A1100";"P1D_L";"ZZ";"1.457"
"2010-10-21";"J10M0";"A1100";"P1D_L";"ZZ";"1.457"
"2010-10-22";"J10M0";"A1100";"P1D_L";"ZZ";"1.469"
"2010-10-25";"J10M0";"A1100";"P1D_L";"ZZ";"1.455"
"2010-10-26";"J10M0";"A1100";"P1D_L";"ZZ";"1.483"
"2010-10-27";"J10M0";"A1100";"P1D_L";"ZZ";"1.505"
"2010-10-28";"J10M0";"A1100";"P1D_L";"ZZ";"1.483"
"2010-10-29";"J10M0";"A1100";"P1D_L";"ZZ";"1.458"
"2010-11-01";"J10M0";"A1100";"P1D_L";"ZZ";"1.423"
"2010-11-02";"J10M0";"A1100";"P1D_L";"ZZ";"1.415"
"2010-11-03";"J10M0";"A1100";"P1D_L";"ZZ";"1.427"
"2010-11-04";"J10M0";"A1100";"P1D_L";"ZZ";"1.438"
"2010-11-05";"J10M0";"A1100";"P1D_L";"ZZ";"1.405"
"2010-11-08";"J10M0";"A1100";"P1D_L";"ZZ";"1.396"
"2010-11-09";"J10M0";"A1100";"P1D_L";"ZZ";"1.394"
"2010-11-10";"J10M0";"A1100";"P1D_L";"ZZ";"1.437"
"2010-11-11";"J10M0";"A1100";"P1D_L";"ZZ";"1.439"
"2010-11-12";"J10M0";"A1100";"P1D_L";"ZZ";"1.449"
"2010-11-15";"J10M0";"A1100";"P1D_L";"ZZ";"1.483"
"2010-11-16";"J10M0";"A1100";"P1D_L";"ZZ";"1.469"
"2010-11-17";"J10M0";"A1100";"P1D_L";"ZZ";"1.455"
"2010-11-18";"J10M0";"A1100";"P1D_L";"ZZ";"1.485"
"2010-11-19";"J10M0";"A1100";"P1D_L";"ZZ";"1.5"
"2010-11-22";"J10M0";"A1100";"P1D_L";"ZZ";"1.521"
"2010-11-23";"J10M0";"A1100";"P1D_L";"ZZ";"1.473"
"2010-11-24";"J10M0";"A1100";"P1D_L";"ZZ";"1.476"
"2010-11-25";"J10M0";"A1100";"P1D_L";"ZZ";"1.547"
"2010-11-26";"J10M0";"A1100";"P1D_L";"ZZ";"1.562"
"2010-11-29";"J10M0";"A1100";"P1D_L";"ZZ";"1.609"
"2010-11-30";"J10M0";"A1100";"P1D_L";"ZZ";"1.558"
"2010-12-01";"J10M0";"A1100";"P1D_L";"ZZ";"1.575"
"2010-12-02";"J10M0";"A1100";"P1D_L";"ZZ";"1.596"
"2010-12-03";"J10M0";"A1100";"P1D_L";"ZZ";"1.613"
"2010-12-06";"J10M0";"A1100";"P1D_L";"ZZ";"1.605"
"2010-12-07";"J10M0";"A1100";"P1D_L";"ZZ";"1.599"
"2010-12-08";"J10M0";"A1100";"P1D_L";"ZZ";"1.649"
"2010-12-09";"J10M0";"A1100";"P1D_L";"ZZ";"1.64"
"2010-12-10";"J10M0";"A1100";"P1D_L";"ZZ";"1.652"
"2010-12-13";"J10M0";"A1100";"P1D_L";"ZZ";"1.686"
"2010-12-14";"J10M0";"A1100";"P1D_L";"ZZ";"1.703"
"2010-12-15";"J10M0";"A1100";"P1D_L";"ZZ";"1.826"
"2010-12-16";"J10M0";"A1100";"P1D_L";"ZZ";"1.819"
"2010-12-17";"J10M0";"A1100";"P1D_L";"ZZ";"1.853"
"2010-12-20";"J10M0";"A1100";"P1D_L";"ZZ";"1.766"
"2010-12-21";"J10M0";"A1100";"P1D_L";"ZZ";"1.749"
"2010-12-22";"J10M0";"A1100";"P1D_L";"ZZ";"1.714"
"2010-12-23";"J10M0";"A1100";"P1D_L";"ZZ";"1.656"
"2010-12-24";"J10M0";"A1100";"P1D_L";"ZZ";
"2010-12-27";"J10M0";"A1100";"P1D_L";"ZZ";"1.703"
"2010-12-28";"J10M0";"A1100";"P1D_L";"ZZ";"1.662"
"2010-12-29";"J10M0";"A1100";"P1D_L";"ZZ";"1.692"
"2010-12-30";"J10M0";"A1100";"P1D_L";"ZZ";"1.674"
"2010-12-31";"J10M0";"A1100";"P1D_L";"ZZ";
"2011-01-03";"J10M0";"A1100";"P1D_L";"ZZ";"1.653"
"2011-01-04";"J10M0";"A1100";"P1D_L";"ZZ";"1.632"
"2011-01-05";"J10M0";"A1100";"P1D_L";"ZZ";"1.609"
"2011-01-06";"J10M0";"A1100";"P1D_L";"ZZ";"1.686"
"2011-01-07";"J10M0";"A1100";"P1D_L";"ZZ";"1.712"
"2011-01-10";"J10M0";"A1100";"P1D_L";"ZZ";"1.687"
"2011-01-11";"J10M0";"A1100";"P1D_L";"ZZ";"1.666"
"2011-01-12";"J10M0";"A1100";"P1D_L";"ZZ";"1.703"
"2011-01-13";"J10M0";"A1100";"P1D_L";"ZZ";"1.739"
"2011-01-14";"J10M0";"A1100";"P1D_L";"ZZ";"1.795"
"2011-01-17";"J10M0";"A1100";"P1D_L";"ZZ";"1.831"
"2011-01-18";"J10M0";"A1100";"P1D_L";"ZZ";"1.868"
"2011-01-19";"J10M0";"A1100";"P1D_L";"ZZ";"1.834"
"2011-01-20";"J10M0";"A1100";"P1D_L";"ZZ";"1.835"
"2011-01-21";"J10M0";"A1100";"P1D_L";"ZZ";"1.847"
"2011-01-24";"J10M0";"A1100";"P1D_L";"ZZ";"1.848"
"2011-01-25";"J10M0";"A1100";"P1D_L";"ZZ";"1.815"
"2011-01-26";"J10M0";"A1100";"P1D_L";"ZZ";"1.825"
"2011-01-27";"J10M0";"A1100";"P1D_L";"ZZ";"1.834"
"2011-01-28";"J10M0";"A1100";"P1D_L";"ZZ";"1.847"
"2011-01-31";"J10M0";"A1100";"P1D_L";"ZZ";"1.818"
"2011-02-01";"J10M0";"A1100";"P1D_L";"ZZ";"1.831"
"2011-02-02";"J10M0";"A1100";"P1D_L";"ZZ";"1.861"
"2011-02-03";"J10M0";"A1100";"P1D_L";"ZZ";"1.849"
"2011-02-04";"J10M0";"A1100";"P1D_L";"ZZ";"1.89"
"2011-02-07";"J10M0";"A1100";"P1D_L";"ZZ";"1.922"
"2011-02-08";"J10M0";"A1100";"P1D_L";"ZZ";"1.91"
"2011-02-09";"J10M0";"A1100";"P1D_L";"ZZ";"1.941"
"2011-02-10";"J10M0";"A1100";"P1D_L";"ZZ";"1.952"
"2011-02-11";"J10M0";"A1100";"P1D_L";"ZZ";"1.946"
"2011-02-14";"J10M0";"A1100";"P1D_L";"ZZ";"1.886"
"2011-02-15";"J10M0";"A1100";"P1D_L";"ZZ";"1.922"
"2011-02-16";"J10M0";"A1100";"P1D_L";"ZZ";"1.925"
"2011-02-17";"J10M0";"A1100";"P1D_L";"ZZ";"1.913"
"2011-02-18";"J10M0";"A1100";"P1D_L";"ZZ";"1.903"
"2011-02-21";"J10M0";"A1100";"P1D_L";"ZZ";"1.907"
"2011-02-22";"J10M0";"A1100";"P1D_L";"ZZ";"1.86"
"2011-02-23";"J10M0";"A1100";"P1D_L";"ZZ";"1.891"
"2011-02-24";"J10M0";"A1100";"P1D_L";"ZZ";"1.852"
"2011-02-25";"J10M0";"A1100";"P1D_L";"ZZ";"1.895"
"2011-02-28";"J10M0";"A1100";"P1D_L";"ZZ";"1.897"
"2011-03-01";"J10M0";"A1100";"P1D_L";"ZZ";"1.9"
"2011-03-02";"J10M0";"A1100";"P1D_L";"ZZ";"1.877"
"2011-03-03";"J10M0";"A1100";"P1D_L";"ZZ";"1.876"
"2011-03-04";"J10M0";"A1100";"P1D_L";"ZZ";"1.896"
"2011-03-07";"J10M0";"A1100";"P1D_L";"ZZ";"1.912"
"2011-03-08";"J10M0";"A1100";"P1D_L";"ZZ";"1.927"
"2011-03-09";"J10M0";"A1100";"P1D_L";"ZZ";"1.916"
"2011-03-10";"J10M0";"A1100";"P1D_L";"ZZ";"1.892"
"2011-03-11";"J10M0";"A1100";"P1D_L";"ZZ";"1.828"
"2011-03-14";"J10M0";"A1100";"P1D_L";"ZZ";"1.861"
"2011-03-15";"J10M0";"A1100";"P1D_L";"ZZ";"1.804"
"2011-03-16";"J10M0";"A1100";"P1D_L";"ZZ";"1.813"
"2011-03-17";"J10M0";"A1100";"P1D_L";"ZZ";"1.779"
"2011-03-18";"J10M0";"A1100";"P1D_L";"ZZ";"1.785"
"2011-03-21";"J10M0";"A1100";"P1D_L";"ZZ";"1.826"
"2011-03-22";"J10M0";"A1100";"P1D_L";"ZZ";"1.871"
"2011-03-23";"J10M0";"A1100";"P1D_L";"ZZ";"1.849"
"2011-03-24";"J10M0";"A1100";"P1D_L";"ZZ";"1.856"
"2011-03-25";"J10M0";"A1100";"P1D_L";"ZZ";"1.868"
"2011-03-28";"J10M0";"A1100";"P1D_L";"ZZ";"1.902"
"2011-03-29";"J10M0";"A1100";"P1D_L";"ZZ";"1.904"
"2011-03-30";"J10M0";"A1100";"P1D_L";"ZZ";"1.935"
"2011-03-31";"J10M0";"A1100";"P1D_L";"ZZ";"1.931"
"2011-04-01";"J10M0";"A1100";"P1D_L";"ZZ";"1.949"
"2011-04-04";"J10M0";"A1100";"P1D_L";"ZZ";"2.029"
"2011-04-05";"J10M0";"A1100";"P1D_L";"ZZ";"2.02"
"2011-04-06";"J10M0";"A1100";"P1D_L";"ZZ";"2.06"
"2011-04-07";"J10M0";"A1100";"P1D_L";"ZZ";"2.102"
"2011-04-08";"J10M0";"A1100";"P1D_L";"ZZ";"2.068"
"2011-04-11";"J10M0";"A1100";"P1D_L";"ZZ";"2.107"
"2011-04-12";"J10M0";"A1100";"P1D_L";"ZZ";"2.137"
"2011-04-13";"J10M0";"A1100";"P1D_L";"ZZ";"2.117"
"2011-04-14";"J10M0";"A1100";"P1D_L";"ZZ";"2.116"
"2011-04-15";"J10M0";"A1100";"P1D_L";"ZZ";"2.127"
"2011-04-18";"J10M0";"A1100";"P1D_L";"ZZ";"2.097"
"2011-04-19";"J10M0";"A1100";"P1D_L";"ZZ";"2.09"
"2011-04-20";"J10M0";"A1100";"P1D_L";"ZZ";"2.103"
"2011-04-21";"J10M0";"A1100";"P1D_L";"ZZ";"2.05"
"2011-04-22";"J10M0";"A1100";"P1D_L";"ZZ";
"2011-04-25";"J10M0";"A1100";"P1D_L";"ZZ";
"2011-04-26";"J10M0";"A1100";"P1D_L";"ZZ";"2.034"
"2011-04-27";"J10M0";"A1100";"P1D_L";"ZZ";"2.066"
"2011-04-28";"J10M0";"A1100";"P1D_L";"ZZ";"2.094"
"2011-04-29";"J10M0";"A1100";"P1D_L";"ZZ";"2.083"
"2011-05-02";"J10M0";"A1100";"P1D_L";"ZZ";"2.081"
"2011-05-03";"J10M0";"A1100";"P1D_L";"ZZ";"2.049"
"2011-05-04";"J10M0";"A1100";"P1D_L";"ZZ";"2.038"
"2011-05-05";"J10M0";"A1100";"P1D_L";"ZZ";"2.035"
"2011-05-06";"J10M0";"A1100";"P1D_L";"ZZ";"2.009"
"2011-05-09";"J10M0";"A1100";"P1D_L";"ZZ";"1.935"
"2011-05-10";"J10M0";"A1100";"P1D_L";"ZZ";"1.925"
"2011-05-11";"J10M0";"A1100";"P1D_L";"ZZ";"1.9"
"2011-05-12";"J10M0";"A1100";"P1D_L";"ZZ";"1.887"
"2011-05-13";"J10M0";"A1100";"P1D_L";"ZZ";"1.881"
"2011-05-16";"J10M0";"A1100";"P1D_L";"ZZ";"1.935"
"2011-05-17";"J10M0";"A1100";"P1D_L";"ZZ";"1.92"
"2011-05-18";"J10M0";"A1100";"P1D_L";"ZZ";"1.894"
"2011-05-19";"J10M0";"A1100";"P1D_L";"ZZ";"1.916"
"2011-05-20";"J10M0";"A1100";"P1D_L";"ZZ";"1.922"
"2011-05-23";"J10M0";"A1100";"P1D_L";"ZZ";"1.841"
"2011-05-24";"J10M0";"A1100";"P1D_L";"ZZ";"1.866"
"2011-05-25";"J10M0";"A1100";"P1D_L";"ZZ";"1.887"
"2011-05-26";"J10M0";"A1100";"P1D_L";"ZZ";"1.896"
"2011-05-27";"J10M0";"A1100";"P1D_L";"ZZ";"1.849"
"2011-05-30";"J10M0";"A1100";"P1D_L";"ZZ";"1.839"
"2011-05-31";"J10M0";"A1100";"P1D_L";"ZZ";"1.849"
"2011-06-01";"J10M0";"A1100";"P1D_L";"ZZ";"1.842"
"2011-06-02";"J10M0";"A1100";"P1D_L";"ZZ";
"2011-06-03";"J10M0";"A1100";"P1D_L";"ZZ";"1.782"
"2011-06-06";"J10M0";"A1100";"P1D_L";"ZZ";"1.78"
"2011-06-07";"J10M0";"A1100";"P1D_L";"ZZ";"1.789"
"2011-06-08";"J10M0";"A1100";"P1D_L";"ZZ";"1.798"
"2011-06-09";"J10M0";"A1100";"P1D_L";"ZZ";"1.749"
"2011-06-10";"J10M0";"A1100";"P1D_L";"ZZ";"1.676"
"2011-06-13";"J10M0";"A1100";"P1D_L";"ZZ";
"2011-06-14";"J10M0";"A1100";"P1D_L";"ZZ";"1.699"
"2011-06-15";"J10M0";"A1100";"P1D_L";"ZZ";"1.708"
"2011-06-16";"J10M0";"A1100";"P1D_L";"ZZ";"1.704"
"2011-06-17";"J10M0";"A1100";"P1D_L";"ZZ";"1.679"
"2011-06-20";"J10M0";"A1100";"P1D_L";"ZZ";"1.683"
"2011-06-21";"J10M0";"A1100";"P1D_L";"ZZ";"1.725"
"2011-06-22";"J10M0";"A1100";"P1D_L";"ZZ";"1.717"
"2011-06-23";"J10M0";"A1100";"P1D_L";"ZZ";"1.703"
"2011-06-24";"J10M0";"A1100";"P1D_L";"ZZ";"1.686"
"2011-06-27";"J10M0";"A1100";"P1D_L";"ZZ";"1.668"
"2011-06-28";"J10M0";"A1100";"P1D_L";"ZZ";"1.684"
"2011-06-29";"J10M0";"A1100";"P1D_L";"ZZ";"1.721"
"2011-06-30";"J10M0";"A1100";"P1D_L";"ZZ";"1.739"
"2011-07-01";"J10M0";"A1100";"P1D_L";"ZZ";"1.735"
"2011-07-04";"J10M0";"A1100";"P1D_L";"ZZ";"1.701"
"2011-07-05";"J10M0";"A1100";"P1D_L";"ZZ";"1.732"
"2011-07-06";"J10M0";"A1100";"P1D_L";"ZZ";"1.708"
"2011-07-07";"J10M0";"A1100";"P1D_L";"ZZ";"1.696"
"2011-07-08";"J10M0";"A1100";"P1D_L";"ZZ";"1.72"
"2011-07-11";"J10M0";"A1100";"P1D_L";"ZZ";"1.658"
"2011-07-12";"J10M0";"A1100";"P1D_L";"ZZ";"1.541"
"2011-07-13";"J10M0";"A1100";"P1D_L";"ZZ";"1.534"
"2011-07-14";"J10M0";"A1100";"P1D_L";"ZZ";"1.535"
"2011-07-15";"J10M0";"A1100";"P1D_L";"ZZ";"1.509"
"2011-07-18";"J10M0";"A1100";"P1D_L";"ZZ";"1.484"
"2011-07-19";"J10M0";"A1100";"P1D_L";"ZZ";"1.532"
"2011-07-20";"J10M0";"A1100";"P1D_L";"ZZ";"1.555"
"2011-07-21";"J10M0";"A1100";"P1D_L";"ZZ";"1.59"
"2011-07-22";"J10M0";"A1100";"P1D_L";"ZZ";"1.601"
"2011-07-25";"J10M0";"A1100";"P1D_L";"ZZ";"1.565"
"2011-07-26";"J10M0";"A1100";"P1D_L";"ZZ";"1.543"
"2011-07-27";"J10M0";"A1100";"P1D_L";"ZZ";"1.475"
"2011-07-28";"J10M0";"A1100";"P1D_L";"ZZ";"1.436"
"2011-07-29";"J10M0";"A1100";"P1D_L";"ZZ";"1.436"
"2011-08-01";"J10M0";"A1100";"P1D_L";"ZZ";
"2011-08-02";"J10M0";"A1100";"P1D_L";"ZZ";"1.341"
"2011-08-03";"J10M0";"A1100";"P1D_L";"ZZ";"1.327"
"2011-08-04";"J10M0";"A1100";"P1D_L";"ZZ";"1.322"
"2011-08-05";"J10M0";"A1100";"P1D_L";"ZZ";"1.26"
"2011-08-08";"J10M0";"A1100";"P1D_L";"ZZ";"1.282"
"2011-08-09";"J10M0";"A1100";"P1D_L";"ZZ";"1.202"
"2011-08-10";"J10M0";"A1100";"P1D_L";"ZZ";"1.23"
"2011-08-11";"J10M0";"A1100";"P1D_L";"ZZ";"1.145"
"2011-08-12";"J10M0";"A1100";"P1D_L";"ZZ";"1.182"
"2011-08-15";"J10M0";"A1100";"P1D_L";"ZZ";"1.245"
"2011-08-16";"J10M0";"A1100";"P1D_L";"ZZ";"1.195"
"2011-08-17";"J10M0";"A1100";"P1D_L";"ZZ";"1.153"
"2011-08-18";"J10M0";"A1100";"P1D_L";"ZZ";"0.991"
"2011-08-19";"J10M0";"A1100";"P1D_L";"ZZ";"0.927"
"2011-08-22";"J10M0";"A1100";"P1D_L";"ZZ";"0.956"
"2011-08-23";"J10M0";"A1100";"P1D_L";"ZZ";"1.029"
"2011-08-24";"J10M0";"A1100";"P1D_L";"ZZ";"1.021"
"2011-08-25";"J10M0";"A1100";"P1D_L";"ZZ";"1.076"
"2011-08-26";"J10M0";"A1100";"P1D_L";"ZZ";"1.068"
"2011-08-29";"J10M0";"A1100";"P1D_L";"ZZ";"1.061"
"2011-08-30";"J10M0";"A1100";"P1D_L";"ZZ";"1.116"
"2011-08-31";"J10M0";"A1100";"P1D_L";"ZZ";"1.133"
"2011-09-01";"J10M0";"A1100";"P1D_L";"ZZ";"1.168"
"2011-09-02";"J10M0";"A1100";"P1D_L";"ZZ";"1.091"
"2011-09-05";"J10M0";"A1100";"P1D_L";"ZZ";"1.002"
"2011-09-06";"J10M0";"A1100";"P1D_L";"ZZ";"0.994"
"2011-09-07";"J10M0";"A1100";"P1D_L";"ZZ";"1.075"
"2011-09-08";"J10M0";"A1100";"P1D_L";"ZZ";"1.082"
"2011-09-09";"J10M0";"A1100";"P1D_L";"ZZ";"1.08"
"2011-09-12";"J10M0";"A1100";"P1D_L";"ZZ";"1.04"
"2011-09-13";"J10M0";"A1100";"P1D_L";"ZZ";"1.037"
"2011-09-14";"J10M0";"A1100";"P1D_L";"ZZ";"1.059"
"2011-09-15";"J10M0";"A1100";"P1D_L";"ZZ";"1.073"
"2011-09-16";"J10M0";"A1100";"P1D_L";"ZZ";"1.069"
"2011-09-19";"J10M0";"A1100";"P1D_L";"ZZ";"1.037"
"2011-09-20";"J10M0";"A1100";"P1D_L";"ZZ";"1.036"
"2011-09-21";"J10M0";"A1100";"P1D_L";"ZZ";"1.01"
"2011-09-22";"J10M0";"A1100";"P1D_L";"ZZ";"0.934"
"2011-09-23";"J10M0";"A1100";"P1D_L";"ZZ";"0.919"
"2011-09-26";"J10M0";"A1100";"P1D_L";"ZZ";"0.947"
"2011-09-27";"J10M0";"A1100";"P1D_L";"ZZ";"0.944"
"2011-09-28";"J10M0";"A1100";"P1D_L";"ZZ";"0.954"
"2011-09-29";"J10M0";"A1100";"P1D_L";"ZZ";"0.961"
"2011-09-30";"J10M0";"A1100";"P1D_L";"ZZ";"1.003"
"2011-10-03";"J10M0";"A1100";"P1D_L";"ZZ";"0.962"
"2011-10-04";"J10M0";"A1100";"P1D_L";"ZZ";"0.925"
"2011-10-05";"J10M0";"A1100";"P1D_L";"ZZ";"0.954"
"2011-10-06";"J10M0";"A1100";"P1D_L";"ZZ";"0.985"
"2011-10-07";"J10M0";"A1100";"P1D_L";"ZZ";"1.014"
"2011-10-10";"J10M0";"A1100";"P1D_L";"ZZ";"0.999"
"2011-10-11";"J10M0";"A1100";"P1D_L";"ZZ";"1.038"
"2011-10-12";"J10M0";"A1100";"P1D_L";"ZZ";"1.044"
"2011-10-13";"J10M0";"A1100";"P1D_L";"ZZ";"1.085"
"2011-10-14";"J10M0";"A1100";"P1D_L";"ZZ";"1.065"
"2011-10-17";"J10M0";"A1100";"P1D_L";"ZZ";"1.101"
"2011-10-18";"J10M0";"A1100";"P1D_L";"ZZ";"1.039"
"2011-10-19";"J10M0";"A1100";"P1D_L";"ZZ";"1.082"
"2011-10-20";"J10M0";"A1100";"P1D_L";"ZZ";"1.059"
"2011-10-21";"J10M0";"A1100";"P1D_L";"ZZ";"1.04"
"2011-10-24";"J10M0";"A1100";"P1D_L";"ZZ";"1.044"
"2011-10-25";"J10M0";"A1100";"P1D_L";"ZZ";"1.08"
"2011-10-26";"J10M0";"A1100";"P1D_L";"ZZ";"1.071"
"2011-10-27";"J10M0";"A1100";"P1D_L";"ZZ";"1.082"
"2011-10-28";"J10M0";"A1100";"P1D_L";"ZZ";"1.13"
"2011-10-31";"J10M0";"A1100";"P1D_L";"ZZ";"1.082"
"2011-11-01";"J10M0";"A1100";"P1D_L";"ZZ";"1.009"
"2011-11-02";"J10M0";"A1100";"P1D_L";"ZZ";"0.993"
"2011-11-03";"J10M0";"A1100";"P1D_L";"ZZ";"0.974"
"2011-11-04";"J10M0";"A1100";"P1D_L";"ZZ";"0.967"
"2011-11-07";"J10M0";"A1100";"P1D_L";"ZZ";"0.891"
"2011-11-08";"J10M0";"A1100";"P1D_L";"ZZ";"0.927"
"2011-11-09";"J10M0";"A1100";"P1D_L";"ZZ";"0.92"
"2011-11-10";"J10M0";"A1100";"P1D_L";"ZZ";"0.929"
"2011-11-11";"J10M0";"A1100";"P1D_L";"ZZ";"0.934"
"2011-11-14";"J10M0";"A1100";"P1D_L";"ZZ";"0.94"
"2011-11-15";"J10M0";"A1100";"P1D_L";"ZZ";"0.902"
"2011-11-16";"J10M0";"A1100";"P1D_L";"ZZ";"0.926"
"2011-11-17";"J10M0";"A1100";"P1D_L";"ZZ";"0.888"
"2011-11-18";"J10M0";"A1100";"P1D_L";"ZZ";"0.898"
"2011-11-21";"J10M0";"A1100";"P1D_L";"ZZ";"0.898"
"2011-11-22";"J10M0";"A1100";"P1D_L";"ZZ";"0.905"
"2011-11-23";"J10M0";"A1100";"P1D_L";"ZZ";"0.9"
"2011-11-24";"J10M0";"A1100";"P1D_L";"ZZ";"0.938"
"2011-11-25";"J10M0";"A1100";"P1D_L";"ZZ";"0.913"
"2011-11-28";"J10M0";"A1100";"P1D_L";"ZZ";"0.954"
"2011-11-29";"J10M0";"A1100";"P1D_L";"ZZ";"0.95"
"2011-11-30";"J10M0";"A1100";"P1D_L";"ZZ";"0.945"
"2011-12-01";"J10M0";"A1100";"P1D_L";"ZZ";"0.932"
"2011-12-02";"J10M0";"A1100";"P1D_L";"ZZ";"0.91"
"2011-12-05";"J10M0";"A1100";"P1D_L";"ZZ";"0.89"
"2011-12-06";"J10M0";"A1100";"P1D_L";"ZZ";"0.905"
"2011-12-07";"J10M0";"A1100";"P1D_L";"ZZ";"0.873"
"2011-12-08";"J10M0";"A1100";"P1D_L";"ZZ";"0.835"
"2011-12-09";"J10M0";"A1100";"P1D_L";"ZZ";"0.806"
"2011-12-12";"J10M0";"A1100";"P1D_L";"ZZ";"0.811"
"2011-12-13";"J10M0";"A1100";"P1D_L";"ZZ";"0.767"
"2011-12-14";"J10M0";"A1100";"P1D_L";"ZZ";"0.776"
"2011-12-15";"J10M0";"A1100";"P1D_L";"ZZ";"0.782"
"2011-12-16";"J10M0";"A1100";"P1D_L";"ZZ";"0.777"
"2011-12-19";"J10M0";"A1100";"P1D_L";"ZZ";"0.78"
"2011-12-20";"J10M0";"A1100";"P1D_L";"ZZ";"0.791"
"2011-12-21";"J10M0";"A1100";"P1D_L";"ZZ";"0.804"
"2011-12-22";"J10M0";"A1100";"P1D_L";"ZZ";"0.801"
"2011-12-23";"J10M0";"A1100";"P1D_L";"ZZ";"0.776"
"2011-12-26";"J10M0";"A1100";"P1D_L";"ZZ";
"2011-12-27";"J10M0";"A1100";"P1D_L";"ZZ";"0.774"
"2011-12-28";"J10M0";"A1100";"P1D_L";"ZZ";"0.793"
"2011-12-29";"J10M0";"A1100";"P1D_L";"ZZ";"0.776"
"2011-12-30";"J10M0";"A1100";"P1D_L";"ZZ";"0.74"
"2012-01-02";"J10M0";"A1100";"P1D_L";"ZZ";
"2012-01-03";"J10M0";"A1100";"P1D_L";"ZZ";"0.749"
"2012-01-04";"J10M0";"A1100";"P1D_L";"ZZ";"0.734"
"2012-01-05";"J10M0";"A1100";"P1D_L";"ZZ";"0.701"
"2012-01-06";"J10M0";"A1100";"P1D_L";"ZZ";"0.719"
"2012-01-09";"J10M0";"A1100";"P1D_L";"ZZ";"0.764"
"2012-01-10";"J10M0";"A1100";"P1D_L";"ZZ";"0.77"
"2012-01-11";"J10M0";"A1100";"P1D_L";"ZZ";"0.792"
"2012-01-12";"J10M0";"A1100";"P1D_L";"ZZ";"0.756"
"2012-01-13";"J10M0";"A1100";"P1D_L";"ZZ";"0.768"
"2012-01-16";"J10M0";"A1100";"P1D_L";"ZZ";"0.756"
"2012-01-17";"J10M0";"A1100";"P1D_L";"ZZ";"0.759"
"2012-01-18";"J10M0";"A1100";"P1D_L";"ZZ";"0.723"
"2012-01-19";"J10M0";"A1100";"P1D_L";"ZZ";"0.743"
"2012-01-20";"J10M0";"A1100";"P1D_L";"ZZ";"0.733"
"2012-01-23";"J10M0";"A1100";"P1D_L";"ZZ";"0.78"
"2012-01-24";"J10M0";"A1100";"P1D_L";"ZZ";"0.813"
"2012-01-25";"J10M0";"A1100";"P1D_L";"ZZ";"0.797"
"2012-01-26";"J10M0";"A1100";"P1D_L";"ZZ";"0.786"
"2012-01-27";"J10M0";"A1100";"P1D_L";"ZZ";"0.765"
"2012-01-30";"J10M0";"A1100";"P1D_L";"ZZ";"0.758"
"2012-01-31";"J10M0";"A1100";"P1D_L";"ZZ";"0.735"
"2012-02-01";"J10M0";"A1100";"P1D_L";"ZZ";"0.706"
"2012-02-02";"J10M0";"A1100";"P1D_L";"ZZ";"0.681"
"2012-02-03";"J10M0";"A1100";"P1D_L";"ZZ";"0.689"
"2012-02-06";"J10M0";"A1100";"P1D_L";"ZZ";"0.724"
"2012-02-07";"J10M0";"A1100";"P1D_L";"ZZ";"0.75"
"2012-02-08";"J10M0";"A1100";"P1D_L";"ZZ";"0.791"
"2012-02-09";"J10M0";"A1100";"P1D_L";"ZZ";"0.817"
"2012-02-10";"J10M0";"A1100";"P1D_L";"ZZ";"0.826"
"2012-02-13";"J10M0";"A1100";"P1D_L";"ZZ";"0.81"
"2012-02-14";"J10M0";"A1100";"P1D_L";"ZZ";"0.792"
"2012-02-15";"J10M0";"A1100";"P1D_L";"ZZ";"0.799"
"2012-02-16";"J10M0";"A1100";"P1D_L";"ZZ";"0.744"
"2012-02-17";"J10M0";"A1100";"P1D_L";"ZZ";"0.788"
"2012-02-20";"J10M0";"A1100";"P1D_L";"ZZ";"0.805"
"2012-02-21";"J10M0";"A1100";"P1D_L";"ZZ";"0.821"
"2012-02-22";"J10M0";"A1100";"P1D_L";"ZZ";"0.793"
"2012-02-23";"J10M0";"A1100";"P1D_L";"ZZ";"0.789"
"2012-02-24";"J10M0";"A1100";"P1D_L";"ZZ";"0.769"
"2012-02-27";"J10M0";"A1100";"P1D_L";"ZZ";"0.769"
"2012-02-28";"J10M0";"A1100";"P1D_L";"ZZ";"0.73"
"2012-02-29";"J10M0";"A1100";"P1D_L";"ZZ";"0.72"
"2012-03-01";"J10M0";"A1100";"P1D_L";"ZZ";"0.711"
"2012-03-02";"J10M0";"A1100";"P1D_L";"ZZ";"0.71"
"2012-03-05";"J10M0";"A1100";"P1D_L";"ZZ";"0.681"
"2012-03-06";"J10M0";"A1100";"P1D_L";"ZZ";"0.686"
"2012-03-07";"J10M0";"A1100";"P1D_L";"ZZ";"0.708"
"2012-03-08";"J10M0";"A1100";"P1D_L";"ZZ";"0.724"
"2012-03-09";"J10M0";"A1100";"P1D_L";"ZZ";"0.727"
"2012-03-12";"J10M0";"A1100";"P1D_L";"ZZ";"0.724"
"2012-03-13";"J10M0";"A1100";"P1D_L";"ZZ";"0.738"
"2012-03-14";"J10M0";"A1100";"P1D_L";"ZZ";"0.812"
"2012-03-15";"J10M0";"A1100";"P1D_L";"ZZ";"0.905"
"2012-03-16";"J10M0";"A1100";"P1D_L";"ZZ";"0.931"
"2012-03-19";"J10M0";"A1100";"P1D_L";"ZZ";"0.928"
"2012-03-20";"J10M0";"A1100";"P1D_L";"ZZ";"0.934"
"2012-03-21";"J10M0";"A1100";"P1D_L";"ZZ";"0.964"
"2012-03-22";"J10M0";"A1100";"P1D_L";"ZZ";"0.919"
"2012-03-23";"J10M0";"A1100";"P1D_L";"ZZ";"0.897"
"2012-03-26";"J10M0";"A1100";"P1D_L";"ZZ";"0.896"
"2012-03-27";"J10M0";"A1100";"P1D_L";"ZZ";"0.903"
"2012-03-28";"J10M0";"A1100";"P1D_L";"ZZ";"0.907"
"2012-03-29";"J10M0";"A1100";"P1D_L";"ZZ";"0.883"
"2012-03-30";"J10M0";"A1100";"P1D_L";"ZZ";"0.854"
"2012-04-02";"J10M0";"A1100";"P1D_L";"ZZ";"0.882"
"2012-04-03";"J10M0";"A1100";"P1D_L";"ZZ";"0.872"
"2012-04-04";"J10M0";"A1100";"P1D_L";"ZZ";"0.882"
"2012-04-05";"J10M0";"A1100";"P1D_L";"ZZ";"0.852"
"2012-04-06";"J10M0";"A1100";"P1D_L";"ZZ";
"2012-04-09";"J10M0";"A1100";"P1D_L";"ZZ";
"2012-04-10";"J10M0";"A1100";"P1D_L";"ZZ";"0.765"
"2012-04-11";"J10M0";"A1100";"P1D_L";"ZZ";"0.778"
"2012-04-12";"J10M0";"A1100";"P1D_L";"ZZ";"0.78"
"2012-04-13";"J10M0";"A1100";"P1D_L";"ZZ";"0.759"
"2012-04-16";"J10M0";"A1100";"P1D_L";"ZZ";"0.741"
"2012-04-17";"J10M0";"A1100";"P1D_L";"ZZ";"0.762"
"2012-04-18";"J10M0";"A1100";"P1D_L";"ZZ";"0.779"
"2012-04-19";"J10M0";"A1100";"P1D_L";"ZZ";"0.763"
"2012-04-20";"J10M0";"A1100";"P1D_L";"ZZ";"0.759"
"2012-04-23";"J10M0";"A1100";"P1D_L";"ZZ";"0.776"
"2012-04-24";"J10M0";"A1100";"P1D_L";"ZZ";"0.76"
"2012-04-25";"J10M0";"A1100";"P1D_L";"ZZ";"0.782"
"2012-04-26";"J10M0";"A1100";"P1D_L";"ZZ";"0.773"
"2012-04-27";"J10M0";"A1100";"P1D_L";"ZZ";"0.723"
"2012-04-30";"J10M0";"A1100";"P1D_L";"ZZ";"0.735"
"2012-05-01";"J10M0";"A1100";"P1D_L";"ZZ";
"2012-05-02";"J10M0";"A1100";"P1D_L";"ZZ";"0.739"
"2012-05-03";"J10M0";"A1100";"P1D_L";"ZZ";"0.706"
"2012-05-04";"J10M0";"A1100";"P1D_L";"ZZ";"0.693"
"2012-05-07";"J10M0";"A1100";"P1D_L";"ZZ";"0.679"
"2012-05-08";"J10M0";"A1100";"P1D_L";"ZZ";"0.683"
"2012-05-09";"J10M0";"A1100";"P1D_L";"ZZ";"0.672"
"2012-05-10";"J10M0";"A1100";"P1D_L";"ZZ";"0.655"
"2012-05-11";"J10M0";"A1100";"P1D_L";"ZZ";"0.666"
"2012-05-14";"J10M0";"A1100";"P1D_L";"ZZ";"0.65"
"2012-05-15";"J10M0";"A1100";"P1D_L";"ZZ";"0.638"
"2012-05-16";"J10M0";"A1100";"P1D_L";"ZZ";"0.65"
"2012-05-17";"J10M0";"A1100";"P1D_L";"ZZ";
"2012-05-18";"J10M0";"A1100";"P1D_L";"ZZ";"0.626"
"2012-05-21";"J10M0";"A1100";"P1D_L";"ZZ";"0.662"
"2012-05-22";"J10M0";"A1100";"P1D_L";"ZZ";"0.699"
"2012-05-23";"J10M0";"A1100";"P1D_L";"ZZ";"0.678"
"2012-05-24";"J10M0";"A1100";"P1D_L";"ZZ";"0.65"
"2012-05-25";"J10M0";"A1100";"P1D_L";"ZZ";"0.672"
"2012-05-28";"J10M0";"A1100";"P1D_L";"ZZ";
"2012-05-29";"J10M0";"A1100";"P1D_L";"ZZ";"0.672"
"2012-05-30";"J10M0";"A1100";"P1D_L";"ZZ";"0.632"
"2012-05-31";"J10M0";"A1100";"P1D_L";"ZZ";"0.61"
"2012-06-01";"J10M0";"A1100";"P1D_L";"ZZ";"0.538"
"2012-06-04";"J10M0";"A1100";"P1D_L";"ZZ";"0.537"
"2012-06-05";"J10M0";"A1100";"P1D_L";"ZZ";"0.573"
"2012-06-06";"J10M0";"A1100";"P1D_L";"ZZ";"0.605"
"2012-06-07";"J10M0";"A1100";"P1D_L";"ZZ";"0.662"
"2012-06-08";"J10M0";"A1100";"P1D_L";"ZZ";"0.622"
"2012-06-11";"J10M0";"A1100";"P1D_L";"ZZ";"0.654"
"2012-06-12";"J10M0";"A1100";"P1D_L";"ZZ";"0.582"
"2012-06-13";"J10M0";"A1100";"P1D_L";"ZZ";"0.584"
"2012-06-14";"J10M0";"A1100";"P1D_L";"ZZ";"0.596"
"2012-06-15";"J10M0";"A1100";"P1D_L";"ZZ";"0.523"
"2012-06-18";"J10M0";"A1100";"P1D_L";"ZZ";"0.567"
"2012-06-19";"J10M0";"A1100";"P1D_L";"ZZ";"0.498"
"2012-06-20";"J10M0";"A1100";"P1D_L";"ZZ";"0.615"
"2012-06-21";"J10M0";"A1100";"P1D_L";"ZZ";"0.632"
"2012-06-22";"J10M0";"A1100";"P1D_L";"ZZ";"0.58"
"2012-06-25";"J10M0";"A1100";"P1D_L";"ZZ";"0.587"
"2012-06-26";"J10M0";"A1100";"P1D_L";"ZZ";"0.619"
"2012-06-27";"J10M0";"A1100";"P1D_L";"ZZ";"0.657"
"2012-06-28";"J10M0";"A1100";"P1D_L";"ZZ";"0.658"
"2012-06-29";"J10M0";"A1100";"P1D_L";"ZZ";"0.678"
"2012-07-02";"J10M0";"A1100";"P1D_L";"ZZ";"0.676"
"2012-07-03";"J10M0";"A1100";"P1D_L";"ZZ";"0.649"
"2012-07-04";"J10M0";"A1100";"P1D_L";"ZZ";"0.675"
"2012-07-05";"J10M0";"A1100";"P1D_L";"ZZ";"0.649"
"2012-07-06";"J10M0";"A1100";"P1D_L";"ZZ";"0.595"
"2012-07-09";"J10M0";"A1100";"P1D_L";"ZZ";"0.59"
"2012-07-10";"J10M0";"A1100";"P1D_L";"ZZ";"0.586"
"2012-07-11";"J10M0";"A1100";"P1D_L";"ZZ";"0.597"
"2012-07-12";"J10M0";"A1100";"P1D_L";"ZZ";"0.579"
"2012-07-13";"J10M0";"A1100";"P1D_L";"ZZ";"0.564"
"2012-07-16";"J10M0";"A1100";"P1D_L";"ZZ";"0.579"
"2012-07-17";"J10M0";"A1100";"P1D_L";"ZZ";"0.603"
"2012-07-18";"J10M0";"A1100";"P1D_L";"ZZ";"0.579"
"2012-07-19";"J10M0";"A1100";"P1D_L";"ZZ";"0.584"
"2012-07-20";"J10M0";"A1100";"P1D_L";"ZZ";"0.582"
"2012-07-23";"J10M0";"A1100";"P1D_L";"ZZ";"0.538"
"2012-07-24";"J10M0";"A1100";"P1D_L";"ZZ";"0.595"
"2012-07-25";"J10M0";"A1100";"P1D_L";"ZZ";"0.595"
"2012-07-26";"J10M0";"A1100";"P1D_L";"ZZ";"0.575"
"2012-07-27";"J10M0";"A1100";"P1D_L";"ZZ";"0.596"
"2012-07-30";"J10M0";"A1100";"P1D_L";"ZZ";"0.589"
"2012-07-31";"J10M0";"A1100";"P1D_L";"ZZ";"0.561"
"2012-08-01";"J10M0";"A1100";"P1D_L";"ZZ";
"2012-08-02";"J10M0";"A1100";"P1D_L";"ZZ";"0.542"
"2012-08-03";"J10M0";"A1100";"P1D_L";"ZZ";"0.535"
"2012-08-06";"J10M0";"A1100";"P1D_L";"ZZ";"0.564"
"2012-08-07";"J10M0";"A1100";"P1D_L";"ZZ";"0.6"
"2012-08-08";"J10M0";"A1100";"P1D_L";"ZZ";"0.627"
"2012-08-09";"J10M0";"A1100";"P1D_L";"ZZ";"0.647"
"2012-08-10";"J10M0";"A1100";"P1D_L";"ZZ";"0.636"
"2012-08-13";"J10M0";"A1100";"P1D_L";"ZZ";"0.615"
"2012-08-14";"J10M0";"A1100";"P1D_L";"ZZ";"0.628"
"2012-08-15";"J10M0";"A1100";"P1D_L";"ZZ";"0.652"
"2012-08-16";"J10M0";"A1100";"P1D_L";"ZZ";"0.632"
"2012-08-17";"J10M0";"A1100";"P1D_L";"ZZ";"0.631"
"2012-08-20";"J10M0";"A1100";"P1D_L";"ZZ";"0.634"
"2012-08-21";"J10M0";"A1100";"P1D_L";"ZZ";"0.625"
"2012-08-22";"J10M0";"A1100";"P1D_L";"ZZ";"0.622"
"2012-08-23";"J10M0";"A1100";"P1D_L";"ZZ";"0.61"
"2012-08-24";"J10M0";"A1100";"P1D_L";"ZZ";"0.587"
"2012-08-27";"J10M0";"A1100";"P1D_L";"ZZ";"0.609"
"2012-08-28";"J10M0";"A1100";"P1D_L";"ZZ";"0.595"
"2012-08-29";"J10M0";"A1100";"P1D_L";"ZZ";"0.572"
"2012-08-30";"J10M0";"A1100";"P1D_L";"ZZ";"0.581"
"2012-08-31";"J10M0";"A1100";"P1D_L";"ZZ";"0.569"
"2012-09-03";"J10M0";"A1100";"P1D_L";"ZZ";"0.578"
"2012-09-04";"J10M0";"A1100";"P1D_L";"ZZ";"0.593"
"2012-09-05";"J10M0";"A1100";"P1D_L";"ZZ";"0.563"
"2012-09-06";"J10M0";"A1100";"P1D_L";"ZZ";"0.604"
"2012-09-07";"J10M0";"A1100";"P1D_L";"ZZ";"0.624"
"2012-09-10";"J10M0";"A1100";"P1D_L";"ZZ";"0.651"
"2012-09-11";"J10M0";"A1100";"P1D_L";"ZZ";"0.646"
"2012-09-12";"J10M0";"A1100";"P1D_L";"ZZ";"0.67"
"2012-09-13";"J10M0";"A1100";"P1D_L";"ZZ";"0.645"
"2012-09-14";"J10M0";"A1100";"P1D_L";"ZZ";"0.654"
"2012-09-17";"J10M0";"A1100";"P1D_L";"ZZ";"0.681"
"2012-09-18";"J10M0";"A1100";"P1D_L";"ZZ";"0.661"
"2012-09-19";"J10M0";"A1100";"P1D_L";"ZZ";"0.663"
"2012-09-20";"J10M0";"A1100";"P1D_L";"ZZ";"0.647"
"2012-09-21";"J10M0";"A1100";"P1D_L";"ZZ";"0.653"
"2012-09-24";"J10M0";"A1100";"P1D_L";"ZZ";"0.645"
"2012-09-25";"J10M0";"A1100";"P1D_L";"ZZ";"0.633"
"2012-09-26";"J10M0";"A1100";"P1D_L";"ZZ";"0.627"
"2012-09-27";"J10M0";"A1100";"P1D_L";"ZZ";"0.623"
"2012-09-28";"J10M0";"A1100";"P1D_L";"ZZ";"0.599"
"2012-10-01";"J10M0";"A1100";"P1D_L";"ZZ";"0.593"
"2012-10-02";"J10M0";"A1100";"P1D_L";"ZZ";"0.592"
"2012-10-03";"J10M0";"A1100";"P1D_L";"ZZ";"0.587"
"2012-10-04";"J10M0";"A1100";"P1D_L";"ZZ";"0.569"
"2012-10-05";"J10M0";"A1100";"P1D_L";"ZZ";"0.582"
"2012-10-08";"J10M0";"A1100";"P1D_L";"ZZ";"0.594"
"2012-10-09";"J10M0";"A1100";"P1D_L";"ZZ";"0.578"
"2012-10-10";"J10M0";"A1100";"P1D_L";"ZZ";"0.577"
"2012-10-11";"J10M0";"A1100";"P1D_L";"ZZ";"0.56"
"2012-10-12";"J10M0";"A1100";"P1D_L";"ZZ";"0.573"
"2012-10-15";"J10M0";"A1100";"P1D_L";"ZZ";"0.562"
"2012-10-16";"J10M0";"A1100";"P1D_L";"ZZ";"0.577"
"2012-10-17";"J10M0";"A1100";"P1D_L";"ZZ";"0.594"
"2012-10-18";"J10M0";"A1100";"P1D_L";"ZZ";"0.618"
"2012-10-19";"J10M0";"A1100";"P1D_L";"ZZ";"0.613"
"2012-10-22";"J10M0";"A1100";"P1D_L";"ZZ";"0.597"
"2012-10-23";"J10M0";"A1100";"P1D_L";"ZZ";"0.587"
"2012-10-24";"J10M0";"A1100";"P1D_L";"ZZ";"0.567"
"2012-10-25";"J10M0";"A1100";"P1D_L";"ZZ";"0.589"
"2012-10-26";"J10M0";"A1100";"P1D_L";"ZZ";"0.573"
"2012-10-29";"J10M0";"A1100";"P1D_L";"ZZ";"0.57"
"2012-10-30";"J10M0";"A1100";"P1D_L";"ZZ";"0.578"
"2012-10-31";"J10M0";"A1100";"P1D_L";"ZZ";"0.597"
"2012-11-01";"J10M0";"A1100";"P1D_L";"ZZ";"0.57"
"2012-11-02";"J10M0";"A1100";"P1D_L";"ZZ";"0.564"
"2012-11-05";"J10M0";"A1100";"P1D_L";"ZZ";"0.559"
"2012-11-06";"J10M0";"A1100";"P1D_L";"ZZ";"0.567"
"2012-11-07";"J10M0";"A1100";"P1D_L";"ZZ";"0.564"
"2012-11-08";"J10M0";"A1100";"P1D_L";"ZZ";"0.539"
"2012-11-09";"J10M0";"A1100";"P1D_L";"ZZ";"0.52"
"2012-11-12";"J10M0";"A1100";"P1D_L";"ZZ";"0.52"
"2012-11-13";"J10M0";"A1100";"P1D_L";"ZZ";"0.506"
"2012-11-14";"J10M0";"A1100";"P1D_L";"ZZ";"0.516"
"2012-11-15";"J10M0";"A1100";"P1D_L";"ZZ";"0.504"
"2012-11-16";"J10M0";"A1100";"P1D_L";"ZZ";"0.52"
"2012-11-19";"J10M0";"A1100";"P1D_L";"ZZ";"0.528"
"2012-11-20";"J10M0";"A1100";"P1D_L";"ZZ";"0.529"
"2012-11-21";"J10M0";"A1100";"P1D_L";"ZZ";"0.573"
"2012-11-22";"J10M0";"A1100";"P1D_L";"ZZ";"0.575"
"2012-11-23";"J10M0";"A1100";"P1D_L";"ZZ";"0.569"
"2012-11-26";"J10M0";"A1100";"P1D_L";"ZZ";"0.561"
"2012-11-27";"J10M0";"A1100";"P1D_L";"ZZ";"0.559"
"2012-11-28";"J10M0";"A1100";"P1D_L";"ZZ";"0.558"
"2012-11-29";"J10M0";"A1100";"P1D_L";"ZZ";"0.544"
"2012-11-30";"J10M0";"A1100";"P1D_L";"ZZ";"0.53"
"2012-12-03";"J10M0";"A1100";"P1D_L";"ZZ";"0.52"
"2012-12-04";"J10M0";"A1100";"P1D_L";"ZZ";"0.535"
"2012-12-05";"J10M0";"A1100";"P1D_L";"ZZ";"0.52"
"2012-12-06";"J10M0";"A1100";"P1D_L";"ZZ";"0.504"
"2012-12-07";"J10M0";"A1100";"P1D_L";"ZZ";"0.48"
"2012-12-10";"J10M0";"A1100";"P1D_L";"ZZ";"0.452"
"2012-12-11";"J10M0";"A1100";"P1D_L";"ZZ";"0.459"
"2012-12-12";"J10M0";"A1100";"P1D_L";"ZZ";"0.498"
"2012-12-13";"J10M0";"A1100";"P1D_L";"ZZ";"0.495"
"2012-12-14";"J10M0";"A1100";"P1D_L";"ZZ";"0.526"
"2012-12-17";"J10M0";"A1100";"P1D_L";"ZZ";"0.559"
"2012-12-18";"J10M0";"A1100";"P1D_L";"ZZ";"0.553"
"2012-12-19";"J10M0";"A1100";"P1D_L";"ZZ";"0.569"
"2012-12-20";"J10M0";"A1100";"P1D_L";"ZZ";"0.575"
"2012-12-21";"J10M0";"A1100";"P1D_L";"ZZ";"0.587"
"2012-12-24";"J10M0";"A1100";"P1D_L";"ZZ";
"2012-12-25";"J10M0";"A1100";"P1D_L";"ZZ";
"2012-12-26";"J10M0";"A1100";"P1D_L";"ZZ";
"2012-12-27";"J10M0";"A1100";"P1D_L";"ZZ";"0.578"
"2012-12-28";"J10M0";"A1100";"P1D_L";"ZZ";"0.557"
"2012-12-31";"J10M0";"A1100";"P1D_L";"ZZ";
"2013-01-01";"J10M0";"A1100";"P1D_L";"ZZ";
"2013-01-02";"J10M0";"A1100";"P1D_L";"ZZ";
"2013-01-03";"J10M0";"A1100";"P1D_L";"ZZ";"0.595"
"2013-01-04";"J10M0";"A1100";"P1D_L";"ZZ";"0.607"
"2013-01-07";"J10M0";"A1100";"P1D_L";"ZZ";"0.597"
"2013-01-08";"J10M0";"A1100";"P1D_L";"ZZ";"0.603"
"2013-01-09";"J10M0";"A1100";"P1D_L";"ZZ";"0.603"
"2013-01-10";"J10M0";"A1100";"P1D_L";"ZZ";"0.599"
"2013-01-11";"J10M0";"A1100";"P1D_L";"ZZ";"0.655"
"2013-01-14";"J10M0";"A1100";"P1D_L";"ZZ";"0.673"
"2013-01-15";"J10M0";"A1100";"P1D_L";"ZZ";"0.658"
"2013-01-16";"J10M0";"A1100";"P1D_L";"ZZ";"0.666"
"2013-01-17";"J10M0";"A1100";"P1D_L";"ZZ";"0.711"
"2013-01-18";"J10M0";"A1100";"P1D_L";"ZZ";"0.718"
"2013-01-21";"J10M0";"A1100";"P1D_L";"ZZ";"0.701"
"2013-01-22";"J10M0";"A1100";"P1D_L";"ZZ";"0.709"
"2013-01-23";"J10M0";"A1100";"P1D_L";"ZZ";"0.696"
"2013-01-24";"J10M0";"A1100";"P1D_L";"ZZ";"0.693"
"2013-01-25";"J10M0";"A1100";"P1D_L";"ZZ";"0.711"
"2013-01-28";"J10M0";"A1100";"P1D_L";"ZZ";"0.754"
"2013-01-29";"J10M0";"A1100";"P1D_L";"ZZ";"0.784"
"2013-01-30";"J10M0";"A1100";"P1D_L";"ZZ";"0.805"
"2013-01-31";"J10M0";"A1100";"P1D_L";"ZZ";"0.789"
"2013-02-01";"J10M0";"A1100";"P1D_L";"ZZ";"0.781"
"2013-02-04";"J10M0";"A1100";"P1D_L";"ZZ";"0.794"
"2013-02-05";"J10M0";"A1100";"P1D_L";"ZZ";"0.762"
"2013-02-06";"J10M0";"A1100";"P1D_L";"ZZ";"0.76"
"2013-02-07";"J10M0";"A1100";"P1D_L";"ZZ";"0.771"
"2013-02-08";"J10M0";"A1100";"P1D_L";"ZZ";"0.756"
"2013-02-11";"J10M0";"A1100";"P1D_L";"ZZ";"0.739"
"2013-02-12";"J10M0";"A1100";"P1D_L";"ZZ";"0.748"
"2013-02-13";"J10M0";"A1100";"P1D_L";"ZZ";"0.781"
"2013-02-14";"J10M0";"A1100";"P1D_L";"ZZ";"0.786"
"2013-02-15";"J10M0";"A1100";"P1D_L";"ZZ";"0.775"
"2013-02-18";"J10M0";"A1100";"P1D_L";"ZZ";"0.777"
"2013-02-19";"J10M0";"A1100";"P1D_L";"ZZ";"0.782"
"2013-02-20";"J10M0";"A1100";"P1D_L";"ZZ";"0.799"
"2013-02-21";"J10M0";"A1100";"P1D_L";"ZZ";"0.784"
"2013-02-22";"J10M0";"A1100";"P1D_L";"ZZ";"0.784"
"2013-02-25";"J10M0";"A1100";"P1D_L";"ZZ";"0.787"
"2013-02-26";"J10M0";"A1100";"P1D_L";"ZZ";"0.752"
"2013-02-27";"J10M0";"A1100";"P1D_L";"ZZ";"0.736"
"2013-02-28";"J10M0";"A1100";"P1D_L";"ZZ";"0.721"
"2013-03-01";"J10M0";"A1100";"P1D_L";"ZZ";"0.708"
"2013-03-04";"J10M0";"A1100";"P1D_L";"ZZ";"0.691"
"2013-03-05";"J10M0";"A1100";"P1D_L";"ZZ";"0.71"
"2013-03-06";"J10M0";"A1100";"P1D_L";"ZZ";"0.73"
"2013-03-07";"J10M0";"A1100";"P1D_L";"ZZ";"0.729"
"2013-03-08";"J10M0";"A1100";"P1D_L";"ZZ";"0.736"
"2013-03-11";"J10M0";"A1100";"P1D_L";"ZZ";"0.767"
"2013-03-12";"J10M0";"A1100";"P1D_L";"ZZ";"0.781"
"2013-03-13";"J10M0";"A1100";"P1D_L";"ZZ";"0.787"
"2013-03-14";"J10M0";"A1100";"P1D_L";"ZZ";"0.821"
"2013-03-15";"J10M0";"A1100";"P1D_L";"ZZ";"0.818"
"2013-03-18";"J10M0";"A1100";"P1D_L";"ZZ";"0.759"
"2013-03-19";"J10M0";"A1100";"P1D_L";"ZZ";"0.765"
"2013-03-20";"J10M0";"A1100";"P1D_L";"ZZ";"0.746"
"2013-03-21";"J10M0";"A1100";"P1D_L";"ZZ";"0.752"
"2013-03-22";"J10M0";"A1100";"P1D_L";"ZZ";"0.74"
"2013-03-25";"J10M0";"A1100";"P1D_L";"ZZ";"0.768"
"2013-03-26";"J10M0";"A1100";"P1D_L";"ZZ";"0.764"
"2013-03-27";"J10M0";"A1100";"P1D_L";"ZZ";"0.768"
"2013-03-28";"J10M0";"A1100";"P1D_L";"ZZ";"0.747"
"2013-03-29";"J10M0";"A1100";"P1D_L";"ZZ";
"2013-04-01";"J10M0";"A1100";"P1D_L";"ZZ";
"2013-04-02";"J10M0";"A1100";"P1D_L";"ZZ";"0.733"
"2013-04-03";"J10M0";"A1100";"P1D_L";"ZZ";"0.715"
"2013-04-04";"J10M0";"A1100";"P1D_L";"ZZ";"0.701"
"2013-04-05";"J10M0";"A1100";"P1D_L";"ZZ";"0.703"
"2013-04-08";"J10M0";"A1100";"P1D_L";"ZZ";"0.691"
"2013-04-09";"J10M0";"A1100";"P1D_L";"ZZ";"0.722"
"2013-04-10";"J10M0";"A1100";"P1D_L";"ZZ";"0.734"
"2013-04-11";"J10M0";"A1100";"P1D_L";"ZZ";"0.727"
"2013-04-12";"J10M0";"A1100";"P1D_L";"ZZ";"0.726"
"2013-04-15";"J10M0";"A1100";"P1D_L";"ZZ";"0.699"
"2013-04-16";"J10M0";"A1100";"P1D_L";"ZZ";"0.68"
"2013-04-17";"J10M0";"A1100";"P1D_L";"ZZ";"0.683"
"2013-04-18";"J10M0";"A1100";"P1D_L";"ZZ";"0.675"
"2013-04-19";"J10M0";"A1100";"P1D_L";"ZZ";"0.668"
"2013-04-22";"J10M0";"A1100";"P1D_L";"ZZ";"0.664"
"2013-04-23";"J10M0";"A1100";"P1D_L";"ZZ";"0.631"
"2013-04-24";"J10M0";"A1100";"P1D_L";"ZZ";"0.658"
"2013-04-25";"J10M0";"A1100";"P1D_L";"ZZ";"0.642"
"2013-04-26";"J10M0";"A1100";"P1D_L";"ZZ";"0.641"
"2013-04-29";"J10M0";"A1100";"P1D_L";"ZZ";"0.63"
"2013-04-30";"J10M0";"A1100";"P1D_L";"ZZ";"0.612"
"2013-05-01";"J10M0";"A1100";"P1D_L";"ZZ";
"2013-05-02";"J10M0";"A1100";"P1D_L";"ZZ";"0.634"
"2013-05-03";"J10M0";"A1100";"P1D_L";"ZZ";"0.611"
"2013-05-06";"J10M0";"A1100";"P1D_L";"ZZ";"0.625"
"2013-05-07";"J10M0";"A1100";"P1D_L";"ZZ";"0.614"
"2013-05-08";"J10M0";"A1100";"P1D_L";"ZZ";"0.628"
"2013-05-09";"J10M0";"A1100";"P1D_L";"ZZ";
"2013-05-10";"J10M0";"A1100";"P1D_L";"ZZ";"0.637"
"2013-05-13";"J10M0";"A1100";"P1D_L";"ZZ";"0.653"
"2013-05-14";"J10M0";"A1100";"P1D_L";"ZZ";"0.664"
"2013-05-15";"J10M0";"A1100";"P1D_L";"ZZ";"0.69"
"2013-05-16";"J10M0";"A1100";"P1D_L";"ZZ";"0.675"
"2013-05-17";"J10M0";"A1100";"P1D_L";"ZZ";"0.675"
"2013-05-20";"J10M0";"A1100";"P1D_L";"ZZ";
"2013-05-21";"J10M0";"A1100";"P1D_L";"ZZ";"0.694"
"2013-05-22";"J10M0";"A1100";"P1D_L";"ZZ";"0.687"
"2013-05-23";"J10M0";"A1100";"P1D_L";"ZZ";"0.688"
"2013-05-24";"J10M0";"A1100";"P1D_L";"ZZ";"0.703"
"2013-05-27";"J10M0";"A1100";"P1D_L";"ZZ";"0.701"
"2013-05-28";"J10M0";"A1100";"P1D_L";"ZZ";"0.704"
"2013-05-29";"J10M0";"A1100";"P1D_L";"ZZ";"0.772"
"2013-05-30";"J10M0";"A1100";"P1D_L";"ZZ";"0.771"
"2013-05-31";"J10M0";"A1100";"P1D_L";"ZZ";"0.76"
"2013-06-03";"J10M0";"A1100";"P1D_L";"ZZ";"0.78"
"2013-06-04";"J10M0";"A1100";"P1D_L";"ZZ";"0.818"
"2013-06-05";"J10M0";"A1100";"P1D_L";"ZZ";"0.838"
"2013-06-06";"J10M0";"A1100";"P1D_L";"ZZ";"0.826"
"2013-06-07";"J10M0";"A1100";"P1D_L";"ZZ";"0.835"
"2013-06-10";"J10M0";"A1100";"P1D_L";"ZZ";"0.815"
"2013-06-11";"J10M0";"A1100";"P1D_L";"ZZ";"0.904"
"2013-06-12";"J10M0";"A1100";"P1D_L";"ZZ";"0.954"
"2013-06-13";"J10M0";"A1100";"P1D_L";"ZZ";"0.902"
"2013-06-14";"J10M0";"A1100";"P1D_L";"ZZ";"0.902"
"2013-06-17";"J10M0";"A1100";"P1D_L";"ZZ";"0.889"
"2013-06-18";"J10M0";"A1100";"P1D_L";"ZZ";"0.898"
"2013-06-19";"J10M0";"A1100";"P1D_L";"ZZ";"0.886"
"2013-06-20";"J10M0";"A1100";"P1D_L";"ZZ";"0.947"
"2013-06-21";"J10M0";"A1100";"P1D_L";"ZZ";"0.988"
"2013-06-24";"J10M0";"A1100";"P1D_L";"ZZ";"1.061"
"2013-06-25";"J10M0";"A1100";"P1D_L";"ZZ";"1.125"
"2013-06-26";"J10M0";"A1100";"P1D_L";"ZZ";"1.112"
"2013-06-27";"J10M0";"A1100";"P1D_L";"ZZ";"1.089"
"2013-06-28";"J10M0";"A1100";"P1D_L";"ZZ";"1.06"
"2013-07-01";"J10M0";"A1100";"P1D_L";"ZZ";"1.075"
"2013-07-02";"J10M0";"A1100";"P1D_L";"ZZ";"1.078"
"2013-07-03";"J10M0";"A1100";"P1D_L";"ZZ";"1.04"
"2013-07-04";"J10M0";"A1100";"P1D_L";"ZZ";"1.057"
"2013-07-05";"J10M0";"A1100";"P1D_L";"ZZ";"1.038"
"2013-07-08";"J10M0";"A1100";"P1D_L";"ZZ";"1.111"
"2013-07-09";"J10M0";"A1100";"P1D_L";"ZZ";"1.109"
"2013-07-10";"J10M0";"A1100";"P1D_L";"ZZ";"1.093"
"2013-07-11";"J10M0";"A1100";"P1D_L";"ZZ";"1.1"
"2013-07-12";"J10M0";"A1100";"P1D_L";"ZZ";"1.065"
"2013-07-15";"J10M0";"A1100";"P1D_L";"ZZ";"1.066"
"2013-07-16";"J10M0";"A1100";"P1D_L";"ZZ";"1.072"
"2013-07-17";"J10M0";"A1100";"P1D_L";"ZZ";"1.08"
"2013-07-18";"J10M0";"A1100";"P1D_L";"ZZ";"1.059"
"2013-07-19";"J10M0";"A1100";"P1D_L";"ZZ";"1.03"
"2013-07-22";"J10M0";"A1100";"P1D_L";"ZZ";"1.033"
"2013-07-23";"J10M0";"A1100";"P1D_L";"ZZ";"1.034"
"2013-07-24";"J10M0";"A1100";"P1D_L";"ZZ";"1.071"
"2013-07-25";"J10M0";"A1100";"P1D_L";"ZZ";"1.106"
"2013-07-26";"J10M0";"A1100";"P1D_L";"ZZ";"1.094"
"2013-07-29";"J10M0";"A1100";"P1D_L";"ZZ";"1.09"
"2013-07-30";"J10M0";"A1100";"P1D_L";"ZZ";"1.081"
"2013-07-31";"J10M0";"A1100";"P1D_L";"ZZ";"1.097"
"2013-08-01";"J10M0";"A1100";"P1D_L";"ZZ";
"2013-08-02";"J10M0";"A1100";"P1D_L";"ZZ";"1.104"
"2013-08-05";"J10M0";"A1100";"P1D_L";"ZZ";"1.078"
"2013-08-06";"J10M0";"A1100";"P1D_L";"ZZ";"1.116"
"2013-08-07";"J10M0";"A1100";"P1D_L";"ZZ";"1.082"
"2013-08-08";"J10M0";"A1100";"P1D_L";"ZZ";"1.053"
"2013-08-09";"J10M0";"A1100";"P1D_L";"ZZ";"1.051"
"2013-08-12";"J10M0";"A1100";"P1D_L";"ZZ";"1.052"
"2013-08-13";"J10M0";"A1100";"P1D_L";"ZZ";"1.042"
"2013-08-14";"J10M0";"A1100";"P1D_L";"ZZ";"1.096"
"2013-08-15";"J10M0";"A1100";"P1D_L";"ZZ";"1.084"
"2013-08-16";"J10M0";"A1100";"P1D_L";"ZZ";"1.113"
"2013-08-19";"J10M0";"A1100";"P1D_L";"ZZ";"1.127"
"2013-08-20";"J10M0";"A1100";"P1D_L";"ZZ";"1.116"
"2013-08-21";"J10M0";"A1100";"P1D_L";"ZZ";"1.112"
"2013-08-22";"J10M0";"A1100";"P1D_L";"ZZ";"1.155"
"2013-08-23";"J10M0";"A1100";"P1D_L";"ZZ";"1.181"
"2013-08-26";"J10M0";"A1100";"P1D_L";"ZZ";"1.212"
"2013-08-27";"J10M0";"A1100";"P1D_L";"ZZ";"1.175"
"2013-08-28";"J10M0";"A1100";"P1D_L";"ZZ";"1.163"
"2013-08-29";"J10M0";"A1100";"P1D_L";"ZZ";"1.182"
"2013-08-30";"J10M0";"A1100";"P1D_L";"ZZ";"1.142"
"2013-09-02";"J10M0";"A1100";"P1D_L";"ZZ";"1.171"
"2013-09-03";"J10M0";"A1100";"P1D_L";"ZZ";"1.135"
"2013-09-04";"J10M0";"A1100";"P1D_L";"ZZ";"1.184"
"2013-09-05";"J10M0";"A1100";"P1D_L";"ZZ";"1.201"
"2013-09-06";"J10M0";"A1100";"P1D_L";"ZZ";"1.216"
"2013-09-09";"J10M0";"A1100";"P1D_L";"ZZ";"1.198"
"2013-09-10";"J10M0";"A1100";"P1D_L";"ZZ";"1.238"
"2013-09-11";"J10M0";"A1100";"P1D_L";"ZZ";"1.256"
"2013-09-12";"J10M0";"A1100";"P1D_L";"ZZ";"1.233"
"2013-09-13";"J10M0";"A1100";"P1D_L";"ZZ";"1.231"
"2013-09-16";"J10M0";"A1100";"P1D_L";"ZZ";"1.199"
"2013-09-17";"J10M0";"A1100";"P1D_L";"ZZ";"1.194"
"2013-09-18";"J10M0";"A1100";"P1D_L";"ZZ";"1.192"
"2013-09-19";"J10M0";"A1100";"P1D_L";"ZZ";"1.144"
"2013-09-20";"J10M0";"A1100";"P1D_L";"ZZ";"1.174"
"2013-09-23";"J10M0";"A1100";"P1D_L";"ZZ";"1.18"
"2013-09-24";"J10M0";"A1100";"P1D_L";"ZZ";"1.169"
"2013-09-25";"J10M0";"A1100";"P1D_L";"ZZ";"1.14"
"2013-09-26";"J10M0";"A1100";"P1D_L";"ZZ";"1.149"
"2013-09-27";"J10M0";"A1100";"P1D_L";"ZZ";"1.148"
"2013-09-30";"J10M0";"A1100";"P1D_L";"ZZ";"1.11"
"2013-10-01";"J10M0";"A1100";"P1D_L";"ZZ";"1.112"
"2013-10-02";"J10M0";"A1100";"P1D_L";"ZZ";"1.106"
"2013-10-03";"J10M0";"A1100";"P1D_L";"ZZ";"1.129"
"2013-10-04";"J10M0";"A1100";"P1D_L";"ZZ";"1.133"
"2013-10-07";"J10M0";"A1100";"P1D_L";"ZZ";"1.129"
"2013-10-08";"J10M0";"A1100";"P1D_L";"ZZ";"1.125"
"2013-10-09";"J10M0";"A1100";"P1D_L";"ZZ";"1.105"
"2013-10-10";"J10M0";"A1100";"P1D_L";"ZZ";"1.12"
"2013-10-11";"J10M0";"A1100";"P1D_L";"ZZ";"1.127"
"2013-10-14";"J10M0";"A1100";"P1D_L";"ZZ";"1.139"
"2013-10-15";"J10M0";"A1100";"P1D_L";"ZZ";"1.174"
"2013-10-16";"J10M0";"A1100";"P1D_L";"ZZ";"1.183"
"2013-10-17";"J10M0";"A1100";"P1D_L";"ZZ";"1.172"
"2013-10-18";"J10M0";"A1100";"P1D_L";"ZZ";"1.155"
"2013-10-21";"J10M0";"A1100";"P1D_L";"ZZ";"1.144"
"2013-10-22";"J10M0";"A1100";"P1D_L";"ZZ";"1.122"
"2013-10-23";"J10M0";"A1100";"P1D_L";"ZZ";"1.105"
"2013-10-24";"J10M0";"A1100";"P1D_L";"ZZ";"1.096"
"2013-10-25";"J10M0";"A1100";"P1D_L";"ZZ";"1.102"
"2013-10-28";"J10M0";"A1100";"P1D_L";"ZZ";"1.097"
"2013-10-29";"J10M0";"A1100";"P1D_L";"ZZ";"1.096"
"2013-10-30";"J10M0";"A1100";"P1D_L";"ZZ";"1.086"
"2013-10-31";"J10M0";"A1100";"P1D_L";"ZZ";"1.07"
"2013-11-01";"J10M0";"A1100";"P1D_L";"ZZ";"1.057"
"2013-11-04";"J10M0";"A1100";"P1D_L";"ZZ";"1.064"
"2013-11-05";"J10M0";"A1100";"P1D_L";"ZZ";"1.076"
"2013-11-06";"J10M0";"A1100";"P1D_L";"ZZ";"1.093"
"2013-11-07";"J10M0";"A1100";"P1D_L";"ZZ";"1.096"
"2013-11-08";"J10M0";"A1100";"P1D_L";"ZZ";"1.057"
"2013-11-11";"J10M0";"A1100";"P1D_L";"ZZ";"1.077"
"2013-11-12";"J10M0";"A1100";"P1D_L";"ZZ";"1.128"
"2013-11-13";"J10M0";"A1100";"P1D_L";"ZZ";"1.125"
"2013-11-14";"J10M0";"A1100";"P1D_L";"ZZ";"1.101"
"2013-11-15";"J10M0";"A1100";"P1D_L";"ZZ";"1.088"
"2013-11-18";"J10M0";"A1100";"P1D_L";"ZZ";"1.089"
"2013-11-19";"J10M0";"A1100";"P1D_L";"ZZ";"1.077"
"2013-11-20";"J10M0";"A1100";"P1D_L";"ZZ";"1.088"
"2013-11-21";"J10M0";"A1100";"P1D_L";"ZZ";"1.084"
"2013-11-22";"J10M0";"A1100";"P1D_L";"ZZ";"1.085"
"2013-11-25";"J10M0";"A1100";"P1D_L";"ZZ";"1.056"
"2013-11-26";"J10M0";"A1100";"P1D_L";"ZZ";"1.035"
"2013-11-27";"J10M0";"A1100";"P1D_L";"ZZ";"1.007"
"2013-11-28";"J10M0";"A1100";"P1D_L";"ZZ";"1.015"
"2013-11-29";"J10M0";"A1100";"P1D_L";"ZZ";"1.031"
"2013-12-02";"J10M0";"A1100";"P1D_L";"ZZ";"1.043"
"2013-12-03";"J10M0";"A1100";"P1D_L";"ZZ";"1.08"
"2013-12-04";"J10M0";"A1100";"P1D_L";"ZZ";"1.078"
"2013-12-05";"J10M0";"A1100";"P1D_L";"ZZ";"1.103"
"2013-12-06";"J10M0";"A1100";"P1D_L";"ZZ";"1.126"
"2013-12-09";"J10M0";"A1100";"P1D_L";"ZZ";"1.136"
"2013-12-10";"J10M0";"A1100";"P1D_L";"ZZ";"1.135"
"2013-12-11";"J10M0";"A1100";"P1D_L";"ZZ";"1.134"
"2013-12-12";"J10M0";"A1100";"P1D_L";"ZZ";"1.131"
"2013-12-13";"J10M0";"A1100";"P1D_L";"ZZ";"1.149"
"2013-12-16";"J10M0";"A1100";"P1D_L";"ZZ";"1.137"
"2013-12-17";"J10M0";"A1100";"P1D_L";"ZZ";"1.177"
"2013-12-18";"J10M0";"A1100";"P1D_L";"ZZ";"1.168"
"2013-12-19";"J10M0";"A1100";"P1D_L";"ZZ";"1.195"
"2013-12-20";"J10M0";"A1100";"P1D_L";"ZZ";"1.217"
"2013-12-23";"J10M0";"A1100";"P1D_L";"ZZ";"1.22"
"2013-12-24";"J10M0";"A1100";"P1D_L";"ZZ";
"2013-12-25";"J10M0";"A1100";"P1D_L";"ZZ";
"2013-12-26";"J10M0";"A1100";"P1D_L";"ZZ";
"2013-12-27";"J10M0";"A1100";"P1D_L";"ZZ";"1.245"
"2013-12-30";"J10M0";"A1100";"P1D_L";"ZZ";"1.253"
"2013-12-31";"J10M0";"A1100";"P1D_L";"ZZ";
"2014-01-01";"J10M0";"A1100";"P1D_L";"ZZ";
"2014-01-02";"J10M0";"A1100";"P1D_L";"ZZ";
"2014-01-03";"J10M0";"A1100";"P1D_L";"ZZ";"1.229"
"2014-01-06";"J10M0";"A1100";"P1D_L";"ZZ";"1.18"
"2014-01-07";"J10M0";"A1100";"P1D_L";"ZZ";"1.172"
"2014-01-08";"J10M0";"A1100";"P1D_L";"ZZ";"1.178"
"2014-01-09";"J10M0";"A1100";"P1D_L";"ZZ";"1.208"
"2014-01-10";"J10M0";"A1100";"P1D_L";"ZZ";"1.207"
"2014-01-13";"J10M0";"A1100";"P1D_L";"ZZ";"1.187"
"2014-01-14";"J10M0";"A1100";"P1D_L";"ZZ";"1.166"
"2014-01-15";"J10M0";"A1100";"P1D_L";"ZZ";"1.166"
"2014-01-16";"J10M0";"A1100";"P1D_L";"ZZ";"1.135"
"2014-01-17";"J10M0";"A1100";"P1D_L";"ZZ";"1.122"
"2014-01-20";"J10M0";"A1100";"P1D_L";"ZZ";"1.116"
"2014-01-21";"J10M0";"A1100";"P1D_L";"ZZ";"1.111"
"2014-01-22";"J10M0";"A1100";"P1D_L";"ZZ";"1.061"
"2014-01-23";"J10M0";"A1100";"P1D_L";"ZZ";"1.073"
"2014-01-24";"J10M0";"A1100";"P1D_L";"ZZ";"1.022"
"2014-01-27";"J10M0";"A1100";"P1D_L";"ZZ";"1.022"
"2014-01-28";"J10M0";"A1100";"P1D_L";"ZZ";"1.04"
"2014-01-29";"J10M0";"A1100";"P1D_L";"ZZ";"1.039"
"2014-01-30";"J10M0";"A1100";"P1D_L";"ZZ";"0.994"
"2014-01-31";"J10M0";"A1100";"P1D_L";"ZZ";"0.983"
"2014-02-03";"J10M0";"A1100";"P1D_L";"ZZ";"0.964"
"2014-02-04";"J10M0";"A1100";"P1D_L";"ZZ";"0.954"
"2014-02-05";"J10M0";"A1100";"P1D_L";"ZZ";"0.958"
"2014-02-06";"J10M0";"A1100";"P1D_L";"ZZ";"0.981"
"2014-02-07";"J10M0";"A1100";"P1D_L";"ZZ";"0.993"
"2014-02-10";"J10M0";"A1100";"P1D_L";"ZZ";"0.999"
"2014-02-11";"J10M0";"A1100";"P1D_L";"ZZ";"1.021"
"2014-02-12";"J10M0";"A1100";"P1D_L";"ZZ";"1.036"
"2014-02-13";"J10M0";"A1100";"P1D_L";"ZZ";"1.028"
"2014-02-14";"J10M0";"A1100";"P1D_L";"ZZ";"1.019"
"2014-02-17";"J10M0";"A1100";"P1D_L";"ZZ";"1.029"
"2014-02-18";"J10M0";"A1100";"P1D_L";"ZZ";"1.007"
"2014-02-19";"J10M0";"A1100";"P1D_L";"ZZ";"1.001"
"2014-02-20";"J10M0";"A1100";"P1D_L";"ZZ";"0.974"
"2014-02-21";"J10M0";"A1100";"P1D_L";"ZZ";"0.997"
"2014-02-24";"J10M0";"A1100";"P1D_L";"ZZ";"0.997"
"2014-02-25";"J10M0";"A1100";"P1D_L";"ZZ";"0.993"
"2014-02-26";"J10M0";"A1100";"P1D_L";"ZZ";"0.996"
"2014-02-27";"J10M0";"A1100";"P1D_L";"ZZ";"0.955"
"2014-02-28";"J10M0";"A1100";"P1D_L";"ZZ";"0.951"
"2014-03-03";"J10M0";"A1100";"P1D_L";"ZZ";"0.955"
"2014-03-04";"J10M0";"A1100";"P1D_L";"ZZ";"0.919"
"2014-03-05";"J10M0";"A1100";"P1D_L";"ZZ";"0.963"
"2014-03-06";"J10M0";"A1100";"P1D_L";"ZZ";"0.976"
"2014-03-07";"J10M0";"A1100";"P1D_L";"ZZ";"1.006"
"2014-03-10";"J10M0";"A1100";"P1D_L";"ZZ";"1.002"
"2014-03-11";"J10M0";"A1100";"P1D_L";"ZZ";"0.995"
"2014-03-12";"J10M0";"A1100";"P1D_L";"ZZ";"0.987"
"2014-03-13";"J10M0";"A1100";"P1D_L";"ZZ";"0.953"
"2014-03-14";"J10M0";"A1100";"P1D_L";"ZZ";"0.942"
"2014-03-17";"J10M0";"A1100";"P1D_L";"ZZ";"0.961"
"2014-03-18";"J10M0";"A1100";"P1D_L";"ZZ";"0.964"
"2014-03-19";"J10M0";"A1100";"P1D_L";"ZZ";"0.959"
"2014-03-20";"J10M0";"A1100";"P1D_L";"ZZ";"1.004"
"2014-03-21";"J10M0";"A1100";"P1D_L";"ZZ";"1"
"2014-03-24";"J10M0";"A1100";"P1D_L";"ZZ";"1.004"
"2014-03-25";"J10M0";"A1100";"P1D_L";"ZZ";"0.956"
"2014-03-26";"J10M0";"A1100";"P1D_L";"ZZ";"0.936"
"2014-03-27";"J10M0";"A1100";"P1D_L";"ZZ";"0.943"
"2014-03-28";"J10M0";"A1100";"P1D_L";"ZZ";"0.923"
"2014-03-31";"J10M0";"A1100";"P1D_L";"ZZ";"0.955"
"2014-04-01";"J10M0";"A1100";"P1D_L";"ZZ";"0.948"
"2014-04-02";"J10M0";"A1100";"P1D_L";"ZZ";"0.95"
"2014-04-03";"J10M0";"A1100";"P1D_L";"ZZ";"0.968"
"2014-04-04";"J10M0";"A1100";"P1D_L";"ZZ";"0.942"
"2014-04-07";"J10M0";"A1100";"P1D_L";"ZZ";"0.914"
"2014-04-08";"J10M0";"A1100";"P1D_L";"ZZ";"0.902"
"2014-04-09";"J10M0";"A1100";"P1D_L";"ZZ";"0.908"
"2014-04-10";"J10M0";"A1100";"P1D_L";"ZZ";"0.906"
"2014-04-11";"J10M0";"A1100";"P1D_L";"ZZ";"0.896"
"2014-04-14";"J10M0";"A1100";"P1D_L";"ZZ";"0.871"
"2014-04-15";"J10M0";"A1100";"P1D_L";"ZZ";"0.876"
"2014-04-16";"J10M0";"A1100";"P1D_L";"ZZ";"0.861"
"2014-04-17";"J10M0";"A1100";"P1D_L";"ZZ";"0.862"
"2014-04-18";"J10M0";"A1100";"P1D_L";"ZZ";
"2014-04-21";"J10M0";"A1100";"P1D_L";"ZZ";
"2014-04-22";"J10M0";"A1100";"P1D_L";"ZZ";"0.891"
"2014-04-23";"J10M0";"A1100";"P1D_L";"ZZ";"0.897"
"2014-04-24";"J10M0";"A1100";"P1D_L";"ZZ";"0.882"
"2014-04-25";"J10M0";"A1100";"P1D_L";"ZZ";"0.868"
"2014-04-28";"J10M0";"A1100";"P1D_L";"ZZ";"0.859"
"2014-04-29";"J10M0";"A1100";"P1D_L";"ZZ";"0.886"
"2014-04-30";"J10M0";"A1100";"P1D_L";"ZZ";"0.86"
"2014-05-01";"J10M0";"A1100";"P1D_L";"ZZ";
"2014-05-02";"J10M0";"A1100";"P1D_L";"ZZ";"0.851"
"2014-05-05";"J10M0";"A1100";"P1D_L";"ZZ";"0.853"
"2014-05-06";"J10M0";"A1100";"P1D_L";"ZZ";"0.858"
"2014-05-07";"J10M0";"A1100";"P1D_L";"ZZ";"0.857"
"2014-05-08";"J10M0";"A1100";"P1D_L";"ZZ";"0.857"
"2014-05-09";"J10M0";"A1100";"P1D_L";"ZZ";"0.831"
"2014-05-12";"J10M0";"A1100";"P1D_L";"ZZ";"0.832"
"2014-05-13";"J10M0";"A1100";"P1D_L";"ZZ";"0.821"
"2014-05-14";"J10M0";"A1100";"P1D_L";"ZZ";"0.764"
"2014-05-15";"J10M0";"A1100";"P1D_L";"ZZ";"0.729"
"2014-05-16";"J10M0";"A1100";"P1D_L";"ZZ";"0.733"
"2014-05-19";"J10M0";"A1100";"P1D_L";"ZZ";"0.759"
"2014-05-20";"J10M0";"A1100";"P1D_L";"ZZ";"0.797"
"2014-05-21";"J10M0";"A1100";"P1D_L";"ZZ";"0.817"
"2014-05-22";"J10M0";"A1100";"P1D_L";"ZZ";"0.834"
"2014-05-23";"J10M0";"A1100";"P1D_L";"ZZ";"0.825"
"2014-05-26";"J10M0";"A1100";"P1D_L";"ZZ";"0.823"
"2014-05-27";"J10M0";"A1100";"P1D_L";"ZZ";"0.807"
"2014-05-28";"J10M0";"A1100";"P1D_L";"ZZ";"0.768"
"2014-05-29";"J10M0";"A1100";"P1D_L";"ZZ";
"2014-05-30";"J10M0";"A1100";"P1D_L";"ZZ";"0.77"
"2014-06-02";"J10M0";"A1100";"P1D_L";"ZZ";"0.754"
"2014-06-03";"J10M0";"A1100";"P1D_L";"ZZ";"0.756"
"2014-06-04";"J10M0";"A1100";"P1D_L";"ZZ";"0.785"
"2014-06-05";"J10M0";"A1100";"P1D_L";"ZZ";"0.803"
"2014-06-06";"J10M0";"A1100";"P1D_L";"ZZ";"0.767"
"2014-06-09";"J10M0";"A1100";"P1D_L";"ZZ";
"2014-06-10";"J10M0";"A1100";"P1D_L";"ZZ";"0.789"
"2014-06-11";"J10M0";"A1100";"P1D_L";"ZZ";"0.834"
"2014-06-12";"J10M0";"A1100";"P1D_L";"ZZ";"0.812"
"2014-06-13";"J10M0";"A1100";"P1D_L";"ZZ";"0.806"
"2014-06-16";"J10M0";"A1100";"P1D_L";"ZZ";"0.802"
"2014-06-17";"J10M0";"A1100";"P1D_L";"ZZ";"0.792"
"2014-06-18";"J10M0";"A1100";"P1D_L";"ZZ";"0.82"
"2014-06-19";"J10M0";"A1100";"P1D_L";"ZZ";"0.793"
"2014-06-20";"J10M0";"A1100";"P1D_L";"ZZ";"0.779"
"2014-06-23";"J10M0";"A1100";"P1D_L";"ZZ";"0.77"
"2014-06-24";"J10M0";"A1100";"P1D_L";"ZZ";"0.778"
"2014-06-25";"J10M0";"A1100";"P1D_L";"ZZ";"0.763"
"2014-06-26";"J10M0";"A1100";"P1D_L";"ZZ";"0.721"
"2014-06-27";"J10M0";"A1100";"P1D_L";"ZZ";"0.725"
"2014-06-30";"J10M0";"A1100";"P1D_L";"ZZ";"0.714"
"2014-07-01";"J10M0";"A1100";"P1D_L";"ZZ";"0.72"
"2014-07-02";"J10M0";"A1100";"P1D_L";"ZZ";"0.707"
"2014-07-03";"J10M0";"A1100";"P1D_L";"ZZ";"0.745"
"2014-07-04";"J10M0";"A1100";"P1D_L";"ZZ";"0.724"
"2014-07-07";"J10M0";"A1100";"P1D_L";"ZZ";"0.72"
"2014-07-08";"J10M0";"A1100";"P1D_L";"ZZ";"0.697"
"2014-07-09";"J10M0";"A1100";"P1D_L";"ZZ";"0.693"
"2014-07-10";"J10M0";"A1100";"P1D_L";"ZZ";"0.686"
"2014-07-11";"J10M0";"A1100";"P1D_L";"ZZ";"0.684"
"2014-07-14";"J10M0";"A1100";"P1D_L";"ZZ";"0.688"
"2014-07-15";"J10M0";"A1100";"P1D_L";"ZZ";"0.692"
"2014-07-16";"J10M0";"A1100";"P1D_L";"ZZ";"0.692"
"2014-07-17";"J10M0";"A1100";"P1D_L";"ZZ";"0.694"
"2014-07-18";"J10M0";"A1100";"P1D_L";"ZZ";"0.663"
"2014-07-21";"J10M0";"A1100";"P1D_L";"ZZ";"0.635"
"2014-07-22";"J10M0";"A1100";"P1D_L";"ZZ";"0.622"
"2014-07-23";"J10M0";"A1100";"P1D_L";"ZZ";"0.61"
"2014-07-24";"J10M0";"A1100";"P1D_L";"ZZ";"0.609"
"2014-07-25";"J10M0";"A1100";"P1D_L";"ZZ";"0.619"
"2014-07-28";"J10M0";"A1100";"P1D_L";"ZZ";"0.6"
"2014-07-29";"J10M0";"A1100";"P1D_L";"ZZ";"0.57"
"2014-07-30";"J10M0";"A1100";"P1D_L";"ZZ";"0.58"
"2014-07-31";"J10M0";"A1100";"P1D_L";"ZZ";"0.616"
"2014-08-01";"J10M0";"A1100";"P1D_L";"ZZ";
"2014-08-04";"J10M0";"A1100";"P1D_L";"ZZ";"0.597"
"2014-08-05";"J10M0";"A1100";"P1D_L";"ZZ";"0.6"
"2014-08-06";"J10M0";"A1100";"P1D_L";"ZZ";"0.596"
"2014-08-07";"J10M0";"A1100";"P1D_L";"ZZ";"0.573"
"2014-08-08";"J10M0";"A1100";"P1D_L";"ZZ";"0.531"
"2014-08-11";"J10M0";"A1100";"P1D_L";"ZZ";"0.534"
"2014-08-12";"J10M0";"A1100";"P1D_L";"ZZ";"0.519"
"2014-08-13";"J10M0";"A1100";"P1D_L";"ZZ";"0.525"
"2014-08-14";"J10M0";"A1100";"P1D_L";"ZZ";"0.51"
"2014-08-15";"J10M0";"A1100";"P1D_L";"ZZ";"0.546"
"2014-08-18";"J10M0";"A1100";"P1D_L";"ZZ";"0.554"
"2014-08-19";"J10M0";"A1100";"P1D_L";"ZZ";"0.567"
"2014-08-20";"J10M0";"A1100";"P1D_L";"ZZ";"0.559"
"2014-08-21";"J10M0";"A1100";"P1D_L";"ZZ";"0.554"
"2014-08-22";"J10M0";"A1100";"P1D_L";"ZZ";"0.552"
"2014-08-25";"J10M0";"A1100";"P1D_L";"ZZ";"0.551"
"2014-08-26";"J10M0";"A1100";"P1D_L";"ZZ";"0.55"
"2014-08-27";"J10M0";"A1100";"P1D_L";"ZZ";"0.557"
"2014-08-28";"J10M0";"A1100";"P1D_L";"ZZ";"0.533"
"2014-08-29";"J10M0";"A1100";"P1D_L";"ZZ";"0.529"
"2014-09-01";"J10M0";"A1100";"P1D_L";"ZZ";"0.508"
"2014-09-02";"J10M0";"A1100";"P1D_L";"ZZ";"0.534"
"2014-09-03";"J10M0";"A1100";"P1D_L";"ZZ";"0.571"
"2014-09-04";"J10M0";"A1100";"P1D_L";"ZZ";"0.579"
"2014-09-05";"J10M0";"A1100";"P1D_L";"ZZ";"0.589"
"2014-09-08";"J10M0";"A1100";"P1D_L";"ZZ";"0.564"
"2014-09-09";"J10M0";"A1100";"P1D_L";"ZZ";"0.616"
"2014-09-10";"J10M0";"A1100";"P1D_L";"ZZ";"0.646"
"2014-09-11";"J10M0";"A1100";"P1D_L";"ZZ";"0.598"
"2014-09-12";"J10M0";"A1100";"P1D_L";"ZZ";"0.618"
"2014-09-15";"J10M0";"A1100";"P1D_L";"ZZ";"0.627"
"2014-09-16";"J10M0";"A1100";"P1D_L";"ZZ";"0.596"
"2014-09-17";"J10M0";"A1100";"P1D_L";"ZZ";"0.612"
"2014-09-18";"J10M0";"A1100";"P1D_L";"ZZ";"0.611"
"2014-09-19";"J10M0";"A1100";"P1D_L";"ZZ";"0.627"
"2014-09-22";"J10M0";"A1100";"P1D_L";"ZZ";"0.588"
"2014-09-23";"J10M0";"A1100";"P1D_L";"ZZ";"0.542"
"2014-09-24";"J10M0";"A1100";"P1D_L";"ZZ";"0.572"
"2014-09-25";"J10M0";"A1100";"P1D_L";"ZZ";"0.572"
"2014-09-26";"J10M0";"A1100";"P1D_L";"ZZ";"0.56"
"2014-09-29";"J10M0";"A1100";"P1D_L";"ZZ";"0.576"
"2014-09-30";"J10M0";"A1100";"P1D_L";"ZZ";"0.589"
"2014-10-01";"J10M0";"A1100";"P1D_L";"ZZ";"0.579"
"2014-10-02";"J10M0";"A1100";"P1D_L";"ZZ";"0.559"
"2014-10-03";"J10M0";"A1100";"P1D_L";"ZZ";"0.568"
"2014-10-06";"J10M0";"A1100";"P1D_L";"ZZ";"0.559"
"2014-10-07";"J10M0";"A1100";"P1D_L";"ZZ";"0.554"
"2014-10-08";"J10M0";"A1100";"P1D_L";"ZZ";"0.532"
"2014-10-09";"J10M0";"A1100";"P1D_L";"ZZ";"0.538"
"2014-10-10";"J10M0";"A1100";"P1D_L";"ZZ";"0.549"
"2014-10-13";"J10M0";"A1100";"P1D_L";"ZZ";"0.542"
"2014-10-14";"J10M0";"A1100";"P1D_L";"ZZ";"0.541"
"2014-10-15";"J10M0";"A1100";"P1D_L";"ZZ";"0.52"
"2014-10-16";"J10M0";"A1100";"P1D_L";"ZZ";"0.479"
"2014-10-17";"J10M0";"A1100";"P1D_L";"ZZ";"0.545"
"2014-10-20";"J10M0";"A1100";"P1D_L";"ZZ";"0.542"
"2014-10-21";"J10M0";"A1100";"P1D_L";"ZZ";"0.515"
"2014-10-22";"J10M0";"A1100";"P1D_L";"ZZ";"0.542"
"2014-10-23";"J10M0";"A1100";"P1D_L";"ZZ";"0.547"
"2014-10-24";"J10M0";"A1100";"P1D_L";"ZZ";"0.543"
"2014-10-27";"J10M0";"A1100";"P1D_L";"ZZ";"0.573"
"2014-10-28";"J10M0";"A1100";"P1D_L";"ZZ";"0.566"
"2014-10-29";"J10M0";"A1100";"P1D_L";"ZZ";"0.57"
"2014-10-30";"J10M0";"A1100";"P1D_L";"ZZ";"0.576"
"2014-10-31";"J10M0";"A1100";"P1D_L";"ZZ";"0.558"
"2014-11-03";"J10M0";"A1100";"P1D_L";"ZZ";"0.539"
"2014-11-04";"J10M0";"A1100";"P1D_L";"ZZ";"0.557"
"2014-11-05";"J10M0";"A1100";"P1D_L";"ZZ";"0.552"
"2014-11-06";"J10M0";"A1100";"P1D_L";"ZZ";"0.544"
"2014-11-07";"J10M0";"A1100";"P1D_L";"ZZ";"0.541"
"2014-11-10";"J10M0";"A1100";"P1D_L";"ZZ";"0.524"
"2014-11-11";"J10M0";"A1100";"P1D_L";"ZZ";"0.523"
"2014-11-12";"J10M0";"A1100";"P1D_L";"ZZ";"0.49"
"2014-11-13";"J10M0";"A1100";"P1D_L";"ZZ";"0.485"
"2014-11-14";"J10M0";"A1100";"P1D_L";"ZZ";"0.459"
"2014-11-17";"J10M0";"A1100";"P1D_L";"ZZ";"0.464"
"2014-11-18";"J10M0";"A1100";"P1D_L";"ZZ";"0.471"
"2014-11-19";"J10M0";"A1100";"P1D_L";"ZZ";"0.475"
"2014-11-20";"J10M0";"A1100";"P1D_L";"ZZ";"0.474"
"2014-11-21";"J10M0";"A1100";"P1D_L";"ZZ";"0.473"
"2014-11-24";"J10M0";"A1100";"P1D_L";"ZZ";"0.468"
"2014-11-25";"J10M0";"A1100";"P1D_L";"ZZ";"0.457"
"2014-11-26";"J10M0";"A1100";"P1D_L";"ZZ";"0.44"
"2014-11-27";"J10M0";"A1100";"P1D_L";"ZZ";"0.429"
"2014-11-28";"J10M0";"A1100";"P1D_L";"ZZ";"0.413"
"2014-12-01";"J10M0";"A1100";"P1D_L";"ZZ";"0.395"
"2014-12-02";"J10M0";"A1100";"P1D_L";"ZZ";"0.406"
"2014-12-03";"J10M0";"A1100";"P1D_L";"ZZ";"0.383"
"2014-12-04";"J10M0";"A1100";"P1D_L";"ZZ";"0.385"
"2014-12-05";"J10M0";"A1100";"P1D_L";"ZZ";"0.391"
"2014-12-08";"J10M0";"A1100";"P1D_L";"ZZ";"0.404"
"2014-12-09";"J10M0";"A1100";"P1D_L";"ZZ";"0.372"
"2014-12-10";"J10M0";"A1100";"P1D_L";"ZZ";"0.365"
"2014-12-11";"J10M0";"A1100";"P1D_L";"ZZ";"0.358"
"2014-12-12";"J10M0";"A1100";"P1D_L";"ZZ";"0.335"
"2014-12-15";"J10M0";"A1100";"P1D_L";"ZZ";"0.345"
"2014-12-16";"J10M0";"A1100";"P1D_L";"ZZ";"0.344"
"2014-12-17";"J10M0";"A1100";"P1D_L";"ZZ";"0.337"
"2014-12-18";"J10M0";"A1100";"P1D_L";"ZZ";"0.317"
"2014-12-19";"J10M0";"A1100";"P1D_L";"ZZ";"0.347"
"2014-12-22";"J10M0";"A1100";"P1D_L";"ZZ";"0.336"
"2014-12-23";"J10M0";"A1100";"P1D_L";"ZZ";"0.388"
"2014-12-24";"J10M0";"A1100";"P1D_L";"ZZ";
"2014-12-25";"J10M0";"A1100";"P1D_L";"ZZ";
"2014-12-26";"J10M0";"A1100";"P1D_L";"ZZ";
"2014-12-29";"J10M0";"A1100";"P1D_L";"ZZ";"0.377"
"2014-12-30";"J10M0";"A1100";"P1D_L";"ZZ";"0.375"
"2014-12-31";"J10M0";"A1100";"P1D_L";"ZZ";
"2015-01-01";"J10M0";"A1100";"P1D_L";"ZZ";
"2015-01-02";"J10M0";"A1100";"P1D_L";"ZZ";
"2015-01-05";"J10M0";"A1100";"P1D_L";"ZZ";"0.312"
"2015-01-06";"J10M0";"A1100";"P1D_L";"ZZ";"0.259"
"2015-01-07";"J10M0";"A1100";"P1D_L";"ZZ";"0.195"
"2015-01-08";"J10M0";"A1100";"P1D_L";"ZZ";"0.205"
"2015-01-09";"J10M0";"A1100";"P1D_L";"ZZ";"0.209"
"2015-01-12";"J10M0";"A1100";"P1D_L";"ZZ";"0.224"
"2015-01-13";"J10M0";"A1100";"P1D_L";"ZZ";"0.206"
"2015-01-14";"J10M0";"A1100";"P1D_L";"ZZ";"0.196"
"2015-01-15";"J10M0";"A1100";"P1D_L";"ZZ";"0.169"
"2015-01-16";"J10M0";"A1100";"P1D_L";"ZZ";"-0.024"
"2015-01-19";"J10M0";"A1100";"P1D_L";"ZZ";"-0.057"
"2015-01-20";"J10M0";"A1100";"P1D_L";"ZZ";"-0.101"
"2015-01-21";"J10M0";"A1100";"P1D_L";"ZZ";"-0.197"
"2015-01-22";"J10M0";"A1100";"P1D_L";"ZZ";"-0.197"
"2015-01-23";"J10M0";"A1100";"P1D_L";"ZZ";"-0.3"
"2015-01-26";"J10M0";"A1100";"P1D_L";"ZZ";"-0.259"
"2015-01-27";"J10M0";"A1100";"P1D_L";"ZZ";"-0.084"
"2015-01-28";"J10M0";"A1100";"P1D_L";"ZZ";"-0.046"
"2015-01-29";"J10M0";"A1100";"P1D_L";"ZZ";"-0.052"
"2015-01-30";"J10M0";"A1100";"P1D_L";"ZZ";"-0.067"
"2015-02-02";"J10M0";"A1100";"P1D_L";"ZZ";"-0.096"
"2015-02-03";"J10M0";"A1100";"P1D_L";"ZZ";"-0.12"
"2015-02-04";"J10M0";"A1100";"P1D_L";"ZZ";"-0.106"
"2015-02-05";"J10M0";"A1100";"P1D_L";"ZZ";"-0.123"
"2015-02-06";"J10M0";"A1100";"P1D_L";"ZZ";"-0.096"
"2015-02-09";"J10M0";"A1100";"P1D_L";"ZZ";"-0.083"
"2015-02-10";"J10M0";"A1100";"P1D_L";"ZZ";"-0.045"
"2015-02-11";"J10M0";"A1100";"P1D_L";"ZZ";"0.01"
"2015-02-12";"J10M0";"A1100";"P1D_L";"ZZ";"0.035"
"2015-02-13";"J10M0";"A1100";"P1D_L";"ZZ";"0.036"
"2015-02-16";"J10M0";"A1100";"P1D_L";"ZZ";"0.042"
"2015-02-17";"J10M0";"A1100";"P1D_L";"ZZ";"0.078"
"2015-02-18";"J10M0";"A1100";"P1D_L";"ZZ";"0.053"
"2015-02-19";"J10M0";"A1100";"P1D_L";"ZZ";"0.039"
"2015-02-20";"J10M0";"A1100";"P1D_L";"ZZ";"0.051"
"2015-02-23";"J10M0";"A1100";"P1D_L";"ZZ";"0.063"
"2015-02-24";"J10M0";"A1100";"P1D_L";"ZZ";"0.07"
"2015-02-25";"J10M0";"A1100";"P1D_L";"ZZ";"0.048"
"2015-02-26";"J10M0";"A1100";"P1D_L";"ZZ";"0.027"
"2015-02-27";"J10M0";"A1100";"P1D_L";"ZZ";"0.015"
"2015-03-02";"J10M0";"A1100";"P1D_L";"ZZ";"0.004"
"2015-03-03";"J10M0";"A1100";"P1D_L";"ZZ";"-0.021"
"2015-03-04";"J10M0";"A1100";"P1D_L";"ZZ";"-0.013"
"2015-03-05";"J10M0";"A1100";"P1D_L";"ZZ";"0.025"
"2015-03-06";"J10M0";"A1100";"P1D_L";"ZZ";"0.012"
"2015-03-09";"J10M0";"A1100";"P1D_L";"ZZ";"-0.017"
"2015-03-10";"J10M0";"A1100";"P1D_L";"ZZ";"-0.034"
"2015-03-11";"J10M0";"A1100";"P1D_L";"ZZ";"-0.067"
"2015-03-12";"J10M0";"A1100";"P1D_L";"ZZ";"-0.096"
"2015-03-13";"J10M0";"A1100";"P1D_L";"ZZ";"-0.047"
"2015-03-16";"J10M0";"A1100";"P1D_L";"ZZ";"-0.038"
"2015-03-17";"J10M0";"A1100";"P1D_L";"ZZ";"-0.058"
"2015-03-18";"J10M0";"A1100";"P1D_L";"ZZ";"-0.053"
"2015-03-19";"J10M0";"A1100";"P1D_L";"ZZ";"-0.07"
"2015-03-20";"J10M0";"A1100";"P1D_L";"ZZ";"-0.054"
"2015-03-23";"J10M0";"A1100";"P1D_L";"ZZ";"-0.08"
"2015-03-24";"J10M0";"A1100";"P1D_L";"ZZ";"-0.074"
"2015-03-25";"J10M0";"A1100";"P1D_L";"ZZ";"-0.076"
"2015-03-26";"J10M0";"A1100";"P1D_L";"ZZ";"-0.065"
"2015-03-27";"J10M0";"A1100";"P1D_L";"ZZ";"-0.04"
"2015-03-30";"J10M0";"A1100";"P1D_L";"ZZ";"0"
"2015-03-31";"J10M0";"A1100";"P1D_L";"ZZ";"-0.001"
"2015-04-01";"J10M0";"A1100";"P1D_L";"ZZ";"-0.045"
"2015-04-02";"J10M0";"A1100";"P1D_L";"ZZ";"-0.057"
"2015-04-03";"J10M0";"A1100";"P1D_L";"ZZ";
"2015-04-06";"J10M0";"A1100";"P1D_L";"ZZ";
"2015-04-07";"J10M0";"A1100";"P1D_L";"ZZ";"-0.061"
"2015-04-08";"J10M0";"A1100";"P1D_L";"ZZ";"-0.063"
"2015-04-09";"J10M0";"A1100";"P1D_L";"ZZ";"-0.084"
"2015-04-10";"J10M0";"A1100";"P1D_L";"ZZ";"-0.102"
"2015-04-13";"J10M0";"A1100";"P1D_L";"ZZ";"-0.115"
"2015-04-14";"J10M0";"A1100";"P1D_L";"ZZ";"-0.128"
"2015-04-15";"J10M0";"A1100";"P1D_L";"ZZ";"-0.136"
"2015-04-16";"J10M0";"A1100";"P1D_L";"ZZ";"-0.17"
"2015-04-17";"J10M0";"A1100";"P1D_L";"ZZ";"-0.155"
"2015-04-20";"J10M0";"A1100";"P1D_L";"ZZ";"-0.175"
"2015-04-21";"J10M0";"A1100";"P1D_L";"ZZ";"-0.178"
"2015-04-22";"J10M0";"A1100";"P1D_L";"ZZ";"-0.166"
"2015-04-23";"J10M0";"A1100";"P1D_L";"ZZ";"-0.143"
"2015-04-24";"J10M0";"A1100";"P1D_L";"ZZ";"-0.082"
"2015-04-27";"J10M0";"A1100";"P1D_L";"ZZ";"-0.106"
"2015-04-28";"J10M0";"A1100";"P1D_L";"ZZ";"-0.103"
"2015-04-29";"J10M0";"A1100";"P1D_L";"ZZ";"-0.071"
"2015-04-30";"J10M0";"A1100";"P1D_L";"ZZ";"0.04"
"2015-05-01";"J10M0";"A1100";"P1D_L";"ZZ";
"2015-05-04";"J10M0";"A1100";"P1D_L";"ZZ";"0.028"
"2015-05-05";"J10M0";"A1100";"P1D_L";"ZZ";"0.041"
"2015-05-06";"J10M0";"A1100";"P1D_L";"ZZ";"0.115"
"2015-05-07";"J10M0";"A1100";"P1D_L";"ZZ";"0.178"
"2015-05-08";"J10M0";"A1100";"P1D_L";"ZZ";"0.125"
"2015-05-11";"J10M0";"A1100";"P1D_L";"ZZ";"0.089"
"2015-05-12";"J10M0";"A1100";"P1D_L";"ZZ";"0.115"
"2015-05-13";"J10M0";"A1100";"P1D_L";"ZZ";"0.086"
"2015-05-14";"J10M0";"A1100";"P1D_L";"ZZ";
"2015-05-15";"J10M0";"A1100";"P1D_L";"ZZ";"0.088"
"2015-05-18";"J10M0";"A1100";"P1D_L";"ZZ";"0.059"
"2015-05-19";"J10M0";"A1100";"P1D_L";"ZZ";"-0.009"
"2015-05-20";"J10M0";"A1100";"P1D_L";"ZZ";"-0.002"
"2015-05-21";"J10M0";"A1100";"P1D_L";"ZZ";"0.01"
"2015-05-22";"J10M0";"A1100";"P1D_L";"ZZ";"0.017"
"2015-05-25";"J10M0";"A1100";"P1D_L";"ZZ";
"2015-05-26";"J10M0";"A1100";"P1D_L";"ZZ";"-0.012"
"2015-05-27";"J10M0";"A1100";"P1D_L";"ZZ";"-0.025"
"2015-05-28";"J10M0";"A1100";"P1D_L";"ZZ";"-0.035"
"2015-05-29";"J10M0";"A1100";"P1D_L";"ZZ";"-0.031"
"2015-06-01";"J10M0";"A1100";"P1D_L";"ZZ";"-0.067"
"2015-06-02";"J10M0";"A1100";"P1D_L";"ZZ";"-0.051"
"2015-06-03";"J10M0";"A1100";"P1D_L";"ZZ";"0.005"
"2015-06-04";"J10M0";"A1100";"P1D_L";"ZZ";"0.131"
"2015-06-05";"J10M0";"A1100";"P1D_L";"ZZ";"0.116"
"2015-06-08";"J10M0";"A1100";"P1D_L";"ZZ";"0.132"
"2015-06-09";"J10M0";"A1100";"P1D_L";"ZZ";"0.173"
"2015-06-10";"J10M0";"A1100";"P1D_L";"ZZ";"0.262"
"2015-06-11";"J10M0";"A1100";"P1D_L";"ZZ";"0.227"
"2015-06-12";"J10M0";"A1100";"P1D_L";"ZZ";"0.172"
"2015-06-15";"J10M0";"A1100";"P1D_L";"ZZ";"0.124"
"2015-06-16";"J10M0";"A1100";"P1D_L";"ZZ";"0.119"
"2015-06-17";"J10M0";"A1100";"P1D_L";"ZZ";"0.117"
"2015-06-18";"J10M0";"A1100";"P1D_L";"ZZ";"0.125"
"2015-06-19";"J10M0";"A1100";"P1D_L";"ZZ";"0.125"
"2015-06-22";"J10M0";"A1100";"P1D_L";"ZZ";"0.177"
"2015-06-23";"J10M0";"A1100";"P1D_L";"ZZ";"0.178"
"2015-06-24";"J10M0";"A1100";"P1D_L";"ZZ";"0.17"
"2015-06-25";"J10M0";"A1100";"P1D_L";"ZZ";"0.126"
"2015-06-26";"J10M0";"A1100";"P1D_L";"ZZ";"0.124"
"2015-06-29";"J10M0";"A1100";"P1D_L";"ZZ";"0.086"
"2015-06-30";"J10M0";"A1100";"P1D_L";"ZZ";"0.101"
"2015-07-01";"J10M0";"A1100";"P1D_L";"ZZ";"0.112"
"2015-07-02";"J10M0";"A1100";"P1D_L";"ZZ";"0.142"
"2015-07-03";"J10M0";"A1100";"P1D_L";"ZZ";"0.134"
"2015-07-06";"J10M0";"A1100";"P1D_L";"ZZ";"0.08"
"2015-07-07";"J10M0";"A1100";"P1D_L";"ZZ";"0.064"
"2015-07-08";"J10M0";"A1100";"P1D_L";"ZZ";"-0.002"
"2015-07-09";"J10M0";"A1100";"P1D_L";"ZZ";"0.01"
"2015-07-10";"J10M0";"A1100";"P1D_L";"ZZ";"0.07"
"2015-07-13";"J10M0";"A1100";"P1D_L";"ZZ";"0.148"
"2015-07-14";"J10M0";"A1100";"P1D_L";"ZZ";"0.091"
"2015-07-15";"J10M0";"A1100";"P1D_L";"ZZ";"0.099"
"2015-07-16";"J10M0";"A1100";"P1D_L";"ZZ";"0.092"
"2015-07-17";"J10M0";"A1100";"P1D_L";"ZZ";"0.068"
"2015-07-20";"J10M0";"A1100";"P1D_L";"ZZ";"0.069"
"2015-07-21";"J10M0";"A1100";"P1D_L";"ZZ";"0.026"
"2015-07-22";"J10M0";"A1100";"P1D_L";"ZZ";"0.033"
"2015-07-23";"J10M0";"A1100";"P1D_L";"ZZ";"0.011"
"2015-07-24";"J10M0";"A1100";"P1D_L";"ZZ";"-0.019"
"2015-07-27";"J10M0";"A1100";"P1D_L";"ZZ";"-0.059"
"2015-07-28";"J10M0";"A1100";"P1D_L";"ZZ";"-0.043"
"2015-07-29";"J10M0";"A1100";"P1D_L";"ZZ";"-0.02"
"2015-07-30";"J10M0";"A1100";"P1D_L";"ZZ";"-0.018"
"2015-07-31";"J10M0";"A1100";"P1D_L";"ZZ";"-0.035"
"2015-08-03";"J10M0";"A1100";"P1D_L";"ZZ";"-0.028"
"2015-08-04";"J10M0";"A1100";"P1D_L";"ZZ";"-0.093"
"2015-08-05";"J10M0";"A1100";"P1D_L";"ZZ";"-0.061"
"2015-08-06";"J10M0";"A1100";"P1D_L";"ZZ";"-0.057"
"2015-08-07";"J10M0";"A1100";"P1D_L";"ZZ";"-0.082"
"2015-08-10";"J10M0";"A1100";"P1D_L";"ZZ";"-0.107"
"2015-08-11";"J10M0";"A1100";"P1D_L";"ZZ";"-0.126"
"2015-08-12";"J10M0";"A1100";"P1D_L";"ZZ";"-0.18"
"2015-08-13";"J10M0";"A1100";"P1D_L";"ZZ";"-0.167"
"2015-08-14";"J10M0";"A1100";"P1D_L";"ZZ";"-0.154"
"2015-08-17";"J10M0";"A1100";"P1D_L";"ZZ";"-0.178"
"2015-08-18";"J10M0";"A1100";"P1D_L";"ZZ";"-0.202"
"2015-08-19";"J10M0";"A1100";"P1D_L";"ZZ";"-0.186"
"2015-08-20";"J10M0";"A1100";"P1D_L";"ZZ";"-0.179"
"2015-08-21";"J10M0";"A1100";"P1D_L";"ZZ";"-0.208"
"2015-08-24";"J10M0";"A1100";"P1D_L";"ZZ";"-0.223"
"2015-08-25";"J10M0";"A1100";"P1D_L";"ZZ";"-0.179"
"2015-08-26";"J10M0";"A1100";"P1D_L";"ZZ";"-0.151"
"2015-08-27";"J10M0";"A1100";"P1D_L";"ZZ";"-0.125"
"2015-08-28";"J10M0";"A1100";"P1D_L";"ZZ";"-0.116"
"2015-08-31";"J10M0";"A1100";"P1D_L";"ZZ";"-0.124"
"2015-09-01";"J10M0";"A1100";"P1D_L";"ZZ";"-0.084"
"2015-09-02";"J10M0";"A1100";"P1D_L";"ZZ";"-0.096"
"2015-09-03";"J10M0";"A1100";"P1D_L";"ZZ";"-0.092"
"2015-09-04";"J10M0";"A1100";"P1D_L";"ZZ";"-0.119"
"2015-09-07";"J10M0";"A1100";"P1D_L";"ZZ";"-0.136"
"2015-09-08";"J10M0";"A1100";"P1D_L";"ZZ";"-0.125"
"2015-09-09";"J10M0";"A1100";"P1D_L";"ZZ";"-0.111"
"2015-09-10";"J10M0";"A1100";"P1D_L";"ZZ";"-0.104"
"2015-09-11";"J10M0";"A1100";"P1D_L";"ZZ";"-0.076"
"2015-09-14";"J10M0";"A1100";"P1D_L";"ZZ";"-0.079"
"2015-09-15";"J10M0";"A1100";"P1D_L";"ZZ";"-0.062"
"2015-09-16";"J10M0";"A1100";"P1D_L";"ZZ";"0.01"
"2015-09-17";"J10M0";"A1100";"P1D_L";"ZZ";"0.043"
"2015-09-18";"J10M0";"A1100";"P1D_L";"ZZ";"-0.021"
"2015-09-21";"J10M0";"A1100";"P1D_L";"ZZ";"-0.025"
"2015-09-22";"J10M0";"A1100";"P1D_L";"ZZ";"-0.041"
"2015-09-23";"J10M0";"A1100";"P1D_L";"ZZ";"-0.067"
"2015-09-24";"J10M0";"A1100";"P1D_L";"ZZ";"-0.063"
"2015-09-25";"J10M0";"A1100";"P1D_L";"ZZ";"-0.068"
"2015-09-28";"J10M0";"A1100";"P1D_L";"ZZ";"-0.09"
"2015-09-29";"J10M0";"A1100";"P1D_L";"ZZ";"-0.116"
"2015-09-30";"J10M0";"A1100";"P1D_L";"ZZ";"-0.1"
"2015-10-01";"J10M0";"A1100";"P1D_L";"ZZ";"-0.133"
"2015-10-02";"J10M0";"A1100";"P1D_L";"ZZ";"-0.155"
"2015-10-05";"J10M0";"A1100";"P1D_L";"ZZ";"-0.202"
"2015-10-06";"J10M0";"A1100";"P1D_L";"ZZ";"-0.201"
"2015-10-07";"J10M0";"A1100";"P1D_L";"ZZ";"-0.171"
"2015-10-08";"J10M0";"A1100";"P1D_L";"ZZ";"-0.193"
"2015-10-09";"J10M0";"A1100";"P1D_L";"ZZ";"-0.173"
"2015-10-12";"J10M0";"A1100";"P1D_L";"ZZ";"-0.167"
"2015-10-13";"J10M0";"A1100";"P1D_L";"ZZ";"-0.185"
"2015-10-14";"J10M0";"A1100";"P1D_L";"ZZ";"-0.187"
"2015-10-15";"J10M0";"A1100";"P1D_L";"ZZ";"-0.21"
"2015-10-16";"J10M0";"A1100";"P1D_L";"ZZ";"-0.206"
"2015-10-19";"J10M0";"A1100";"P1D_L";"ZZ";"-0.202"
"2015-10-20";"J10M0";"A1100";"P1D_L";"ZZ";"-0.231"
"2015-10-21";"J10M0";"A1100";"P1D_L";"ZZ";"-0.228"
"2015-10-22";"J10M0";"A1100";"P1D_L";"ZZ";"-0.256"
"2015-10-23";"J10M0";"A1100";"P1D_L";"ZZ";"-0.284"
"2015-10-26";"J10M0";"A1100";"P1D_L";"ZZ";"-0.288"
"2015-10-27";"J10M0";"A1100";"P1D_L";"ZZ";"-0.299"
"2015-10-28";"J10M0";"A1100";"P1D_L";"ZZ";"-0.325"
"2015-10-29";"J10M0";"A1100";"P1D_L";"ZZ";"-0.307"
"2015-10-30";"J10M0";"A1100";"P1D_L";"ZZ";"-0.272"
"2015-11-02";"J10M0";"A1100";"P1D_L";"ZZ";"-0.247"
"2015-11-03";"J10M0";"A1100";"P1D_L";"ZZ";"-0.26"
"2015-11-04";"J10M0";"A1100";"P1D_L";"ZZ";"-0.262"
"2015-11-05";"J10M0";"A1100";"P1D_L";"ZZ";"-0.257"
"2015-11-06";"J10M0";"A1100";"P1D_L";"ZZ";"-0.326"
"2015-11-09";"J10M0";"A1100";"P1D_L";"ZZ";"-0.271"
"2015-11-10";"J10M0";"A1100";"P1D_L";"ZZ";"-0.301"
"2015-11-11";"J10M0";"A1100";"P1D_L";"ZZ";"-0.251"
"2015-11-12";"J10M0";"A1100";"P1D_L";"ZZ";"-0.275"
"2015-11-13";"J10M0";"A1100";"P1D_L";"ZZ";"-0.292"
"2015-11-16";"J10M0";"A1100";"P1D_L";"ZZ";"-0.31"
"2015-11-17";"J10M0";"A1100";"P1D_L";"ZZ";"-0.315"
"2015-11-18";"J10M0";"A1100";"P1D_L";"ZZ";"-0.312"
"2015-11-19";"J10M0";"A1100";"P1D_L";"ZZ";"-0.308"
"2015-11-20";"J10M0";"A1100";"P1D_L";"ZZ";"-0.297"
"2015-11-23";"J10M0";"A1100";"P1D_L";"ZZ";"-0.281"
"2015-11-24";"J10M0";"A1100";"P1D_L";"ZZ";"-0.287"
"2015-11-25";"J10M0";"A1100";"P1D_L";"ZZ";"-0.29"
"2015-11-26";"J10M0";"A1100";"P1D_L";"ZZ";"-0.322"
"2015-11-27";"J10M0";"A1100";"P1D_L";"ZZ";"-0.314"
"2015-11-30";"J10M0";"A1100";"P1D_L";"ZZ";"-0.311"
"2015-12-01";"J10M0";"A1100";"P1D_L";"ZZ";"-0.325"
"2015-12-02";"J10M0";"A1100";"P1D_L";"ZZ";"-0.358"
"2015-12-03";"J10M0";"A1100";"P1D_L";"ZZ";"-0.351"
"2015-12-04";"J10M0";"A1100";"P1D_L";"ZZ";"-0.206"
"2015-12-07";"J10M0";"A1100";"P1D_L";"ZZ";"-0.23"
"2015-12-08";"J10M0";"A1100";"P1D_L";"ZZ";"-0.232"
"2015-12-09";"J10M0";"A1100";"P1D_L";"ZZ";"-0.235"
"2015-12-10";"J10M0";"A1100";"P1D_L";"ZZ";"-0.185"
"2015-12-11";"J10M0";"A1100";"P1D_L";"ZZ";"-0.172"
"2015-12-14";"J10M0";"A1100";"P1D_L";"ZZ";"-0.171"
"2015-12-15";"J10M0";"A1100";"P1D_L";"ZZ";"-0.128"
"2015-12-16";"J10M0";"A1100";"P1D_L";"ZZ";"-0.109"
"2015-12-17";"J10M0";"A1100";"P1D_L";"ZZ";"-0.13"
"2015-12-18";"J10M0";"A1100";"P1D_L";"ZZ";"-0.144"
"2015-12-21";"J10M0";"A1100";"P1D_L";"ZZ";"-0.124"
"2015-12-22";"J10M0";"A1100";"P1D_L";"ZZ";"-0.113"
"2015-12-23";"J10M0";"A1100";"P1D_L";"ZZ";"-0.067"
"2015-12-24";"J10M0";"A1100";"P1D_L";"ZZ";
"2015-12-25";"J10M0";"A1100";"P1D_L";"ZZ";
"2015-12-28";"J10M0";"A1100";"P1D_L";"ZZ";"-0.063"
"2015-12-29";"J10M0";"A1100";"P1D_L";"ZZ";"-0.071"
"2015-12-30";"J10M0";"A1100";"P1D_L";"ZZ";"-0.039"
"2015-12-31";"J10M0";"A1100";"P1D_L";"ZZ";
"2016-01-01";"J10M0";"A1100";"P1D_L";"ZZ";
"2016-01-04";"J10M0";"A1100";"P1D_L";"ZZ";"-0.081"
"2016-01-05";"J10M0";"A1100";"P1D_L";"ZZ";"-0.115"
"2016-01-06";"J10M0";"A1100";"P1D_L";"ZZ";"-0.139"
"2016-01-07";"J10M0";"A1100";"P1D_L";"ZZ";"-0.174"
"2016-01-08";"J10M0";"A1100";"P1D_L";"ZZ";"-0.112"
"2016-01-11";"J10M0";"A1100";"P1D_L";"ZZ";"-0.13"
"2016-01-12";"J10M0";"A1100";"P1D_L";"ZZ";"-0.109"
"2016-01-13";"J10M0";"A1100";"P1D_L";"ZZ";"-0.139"
"2016-01-14";"J10M0";"A1100";"P1D_L";"ZZ";"-0.186"
"2016-01-15";"J10M0";"A1100";"P1D_L";"ZZ";"-0.203"
"2016-01-18";"J10M0";"A1100";"P1D_L";"ZZ";"-0.187"
"2016-01-19";"J10M0";"A1100";"P1D_L";"ZZ";"-0.196"
"2016-01-20";"J10M0";"A1100";"P1D_L";"ZZ";"-0.225"
"2016-01-21";"J10M0";"A1100";"P1D_L";"ZZ";"-0.226"
"2016-01-22";"J10M0";"A1100";"P1D_L";"ZZ";"-0.238"
"2016-01-25";"J10M0";"A1100";"P1D_L";"ZZ";"-0.239"
"2016-01-26";"J10M0";"A1100";"P1D_L";"ZZ";"-0.285"
"2016-01-27";"J10M0";"A1100";"P1D_L";"ZZ";"-0.271"
"2016-01-28";"J10M0";"A1100";"P1D_L";"ZZ";"-0.254"
"2016-01-29";"J10M0";"A1100";"P1D_L";"ZZ";"-0.299"
"2016-02-01";"J10M0";"A1100";"P1D_L";"ZZ";"-0.341"
"2016-02-02";"J10M0";"A1100";"P1D_L";"ZZ";"-0.317"
"2016-02-03";"J10M0";"A1100";"P1D_L";"ZZ";"-0.324"
"2016-02-04";"J10M0";"A1100";"P1D_L";"ZZ";"-0.316"
"2016-02-05";"J10M0";"A1100";"P1D_L";"ZZ";"-0.319"
"2016-02-08";"J10M0";"A1100";"P1D_L";"ZZ";"-0.323"
"2016-02-09";"J10M0";"A1100";"P1D_L";"ZZ";"-0.372"
"2016-02-10";"J10M0";"A1100";"P1D_L";"ZZ";"-0.349"
"2016-02-11";"J10M0";"A1100";"P1D_L";"ZZ";"-0.359"
"2016-02-12";"J10M0";"A1100";"P1D_L";"ZZ";"-0.331"
"2016-02-15";"J10M0";"A1100";"P1D_L";"ZZ";"-0.297"
"2016-02-16";"J10M0";"A1100";"P1D_L";"ZZ";"-0.322"
"2016-02-17";"J10M0";"A1100";"P1D_L";"ZZ";"-0.353"
"2016-02-18";"J10M0";"A1100";"P1D_L";"ZZ";"-0.33"
"2016-02-19";"J10M0";"A1100";"P1D_L";"ZZ";"-0.352"
"2016-02-22";"J10M0";"A1100";"P1D_L";"ZZ";"-0.358"
"2016-02-23";"J10M0";"A1100";"P1D_L";"ZZ";"-0.402"
"2016-02-24";"J10M0";"A1100";"P1D_L";"ZZ";"-0.422"
"2016-02-25";"J10M0";"A1100";"P1D_L";"ZZ";"-0.431"
"2016-02-26";"J10M0";"A1100";"P1D_L";"ZZ";"-0.433"
"2016-02-29";"J10M0";"A1100";"P1D_L";"ZZ";"-0.453"
"2016-03-01";"J10M0";"A1100";"P1D_L";"ZZ";"-0.478"
"2016-03-02";"J10M0";"A1100";"P1D_L";"ZZ";"-0.45"
"2016-03-03";"J10M0";"A1100";"P1D_L";"ZZ";"-0.443"
"2016-03-04";"J10M0";"A1100";"P1D_L";"ZZ";"-0.444"
"2016-03-07";"J10M0";"A1100";"P1D_L";"ZZ";"-0.439"
"2016-03-08";"J10M0";"A1100";"P1D_L";"ZZ";"-0.437"
"2016-03-09";"J10M0";"A1100";"P1D_L";"ZZ";"-0.419"
"2016-03-10";"J10M0";"A1100";"P1D_L";"ZZ";"-0.372"
"2016-03-11";"J10M0";"A1100";"P1D_L";"ZZ";"-0.324"
"2016-03-14";"J10M0";"A1100";"P1D_L";"ZZ";"-0.331"
"2016-03-15";"J10M0";"A1100";"P1D_L";"ZZ";"-0.331"
"2016-03-16";"J10M0";"A1100";"P1D_L";"ZZ";"-0.322"
"2016-03-17";"J10M0";"A1100";"P1D_L";"ZZ";"-0.373"
"2016-03-18";"J10M0";"A1100";"P1D_L";"ZZ";"-0.361"
"2016-03-21";"J10M0";"A1100";"P1D_L";"ZZ";"-0.361"
"2016-03-22";"J10M0";"A1100";"P1D_L";"ZZ";"-0.375"
"2016-03-23";"J10M0";"A1100";"P1D_L";"ZZ";"-0.344"
"2016-03-24";"J10M0";"A1100";"P1D_L";"ZZ";"-0.368"
"2016-03-25";"J10M0";"A1100";"P1D_L";"ZZ";
"2016-03-28";"J10M0";"A1100";"P1D_L";"ZZ";
"2016-03-29";"J10M0";"A1100";"P1D_L";"ZZ";"-0.397"
"2016-03-30";"J10M0";"A1100";"P1D_L";"ZZ";"-0.394"
"2016-03-31";"J10M0";"A1100";"P1D_L";"ZZ";"-0.387"
"2016-04-01";"J10M0";"A1100";"P1D_L";"ZZ";"-0.383"
"2016-04-04";"J10M0";"A1100";"P1D_L";"ZZ";"-0.395"
"2016-04-05";"J10M0";"A1100";"P1D_L";"ZZ";"-0.413"
"2016-04-06";"J10M0";"A1100";"P1D_L";"ZZ";"-0.403"
"2016-04-07";"J10M0";"A1100";"P1D_L";"ZZ";"-0.396"
"2016-04-08";"J10M0";"A1100";"P1D_L";"ZZ";"-0.362"
"2016-04-11";"J10M0";"A1100";"P1D_L";"ZZ";"-0.37"
"2016-04-12";"J10M0";"A1100";"P1D_L";"ZZ";"-0.335"
"2016-04-13";"J10M0";"A1100";"P1D_L";"ZZ";"-0.343"
"2016-04-14";"J10M0";"A1100";"P1D_L";"ZZ";"-0.35"
"2016-04-15";"J10M0";"A1100";"P1D_L";"ZZ";"-0.334"
"2016-04-18";"J10M0";"A1100";"P1D_L";"ZZ";"-0.351"
"2016-04-19";"J10M0";"A1100";"P1D_L";"ZZ";"-0.344"
"2016-04-20";"J10M0";"A1100";"P1D_L";"ZZ";"-0.342"
"2016-04-21";"J10M0";"A1100";"P1D_L";"ZZ";"-0.317"
"2016-04-22";"J10M0";"A1100";"P1D_L";"ZZ";"-0.238"
"2016-04-25";"J10M0";"A1100";"P1D_L";"ZZ";"-0.258"
"2016-04-26";"J10M0";"A1100";"P1D_L";"ZZ";"-0.241"
"2016-04-27";"J10M0";"A1100";"P1D_L";"ZZ";"-0.215"
"2016-04-28";"J10M0";"A1100";"P1D_L";"ZZ";"-0.256"
"2016-04-29";"J10M0";"A1100";"P1D_L";"ZZ";"-0.245"
"2016-05-02";"J10M0";"A1100";"P1D_L";"ZZ";"-0.251"
"2016-05-03";"J10M0";"A1100";"P1D_L";"ZZ";"-0.23"
"2016-05-04";"J10M0";"A1100";"P1D_L";"ZZ";"-0.248"
"2016-05-05";"J10M0";"A1100";"P1D_L";"ZZ";
"2016-05-06";"J10M0";"A1100";"P1D_L";"ZZ";"-0.271"
"2016-05-09";"J10M0";"A1100";"P1D_L";"ZZ";"-0.279"
"2016-05-10";"J10M0";"A1100";"P1D_L";"ZZ";"-0.298"
"2016-05-11";"J10M0";"A1100";"P1D_L";"ZZ";"-0.313"
"2016-05-12";"J10M0";"A1100";"P1D_L";"ZZ";"-0.314"
"2016-05-13";"J10M0";"A1100";"P1D_L";"ZZ";"-0.308"
"2016-05-16";"J10M0";"A1100";"P1D_L";"ZZ";
"2016-05-17";"J10M0";"A1100";"P1D_L";"ZZ";"-0.295"
"2016-05-18";"J10M0";"A1100";"P1D_L";"ZZ";"-0.306"
"2016-05-19";"J10M0";"A1100";"P1D_L";"ZZ";"-0.293"
"2016-05-20";"J10M0";"A1100";"P1D_L";"ZZ";"-0.295"
"2016-05-23";"J10M0";"A1100";"P1D_L";"ZZ";"-0.287"
"2016-05-24";"J10M0";"A1100";"P1D_L";"ZZ";"-0.277"
"2016-05-25";"J10M0";"A1100";"P1D_L";"ZZ";"-0.26"
"2016-05-26";"J10M0";"A1100";"P1D_L";"ZZ";"-0.29"
"2016-05-27";"J10M0";"A1100";"P1D_L";"ZZ";"-0.301"
"2016-05-30";"J10M0";"A1100";"P1D_L";"ZZ";"-0.293"
"2016-05-31";"J10M0";"A1100";"P1D_L";"ZZ";"-0.298"
"2016-06-01";"J10M0";"A1100";"P1D_L";"ZZ";"-0.356"
"2016-06-02";"J10M0";"A1100";"P1D_L";"ZZ";"-0.356"
"2016-06-03";"J10M0";"A1100";"P1D_L";"ZZ";"-0.385"
"2016-06-06";"J10M0";"A1100";"P1D_L";"ZZ";"-0.392"
"2016-06-07";"J10M0";"A1100";"P1D_L";"ZZ";"-0.38"
"2016-06-08";"J10M0";"A1100";"P1D_L";"ZZ";"-0.418"
"2016-06-09";"J10M0";"A1100";"P1D_L";"ZZ";"-0.418"
"2016-06-10";"J10M0";"A1100";"P1D_L";"ZZ";"-0.446"
"2016-06-13";"J10M0";"A1100";"P1D_L";"ZZ";"-0.448"
"2016-06-14";"J10M0";"A1100";"P1D_L";"ZZ";"-0.48"
"2016-06-15";"J10M0";"A1100";"P1D_L";"ZZ";"-0.474"
"2016-06-16";"J10M0";"A1100";"P1D_L";"ZZ";"-0.499"
"2016-06-17";"J10M0";"A1100";"P1D_L";"ZZ";"-0.5"
"2016-06-20";"J10M0";"A1100";"P1D_L";"ZZ";"-0.457"
"2016-06-21";"J10M0";"A1100";"P1D_L";"ZZ";"-0.436"
"2016-06-22";"J10M0";"A1100";"P1D_L";"ZZ";"-0.413"
"2016-06-23";"J10M0";"A1100";"P1D_L";"ZZ";"-0.384"
"2016-06-24";"J10M0";"A1100";"P1D_L";"ZZ";"-0.5"
"2016-06-27";"J10M0";"A1100";"P1D_L";"ZZ";"-0.498"
"2016-06-28";"J10M0";"A1100";"P1D_L";"ZZ";"-0.509"
"2016-06-29";"J10M0";"A1100";"P1D_L";"ZZ";"-0.496"
"2016-06-30";"J10M0";"A1100";"P1D_L";"ZZ";"-0.508"
"2016-07-01";"J10M0";"A1100";"P1D_L";"ZZ";"-0.565"
"2016-07-04";"J10M0";"A1100";"P1D_L";"ZZ";"-0.563"
"2016-07-05";"J10M0";"A1100";"P1D_L";"ZZ";"-0.592"
"2016-07-06";"J10M0";"A1100";"P1D_L";"ZZ";"-0.599"
"2016-07-07";"J10M0";"A1100";"P1D_L";"ZZ";"-0.587"
"2016-07-08";"J10M0";"A1100";"P1D_L";"ZZ";"-0.576"
"2016-07-11";"J10M0";"A1100";"P1D_L";"ZZ";"-0.597"
"2016-07-12";"J10M0";"A1100";"P1D_L";"ZZ";"-0.596"
"2016-07-13";"J10M0";"A1100";"P1D_L";"ZZ";"-0.601"
"2016-07-14";"J10M0";"A1100";"P1D_L";"ZZ";"-0.58"
"2016-07-15";"J10M0";"A1100";"P1D_L";"ZZ";"-0.555"
"2016-07-18";"J10M0";"A1100";"P1D_L";"ZZ";"-0.543"
"2016-07-19";"J10M0";"A1100";"P1D_L";"ZZ";"-0.554"
"2016-07-20";"J10M0";"A1100";"P1D_L";"ZZ";"-0.549"
"2016-07-21";"J10M0";"A1100";"P1D_L";"ZZ";"-0.512"
"2016-07-22";"J10M0";"A1100";"P1D_L";"ZZ";"-0.511"
"2016-07-25";"J10M0";"A1100";"P1D_L";"ZZ";"-0.502"
"2016-07-26";"J10M0";"A1100";"P1D_L";"ZZ";"-0.514"
"2016-07-27";"J10M0";"A1100";"P1D_L";"ZZ";"-0.502"
"2016-07-28";"J10M0";"A1100";"P1D_L";"ZZ";"-0.546"
"2016-07-29";"J10M0";"A1100";"P1D_L";"ZZ";"-0.543"
"2016-08-01";"J10M0";"A1100";"P1D_L";"ZZ";
"2016-08-02";"J10M0";"A1100";"P1D_L";"ZZ";"-0.531"
"2016-08-03";"J10M0";"A1100";"P1D_L";"ZZ";"-0.512"
"2016-08-04";"J10M0";"A1100";"P1D_L";"ZZ";"-0.508"
"2016-08-05";"J10M0";"A1100";"P1D_L";"ZZ";"-0.528"
"2016-08-08";"J10M0";"A1100";"P1D_L";"ZZ";"-0.518"
"2016-08-09";"J10M0";"A1100";"P1D_L";"ZZ";"-0.512"
"2016-08-10";"J10M0";"A1100";"P1D_L";"ZZ";"-0.524"
"2016-08-11";"J10M0";"A1100";"P1D_L";"ZZ";"-0.548"
"2016-08-12";"J10M0";"A1100";"P1D_L";"ZZ";"-0.518"
"2016-08-15";"J10M0";"A1100";"P1D_L";"ZZ";"-0.543"
"2016-08-16";"J10M0";"A1100";"P1D_L";"ZZ";"-0.516"
"2016-08-17";"J10M0";"A1100";"P1D_L";"ZZ";"-0.481"
"2016-08-18";"J10M0";"A1100";"P1D_L";"ZZ";"-0.499"
"2016-08-19";"J10M0";"A1100";"P1D_L";"ZZ";"-0.503"
"2016-08-22";"J10M0";"A1100";"P1D_L";"ZZ";"-0.484"
"2016-08-23";"J10M0";"A1100";"P1D_L";"ZZ";"-0.503"
"2016-08-24";"J10M0";"A1100";"P1D_L";"ZZ";"-0.499"
"2016-08-25";"J10M0";"A1100";"P1D_L";"ZZ";"-0.502"
"2016-08-26";"J10M0";"A1100";"P1D_L";"ZZ";"-0.501"
"2016-08-29";"J10M0";"A1100";"P1D_L";"ZZ";"-0.49"
"2016-08-30";"J10M0";"A1100";"P1D_L";"ZZ";"-0.476"
"2016-08-31";"J10M0";"A1100";"P1D_L";"ZZ";"-0.462"
"2016-09-01";"J10M0";"A1100";"P1D_L";"ZZ";"-0.452"
"2016-09-02";"J10M0";"A1100";"P1D_L";"ZZ";"-0.446"
"2016-09-05";"J10M0";"A1100";"P1D_L";"ZZ";"-0.44"
"2016-09-06";"J10M0";"A1100";"P1D_L";"ZZ";"-0.445"
"2016-09-07";"J10M0";"A1100";"P1D_L";"ZZ";"-0.479"
"2016-09-08";"J10M0";"A1100";"P1D_L";"ZZ";"-0.489"
"2016-09-09";"J10M0";"A1100";"P1D_L";"ZZ";"-0.441"
"2016-09-12";"J10M0";"A1100";"P1D_L";"ZZ";"-0.373"
"2016-09-13";"J10M0";"A1100";"P1D_L";"ZZ";"-0.381"
"2016-09-14";"J10M0";"A1100";"P1D_L";"ZZ";"-0.339"
"2016-09-15";"J10M0";"A1100";"P1D_L";"ZZ";"-0.335"
"2016-09-16";"J10M0";"A1100";"P1D_L";"ZZ";"-0.354"
"2016-09-19";"J10M0";"A1100";"P1D_L";"ZZ";"-0.378"
"2016-09-20";"J10M0";"A1100";"P1D_L";"ZZ";"-0.37"
"2016-09-21";"J10M0";"A1100";"P1D_L";"ZZ";"-0.378"
"2016-09-22";"J10M0";"A1100";"P1D_L";"ZZ";"-0.408"
"2016-09-23";"J10M0";"A1100";"P1D_L";"ZZ";"-0.428"
"2016-09-26";"J10M0";"A1100";"P1D_L";"ZZ";"-0.456"
"2016-09-27";"J10M0";"A1100";"P1D_L";"ZZ";"-0.496"
"2016-09-28";"J10M0";"A1100";"P1D_L";"ZZ";"-0.508"
"2016-09-29";"J10M0";"A1100";"P1D_L";"ZZ";"-0.496"
"2016-09-30";"J10M0";"A1100";"P1D_L";"ZZ";"-0.522"
"2016-10-03";"J10M0";"A1100";"P1D_L";"ZZ";"-0.529"
"2016-10-04";"J10M0";"A1100";"P1D_L";"ZZ";"-0.52"
"2016-10-05";"J10M0";"A1100";"P1D_L";"ZZ";"-0.491"
"2016-10-06";"J10M0";"A1100";"P1D_L";"ZZ";"-0.472"
"2016-10-07";"J10M0";"A1100";"P1D_L";"ZZ";"-0.456"
"2016-10-10";"J10M0";"A1100";"P1D_L";"ZZ";"-0.47"
"2016-10-11";"J10M0";"A1100";"P1D_L";"ZZ";"-0.447"
"2016-10-12";"J10M0";"A1100";"P1D_L";"ZZ";"-0.45"
"2016-10-13";"J10M0";"A1100";"P1D_L";"ZZ";"-0.446"
"2016-10-14";"J10M0";"A1100";"P1D_L";"ZZ";"-0.435"
"2016-10-17";"J10M0";"A1100";"P1D_L";"ZZ";"-0.411"
"2016-10-18";"J10M0";"A1100";"P1D_L";"ZZ";"-0.435"
"2016-10-19";"J10M0";"A1100";"P1D_L";"ZZ";"-0.438"
"2016-10-20";"J10M0";"A1100";"P1D_L";"ZZ";"-0.436"
"2016-10-21";"J10M0";"A1100";"P1D_L";"ZZ";"-0.455"
"2016-10-24";"J10M0";"A1100";"P1D_L";"ZZ";"-0.455"
"2016-10-25";"J10M0";"A1100";"P1D_L";"ZZ";"-0.432"
"2016-10-26";"J10M0";"A1100";"P1D_L";"ZZ";"-0.42"
"2016-10-27";"J10M0";"A1100";"P1D_L";"ZZ";"-0.377"
"2016-10-28";"J10M0";"A1100";"P1D_L";"ZZ";"-0.339"
"2016-10-31";"J10M0";"A1100";"P1D_L";"ZZ";"-0.362"
"2016-11-01";"J10M0";"A1100";"P1D_L";"ZZ";"-0.316"
"2016-11-02";"J10M0";"A1100";"P1D_L";"ZZ";"-0.334"
"2016-11-03";"J10M0";"A1100";"P1D_L";"ZZ";"-0.308"
"2016-11-04";"J10M0";"A1100";"P1D_L";"ZZ";"-0.298"
"2016-11-07";"J10M0";"A1100";"P1D_L";"ZZ";"-0.292"
"2016-11-08";"J10M0";"A1100";"P1D_L";"ZZ";"-0.296"
"2016-11-09";"J10M0";"A1100";"P1D_L";"ZZ";"-0.317"
"2016-11-10";"J10M0";"A1100";"P1D_L";"ZZ";"-0.237"
"2016-11-11";"J10M0";"A1100";"P1D_L";"ZZ";"-0.147"
"2016-11-14";"J10M0";"A1100";"P1D_L";"ZZ";"-0.091"
"2016-11-15";"J10M0";"A1100";"P1D_L";"ZZ";"-0.099"
"2016-11-16";"J10M0";"A1100";"P1D_L";"ZZ";"-0.068"
"2016-11-17";"J10M0";"A1100";"P1D_L";"ZZ";"-0.096"
"2016-11-18";"J10M0";"A1100";"P1D_L";"ZZ";"-0.052"
"2016-11-21";"J10M0";"A1100";"P1D_L";"ZZ";"-0.073"
"2016-11-22";"J10M0";"A1100";"P1D_L";"ZZ";"-0.134"
"2016-11-23";"J10M0";"A1100";"P1D_L";"ZZ";"-0.15"
"2016-11-24";"J10M0";"A1100";"P1D_L";"ZZ";"-0.141"
"2016-11-25";"J10M0";"A1100";"P1D_L";"ZZ";"-0.134"
"2016-11-28";"J10M0";"A1100";"P1D_L";"ZZ";"-0.147"
"2016-11-29";"J10M0";"A1100";"P1D_L";"ZZ";"-0.143"
"2016-11-30";"J10M0";"A1100";"P1D_L";"ZZ";"-0.13"
"2016-12-01";"J10M0";"A1100";"P1D_L";"ZZ";"-0.087"
"2016-12-02";"J10M0";"A1100";"P1D_L";"ZZ";"-0.074"
"2016-12-05";"J10M0";"A1100";"P1D_L";"ZZ";"-0.09"
"2016-12-06";"J10M0";"A1100";"P1D_L";"ZZ";"-0.067"
"2016-12-07";"J10M0";"A1100";"P1D_L";"ZZ";"-0.054"
"2016-12-08";"J10M0";"A1100";"P1D_L";"ZZ";"-0.041"
"2016-12-09";"J10M0";"A1100";"P1D_L";"ZZ";"-0.037"
"2016-12-12";"J10M0";"A1100";"P1D_L";"ZZ";"0.011"
"2016-12-13";"J10M0";"A1100";"P1D_L";"ZZ";"0.004"
"2016-12-14";"J10M0";"A1100";"P1D_L";"ZZ";"-0.031"
"2016-12-15";"J10M0";"A1100";"P1D_L";"ZZ";"-0.001"
"2016-12-16";"J10M0";"A1100";"P1D_L";"ZZ";"-0.025"
"2016-12-19";"J10M0";"A1100";"P1D_L";"ZZ";"-0.022"
"2016-12-20";"J10M0";"A1100";"P1D_L";"ZZ";"-0.048"
"2016-12-21";"J10M0";"A1100";"P1D_L";"ZZ";"-0.058"
"2016-12-22";"J10M0";"A1100";"P1D_L";"ZZ";"-0.059"
"2016-12-23";"J10M0";"A1100";"P1D_L";"ZZ";"-0.073"
"2016-12-26";"J10M0";"A1100";"P1D_L";"ZZ";
"2016-12-27";"J10M0";"A1100";"P1D_L";"ZZ";"-0.106"
"2016-12-28";"J10M0";"A1100";"P1D_L";"ZZ";"-0.118"
"2016-12-29";"J10M0";"A1100";"P1D_L";"ZZ";"-0.138"
"2016-12-30";"J10M0";"A1100";"P1D_L";"ZZ";"-0.135"
"2017-01-02";"J10M0";"A1100";"P1D_L";"ZZ";
"2017-01-03";"J10M0";"A1100";"P1D_L";"ZZ";"-0.164"
"2017-01-04";"J10M0";"A1100";"P1D_L";"ZZ";"-0.147"
"2017-01-05";"J10M0";"A1100";"P1D_L";"ZZ";"-0.158"
"2017-01-06";"J10M0";"A1100";"P1D_L";"ZZ";"-0.162"
"2017-01-09";"J10M0";"A1100";"P1D_L";"ZZ";"-0.148"
"2017-01-10";"J10M0";"A1100";"P1D_L";"ZZ";"-0.162"
"2017-01-11";"J10M0";"A1100";"P1D_L";"ZZ";"-0.171"
"2017-01-12";"J10M0";"A1100";"P1D_L";"ZZ";"-0.2"
"2017-01-13";"J10M0";"A1100";"P1D_L";"ZZ";"-0.185"
"2017-01-16";"J10M0";"A1100";"P1D_L";"ZZ";"-0.187"
"2017-01-17";"J10M0";"A1100";"P1D_L";"ZZ";"-0.196"
"2017-01-18";"J10M0";"A1100";"P1D_L";"ZZ";"-0.179"
"2017-01-19";"J10M0";"A1100";"P1D_L";"ZZ";"-0.136"
"2017-01-20";"J10M0";"A1100";"P1D_L";"ZZ";"-0.108"
"2017-01-23";"J10M0";"A1100";"P1D_L";"ZZ";"-0.092"
"2017-01-24";"J10M0";"A1100";"P1D_L";"ZZ";"-0.11"
"2017-01-25";"J10M0";"A1100";"P1D_L";"ZZ";"-0.074"
"2017-01-26";"J10M0";"A1100";"P1D_L";"ZZ";"-0.052"
"2017-01-27";"J10M0";"A1100";"P1D_L";"ZZ";"-0.056"
"2017-01-30";"J10M0";"A1100";"P1D_L";"ZZ";"-0.063"
"2017-01-31";"J10M0";"A1100";"P1D_L";"ZZ";"-0.072"
"2017-02-01";"J10M0";"A1100";"P1D_L";"ZZ";"-0.051"
"2017-02-02";"J10M0";"A1100";"P1D_L";"ZZ";"-0.042"
"2017-02-03";"J10M0";"A1100";"P1D_L";"ZZ";"-0.045"
"2017-02-06";"J10M0";"A1100";"P1D_L";"ZZ";"-0.083"
"2017-02-07";"J10M0";"A1100";"P1D_L";"ZZ";"-0.108"
"2017-02-08";"J10M0";"A1100";"P1D_L";"ZZ";"-0.096"
"2017-02-09";"J10M0";"A1100";"P1D_L";"ZZ";"-0.13"
"2017-02-10";"J10M0";"A1100";"P1D_L";"ZZ";"-0.131"
"2017-02-13";"J10M0";"A1100";"P1D_L";"ZZ";"-0.115"
"2017-02-14";"J10M0";"A1100";"P1D_L";"ZZ";"-0.124"
"2017-02-15";"J10M0";"A1100";"P1D_L";"ZZ";"-0.094"
"2017-02-16";"J10M0";"A1100";"P1D_L";"ZZ";"-0.117"
"2017-02-17";"J10M0";"A1100";"P1D_L";"ZZ";"-0.135"
"2017-02-20";"J10M0";"A1100";"P1D_L";"ZZ";"-0.143"
"2017-02-21";"J10M0";"A1100";"P1D_L";"ZZ";"-0.142"
"2017-02-22";"J10M0";"A1100";"P1D_L";"ZZ";"-0.147"
"2017-02-23";"J10M0";"A1100";"P1D_L";"ZZ";"-0.154"
"2017-02-24";"J10M0";"A1100";"P1D_L";"ZZ";"-0.204"
"2017-02-27";"J10M0";"A1100";"P1D_L";"ZZ";"-0.214"
"2017-02-28";"J10M0";"A1100";"P1D_L";"ZZ";"-0.213"
"2017-03-01";"J10M0";"A1100";"P1D_L";"ZZ";"-0.206"
"2017-03-02";"J10M0";"A1100";"P1D_L";"ZZ";"-0.195"
"2017-03-03";"J10M0";"A1100";"P1D_L";"ZZ";"-0.168"
"2017-03-06";"J10M0";"A1100";"P1D_L";"ZZ";"-0.122"
"2017-03-07";"J10M0";"A1100";"P1D_L";"ZZ";"-0.113"
"2017-03-08";"J10M0";"A1100";"P1D_L";"ZZ";"-0.092"
"2017-03-09";"J10M0";"A1100";"P1D_L";"ZZ";"-0.059"
"2017-03-10";"J10M0";"A1100";"P1D_L";"ZZ";"0.001"
"2017-03-13";"J10M0";"A1100";"P1D_L";"ZZ";"0.025"
"2017-03-14";"J10M0";"A1100";"P1D_L";"ZZ";"0.035"
"2017-03-15";"J10M0";"A1100";"P1D_L";"ZZ";"0.003"
"2017-03-16";"J10M0";"A1100";"P1D_L";"ZZ";"-0.023"
"2017-03-17";"J10M0";"A1100";"P1D_L";"ZZ";"0.009"
"2017-03-20";"J10M0";"A1100";"P1D_L";"ZZ";"-0.013"
"2017-03-21";"J10M0";"A1100";"P1D_L";"ZZ";"0.007"
"2017-03-22";"J10M0";"A1100";"P1D_L";"ZZ";"-0.024"
"2017-03-23";"J10M0";"A1100";"P1D_L";"ZZ";"-0.032"
"2017-03-24";"J10M0";"A1100";"P1D_L";"ZZ";"-0.006"
"2017-03-27";"J10M0";"A1100";"P1D_L";"ZZ";"-0.041"
"2017-03-28";"J10M0";"A1100";"P1D_L";"ZZ";"-0.042"
"2017-03-29";"J10M0";"A1100";"P1D_L";"ZZ";"-0.073"
"2017-03-30";"J10M0";"A1100";"P1D_L";"ZZ";"-0.102"
"2017-03-31";"J10M0";"A1100";"P1D_L";"ZZ";"-0.1"
"2017-04-03";"J10M0";"A1100";"P1D_L";"ZZ";"-0.098"
"2017-04-04";"J10M0";"A1100";"P1D_L";"ZZ";"-0.128"
"2017-04-05";"J10M0";"A1100";"P1D_L";"ZZ";"-0.134"
"2017-04-06";"J10M0";"A1100";"P1D_L";"ZZ";"-0.145"
"2017-04-07";"J10M0";"A1100";"P1D_L";"ZZ";"-0.142"
"2017-04-10";"J10M0";"A1100";"P1D_L";"ZZ";"-0.163"
"2017-04-11";"J10M0";"A1100";"P1D_L";"ZZ";"-0.162"
"2017-04-12";"J10M0";"A1100";"P1D_L";"ZZ";"-0.164"
"2017-04-13";"J10M0";"A1100";"P1D_L";"ZZ";"-0.185"
"2017-04-14";"J10M0";"A1100";"P1D_L";"ZZ";
"2017-04-17";"J10M0";"A1100";"P1D_L";"ZZ";
"2017-04-18";"J10M0";"A1100";"P1D_L";"ZZ";"-0.196"
"2017-04-19";"J10M0";"A1100";"P1D_L";"ZZ";"-0.201"
"2017-04-20";"J10M0";"A1100";"P1D_L";"ZZ";"-0.197"
"2017-04-21";"J10M0";"A1100";"P1D_L";"ZZ";"-0.193"
"2017-04-24";"J10M0";"A1100";"P1D_L";"ZZ";"-0.12"
"2017-04-25";"J10M0";"A1100";"P1D_L";"ZZ";"-0.105"
"2017-04-26";"J10M0";"A1100";"P1D_L";"ZZ";"-0.084"
"2017-04-27";"J10M0";"A1100";"P1D_L";"ZZ";"-0.083"
"2017-04-28";"J10M0";"A1100";"P1D_L";"ZZ";"-0.096"
"2017-05-01";"J10M0";"A1100";"P1D_L";"ZZ";
"2017-05-02";"J10M0";"A1100";"P1D_L";"ZZ";"-0.091"
"2017-05-03";"J10M0";"A1100";"P1D_L";"ZZ";"-0.099"
"2017-05-04";"J10M0";"A1100";"P1D_L";"ZZ";"-0.076"
"2017-05-05";"J10M0";"A1100";"P1D_L";"ZZ";"-0.057"
"2017-05-08";"J10M0";"A1100";"P1D_L";"ZZ";"-0.045"
"2017-05-09";"J10M0";"A1100";"P1D_L";"ZZ";"-0.032"
"2017-05-10";"J10M0";"A1100";"P1D_L";"ZZ";"-0.026"
"2017-05-11";"J10M0";"A1100";"P1D_L";"ZZ";"-0.022"
"2017-05-12";"J10M0";"A1100";"P1D_L";"ZZ";"-0.054"
"2017-05-15";"J10M0";"A1100";"P1D_L";"ZZ";"-0.062"
"2017-05-16";"J10M0";"A1100";"P1D_L";"ZZ";"-0.048"
"2017-05-17";"J10M0";"A1100";"P1D_L";"ZZ";"-0.08"
"2017-05-18";"J10M0";"A1100";"P1D_L";"ZZ";"-0.103"
"2017-05-19";"J10M0";"A1100";"P1D_L";"ZZ";"-0.097"
"2017-05-22";"J10M0";"A1100";"P1D_L";"ZZ";"-0.1"
"2017-05-23";"J10M0";"A1100";"P1D_L";"ZZ";"-0.082"
"2017-05-24";"J10M0";"A1100";"P1D_L";"ZZ";"-0.093"
"2017-05-25";"J10M0";"A1100";"P1D_L";"ZZ";
"2017-05-26";"J10M0";"A1100";"P1D_L";"ZZ";"-0.104"
"2017-05-29";"J10M0";"A1100";"P1D_L";"ZZ";"-0.112"
"2017-05-30";"J10M0";"A1100";"P1D_L";"ZZ";"-0.126"
"2017-05-31";"J10M0";"A1100";"P1D_L";"ZZ";"-0.145"
"2017-06-01";"J10M0";"A1100";"P1D_L";"ZZ";"-0.161"
"2017-06-02";"J10M0";"A1100";"P1D_L";"ZZ";"-0.163"
"2017-06-05";"J10M0";"A1100";"P1D_L";"ZZ";
"2017-06-06";"J10M0";"A1100";"P1D_L";"ZZ";"-0.168"
"2017-06-07";"J10M0";"A1100";"P1D_L";"ZZ";"-0.169"
"2017-06-08";"J10M0";"A1100";"P1D_L";"ZZ";"-0.163"
"2017-06-09";"J10M0";"A1100";"P1D_L";"ZZ";"-0.159"
"2017-06-12";"J10M0";"A1100";"P1D_L";"ZZ";"-0.166"
"2017-06-13";"J10M0";"A1100";"P1D_L";"ZZ";"-0.155"
"2017-06-14";"J10M0";"A1100";"P1D_L";"ZZ";"-0.154"
"2017-06-15";"J10M0";"A1100";"P1D_L";"ZZ";"-0.173"
"2017-06-16";"J10M0";"A1100";"P1D_L";"ZZ";"-0.129"
"2017-06-19";"J10M0";"A1100";"P1D_L";"ZZ";"-0.129"
"2017-06-20";"J10M0";"A1100";"P1D_L";"ZZ";"-0.133"
"2017-06-21";"J10M0";"A1100";"P1D_L";"ZZ";"-0.155"
"2017-06-22";"J10M0";"A1100";"P1D_L";"ZZ";"-0.153"
"2017-06-23";"J10M0";"A1100";"P1D_L";"ZZ";"-0.145"
"2017-06-26";"J10M0";"A1100";"P1D_L";"ZZ";"-0.148"
"2017-06-27";"J10M0";"A1100";"P1D_L";"ZZ";"-0.145"
"2017-06-28";"J10M0";"A1100";"P1D_L";"ZZ";"-0.074"
"2017-06-29";"J10M0";"A1100";"P1D_L";"ZZ";"-0.05"
"2017-06-30";"J10M0";"A1100";"P1D_L";"ZZ";"-0.025"
"2017-07-03";"J10M0";"A1100";"P1D_L";"ZZ";"-0.029"
"2017-07-04";"J10M0";"A1100";"P1D_L";"ZZ";"-0.014"
"2017-07-05";"J10M0";"A1100";"P1D_L";"ZZ";"-0.005"
"2017-07-06";"J10M0";"A1100";"P1D_L";"ZZ";"0"
"2017-07-07";"J10M0";"A1100";"P1D_L";"ZZ";"0.045"
"2017-07-10";"J10M0";"A1100";"P1D_L";"ZZ";"0.035"
"2017-07-11";"J10M0";"A1100";"P1D_L";"ZZ";"0.048"
"2017-07-12";"J10M0";"A1100";"P1D_L";"ZZ";"0.037"
"2017-07-13";"J10M0";"A1100";"P1D_L";"ZZ";"0.033"
"2017-07-14";"J10M0";"A1100";"P1D_L";"ZZ";"0.042"
"2017-07-17";"J10M0";"A1100";"P1D_L";"ZZ";"0.03"
"2017-07-18";"J10M0";"A1100";"P1D_L";"ZZ";"0.023"
"2017-07-19";"J10M0";"A1100";"P1D_L";"ZZ";"0.014"
"2017-07-20";"J10M0";"A1100";"P1D_L";"ZZ";"0.01"
"2017-07-21";"J10M0";"A1100";"P1D_L";"ZZ";"0.005"
"2017-07-24";"J10M0";"A1100";"P1D_L";"ZZ";"0.008"
"2017-07-25";"J10M0";"A1100";"P1D_L";"ZZ";"0.02"
"2017-07-26";"J10M0";"A1100";"P1D_L";"ZZ";"0.04"
"2017-07-27";"J10M0";"A1100";"P1D_L";"ZZ";"0.02"
"2017-07-28";"J10M0";"A1100";"P1D_L";"ZZ";"0.054"
"2017-07-31";"J10M0";"A1100";"P1D_L";"ZZ";"0.06"
"2017-08-01";"J10M0";"A1100";"P1D_L";"ZZ";
"2017-08-02";"J10M0";"A1100";"P1D_L";"ZZ";"0.015"
"2017-08-03";"J10M0";"A1100";"P1D_L";"ZZ";"0.003"
"2017-08-04";"J10M0";"A1100";"P1D_L";"ZZ";"-0.049"
"2017-08-07";"J10M0";"A1100";"P1D_L";"ZZ";"-0.058"
"2017-08-08";"J10M0";"A1100";"P1D_L";"ZZ";"-0.076"
"2017-08-09";"J10M0";"A1100";"P1D_L";"ZZ";"-0.086"
"2017-08-10";"J10M0";"A1100";"P1D_L";"ZZ";"-0.118"
"2017-08-11";"J10M0";"A1100";"P1D_L";"ZZ";"-0.161"
"2017-08-14";"J10M0";"A1100";"P1D_L";"ZZ";"-0.136"
"2017-08-15";"J10M0";"A1100";"P1D_L";"ZZ";"-0.127"
"2017-08-16";"J10M0";"A1100";"P1D_L";"ZZ";"-0.077"
"2017-08-17";"J10M0";"A1100";"P1D_L";"ZZ";"-0.075"
"2017-08-18";"J10M0";"A1100";"P1D_L";"ZZ";"-0.084"
"2017-08-21";"J10M0";"A1100";"P1D_L";"ZZ";"-0.1"
"2017-08-22";"J10M0";"A1100";"P1D_L";"ZZ";"-0.1"
"2017-08-23";"J10M0";"A1100";"P1D_L";"ZZ";"-0.108"
"2017-08-24";"J10M0";"A1100";"P1D_L";"ZZ";"-0.118"
"2017-08-25";"J10M0";"A1100";"P1D_L";"ZZ";"-0.099"
"2017-08-28";"J10M0";"A1100";"P1D_L";"ZZ";"-0.11"
"2017-08-29";"J10M0";"A1100";"P1D_L";"ZZ";"-0.138"
"2017-08-30";"J10M0";"A1100";"P1D_L";"ZZ";"-0.121"
"2017-08-31";"J10M0";"A1100";"P1D_L";"ZZ";"-0.114"
"2017-09-01";"J10M0";"A1100";"P1D_L";"ZZ";"-0.118"
"2017-09-04";"J10M0";"A1100";"P1D_L";"ZZ";"-0.109"
"2017-09-05";"J10M0";"A1100";"P1D_L";"ZZ";"-0.098"
"2017-09-06";"J10M0";"A1100";"P1D_L";"ZZ";"-0.117"
"2017-09-07";"J10M0";"A1100";"P1D_L";"ZZ";"-0.097"
"2017-09-08";"J10M0";"A1100";"P1D_L";"ZZ";"-0.131"
"2017-09-11";"J10M0";"A1100";"P1D_L";"ZZ";"-0.121"
"2017-09-12";"J10M0";"A1100";"P1D_L";"ZZ";"-0.1"
"2017-09-13";"J10M0";"A1100";"P1D_L";"ZZ";"-0.075"
"2017-09-14";"J10M0";"A1100";"P1D_L";"ZZ";"-0.061"
"2017-09-15";"J10M0";"A1100";"P1D_L";"ZZ";"-0.05"
"2017-09-18";"J10M0";"A1100";"P1D_L";"ZZ";"-0.018"
"2017-09-19";"J10M0";"A1100";"P1D_L";"ZZ";"-0.008"
"2017-09-20";"J10M0";"A1100";"P1D_L";"ZZ";"-0.009"
"2017-09-21";"J10M0";"A1100";"P1D_L";"ZZ";"0.009"
"2017-09-22";"J10M0";"A1100";"P1D_L";"ZZ";"0.001"
"2017-09-25";"J10M0";"A1100";"P1D_L";"ZZ";"-0.002"
"2017-09-26";"J10M0";"A1100";"P1D_L";"ZZ";"-0.02"
"2017-09-27";"J10M0";"A1100";"P1D_L";"ZZ";"0.005"
"2017-09-28";"J10M0";"A1100";"P1D_L";"ZZ";"0.033"
"2017-09-29";"J10M0";"A1100";"P1D_L";"ZZ";"0.017"
"2017-10-02";"J10M0";"A1100";"P1D_L";"ZZ";"0.03"
"2017-10-03";"J10M0";"A1100";"P1D_L";"ZZ";"0.033"
"2017-10-04";"J10M0";"A1100";"P1D_L";"ZZ";"0.017"
"2017-10-05";"J10M0";"A1100";"P1D_L";"ZZ";"0.02"
"2017-10-06";"J10M0";"A1100";"P1D_L";"ZZ";"0.023"
"2017-10-09";"J10M0";"A1100";"P1D_L";"ZZ";"0.008"
"2017-10-10";"J10M0";"A1100";"P1D_L";"ZZ";"-0.008"
"2017-10-11";"J10M0";"A1100";"P1D_L";"ZZ";"0.011"
"2017-10-12";"J10M0";"A1100";"P1D_L";"ZZ";"0.011"
"2017-10-13";"J10M0";"A1100";"P1D_L";"ZZ";"-0.006"
"2017-10-16";"J10M0";"A1100";"P1D_L";"ZZ";"-0.019"
"2017-10-17";"J10M0";"A1100";"P1D_L";"ZZ";"-0.039"
"2017-10-18";"J10M0";"A1100";"P1D_L";"ZZ";"-0.052"
"2017-10-19";"J10M0";"A1100";"P1D_L";"ZZ";"-0.043"
"2017-10-20";"J10M0";"A1100";"P1D_L";"ZZ";"-0.006"
"2017-10-23";"J10M0";"A1100";"P1D_L";"ZZ";"-0.015"
"2017-10-24";"J10M0";"A1100";"P1D_L";"ZZ";"0.016"
"2017-10-25";"J10M0";"A1100";"P1D_L";"ZZ";"0.023"
"2017-10-26";"J10M0";"A1100";"P1D_L";"ZZ";"0.035"
"2017-10-27";"J10M0";"A1100";"P1D_L";"ZZ";"0.005"
"2017-10-30";"J10M0";"A1100";"P1D_L";"ZZ";"-0.019"
"2017-10-31";"J10M0";"A1100";"P1D_L";"ZZ";"-0.029"
"2017-11-01";"J10M0";"A1100";"P1D_L";"ZZ";"-0.037"
"2017-11-02";"J10M0";"A1100";"P1D_L";"ZZ";"-0.028"
"2017-11-03";"J10M0";"A1100";"P1D_L";"ZZ";"-0.045"
"2017-11-06";"J10M0";"A1100";"P1D_L";"ZZ";"-0.062"
"2017-11-07";"J10M0";"A1100";"P1D_L";"ZZ";"-0.057"
"2017-11-08";"J10M0";"A1100";"P1D_L";"ZZ";"-0.083"
"2017-11-09";"J10M0";"A1100";"P1D_L";"ZZ";"-0.082"
"2017-11-10";"J10M0";"A1100";"P1D_L";"ZZ";"-0.032"
"2017-11-13";"J10M0";"A1100";"P1D_L";"ZZ";"-0.035"
"2017-11-14";"J10M0";"A1100";"P1D_L";"ZZ";"-0.026"
"2017-11-15";"J10M0";"A1100";"P1D_L";"ZZ";"-0.056"
"2017-11-16";"J10M0";"A1100";"P1D_L";"ZZ";"-0.052"
"2017-11-17";"J10M0";"A1100";"P1D_L";"ZZ";"-0.056"
"2017-11-20";"J10M0";"A1100";"P1D_L";"ZZ";"-0.077"
"2017-11-21";"J10M0";"A1100";"P1D_L";"ZZ";"-0.096"
"2017-11-22";"J10M0";"A1100";"P1D_L";"ZZ";"-0.093"
"2017-11-23";"J10M0";"A1100";"P1D_L";"ZZ";"-0.087"
"2017-11-24";"J10M0";"A1100";"P1D_L";"ZZ";"-0.07"
"2017-11-27";"J10M0";"A1100";"P1D_L";"ZZ";"-0.085"
"2017-11-28";"J10M0";"A1100";"P1D_L";"ZZ";"-0.082"
"2017-11-29";"J10M0";"A1100";"P1D_L";"ZZ";"-0.066"
"2017-11-30";"J10M0";"A1100";"P1D_L";"ZZ";"-0.053"
"2017-12-01";"J10M0";"A1100";"P1D_L";"ZZ";"-0.079"
"2017-12-04";"J10M0";"A1100";"P1D_L";"ZZ";"-0.084"
"2017-12-05";"J10M0";"A1100";"P1D_L";"ZZ";"-0.099"
"2017-12-06";"J10M0";"A1100";"P1D_L";"ZZ";"-0.122"
"2017-12-07";"J10M0";"A1100";"P1D_L";"ZZ";"-0.123"
"2017-12-08";"J10M0";"A1100";"P1D_L";"ZZ";"-0.12"
"2017-12-11";"J10M0";"A1100";"P1D_L";"ZZ";"-0.124"
"2017-12-12";"J10M0";"A1100";"P1D_L";"ZZ";"-0.129"
"2017-12-13";"J10M0";"A1100";"P1D_L";"ZZ";"-0.111"
"2017-12-14";"J10M0";"A1100";"P1D_L";"ZZ";"-0.11"
"2017-12-15";"J10M0";"A1100";"P1D_L";"ZZ";"-0.147"
"2017-12-18";"J10M0";"A1100";"P1D_L";"ZZ";"-0.138"
"2017-12-19";"J10M0";"A1100";"P1D_L";"ZZ";"-0.142"
"2017-12-20";"J10M0";"A1100";"P1D_L";"ZZ";"-0.106"
"2017-12-21";"J10M0";"A1100";"P1D_L";"ZZ";"-0.082"
"2017-12-22";"J10M0";"A1100";"P1D_L";"ZZ";"-0.086"
"2017-12-25";"J10M0";"A1100";"P1D_L";"ZZ";
"2017-12-26";"J10M0";"A1100";"P1D_L";"ZZ";
"2017-12-27";"J10M0";"A1100";"P1D_L";"ZZ";"-0.092"
"2017-12-28";"J10M0";"A1100";"P1D_L";"ZZ";"-0.09"
"2017-12-29";"J10M0";"A1100";"P1D_L";"ZZ";"-0.095"
"2018-01-01";"J10M0";"A1100";"P1D_L";"ZZ";
"2018-01-02";"J10M0";"A1100";"P1D_L";"ZZ";
"2018-01-03";"J10M0";"A1100";"P1D_L";"ZZ";"-0.095"
"2018-01-04";"J10M0";"A1100";"P1D_L";"ZZ";"-0.098"
"2018-01-05";"J10M0";"A1100";"P1D_L";"ZZ";"-0.106"
"2018-01-08";"J10M0";"A1100";"P1D_L";"ZZ";"-0.109"
"2018-01-09";"J10M0";"A1100";"P1D_L";"ZZ";"-0.097"
"2018-01-10";"J10M0";"A1100";"P1D_L";"ZZ";"-0.072"
"2018-01-11";"J10M0";"A1100";"P1D_L";"ZZ";"-0.051"
"2018-01-12";"J10M0";"A1100";"P1D_L";"ZZ";"0.019"
"2018-01-15";"J10M0";"A1100";"P1D_L";"ZZ";"0.016"
"2018-01-16";"J10M0";"A1100";"P1D_L";"ZZ";"0.014"
"2018-01-17";"J10M0";"A1100";"P1D_L";"ZZ";"-0.01"
"2018-01-18";"J10M0";"A1100";"P1D_L";"ZZ";"0.014"
"2018-01-19";"J10M0";"A1100";"P1D_L";"ZZ";"0.022"
"2018-01-22";"J10M0";"A1100";"P1D_L";"ZZ";"0.02"
"2018-01-23";"J10M0";"A1100";"P1D_L";"ZZ";"0.023"
"2018-01-24";"J10M0";"A1100";"P1D_L";"ZZ";"0.059"
"2018-01-25";"J10M0";"A1100";"P1D_L";"ZZ";"0.056"
"2018-01-26";"J10M0";"A1100";"P1D_L";"ZZ";"0.063"
"2018-01-29";"J10M0";"A1100";"P1D_L";"ZZ";"0.093"
"2018-01-30";"J10M0";"A1100";"P1D_L";"ZZ";"0.116"
"2018-01-31";"J10M0";"A1100";"P1D_L";"ZZ";"0.103"
"2018-02-01";"J10M0";"A1100";"P1D_L";"ZZ";"0.138"
"2018-02-02";"J10M0";"A1100";"P1D_L";"ZZ";"0.175"
"2018-02-05";"J10M0";"A1100";"P1D_L";"ZZ";"0.188"
"2018-02-06";"J10M0";"A1100";"P1D_L";"ZZ";"0.146"
"2018-02-07";"J10M0";"A1100";"P1D_L";"ZZ";"0.154"
"2018-02-08";"J10M0";"A1100";"P1D_L";"ZZ";"0.186"
"2018-02-09";"J10M0";"A1100";"P1D_L";"ZZ";"0.214"
"2018-02-12";"J10M0";"A1100";"P1D_L";"ZZ";"0.213"
"2018-02-13";"J10M0";"A1100";"P1D_L";"ZZ";"0.194"
"2018-02-14";"J10M0";"A1100";"P1D_L";"ZZ";"0.199"
"2018-02-15";"J10M0";"A1100";"P1D_L";"ZZ";"0.221"
"2018-02-16";"J10M0";"A1100";"P1D_L";"ZZ";"0.205"
"2018-02-19";"J10M0";"A1100";"P1D_L";"ZZ";"0.191"
"2018-02-20";"J10M0";"A1100";"P1D_L";"ZZ";"0.207"
"2018-02-21";"J10M0";"A1100";"P1D_L";"ZZ";"0.157"
"2018-02-22";"J10M0";"A1100";"P1D_L";"ZZ";"0.173"
"2018-02-23";"J10M0";"A1100";"P1D_L";"ZZ";"0.144"
"2018-02-26";"J10M0";"A1100";"P1D_L";"ZZ";"0.125"
"2018-02-27";"J10M0";"A1100";"P1D_L";"ZZ";"0.133"
"2018-02-28";"J10M0";"A1100";"P1D_L";"ZZ";"0.116"
"2018-03-01";"J10M0";"A1100";"P1D_L";"ZZ";"0.089"
"2018-03-02";"J10M0";"A1100";"P1D_L";"ZZ";"0.074"
"2018-03-05";"J10M0";"A1100";"P1D_L";"ZZ";"0.082"
"2018-03-06";"J10M0";"A1100";"P1D_L";"ZZ";"0.102"
"2018-03-07";"J10M0";"A1100";"P1D_L";"ZZ";"0.127"
"2018-03-08";"J10M0";"A1100";"P1D_L";"ZZ";"0.13"
"2018-03-09";"J10M0";"A1100";"P1D_L";"ZZ";"0.118"
"2018-03-12";"J10M0";"A1100";"P1D_L";"ZZ";"0.119"
"2018-03-13";"J10M0";"A1100";"P1D_L";"ZZ";"0.119"
"2018-03-14";"J10M0";"A1100";"P1D_L";"ZZ";"0.133"
"2018-03-15";"J10M0";"A1100";"P1D_L";"ZZ";"0.132"
"2018-03-16";"J10M0";"A1100";"P1D_L";"ZZ";"0.111"
"2018-03-19";"J10M0";"A1100";"P1D_L";"ZZ";"0.11"
"2018-03-20";"J10M0";"A1100";"P1D_L";"ZZ";"0.098"
"2018-03-21";"J10M0";"A1100";"P1D_L";"ZZ";"0.113"
"2018-03-22";"J10M0";"A1100";"P1D_L";"ZZ";"0.096"
"2018-03-23";"J10M0";"A1100";"P1D_L";"ZZ";"0.074"
"2018-03-26";"J10M0";"A1100";"P1D_L";"ZZ";"0.093"
"2018-03-27";"J10M0";"A1100";"P1D_L";"ZZ";"0.093"
"2018-03-28";"J10M0";"A1100";"P1D_L";"ZZ";"0.048"
"2018-03-29";"J10M0";"A1100";"P1D_L";"ZZ";"0.054"
"2018-03-30";"J10M0";"A1100";"P1D_L";"ZZ";
"2018-04-02";"J10M0";"A1100";"P1D_L";"ZZ";
"2018-04-03";"J10M0";"A1100";"P1D_L";"ZZ";"0.06"
"2018-04-04";"J10M0";"A1100";"P1D_L";"ZZ";"0.036"
"2018-04-05";"J10M0";"A1100";"P1D_L";"ZZ";"0.04"
"2018-04-06";"J10M0";"A1100";"P1D_L";"ZZ";"0.047"
"2018-04-09";"J10M0";"A1100";"P1D_L";"ZZ";"0.039"
"2018-04-10";"J10M0";"A1100";"P1D_L";"ZZ";"0.026"
"2018-04-11";"J10M0";"A1100";"P1D_L";"ZZ";"0.039"
"2018-04-12";"J10M0";"A1100";"P1D_L";"ZZ";"0.028"
"2018-04-13";"J10M0";"A1100";"P1D_L";"ZZ";"0.051"
"2018-04-16";"J10M0";"A1100";"P1D_L";"ZZ";"0.068"
"2018-04-17";"J10M0";"A1100";"P1D_L";"ZZ";"0.066"
"2018-04-18";"J10M0";"A1100";"P1D_L";"ZZ";"0.05"
"2018-04-19";"J10M0";"A1100";"P1D_L";"ZZ";"0.09"
"2018-04-20";"J10M0";"A1100";"P1D_L";"ZZ";"0.136"
"2018-04-23";"J10M0";"A1100";"P1D_L";"ZZ";"0.157"
"2018-04-24";"J10M0";"A1100";"P1D_L";"ZZ";"0.149"
"2018-04-25";"J10M0";"A1100";"P1D_L";"ZZ";"0.179"
"2018-04-26";"J10M0";"A1100";"P1D_L";"ZZ";"0.162"
"2018-04-27";"J10M0";"A1100";"P1D_L";"ZZ";"0.123"
"2018-04-30";"J10M0";"A1100";"P1D_L";"ZZ";"0.12"
"2018-05-01";"J10M0";"A1100";"P1D_L";"ZZ";
"2018-05-02";"J10M0";"A1100";"P1D_L";"ZZ";"0.097"
"2018-05-03";"J10M0";"A1100";"P1D_L";"ZZ";"0.096"
"2018-05-04";"J10M0";"A1100";"P1D_L";"ZZ";"0.056"
"2018-05-07";"J10M0";"A1100";"P1D_L";"ZZ";"0.053"
"2018-05-08";"J10M0";"A1100";"P1D_L";"ZZ";"0.052"
"2018-05-09";"J10M0";"A1100";"P1D_L";"ZZ";"0.085"
"2018-05-10";"J10M0";"A1100";"P1D_L";"ZZ";
"2018-05-11";"J10M0";"A1100";"P1D_L";"ZZ";"0.069"
"2018-05-14";"J10M0";"A1100";"P1D_L";"ZZ";"0.1"
"2018-05-15";"J10M0";"A1100";"P1D_L";"ZZ";"0.128"
"2018-05-16";"J10M0";"A1100";"P1D_L";"ZZ";"0.139"
"2018-05-17";"J10M0";"A1100";"P1D_L";"ZZ";"0.151"
"2018-05-18";"J10M0";"A1100";"P1D_L";"ZZ";"0.155"
"2018-05-21";"J10M0";"A1100";"P1D_L";"ZZ";
"2018-05-22";"J10M0";"A1100";"P1D_L";"ZZ";"0.123"
"2018-05-23";"J10M0";"A1100";"P1D_L";"ZZ";"0.086"
"2018-05-24";"J10M0";"A1100";"P1D_L";"ZZ";"0.101"
"2018-05-25";"J10M0";"A1100";"P1D_L";"ZZ";"0.063"
"2018-05-28";"J10M0";"A1100";"P1D_L";"ZZ";"0.044"
"2018-05-29";"J10M0";"A1100";"P1D_L";"ZZ";"-0.084"
"2018-05-30";"J10M0";"A1100";"P1D_L";"ZZ";"-0.057"
"2018-05-31";"J10M0";"A1100";"P1D_L";"ZZ";"-0.008"
"2018-06-01";"J10M0";"A1100";"P1D_L";"ZZ";"-0.03"
"2018-06-04";"J10M0";"A1100";"P1D_L";"ZZ";"-0.01"
"2018-06-05";"J10M0";"A1100";"P1D_L";"ZZ";"-0.021"
"2018-06-06";"J10M0";"A1100";"P1D_L";"ZZ";"0.023"
"2018-06-07";"J10M0";"A1100";"P1D_L";"ZZ";"0.092"
"2018-06-08";"J10M0";"A1100";"P1D_L";"ZZ";"0.05"
"2018-06-11";"J10M0";"A1100";"P1D_L";"ZZ";"0.077"
"2018-06-12";"J10M0";"A1100";"P1D_L";"ZZ";"0.106"
"2018-06-13";"J10M0";"A1100";"P1D_L";"ZZ";"0.087"
"2018-06-14";"J10M0";"A1100";"P1D_L";"ZZ";"0.088"
"2018-06-15";"J10M0";"A1100";"P1D_L";"ZZ";"0.006"
"2018-06-18";"J10M0";"A1100";"P1D_L";"ZZ";"0.006"
"2018-06-19";"J10M0";"A1100";"P1D_L";"ZZ";"-0.009"
"2018-06-20";"J10M0";"A1100";"P1D_L";"ZZ";"0.011"
"2018-06-21";"J10M0";"A1100";"P1D_L";"ZZ";"0.016"
"2018-06-22";"J10M0";"A1100";"P1D_L";"ZZ";"0.005"
"2018-06-25";"J10M0";"A1100";"P1D_L";"ZZ";"-0.009"
"2018-06-26";"J10M0";"A1100";"P1D_L";"ZZ";"0.019"
"2018-06-27";"J10M0";"A1100";"P1D_L";"ZZ";"0.004"
"2018-06-28";"J10M0";"A1100";"P1D_L";"ZZ";"0.002"
"2018-06-29";"J10M0";"A1100";"P1D_L";"ZZ";"-0.012"
"2018-07-02";"J10M0";"A1100";"P1D_L";"ZZ";"-0.031"
"2018-07-03";"J10M0";"A1100";"P1D_L";"ZZ";"-0.032"
"2018-07-04";"J10M0";"A1100";"P1D_L";"ZZ";"-0.055"
"2018-07-05";"J10M0";"A1100";"P1D_L";"ZZ";"-0.025"
"2018-07-06";"J10M0";"A1100";"P1D_L";"ZZ";"-0.054"
"2018-07-09";"J10M0";"A1100";"P1D_L";"ZZ";"-0.037"
"2018-07-10";"J10M0";"A1100";"P1D_L";"ZZ";"-0.016"
"2018-07-11";"J10M0";"A1100";"P1D_L";"ZZ";"-0.035"
"2018-07-12";"J10M0";"A1100";"P1D_L";"ZZ";"-0.007"
"2018-07-13";"J10M0";"A1100";"P1D_L";"ZZ";"-0.017"
"2018-07-16";"J10M0";"A1100";"P1D_L";"ZZ";"-0.016"
"2018-07-17";"J10M0";"A1100";"P1D_L";"ZZ";"0.005"
"2018-07-18";"J10M0";"A1100";"P1D_L";"ZZ";"-0.002"
"2018-07-19";"J10M0";"A1100";"P1D_L";"ZZ";"-0.003"
"2018-07-20";"J10M0";"A1100";"P1D_L";"ZZ";"-0.015"
"2018-07-23";"J10M0";"A1100";"P1D_L";"ZZ";"0.012"
"2018-07-24";"J10M0";"A1100";"P1D_L";"ZZ";"0.029"
"2018-07-25";"J10M0";"A1100";"P1D_L";"ZZ";"0.006"
"2018-07-26";"J10M0";"A1100";"P1D_L";"ZZ";"0.016"
"2018-07-27";"J10M0";"A1100";"P1D_L";"ZZ";"0.02"
"2018-07-30";"J10M0";"A1100";"P1D_L";"ZZ";"0.03"
"2018-07-31";"J10M0";"A1100";"P1D_L";"ZZ";"0.042"
"2018-08-01";"J10M0";"A1100";"P1D_L";"ZZ";
"2018-08-02";"J10M0";"A1100";"P1D_L";"ZZ";"0.061"
"2018-08-03";"J10M0";"A1100";"P1D_L";"ZZ";"0.033"
"2018-08-06";"J10M0";"A1100";"P1D_L";"ZZ";"0.038"
"2018-08-07";"J10M0";"A1100";"P1D_L";"ZZ";"0.022"
"2018-08-08";"J10M0";"A1100";"P1D_L";"ZZ";"0.034"
"2018-08-09";"J10M0";"A1100";"P1D_L";"ZZ";"0.021"
"2018-08-10";"J10M0";"A1100";"P1D_L";"ZZ";"-0.01"
"2018-08-13";"J10M0";"A1100";"P1D_L";"ZZ";"-0.035"
"2018-08-14";"J10M0";"A1100";"P1D_L";"ZZ";"-0.014"
"2018-08-15";"J10M0";"A1100";"P1D_L";"ZZ";"-0.029"
"2018-08-16";"J10M0";"A1100";"P1D_L";"ZZ";"-0.04"
"2018-08-17";"J10M0";"A1100";"P1D_L";"ZZ";"-0.053"
"2018-08-20";"J10M0";"A1100";"P1D_L";"ZZ";"-0.047"
"2018-08-21";"J10M0";"A1100";"P1D_L";"ZZ";"-0.057"
"2018-08-22";"J10M0";"A1100";"P1D_L";"ZZ";"-0.061"
"2018-08-23";"J10M0";"A1100";"P1D_L";"ZZ";"-0.041"
"2018-08-24";"J10M0";"A1100";"P1D_L";"ZZ";"-0.042"
"2018-08-27";"J10M0";"A1100";"P1D_L";"ZZ";"-0.045"
"2018-08-28";"J10M0";"A1100";"P1D_L";"ZZ";"-0.029"
"2018-08-29";"J10M0";"A1100";"P1D_L";"ZZ";"-0.034"
"2018-08-30";"J10M0";"A1100";"P1D_L";"ZZ";"-0.019"
"2018-08-31";"J10M0";"A1100";"P1D_L";"ZZ";"-0.032"
"2018-09-03";"J10M0";"A1100";"P1D_L";"ZZ";"-0.037"
"2018-09-04";"J10M0";"A1100";"P1D_L";"ZZ";"-0.022"
"2018-09-05";"J10M0";"A1100";"P1D_L";"ZZ";"-0.019"
"2018-09-06";"J10M0";"A1100";"P1D_L";"ZZ";"-0.005"
"2018-09-07";"J10M0";"A1100";"P1D_L";"ZZ";"-0.02"
"2018-09-10";"J10M0";"A1100";"P1D_L";"ZZ";"0.018"
"2018-09-11";"J10M0";"A1100";"P1D_L";"ZZ";"0.027"
"2018-09-12";"J10M0";"A1100";"P1D_L";"ZZ";"0.033"
"2018-09-13";"J10M0";"A1100";"P1D_L";"ZZ";"0.035"
"2018-09-14";"J10M0";"A1100";"P1D_L";"ZZ";"0.034"
"2018-09-17";"J10M0";"A1100";"P1D_L";"ZZ";"0.052"
"2018-09-18";"J10M0";"A1100";"P1D_L";"ZZ";"0.066"
"2018-09-19";"J10M0";"A1100";"P1D_L";"ZZ";"0.091"
"2018-09-20";"J10M0";"A1100";"P1D_L";"ZZ";"0.092"
"2018-09-21";"J10M0";"A1100";"P1D_L";"ZZ";"0.086"
"2018-09-24";"J10M0";"A1100";"P1D_L";"ZZ";"0.092"
"2018-09-25";"J10M0";"A1100";"P1D_L";"ZZ";"0.123"
"2018-09-26";"J10M0";"A1100";"P1D_L";"ZZ";"0.132"
"2018-09-27";"J10M0";"A1100";"P1D_L";"ZZ";"0.118"
"2018-09-28";"J10M0";"A1100";"P1D_L";"ZZ";"0.113"
"2018-10-01";"J10M0";"A1100";"P1D_L";"ZZ";"0.121"
"2018-10-02";"J10M0";"A1100";"P1D_L";"ZZ";"0.083"
"2018-10-03";"J10M0";"A1100";"P1D_L";"ZZ";"0.093"
"2018-10-04";"J10M0";"A1100";"P1D_L";"ZZ";"0.135"
"2018-10-05";"J10M0";"A1100";"P1D_L";"ZZ";"0.148"
"2018-10-08";"J10M0";"A1100";"P1D_L";"ZZ";"0.159"
"2018-10-09";"J10M0";"A1100";"P1D_L";"ZZ";"0.166"
"2018-10-10";"J10M0";"A1100";"P1D_L";"ZZ";"0.167"
"2018-10-11";"J10M0";"A1100";"P1D_L";"ZZ";"0.157"
"2018-10-12";"J10M0";"A1100";"P1D_L";"ZZ";"0.173"
"2018-10-15";"J10M0";"A1100";"P1D_L";"ZZ";"0.152"
"2018-10-16";"J10M0";"A1100";"P1D_L";"ZZ";"0.155"
"2018-10-17";"J10M0";"A1100";"P1D_L";"ZZ";"0.137"
"2018-10-18";"J10M0";"A1100";"P1D_L";"ZZ";"0.114"
"2018-10-19";"J10M0";"A1100";"P1D_L";"ZZ";"0.078"
"2018-10-22";"J10M0";"A1100";"P1D_L";"ZZ";"0.106"
"2018-10-23";"J10M0";"A1100";"P1D_L";"ZZ";"0.088"
"2018-10-24";"J10M0";"A1100";"P1D_L";"ZZ";"0.062"
"2018-10-25";"J10M0";"A1100";"P1D_L";"ZZ";"0.061"
"2018-10-26";"J10M0";"A1100";"P1D_L";"ZZ";"0.059"
"2018-10-29";"J10M0";"A1100";"P1D_L";"ZZ";"0.039"
"2018-10-30";"J10M0";"A1100";"P1D_L";"ZZ";"0.061"
"2018-10-31";"J10M0";"A1100";"P1D_L";"ZZ";"0.071"
"2018-11-01";"J10M0";"A1100";"P1D_L";"ZZ";"0.087"
"2018-11-02";"J10M0";"A1100";"P1D_L";"ZZ";"0.095"
"2018-11-05";"J10M0";"A1100";"P1D_L";"ZZ";"0.074"
"2018-11-06";"J10M0";"A1100";"P1D_L";"ZZ";"0.083"
"2018-11-07";"J10M0";"A1100";"P1D_L";"ZZ";"0.089"
"2018-11-08";"J10M0";"A1100";"P1D_L";"ZZ";"0.119"
"2018-11-09";"J10M0";"A1100";"P1D_L";"ZZ";"0.093"
"2018-11-12";"J10M0";"A1100";"P1D_L";"ZZ";"0.077"
"2018-11-13";"J10M0";"A1100";"P1D_L";"ZZ";"0.076"
"2018-11-14";"J10M0";"A1100";"P1D_L";"ZZ";"0.069"
"2018-11-15";"J10M0";"A1100";"P1D_L";"ZZ";"0.058"
"2018-11-16";"J10M0";"A1100";"P1D_L";"ZZ";"0.057"
"2018-11-19";"J10M0";"A1100";"P1D_L";"ZZ";"0.064"
"2018-11-20";"J10M0";"A1100";"P1D_L";"ZZ";"0.035"
"2018-11-21";"J10M0";"A1100";"P1D_L";"ZZ";"0.038"
"2018-11-22";"J10M0";"A1100";"P1D_L";"ZZ";"0.007"
"2018-11-23";"J10M0";"A1100";"P1D_L";"ZZ";"0.003"
"2018-11-26";"J10M0";"A1100";"P1D_L";"ZZ";"0.012"
"2018-11-27";"J10M0";"A1100";"P1D_L";"ZZ";"-0.012"
"2018-11-28";"J10M0";"A1100";"P1D_L";"ZZ";"-0.009"
"2018-11-29";"J10M0";"A1100";"P1D_L";"ZZ";"-0.01"
"2018-11-30";"J10M0";"A1100";"P1D_L";"ZZ";"-0.015"
"2018-12-03";"J10M0";"A1100";"P1D_L";"ZZ";"-0.018"
"2018-12-04";"J10M0";"A1100";"P1D_L";"ZZ";"-0.061"
"2018-12-05";"J10M0";"A1100";"P1D_L";"ZZ";"-0.097"
"2018-12-06";"J10M0";"A1100";"P1D_L";"ZZ";"-0.084"
"2018-12-07";"J10M0";"A1100";"P1D_L";"ZZ";"-0.088"
"2018-12-10";"J10M0";"A1100";"P1D_L";"ZZ";"-0.076"
"2018-12-11";"J10M0";"A1100";"P1D_L";"ZZ";"-0.058"
"2018-12-12";"J10M0";"A1100";"P1D_L";"ZZ";"-0.073"
"2018-12-13";"J10M0";"A1100";"P1D_L";"ZZ";"-0.049"
"2018-12-14";"J10M0";"A1100";"P1D_L";"ZZ";"-0.079"
"2018-12-17";"J10M0";"A1100";"P1D_L";"ZZ";"-0.081"
"2018-12-18";"J10M0";"A1100";"P1D_L";"ZZ";"-0.105"
"2018-12-19";"J10M0";"A1100";"P1D_L";"ZZ";"-0.101"
"2018-12-20";"J10M0";"A1100";"P1D_L";"ZZ";"-0.138"
"2018-12-21";"J10M0";"A1100";"P1D_L";"ZZ";"-0.153"
"2018-12-24";"J10M0";"A1100";"P1D_L";"ZZ";
"2018-12-25";"J10M0";"A1100";"P1D_L";"ZZ";
"2018-12-26";"J10M0";"A1100";"P1D_L";"ZZ";
"2018-12-27";"J10M0";"A1100";"P1D_L";"ZZ";"-0.158"
"2018-12-28";"J10M0";"A1100";"P1D_L";"ZZ";"-0.154"
"2018-12-31";"J10M0";"A1100";"P1D_L";"ZZ";
"2019-01-01";"J10M0";"A1100";"P1D_L";"ZZ";
"2019-01-02";"J10M0";"A1100";"P1D_L";"ZZ";
"2019-01-03";"J10M0";"A1100";"P1D_L";"ZZ";"-0.205"
"2019-01-04";"J10M0";"A1100";"P1D_L";"ZZ";"-0.205"
"2019-01-07";"J10M0";"A1100";"P1D_L";"ZZ";"-0.182"
"2019-01-08";"J10M0";"A1100";"P1D_L";"ZZ";"-0.137"
"2019-01-09";"J10M0";"A1100";"P1D_L";"ZZ";"-0.131"
"2019-01-10";"J10M0";"A1100";"P1D_L";"ZZ";"-0.132"
"2019-01-11";"J10M0";"A1100";"P1D_L";"ZZ";"-0.152"
"2019-01-14";"J10M0";"A1100";"P1D_L";"ZZ";"-0.147"
"2019-01-15";"J10M0";"A1100";"P1D_L";"ZZ";"-0.144"
"2019-01-16";"J10M0";"A1100";"P1D_L";"ZZ";"-0.135"
"2019-01-17";"J10M0";"A1100";"P1D_L";"ZZ";"-0.141"
"2019-01-18";"J10M0";"A1100";"P1D_L";"ZZ";"-0.099"
"2019-01-21";"J10M0";"A1100";"P1D_L";"ZZ";"-0.121"
"2019-01-22";"J10M0";"A1100";"P1D_L";"ZZ";"-0.126"
"2019-01-23";"J10M0";"A1100";"P1D_L";"ZZ";"-0.134"
"2019-01-24";"J10M0";"A1100";"P1D_L";"ZZ";"-0.169"
"2019-01-25";"J10M0";"A1100";"P1D_L";"ZZ";"-0.181"
"2019-01-28";"J10M0";"A1100";"P1D_L";"ZZ";"-0.167"
"2019-01-29";"J10M0";"A1100";"P1D_L";"ZZ";"-0.174"
"2019-01-30";"J10M0";"A1100";"P1D_L";"ZZ";"-0.183"
"2019-01-31";"J10M0";"A1100";"P1D_L";"ZZ";"-0.21"
"2019-02-01";"J10M0";"A1100";"P1D_L";"ZZ";"-0.233"
"2019-02-04";"J10M0";"A1100";"P1D_L";"ZZ";"-0.212"
"2019-02-05";"J10M0";"A1100";"P1D_L";"ZZ";"-0.189"
"2019-02-06";"J10M0";"A1100";"P1D_L";"ZZ";"-0.21"
"2019-02-07";"J10M0";"A1100";"P1D_L";"ZZ";"-0.209"
"2019-02-08";"J10M0";"A1100";"P1D_L";"ZZ";"-0.247"
"2019-02-11";"J10M0";"A1100";"P1D_L";"ZZ";"-0.254"
"2019-02-12";"J10M0";"A1100";"P1D_L";"ZZ";"-0.243"
"2019-02-13";"J10M0";"A1100";"P1D_L";"ZZ";"-0.234"
"2019-02-14";"J10M0";"A1100";"P1D_L";"ZZ";"-0.234"
"2019-02-15";"J10M0";"A1100";"P1D_L";"ZZ";"-0.247"
"2019-02-18";"J10M0";"A1100";"P1D_L";"ZZ";"-0.249"
"2019-02-19";"J10M0";"A1100";"P1D_L";"ZZ";"-0.246"
"2019-02-20";"J10M0";"A1100";"P1D_L";"ZZ";"-0.251"
"2019-02-21";"J10M0";"A1100";"P1D_L";"ZZ";"-0.252"
"2019-02-22";"J10M0";"A1100";"P1D_L";"ZZ";"-0.257"
"2019-02-25";"J10M0";"A1100";"P1D_L";"ZZ";"-0.255"
"2019-02-26";"J10M0";"A1100";"P1D_L";"ZZ";"-0.257"
"2019-02-27";"J10M0";"A1100";"P1D_L";"ZZ";"-0.253"
"2019-02-28";"J10M0";"A1100";"P1D_L";"ZZ";"-0.236"
"2019-03-01";"J10M0";"A1100";"P1D_L";"ZZ";"-0.212"
"2019-03-04";"J10M0";"A1100";"P1D_L";"ZZ";"-0.203"
"2019-03-05";"J10M0";"A1100";"P1D_L";"ZZ";"-0.197"
"2019-03-06";"J10M0";"A1100";"P1D_L";"ZZ";"-0.227"
"2019-03-07";"J10M0";"A1100";"P1D_L";"ZZ";"-0.245"
"2019-03-08";"J10M0";"A1100";"P1D_L";"ZZ";"-0.304"
"2019-03-11";"J10M0";"A1100";"P1D_L";"ZZ";"-0.306"
"2019-03-12";"J10M0";"A1100";"P1D_L";"ZZ";"-0.281"
"2019-03-13";"J10M0";"A1100";"P1D_L";"ZZ";"-0.297"
"2019-03-14";"J10M0";"A1100";"P1D_L";"ZZ";"-0.275"
"2019-03-15";"J10M0";"A1100";"P1D_L";"ZZ";"-0.281"
"2019-03-18";"J10M0";"A1100";"P1D_L";"ZZ";"-0.295"
"2019-03-19";"J10M0";"A1100";"P1D_L";"ZZ";"-0.295"
"2019-03-20";"J10M0";"A1100";"P1D_L";"ZZ";"-0.283"
"2019-03-21";"J10M0";"A1100";"P1D_L";"ZZ";"-0.326"
"2019-03-22";"J10M0";"A1100";"P1D_L";"ZZ";"-0.38"
"2019-03-25";"J10M0";"A1100";"P1D_L";"ZZ";"-0.373"
"2019-03-26";"J10M0";"A1100";"P1D_L";"ZZ";"-0.382"
"2019-03-27";"J10M0";"A1100";"P1D_L";"ZZ";"-0.355"
"2019-03-28";"J10M0";"A1100";"P1D_L";"ZZ";"-0.376"
"2019-03-29";"J10M0";"A1100";"P1D_L";"ZZ";"-0.352"
"2019-04-01";"J10M0";"A1100";"P1D_L";"ZZ";"-0.32"
"2019-04-02";"J10M0";"A1100";"P1D_L";"ZZ";"-0.317"
"2019-04-03";"J10M0";"A1100";"P1D_L";"ZZ";"-0.28"
"2019-04-04";"J10M0";"A1100";"P1D_L";"ZZ";"-0.276"
"2019-04-05";"J10M0";"A1100";"P1D_L";"ZZ";"-0.271"
"2019-04-08";"J10M0";"A1100";"P1D_L";"ZZ";"-0.259"
"2019-04-09";"J10M0";"A1100";"P1D_L";"ZZ";"-0.258"
"2019-04-10";"J10M0";"A1100";"P1D_L";"ZZ";"-0.253"
"2019-04-11";"J10M0";"A1100";"P1D_L";"ZZ";"-0.266"
"2019-04-12";"J10M0";"A1100";"P1D_L";"ZZ";"-0.265"
"2019-04-15";"J10M0";"A1100";"P1D_L";"ZZ";"-0.22"
"2019-04-16";"J10M0";"A1100";"P1D_L";"ZZ";"-0.22"
"2019-04-17";"J10M0";"A1100";"P1D_L";"ZZ";"-0.191"
"2019-04-18";"J10M0";"A1100";"P1D_L";"ZZ";"-0.226"
"2019-04-19";"J10M0";"A1100";"P1D_L";"ZZ";
"2019-04-22";"J10M0";"A1100";"P1D_L";"ZZ";
"2019-04-23";"J10M0";"A1100";"P1D_L";"ZZ";"-0.246"
"2019-04-24";"J10M0";"A1100";"P1D_L";"ZZ";"-0.258"
"2019-04-25";"J10M0";"A1100";"P1D_L";"ZZ";"-0.285"
"2019-04-26";"J10M0";"A1100";"P1D_L";"ZZ";"-0.277"
"2019-04-29";"J10M0";"A1100";"P1D_L";"ZZ";"-0.26"
"2019-04-30";"J10M0";"A1100";"P1D_L";"ZZ";"-0.267"
"2019-05-01";"J10M0";"A1100";"P1D_L";"ZZ";
"2019-05-02";"J10M0";"A1100";"P1D_L";"ZZ";"-0.255"
"2019-05-03";"J10M0";"A1100";"P1D_L";"ZZ";"-0.23"
"2019-05-06";"J10M0";"A1100";"P1D_L";"ZZ";"-0.268"
"2019-05-07";"J10M0";"A1100";"P1D_L";"ZZ";"-0.277"
"2019-05-08";"J10M0";"A1100";"P1D_L";"ZZ";"-0.287"
"2019-05-09";"J10M0";"A1100";"P1D_L";"ZZ";"-0.308"
"2019-05-10";"J10M0";"A1100";"P1D_L";"ZZ";"-0.305"
"2019-05-13";"J10M0";"A1100";"P1D_L";"ZZ";"-0.311"
"2019-05-14";"J10M0";"A1100";"P1D_L";"ZZ";"-0.315"
"2019-05-15";"J10M0";"A1100";"P1D_L";"ZZ";"-0.337"
"2019-05-16";"J10M0";"A1100";"P1D_L";"ZZ";"-0.353"
"2019-05-17";"J10M0";"A1100";"P1D_L";"ZZ";"-0.341"
"2019-05-20";"J10M0";"A1100";"P1D_L";"ZZ";"-0.336"
"2019-05-21";"J10M0";"A1100";"P1D_L";"ZZ";"-0.337"
"2019-05-22";"J10M0";"A1100";"P1D_L";"ZZ";"-0.336"
"2019-05-23";"J10M0";"A1100";"P1D_L";"ZZ";"-0.352"
"2019-05-24";"J10M0";"A1100";"P1D_L";"ZZ";"-0.377"
"2019-05-27";"J10M0";"A1100";"P1D_L";"ZZ";"-0.383"
"2019-05-28";"J10M0";"A1100";"P1D_L";"ZZ";"-0.407"
"2019-05-29";"J10M0";"A1100";"P1D_L";"ZZ";"-0.413"
"2019-05-30";"J10M0";"A1100";"P1D_L";"ZZ";
"2019-05-31";"J10M0";"A1100";"P1D_L";"ZZ";"-0.445"
"2019-06-03";"J10M0";"A1100";"P1D_L";"ZZ";"-0.458"
"2019-06-04";"J10M0";"A1100";"P1D_L";"ZZ";"-0.459"
"2019-06-05";"J10M0";"A1100";"P1D_L";"ZZ";"-0.446"
"2019-06-06";"J10M0";"A1100";"P1D_L";"ZZ";"-0.459"
"2019-06-07";"J10M0";"A1100";"P1D_L";"ZZ";"-0.459"
"2019-06-10";"J10M0";"A1100";"P1D_L";"ZZ";
"2019-06-11";"J10M0";"A1100";"P1D_L";"ZZ";"-0.449"
"2019-06-12";"J10M0";"A1100";"P1D_L";"ZZ";"-0.437"
"2019-06-13";"J10M0";"A1100";"P1D_L";"ZZ";"-0.43"
"2019-06-14";"J10M0";"A1100";"P1D_L";"ZZ";"-0.443"
"2019-06-17";"J10M0";"A1100";"P1D_L";"ZZ";"-0.448"
"2019-06-18";"J10M0";"A1100";"P1D_L";"ZZ";"-0.464"
"2019-06-19";"J10M0";"A1100";"P1D_L";"ZZ";"-0.489"
"2019-06-20";"J10M0";"A1100";"P1D_L";"ZZ";"-0.481"
"2019-06-21";"J10M0";"A1100";"P1D_L";"ZZ";"-0.461"
"2019-06-24";"J10M0";"A1100";"P1D_L";"ZZ";"-0.465"
"2019-06-25";"J10M0";"A1100";"P1D_L";"ZZ";"-0.487"
"2019-06-26";"J10M0";"A1100";"P1D_L";"ZZ";"-0.476"
"2019-06-27";"J10M0";"A1100";"P1D_L";"ZZ";"-0.462"
"2019-06-28";"J10M0";"A1100";"P1D_L";"ZZ";"-0.482"
"2019-07-01";"J10M0";"A1100";"P1D_L";"ZZ";"-0.488"
"2019-07-02";"J10M0";"A1100";"P1D_L";"ZZ";"-0.516"
"2019-07-03";"J10M0";"A1100";"P1D_L";"ZZ";"-0.568"
"2019-07-04";"J10M0";"A1100";"P1D_L";"ZZ";"-0.585"
"2019-07-05";"J10M0";"A1100";"P1D_L";"ZZ";"-0.602"
"2019-07-08";"J10M0";"A1100";"P1D_L";"ZZ";"-0.58"
"2019-07-09";"J10M0";"A1100";"P1D_L";"ZZ";"-0.565"
"2019-07-10";"J10M0";"A1100";"P1D_L";"ZZ";"-0.463"
"2019-07-11";"J10M0";"A1100";"P1D_L";"ZZ";"-0.488"
"2019-07-12";"J10M0";"A1100";"P1D_L";"ZZ";"-0.438"
"2019-07-15";"J10M0";"A1100";"P1D_L";"ZZ";"-0.456"
"2019-07-16";"J10M0";"A1100";"P1D_L";"ZZ";"-0.481"
"2019-07-17";"J10M0";"A1100";"P1D_L";"ZZ";"-0.507"
"2019-07-18";"J10M0";"A1100";"P1D_L";"ZZ";"-0.54"
"2019-07-19";"J10M0";"A1100";"P1D_L";"ZZ";"-0.558"
"2019-07-22";"J10M0";"A1100";"P1D_L";"ZZ";"-0.565"
"2019-07-23";"J10M0";"A1100";"P1D_L";"ZZ";"-0.567"
"2019-07-24";"J10M0";"A1100";"P1D_L";"ZZ";"-0.603"
"2019-07-25";"J10M0";"A1100";"P1D_L";"ZZ";"-0.639"
"2019-07-26";"J10M0";"A1100";"P1D_L";"ZZ";"-0.625"
"2019-07-29";"J10M0";"A1100";"P1D_L";"ZZ";"-0.643"
"2019-07-30";"J10M0";"A1100";"P1D_L";"ZZ";"-0.651"
"2019-07-31";"J10M0";"A1100";"P1D_L";"ZZ";"-0.654"
"2019-08-01";"J10M0";"A1100";"P1D_L";"ZZ";
"2019-08-02";"J10M0";"A1100";"P1D_L";"ZZ";"-0.772"
"2019-08-05";"J10M0";"A1100";"P1D_L";"ZZ";"-0.811"
"2019-08-06";"J10M0";"A1100";"P1D_L";"ZZ";"-0.822"
"2019-08-07";"J10M0";"A1100";"P1D_L";"ZZ";"-0.855"
"2019-08-08";"J10M0";"A1100";"P1D_L";"ZZ";"-0.888"
"2019-08-09";"J10M0";"A1100";"P1D_L";"ZZ";"-0.908"
"2019-08-12";"J10M0";"A1100";"P1D_L";"ZZ";"-0.908"
"2019-08-13";"J10M0";"A1100";"P1D_L";"ZZ";"-0.932"
"2019-08-14";"J10M0";"A1100";"P1D_L";"ZZ";"-0.96"
"2019-08-15";"J10M0";"A1100";"P1D_L";"ZZ";"-1.006"
"2019-08-16";"J10M0";"A1100";"P1D_L";"ZZ";"-1.072"
"2019-08-19";"J10M0";"A1100";"P1D_L";"ZZ";"-1.052"
"2019-08-20";"J10M0";"A1100";"P1D_L";"ZZ";"-1.022"
"2019-08-21";"J10M0";"A1100";"P1D_L";"ZZ";"-1.002"
"2019-08-22";"J10M0";"A1100";"P1D_L";"ZZ";"-0.93"
"2019-08-23";"J10M0";"A1100";"P1D_L";"ZZ";"-0.863"
"2019-08-26";"J10M0";"A1100";"P1D_L";"ZZ";"-0.928"
"2019-08-27";"J10M0";"A1100";"P1D_L";"ZZ";"-0.941"
"2019-08-28";"J10M0";"A1100";"P1D_L";"ZZ";"-1.007"
"2019-08-29";"J10M0";"A1100";"P1D_L";"ZZ";"-0.997"
"2019-08-30";"J10M0";"A1100";"P1D_L";"ZZ";"-0.975"
"2019-09-02";"J10M0";"A1100";"P1D_L";"ZZ";"-0.977"
"2019-09-03";"J10M0";"A1100";"P1D_L";"ZZ";"-0.986"
"2019-09-04";"J10M0";"A1100";"P1D_L";"ZZ";"-0.95"
"2019-09-05";"J10M0";"A1100";"P1D_L";"ZZ";"-0.903"
"2019-09-06";"J10M0";"A1100";"P1D_L";"ZZ";"-0.843"
"2019-09-09";"J10M0";"A1100";"P1D_L";"ZZ";"-0.848"
"2019-09-10";"J10M0";"A1100";"P1D_L";"ZZ";"-0.804"
"2019-09-11";"J10M0";"A1100";"P1D_L";"ZZ";"-0.738"
"2019-09-12";"J10M0";"A1100";"P1D_L";"ZZ";"-0.707"
"2019-09-13";"J10M0";"A1100";"P1D_L";"ZZ";"-0.671"
"2019-09-16";"J10M0";"A1100";"P1D_L";"ZZ";"-0.626"
"2019-09-17";"J10M0";"A1100";"P1D_L";"ZZ";"-0.713"
"2019-09-18";"J10M0";"A1100";"P1D_L";"ZZ";"-0.722"
"2019-09-19";"J10M0";"A1100";"P1D_L";"ZZ";"-0.704"
"2019-09-20";"J10M0";"A1100";"P1D_L";"ZZ";"-0.705"
"2019-09-23";"J10M0";"A1100";"P1D_L";"ZZ";"-0.764"
"2019-09-24";"J10M0";"A1100";"P1D_L";"ZZ";"-0.772"
"2019-09-25";"J10M0";"A1100";"P1D_L";"ZZ";"-0.81"
"2019-09-26";"J10M0";"A1100";"P1D_L";"ZZ";"-0.765"
"2019-09-27";"J10M0";"A1100";"P1D_L";"ZZ";"-0.746"
"2019-09-30";"J10M0";"A1100";"P1D_L";"ZZ";"-0.7"
"2019-10-01";"J10M0";"A1100";"P1D_L";"ZZ";"-0.675"
"2019-10-02";"J10M0";"A1100";"P1D_L";"ZZ";"-0.677"
"2019-10-03";"J10M0";"A1100";"P1D_L";"ZZ";"-0.71"
"2019-10-04";"J10M0";"A1100";"P1D_L";"ZZ";"-0.752"
"2019-10-07";"J10M0";"A1100";"P1D_L";"ZZ";"-0.765"
"2019-10-08";"J10M0";"A1100";"P1D_L";"ZZ";"-0.737"
"2019-10-09";"J10M0";"A1100";"P1D_L";"ZZ";"-0.734"
"2019-10-10";"J10M0";"A1100";"P1D_L";"ZZ";"-0.707"
"2019-10-11";"J10M0";"A1100";"P1D_L";"ZZ";"-0.666"
"2019-10-14";"J10M0";"A1100";"P1D_L";"ZZ";"-0.64"
"2019-10-15";"J10M0";"A1100";"P1D_L";"ZZ";"-0.627"
"2019-10-16";"J10M0";"A1100";"P1D_L";"ZZ";"-0.588"
"2019-10-17";"J10M0";"A1100";"P1D_L";"ZZ";"-0.544"
"2019-10-18";"J10M0";"A1100";"P1D_L";"ZZ";"-0.563"
"2019-10-21";"J10M0";"A1100";"P1D_L";"ZZ";"-0.509"
"2019-10-22";"J10M0";"A1100";"P1D_L";"ZZ";"-0.516"
"2019-10-23";"J10M0";"A1100";"P1D_L";"ZZ";"-0.56"
"2019-10-24";"J10M0";"A1100";"P1D_L";"ZZ";"-0.561"
"2019-10-25";"J10M0";"A1100";"P1D_L";"ZZ";"-0.539"
"2019-10-28";"J10M0";"A1100";"P1D_L";"ZZ";"-0.51"
"2019-10-29";"J10M0";"A1100";"P1D_L";"ZZ";"-0.493"
"2019-10-30";"J10M0";"A1100";"P1D_L";"ZZ";"-0.467"
"2019-10-31";"J10M0";"A1100";"P1D_L";"ZZ";"-0.511"
"2019-11-01";"J10M0";"A1100";"P1D_L";"ZZ";"-0.509"
"2019-11-04";"J10M0";"A1100";"P1D_L";"ZZ";"-0.473"
"2019-11-05";"J10M0";"A1100";"P1D_L";"ZZ";"-0.415"
"2019-11-06";"J10M0";"A1100";"P1D_L";"ZZ";"-0.395"
"2019-11-07";"J10M0";"A1100";"P1D_L";"ZZ";"-0.406"
"2019-11-08";"J10M0";"A1100";"P1D_L";"ZZ";"-0.359"
"2019-11-11";"J10M0";"A1100";"P1D_L";"ZZ";"-0.365"
"2019-11-12";"J10M0";"A1100";"P1D_L";"ZZ";"-0.337"
"2019-11-13";"J10M0";"A1100";"P1D_L";"ZZ";"-0.384"
"2019-11-14";"J10M0";"A1100";"P1D_L";"ZZ";"-0.455"
"2019-11-15";"J10M0";"A1100";"P1D_L";"ZZ";"-0.468"
"2019-11-18";"J10M0";"A1100";"P1D_L";"ZZ";"-0.464"
"2019-11-19";"J10M0";"A1100";"P1D_L";"ZZ";"-0.464"
"2019-11-20";"J10M0";"A1100";"P1D_L";"ZZ";"-0.536"
"2019-11-21";"J10M0";"A1100";"P1D_L";"ZZ";"-0.509"
"2019-11-22";"J10M0";"A1100";"P1D_L";"ZZ";"-0.517"
"2019-11-25";"J10M0";"A1100";"P1D_L";"ZZ";"-0.545"
"2019-11-26";"J10M0";"A1100";"P1D_L";"ZZ";"-0.552"
"2019-11-27";"J10M0";"A1100";"P1D_L";"ZZ";"-0.563"
"2019-11-28";"J10M0";"A1100";"P1D_L";"ZZ";"-0.594"
"2019-11-29";"J10M0";"A1100";"P1D_L";"ZZ";"-0.58"
"2019-12-02";"J10M0";"A1100";"P1D_L";"ZZ";"-0.54"
"2019-12-03";"J10M0";"A1100";"P1D_L";"ZZ";"-0.552"
"2019-12-04";"J10M0";"A1100";"P1D_L";"ZZ";"-0.606"
"2019-12-05";"J10M0";"A1100";"P1D_L";"ZZ";"-0.577"
"2019-12-06";"J10M0";"A1100";"P1D_L";"ZZ";"-0.565"
"2019-12-09";"J10M0";"A1100";"P1D_L";"ZZ";"-0.569"
"2019-12-10";"J10M0";"A1100";"P1D_L";"ZZ";"-0.541"
"2019-12-11";"J10M0";"A1100";"P1D_L";"ZZ";"-0.524"
"2019-12-12";"J10M0";"A1100";"P1D_L";"ZZ";"-0.548"
"2019-12-13";"J10M0";"A1100";"P1D_L";"ZZ";"-0.49"
"2019-12-16";"J10M0";"A1100";"P1D_L";"ZZ";"-0.538"
"2019-12-17";"J10M0";"A1100";"P1D_L";"ZZ";"-0.528"
"2019-12-18";"J10M0";"A1100";"P1D_L";"ZZ";"-0.521"
"2019-12-19";"J10M0";"A1100";"P1D_L";"ZZ";"-0.473"
"2019-12-20";"J10M0";"A1100";"P1D_L";"ZZ";"-0.468"
"2019-12-23";"J10M0";"A1100";"P1D_L";"ZZ";"-0.487"
"2019-12-24";"J10M0";"A1100";"P1D_L";"ZZ";
"2019-12-25";"J10M0";"A1100";"P1D_L";"ZZ";
"2019-12-26";"J10M0";"A1100";"P1D_L";"ZZ";
"2019-12-27";"J10M0";"A1100";"P1D_L";"ZZ";"-0.484"
"2019-12-30";"J10M0";"A1100";"P1D_L";"ZZ";"-0.456"
"2019-12-31";"J10M0";"A1100";"P1D_L";"ZZ";
"2020-01-01";"J10M0";"A1100";"P1D_L";"ZZ";
"2020-01-02";"J10M0";"A1100";"P1D_L";"ZZ";
"2020-01-03";"J10M0";"A1100";"P1D_L";"ZZ";"-0.509"
"2020-01-06";"J10M0";"A1100";"P1D_L";"ZZ";"-0.534"
"2020-01-07";"J10M0";"A1100";"P1D_L";"ZZ";"-0.528"
"2020-01-08";"J10M0";"A1100";"P1D_L";"ZZ";"-0.529"
"2020-01-09";"J10M0";"A1100";"P1D_L";"ZZ";"-0.486"
"2020-01-10";"J10M0";"A1100";"P1D_L";"ZZ";"-0.488"
"2020-01-13";"J10M0";"A1100";"P1D_L";"ZZ";"-0.479"
"2020-01-14";"J10M0";"A1100";"P1D_L";"ZZ";"-0.47"
"2020-01-15";"J10M0";"A1100";"P1D_L";"ZZ";"-0.51"
"2020-01-16";"J10M0";"A1100";"P1D_L";"ZZ";"-0.524"
"2020-01-17";"J10M0";"A1100";"P1D_L";"ZZ";"-0.554"
"2020-01-20";"J10M0";"A1100";"P1D_L";"ZZ";"-0.545"
"2020-01-21";"J10M0";"A1100";"P1D_L";"ZZ";"-0.575"
"2020-01-22";"J10M0";"A1100";"P1D_L";"ZZ";"-0.595"
"2020-01-23";"J10M0";"A1100";"P1D_L";"ZZ";"-0.633"
"2020-01-24";"J10M0";"A1100";"P1D_L";"ZZ";"-0.641"
"2020-01-27";"J10M0";"A1100";"P1D_L";"ZZ";"-0.701"
"2020-01-28";"J10M0";"A1100";"P1D_L";"ZZ";"-0.737"
"2020-01-29";"J10M0";"A1100";"P1D_L";"ZZ";"-0.686"
"2020-01-30";"J10M0";"A1100";"P1D_L";"ZZ";"-0.708"
"2020-01-31";"J10M0";"A1100";"P1D_L";"ZZ";"-0.698"
"2020-02-03";"J10M0";"A1100";"P1D_L";"ZZ";"-0.719"
"2020-02-04";"J10M0";"A1100";"P1D_L";"ZZ";"-0.687"
"2020-02-05";"J10M0";"A1100";"P1D_L";"ZZ";"-0.661"
"2020-02-06";"J10M0";"A1100";"P1D_L";"ZZ";"-0.635"
"2020-02-07";"J10M0";"A1100";"P1D_L";"ZZ";"-0.658"
"2020-02-10";"J10M0";"A1100";"P1D_L";"ZZ";"-0.672"
"2020-02-11";"J10M0";"A1100";"P1D_L";"ZZ";"-0.664"
"2020-02-12";"J10M0";"A1100";"P1D_L";"ZZ";"-0.638"
"2020-02-13";"J10M0";"A1100";"P1D_L";"ZZ";"-0.685"
"2020-02-14";"J10M0";"A1100";"P1D_L";"ZZ";"-0.679"
"2020-02-17";"J10M0";"A1100";"P1D_L";"ZZ";"-0.684"
"2020-02-18";"J10M0";"A1100";"P1D_L";"ZZ";"-0.692"
"2020-02-19";"J10M0";"A1100";"P1D_L";"ZZ";"-0.689"
"2020-02-20";"J10M0";"A1100";"P1D_L";"ZZ";"-0.704"
"2020-02-21";"J10M0";"A1100";"P1D_L";"ZZ";"-0.74"
"2020-02-24";"J10M0";"A1100";"P1D_L";"ZZ";"-0.783"
"2020-02-25";"J10M0";"A1100";"P1D_L";"ZZ";"-0.771"
"2020-02-26";"J10M0";"A1100";"P1D_L";"ZZ";"-0.793"
"2020-02-27";"J10M0";"A1100";"P1D_L";"ZZ";"-0.781"
"2020-02-28";"J10M0";"A1100";"P1D_L";"ZZ";"-0.832"
"2020-03-02";"J10M0";"A1100";"P1D_L";"ZZ";"-0.833"
"2020-03-03";"J10M0";"A1100";"P1D_L";"ZZ";"-0.816"
"2020-03-04";"J10M0";"A1100";"P1D_L";"ZZ";"-0.821"
"2020-03-05";"J10M0";"A1100";"P1D_L";"ZZ";"-0.766"
"2020-03-06";"J10M0";"A1100";"P1D_L";"ZZ";"-0.811"
"2020-03-09";"J10M0";"A1100";"P1D_L";"ZZ";"-0.889"
"2020-03-10";"J10M0";"A1100";"P1D_L";"ZZ";"-0.866"
"2020-03-11";"J10M0";"A1100";"P1D_L";"ZZ";"-0.805"
"2020-03-12";"J10M0";"A1100";"P1D_L";"ZZ";"-0.81"
"2020-03-13";"J10M0";"A1100";"P1D_L";"ZZ";"-0.661"
"2020-03-16";"J10M0";"A1100";"P1D_L";"ZZ";"-0.577"
"2020-03-17";"J10M0";"A1100";"P1D_L";"ZZ";"-0.485"
"2020-03-18";"J10M0";"A1100";"P1D_L";"ZZ";"-0.494"
"2020-03-19";"J10M0";"A1100";"P1D_L";"ZZ";"-0.39"
"2020-03-20";"J10M0";"A1100";"P1D_L";"ZZ";"-0.334"
"2020-03-23";"J10M0";"A1100";"P1D_L";"ZZ";"-0.416"
"2020-03-24";"J10M0";"A1100";"P1D_L";"ZZ";"-0.36"
"2020-03-25";"J10M0";"A1100";"P1D_L";"ZZ";"-0.281"
"2020-03-26";"J10M0";"A1100";"P1D_L";"ZZ";"-0.284"
"2020-03-27";"J10M0";"A1100";"P1D_L";"ZZ";"-0.32"
"2020-03-30";"J10M0";"A1100";"P1D_L";"ZZ";"-0.375"
"2020-03-31";"J10M0";"A1100";"P1D_L";"ZZ";"-0.368"
"2020-04-01";"J10M0";"A1100";"P1D_L";"ZZ";"-0.354"
"2020-04-02";"J10M0";"A1100";"P1D_L";"ZZ";"-0.317"
"2020-04-03";"J10M0";"A1100";"P1D_L";"ZZ";"-0.324"
"2020-04-06";"J10M0";"A1100";"P1D_L";"ZZ";"-0.33"
"2020-04-07";"J10M0";"A1100";"P1D_L";"ZZ";"-0.283"
"2020-04-08";"J10M0";"A1100";"P1D_L";"ZZ";"-0.252"
"2020-04-09";"J10M0";"A1100";"P1D_L";"ZZ";"-0.259"
"2020-04-10";"J10M0";"A1100";"P1D_L";"ZZ";
"2020-04-13";"J10M0";"A1100";"P1D_L";"ZZ";
"2020-04-14";"J10M0";"A1100";"P1D_L";"ZZ";"-0.322"
"2020-04-15";"J10M0";"A1100";"P1D_L";"ZZ";"-0.37"
"2020-04-16";"J10M0";"A1100";"P1D_L";"ZZ";"-0.366"
"2020-04-17";"J10M0";"A1100";"P1D_L";"ZZ";"-0.419"
"2020-04-20";"J10M0";"A1100";"P1D_L";"ZZ";"-0.472"
"2020-04-21";"J10M0";"A1100";"P1D_L";"ZZ";"-0.436"
"2020-04-22";"J10M0";"A1100";"P1D_L";"ZZ";"-0.428"
"2020-04-23";"J10M0";"A1100";"P1D_L";"ZZ";"-0.378"
"2020-04-24";"J10M0";"A1100";"P1D_L";"ZZ";"-0.425"
"2020-04-27";"J10M0";"A1100";"P1D_L";"ZZ";"-0.463"
"2020-04-28";"J10M0";"A1100";"P1D_L";"ZZ";"-0.449"
"2020-04-29";"J10M0";"A1100";"P1D_L";"ZZ";"-0.48"
"2020-04-30";"J10M0";"A1100";"P1D_L";"ZZ";"-0.487"
"2020-05-01";"J10M0";"A1100";"P1D_L";"ZZ";
"2020-05-04";"J10M0";"A1100";"P1D_L";"ZZ";"-0.522"
"2020-05-05";"J10M0";"A1100";"P1D_L";"ZZ";"-0.513"
"2020-05-06";"J10M0";"A1100";"P1D_L";"ZZ";"-0.533"
"2020-05-07";"J10M0";"A1100";"P1D_L";"ZZ";"-0.494"
"2020-05-08";"J10M0";"A1100";"P1D_L";"ZZ";"-0.529"
"2020-05-11";"J10M0";"A1100";"P1D_L";"ZZ";"-0.506"
"2020-05-12";"J10M0";"A1100";"P1D_L";"ZZ";"-0.479"
"2020-05-13";"J10M0";"A1100";"P1D_L";"ZZ";"-0.541"
"2020-05-14";"J10M0";"A1100";"P1D_L";"ZZ";"-0.526"
"2020-05-15";"J10M0";"A1100";"P1D_L";"ZZ";"-0.524"
"2020-05-18";"J10M0";"A1100";"P1D_L";"ZZ";"-0.552"
"2020-05-19";"J10M0";"A1100";"P1D_L";"ZZ";"-0.52"
"2020-05-20";"J10M0";"A1100";"P1D_L";"ZZ";"-0.502"
"2020-05-21";"J10M0";"A1100";"P1D_L";"ZZ";
"2020-05-22";"J10M0";"A1100";"P1D_L";"ZZ";"-0.514"
"2020-05-25";"J10M0";"A1100";"P1D_L";"ZZ";"-0.512"
"2020-05-26";"J10M0";"A1100";"P1D_L";"ZZ";"-0.465"
"2020-05-27";"J10M0";"A1100";"P1D_L";"ZZ";"-0.474"
"2020-05-28";"J10M0";"A1100";"P1D_L";"ZZ";"-0.445"
"2020-05-29";"J10M0";"A1100";"P1D_L";"ZZ";"-0.471"
"2020-06-01";"J10M0";"A1100";"P1D_L";"ZZ";
"2020-06-02";"J10M0";"A1100";"P1D_L";"ZZ";"-0.432"
"2020-06-03";"J10M0";"A1100";"P1D_L";"ZZ";"-0.403"
"2020-06-04";"J10M0";"A1100";"P1D_L";"ZZ";"-0.374"
"2020-06-05";"J10M0";"A1100";"P1D_L";"ZZ";"-0.334"
"2020-06-08";"J10M0";"A1100";"P1D_L";"ZZ";"-0.3"
"2020-06-09";"J10M0";"A1100";"P1D_L";"ZZ";"-0.324"
"2020-06-10";"J10M0";"A1100";"P1D_L";"ZZ";"-0.297"
"2020-06-11";"J10M0";"A1100";"P1D_L";"ZZ";"-0.36"
"2020-06-12";"J10M0";"A1100";"P1D_L";"ZZ";"-0.437"
"2020-06-15";"J10M0";"A1100";"P1D_L";"ZZ";"-0.483"
"2020-06-16";"J10M0";"A1100";"P1D_L";"ZZ";"-0.406"
"2020-06-17";"J10M0";"A1100";"P1D_L";"ZZ";"-0.378"
"2020-06-18";"J10M0";"A1100";"P1D_L";"ZZ";"-0.402"
"2020-06-19";"J10M0";"A1100";"P1D_L";"ZZ";"-0.399"
"2020-06-22";"J10M0";"A1100";"P1D_L";"ZZ";"-0.406"
"2020-06-23";"J10M0";"A1100";"P1D_L";"ZZ";"-0.393"
"2020-06-24";"J10M0";"A1100";"P1D_L";"ZZ";"-0.377"
"2020-06-25";"J10M0";"A1100";"P1D_L";"ZZ";"-0.418"
"2020-06-26";"J10M0";"A1100";"P1D_L";"ZZ";"-0.43"
"2020-06-29";"J10M0";"A1100";"P1D_L";"ZZ";"-0.435"
"2020-06-30";"J10M0";"A1100";"P1D_L";"ZZ";"-0.439"
"2020-07-01";"J10M0";"A1100";"P1D_L";"ZZ";"-0.435"
"2020-07-02";"J10M0";"A1100";"P1D_L";"ZZ";"-0.404"
"2020-07-03";"J10M0";"A1100";"P1D_L";"ZZ";"-0.399"
"2020-07-06";"J10M0";"A1100";"P1D_L";"ZZ";"-0.383"
"2020-07-07";"J10M0";"A1100";"P1D_L";"ZZ";"-0.387"
"2020-07-08";"J10M0";"A1100";"P1D_L";"ZZ";"-0.38"
"2020-07-09";"J10M0";"A1100";"P1D_L";"ZZ";"-0.415"
"2020-07-10";"J10M0";"A1100";"P1D_L";"ZZ";"-0.448"
"2020-07-13";"J10M0";"A1100";"P1D_L";"ZZ";"-0.437"
"2020-07-14";"J10M0";"A1100";"P1D_L";"ZZ";"-0.419"
"2020-07-15";"J10M0";"A1100";"P1D_L";"ZZ";"-0.431"
"2020-07-16";"J10M0";"A1100";"P1D_L";"ZZ";"-0.434"
"2020-07-17";"J10M0";"A1100";"P1D_L";"ZZ";"-0.445"
"2020-07-20";"J10M0";"A1100";"P1D_L";"ZZ";"-0.425"
"2020-07-21";"J10M0";"A1100";"P1D_L";"ZZ";"-0.42"
"2020-07-22";"J10M0";"A1100";"P1D_L";"ZZ";"-0.449"
"2020-07-23";"J10M0";"A1100";"P1D_L";"ZZ";"-0.472"
"2020-07-24";"J10M0";"A1100";"P1D_L";"ZZ";"-0.486"
"2020-07-27";"J10M0";"A1100";"P1D_L";"ZZ";"-0.475"
"2020-07-28";"J10M0";"A1100";"P1D_L";"ZZ";"-0.499"
"2020-07-29";"J10M0";"A1100";"P1D_L";"ZZ";"-0.516"
"2020-07-30";"J10M0";"A1100";"P1D_L";"ZZ";"-0.516"
"2020-07-31";"J10M0";"A1100";"P1D_L";"ZZ";"-0.529"
"2020-08-03";"J10M0";"A1100";"P1D_L";"ZZ";"-0.52"
"2020-08-04";"J10M0";"A1100";"P1D_L";"ZZ";"-0.491"
"2020-08-05";"J10M0";"A1100";"P1D_L";"ZZ";"-0.495"
"2020-08-06";"J10M0";"A1100";"P1D_L";"ZZ";"-0.486"
"2020-08-07";"J10M0";"A1100";"P1D_L";"ZZ";"-0.512"
"2020-08-10";"J10M0";"A1100";"P1D_L";"ZZ";"-0.516"
"2020-08-11";"J10M0";"A1100";"P1D_L";"ZZ";"-0.522"
"2020-08-12";"J10M0";"A1100";"P1D_L";"ZZ";"-0.454"
"2020-08-13";"J10M0";"A1100";"P1D_L";"ZZ";"-0.455"
"2020-08-14";"J10M0";"A1100";"P1D_L";"ZZ";"-0.422"
"2020-08-17";"J10M0";"A1100";"P1D_L";"ZZ";"-0.442"
"2020-08-18";"J10M0";"A1100";"P1D_L";"ZZ";"-0.454"
"2020-08-19";"J10M0";"A1100";"P1D_L";"ZZ";"-0.471"
"2020-08-20";"J10M0";"A1100";"P1D_L";"ZZ";"-0.463"
"2020-08-21";"J10M0";"A1100";"P1D_L";"ZZ";"-0.498"
"2020-08-24";"J10M0";"A1100";"P1D_L";"ZZ";"-0.483"
"2020-08-25";"J10M0";"A1100";"P1D_L";"ZZ";"-0.45"
"2020-08-26";"J10M0";"A1100";"P1D_L";"ZZ";"-0.422"
"2020-08-27";"J10M0";"A1100";"P1D_L";"ZZ";"-0.46"
"2020-08-28";"J10M0";"A1100";"P1D_L";"ZZ";"-0.389"
"2020-08-31";"J10M0";"A1100";"P1D_L";"ZZ";"-0.41"
"2020-09-01";"J10M0";"A1100";"P1D_L";"ZZ";"-0.395"
"2020-09-02";"J10M0";"A1100";"P1D_L";"ZZ";"-0.438"
"2020-09-03";"J10M0";"A1100";"P1D_L";"ZZ";"-0.461"
"2020-09-04";"J10M0";"A1100";"P1D_L";"ZZ";"-0.47"
"2020-09-07";"J10M0";"A1100";"P1D_L";"ZZ";"-0.453"
"2020-09-08";"J10M0";"A1100";"P1D_L";"ZZ";"-0.449"
"2020-09-09";"J10M0";"A1100";"P1D_L";"ZZ";"-0.466"
"2020-09-10";"J10M0";"A1100";"P1D_L";"ZZ";"-0.454"
"2020-09-11";"J10M0";"A1100";"P1D_L";"ZZ";"-0.443"
"2020-09-14";"J10M0";"A1100";"P1D_L";"ZZ";"-0.467"
"2020-09-15";"J10M0";"A1100";"P1D_L";"ZZ";"-0.462"
"2020-09-16";"J10M0";"A1100";"P1D_L";"ZZ";"-0.471"
"2020-09-17";"J10M0";"A1100";"P1D_L";"ZZ";"-0.465"
"2020-09-18";"J10M0";"A1100";"P1D_L";"ZZ";"-0.476"
"2020-09-21";"J10M0";"A1100";"P1D_L";"ZZ";"-0.491"
"2020-09-22";"J10M0";"A1100";"P1D_L";"ZZ";"-0.495"
"2020-09-23";"J10M0";"A1100";"P1D_L";"ZZ";"-0.492"
"2020-09-24";"J10M0";"A1100";"P1D_L";"ZZ";"-0.486"
"2020-09-25";"J10M0";"A1100";"P1D_L";"ZZ";"-0.484"
"2020-09-28";"J10M0";"A1100";"P1D_L";"ZZ";"-0.493"
"2020-09-29";"J10M0";"A1100";"P1D_L";"ZZ";"-0.503"
"2020-09-30";"J10M0";"A1100";"P1D_L";"ZZ";"-0.5"
"2020-10-01";"J10M0";"A1100";"P1D_L";"ZZ";"-0.489"
"2020-10-02";"J10M0";"A1100";"P1D_L";"ZZ";"-0.504"
"2020-10-05";"J10M0";"A1100";"P1D_L";"ZZ";"-0.501"
"2020-10-06";"J10M0";"A1100";"P1D_L";"ZZ";"-0.488"
"2020-10-07";"J10M0";"A1100";"P1D_L";"ZZ";"-0.491"
"2020-10-08";"J10M0";"A1100";"P1D_L";"ZZ";"-0.476"
"2020-10-09";"J10M0";"A1100";"P1D_L";"ZZ";"-0.495"
"2020-10-12";"J10M0";"A1100";"P1D_L";"ZZ";"-0.487"
"2020-10-13";"J10M0";"A1100";"P1D_L";"ZZ";"-0.488"
"2020-10-14";"J10M0";"A1100";"P1D_L";"ZZ";"-0.488"
"2020-10-15";"J10M0";"A1100";"P1D_L";"ZZ";"-0.521"
"2020-10-16";"J10M0";"A1100";"P1D_L";"ZZ";"-0.528"
"2020-10-19";"J10M0";"A1100";"P1D_L";"ZZ";"-0.523"
"2020-10-20";"J10M0";"A1100";"P1D_L";"ZZ";"-0.524"
"2020-10-21";"J10M0";"A1100";"P1D_L";"ZZ";"-0.491"
"2020-10-22";"J10M0";"A1100";"P1D_L";"ZZ";"-0.496"
"2020-10-23";"J10M0";"A1100";"P1D_L";"ZZ";"-0.489"
"2020-10-26";"J10M0";"A1100";"P1D_L";"ZZ";"-0.505"
"2020-10-27";"J10M0";"A1100";"P1D_L";"ZZ";"-0.494"
"2020-10-28";"J10M0";"A1100";"P1D_L";"ZZ";"-0.533"
"2020-10-29";"J10M0";"A1100";"P1D_L";"ZZ";"-0.521"
"2020-10-30";"J10M0";"A1100";"P1D_L";"ZZ";"-0.518"
"2020-11-02";"J10M0";"A1100";"P1D_L";"ZZ";"-0.508"
"2020-11-03";"J10M0";"A1100";"P1D_L";"ZZ";"-0.498"
"2020-11-04";"J10M0";"A1100";"P1D_L";"ZZ";"-0.506"
"2020-11-05";"J10M0";"A1100";"P1D_L";"ZZ";"-0.51"
"2020-11-06";"J10M0";"A1100";"P1D_L";"ZZ";"-0.516"
"2020-11-09";"J10M0";"A1100";"P1D_L";"ZZ";"-0.507"
"2020-11-10";"J10M0";"A1100";"P1D_L";"ZZ";"-0.421"
"2020-11-11";"J10M0";"A1100";"P1D_L";"ZZ";"-0.377"
"2020-11-12";"J10M0";"A1100";"P1D_L";"ZZ";"-0.424"
"2020-11-13";"J10M0";"A1100";"P1D_L";"ZZ";"-0.462"
"2020-11-16";"J10M0";"A1100";"P1D_L";"ZZ";"-0.477"
"2020-11-17";"J10M0";"A1100";"P1D_L";"ZZ";"-0.467"
"2020-11-18";"J10M0";"A1100";"P1D_L";"ZZ";"-0.461"
"2020-11-19";"J10M0";"A1100";"P1D_L";"ZZ";"-0.466"
"2020-11-20";"J10M0";"A1100";"P1D_L";"ZZ";"-0.466"
"2020-11-23";"J10M0";"A1100";"P1D_L";"ZZ";"-0.466"
"2020-11-24";"J10M0";"A1100";"P1D_L";"ZZ";"-0.465"
"2020-11-25";"J10M0";"A1100";"P1D_L";"ZZ";"-0.467"
"2020-11-26";"J10M0";"A1100";"P1D_L";"ZZ";"-0.478"
"2020-11-27";"J10M0";"A1100";"P1D_L";"ZZ";"-0.485"
"2020-11-30";"J10M0";"A1100";"P1D_L";"ZZ";"-0.509"
"2020-12-01";"J10M0";"A1100";"P1D_L";"ZZ";"-0.504"
"2020-12-02";"J10M0";"A1100";"P1D_L";"ZZ";"-0.504"
"2020-12-03";"J10M0";"A1100";"P1D_L";"ZZ";"-0.52"
"2020-12-04";"J10M0";"A1100";"P1D_L";"ZZ";"-0.539"
"2020-12-07";"J10M0";"A1100";"P1D_L";"ZZ";"-0.517"
"2020-12-08";"J10M0";"A1100";"P1D_L";"ZZ";"-0.511"
"2020-12-09";"J10M0";"A1100";"P1D_L";"ZZ";"-0.505"
"2020-12-10";"J10M0";"A1100";"P1D_L";"ZZ";"-0.546"
"2020-12-11";"J10M0";"A1100";"P1D_L";"ZZ";"-0.552"
"2020-12-14";"J10M0";"A1100";"P1D_L";"ZZ";"-0.556"
"2020-12-15";"J10M0";"A1100";"P1D_L";"ZZ";"-0.547"
"2020-12-16";"J10M0";"A1100";"P1D_L";"ZZ";"-0.532"
"2020-12-17";"J10M0";"A1100";"P1D_L";"ZZ";"-0.53"
"2020-12-18";"J10M0";"A1100";"P1D_L";"ZZ";"-0.533"
"2020-12-21";"J10M0";"A1100";"P1D_L";"ZZ";"-0.564"
"2020-12-22";"J10M0";"A1100";"P1D_L";"ZZ";"-0.543"
"2020-12-23";"J10M0";"A1100";"P1D_L";"ZZ";"-0.541"
"2020-12-24";"J10M0";"A1100";"P1D_L";"ZZ";
"2020-12-25";"J10M0";"A1100";"P1D_L";"ZZ";
"2020-12-28";"J10M0";"A1100";"P1D_L";"ZZ";"-0.513"
"2020-12-29";"J10M0";"A1100";"P1D_L";"ZZ";"-0.527"
"2020-12-30";"J10M0";"A1100";"P1D_L";"ZZ";"-0.525"
"2020-12-31";"J10M0";"A1100";"P1D_L";"ZZ";
"2021-01-01";"J10M0";"A1100";"P1D_L";"ZZ";
"2021-01-04";"J10M0";"A1100";"P1D_L";"ZZ";"-0.551"
"2021-01-05";"J10M0";"A1100";"P1D_L";"ZZ";"-0.563"
"2021-01-06";"J10M0";"A1100";"P1D_L";"ZZ";"-0.539"
"2021-01-07";"J10M0";"A1100";"P1D_L";"ZZ";"-0.543"
"2021-01-08";"J10M0";"A1100";"P1D_L";"ZZ";"-0.527"
"2021-01-11";"J10M0";"A1100";"P1D_L";"ZZ";"-0.526"
"2021-01-12";"J10M0";"A1100";"P1D_L";"ZZ";"-0.47"
"2021-01-13";"J10M0";"A1100";"P1D_L";"ZZ";"-0.464"
"2021-01-14";"J10M0";"A1100";"P1D_L";"ZZ";"-0.474"
"2021-01-15";"J10M0";"A1100";"P1D_L";"ZZ";"-0.477"
"2021-01-18";"J10M0";"A1100";"P1D_L";"ZZ";"-0.491"
"2021-01-19";"J10M0";"A1100";"P1D_L";"ZZ";"-0.468"
"2021-01-20";"J10M0";"A1100";"P1D_L";"ZZ";"-0.472"
"2021-01-21";"J10M0";"A1100";"P1D_L";"ZZ";"-0.473"
"2021-01-22";"J10M0";"A1100";"P1D_L";"ZZ";"-0.451"
"2021-01-25";"J10M0";"A1100";"P1D_L";"ZZ";"-0.47"
"2021-01-26";"J10M0";"A1100";"P1D_L";"ZZ";"-0.479"
"2021-01-27";"J10M0";"A1100";"P1D_L";"ZZ";"-0.474"
"2021-01-28";"J10M0";"A1100";"P1D_L";"ZZ";"-0.49"
"2021-01-29";"J10M0";"A1100";"P1D_L";"ZZ";"-0.454"
"2021-02-01";"J10M0";"A1100";"P1D_L";"ZZ";"-0.439"
"2021-02-02";"J10M0";"A1100";"P1D_L";"ZZ";"-0.435"
"2021-02-03";"J10M0";"A1100";"P1D_L";"ZZ";"-0.417"
"2021-02-04";"J10M0";"A1100";"P1D_L";"ZZ";"-0.409"
"2021-02-05";"J10M0";"A1100";"P1D_L";"ZZ";"-0.389"
"2021-02-08";"J10M0";"A1100";"P1D_L";"ZZ";"-0.349"
"2021-02-09";"J10M0";"A1100";"P1D_L";"ZZ";"-0.369"
"2021-02-10";"J10M0";"A1100";"P1D_L";"ZZ";"-0.35"
"2021-02-11";"J10M0";"A1100";"P1D_L";"ZZ";"-0.383"
"2021-02-12";"J10M0";"A1100";"P1D_L";"ZZ";"-0.391"
"2021-02-15";"J10M0";"A1100";"P1D_L";"ZZ";"-0.326"
"2021-02-16";"J10M0";"A1100";"P1D_L";"ZZ";"-0.317"
"2021-02-17";"J10M0";"A1100";"P1D_L";"ZZ";"-0.288"
"2021-02-18";"J10M0";"A1100";"P1D_L";"ZZ";"-0.306"
"2021-02-19";"J10M0";"A1100";"P1D_L";"ZZ";"-0.281"
"2021-02-22";"J10M0";"A1100";"P1D_L";"ZZ";"-0.252"
"2021-02-23";"J10M0";"A1100";"P1D_L";"ZZ";"-0.269"
"2021-02-24";"J10M0";"A1100";"P1D_L";"ZZ";"-0.277"
"2021-02-25";"J10M0";"A1100";"P1D_L";"ZZ";"-0.246"
"2021-02-26";"J10M0";"A1100";"P1D_L";"ZZ";"-0.229"
"2021-03-01";"J10M0";"A1100";"P1D_L";"ZZ";"-0.259"
"2021-03-02";"J10M0";"A1100";"P1D_L";"ZZ";"-0.291"
"2021-03-03";"J10M0";"A1100";"P1D_L";"ZZ";"-0.296"
"2021-03-04";"J10M0";"A1100";"P1D_L";"ZZ";"-0.29"
"2021-03-05";"J10M0";"A1100";"P1D_L";"ZZ";"-0.274"
"2021-03-08";"J10M0";"A1100";"P1D_L";"ZZ";"-0.266"
"2021-03-09";"J10M0";"A1100";"P1D_L";"ZZ";"-0.27"
"2021-03-10";"J10M0";"A1100";"P1D_L";"ZZ";"-0.257"
"2021-03-11";"J10M0";"A1100";"P1D_L";"ZZ";"-0.313"
"2021-03-12";"J10M0";"A1100";"P1D_L";"ZZ";"-0.299"
"2021-03-15";"J10M0";"A1100";"P1D_L";"ZZ";"-0.277"
"2021-03-16";"J10M0";"A1100";"P1D_L";"ZZ";"-0.292"
"2021-03-17";"J10M0";"A1100";"P1D_L";"ZZ";"-0.292"
"2021-03-18";"J10M0";"A1100";"P1D_L";"ZZ";"-0.236"
"2021-03-19";"J10M0";"A1100";"P1D_L";"ZZ";"-0.265"
"2021-03-22";"J10M0";"A1100";"P1D_L";"ZZ";"-0.287"
"2021-03-23";"J10M0";"A1100";"P1D_L";"ZZ";"-0.298"
"2021-03-24";"J10M0";"A1100";"P1D_L";"ZZ";"-0.32"
"2021-03-25";"J10M0";"A1100";"P1D_L";"ZZ";"-0.339"
"2021-03-26";"J10M0";"A1100";"P1D_L";"ZZ";"-0.329"
"2021-03-29";"J10M0";"A1100";"P1D_L";"ZZ";"-0.317"
"2021-03-30";"J10M0";"A1100";"P1D_L";"ZZ";"-0.265"
"2021-03-31";"J10M0";"A1100";"P1D_L";"ZZ";"-0.267"
"2021-04-01";"J10M0";"A1100";"P1D_L";"ZZ";"-0.285"
"2021-04-02";"J10M0";"A1100";"P1D_L";"ZZ";
"2021-04-05";"J10M0";"A1100";"P1D_L";"ZZ";
"2021-04-06";"J10M0";"A1100";"P1D_L";"ZZ";"-0.287"
"2021-04-07";"J10M0";"A1100";"P1D_L";"ZZ";"-0.303"
"2021-04-08";"J10M0";"A1100";"P1D_L";"ZZ";"-0.292"
"2021-04-09";"J10M0";"A1100";"P1D_L";"ZZ";"-0.267"
"2021-04-12";"J10M0";"A1100";"P1D_L";"ZZ";"-0.273"
"2021-04-13";"J10M0";"A1100";"P1D_L";"ZZ";"-0.241"
"2021-04-14";"J10M0";"A1100";"P1D_L";"ZZ";"-0.227"
"2021-04-15";"J10M0";"A1100";"P1D_L";"ZZ";"-0.233"
"2021-04-16";"J10M0";"A1100";"P1D_L";"ZZ";"-0.236"
"2021-04-19";"J10M0";"A1100";"P1D_L";"ZZ";"-0.234"
"2021-04-20";"J10M0";"A1100";"P1D_L";"ZZ";"-0.222"
"2021-04-21";"J10M0";"A1100";"P1D_L";"ZZ";"-0.233"
"2021-04-22";"J10M0";"A1100";"P1D_L";"ZZ";"-0.269"
"2021-04-23";"J10M0";"A1100";"P1D_L";"ZZ";"-0.263"
"2021-04-26";"J10M0";"A1100";"P1D_L";"ZZ";"-0.253"
"2021-04-27";"J10M0";"A1100";"P1D_L";"ZZ";"-0.251"
"2021-04-28";"J10M0";"A1100";"P1D_L";"ZZ";"-0.226"
"2021-04-29";"J10M0";"A1100";"P1D_L";"ZZ";"-0.222"
"2021-04-30";"J10M0";"A1100";"P1D_L";"ZZ";"-0.21"
"2021-05-03";"J10M0";"A1100";"P1D_L";"ZZ";"-0.191"
"2021-05-04";"J10M0";"A1100";"P1D_L";"ZZ";"-0.189"
"2021-05-05";"J10M0";"A1100";"P1D_L";"ZZ";"-0.224"
"2021-05-06";"J10M0";"A1100";"P1D_L";"ZZ";"-0.215"
"2021-05-07";"J10M0";"A1100";"P1D_L";"ZZ";"-0.193"
"2021-05-10";"J10M0";"A1100";"P1D_L";"ZZ";"-0.2"
"2021-05-11";"J10M0";"A1100";"P1D_L";"ZZ";"-0.159"
"2021-05-12";"J10M0";"A1100";"P1D_L";"ZZ";"-0.146"
"2021-05-13";"J10M0";"A1100";"P1D_L";"ZZ";
"2021-05-14";"J10M0";"A1100";"P1D_L";"ZZ";"-0.126"
"2021-05-17";"J10M0";"A1100";"P1D_L";"ZZ";"-0.138"
"2021-05-18";"J10M0";"A1100";"P1D_L";"ZZ";"-0.12"
"2021-05-19";"J10M0";"A1100";"P1D_L";"ZZ";"-0.1"
"2021-05-20";"J10M0";"A1100";"P1D_L";"ZZ";"-0.113"
"2021-05-21";"J10M0";"A1100";"P1D_L";"ZZ";"-0.138"
"2021-05-24";"J10M0";"A1100";"P1D_L";"ZZ";
"2021-05-25";"J10M0";"A1100";"P1D_L";"ZZ";"-0.154"
"2021-05-26";"J10M0";"A1100";"P1D_L";"ZZ";"-0.178"
"2021-05-27";"J10M0";"A1100";"P1D_L";"ZZ";"-0.185"
"2021-05-28";"J10M0";"A1100";"P1D_L";"ZZ";"-0.142"
"2021-05-31";"J10M0";"A1100";"P1D_L";"ZZ";"-0.134"
"2021-06-01";"J10M0";"A1100";"P1D_L";"ZZ";"-0.14"
"2021-06-02";"J10M0";"A1100";"P1D_L";"ZZ";"-0.135"
"2021-06-03";"J10M0";"A1100";"P1D_L";"ZZ";"-0.111"
"2021-06-04";"J10M0";"A1100";"P1D_L";"ZZ";"-0.104"
"2021-06-07";"J10M0";"A1100";"P1D_L";"ZZ";"-0.125"
"2021-06-08";"J10M0";"A1100";"P1D_L";"ZZ";"-0.13"
"2021-06-09";"J10M0";"A1100";"P1D_L";"ZZ";"-0.165"
"2021-06-10";"J10M0";"A1100";"P1D_L";"ZZ";"-0.178"
"2021-06-11";"J10M0";"A1100";"P1D_L";"ZZ";"-0.225"
"2021-06-14";"J10M0";"A1100";"P1D_L";"ZZ";"-0.216"
"2021-06-15";"J10M0";"A1100";"P1D_L";"ZZ";"-0.227"
"2021-06-16";"J10M0";"A1100";"P1D_L";"ZZ";"-0.204"
"2021-06-17";"J10M0";"A1100";"P1D_L";"ZZ";"-0.187"
"2021-06-18";"J10M0";"A1100";"P1D_L";"ZZ";"-0.223"
"2021-06-21";"J10M0";"A1100";"P1D_L";"ZZ";"-0.228"
"2021-06-22";"J10M0";"A1100";"P1D_L";"ZZ";"-0.175"
"2021-06-23";"J10M0";"A1100";"P1D_L";"ZZ";"-0.192"
"2021-06-24";"J10M0";"A1100";"P1D_L";"ZZ";"-0.183"
"2021-06-25";"J10M0";"A1100";"P1D_L";"ZZ";"-0.209"
"2021-06-28";"J10M0";"A1100";"P1D_L";"ZZ";"-0.184"
"2021-06-29";"J10M0";"A1100";"P1D_L";"ZZ";"-0.191"
"2021-06-30";"J10M0";"A1100";"P1D_L";"ZZ";"-0.2"
"2021-07-01";"J10M0";"A1100";"P1D_L";"ZZ";"-0.214"
"2021-07-02";"J10M0";"A1100";"P1D_L";"ZZ";"-0.229"
"2021-07-05";"J10M0";"A1100";"P1D_L";"ZZ";"-0.224"
"2021-07-06";"J10M0";"A1100";"P1D_L";"ZZ";"-0.223"
"2021-07-07";"J10M0";"A1100";"P1D_L";"ZZ";"-0.285"
"2021-07-08";"J10M0";"A1100";"P1D_L";"ZZ";"-0.324"
"2021-07-09";"J10M0";"A1100";"P1D_L";"ZZ";"-0.314"
"2021-07-12";"J10M0";"A1100";"P1D_L";"ZZ";"-0.303"
"2021-07-13";"J10M0";"A1100";"P1D_L";"ZZ";"-0.274"
"2021-07-14";"J10M0";"A1100";"P1D_L";"ZZ";"-0.253"
"2021-07-15";"J10M0";"A1100";"P1D_L";"ZZ";"-0.315"
"2021-07-16";"J10M0";"A1100";"P1D_L";"ZZ";"-0.312"
"2021-07-19";"J10M0";"A1100";"P1D_L";"ZZ";"-0.337"
"2021-07-20";"J10M0";"A1100";"P1D_L";"ZZ";"-0.37"
"2021-07-21";"J10M0";"A1100";"P1D_L";"ZZ";"-0.363"
"2021-07-22";"J10M0";"A1100";"P1D_L";"ZZ";"-0.345"
"2021-07-23";"J10M0";"A1100";"P1D_L";"ZZ";"-0.369"
"2021-07-26";"J10M0";"A1100";"P1D_L";"ZZ";"-0.393"
"2021-07-27";"J10M0";"A1100";"P1D_L";"ZZ";"-0.378"
"2021-07-28";"J10M0";"A1100";"P1D_L";"ZZ";"-0.373"
"2021-07-29";"J10M0";"A1100";"P1D_L";"ZZ";"-0.368"
"2021-07-30";"J10M0";"A1100";"P1D_L";"ZZ";"-0.373"
"2021-08-02";"J10M0";"A1100";"P1D_L";"ZZ";"-0.382"
"2021-08-03";"J10M0";"A1100";"P1D_L";"ZZ";"-0.393"
"2021-08-04";"J10M0";"A1100";"P1D_L";"ZZ";"-0.425"
"2021-08-05";"J10M0";"A1100";"P1D_L";"ZZ";"-0.434"
"2021-08-06";"J10M0";"A1100";"P1D_L";"ZZ";"-0.421"
"2021-08-09";"J10M0";"A1100";"P1D_L";"ZZ";"-0.404"
"2021-08-10";"J10M0";"A1100";"P1D_L";"ZZ";"-0.388"
"2021-08-11";"J10M0";"A1100";"P1D_L";"ZZ";"-0.386"
"2021-08-12";"J10M0";"A1100";"P1D_L";"ZZ";"-0.4"
"2021-08-13";"J10M0";"A1100";"P1D_L";"ZZ";"-0.396"
"2021-08-16";"J10M0";"A1100";"P1D_L";"ZZ";"-0.402"
"2021-08-17";"J10M0";"A1100";"P1D_L";"ZZ";"-0.398"
"2021-08-18";"J10M0";"A1100";"P1D_L";"ZZ";"-0.387"
"2021-08-19";"J10M0";"A1100";"P1D_L";"ZZ";"-0.386"
"2021-08-20";"J10M0";"A1100";"P1D_L";"ZZ";"-0.395"
"2021-08-23";"J10M0";"A1100";"P1D_L";"ZZ";"-0.377"
"2021-08-24";"J10M0";"A1100";"P1D_L";"ZZ";"-0.384"
"2021-08-25";"J10M0";"A1100";"P1D_L";"ZZ";"-0.374"
"2021-08-26";"J10M0";"A1100";"P1D_L";"ZZ";"-0.337"
"2021-08-27";"J10M0";"A1100";"P1D_L";"ZZ";"-0.334"
"2021-08-30";"J10M0";"A1100";"P1D_L";"ZZ";"-0.337"
"2021-08-31";"J10M0";"A1100";"P1D_L";"ZZ";"-0.347"
"2021-09-01";"J10M0";"A1100";"P1D_L";"ZZ";"-0.318"
"2021-09-02";"J10M0";"A1100";"P1D_L";"ZZ";"-0.322"
"2021-09-03";"J10M0";"A1100";"P1D_L";"ZZ";"-0.332"
"2021-09-06";"J10M0";"A1100";"P1D_L";"ZZ";"-0.313"
"2021-09-07";"J10M0";"A1100";"P1D_L";"ZZ";"-0.281"
"2021-09-08";"J10M0";"A1100";"P1D_L";"ZZ";"-0.247"
"2021-09-09";"J10M0";"A1100";"P1D_L";"ZZ";"-0.273"
"2021-09-10";"J10M0";"A1100";"P1D_L";"ZZ";"-0.282"
"2021-09-13";"J10M0";"A1100";"P1D_L";"ZZ";"-0.263"
"2021-09-14";"J10M0";"A1100";"P1D_L";"ZZ";"-0.242"
"2021-09-15";"J10M0";"A1100";"P1D_L";"ZZ";"-0.272"
"2021-09-16";"J10M0";"A1100";"P1D_L";"ZZ";"-0.234"
"2021-09-17";"J10M0";"A1100";"P1D_L";"ZZ";"-0.222"
"2021-09-20";"J10M0";"A1100";"P1D_L";"ZZ";"-0.239"
"2021-09-21";"J10M0";"A1100";"P1D_L";"ZZ";"-0.224"
"2021-09-22";"J10M0";"A1100";"P1D_L";"ZZ";"-0.234"
"2021-09-23";"J10M0";"A1100";"P1D_L";"ZZ";"-0.235"
"2021-09-24";"J10M0";"A1100";"P1D_L";"ZZ";"-0.171"
"2021-09-27";"J10M0";"A1100";"P1D_L";"ZZ";"-0.147"
"2021-09-28";"J10M0";"A1100";"P1D_L";"ZZ";"-0.127"
"2021-09-29";"J10M0";"A1100";"P1D_L";"ZZ";"-0.125"
"2021-09-30";"J10M0";"A1100";"P1D_L";"ZZ";"-0.166"
"2021-10-01";"J10M0";"A1100";"P1D_L";"ZZ";"-0.176"
"2021-10-04";"J10M0";"A1100";"P1D_L";"ZZ";"-0.161"
"2021-10-05";"J10M0";"A1100";"P1D_L";"ZZ";"-0.158"
"2021-10-06";"J10M0";"A1100";"P1D_L";"ZZ";"-0.107"
"2021-10-07";"J10M0";"A1100";"P1D_L";"ZZ";"-0.131"
"2021-10-08";"J10M0";"A1100";"P1D_L";"ZZ";"-0.09"
"2021-10-11";"J10M0";"A1100";"P1D_L";"ZZ";"-0.065"
"2021-10-12";"J10M0";"A1100";"P1D_L";"ZZ";"-0.039"
"2021-10-13";"J10M0";"A1100";"P1D_L";"ZZ";"-0.048"
"2021-10-14";"J10M0";"A1100";"P1D_L";"ZZ";"-0.106"
"2021-10-15";"J10M0";"A1100";"P1D_L";"ZZ";"-0.128"
"2021-10-18";"J10M0";"A1100";"P1D_L";"ZZ";"-0.071"
"2021-10-19";"J10M0";"A1100";"P1D_L";"ZZ";"-0.088"
"2021-10-20";"J10M0";"A1100";"P1D_L";"ZZ";"-0.064"
"2021-10-21";"J10M0";"A1100";"P1D_L";"ZZ";"-0.064"
"2021-10-22";"J10M0";"A1100";"P1D_L";"ZZ";"-0.042"
"2021-10-25";"J10M0";"A1100";"P1D_L";"ZZ";"-0.039"
"2021-10-26";"J10M0";"A1100";"P1D_L";"ZZ";"-0.057"
"2021-10-27";"J10M0";"A1100";"P1D_L";"ZZ";"-0.078"
"2021-10-28";"J10M0";"A1100";"P1D_L";"ZZ";"-0.114"
"2021-10-29";"J10M0";"A1100";"P1D_L";"ZZ";"-0.046"
"2021-11-01";"J10M0";"A1100";"P1D_L";"ZZ";"-0.013"
"2021-11-02";"J10M0";"A1100";"P1D_L";"ZZ";"-0.069"
"2021-11-03";"J10M0";"A1100";"P1D_L";"ZZ";"-0.124"
"2021-11-04";"J10M0";"A1100";"P1D_L";"ZZ";"-0.126"
"2021-11-05";"J10M0";"A1100";"P1D_L";"ZZ";"-0.156"
"2021-11-08";"J10M0";"A1100";"P1D_L";"ZZ";"-0.181"
"2021-11-09";"J10M0";"A1100";"P1D_L";"ZZ";"-0.176"
"2021-11-10";"J10M0";"A1100";"P1D_L";"ZZ";"-0.184"
"2021-11-11";"J10M0";"A1100";"P1D_L";"ZZ";"-0.135"
"2021-11-12";"J10M0";"A1100";"P1D_L";"ZZ";"-0.103"
"2021-11-15";"J10M0";"A1100";"P1D_L";"ZZ";"-0.153"
"2021-11-16";"J10M0";"A1100";"P1D_L";"ZZ";"-0.096"
"2021-11-17";"J10M0";"A1100";"P1D_L";"ZZ";"-0.107"
"2021-11-18";"J10M0";"A1100";"P1D_L";"ZZ";"-0.136"
"2021-11-19";"J10M0";"A1100";"P1D_L";"ZZ";"-0.151"
"2021-11-22";"J10M0";"A1100";"P1D_L";"ZZ";"-0.197"
"2021-11-23";"J10M0";"A1100";"P1D_L";"ZZ";"-0.152"
"2021-11-24";"J10M0";"A1100";"P1D_L";"ZZ";"-0.124"
"2021-11-25";"J10M0";"A1100";"P1D_L";"ZZ";"-0.143"
"2021-11-26";"J10M0";"A1100";"P1D_L";"ZZ";"-0.188"
"2021-11-29";"J10M0";"A1100";"P1D_L";"ZZ";"-0.198"
"2021-11-30";"J10M0";"A1100";"P1D_L";"ZZ";"-0.234"
"2021-12-01";"J10M0";"A1100";"P1D_L";"ZZ";"-0.195"
"2021-12-02";"J10M0";"A1100";"P1D_L";"ZZ";"-0.25"
"2021-12-03";"J10M0";"A1100";"P1D_L";"ZZ";"-0.257"
"2021-12-06";"J10M0";"A1100";"P1D_L";"ZZ";"-0.28"
"2021-12-07";"J10M0";"A1100";"P1D_L";"ZZ";"-0.273"
"2021-12-08";"J10M0";"A1100";"P1D_L";"ZZ";"-0.286"
"2021-12-09";"J10M0";"A1100";"P1D_L";"ZZ";"-0.282"
"2021-12-10";"J10M0";"A1100";"P1D_L";"ZZ";"-0.287"
"2021-12-13";"J10M0";"A1100";"P1D_L";"ZZ";"-0.309"
"2021-12-14";"J10M0";"A1100";"P1D_L";"ZZ";"-0.287"
"2021-12-15";"J10M0";"A1100";"P1D_L";"ZZ";"-0.276"
"2021-12-16";"J10M0";"A1100";"P1D_L";"ZZ";"-0.26"
"2021-12-17";"J10M0";"A1100";"P1D_L";"ZZ";"-0.276"
"2021-12-20";"J10M0";"A1100";"P1D_L";"ZZ";"-0.295"
"2021-12-21";"J10M0";"A1100";"P1D_L";"ZZ";"-0.27"
"2021-12-22";"J10M0";"A1100";"P1D_L";"ZZ";"-0.196"
"2021-12-23";"J10M0";"A1100";"P1D_L";"ZZ";"-0.194"
"2021-12-24";"J10M0";"A1100";"P1D_L";"ZZ";
"2021-12-27";"J10M0";"A1100";"P1D_L";"ZZ";"-0.163"
"2021-12-28";"J10M0";"A1100";"P1D_L";"ZZ";"-0.178"
"2021-12-29";"J10M0";"A1100";"P1D_L";"ZZ";"-0.159"
"2021-12-30";"J10M0";"A1100";"P1D_L";"ZZ";"-0.127"
"2021-12-31";"J10M0";"A1100";"P1D_L";"ZZ";
"2022-01-03";"J10M0";"A1100";"P1D_L";"ZZ";"-0.112"
"2022-01-04";"J10M0";"A1100";"P1D_L";"ZZ";"-0.079"
"2022-01-05";"J10M0";"A1100";"P1D_L";"ZZ";"-0.045"
"2022-01-06";"J10M0";"A1100";"P1D_L";"ZZ";"-0.029"
"2022-01-07";"J10M0";"A1100";"P1D_L";"ZZ";"-0.003"
"2022-01-10";"J10M0";"A1100";"P1D_L";"ZZ";"0.066"
"2022-01-11";"J10M0";"A1100";"P1D_L";"ZZ";"0.046"
"2022-01-12";"J10M0";"A1100";"P1D_L";"ZZ";"0.058"
"2022-01-13";"J10M0";"A1100";"P1D_L";"ZZ";"0.008"
"2022-01-14";"J10M0";"A1100";"P1D_L";"ZZ";"-0.002"
"2022-01-17";"J10M0";"A1100";"P1D_L";"ZZ";"0.023"
"2022-01-18";"J10M0";"A1100";"P1D_L";"ZZ";"0.058"
"2022-01-19";"J10M0";"A1100";"P1D_L";"ZZ";"0.057"
"2022-01-20";"J10M0";"A1100";"P1D_L";"ZZ";"0.023"
"2022-01-21";"J10M0";"A1100";"P1D_L";"ZZ";"0.002"
"2022-01-24";"J10M0";"A1100";"P1D_L";"ZZ";"-0.024"
"2022-01-25";"J10M0";"A1100";"P1D_L";"ZZ";"0.003"
"2022-01-26";"J10M0";"A1100";"P1D_L";"ZZ";"-0.002"
"2022-01-27";"J10M0";"A1100";"P1D_L";"ZZ";"0.029"
"2022-01-28";"J10M0";"A1100";"P1D_L";"ZZ";"0.02"
"2022-01-31";"J10M0";"A1100";"P1D_L";"ZZ";"0.045"
"2022-02-01";"J10M0";"A1100";"P1D_L";"ZZ";"0.071"
"2022-02-02";"J10M0";"A1100";"P1D_L";"ZZ";"0.097"
"2022-02-03";"J10M0";"A1100";"P1D_L";"ZZ";"0.102"
"2022-02-04";"J10M0";"A1100";"P1D_L";"ZZ";"0.194"
"2022-02-07";"J10M0";"A1100";"P1D_L";"ZZ";"0.271"
"2022-02-08";"J10M0";"A1100";"P1D_L";"ZZ";"0.3"
"2022-02-09";"J10M0";"A1100";"P1D_L";"ZZ";"0.3"
"2022-02-10";"J10M0";"A1100";"P1D_L";"ZZ";"0.287"
"2022-02-11";"J10M0";"A1100";"P1D_L";"ZZ";"0.314"
"2022-02-14";"J10M0";"A1100";"P1D_L";"ZZ";"0.257"
"2022-02-15";"J10M0";"A1100";"P1D_L";"ZZ";"0.331"
"2022-02-16";"J10M0";"A1100";"P1D_L";"ZZ";"0.285"
"2022-02-17";"J10M0";"A1100";"P1D_L";"ZZ";"0.279"
"2022-02-18";"J10M0";"A1100";"P1D_L";"ZZ";"0.251"
"2022-02-21";"J10M0";"A1100";"P1D_L";"ZZ";"0.234"
"2022-02-22";"J10M0";"A1100";"P1D_L";"ZZ";"0.216"
"2022-02-23";"J10M0";"A1100";"P1D_L";"ZZ";"0.268"
"2022-02-24";"J10M0";"A1100";"P1D_L";"ZZ";"0.222"
"2022-02-25";"J10M0";"A1100";"P1D_L";"ZZ";"0.257"
"2022-02-28";"J10M0";"A1100";"P1D_L";"ZZ";"0.263"
"2022-03-01";"J10M0";"A1100";"P1D_L";"ZZ";"0.185"
"2022-03-02";"J10M0";"A1100";"P1D_L";"ZZ";"0.081"
"2022-03-03";"J10M0";"A1100";"P1D_L";"ZZ";"0.18"
"2022-03-04";"J10M0";"A1100";"P1D_L";"ZZ";"0.157"
"2022-03-07";"J10M0";"A1100";"P1D_L";"ZZ";"0.13"
"2022-03-08";"J10M0";"A1100";"P1D_L";"ZZ";"0.199"
"2022-03-09";"J10M0";"A1100";"P1D_L";"ZZ";"0.252"
"2022-03-10";"J10M0";"A1100";"P1D_L";"ZZ";"0.252"
"2022-03-11";"J10M0";"A1100";"P1D_L";"ZZ";"0.329"
"2022-03-14";"J10M0";"A1100";"P1D_L";"ZZ";"0.378"
"2022-03-15";"J10M0";"A1100";"P1D_L";"ZZ";"0.38"
"2022-03-16";"J10M0";"A1100";"P1D_L";"ZZ";"0.425"
"2022-03-17";"J10M0";"A1100";"P1D_L";"ZZ";"0.389"
"2022-03-18";"J10M0";"A1100";"P1D_L";"ZZ";"0.37"
"2022-03-21";"J10M0";"A1100";"P1D_L";"ZZ";"0.383"
"2022-03-22";"J10M0";"A1100";"P1D_L";"ZZ";"0.469"
"2022-03-23";"J10M0";"A1100";"P1D_L";"ZZ";"0.409"
"2022-03-24";"J10M0";"A1100";"P1D_L";"ZZ";"0.436"
"2022-03-25";"J10M0";"A1100";"P1D_L";"ZZ";"0.483"
"2022-03-28";"J10M0";"A1100";"P1D_L";"ZZ";"0.606"
"2022-03-29";"J10M0";"A1100";"P1D_L";"ZZ";"0.683"
"2022-03-30";"J10M0";"A1100";"P1D_L";"ZZ";"0.716"
"2022-03-31";"J10M0";"A1100";"P1D_L";"ZZ";"0.677"
"2022-04-01";"J10M0";"A1100";"P1D_L";"ZZ";"0.64"
"2022-04-04";"J10M0";"A1100";"P1D_L";"ZZ";"0.533"
"2022-04-05";"J10M0";"A1100";"P1D_L";"ZZ";"0.555"
"2022-04-06";"J10M0";"A1100";"P1D_L";"ZZ";"0.663"
"2022-04-07";"J10M0";"A1100";"P1D_L";"ZZ";"0.627"
"2022-04-08";"J10M0";"A1100";"P1D_L";"ZZ";"0.705"
"2022-04-11";"J10M0";"A1100";"P1D_L";"ZZ";"0.755"
"2022-04-12";"J10M0";"A1100";"P1D_L";"ZZ";"0.885"
"2022-04-13";"J10M0";"A1100";"P1D_L";"ZZ";"0.933"
"2022-04-14";"J10M0";"A1100";"P1D_L";"ZZ";"0.781"
"2022-04-15";"J10M0";"A1100";"P1D_L";"ZZ";
"2022-04-18";"J10M0";"A1100";"P1D_L";"ZZ";
"2022-04-19";"J10M0";"A1100";"P1D_L";"ZZ";"0.894"
"2022-04-20";"J10M0";"A1100";"P1D_L";"ZZ";"0.894"
"2022-04-21";"J10M0";"A1100";"P1D_L";"ZZ";"0.884"
"2022-04-22";"J10M0";"A1100";"P1D_L";"ZZ";"0.91"
"2022-04-25";"J10M0";"A1100";"P1D_L";"ZZ";"0.853"
"2022-04-26";"J10M0";"A1100";"P1D_L";"ZZ";"0.836"
"2022-04-27";"J10M0";"A1100";"P1D_L";"ZZ";"0.785"
"2022-04-28";"J10M0";"A1100";"P1D_L";"ZZ";"0.766"
"2022-04-29";"J10M0";"A1100";"P1D_L";"ZZ";"0.824"
"2022-05-02";"J10M0";"A1100";"P1D_L";"ZZ";"0.859"
"2022-05-03";"J10M0";"A1100";"P1D_L";"ZZ";"0.888"
"2022-05-04";"J10M0";"A1100";"P1D_L";"ZZ";"0.857"
"2022-05-05";"J10M0";"A1100";"P1D_L";"ZZ";"0.868"
"2022-05-06";"J10M0";"A1100";"P1D_L";"ZZ";"0.903"
"2022-05-09";"J10M0";"A1100";"P1D_L";"ZZ";"0.991"
"2022-05-10";"J10M0";"A1100";"P1D_L";"ZZ";"0.955"
"2022-05-11";"J10M0";"A1100";"P1D_L";"ZZ";"0.9"
"2022-05-12";"J10M0";"A1100";"P1D_L";"ZZ";"0.744"
"2022-05-13";"J10M0";"A1100";"P1D_L";"ZZ";"0.701"
"2022-05-16";"J10M0";"A1100";"P1D_L";"ZZ";"0.747"
"2022-05-17";"J10M0";"A1100";"P1D_L";"ZZ";"0.746"
"2022-05-18";"J10M0";"A1100";"P1D_L";"ZZ";"0.753"
"2022-05-19";"J10M0";"A1100";"P1D_L";"ZZ";"0.684"
"2022-05-20";"J10M0";"A1100";"P1D_L";"ZZ";"0.688"
"2022-05-23";"J10M0";"A1100";"P1D_L";"ZZ";"0.664"
"2022-05-24";"J10M0";"A1100";"P1D_L";"ZZ";"0.704"
"2022-05-25";"J10M0";"A1100";"P1D_L";"ZZ";"0.679"
"2022-05-26";"J10M0";"A1100";"P1D_L";"ZZ";
"2022-05-27";"J10M0";"A1100";"P1D_L";"ZZ";"0.737"
"2022-05-30";"J10M0";"A1100";"P1D_L";"ZZ";"0.776"
"2022-05-31";"J10M0";"A1100";"P1D_L";"ZZ";"0.779"
"2022-06-01";"J10M0";"A1100";"P1D_L";"ZZ";"0.866"
"2022-06-02";"J10M0";"A1100";"P1D_L";"ZZ";"0.93"
"2022-06-03";"J10M0";"A1100";"P1D_L";"ZZ";"0.962"
"2022-06-06";"J10M0";"A1100";"P1D_L";"ZZ";
"2022-06-07";"J10M0";"A1100";"P1D_L";"ZZ";"0.982"
"2022-06-08";"J10M0";"A1100";"P1D_L";"ZZ";"1.04"
"2022-06-09";"J10M0";"A1100";"P1D_L";"ZZ";"1.024"
"2022-06-10";"J10M0";"A1100";"P1D_L";"ZZ";"1.032"
"2022-06-13";"J10M0";"A1100";"P1D_L";"ZZ";"1.149"
"2022-06-14";"J10M0";"A1100";"P1D_L";"ZZ";"1.255"
"2022-06-15";"J10M0";"A1100";"P1D_L";"ZZ";"1.429"
"2022-06-16";"J10M0";"A1100";"P1D_L";"ZZ";"1.371"
"2022-06-17";"J10M0";"A1100";"P1D_L";"ZZ";"1.369"
"2022-06-20";"J10M0";"A1100";"P1D_L";"ZZ";"1.334"
"2022-06-21";"J10M0";"A1100";"P1D_L";"ZZ";"1.45"
"2022-06-22";"J10M0";"A1100";"P1D_L";"ZZ";"1.358"
"2022-06-23";"J10M0";"A1100";"P1D_L";"ZZ";"1.291"
"2022-06-24";"J10M0";"A1100";"P1D_L";"ZZ";"1.187"
"2022-06-27";"J10M0";"A1100";"P1D_L";"ZZ";"1.292"
"2022-06-28";"J10M0";"A1100";"P1D_L";"ZZ";"1.406"
"2022-06-29";"J10M0";"A1100";"P1D_L";"ZZ";"1.296"
"2022-06-30";"J10M0";"A1100";"P1D_L";"ZZ";"1.149"
"2022-07-01";"J10M0";"A1100";"P1D_L";"ZZ";"0.992"
"2022-07-04";"J10M0";"A1100";"P1D_L";"ZZ";"0.863"
"2022-07-05";"J10M0";"A1100";"P1D_L";"ZZ";"0.823"
"2022-07-06";"J10M0";"A1100";"P1D_L";"ZZ";"0.777"
"2022-07-07";"J10M0";"A1100";"P1D_L";"ZZ";"0.767"
"2022-07-08";"J10M0";"A1100";"P1D_L";"ZZ";"0.821"
"2022-07-11";"J10M0";"A1100";"P1D_L";"ZZ";"0.824"
"2022-07-12";"J10M0";"A1100";"P1D_L";"ZZ";"0.758"
"2022-07-13";"J10M0";"A1100";"P1D_L";"ZZ";"0.75"
"2022-07-14";"J10M0";"A1100";"P1D_L";"ZZ";"0.786"
"2022-07-15";"J10M0";"A1100";"P1D_L";"ZZ";"0.699"
"2022-07-18";"J10M0";"A1100";"P1D_L";"ZZ";"0.801"
"2022-07-19";"J10M0";"A1100";"P1D_L";"ZZ";"0.838"
"2022-07-20";"J10M0";"A1100";"P1D_L";"ZZ";"0.834"
"2022-07-21";"J10M0";"A1100";"P1D_L";"ZZ";"0.874"
"2022-07-22";"J10M0";"A1100";"P1D_L";"ZZ";"0.724"
"2022-07-25";"J10M0";"A1100";"P1D_L";"ZZ";"0.735"
"2022-07-26";"J10M0";"A1100";"P1D_L";"ZZ";"0.606"
"2022-07-27";"J10M0";"A1100";"P1D_L";"ZZ";"0.548"
"2022-07-28";"J10M0";"A1100";"P1D_L";"ZZ";"0.537"
"2022-07-29";"J10M0";"A1100";"P1D_L";"ZZ";"0.52"
"2022-08-01";"J10M0";"A1100";"P1D_L";"ZZ";
"2022-08-02";"J10M0";"A1100";"P1D_L";"ZZ";"0.372"
"2022-08-03";"J10M0";"A1100";"P1D_L";"ZZ";"0.474"
"2022-08-04";"J10M0";"A1100";"P1D_L";"ZZ";"0.485"
"2022-08-05";"J10M0";"A1100";"P1D_L";"ZZ";"0.434"
"2022-08-08";"J10M0";"A1100";"P1D_L";"ZZ";"0.491"
"2022-08-09";"J10M0";"A1100";"P1D_L";"ZZ";"0.498"
"2022-08-10";"J10M0";"A1100";"P1D_L";"ZZ";"0.473"
"2022-08-11";"J10M0";"A1100";"P1D_L";"ZZ";"0.453"
"2022-08-12";"J10M0";"A1100";"P1D_L";"ZZ";"0.504"
"2022-08-15";"J10M0";"A1100";"P1D_L";"ZZ";"0.46"
"2022-08-16";"J10M0";"A1100";"P1D_L";"ZZ";"0.405"
"2022-08-17";"J10M0";"A1100";"P1D_L";"ZZ";"0.513"
"2022-08-18";"J10M0";"A1100";"P1D_L";"ZZ";"0.538"
"2022-08-19";"J10M0";"A1100";"P1D_L";"ZZ";"0.594"
"2022-08-22";"J10M0";"A1100";"P1D_L";"ZZ";"0.623"
"2022-08-23";"J10M0";"A1100";"P1D_L";"ZZ";"0.733"
"2022-08-24";"J10M0";"A1100";"P1D_L";"ZZ";"0.773"
"2022-08-25";"J10M0";"A1100";"P1D_L";"ZZ";"0.796"
"2022-08-26";"J10M0";"A1100";"P1D_L";"ZZ";"0.785"
"2022-08-29";"J10M0";"A1100";"P1D_L";"ZZ";"0.927"
"2022-08-30";"J10M0";"A1100";"P1D_L";"ZZ";"0.76"
"2022-08-31";"J10M0";"A1100";"P1D_L";"ZZ";"0.786"
"2022-09-01";"J10M0";"A1100";"P1D_L";"ZZ";"0.85"
"2022-09-02";"J10M0";"A1100";"P1D_L";"ZZ";"0.856"
"2022-09-05";"J10M0";"A1100";"P1D_L";"ZZ";"0.851"
"2022-09-06";"J10M0";"A1100";"P1D_L";"ZZ";"0.856"
"2022-09-07";"J10M0";"A1100";"P1D_L";"ZZ";"0.876"
"2022-09-08";"J10M0";"A1100";"P1D_L";"ZZ";"0.859"
"2022-09-09";"J10M0";"A1100";"P1D_L";"ZZ";"0.972"
"2022-09-12";"J10M0";"A1100";"P1D_L";"ZZ";"0.969"
"2022-09-13";"J10M0";"A1100";"P1D_L";"ZZ";"0.964"
"2022-09-14";"J10M0";"A1100";"P1D_L";"ZZ";"1.049"
"2022-09-15";"J10M0";"A1100";"P1D_L";"ZZ";"1.089"
"2022-09-16";"J10M0";"A1100";"P1D_L";"ZZ";"1.073"
"2022-09-19";"J10M0";"A1100";"P1D_L";"ZZ";"1.056"
"2022-09-20";"J10M0";"A1100";"P1D_L";"ZZ";"1.172"
"2022-09-21";"J10M0";"A1100";"P1D_L";"ZZ";"1.201"
"2022-09-22";"J10M0";"A1100";"P1D_L";"ZZ";"1.193"
"2022-09-23";"J10M0";"A1100";"P1D_L";"ZZ";"1.224"
"2022-09-26";"J10M0";"A1100";"P1D_L";"ZZ";"1.337"
"2022-09-27";"J10M0";"A1100";"P1D_L";"ZZ";"1.319"
"2022-09-28";"J10M0";"A1100";"P1D_L";"ZZ";"1.483"
"2022-09-29";"J10M0";"A1100";"P1D_L";"ZZ";"1.332"
"2022-09-30";"J10M0";"A1100";"P1D_L";"ZZ";"1.163"
"2022-10-03";"J10M0";"A1100";"P1D_L";"ZZ";"1.16"
"2022-10-04";"J10M0";"A1100";"P1D_L";"ZZ";"0.921"
"2022-10-05";"J10M0";"A1100";"P1D_L";"ZZ";"1.014"
"2022-10-06";"J10M0";"A1100";"P1D_L";"ZZ";"1.151"
"2022-10-07";"J10M0";"A1100";"P1D_L";"ZZ";"1.264"
"2022-10-10";"J10M0";"A1100";"P1D_L";"ZZ";"1.352"
"2022-10-11";"J10M0";"A1100";"P1D_L";"ZZ";"1.491"
"2022-10-12";"J10M0";"A1100";"P1D_L";"ZZ";"1.475"
"2022-10-13";"J10M0";"A1100";"P1D_L";"ZZ";"1.406"
"2022-10-14";"J10M0";"A1100";"P1D_L";"ZZ";"1.269"
"2022-10-17";"J10M0";"A1100";"P1D_L";"ZZ";"1.287"
"2022-10-18";"J10M0";"A1100";"P1D_L";"ZZ";"1.337"
"2022-10-19";"J10M0";"A1100";"P1D_L";"ZZ";"1.313"
"2022-10-20";"J10M0";"A1100";"P1D_L";"ZZ";"1.334"
"2022-10-21";"J10M0";"A1100";"P1D_L";"ZZ";"1.389"
"2022-10-24";"J10M0";"A1100";"P1D_L";"ZZ";"1.298"
"2022-10-25";"J10M0";"A1100";"P1D_L";"ZZ";"1.283"
"2022-10-26";"J10M0";"A1100";"P1D_L";"ZZ";"1.19"
"2022-10-27";"J10M0";"A1100";"P1D_L";"ZZ";"1.195"
"2022-10-28";"J10M0";"A1100";"P1D_L";"ZZ";"1.056"
"2022-10-31";"J10M0";"A1100";"P1D_L";"ZZ";"1.12"
"2022-11-01";"J10M0";"A1100";"P1D_L";"ZZ";"1.06"
"2022-11-02";"J10M0";"A1100";"P1D_L";"ZZ";"1.129"
"2022-11-03";"J10M0";"A1100";"P1D_L";"ZZ";"1.158"
"2022-11-04";"J10M0";"A1100";"P1D_L";"ZZ";"1.157"
"2022-11-07";"J10M0";"A1100";"P1D_L";"ZZ";"1.19"
"2022-11-08";"J10M0";"A1100";"P1D_L";"ZZ";"1.202"
"2022-11-09";"J10M0";"A1100";"P1D_L";"ZZ";"1.097"
"2022-11-10";"J10M0";"A1100";"P1D_L";"ZZ";"1.083"
"2022-11-11";"J10M0";"A1100";"P1D_L";"ZZ";"1.019"
"2022-11-14";"J10M0";"A1100";"P1D_L";"ZZ";"1.056"
"2022-11-15";"J10M0";"A1100";"P1D_L";"ZZ";"1.105"
"2022-11-16";"J10M0";"A1100";"P1D_L";"ZZ";"1.075"
"2022-11-17";"J10M0";"A1100";"P1D_L";"ZZ";"1.018"
"2022-11-18";"J10M0";"A1100";"P1D_L";"ZZ";"1.071"
"2022-11-21";"J10M0";"A1100";"P1D_L";"ZZ";"1.039"
"2022-11-22";"J10M0";"A1100";"P1D_L";"ZZ";"0.991"
"2022-11-23";"J10M0";"A1100";"P1D_L";"ZZ";"1.007"
"2022-11-24";"J10M0";"A1100";"P1D_L";"ZZ";"0.94"
"2022-11-25";"J10M0";"A1100";"P1D_L";"ZZ";"1.008"
"2022-11-28";"J10M0";"A1100";"P1D_L";"ZZ";"1.035"
"2022-11-29";"J10M0";"A1100";"P1D_L";"ZZ";"1.009"
"2022-11-30";"J10M0";"A1100";"P1D_L";"ZZ";"1.055"
"2022-12-01";"J10M0";"A1100";"P1D_L";"ZZ";"1.037"
"2022-12-02";"J10M0";"A1100";"P1D_L";"ZZ";"0.992"
"2022-12-05";"J10M0";"A1100";"P1D_L";"ZZ";"1.013"
"2022-12-06";"J10M0";"A1100";"P1D_L";"ZZ";"1.041"
"2022-12-07";"J10M0";"A1100";"P1D_L";"ZZ";"0.976"
"2022-12-08";"J10M0";"A1100";"P1D_L";"ZZ";"1.021"
"2022-12-09";"J10M0";"A1100";"P1D_L";"ZZ";"1.044"
"2022-12-12";"J10M0";"A1100";"P1D_L";"ZZ";"1.13"
"2022-12-13";"J10M0";"A1100";"P1D_L";"ZZ";"1.196"
"2022-12-14";"J10M0";"A1100";"P1D_L";"ZZ";"1.16"
"2022-12-15";"J10M0";"A1100";"P1D_L";"ZZ";"1.138"
"2022-12-16";"J10M0";"A1100";"P1D_L";"ZZ";"1.225"
"2022-12-19";"J10M0";"A1100";"P1D_L";"ZZ";"1.261"
"2022-12-20";"J10M0";"A1100";"P1D_L";"ZZ";"1.326"
"2022-12-21";"J10M0";"A1100";"P1D_L";"ZZ";"1.425"
"2022-12-22";"J10M0";"A1100";"P1D_L";"ZZ";"1.454"
"2022-12-23";"J10M0";"A1100";"P1D_L";"ZZ";"1.489"
"2022-12-26";"J10M0";"A1100";"P1D_L";"ZZ";
"2022-12-27";"J10M0";"A1100";"P1D_L";"ZZ";"1.543"
"2022-12-28";"J10M0";"A1100";"P1D_L";"ZZ";"1.508"
"2022-12-29";"J10M0";"A1100";"P1D_L";"ZZ";"1.531"
"2022-12-30";"J10M0";"A1100";"P1D_L";"ZZ";"1.565"
"2023-01-02";"J10M0";"A1100";"P1D_L";"ZZ";
"2023-01-03";"J10M0";"A1100";"P1D_L";"ZZ";"1.461"
"2023-01-04";"J10M0";"A1100";"P1D_L";"ZZ";"1.373"
"2023-01-05";"J10M0";"A1100";"P1D_L";"ZZ";"1.374"
"2023-01-06";"J10M0";"A1100";"P1D_L";"ZZ";"1.422"
"2023-01-09";"J10M0";"A1100";"P1D_L";"ZZ";"1.343"
"2023-01-10";"J10M0";"A1100";"P1D_L";"ZZ";"1.364"
"2023-01-11";"J10M0";"A1100";"P1D_L";"ZZ";"1.323"
"2023-01-12";"J10M0";"A1100";"P1D_L";"ZZ";"1.201"
"2023-01-13";"J10M0";"A1100";"P1D_L";"ZZ";"1.093"
"2023-01-16";"J10M0";"A1100";"P1D_L";"ZZ";"1.127"
"2023-01-17";"J10M0";"A1100";"P1D_L";"ZZ";"1.126"
"2023-01-18";"J10M0";"A1100";"P1D_L";"ZZ";"1.078"
"2023-01-19";"J10M0";"A1100";"P1D_L";"ZZ";"1.055"
"2023-01-20";"J10M0";"A1100";"P1D_L";"ZZ";"1.139"
"2023-01-23";"J10M0";"A1100";"P1D_L";"ZZ";"1.188"
"2023-01-24";"J10M0";"A1100";"P1D_L";"ZZ";"1.225"
"2023-01-25";"J10M0";"A1100";"P1D_L";"ZZ";"1.134"
"2023-01-26";"J10M0";"A1100";"P1D_L";"ZZ";"1.203"
"2023-01-27";"J10M0";"A1100";"P1D_L";"ZZ";"1.231"
"2023-01-30";"J10M0";"A1100";"P1D_L";"ZZ";"1.268"
"2023-01-31";"J10M0";"A1100";"P1D_L";"ZZ";"1.257"
"2023-02-01";"J10M0";"A1100";"P1D_L";"ZZ";"1.243"
"2023-02-02";"J10M0";"A1100";"P1D_L";"ZZ";"1.207"
"2023-02-03";"J10M0";"A1100";"P1D_L";"ZZ";"1.181"
"2023-02-06";"J10M0";"A1100";"P1D_L";"ZZ";"1.249"
"2023-02-07";"J10M0";"A1100";"P1D_L";"ZZ";"1.35"
"2023-02-08";"J10M0";"A1100";"P1D_L";"ZZ";"1.402"
"2023-02-09";"J10M0";"A1100";"P1D_L";"ZZ";"1.298"
"2023-02-10";"J10M0";"A1100";"P1D_L";"ZZ";"1.339"
"2023-02-13";"J10M0";"A1100";"P1D_L";"ZZ";"1.376"
"2023-02-14";"J10M0";"A1100";"P1D_L";"ZZ";"1.346"
"2023-02-15";"J10M0";"A1100";"P1D_L";"ZZ";"1.376"
"2023-02-16";"J10M0";"A1100";"P1D_L";"ZZ";"1.367"
"2023-02-17";"J10M0";"A1100";"P1D_L";"ZZ";"1.427"
"2023-02-20";"J10M0";"A1100";"P1D_L";"ZZ";"1.394"
"2023-02-21";"J10M0";"A1100";"P1D_L";"ZZ";"1.376"
"2023-02-22";"J10M0";"A1100";"P1D_L";"ZZ";"1.442"
"2023-02-23";"J10M0";"A1100";"P1D_L";"ZZ";"1.417"
"2023-02-24";"J10M0";"A1100";"P1D_L";"ZZ";"1.375"
"2023-02-27";"J10M0";"A1100";"P1D_L";"ZZ";"1.382"
"2023-02-28";"J10M0";"A1100";"P1D_L";"ZZ";"1.446"
"2023-03-01";"J10M0";"A1100";"P1D_L";"ZZ";"1.456"
"2023-03-02";"J10M0";"A1100";"P1D_L";"ZZ";"1.482"
"2023-03-03";"J10M0";"A1100";"P1D_L";"ZZ";"1.487"
"2023-03-06";"J10M0";"A1100";"P1D_L";"ZZ";"1.494"
"2023-03-07";"J10M0";"A1100";"P1D_L";"ZZ";"1.498"
"2023-03-08";"J10M0";"A1100";"P1D_L";"ZZ";"1.514"
"2023-03-09";"J10M0";"A1100";"P1D_L";"ZZ";"1.41"
"2023-03-10";"J10M0";"A1100";"P1D_L";"ZZ";"1.314"
"2023-03-13";"J10M0";"A1100";"P1D_L";"ZZ";"1.122"
"2023-03-14";"J10M0";"A1100";"P1D_L";"ZZ";"1.14"
"2023-03-15";"J10M0";"A1100";"P1D_L";"ZZ";"1.113"
"2023-03-16";"J10M0";"A1100";"P1D_L";"ZZ";"1.111"
"2023-03-17";"J10M0";"A1100";"P1D_L";"ZZ";"1.042"
"2023-03-20";"J10M0";"A1100";"P1D_L";"ZZ";"0.765"
"2023-03-21";"J10M0";"A1100";"P1D_L";"ZZ";"1.008"
"2023-03-22";"J10M0";"A1100";"P1D_L";"ZZ";"1.055"
"2023-03-23";"J10M0";"A1100";"P1D_L";"ZZ";"1.105"
"2023-03-24";"J10M0";"A1100";"P1D_L";"ZZ";"1.054"
"2023-03-27";"J10M0";"A1100";"P1D_L";"ZZ";"1.087"
"2023-03-28";"J10M0";"A1100";"P1D_L";"ZZ";"1.155"
"2023-03-29";"J10M0";"A1100";"P1D_L";"ZZ";"1.153"
"2023-03-30";"J10M0";"A1100";"P1D_L";"ZZ";"1.166"
"2023-03-31";"J10M0";"A1100";"P1D_L";"ZZ";"1.227"
"2023-04-03";"J10M0";"A1100";"P1D_L";"ZZ";"1.217"
"2023-04-04";"J10M0";"A1100";"P1D_L";"ZZ";"1.223"
"2023-04-05";"J10M0";"A1100";"P1D_L";"ZZ";"1.224"
"2023-04-06";"J10M0";"A1100";"P1D_L";"ZZ";"1.084"
"2023-04-07";"J10M0";"A1100";"P1D_L";"ZZ";
"2023-04-10";"J10M0";"A1100";"P1D_L";"ZZ";
"2023-04-11";"J10M0";"A1100";"P1D_L";"ZZ";"1.133"
"2023-04-12";"J10M0";"A1100";"P1D_L";"ZZ";"1.176"
"2023-04-13";"J10M0";"A1100";"P1D_L";"ZZ";"1.025"
"2023-04-14";"J10M0";"A1100";"P1D_L";"ZZ";"1.112"
"2023-04-17";"J10M0";"A1100";"P1D_L";"ZZ";"1.076"
"2023-04-18";"J10M0";"A1100";"P1D_L";"ZZ";"1.076"
"2023-04-19";"J10M0";"A1100";"P1D_L";"ZZ";"1.094"
"2023-04-20";"J10M0";"A1100";"P1D_L";"ZZ";"1.105"
"2023-04-21";"J10M0";"A1100";"P1D_L";"ZZ";"1.103"
"2023-04-24";"J10M0";"A1100";"P1D_L";"ZZ";"1.099"
"2023-04-25";"J10M0";"A1100";"P1D_L";"ZZ";"1.125"
"2023-04-26";"J10M0";"A1100";"P1D_L";"ZZ";"1.047"
"2023-04-27";"J10M0";"A1100";"P1D_L";"ZZ";"1.061"
"2023-04-28";"J10M0";"A1100";"P1D_L";"ZZ";"1.08"
"2023-05-01";"J10M0";"A1100";"P1D_L";"ZZ";
"2023-05-02";"J10M0";"A1100";"P1D_L";"ZZ";"1.061"
"2023-05-03";"J10M0";"A1100";"P1D_L";"ZZ";"1.031"
"2023-05-04";"J10M0";"A1100";"P1D_L";"ZZ";"1.089"
"2023-05-05";"J10M0";"A1100";"P1D_L";"ZZ";"1.042"
"2023-05-08";"J10M0";"A1100";"P1D_L";"ZZ";"1.088"
"2023-05-09";"J10M0";"A1100";"P1D_L";"ZZ";"1.06"
"2023-05-10";"J10M0";"A1100";"P1D_L";"ZZ";"1.097"
"2023-05-11";"J10M0";"A1100";"P1D_L";"ZZ";"0.968"
"2023-05-12";"J10M0";"A1100";"P1D_L";"ZZ";"0.938"
"2023-05-15";"J10M0";"A1100";"P1D_L";"ZZ";"0.978"
"2023-05-16";"J10M0";"A1100";"P1D_L";"ZZ";"0.977"
"2023-05-17";"J10M0";"A1100";"P1D_L";"ZZ";"0.959"
"2023-05-18";"J10M0";"A1100";"P1D_L";"ZZ";
"2023-05-19";"J10M0";"A1100";"P1D_L";"ZZ";"1.038"
"2023-05-22";"J10M0";"A1100";"P1D_L";"ZZ";"0.987"
"2023-05-23";"J10M0";"A1100";"P1D_L";"ZZ";"1.019"
"2023-05-24";"J10M0";"A1100";"P1D_L";"ZZ";"1.046"
"2023-05-25";"J10M0";"A1100";"P1D_L";"ZZ";"1.03"
"2023-05-26";"J10M0";"A1100";"P1D_L";"ZZ";"1.06"
"2023-05-29";"J10M0";"A1100";"P1D_L";"ZZ";
"2023-05-30";"J10M0";"A1100";"P1D_L";"ZZ";"0.942"
"2023-05-31";"J10M0";"A1100";"P1D_L";"ZZ";"0.848"
"2023-06-01";"J10M0";"A1100";"P1D_L";"ZZ";"0.891"
"2023-06-02";"J10M0";"A1100";"P1D_L";"ZZ";"0.841"
"2023-06-05";"J10M0";"A1100";"P1D_L";"ZZ";"0.885"
"2023-06-06";"J10M0";"A1100";"P1D_L";"ZZ";"0.865"
"2023-06-07";"J10M0";"A1100";"P1D_L";"ZZ";"0.892"
"2023-06-08";"J10M0";"A1100";"P1D_L";"ZZ";"0.953"
"2023-06-09";"J10M0";"A1100";"P1D_L";"ZZ";"1.005"
"2023-06-12";"J10M0";"A1100";"P1D_L";"ZZ";"0.962"
"2023-06-13";"J10M0";"A1100";"P1D_L";"ZZ";"0.957"
"2023-06-14";"J10M0";"A1100";"P1D_L";"ZZ";"0.983"
"2023-06-15";"J10M0";"A1100";"P1D_L";"ZZ";"1.044"
"2023-06-16";"J10M0";"A1100";"P1D_L";"ZZ";"1.048"
"2023-06-19";"J10M0";"A1100";"P1D_L";"ZZ";"1.038"
"2023-06-20";"J10M0";"A1100";"P1D_L";"ZZ";"1.012"
"2023-06-21";"J10M0";"A1100";"P1D_L";"ZZ";"0.95"
"2023-06-22";"J10M0";"A1100";"P1D_L";"ZZ";"0.939"
"2023-06-23";"J10M0";"A1100";"P1D_L";"ZZ";"0.931"
"2023-06-26";"J10M0";"A1100";"P1D_L";"ZZ";"0.872"
"2023-06-27";"J10M0";"A1100";"P1D_L";"ZZ";"0.855"
"2023-06-28";"J10M0";"A1100";"P1D_L";"ZZ";"0.878"
"2023-06-29";"J10M0";"A1100";"P1D_L";"ZZ";"0.89"
"2023-06-30";"J10M0";"A1100";"P1D_L";"ZZ";"0.966"
"2023-07-03";"J10M0";"A1100";"P1D_L";"ZZ";"0.896"
"2023-07-04";"J10M0";"A1100";"P1D_L";"ZZ";"0.91"
"2023-07-05";"J10M0";"A1100";"P1D_L";"ZZ";"0.843"
"2023-07-06";"J10M0";"A1100";"P1D_L";"ZZ";"0.932"
"2023-07-07";"J10M0";"A1100";"P1D_L";"ZZ";"0.99"
"2023-07-10";"J10M0";"A1100";"P1D_L";"ZZ";"1.065"
"2023-07-11";"J10M0";"A1100";"P1D_L";"ZZ";"1.063"
"2023-07-12";"J10M0";"A1100";"P1D_L";"ZZ";"1.049"
"2023-07-13";"J10M0";"A1100";"P1D_L";"ZZ";"0.946"
"2023-07-14";"J10M0";"A1100";"P1D_L";"ZZ";"0.941"
"2023-07-17";"J10M0";"A1100";"P1D_L";"ZZ";"0.915"
"2023-07-18";"J10M0";"A1100";"P1D_L";"ZZ";"0.866"
"2023-07-19";"J10M0";"A1100";"P1D_L";"ZZ";"0.842"
"2023-07-20";"J10M0";"A1100";"P1D_L";"ZZ";"0.894"
"2023-07-21";"J10M0";"A1100";"P1D_L";"ZZ";"0.92"
"2023-07-24";"J10M0";"A1100";"P1D_L";"ZZ";"0.881"
"2023-07-25";"J10M0";"A1100";"P1D_L";"ZZ";"0.901"
"2023-07-26";"J10M0";"A1100";"P1D_L";"ZZ";"0.908"
"2023-07-27";"J10M0";"A1100";"P1D_L";"ZZ";"0.935"
"2023-07-28";"J10M0";"A1100";"P1D_L";"ZZ";"0.974"
"2023-07-31";"J10M0";"A1100";"P1D_L";"ZZ";"0.979"
"2023-08-01";"J10M0";"A1100";"P1D_L";"ZZ";
"2023-08-02";"J10M0";"A1100";"P1D_L";"ZZ";"0.998"
"2023-08-03";"J10M0";"A1100";"P1D_L";"ZZ";"1.009"
"2023-08-04";"J10M0";"A1100";"P1D_L";"ZZ";"1.042"
"2023-08-07";"J10M0";"A1100";"P1D_L";"ZZ";"1.02"
"2023-08-08";"J10M0";"A1100";"P1D_L";"ZZ";"0.952"
"2023-08-09";"J10M0";"A1100";"P1D_L";"ZZ";"0.925"
"2023-08-10";"J10M0";"A1100";"P1D_L";"ZZ";"0.971"
"2023-08-11";"J10M0";"A1100";"P1D_L";"ZZ";"1.021"
"2023-08-14";"J10M0";"A1100";"P1D_L";"ZZ";"1.037"
"2023-08-15";"J10M0";"A1100";"P1D_L";"ZZ";"1.064"
"2023-08-16";"J10M0";"A1100";"P1D_L";"ZZ";"1.01"
"2023-08-17";"J10M0";"A1100";"P1D_L";"ZZ";"1.033"
"2023-08-18";"J10M0";"A1100";"P1D_L";"ZZ";"1.004"
"2023-08-21";"J10M0";"A1100";"P1D_L";"ZZ";"0.998"
"2023-08-22";"J10M0";"A1100";"P1D_L";"ZZ";"1.015"
"2023-08-23";"J10M0";"A1100";"P1D_L";"ZZ";"0.973"
"2023-08-24";"J10M0";"A1100";"P1D_L";"ZZ";"0.972"
"2023-08-25";"J10M0";"A1100";"P1D_L";"ZZ";"0.976"
"2023-08-28";"J10M0";"A1100";"P1D_L";"ZZ";"0.981"
"2023-08-29";"J10M0";"A1100";"P1D_L";"ZZ";"0.943"
"2023-08-30";"J10M0";"A1100";"P1D_L";"ZZ";"0.952"
"2023-08-31";"J10M0";"A1100";"P1D_L";"ZZ";"0.952"
"2023-09-01";"J10M0";"A1100";"P1D_L";"ZZ";"0.914"
"2023-09-04";"J10M0";"A1100";"P1D_L";"ZZ";"0.938"
"2023-09-05";"J10M0";"A1100";"P1D_L";"ZZ";"0.951"
"2023-09-06";"J10M0";"A1100";"P1D_L";"ZZ";"0.975"
"2023-09-07";"J10M0";"A1100";"P1D_L";"ZZ";"0.988"
"2023-09-08";"J10M0";"A1100";"P1D_L";"ZZ";"1.009"
"2023-09-11";"J10M0";"A1100";"P1D_L";"ZZ";"1.053"
"2023-09-12";"J10M0";"A1100";"P1D_L";"ZZ";"1.091"
"2023-09-13";"J10M0";"A1100";"P1D_L";"ZZ";"1.088"
"2023-09-14";"J10M0";"A1100";"P1D_L";"ZZ";"1.046"
"2023-09-15";"J10M0";"A1100";"P1D_L";"ZZ";"1.055"
"2023-09-18";"J10M0";"A1100";"P1D_L";"ZZ";"1.076"
"2023-09-19";"J10M0";"A1100";"P1D_L";"ZZ";"1.058"
"2023-09-20";"J10M0";"A1100";"P1D_L";"ZZ";"1.096"
"2023-09-21";"J10M0";"A1100";"P1D_L";"ZZ";"1.035"
"2023-09-22";"J10M0";"A1100";"P1D_L";"ZZ";"1.057"
"2023-09-25";"J10M0";"A1100";"P1D_L";"ZZ";"1.083"
"2023-09-26";"J10M0";"A1100";"P1D_L";"ZZ";"1.038"
"2023-09-27";"J10M0";"A1100";"P1D_L";"ZZ";"1.046"
"2023-09-28";"J10M0";"A1100";"P1D_L";"ZZ";"1.116"
"2023-09-29";"J10M0";"A1100";"P1D_L";"ZZ";"1.087"
"2023-10-02";"J10M0";"A1100";"P1D_L";"ZZ";"1.09"
"2023-10-03";"J10M0";"A1100";"P1D_L";"ZZ";"1.085"
"2023-10-04";"J10M0";"A1100";"P1D_L";"ZZ";"1.15"
"2023-10-05";"J10M0";"A1100";"P1D_L";"ZZ";"1.161"
"2023-10-06";"J10M0";"A1100";"P1D_L";"ZZ";"1.16"
"2023-10-09";"J10M0";"A1100";"P1D_L";"ZZ";"1.124"
"2023-10-10";"J10M0";"A1100";"P1D_L";"ZZ";"1.135"
"2023-10-11";"J10M0";"A1100";"P1D_L";"ZZ";"1.053"
"2023-10-12";"J10M0";"A1100";"P1D_L";"ZZ";"1.049"
"2023-10-13";"J10M0";"A1100";"P1D_L";"ZZ";"1.082"
"2023-10-16";"J10M0";"A1100";"P1D_L";"ZZ";"1.095"
"2023-10-17";"J10M0";"A1100";"P1D_L";"ZZ";"1.096"
"2023-10-18";"J10M0";"A1100";"P1D_L";"ZZ";"1.127"
"2023-10-19";"J10M0";"A1100";"P1D_L";"ZZ";"1.164"
"2023-10-20";"J10M0";"A1100";"P1D_L";"ZZ";"1.158"
"2023-10-23";"J10M0";"A1100";"P1D_L";"ZZ";"1.158"
"2023-10-24";"J10M0";"A1100";"P1D_L";"ZZ";"1.056"
"2023-10-25";"J10M0";"A1100";"P1D_L";"ZZ";"1.069"
"2023-10-26";"J10M0";"A1100";"P1D_L";"ZZ";"1.11"
"2023-10-27";"J10M0";"A1100";"P1D_L";"ZZ";"1.094"
"2023-10-30";"J10M0";"A1100";"P1D_L";"ZZ";"1.046"
"2023-10-31";"J10M0";"A1100";"P1D_L";"ZZ";"1.046"
"2023-11-01";"J10M0";"A1100";"P1D_L";"ZZ";"1.119"
"2023-11-02";"J10M0";"A1100";"P1D_L";"ZZ";"1.047"
"2023-11-03";"J10M0";"A1100";"P1D_L";"ZZ";"1.16"
"2023-11-06";"J10M0";"A1100";"P1D_L";"ZZ";"1.123"
"2023-11-07";"J10M0";"A1100";"P1D_L";"ZZ";"1.154"
"2023-11-08";"J10M0";"A1100";"P1D_L";"ZZ";"1.155"
"2023-11-09";"J10M0";"A1100";"P1D_L";"ZZ";"1.095"
"2023-11-10";"J10M0";"A1100";"P1D_L";"ZZ";"1.15"
"2023-11-13";"J10M0";"A1100";"P1D_L";"ZZ";"1.099"
"2023-11-14";"J10M0";"A1100";"P1D_L";"ZZ";"1.074"
"2023-11-15";"J10M0";"A1100";"P1D_L";"ZZ";"1.002"
"2023-11-16";"J10M0";"A1100";"P1D_L";"ZZ";"0.985"
"2023-11-17";"J10M0";"A1100";"P1D_L";"ZZ";"0.934"
"2023-11-20";"J10M0";"A1100";"P1D_L";"ZZ";"0.955"
"2023-11-21";"J10M0";"A1100";"P1D_L";"ZZ";"0.912"
"2023-11-22";"J10M0";"A1100";"P1D_L";"ZZ";"0.934"
"2023-11-23";"J10M0";"A1100";"P1D_L";"ZZ";"0.922"
"2023-11-24";"J10M0";"A1100";"P1D_L";"ZZ";"0.984"
"2023-11-27";"J10M0";"A1100";"P1D_L";"ZZ";"0.982"
"2023-11-28";"J10M0";"A1100";"P1D_L";"ZZ";"0.911"
"2023-11-29";"J10M0";"A1100";"P1D_L";"ZZ";"0.861"
"2023-11-30";"J10M0";"A1100";"P1D_L";"ZZ";"0.822"
"2023-12-01";"J10M0";"A1100";"P1D_L";"ZZ";"0.796"
"2023-12-04";"J10M0";"A1100";"P1D_L";"ZZ";"0.716"
"2023-12-05";"J10M0";"A1100";"P1D_L";"ZZ";"0.686"
"2023-12-06";"J10M0";"A1100";"P1D_L";"ZZ";"0.687"
"2023-12-07";"J10M0";"A1100";"P1D_L";"ZZ";"0.695"
"2023-12-08";"J10M0";"A1100";"P1D_L";"ZZ";"0.726"
"2023-12-11";"J10M0";"A1100";"P1D_L";"ZZ";"0.743"
"2023-12-12";"J10M0";"A1100";"P1D_L";"ZZ";"0.697"
"2023-12-13";"J10M0";"A1100";"P1D_L";"ZZ";"0.662"
"2023-12-14";"J10M0";"A1100";"P1D_L";"ZZ";"0.589"
"2023-12-15";"J10M0";"A1100";"P1D_L";"ZZ";"0.562"
"2023-12-18";"J10M0";"A1100";"P1D_L";"ZZ";"0.579"
"2023-12-19";"J10M0";"A1100";"P1D_L";"ZZ";"0.606"
"2023-12-20";"J10M0";"A1100";"P1D_L";"ZZ";"0.62"
"2023-12-21";"J10M0";"A1100";"P1D_L";"ZZ";"0.62"
"2023-12-22";"J10M0";"A1100";"P1D_L";"ZZ";"0.652"
"2023-12-25";"J10M0";"A1100";"P1D_L";"ZZ";
"2023-12-26";"J10M0";"A1100";"P1D_L";"ZZ";
"2023-12-27";"J10M0";"A1100";"P1D_L";"ZZ";"0.647"
"2023-12-28";"J10M0";"A1100";"P1D_L";"ZZ";"0.635"
"2023-12-29";"J10M0";"A1100";"P1D_L";"ZZ";"0.656"
"2024-01-01";"J10M0";"A1100";"P1D_L";"ZZ";
"2024-01-02";"J10M0";"A1100";"P1D_L";"ZZ";
"2024-01-03";"J10M0";"A1100";"P1D_L";"ZZ";"0.68"
"2024-01-04";"J10M0";"A1100";"P1D_L";"ZZ";"0.688"
"2024-01-05";"J10M0";"A1100";"P1D_L";"ZZ";"0.825"
"2024-01-08";"J10M0";"A1100";"P1D_L";"ZZ";"0.812"
"2024-01-09";"J10M0";"A1100";"P1D_L";"ZZ";"0.838"
"2024-01-10";"J10M0";"A1100";"P1D_L";"ZZ";"0.801"
"2024-01-11";"J10M0";"A1100";"P1D_L";"ZZ";"0.829"
"2024-01-12";"J10M0";"A1100";"P1D_L";"ZZ";"0.811"
"2024-01-15";"J10M0";"A1100";"P1D_L";"ZZ";"0.841"
"2024-01-16";"J10M0";"A1100";"P1D_L";"ZZ";"0.786"
"2024-01-17";"J10M0";"A1100";"P1D_L";"ZZ";"0.834"
"2024-01-18";"J10M0";"A1100";"P1D_L";"ZZ";"0.883"
"2024-01-19";"J10M0";"A1100";"P1D_L";"ZZ";"0.889"
"2024-01-22";"J10M0";"A1100";"P1D_L";"ZZ";"0.866"
"2024-01-23";"J10M0";"A1100";"P1D_L";"ZZ";"0.892"
"2024-01-24";"J10M0";"A1100";"P1D_L";"ZZ";"0.907"
"2024-01-25";"J10M0";"A1100";"P1D_L";"ZZ";"0.92"
"2024-01-26";"J10M0";"A1100";"P1D_L";"ZZ";"0.867"
"2024-01-29";"J10M0";"A1100";"P1D_L";"ZZ";"0.853"
"2024-01-30";"J10M0";"A1100";"P1D_L";"ZZ";"0.865"
"2024-01-31";"J10M0";"A1100";"P1D_L";"ZZ";"0.83"
"2024-02-01";"J10M0";"A1100";"P1D_L";"ZZ";"0.829"
"2024-02-02";"J10M0";"A1100";"P1D_L";"ZZ";"0.806"
"2024-02-05";"J10M0";"A1100";"P1D_L";"ZZ";"0.866"
"2024-02-06";"J10M0";"A1100";"P1D_L";"ZZ";"0.909"
"2024-02-07";"J10M0";"A1100";"P1D_L";"ZZ";"0.881"
"2024-02-08";"J10M0";"A1100";"P1D_L";"ZZ";"0.895"
"2024-02-09";"J10M0";"A1100";"P1D_L";"ZZ";"0.901"
"2024-02-12";"J10M0";"A1100";"P1D_L";"ZZ";"0.929"
"2024-02-13";"J10M0";"A1100";"P1D_L";"ZZ";"0.89"
"2024-02-14";"J10M0";"A1100";"P1D_L";"ZZ";"0.86"
"2024-02-15";"J10M0";"A1100";"P1D_L";"ZZ";"0.854"
"2024-02-16";"J10M0";"A1100";"P1D_L";"ZZ";"0.874"
"2024-02-19";"J10M0";"A1100";"P1D_L";"ZZ";"0.889"
"2024-02-20";"J10M0";"A1100";"P1D_L";"ZZ";"0.866"
"2024-02-21";"J10M0";"A1100";"P1D_L";"ZZ";"0.83"
"2024-02-22";"J10M0";"A1100";"P1D_L";"ZZ";"0.838"
"2024-02-23";"J10M0";"A1100";"P1D_L";"ZZ";"0.839"
"2024-02-26";"J10M0";"A1100";"P1D_L";"ZZ";"0.789"
"2024-02-27";"J10M0";"A1100";"P1D_L";"ZZ";"0.839"
"2024-02-28";"J10M0";"A1100";"P1D_L";"ZZ";"0.846"
"2024-02-29";"J10M0";"A1100";"P1D_L";"ZZ";"0.828"
"2024-03-01";"J10M0";"A1100";"P1D_L";"ZZ";"0.784"
"2024-03-04";"J10M0";"A1100";"P1D_L";"ZZ";"0.743"
"2024-03-05";"J10M0";"A1100";"P1D_L";"ZZ";"0.727"
"2024-03-06";"J10M0";"A1100";"P1D_L";"ZZ";"0.703"
"2024-03-07";"J10M0";"A1100";"P1D_L";"ZZ";"0.692"
"2024-03-08";"J10M0";"A1100";"P1D_L";"ZZ";"0.683"
"2024-03-11";"J10M0";"A1100";"P1D_L";"ZZ";"0.678"
"2024-03-12";"J10M0";"A1100";"P1D_L";"ZZ";"0.709"
"2024-03-13";"J10M0";"A1100";"P1D_L";"ZZ";"0.724"
"2024-03-14";"J10M0";"A1100";"P1D_L";"ZZ";"0.702"
"2024-03-15";"J10M0";"A1100";"P1D_L";"ZZ";"0.736"
"2024-03-18";"J10M0";"A1100";"P1D_L";"ZZ";"0.764"
"2024-03-19";"J10M0";"A1100";"P1D_L";"ZZ";"0.755"
"2024-03-20";"J10M0";"A1100";"P1D_L";"ZZ";"0.697"
"2024-03-21";"J10M0";"A1100";"P1D_L";"ZZ";"0.679"
"2024-03-22";"J10M0";"A1100";"P1D_L";"ZZ";"0.631"
"2024-03-25";"J10M0";"A1100";"P1D_L";"ZZ";"0.63"
"2024-03-26";"J10M0";"A1100";"P1D_L";"ZZ";"0.644"
"2024-03-27";"J10M0";"A1100";"P1D_L";"ZZ";"0.661"
"2024-03-28";"J10M0";"A1100";"P1D_L";"ZZ";"0.639"
"2024-03-29";"J10M0";"A1100";"P1D_L";"ZZ";
"2024-04-01";"J10M0";"A1100";"P1D_L";"ZZ";
"2024-04-02";"J10M0";"A1100";"P1D_L";"ZZ";"0.683"
"2024-04-03";"J10M0";"A1100";"P1D_L";"ZZ";"0.714"
"2024-04-04";"J10M0";"A1100";"P1D_L";"ZZ";"0.704"
"2024-04-05";"J10M0";"A1100";"P1D_L";"ZZ";"0.699"
"2024-04-08";"J10M0";"A1100";"P1D_L";"ZZ";"0.726"
"2024-04-09";"J10M0";"A1100";"P1D_L";"ZZ";"0.721"
"2024-04-10";"J10M0";"A1100";"P1D_L";"ZZ";"0.671"
"2024-04-11";"J10M0";"A1100";"P1D_L";"ZZ";"0.734"
"2024-04-12";"J10M0";"A1100";"P1D_L";"ZZ";"0.69"
"2024-04-15";"J10M0";"A1100";"P1D_L";"ZZ";"0.704"
"2024-04-16";"J10M0";"A1100";"P1D_L";"ZZ";"0.718"
"2024-04-17";"J10M0";"A1100";"P1D_L";"ZZ";"0.739"
"2024-04-18";"J10M0";"A1100";"P1D_L";"ZZ";"0.688"
"2024-04-19";"J10M0";"A1100";"P1D_L";"ZZ";"0.712"
"2024-04-22";"J10M0";"A1100";"P1D_L";"ZZ";"0.742"
"2024-04-23";"J10M0";"A1100";"P1D_L";"ZZ";"0.705"
"2024-04-24";"J10M0";"A1100";"P1D_L";"ZZ";"0.723"
"2024-04-25";"J10M0";"A1100";"P1D_L";"ZZ";"0.725"
"2024-04-26";"J10M0";"A1100";"P1D_L";"ZZ";"0.73"
"2024-04-29";"J10M0";"A1100";"P1D_L";"ZZ";"0.672"
"2024-04-30";"J10M0";"A1100";"P1D_L";"ZZ";"0.693"
"2024-05-01";"J10M0";"A1100";"P1D_L";"ZZ";
"2024-05-02";"J10M0";"A1100";"P1D_L";"ZZ";"0.707"
"2024-05-03";"J10M0";"A1100";"P1D_L";"ZZ";"0.716"
"2024-05-06";"J10M0";"A1100";"P1D_L";"ZZ";"0.693"
"2024-05-07";"J10M0";"A1100";"P1D_L";"ZZ";"0.685"
"2024-05-08";"J10M0";"A1100";"P1D_L";"ZZ";"0.691"
"2024-05-09";"J10M0";"A1100";"P1D_L";"ZZ";
"2024-05-10";"J10M0";"A1100";"P1D_L";"ZZ";"0.715"
"2024-05-13";"J10M0";"A1100";"P1D_L";"ZZ";"0.75"
"2024-05-14";"J10M0";"A1100";"P1D_L";"ZZ";"0.72"
"2024-05-15";"J10M0";"A1100";"P1D_L";"ZZ";"0.697"
"2024-05-16";"J10M0";"A1100";"P1D_L";"ZZ";"0.68"
"2024-05-17";"J10M0";"A1100";"P1D_L";"ZZ";"0.722"
"2024-05-20";"J10M0";"A1100";"P1D_L";"ZZ";
"2024-05-21";"J10M0";"A1100";"P1D_L";"ZZ";"0.715"
"2024-05-22";"J10M0";"A1100";"P1D_L";"ZZ";"0.744"
"2024-05-23";"J10M0";"A1100";"P1D_L";"ZZ";"0.773"
"2024-05-24";"J10M0";"A1100";"P1D_L";"ZZ";"0.763"
"2024-05-27";"J10M0";"A1100";"P1D_L";"ZZ";"0.775"
"2024-05-28";"J10M0";"A1100";"P1D_L";"ZZ";"0.769"
"2024-05-29";"J10M0";"A1100";"P1D_L";"ZZ";"0.82"
"2024-05-30";"J10M0";"A1100";"P1D_L";"ZZ";"0.848"
"2024-05-31";"J10M0";"A1100";"P1D_L";"ZZ";"0.915"
"2024-06-03";"J10M0";"A1100";"P1D_L";"ZZ";"0.879"
"2024-06-04";"J10M0";"A1100";"P1D_L";"ZZ";"0.851"
"2024-06-05";"J10M0";"A1100";"P1D_L";"ZZ";"0.839"
"2024-06-06";"J10M0";"A1100";"P1D_L";"ZZ";"0.812"
"2024-06-07";"J10M0";"A1100";"P1D_L";"ZZ";"0.818"
"2024-06-10";"J10M0";"A1100";"P1D_L";"ZZ";"0.857"
"2024-06-11";"J10M0";"A1100";"P1D_L";"ZZ";"0.884"
"2024-06-12";"J10M0";"A1100";"P1D_L";"ZZ";"0.854"
"2024-06-13";"J10M0";"A1100";"P1D_L";"ZZ";"0.794"
"2024-06-14";"J10M0";"A1100";"P1D_L";"ZZ";"0.733"
"2024-06-17";"J10M0";"A1100";"P1D_L";"ZZ";"0.702"
"2024-06-18";"J10M0";"A1100";"P1D_L";"ZZ";"0.714"
"2024-06-19";"J10M0";"A1100";"P1D_L";"ZZ";"0.71"
"2024-06-20";"J10M0";"A1100";"P1D_L";"ZZ";"0.667"
"2024-06-21";"J10M0";"A1100";"P1D_L";"ZZ";"0.605"
"2024-06-24";"J10M0";"A1100";"P1D_L";"ZZ";"0.624"
"2024-06-25";"J10M0";"A1100";"P1D_L";"ZZ";"0.592"
"2024-06-26";"J10M0";"A1100";"P1D_L";"ZZ";"0.578"
"2024-06-27";"J10M0";"A1100";"P1D_L";"ZZ";"0.589"
"2024-06-28";"J10M0";"A1100";"P1D_L";"ZZ";"0.559"
"2024-07-01";"J10M0";"A1100";"P1D_L";"ZZ";"0.591"
"2024-07-02";"J10M0";"A1100";"P1D_L";"ZZ";"0.649"
"2024-07-03";"J10M0";"A1100";"P1D_L";"ZZ";"0.692"
"2024-07-04";"J10M0";"A1100";"P1D_L";"ZZ";"0.654"
"2024-07-05";"J10M0";"A1100";"P1D_L";"ZZ";"0.665"
"2024-07-08";"J10M0";"A1100";"P1D_L";"ZZ";"0.646"
"2024-07-09";"J10M0";"A1100";"P1D_L";"ZZ";"0.619"
"2024-07-10";"J10M0";"A1100";"P1D_L";"ZZ";"0.618"
"2024-07-11";"J10M0";"A1100";"P1D_L";"ZZ";"0.631"
"2024-07-12";"J10M0";"A1100";"P1D_L";"ZZ";"0.6"
"2024-07-15";"J10M0";"A1100";"P1D_L";"ZZ";"0.578"
"2024-07-16";"J10M0";"A1100";"P1D_L";"ZZ";"0.559"
"2024-07-17";"J10M0";"A1100";"P1D_L";"ZZ";"0.54"
"2024-07-18";"J10M0";"A1100";"P1D_L";"ZZ";"0.551"
"2024-07-19";"J10M0";"A1100";"P1D_L";"ZZ";"0.555"
"2024-07-22";"J10M0";"A1100";"P1D_L";"ZZ";"0.576"
"2024-07-23";"J10M0";"A1100";"P1D_L";"ZZ";"0.552"
"2024-07-24";"J10M0";"A1100";"P1D_L";"ZZ";"0.511"
"2024-07-25";"J10M0";"A1100";"P1D_L";"ZZ";"0.529"
"2024-07-26";"J10M0";"A1100";"P1D_L";"ZZ";"0.535"
"2024-07-29";"J10M0";"A1100";"P1D_L";"ZZ";"0.484"
"2024-07-30";"J10M0";"A1100";"P1D_L";"ZZ";"0.497"
"2024-07-31";"J10M0";"A1100";"P1D_L";"ZZ";"0.45"
"2024-08-01";"J10M0";"A1100";"P1D_L";"ZZ";
"2024-08-02";"J10M0";"A1100";"P1D_L";"ZZ";"0.407"
"2024-08-05";"J10M0";"A1100";"P1D_L";"ZZ";"0.362"
"2024-08-06";"J10M0";"A1100";"P1D_L";"ZZ";"0.374"
"2024-08-07";"J10M0";"A1100";"P1D_L";"ZZ";"0.428"
"2024-08-08";"J10M0";"A1100";"P1D_L";"ZZ";"0.408"
"2024-08-09";"J10M0";"A1100";"P1D_L";"ZZ";"0.432"
"2024-08-12";"J10M0";"A1100";"P1D_L";"ZZ";"0.417"
"2024-08-13";"J10M0";"A1100";"P1D_L";"ZZ";"0.395"
"2024-08-14";"J10M0";"A1100";"P1D_L";"ZZ";"0.393"
"2024-08-15";"J10M0";"A1100";"P1D_L";"ZZ";"0.405"
"2024-08-16";"J10M0";"A1100";"P1D_L";"ZZ";"0.432"
"2024-08-19";"J10M0";"A1100";"P1D_L";"ZZ";"0.374"
"2024-08-20";"J10M0";"A1100";"P1D_L";"ZZ";"0.364"
"2024-08-21";"J10M0";"A1100";"P1D_L";"ZZ";"0.368"
"2024-08-22";"J10M0";"A1100";"P1D_L";"ZZ";"0.395"
"2024-08-23";"J10M0";"A1100";"P1D_L";"ZZ";"0.432"
"2024-08-26";"J10M0";"A1100";"P1D_L";"ZZ";"0.422"
"2024-08-27";"J10M0";"A1100";"P1D_L";"ZZ";"0.453"
"2024-08-28";"J10M0";"A1100";"P1D_L";"ZZ";"0.45"
"2024-08-29";"J10M0";"A1100";"P1D_L";"ZZ";"0.418"
"2024-08-30";"J10M0";"A1100";"P1D_L";"ZZ";"0.451"
"2024-09-02";"J10M0";"A1100";"P1D_L";"ZZ";"0.495"
"2024-09-03";"J10M0";"A1100";"P1D_L";"ZZ";"0.476"
"2024-09-04";"J10M0";"A1100";"P1D_L";"ZZ";"0.405"
"2024-09-05";"J10M0";"A1100";"P1D_L";"ZZ";"0.437"
"2024-09-06";"J10M0";"A1100";"P1D_L";"ZZ";"0.424"
"2024-09-09";"J10M0";"A1100";"P1D_L";"ZZ";"0.479"
"2024-09-10";"J10M0";"A1100";"P1D_L";"ZZ";"0.446"
"2024-09-11";"J10M0";"A1100";"P1D_L";"ZZ";"0.418"
"2024-09-12";"J10M0";"A1100";"P1D_L";"ZZ";"0.413"
"2024-09-13";"J10M0";"A1100";"P1D_L";"ZZ";"0.41"
"2024-09-16";"J10M0";"A1100";"P1D_L";"ZZ";"0.408"
"2024-09-17";"J10M0";"A1100";"P1D_L";"ZZ";"0.385"
"2024-09-18";"J10M0";"A1100";"P1D_L";"ZZ";"0.418"
"2024-09-19";"J10M0";"A1100";"P1D_L";"ZZ";"0.441"
"2024-09-20";"J10M0";"A1100";"P1D_L";"ZZ";"0.46"
"2024-09-23";"J10M0";"A1100";"P1D_L";"ZZ";"0.481"
"2024-09-24";"J10M0";"A1100";"P1D_L";"ZZ";"0.473"
"2024-09-25";"J10M0";"A1100";"P1D_L";"ZZ";"0.453"
"2024-09-26";"J10M0";"A1100";"P1D_L";"ZZ";"0.423"
"2024-09-27";"J10M0";"A1100";"P1D_L";"ZZ";"0.389"
"2024-09-30";"J10M0";"A1100";"P1D_L";"ZZ";"0.41"
"2024-10-01";"J10M0";"A1100";"P1D_L";"ZZ";"0.367"
"2024-10-02";"J10M0";"A1100";"P1D_L";"ZZ";"0.38"
"2024-10-03";"J10M0";"A1100";"P1D_L";"ZZ";"0.397"
"2024-10-04";"J10M0";"A1100";"P1D_L";"ZZ";"0.402"
"2024-10-07";"J10M0";"A1100";"P1D_L";"ZZ";"0.43"
"2024-10-08";"J10M0";"A1100";"P1D_L";"ZZ";"0.471"
"2024-10-09";"J10M0";"A1100";"P1D_L";"ZZ";"0.473"
"2024-10-10";"J10M0";"A1100";"P1D_L";"ZZ";"0.531"
"2024-10-11";"J10M0";"A1100";"P1D_L";"ZZ";"0.532"
"2024-10-14";"J10M0";"A1100";"P1D_L";"ZZ";"0.499"
"2024-10-15";"J10M0";"A1100";"P1D_L";"ZZ";"0.475"
"2024-10-16";"J10M0";"A1100";"P1D_L";"ZZ";"0.44"
"2024-10-17";"J10M0";"A1100";"P1D_L";"ZZ";"0.434"
"2024-10-18";"J10M0";"A1100";"P1D_L";"ZZ";"0.438"
"2024-10-21";"J10M0";"A1100";"P1D_L";"ZZ";"0.436"
"2024-10-22";"J10M0";"A1100";"P1D_L";"ZZ";"0.473"
"2024-10-23";"J10M0";"A1100";"P1D_L";"ZZ";"0.477"
"2024-10-24";"J10M0";"A1100";"P1D_L";"ZZ";"0.481"
"2024-10-25";"J10M0";"A1100";"P1D_L";"ZZ";"0.46"
"2024-10-28";"J10M0";"A1100";"P1D_L";"ZZ";"0.443"
"2024-10-29";"J10M0";"A1100";"P1D_L";"ZZ";"0.444"
"2024-10-30";"J10M0";"A1100";"P1D_L";"ZZ";"0.418"
"2024-10-31";"J10M0";"A1100";"P1D_L";"ZZ";"0.451"
"2024-11-01";"J10M0";"A1100";"P1D_L";"ZZ";"0.398"
"2024-11-04";"J10M0";"A1100";"P1D_L";"ZZ";"0.387"
"2024-11-05";"J10M0";"A1100";"P1D_L";"ZZ";"0.393"
"2024-11-06";"J10M0";"A1100";"P1D_L";"ZZ";"0.412"
"2024-11-07";"J10M0";"A1100";"P1D_L";"ZZ";"0.411"
"2024-11-08";"J10M0";"A1100";"P1D_L";"ZZ";"0.394"
"2024-11-11";"J10M0";"A1100";"P1D_L";"ZZ";"0.365"
"2024-11-12";"J10M0";"A1100";"P1D_L";"ZZ";"0.392"
"2024-11-13";"J10M0";"A1100";"P1D_L";"ZZ";"0.404"
"2024-11-14";"J10M0";"A1100";"P1D_L";"ZZ";"0.409"
"2024-11-15";"J10M0";"A1100";"P1D_L";"ZZ";"0.376"
"2024-11-18";"J10M0";"A1100";"P1D_L";"ZZ";"0.396"
"2024-11-19";"J10M0";"A1100";"P1D_L";"ZZ";"0.385"
"2024-11-20";"J10M0";"A1100";"P1D_L";"ZZ";"0.416"
"2024-11-21";"J10M0";"A1100";"P1D_L";"ZZ";"0.405"
"2024-11-22";"J10M0";"A1100";"P1D_L";"ZZ";"0.356"
"2024-11-25";"J10M0";"A1100";"P1D_L";"ZZ";"0.299"
"2024-11-26";"J10M0";"A1100";"P1D_L";"ZZ";"0.315"
"2024-11-27";"J10M0";"A1100";"P1D_L";"ZZ";"0.329"
"2024-11-28";"J10M0";"A1100";"P1D_L";"ZZ";"0.308"
"2024-11-29";"J10M0";"A1100";"P1D_L";"ZZ";"0.289"
"2024-12-02";"J10M0";"A1100";"P1D_L";"ZZ";"0.191"
"2024-12-03";"J10M0";"A1100";"P1D_L";"ZZ";"0.229"
"2024-12-04";"J10M0";"A1100";"P1D_L";"ZZ";"0.192"
"2024-12-05";"J10M0";"A1100";"P1D_L";"ZZ";"0.222"
"2024-12-06";"J10M0";"A1100";"P1D_L";"ZZ";"0.243"
"2024-12-09";"J10M0";"A1100";"P1D_L";"ZZ";"0.234"
"2024-12-10";"J10M0";"A1100";"P1D_L";"ZZ";"0.257"
"2024-12-11";"J10M0";"A1100";"P1D_L";"ZZ";"0.286"
"2024-12-12";"J10M0";"A1100";"P1D_L";"ZZ";"0.284"
"2024-12-13";"J10M0";"A1100";"P1D_L";"ZZ";"0.298"
"2024-12-16";"J10M0";"A1100";"P1D_L";"ZZ";"0.242"
"2024-12-17";"J10M0";"A1100";"P1D_L";"ZZ";"0.226"
"2024-12-18";"J10M0";"A1100";"P1D_L";"ZZ";"0.291"
"2024-12-19";"J10M0";"A1100";"P1D_L";"ZZ";"0.28"
"2024-12-20";"J10M0";"A1100";"P1D_L";"ZZ";"0.276"
"2024-12-23";"J10M0";"A1100";"P1D_L";"ZZ";"0.278"
"2024-12-24";"J10M0";"A1100";"P1D_L";"ZZ";
"2024-12-25";"J10M0";"A1100";"P1D_L";"ZZ";
"2024-12-26";"J10M0";"A1100";"P1D_L";"ZZ";
"2024-12-27";"J10M0";"A1100";"P1D_L";"ZZ";"0.291"
"2024-12-30";"J10M0";"A1100";"P1D_L";"ZZ";"0.317"
"2024-12-31";"J10M0";"A1100";"P1D_L";"ZZ";
"2025-01-01";"J10M0";"A1100";"P1D_L";"ZZ";
"2025-01-02";"J10M0";"A1100";"P1D_L";"ZZ";
"2025-01-03";"J10M0";"A1100";"P1D_L";"ZZ";"0.273"
"2025-01-06";"J10M0";"A1100";"P1D_L";"ZZ";"0.319"
"2025-01-07";"J10M0";"A1100";"P1D_L";"ZZ";"0.375"
"2025-01-08";"J10M0";"A1100";"P1D_L";"ZZ";"0.414"
"2025-01-09";"J10M0";"A1100";"P1D_L";"ZZ";"0.427"
"2025-01-10";"J10M0";"A1100";"P1D_L";"ZZ";"0.433"
"2025-01-13";"J10M0";"A1100";"P1D_L";"ZZ";"0.484"
"2025-01-14";"J10M0";"A1100";"P1D_L";"ZZ";"0.491"
"2025-01-15";"J10M0";"A1100";"P1D_L";"ZZ";"0.477"
"2025-01-16";"J10M0";"A1100";"P1D_L";"ZZ";"0.413"
"2025-01-17";"J10M0";"A1100";"P1D_L";"ZZ";"0.402"
"2025-01-20";"J10M0";"A1100";"P1D_L";"ZZ";"0.369"
"2025-01-21";"J10M0";"A1100";"P1D_L";"ZZ";"0.373"
"2025-01-22";"J10M0";"A1100";"P1D_L";"ZZ";"0.37"
"2025-01-23";"J10M0";"A1100";"P1D_L";"ZZ";"0.405"
"2025-01-24";"J10M0";"A1100";"P1D_L";"ZZ";"0.465"
"2025-01-27";"J10M0";"A1100";"P1D_L";"ZZ";"0.424"
"2025-01-28";"J10M0";"A1100";"P1D_L";"ZZ";"0.444"
"2025-01-29";"J10M0";"A1100";"P1D_L";"ZZ";"0.434"
"2025-01-30";"J10M0";"A1100";"P1D_L";"ZZ";"0.424"
"2025-01-31";"J10M0";"A1100";"P1D_L";"ZZ";"0.383"
"2025-02-03";"J10M0";"A1100";"P1D_L";"ZZ";"0.336"
"2025-02-04";"J10M0";"A1100";"P1D_L";"ZZ";"0.35"
"2025-02-05";"J10M0";"A1100";"P1D_L";"ZZ";"0.328"
"2025-02-06";"J10M0";"A1100";"P1D_L";"ZZ";"0.368"
"2025-02-07";"J10M0";"A1100";"P1D_L";"ZZ";"0.346"
"2025-02-10";"J10M0";"A1100";"P1D_L";"ZZ";"0.341"
"2025-02-11";"J10M0";"A1100";"P1D_L";"ZZ";"0.364"
"2025-02-12";"J10M0";"A1100";"P1D_L";"ZZ";"0.379"
"2025-02-13";"J10M0";"A1100";"P1D_L";"ZZ";"0.401"
"2025-02-14";"J10M0";"A1100";"P1D_L";"ZZ";"0.407"
"2025-02-17";"J10M0";"A1100";"P1D_L";"ZZ";"0.474"
"2025-02-18";"J10M0";"A1100";"P1D_L";"ZZ";"0.479"
"2025-02-19";"J10M0";"A1100";"P1D_L";"ZZ";"0.507"
"2025-02-20";"J10M0";"A1100";"P1D_L";"ZZ";"0.536"
"2025-02-21";"J10M0";"A1100";"P1D_L";"ZZ";"0.577"
"2025-02-24";"J10M0";"A1100";"P1D_L";"ZZ";"0.518"
"2025-02-25";"J10M0";"A1100";"P1D_L";"ZZ";"0.517"
"2025-02-26";"J10M0";"A1100";"P1D_L";"ZZ";"0.486"
"2025-02-27";"J10M0";"A1100";"P1D_L";"ZZ";"0.45"
"2025-02-28";"J10M0";"A1100";"P1D_L";"ZZ";"0.396"
"2025-03-03";"J10M0";"A1100";"P1D_L";"ZZ";"0.425"
"2025-03-04";"J10M0";"A1100";"P1D_L";"ZZ";"0.432"
"2025-03-05";"J10M0";"A1100";"P1D_L";"ZZ";"0.538"
"2025-03-06";"J10M0";"A1100";"P1D_L";"ZZ";"0.65"
"2025-03-07";"J10M0";"A1100";"P1D_L";"ZZ";"0.654"
"2025-03-10";"J10M0";"A1100";"P1D_L";"ZZ";"0.64"
"2025-03-11";"J10M0";"A1100";"P1D_L";"ZZ";"0.72"
"2025-03-12";"J10M0";"A1100";"P1D_L";"ZZ";"0.762"
"2025-03-13";"J10M0";"A1100";"P1D_L";"ZZ";"0.769"
"2025-03-14";"J10M0";"A1100";"P1D_L";"ZZ";"0.771"
"2025-03-17";"J10M0";"A1100";"P1D_L";"ZZ";"0.704"
"2025-03-18";"J10M0";"A1100";"P1D_L";"ZZ";"0.715"
"2025-03-19";"J10M0";"A1100";"P1D_L";"ZZ";"0.68"
"2025-03-20";"J10M0";"A1100";"P1D_L";"ZZ";"0.653"
"2025-03-21";"J10M0";"A1100";"P1D_L";"ZZ";"0.656"
"2025-03-24";"J10M0";"A1100";"P1D_L";"ZZ";"0.679"
"2025-03-25";"J10M0";"A1100";"P1D_L";"ZZ";"0.7"
"2025-03-26";"J10M0";"A1100";"P1D_L";"ZZ";"0.679"
"2025-03-27";"J10M0";"A1100";"P1D_L";"ZZ";"0.648"
"2025-03-28";"J10M0";"A1100";"P1D_L";"ZZ";"0.565"
"2025-03-31";"J10M0";"A1100";"P1D_L";"ZZ";"0.514"
"2025-04-01";"J10M0";"A1100";"P1D_L";"ZZ";"0.488"
"2025-04-02";"J10M0";"A1100";"P1D_L";"ZZ";"0.469"
"2025-04-03";"J10M0";"A1100";"P1D_L";"ZZ";"0.458"
"2025-04-04";"J10M0";"A1100";"P1D_L";"ZZ";"0.386"
"2025-04-07";"J10M0";"A1100";"P1D_L";"ZZ";"0.369"
"2025-04-08";"J10M0";"A1100";"P1D_L";"ZZ";"0.398"
"2025-04-09";"J10M0";"A1100";"P1D_L";"ZZ";"0.453"
"2025-04-10";"J10M0";"A1100";"P1D_L";"ZZ";"0.481"
"2025-04-11";"J10M0";"A1100";"P1D_L";"ZZ";"0.411"
"2025-04-14";"J10M0";"A1100";"P1D_L";"ZZ";"0.396"
"2025-04-15";"J10M0";"A1100";"P1D_L";"ZZ";"0.41"
"2025-04-16";"J10M0";"A1100";"P1D_L";"ZZ";"0.405"
"2025-04-17";"J10M0";"A1100";"P1D_L";"ZZ";"0.43"
"2025-04-18";"J10M0";"A1100";"P1D_L";"ZZ";
"2025-04-21";"J10M0";"A1100";"P1D_L";"ZZ";
"2025-04-22";"J10M0";"A1100";"P1D_L";"ZZ";"0.399"
"2025-04-23";"J10M0";"A1100";"P1D_L";"ZZ";"0.417"
"2025-04-24";"J10M0";"A1100";"P1D_L";"ZZ";"0.415"
"2025-04-25";"J10M0";"A1100";"P1D_L";"ZZ";"0.417"
"2025-04-28";"J10M0";"A1100";"P1D_L";"ZZ";"0.388"
"2025-04-29";"J10M0";"A1100";"P1D_L";"ZZ";"0.371"
"2025-04-30";"J10M0";"A1100";"P1D_L";"ZZ";"0.326"
"2025-05-01";"J10M0";"A1100";"P1D_L";"ZZ";
"2025-05-02";"J10M0";"A1100";"P1D_L";"ZZ";"0.302"
"2025-05-05";"J10M0";"A1100";"P1D_L";"ZZ";"0.326"
"2025-05-06";"J10M0";"A1100";"P1D_L";"ZZ";"0.338"
"2025-05-07";"J10M0";"A1100";"P1D_L";"ZZ";"0.26"
"2025-05-08";"J10M0";"A1100";"P1D_L";"ZZ";"0.216"
"2025-05-09";"J10M0";"A1100";"P1D_L";"ZZ";"0.315"
"2025-05-12";"J10M0";"A1100";"P1D_L";"ZZ";"0.336"
"2025-05-13";"J10M0";"A1100";"P1D_L";"ZZ";"0.369"
"2025-05-14";"J10M0";"A1100";"P1D_L";"ZZ";"0.38"
"2025-05-15";"J10M0";"A1100";"P1D_L";"ZZ";"0.357"
"2025-05-16";"J10M0";"A1100";"P1D_L";"ZZ";"0.326"
"2025-05-19";"J10M0";"A1100";"P1D_L";"ZZ";"0.356"
"2025-05-20";"J10M0";"A1100";"P1D_L";"ZZ";"0.327"
"2025-05-21";"J10M0";"A1100";"P1D_L";"ZZ";"0.401"
"2025-05-22";"J10M0";"A1100";"P1D_L";"ZZ";"0.388"
"2025-05-23";"J10M0";"A1100";"P1D_L";"ZZ";"0.352"
"2025-05-26";"J10M0";"A1100";"P1D_L";"ZZ";"0.319"
"2025-05-27";"J10M0";"A1100";"P1D_L";"ZZ";"0.279"
"2025-05-28";"J10M0";"A1100";"P1D_L";"ZZ";"0.274"
"2025-05-29";"J10M0";"A1100";"P1D_L";"ZZ";
"2025-05-30";"J10M0";"A1100";"P1D_L";"ZZ";"0.259"
"2025-06-02";"J10M0";"A1100";"P1D_L";"ZZ";"0.277"
"2025-06-03";"J10M0";"A1100";"P1D_L";"ZZ";"0.236"
"2025-06-04";"J10M0";"A1100";"P1D_L";"ZZ";"0.236"
"2025-06-05";"J10M0";"A1100";"P1D_L";"ZZ";"0.232"
"2025-06-06";"J10M0";"A1100";"P1D_L";"ZZ";"0.275"
"2025-06-09";"J10M0";"A1100";"P1D_L";"ZZ";
"2025-06-10";"J10M0";"A1100";"P1D_L";"ZZ";"0.303"
"2025-06-11";"J10M0";"A1100";"P1D_L";"ZZ";"0.294"
"2025-06-12";"J10M0";"A1100";"P1D_L";"ZZ";"0.266"
"2025-06-13";"J10M0";"A1100";"P1D_L";"ZZ";"0.266"
"2025-06-16";"J10M0";"A1100";"P1D_L";"ZZ";"0.317"
"2025-06-17";"J10M0";"A1100";"P1D_L";"ZZ";"0.319"
"2025-06-18";"J10M0";"A1100";"P1D_L";"ZZ";"0.319"
"2025-06-19";"J10M0";"A1100";"P1D_L";"ZZ";"0.307"
"2025-06-20";"J10M0";"A1100";"P1D_L";"ZZ";"0.359"
"2025-06-23";"J10M0";"A1100";"P1D_L";"ZZ";"0.407"
"2025-06-24";"J10M0";"A1100";"P1D_L";"ZZ";"0.375"
"2025-06-25";"J10M0";"A1100";"P1D_L";"ZZ";"0.366"
"2025-06-26";"J10M0";"A1100";"P1D_L";"ZZ";"0.377"
"2025-06-27";"J10M0";"A1100";"P1D_L";"ZZ";"0.41"
"2025-06-30";"J10M0";"A1100";"P1D_L";"ZZ";"0.41"
"2025-07-01";"J10M0";"A1100";"P1D_L";"ZZ";"0.41"
"2025-07-02";"J10M0";"A1100";"P1D_L";"ZZ";"0.42"
"2025-07-03";"J10M0";"A1100";"P1D_L";"ZZ";"0.409"
"2025-07-04";"J10M0";"A1100";"P1D_L";"ZZ";"0.394"
"2025-07-07";"J10M0";"A1100";"P1D_L";"ZZ";"0.416"
"2025-07-08";"J10M0";"A1100";"P1D_L";"ZZ";"0.442"
"2025-07-09";"J10M0";"A1100";"P1D_L";"ZZ";"0.448"
"2025-07-10";"J10M0";"A1100";"P1D_L";"ZZ";"0.439"
"2025-07-11";"J10M0";"A1100";"P1D_L";"ZZ";"0.464"
"2025-07-14";"J10M0";"A1100";"P1D_L";"ZZ";"0.472"
"2025-07-15";"J10M0";"A1100";"P1D_L";"ZZ";"0.459"
"2025-07-16";"J10M0";"A1100";"P1D_L";"ZZ";"0.472"
"2025-07-17";"J10M0";"A1100";"P1D_L";"ZZ";"0.465"
"2025-07-18";"J10M0";"A1100";"P1D_L";"ZZ";"0.463"
"2025-07-21";"J10M0";"A1100";"P1D_L";"ZZ";"0.453"
"2025-07-22";"J10M0";"A1100";"P1D_L";"ZZ";"0.444"
"2025-07-23";"J10M0";"A1100";"P1D_L";"ZZ";"0.438"
"2025-07-24";"J10M0";"A1100";"P1D_L";"ZZ";"0.436"
"2025-07-25";"J10M0";"A1100";"P1D_L";"ZZ";"0.439"
"2025-07-28";"J10M0";"A1100";"P1D_L";"ZZ";"0.425"
"2025-07-29";"J10M0";"A1100";"P1D_L";"ZZ";"0.398"
"2025-07-30";"J10M0";"A1100";"P1D_L";"ZZ";"0.378"
"2025-07-31";"J10M0";"A1100";"P1D_L";"ZZ";"0.378"
"2025-08-01";"J10M0";"A1100";"P1D_L";"ZZ";
"2025-08-04";"J10M0";"A1100";"P1D_L";"ZZ";"0.368"
"2025-08-05";"J10M0";"A1100";"P1D_L";"ZZ";"0.307"
"2025-08-06";"J10M0";"A1100";"P1D_L";"ZZ";"0.304"
"2025-08-07";"J10M0";"A1100";"P1D_L";"ZZ";"0.269"
"2025-08-08";"J10M0";"A1100";"P1D_L";"ZZ";"0.26"
"2025-08-11";"J10M0";"A1100";"P1D_L";"ZZ";"0.268"
"2025-08-12";"J10M0";"A1100";"P1D_L";"ZZ";"0.266"
"2025-08-13";"J10M0";"A1100";"P1D_L";"ZZ";"0.258"
"2025-08-14";"J10M0";"A1100";"P1D_L";"ZZ";"0.256"
"2025-08-15";"J10M0";"A1100";"P1D_L";"ZZ";"0.307"
"2025-08-18";"J10M0";"A1100";"P1D_L";"ZZ";"0.298"
"2025-08-19";"J10M0";"A1100";"P1D_L";"ZZ";"0.341"
"2025-08-20";"J10M0";"A1100";"P1D_L";"ZZ";"0.31"
"2025-08-21";"J10M0";"A1100";"P1D_L";"ZZ";"0.328"
"2025-08-22";"J10M0";"A1100";"P1D_L";"ZZ";"0.359"
"2025-08-25";"J10M0";"A1100";"P1D_L";"ZZ";"0.355"
"2025-08-26";"J10M0";"A1100";"P1D_L";"ZZ";"0.329"
"2025-08-27";"J10M0";"A1100";"P1D_L";"ZZ";"0.289"
"2025-08-28";"J10M0";"A1100";"P1D_L";"ZZ";"0.292"
"2025-08-29";"J10M0";"A1100";"P1D_L";"ZZ";"0.317"
"2025-09-01";"J10M0";"A1100";"P1D_L";"ZZ";"0.33"
"2025-09-02";"J10M0";"A1100";"P1D_L";"ZZ";"0.337"
"2025-09-03";"J10M0";"A1100";"P1D_L";"ZZ";"0.355"
"2025-09-04";"J10M0";"A1100";"P1D_L";"ZZ";"0.279"
"2025-09-05";"J10M0";"A1100";"P1D_L";"ZZ";"0.29"
"2025-09-08";"J10M0";"A1100";"P1D_L";"ZZ";"0.278"
"2025-09-09";"J10M0";"A1100";"P1D_L";"ZZ";"0.266"
"2025-09-10";"J10M0";"A1100";"P1D_L";"ZZ";"0.269"
"2025-09-11";"J10M0";"A1100";"P1D_L";"ZZ";"0.253"
"2025-09-12";"J10M0";"A1100";"P1D_L";"ZZ";"0.23"
"2025-09-15";"J10M0";"A1100";"P1D_L";"ZZ";"0.256"
"2025-09-16";"J10M0";"A1100";"P1D_L";"ZZ";"0.245"
"2025-09-17";"J10M0";"A1100";"P1D_L";"ZZ";"0.222"
"2025-09-18";"J10M0";"A1100";"P1D_L";"ZZ";"0.193"
"2025-09-19";"J10M0";"A1100";"P1D_L";"ZZ";"0.219"
"2025-09-22";"J10M0";"A1100";"P1D_L";"ZZ";"0.222"
"2025-09-23";"J10M0";"A1100";"P1D_L";"ZZ";"0.209"
"2025-09-24";"J10M0";"A1100";"P1D_L";"ZZ";"0.211"
"2025-09-25";"J10M0";"A1100";"P1D_L";"ZZ";"0.23"
"2025-09-26";"J10M0";"A1100";"P1D_L";"ZZ";"0.218"
"2025-09-29";"J10M0";"A1100";"P1D_L";"ZZ";"0.19"
"2025-09-30";"J10M0";"A1100";"P1D_L";"ZZ";"0.204"
"2025-10-01";"J10M0";"A1100";"P1D_L";"ZZ";"0.239"
"2025-10-02";"J10M0";"A1100";"P1D_L";"ZZ";"0.251"
"2025-10-03";"J10M0";"A1100";"P1D_L";"ZZ";"0.244"
"2025-10-06";"J10M0";"A1100";"P1D_L";"ZZ";"0.26"
"2025-10-07";"J10M0";"A1100";"P1D_L";"ZZ";"0.276"
"2025-10-08";"J10M0";"A1100";"P1D_L";"ZZ";"0.281"
"2025-10-09";"J10M0";"A1100";"P1D_L";"ZZ";"0.25"
"2025-10-10";"J10M0";"A1100";"P1D_L";"ZZ";"0.242"
"2025-10-13";"J10M0";"A1100";"P1D_L";"ZZ";"0.208"
"2025-10-14";"J10M0";"A1100";"P1D_L";"ZZ";"0.178"
"2025-10-15";"J10M0";"A1100";"P1D_L";"ZZ";"0.184"
"2025-10-16";"J10M0";"A1100";"P1D_L";"ZZ";"0.167"
"2025-10-17";"J10M0";"A1100";"P1D_L";"ZZ";"0.162"
"2025-10-20";"J10M0";"A1100";"P1D_L";"ZZ";"0.187"
"2025-10-21";"J10M0";"A1100";"P1D_L";"ZZ";"0.161"
"2025-10-22";"J10M0";"A1100";"P1D_L";"ZZ";"0.163"
"2025-10-23";"J10M0";"A1100";"P1D_L";"ZZ";"0.171"
"2025-10-24";"J10M0";"A1100";"P1D_L";"ZZ";"0.181"
"2025-10-27";"J10M0";"A1100";"P1D_L";"ZZ";"0.183"
"2025-10-28";"J10M0";"A1100";"P1D_L";"ZZ";"0.17"
"2025-10-29";"J10M0";"A1100";"P1D_L";"ZZ";"0.176"
"2025-10-30";"J10M0";"A1100";"P1D_L";"ZZ";"0.181"
"2025-10-31";"J10M0";"A1100";"P1D_L";"ZZ";"0.184"
"2025-11-03";"J10M0";"A1100";"P1D_L";"ZZ";"0.156"
"2025-11-04";"J10M0";"A1100";"P1D_L";"ZZ";"0.154"
"2025-11-05";"J10M0";"A1100";"P1D_L";"ZZ";"0.139"
"2025-11-06";"J10M0";"A1100";"P1D_L";"ZZ";"0.152"
"2025-11-07";"J10M0";"A1100";"P1D_L";"ZZ";"0.162"
"2025-11-10";"J10M0";"A1100";"P1D_L";"ZZ";"0.164"
"2025-11-11";"J10M0";"A1100";"P1D_L";"ZZ";"0.18"
"2025-11-12";"J10M0";"A1100";"P1D_L";"ZZ";"0.216"
"2025-11-13";"J10M0";"A1100";"P1D_L";"ZZ";"0.171"
"2025-11-14";"J10M0";"A1100";"P1D_L";"ZZ";"0.198"
"2025-11-17";"J10M0";"A1100";"P1D_L";"ZZ";"0.183"
"2025-11-18";"J10M0";"A1100";"P1D_L";"ZZ";"0.182"
"2025-11-19";"J10M0";"A1100";"P1D_L";"ZZ";"0.183"
"2025-11-20";"J10M0";"A1100";"P1D_L";"ZZ";"0.196"
"2025-11-21";"J10M0";"A1100";"P1D_L";"ZZ";"0.181"
"2025-11-24";"J10M0";"A1100";"P1D_L";"ZZ";"0.155"
"2025-11-25";"J10M0";"A1100";"P1D_L";"ZZ";"0.192"
"2025-11-26";"J10M0";"A1100";"P1D_L";"ZZ";"0.176"
"2025-11-27";"J10M0";"A1100";"P1D_L";"ZZ";"0.19"
"2025-11-28";"J10M0";"A1100";"P1D_L";"ZZ";"0.187"
"2025-12-01";"J10M0";"A1100";"P1D_L";"ZZ";"0.193"
"2025-12-02";"J10M0";"A1100";"P1D_L";"ZZ";"0.191"
"2025-12-03";"J10M0";"A1100";"P1D_L";"ZZ";"0.182"
"2025-12-04";"J10M0";"A1100";"P1D_L";"ZZ";"0.173"
"2025-12-05";"J10M0";"A1100";"P1D_L";"ZZ";"0.194"
"2025-12-08";"J10M0";"A1100";"P1D_L";"ZZ";"0.238"
"2025-12-09";"J10M0";"A1100";"P1D_L";"ZZ";"0.278"
"2025-12-10";"J10M0";"A1100";"P1D_L";"ZZ";"0.319"
"2025-12-11";"J10M0";"A1100";"P1D_L";"ZZ";"0.305"
"2025-12-12";"J10M0";"A1100";"P1D_L";"ZZ";"0.34"
"2025-12-15";"J10M0";"A1100";"P1D_L";"ZZ";"0.336"
"2025-12-16";"J10M0";"A1100";"P1D_L";"ZZ";"0.317"
"2025-12-17";"J10M0";"A1100";"P1D_L";"ZZ";"0.332"
"2025-12-18";"J10M0";"A1100";"P1D_L";"ZZ";"0.337"
"2025-12-19";"J10M0";"A1100";"P1D_L";"ZZ";"0.351"
"2025-12-22";"J10M0";"A1100";"P1D_L";"ZZ";"0.371"
"2025-12-23";"J10M0";"A1100";"P1D_L";"ZZ";"0.35"
"2025-12-24";"J10M0";"A1100";"P1D_L";"ZZ";
"2025-12-25";"J10M0";"A1100";"P1D_L";"ZZ";
"2025-12-26";"J10M0";"A1100";"P1D_L";"ZZ";
"2025-12-29";"J10M0";"A1100";"P1D_L";"ZZ";"0.335"
"2025-12-30";"J10M0";"A1100";"P1D_L";"ZZ";"0.333"
"2025-12-31";"J10M0";"A1100";"P1D_L";"ZZ";
"2026-01-01";"J10M0";"A1100";"P1D_L";"ZZ";
"2026-01-02";"J10M0";"A1100";"P1D_L";"ZZ";
"2026-01-05";"J10M0";"A1100";"P1D_L";"ZZ";"0.34"
"2026-01-06";"J10M0";"A1100";"P1D_L";"ZZ";"0.301"
"2026-01-07";"J10M0";"A1100";"P1D_L";"ZZ";"0.295"
"2026-01-08";"J10M0";"A1100";"P1D_L";"ZZ";"0.308"
"2026-01-09";"J10M0";"A1100";"P1D_L";"ZZ";"0.324"
"2026-01-12";"J10M0";"A1100";"P1D_L";"ZZ";"0.322"
"2026-01-13";"J10M0";"A1100";"P1D_L";"ZZ";"0.3"
"2026-01-14";"J10M0";"A1100";"P1D_L";"ZZ";"0.296"
"2026-01-15";"J10M0";"A1100";"P1D_L";"ZZ";"0.288"
"2026-01-16";"J10M0";"A1100";"P1D_L";"ZZ";"0.279"
"2026-01-19";"J10M0";"A1100";"P1D_L";"ZZ";"0.275"
"2026-01-20";"J10M0";"A1100";"P1D_L";"ZZ";"0.317"
"2026-01-21";"J10M0";"A1100";"P1D_L";"ZZ";"0.307"
"2026-01-22";"J10M0";"A1100";"P1D_L";"ZZ";"0.305"
"2026-01-23";"J10M0";"A1100";"P1D_L";"ZZ";"0.317"
"2026-01-26";"J10M0";"A1100";"P1D_L";"ZZ";"0.321"
"2026-01-27";"J10M0";"A1100";"P1D_L";"ZZ";"0.32"
"2026-01-28";"J10M0";"A1100";"P1D_L";"ZZ";"0.265"
"2026-01-29";"J10M0";"A1100";"P1D_L";"ZZ";"0.289"
"2026-01-30";"J10M0";"A1100";"P1D_L";"ZZ";"0.269"
"2026-02-02";"J10M0";"A1100";"P1D_L";"ZZ";"0.264"
"2026-02-03";"J10M0";"A1100";"P1D_L";"ZZ";"0.299"
"2026-02-04";"J10M0";"A1100";"P1D_L";"ZZ";"0.304"
"2026-02-05";"J10M0";"A1100";"P1D_L";"ZZ";"0.303"
"2026-02-06";"J10M0";"A1100";"P1D_L";"ZZ";"0.286"
"2026-02-09";"J10M0";"A1100";"P1D_L";"ZZ";"0.305"
"2026-02-10";"J10M0";"A1100";"P1D_L";"ZZ";"0.316"
"2026-02-11";"J10M0";"A1100";"P1D_L";"ZZ";"0.303"
"2026-02-12";"J10M0";"A1100";"P1D_L";"ZZ";"0.325"
"2026-02-13";"J10M0";"A1100";"P1D_L";"ZZ";"0.313"
"2026-02-16";"J10M0";"A1100";"P1D_L";"ZZ";"0.294"
"2026-02-17";"J10M0";"A1100";"P1D_L";"ZZ";"0.269"
"2026-02-18";"J10M0";"A1100";"P1D_L";"ZZ";"0.244"
"2026-02-19";"J10M0";"A1100";"P1D_L";"ZZ";"0.278"
"2026-02-20";"J10M0";"A1100";"P1D_L";"ZZ";"0.29"
"2026-02-23";"J10M0";"A1100";"P1D_L";"ZZ";"0.286"
"2026-02-24";"J10M0";"A1100";"P1D_L";"ZZ";"0.245"
"2026-02-25";"J10M0";"A1100";"P1D_L";"ZZ";"0.268"
"2026-02-26";"J10M0";"A1100";"P1D_L";"ZZ";"0.263"
"2026-02-27";"J10M0";"A1100";"P1D_L";"ZZ";"0.25"
"2026-03-02";"J10M0";"A1100";"P1D_L";"ZZ";"0.236"
"2026-03-03";"J10M0";"A1100";"P1D_L";"ZZ";"0.332"
"2026-03-04";"J10M0";"A1100";"P1D_L";"ZZ";"0.316"
"2026-03-05";"J10M0";"A1100";"P1D_L";"ZZ";"0.351"
"2026-03-06";"J10M0";"A1100";"P1D_L";"ZZ";"0.412"
"2026-03-09";"J10M0";"A1100";"P1D_L";"ZZ";"0.441"
"2026-03-10";"J10M0";"A1100";"P1D_L";"ZZ";"0.387"
"2026-03-11";"J10M0";"A1100";"P1D_L";"ZZ";"0.436"
"2026-03-12";"J10M0";"A1100";"P1D_L";"ZZ";"0.421"
"2026-03-13";"J10M0";"A1100";"P1D_L";"ZZ";"0.444"
"2026-03-16";"J10M0";"A1100";"P1D_L";"ZZ";"0.433"
"2026-03-17";"J10M0";"A1100";"P1D_L";"ZZ";"0.389"
"2026-03-18";"J10M0";"A1100";"P1D_L";"ZZ";"0.342"
"2026-03-19";"J10M0";"A1100";"P1D_L";"ZZ";"0.378"
"2026-03-20";"J10M0";"A1100";"P1D_L";"ZZ";"0.406"
"2026-03-23";"J10M0";"A1100";"P1D_L";"ZZ";"0.433"
"2026-03-24";"J10M0";"A1100";"P1D_L";"ZZ";"0.421"
"2026-03-25";"J10M0";"A1100";"P1D_L";"ZZ";"0.379"
"2026-03-26";"J10M0";"A1100";"P1D_L";"ZZ";"0.41"
"2026-03-27";"J10M0";"A1100";"P1D_L";"ZZ";"0.46"
"2026-03-30";"J10M0";"A1100";"P1D_L";"ZZ";"0.425"
"2026-03-31";"J10M0";"A1100";"P1D_L";"ZZ";"0.4"
"2026-04-01";"J10M0";"A1100";"P1D_L";"ZZ";"0.352"
"2026-04-02";"J10M0";"A1100";"P1D_L";"ZZ";"0.409"
"2026-04-03";"J10M0";"A1100";"P1D_L";"ZZ";
"2026-04-06";"J10M0";"A1100";"P1D_L";"ZZ";
"2026-04-07";"J10M0";"A1100";"P1D_L";"ZZ";"0.429"
"2026-04-08";"J10M0";"A1100";"P1D_L";"ZZ";"0.393"
"2026-04-09";"J10M0";"A1100";"P1D_L";"ZZ";"0.442"
"2026-04-10";"J10M0";"A1100";"P1D_L";"ZZ";"0.45"
"2026-04-13";"J10M0";"A1100";"P1D_L";"ZZ";"0.477"
"2026-04-14";"J10M0";"A1100";"P1D_L";"ZZ";"0.429"
"2026-04-15";"J10M0";"A1100";"P1D_L";"ZZ";"0.445"
"2026-04-16";"J10M0";"A1100";"P1D_L";"ZZ";"0.415"
"2026-04-17";"J10M0";"A1100";"P1D_L";"ZZ";"0.431"
"2026-04-20";"J10M0";"A1100";"P1D_L";"ZZ";"0.423"
"2026-04-21";"J10M0";"A1100";"P1D_L";"ZZ";"0.399"
"2026-04-22";"J10M0";"A1100";"P1D_L";"ZZ";"0.412"
"2026-04-23";"J10M0";"A1100";"P1D_L";"ZZ";"0.434"
"2026-04-24";"J10M0";"A1100";"P1D_L";"ZZ";"0.457"
"2026-04-27";"J10M0";"A1100";"P1D_L";"ZZ";"0.448"
"2026-04-28";"J10M0";"A1100";"P1D_L";"ZZ";"0.453"
"2026-04-29";"J10M0";"A1100";"P1D_L";"ZZ";"0.444"
"2026-04-30";"J10M0";"A1100";"P1D_L";"ZZ";"0.446"
"2026-05-01";"J10M0";"A1100";"P1D_L";"ZZ";
"2026-05-04";"J10M0";"A1100";"P1D_L";"ZZ";"0.427"
"2026-05-05";"J10M0";"A1100";"P1D_L";"ZZ";"0.433"
"2026-05-06";"J10M0";"A1100";"P1D_L";"ZZ";"0.406"
"2026-05-07";"J10M0";"A1100";"P1D_L";"ZZ";"0.398"
"2026-05-08";"J10M0";"A1100";"P1D_L";"ZZ";"0.405"
"2026-05-11";"J10M0";"A1100";"P1D_L";"ZZ";"0.416"
"2026-05-12";"J10M0";"A1100";"P1D_L";"ZZ";"0.46"
"2026-05-13";"J10M0";"A1100";"P1D_L";"ZZ";"0.484"
"2026-05-14";"J10M0";"A1100";"P1D_L";"ZZ";
"2026-05-15";"J10M0";"A1100";"P1D_L";"ZZ";"0.492"
"2026-05-18";"J10M0";"A1100";"P1D_L";"ZZ";"0.58"
"2026-05-19";"J10M0";"A1100";"P1D_L";"ZZ";"0.591"
"2026-05-20";"J10M0";"A1100";"P1D_L";"ZZ";"0.604"
"2026-05-21";"J10M0";"A1100";"P1D_L";"ZZ";"0.576"
"2026-05-22";"J10M0";"A1100";"P1D_L";"ZZ";"0.602"
"2026-05-25";"J10M0";"A1100";"P1D_L";"ZZ";
"2026-05-26";"J10M0";"A1100";"P1D_L";"ZZ";"0.543"
"2026-05-27";"J10M0";"A1100";"P1D_L";"ZZ";"0.505"
"2026-05-28";"J10M0";"A1100";"P1D_L";"ZZ";"0.486"
"2026-05-29";"J10M0";"A1100";"P1D_L";"ZZ";"0.442"
"2026-06-01";"J10M0";"A1100";"P1D_L";"ZZ";"0.442"
"2026-06-02";"J10M0";"A1100";"P1D_L";"ZZ";"0.412"
"2026-06-03";"J10M0";"A1100";"P1D_L";"ZZ";"0.441"
"2026-06-04";"J10M0";"A1100";"P1D_L";"ZZ";"0.451"
"2026-06-05";"J10M0";"A1100";"P1D_L";"ZZ";"0.451"
"2026-06-08";"J10M0";"A1100";"P1D_L";"ZZ";"0.481"
"2026-06-09";"J10M0";"A1100";"P1D_L";"ZZ";"0.473"
"2026-06-10";"J10M0";"A1100";"P1D_L";"ZZ";"0.482"
"2026-06-11";"J10M0";"A1100";"P1D_L";"ZZ";"0.487"
"2026-06-12";"J10M0";"A1100";"P1D_L";"ZZ";"0.451"
"2026-06-15";"J10M0";"A1100";"P1D_L";"ZZ";"0.406"
"2026-06-16";"J10M0";"A1100";"P1D_L";"ZZ";"0.393"
"2026-06-17";"J10M0";"A1100";"P1D_L";"ZZ";"0.386"
"2026-06-18";"J10M0";"A1100";"P1D_L";"ZZ";"0.371"
"2026-06-19";"J10M0";"A1100";"P1D_L";"ZZ";"0.384"
"2026-06-22";"J10M0";"A1100";"P1D_L";"ZZ";"0.385"
"2026-06-23";"J10M0";"A1100";"P1D_L";"ZZ";"0.37"
"2026-06-24";"J10M0";"A1100";"P1D_L";"ZZ";"0.353"
"2026-06-25";"J10M0";"A1100";"P1D_L";"ZZ";"0.311"
"2026-06-26";"J10M0";"A1100";"P1D_L";"ZZ";"0.3"
"2026-06-29";"J10M0";"A1100";"P1D_L";"ZZ";"0.305"
"2026-06-30";"J10M0";"A1100";"P1D_L";"ZZ";"0.31"
"2026-07-01";"J10M0";"A1100";"P1D_L";"ZZ";"0.337"
"2026-07-02";"J10M0";"A1100";"P1D_L";"ZZ";"0.356"
"2026-07-03";"J10M0";"A1100";"P1D_L";"ZZ";"0.365"
"2026-07-06";"J10M0";"A1100";"P1D_L";"ZZ";"0.364"
"2026-07-07";"J10M0";"A1100";"P1D_L";"ZZ";"0.384"
"2026-07-08";"J10M0";"A1100";"P1D_L";"ZZ";"0.41"
"2026-07-09";"J10M0";"A1100";"P1D_L";"ZZ";"0.426"
"2026-07-10";"J10M0";"A1100";"P1D_L";"ZZ";"0.44"
"2026-07-13";"J10M0";"A1100";"P1D_L";"ZZ";"0.467"
"2026-07-14";"J10M0";"A1100";"P1D_L";"ZZ";"0.485"
"2026-07-15";"J10M0";"A1100";"P1D_L";"ZZ";"0.473"
"2026-07-16";"J10M0";"A1100";"P1D_L";"ZZ";"0.483"
"2026-07-17";"J10M0";"A1100";"P1D_L";"ZZ";"0.48"
"2026-07-20";"J10M0";"A1100";"P1D_L";"ZZ";"0.49"
"2026-07-21";"J10M0";"A1100";"P1D_L";"ZZ";"0.513"
"2026-07-22";"J10M0";"A1100";"P1D_L";"ZZ";"0.499"
"2026-07-23";"J10M0";"A1100";"P1D_L";"ZZ";"0.535"
"2026-07-24";"J10M0";"A1100";"P1D_L";"ZZ";"0.537"
"2026-07-27";"J10M0";"A1100";"P1D_L";"ZZ";"0.492"
"2026-07-28";"J10M0";"A1100";"P1D_L";"ZZ";"0.438"
"2026-07-29";"J10M0";"A1100";"P1D_L";"ZZ";"0.461"
"2026-07-30";"J10M0";"A1100";"P1D_L";"ZZ";"0.482"
"2026-07-31";"J10M0";"A1100";"P1D_L";"ZZ";"0.475"
"2026-08-03";"J10M0";"A1100";"P1D_L";"ZZ";"0.476"
"2026-08-04";"J10M0";"A1100";"P1D_L";"ZZ";"0.485"
"2026-08-05";"J10M0";"A1100";"P1D_L";"ZZ";"0.428"
"2026-08-06";"J10M0";"A1100";"P1D_L";"ZZ";"0.421"
"2026-08-07";"J10M0";"A1100";"P1D_L";"ZZ";"0.441"
"2026-08-10";"J10M0";"A1100";"P1D_L";"ZZ";"0.438"
"2026-08-11";"J10M0";"A1100";"P1D_L";"ZZ";"0.484"
"2026-08-12";"J10M0";"A1100";"P1D_L";"ZZ";"0.457"
"2026-08-13";"J10M0";"A1100";"P1D_L";"ZZ";"0.441"
"2026-08-14";"J10M0";"A1100";"P1D_L";"ZZ";"0.429"
"2026-08-17";"J10M0";"A1100";"P1D_L";"ZZ";"0.454"
"2026-08-18";"J10M0";"A1100";"P1D_L";"ZZ";"0.488"
"2026-08-19";"J10M0";"A1100";"P1D_L";"ZZ";"0.47"
"2026-08-20";"J10M0";"A1100";"P1D_L";"ZZ";"0.468"
"2026-08-21";"J10M0";"A1100";"P1D_L";"ZZ";"0.462"
"2026-08-24";"J10M0";"A1100";"P1D_L";"ZZ";"0.452"
"2026-08-25";"J10M0";"A1100";"P1D_L";"ZZ";"0.442"
"2026-08-26";"J10M0";"A1100";"P1D_L";"ZZ";"0.412"
"2026-08-27";"J10M0";"A1100";"P1D_L";"ZZ";"0.424"
"2026-08-28";"J10M0";"A1100";"P1D_L";"ZZ";"0.443"
"2026-08-31";"J10M0";"A1100";"P1D_L";"ZZ";"0.469"
"2026-09-01";"J10M0";"A1100";"P1D_L";"ZZ";"0.51"
"2026-09-02";"J10M0";"A1100";"P1D_L";"ZZ";"0.501"
"2026-09-03";"J10M0";"A1100";"P1D_L";"ZZ";"0.49"
