"CubeId";"SNB1A@SNB.NSS.KZS.EID"
"PublishingDate";"2026-08-21 09:55"

"Date";"LAUFZEIT";"ZEITPUNKT";"frequency";"AGGREGATIONSMETHODE";"Value"
"1988-01-04";"J02M0";"A1100";"P1D_L";"ZZ";"3.691"
"1988-01-05";"J02M0";"A1100";"P1D_L";"ZZ";
"1988-01-06";"J02M0";"A1100";"P1D_L";"ZZ";
"1988-01-07";"J02M0";"A1100";"P1D_L";"ZZ";
"1988-01-08";"J02M0";"A1100";"P1D_L";"ZZ";
"1988-01-11";"J02M0";"A1100";"P1D_L";"ZZ";"3.72"
"1988-01-12";"J02M0";"A1100";"P1D_L";"ZZ";
"1988-01-13";"J02M0";"A1100";"P1D_L";"ZZ";
"1988-01-14";"J02M0";"A1100";"P1D_L";"ZZ";
"1988-01-15";"J02M0";"A1100";"P1D_L";"ZZ";
"1988-01-18";"J02M0";"A1100";"P1D_L";"ZZ";"3.699"
"1988-01-19";"J02M0";"A1100";"P1D_L";"ZZ";
"1988-01-20";"J02M0";"A1100";"P1D_L";"ZZ";
"1988-01-21";"J02M0";"A1100";"P1D_L";"ZZ";
"1988-01-22";"J02M0";"A1100";"P1D_L";"ZZ";
"1988-01-25";"J02M0";"A1100";"P1D_L";"ZZ";"3.101"
"1988-01-26";"J02M0";"A1100";"P1D_L";"ZZ";
"1988-01-27";"J02M0";"A1100";"P1D_L";"ZZ";
"1988-01-28";"J02M0";"A1100";"P1D_L";"ZZ";
"1988-01-29";"J02M0";"A1100";"P1D_L";"ZZ";"3.218"
"1988-02-01";"J02M0";"A1100";"P1D_L";"ZZ";"3.199"
"1988-02-02";"J02M0";"A1100";"P1D_L";"ZZ";
"1988-02-03";"J02M0";"A1100";"P1D_L";"ZZ";
"1988-02-04";"J02M0";"A1100";"P1D_L";"ZZ";
"1988-02-05";"J02M0";"A1100";"P1D_L";"ZZ";
"1988-02-08";"J02M0";"A1100";"P1D_L";"ZZ";"3.495"
"1988-02-09";"J02M0";"A1100";"P1D_L";"ZZ";
"1988-02-10";"J02M0";"A1100";"P1D_L";"ZZ";
"1988-02-11";"J02M0";"A1100";"P1D_L";"ZZ";
"1988-02-12";"J02M0";"A1100";"P1D_L";"ZZ";
"1988-02-15";"J02M0";"A1100";"P1D_L";"ZZ";"2.946"
"1988-02-16";"J02M0";"A1100";"P1D_L";"ZZ";
"1988-02-17";"J02M0";"A1100";"P1D_L";"ZZ";
"1988-02-18";"J02M0";"A1100";"P1D_L";"ZZ";
"1988-02-19";"J02M0";"A1100";"P1D_L";"ZZ";
"1988-02-22";"J02M0";"A1100";"P1D_L";"ZZ";"3.71"
"1988-02-23";"J02M0";"A1100";"P1D_L";"ZZ";
"1988-02-24";"J02M0";"A1100";"P1D_L";"ZZ";
"1988-02-25";"J02M0";"A1100";"P1D_L";"ZZ";
"1988-02-26";"J02M0";"A1100";"P1D_L";"ZZ";
"1988-02-29";"J02M0";"A1100";"P1D_L";"ZZ";"2.99"
"1988-03-01";"J02M0";"A1100";"P1D_L";"ZZ";
"1988-03-02";"J02M0";"A1100";"P1D_L";"ZZ";
"1988-03-03";"J02M0";"A1100";"P1D_L";"ZZ";
"1988-03-04";"J02M0";"A1100";"P1D_L";"ZZ";
"1988-03-07";"J02M0";"A1100";"P1D_L";"ZZ";"3.097"
"1988-03-08";"J02M0";"A1100";"P1D_L";"ZZ";
"1988-03-09";"J02M0";"A1100";"P1D_L";"ZZ";
"1988-03-10";"J02M0";"A1100";"P1D_L";"ZZ";
"1988-03-11";"J02M0";"A1100";"P1D_L";"ZZ";
"1988-03-14";"J02M0";"A1100";"P1D_L";"ZZ";"3.07"
"1988-03-15";"J02M0";"A1100";"P1D_L";"ZZ";
"1988-03-16";"J02M0";"A1100";"P1D_L";"ZZ";
"1988-03-17";"J02M0";"A1100";"P1D_L";"ZZ";
"1988-03-18";"J02M0";"A1100";"P1D_L";"ZZ";
"1988-03-21";"J02M0";"A1100";"P1D_L";"ZZ";"2.996"
"1988-03-22";"J02M0";"A1100";"P1D_L";"ZZ";
"1988-03-23";"J02M0";"A1100";"P1D_L";"ZZ";
"1988-03-24";"J02M0";"A1100";"P1D_L";"ZZ";
"1988-03-25";"J02M0";"A1100";"P1D_L";"ZZ";
"1988-03-28";"J02M0";"A1100";"P1D_L";"ZZ";"3.06"
"1988-03-29";"J02M0";"A1100";"P1D_L";"ZZ";
"1988-03-30";"J02M0";"A1100";"P1D_L";"ZZ";
"1988-03-31";"J02M0";"A1100";"P1D_L";"ZZ";"3.263"
"1988-04-01";"J02M0";"A1100";"P1D_L";"ZZ";
"1988-04-04";"J02M0";"A1100";"P1D_L";"ZZ";
"1988-04-05";"J02M0";"A1100";"P1D_L";"ZZ";"3.269"
"1988-04-06";"J02M0";"A1100";"P1D_L";"ZZ";
"1988-04-07";"J02M0";"A1100";"P1D_L";"ZZ";
"1988-04-08";"J02M0";"A1100";"P1D_L";"ZZ";
"1988-04-11";"J02M0";"A1100";"P1D_L";"ZZ";"3.271"
"1988-04-12";"J02M0";"A1100";"P1D_L";"ZZ";
"1988-04-13";"J02M0";"A1100";"P1D_L";"ZZ";
"1988-04-14";"J02M0";"A1100";"P1D_L";"ZZ";
"1988-04-15";"J02M0";"A1100";"P1D_L";"ZZ";
"1988-04-18";"J02M0";"A1100";"P1D_L";"ZZ";"3.091"
"1988-04-19";"J02M0";"A1100";"P1D_L";"ZZ";
"1988-04-20";"J02M0";"A1100";"P1D_L";"ZZ";
"1988-04-21";"J02M0";"A1100";"P1D_L";"ZZ";
"1988-04-22";"J02M0";"A1100";"P1D_L";"ZZ";
"1988-04-25";"J02M0";"A1100";"P1D_L";"ZZ";"3.318"
"1988-04-26";"J02M0";"A1100";"P1D_L";"ZZ";
"1988-04-27";"J02M0";"A1100";"P1D_L";"ZZ";
"1988-04-28";"J02M0";"A1100";"P1D_L";"ZZ";
"1988-04-29";"J02M0";"A1100";"P1D_L";"ZZ";"3.25"
"1988-05-02";"J02M0";"A1100";"P1D_L";"ZZ";"3.014"
"1988-05-03";"J02M0";"A1100";"P1D_L";"ZZ";
"1988-05-04";"J02M0";"A1100";"P1D_L";"ZZ";
"1988-05-05";"J02M0";"A1100";"P1D_L";"ZZ";
"1988-05-06";"J02M0";"A1100";"P1D_L";"ZZ";
"1988-05-09";"J02M0";"A1100";"P1D_L";"ZZ";"3.374"
"1988-05-10";"J02M0";"A1100";"P1D_L";"ZZ";
"1988-05-11";"J02M0";"A1100";"P1D_L";"ZZ";
"1988-05-12";"J02M0";"A1100";"P1D_L";"ZZ";
"1988-05-13";"J02M0";"A1100";"P1D_L";"ZZ";
"1988-05-16";"J02M0";"A1100";"P1D_L";"ZZ";"3.339"
"1988-05-17";"J02M0";"A1100";"P1D_L";"ZZ";
"1988-05-18";"J02M0";"A1100";"P1D_L";"ZZ";
"1988-05-19";"J02M0";"A1100";"P1D_L";"ZZ";
"1988-05-20";"J02M0";"A1100";"P1D_L";"ZZ";
"1988-05-23";"J02M0";"A1100";"P1D_L";"ZZ";
"1988-05-24";"J02M0";"A1100";"P1D_L";"ZZ";"3.339"
"1988-05-25";"J02M0";"A1100";"P1D_L";"ZZ";
"1988-05-26";"J02M0";"A1100";"P1D_L";"ZZ";
"1988-05-27";"J02M0";"A1100";"P1D_L";"ZZ";
"1988-05-30";"J02M0";"A1100";"P1D_L";"ZZ";"3.458"
"1988-05-31";"J02M0";"A1100";"P1D_L";"ZZ";"3.602"
"1988-06-01";"J02M0";"A1100";"P1D_L";"ZZ";
"1988-06-02";"J02M0";"A1100";"P1D_L";"ZZ";
"1988-06-03";"J02M0";"A1100";"P1D_L";"ZZ";
"1988-06-06";"J02M0";"A1100";"P1D_L";"ZZ";"3.507"
"1988-06-07";"J02M0";"A1100";"P1D_L";"ZZ";
"1988-06-08";"J02M0";"A1100";"P1D_L";"ZZ";
"1988-06-09";"J02M0";"A1100";"P1D_L";"ZZ";
"1988-06-10";"J02M0";"A1100";"P1D_L";"ZZ";
"1988-06-13";"J02M0";"A1100";"P1D_L";"ZZ";"3.568"
"1988-06-14";"J02M0";"A1100";"P1D_L";"ZZ";
"1988-06-15";"J02M0";"A1100";"P1D_L";"ZZ";
"1988-06-16";"J02M0";"A1100";"P1D_L";"ZZ";
"1988-06-17";"J02M0";"A1100";"P1D_L";"ZZ";
"1988-06-20";"J02M0";"A1100";"P1D_L";"ZZ";"3.501"
"1988-06-21";"J02M0";"A1100";"P1D_L";"ZZ";
"1988-06-22";"J02M0";"A1100";"P1D_L";"ZZ";
"1988-06-23";"J02M0";"A1100";"P1D_L";"ZZ";
"1988-06-24";"J02M0";"A1100";"P1D_L";"ZZ";
"1988-06-27";"J02M0";"A1100";"P1D_L";"ZZ";"3.559"
"1988-06-28";"J02M0";"A1100";"P1D_L";"ZZ";
"1988-06-29";"J02M0";"A1100";"P1D_L";"ZZ";
"1988-06-30";"J02M0";"A1100";"P1D_L";"ZZ";"3.707"
"1988-07-01";"J02M0";"A1100";"P1D_L";"ZZ";
"1988-07-04";"J02M0";"A1100";"P1D_L";"ZZ";"3.772"
"1988-07-05";"J02M0";"A1100";"P1D_L";"ZZ";
"1988-07-06";"J02M0";"A1100";"P1D_L";"ZZ";
"1988-07-07";"J02M0";"A1100";"P1D_L";"ZZ";
"1988-07-08";"J02M0";"A1100";"P1D_L";"ZZ";
"1988-07-11";"J02M0";"A1100";"P1D_L";"ZZ";"3.92"
"1988-07-12";"J02M0";"A1100";"P1D_L";"ZZ";
"1988-07-13";"J02M0";"A1100";"P1D_L";"ZZ";
"1988-07-14";"J02M0";"A1100";"P1D_L";"ZZ";
"1988-07-15";"J02M0";"A1100";"P1D_L";"ZZ";
"1988-07-18";"J02M0";"A1100";"P1D_L";"ZZ";"4.085"
"1988-07-19";"J02M0";"A1100";"P1D_L";"ZZ";
"1988-07-20";"J02M0";"A1100";"P1D_L";"ZZ";
"1988-07-21";"J02M0";"A1100";"P1D_L";"ZZ";
"1988-07-22";"J02M0";"A1100";"P1D_L";"ZZ";
"1988-07-25";"J02M0";"A1100";"P1D_L";"ZZ";"4.042"
"1988-07-26";"J02M0";"A1100";"P1D_L";"ZZ";
"1988-07-27";"J02M0";"A1100";"P1D_L";"ZZ";
"1988-07-28";"J02M0";"A1100";"P1D_L";"ZZ";
"1988-07-29";"J02M0";"A1100";"P1D_L";"ZZ";"4.195"
"1988-08-01";"J02M0";"A1100";"P1D_L";"ZZ";
"1988-08-02";"J02M0";"A1100";"P1D_L";"ZZ";"4.083"
"1988-08-03";"J02M0";"A1100";"P1D_L";"ZZ";
"1988-08-04";"J02M0";"A1100";"P1D_L";"ZZ";
"1988-08-05";"J02M0";"A1100";"P1D_L";"ZZ";
"1988-08-08";"J02M0";"A1100";"P1D_L";"ZZ";"4.048"
"1988-08-09";"J02M0";"A1100";"P1D_L";"ZZ";
"1988-08-10";"J02M0";"A1100";"P1D_L";"ZZ";
"1988-08-11";"J02M0";"A1100";"P1D_L";"ZZ";
"1988-08-12";"J02M0";"A1100";"P1D_L";"ZZ";
"1988-08-15";"J02M0";"A1100";"P1D_L";"ZZ";"4.004"
"1988-08-16";"J02M0";"A1100";"P1D_L";"ZZ";
"1988-08-17";"J02M0";"A1100";"P1D_L";"ZZ";
"1988-08-18";"J02M0";"A1100";"P1D_L";"ZZ";
"1988-08-19";"J02M0";"A1100";"P1D_L";"ZZ";
"1988-08-22";"J02M0";"A1100";"P1D_L";"ZZ";"4.048"
"1988-08-23";"J02M0";"A1100";"P1D_L";"ZZ";
"1988-08-24";"J02M0";"A1100";"P1D_L";"ZZ";
"1988-08-25";"J02M0";"A1100";"P1D_L";"ZZ";
"1988-08-26";"J02M0";"A1100";"P1D_L";"ZZ";
"1988-08-29";"J02M0";"A1100";"P1D_L";"ZZ";"3.828"
"1988-08-30";"J02M0";"A1100";"P1D_L";"ZZ";
"1988-08-31";"J02M0";"A1100";"P1D_L";"ZZ";"3.959"
"1988-09-01";"J02M0";"A1100";"P1D_L";"ZZ";
"1988-09-02";"J02M0";"A1100";"P1D_L";"ZZ";
"1988-09-05";"J02M0";"A1100";"P1D_L";"ZZ";"3.973"
"1988-09-06";"J02M0";"A1100";"P1D_L";"ZZ";
"1988-09-07";"J02M0";"A1100";"P1D_L";"ZZ";
"1988-09-08";"J02M0";"A1100";"P1D_L";"ZZ";
"1988-09-09";"J02M0";"A1100";"P1D_L";"ZZ";
"1988-09-12";"J02M0";"A1100";"P1D_L";"ZZ";"3.872"
"1988-09-13";"J02M0";"A1100";"P1D_L";"ZZ";
"1988-09-14";"J02M0";"A1100";"P1D_L";"ZZ";
"1988-09-15";"J02M0";"A1100";"P1D_L";"ZZ";
"1988-09-16";"J02M0";"A1100";"P1D_L";"ZZ";
"1988-09-19";"J02M0";"A1100";"P1D_L";"ZZ";"3.873"
"1988-09-20";"J02M0";"A1100";"P1D_L";"ZZ";
"1988-09-21";"J02M0";"A1100";"P1D_L";"ZZ";
"1988-09-22";"J02M0";"A1100";"P1D_L";"ZZ";
"1988-09-23";"J02M0";"A1100";"P1D_L";"ZZ";
"1988-09-26";"J02M0";"A1100";"P1D_L";"ZZ";"3.803"
"1988-09-27";"J02M0";"A1100";"P1D_L";"ZZ";
"1988-09-28";"J02M0";"A1100";"P1D_L";"ZZ";
"1988-09-29";"J02M0";"A1100";"P1D_L";"ZZ";
"1988-09-30";"J02M0";"A1100";"P1D_L";"ZZ";"3.798"
"1988-10-03";"J02M0";"A1100";"P1D_L";"ZZ";"4.073"
"1988-10-04";"J02M0";"A1100";"P1D_L";"ZZ";
"1988-10-05";"J02M0";"A1100";"P1D_L";"ZZ";
"1988-10-06";"J02M0";"A1100";"P1D_L";"ZZ";
"1988-10-07";"J02M0";"A1100";"P1D_L";"ZZ";
"1988-10-10";"J02M0";"A1100";"P1D_L";"ZZ";"4.101"
"1988-10-11";"J02M0";"A1100";"P1D_L";"ZZ";
"1988-10-12";"J02M0";"A1100";"P1D_L";"ZZ";
"1988-10-13";"J02M0";"A1100";"P1D_L";"ZZ";
"1988-10-14";"J02M0";"A1100";"P1D_L";"ZZ";
"1988-10-17";"J02M0";"A1100";"P1D_L";"ZZ";"4.226"
"1988-10-18";"J02M0";"A1100";"P1D_L";"ZZ";
"1988-10-19";"J02M0";"A1100";"P1D_L";"ZZ";
"1988-10-20";"J02M0";"A1100";"P1D_L";"ZZ";
"1988-10-21";"J02M0";"A1100";"P1D_L";"ZZ";
"1988-10-24";"J02M0";"A1100";"P1D_L";"ZZ";"4.236"
"1988-10-25";"J02M0";"A1100";"P1D_L";"ZZ";
"1988-10-26";"J02M0";"A1100";"P1D_L";"ZZ";
"1988-10-27";"J02M0";"A1100";"P1D_L";"ZZ";
"1988-10-28";"J02M0";"A1100";"P1D_L";"ZZ";
"1988-10-31";"J02M0";"A1100";"P1D_L";"ZZ";"4.157"
"1988-11-01";"J02M0";"A1100";"P1D_L";"ZZ";
"1988-11-02";"J02M0";"A1100";"P1D_L";"ZZ";
"1988-11-03";"J02M0";"A1100";"P1D_L";"ZZ";
"1988-11-04";"J02M0";"A1100";"P1D_L";"ZZ";
"1988-11-07";"J02M0";"A1100";"P1D_L";"ZZ";"3.935"
"1988-11-08";"J02M0";"A1100";"P1D_L";"ZZ";
"1988-11-09";"J02M0";"A1100";"P1D_L";"ZZ";
"1988-11-10";"J02M0";"A1100";"P1D_L";"ZZ";
"1988-11-11";"J02M0";"A1100";"P1D_L";"ZZ";
"1988-11-14";"J02M0";"A1100";"P1D_L";"ZZ";"3.876"
"1988-11-15";"J02M0";"A1100";"P1D_L";"ZZ";
"1988-11-16";"J02M0";"A1100";"P1D_L";"ZZ";
"1988-11-17";"J02M0";"A1100";"P1D_L";"ZZ";
"1988-11-18";"J02M0";"A1100";"P1D_L";"ZZ";
"1988-11-21";"J02M0";"A1100";"P1D_L";"ZZ";"4.035"
"1988-11-22";"J02M0";"A1100";"P1D_L";"ZZ";
"1988-11-23";"J02M0";"A1100";"P1D_L";"ZZ";
"1988-11-24";"J02M0";"A1100";"P1D_L";"ZZ";
"1988-11-25";"J02M0";"A1100";"P1D_L";"ZZ";
"1988-11-28";"J02M0";"A1100";"P1D_L";"ZZ";"4.29"
"1988-11-29";"J02M0";"A1100";"P1D_L";"ZZ";
"1988-11-30";"J02M0";"A1100";"P1D_L";"ZZ";
"1988-12-01";"J02M0";"A1100";"P1D_L";"ZZ";
"1988-12-02";"J02M0";"A1100";"P1D_L";"ZZ";
"1988-12-05";"J02M0";"A1100";"P1D_L";"ZZ";"4.279"
"1988-12-06";"J02M0";"A1100";"P1D_L";"ZZ";
"1988-12-07";"J02M0";"A1100";"P1D_L";"ZZ";
"1988-12-08";"J02M0";"A1100";"P1D_L";"ZZ";
"1988-12-09";"J02M0";"A1100";"P1D_L";"ZZ";
"1988-12-12";"J02M0";"A1100";"P1D_L";"ZZ";"4.334"
"1988-12-13";"J02M0";"A1100";"P1D_L";"ZZ";
"1988-12-14";"J02M0";"A1100";"P1D_L";"ZZ";
"1988-12-15";"J02M0";"A1100";"P1D_L";"ZZ";
"1988-12-16";"J02M0";"A1100";"P1D_L";"ZZ";
"1988-12-19";"J02M0";"A1100";"P1D_L";"ZZ";"4.235"
"1988-12-20";"J02M0";"A1100";"P1D_L";"ZZ";
"1988-12-21";"J02M0";"A1100";"P1D_L";"ZZ";
"1988-12-22";"J02M0";"A1100";"P1D_L";"ZZ";
"1988-12-23";"J02M0";"A1100";"P1D_L";"ZZ";
"1988-12-26";"J02M0";"A1100";"P1D_L";"ZZ";
"1988-12-27";"J02M0";"A1100";"P1D_L";"ZZ";"4.147"
"1988-12-28";"J02M0";"A1100";"P1D_L";"ZZ";
"1988-12-29";"J02M0";"A1100";"P1D_L";"ZZ";
"1988-12-30";"J02M0";"A1100";"P1D_L";"ZZ";"4.425"
"1989-01-02";"J02M0";"A1100";"P1D_L";"ZZ";
"1989-01-03";"J02M0";"A1100";"P1D_L";"ZZ";"4.402"
"1989-01-04";"J02M0";"A1100";"P1D_L";"ZZ";
"1989-01-05";"J02M0";"A1100";"P1D_L";"ZZ";
"1989-01-06";"J02M0";"A1100";"P1D_L";"ZZ";
"1989-01-09";"J02M0";"A1100";"P1D_L";"ZZ";"4.736"
"1989-01-10";"J02M0";"A1100";"P1D_L";"ZZ";
"1989-01-11";"J02M0";"A1100";"P1D_L";"ZZ";
"1989-01-12";"J02M0";"A1100";"P1D_L";"ZZ";
"1989-01-13";"J02M0";"A1100";"P1D_L";"ZZ";
"1989-01-16";"J02M0";"A1100";"P1D_L";"ZZ";"5.066"
"1989-01-17";"J02M0";"A1100";"P1D_L";"ZZ";
"1989-01-18";"J02M0";"A1100";"P1D_L";"ZZ";
"1989-01-19";"J02M0";"A1100";"P1D_L";"ZZ";
"1989-01-20";"J02M0";"A1100";"P1D_L";"ZZ";
"1989-01-23";"J02M0";"A1100";"P1D_L";"ZZ";"5.158"
"1989-01-24";"J02M0";"A1100";"P1D_L";"ZZ";
"1989-01-25";"J02M0";"A1100";"P1D_L";"ZZ";
"1989-01-26";"J02M0";"A1100";"P1D_L";"ZZ";
"1989-01-27";"J02M0";"A1100";"P1D_L";"ZZ";
"1989-01-30";"J02M0";"A1100";"P1D_L";"ZZ";"5.185"
"1989-01-31";"J02M0";"A1100";"P1D_L";"ZZ";"5.14"
"1989-02-01";"J02M0";"A1100";"P1D_L";"ZZ";
"1989-02-02";"J02M0";"A1100";"P1D_L";"ZZ";
"1989-02-03";"J02M0";"A1100";"P1D_L";"ZZ";
"1989-02-06";"J02M0";"A1100";"P1D_L";"ZZ";"5.292"
"1989-02-07";"J02M0";"A1100";"P1D_L";"ZZ";
"1989-02-08";"J02M0";"A1100";"P1D_L";"ZZ";
"1989-02-09";"J02M0";"A1100";"P1D_L";"ZZ";
"1989-02-10";"J02M0";"A1100";"P1D_L";"ZZ";
"1989-02-13";"J02M0";"A1100";"P1D_L";"ZZ";"5.265"
"1989-02-14";"J02M0";"A1100";"P1D_L";"ZZ";
"1989-02-15";"J02M0";"A1100";"P1D_L";"ZZ";
"1989-02-16";"J02M0";"A1100";"P1D_L";"ZZ";
"1989-02-17";"J02M0";"A1100";"P1D_L";"ZZ";
"1989-02-20";"J02M0";"A1100";"P1D_L";"ZZ";"5.435"
"1989-02-21";"J02M0";"A1100";"P1D_L";"ZZ";
"1989-02-22";"J02M0";"A1100";"P1D_L";"ZZ";
"1989-02-23";"J02M0";"A1100";"P1D_L";"ZZ";
"1989-02-24";"J02M0";"A1100";"P1D_L";"ZZ";
"1989-02-27";"J02M0";"A1100";"P1D_L";"ZZ";"5.677"
"1989-02-28";"J02M0";"A1100";"P1D_L";"ZZ";"5.522"
"1989-03-01";"J02M0";"A1100";"P1D_L";"ZZ";
"1989-03-02";"J02M0";"A1100";"P1D_L";"ZZ";
"1989-03-03";"J02M0";"A1100";"P1D_L";"ZZ";
"1989-03-06";"J02M0";"A1100";"P1D_L";"ZZ";"5.532"
"1989-03-07";"J02M0";"A1100";"P1D_L";"ZZ";
"1989-03-08";"J02M0";"A1100";"P1D_L";"ZZ";
"1989-03-09";"J02M0";"A1100";"P1D_L";"ZZ";
"1989-03-10";"J02M0";"A1100";"P1D_L";"ZZ";
"1989-03-13";"J02M0";"A1100";"P1D_L";"ZZ";"5.445"
"1989-03-14";"J02M0";"A1100";"P1D_L";"ZZ";
"1989-03-15";"J02M0";"A1100";"P1D_L";"ZZ";
"1989-03-16";"J02M0";"A1100";"P1D_L";"ZZ";
"1989-03-17";"J02M0";"A1100";"P1D_L";"ZZ";
"1989-03-20";"J02M0";"A1100";"P1D_L";"ZZ";"5.388"
"1989-03-21";"J02M0";"A1100";"P1D_L";"ZZ";
"1989-03-22";"J02M0";"A1100";"P1D_L";"ZZ";
"1989-03-23";"J02M0";"A1100";"P1D_L";"ZZ";
"1989-03-24";"J02M0";"A1100";"P1D_L";"ZZ";
"1989-03-27";"J02M0";"A1100";"P1D_L";"ZZ";
"1989-03-28";"J02M0";"A1100";"P1D_L";"ZZ";"5.43"
"1989-03-29";"J02M0";"A1100";"P1D_L";"ZZ";
"1989-03-30";"J02M0";"A1100";"P1D_L";"ZZ";
"1989-03-31";"J02M0";"A1100";"P1D_L";"ZZ";"5.473"
"1989-04-03";"J02M0";"A1100";"P1D_L";"ZZ";"5.522"
"1989-04-04";"J02M0";"A1100";"P1D_L";"ZZ";
"1989-04-05";"J02M0";"A1100";"P1D_L";"ZZ";
"1989-04-06";"J02M0";"A1100";"P1D_L";"ZZ";
"1989-04-07";"J02M0";"A1100";"P1D_L";"ZZ";
"1989-04-10";"J02M0";"A1100";"P1D_L";"ZZ";"5.485"
"1989-04-11";"J02M0";"A1100";"P1D_L";"ZZ";
"1989-04-12";"J02M0";"A1100";"P1D_L";"ZZ";
"1989-04-13";"J02M0";"A1100";"P1D_L";"ZZ";
"1989-04-14";"J02M0";"A1100";"P1D_L";"ZZ";
"1989-04-17";"J02M0";"A1100";"P1D_L";"ZZ";"5.636"
"1989-04-18";"J02M0";"A1100";"P1D_L";"ZZ";
"1989-04-19";"J02M0";"A1100";"P1D_L";"ZZ";
"1989-04-20";"J02M0";"A1100";"P1D_L";"ZZ";
"1989-04-21";"J02M0";"A1100";"P1D_L";"ZZ";
"1989-04-24";"J02M0";"A1100";"P1D_L";"ZZ";"5.687"
"1989-04-25";"J02M0";"A1100";"P1D_L";"ZZ";
"1989-04-26";"J02M0";"A1100";"P1D_L";"ZZ";
"1989-04-27";"J02M0";"A1100";"P1D_L";"ZZ";
"1989-04-28";"J02M0";"A1100";"P1D_L";"ZZ";"5.845"
"1989-05-01";"J02M0";"A1100";"P1D_L";"ZZ";
"1989-05-02";"J02M0";"A1100";"P1D_L";"ZZ";"5.822"
"1989-05-03";"J02M0";"A1100";"P1D_L";"ZZ";
"1989-05-04";"J02M0";"A1100";"P1D_L";"ZZ";
"1989-05-05";"J02M0";"A1100";"P1D_L";"ZZ";
"1989-05-08";"J02M0";"A1100";"P1D_L";"ZZ";"6.058"
"1989-05-09";"J02M0";"A1100";"P1D_L";"ZZ";
"1989-05-10";"J02M0";"A1100";"P1D_L";"ZZ";
"1989-05-11";"J02M0";"A1100";"P1D_L";"ZZ";
"1989-05-12";"J02M0";"A1100";"P1D_L";"ZZ";
"1989-05-15";"J02M0";"A1100";"P1D_L";"ZZ";
"1989-05-16";"J02M0";"A1100";"P1D_L";"ZZ";"6.37"
"1989-05-17";"J02M0";"A1100";"P1D_L";"ZZ";
"1989-05-18";"J02M0";"A1100";"P1D_L";"ZZ";
"1989-05-19";"J02M0";"A1100";"P1D_L";"ZZ";
"1989-05-22";"J02M0";"A1100";"P1D_L";"ZZ";"6.454"
"1989-05-23";"J02M0";"A1100";"P1D_L";"ZZ";
"1989-05-24";"J02M0";"A1100";"P1D_L";"ZZ";
"1989-05-25";"J02M0";"A1100";"P1D_L";"ZZ";
"1989-05-26";"J02M0";"A1100";"P1D_L";"ZZ";
"1989-05-29";"J02M0";"A1100";"P1D_L";"ZZ";"6.45"
"1989-05-30";"J02M0";"A1100";"P1D_L";"ZZ";
"1989-05-31";"J02M0";"A1100";"P1D_L";"ZZ";"6.476"
"1989-06-01";"J02M0";"A1100";"P1D_L";"ZZ";
"1989-06-02";"J02M0";"A1100";"P1D_L";"ZZ";
"1989-06-05";"J02M0";"A1100";"P1D_L";"ZZ";"6.153"
"1989-06-06";"J02M0";"A1100";"P1D_L";"ZZ";
"1989-06-07";"J02M0";"A1100";"P1D_L";"ZZ";
"1989-06-08";"J02M0";"A1100";"P1D_L";"ZZ";
"1989-06-09";"J02M0";"A1100";"P1D_L";"ZZ";
"1989-06-12";"J02M0";"A1100";"P1D_L";"ZZ";"6.099"
"1989-06-13";"J02M0";"A1100";"P1D_L";"ZZ";
"1989-06-14";"J02M0";"A1100";"P1D_L";"ZZ";
"1989-06-15";"J02M0";"A1100";"P1D_L";"ZZ";
"1989-06-16";"J02M0";"A1100";"P1D_L";"ZZ";
"1989-06-19";"J02M0";"A1100";"P1D_L";"ZZ";"6.007"
"1989-06-20";"J02M0";"A1100";"P1D_L";"ZZ";
"1989-06-21";"J02M0";"A1100";"P1D_L";"ZZ";
"1989-06-22";"J02M0";"A1100";"P1D_L";"ZZ";
"1989-06-23";"J02M0";"A1100";"P1D_L";"ZZ";
"1989-06-26";"J02M0";"A1100";"P1D_L";"ZZ";"5.954"
"1989-06-27";"J02M0";"A1100";"P1D_L";"ZZ";
"1989-06-28";"J02M0";"A1100";"P1D_L";"ZZ";
"1989-06-29";"J02M0";"A1100";"P1D_L";"ZZ";
"1989-06-30";"J02M0";"A1100";"P1D_L";"ZZ";"6.019"
"1989-07-03";"J02M0";"A1100";"P1D_L";"ZZ";"6.024"
"1989-07-04";"J02M0";"A1100";"P1D_L";"ZZ";
"1989-07-05";"J02M0";"A1100";"P1D_L";"ZZ";
"1989-07-06";"J02M0";"A1100";"P1D_L";"ZZ";
"1989-07-07";"J02M0";"A1100";"P1D_L";"ZZ";
"1989-07-10";"J02M0";"A1100";"P1D_L";"ZZ";"5.938"
"1989-07-11";"J02M0";"A1100";"P1D_L";"ZZ";
"1989-07-12";"J02M0";"A1100";"P1D_L";"ZZ";
"1989-07-13";"J02M0";"A1100";"P1D_L";"ZZ";
"1989-07-14";"J02M0";"A1100";"P1D_L";"ZZ";
"1989-07-17";"J02M0";"A1100";"P1D_L";"ZZ";"5.675"
"1989-07-18";"J02M0";"A1100";"P1D_L";"ZZ";
"1989-07-19";"J02M0";"A1100";"P1D_L";"ZZ";
"1989-07-20";"J02M0";"A1100";"P1D_L";"ZZ";
"1989-07-21";"J02M0";"A1100";"P1D_L";"ZZ";
"1989-07-24";"J02M0";"A1100";"P1D_L";"ZZ";"5.679"
"1989-07-25";"J02M0";"A1100";"P1D_L";"ZZ";
"1989-07-26";"J02M0";"A1100";"P1D_L";"ZZ";
"1989-07-27";"J02M0";"A1100";"P1D_L";"ZZ";
"1989-07-28";"J02M0";"A1100";"P1D_L";"ZZ";
"1989-07-31";"J02M0";"A1100";"P1D_L";"ZZ";"5.618"
"1989-08-01";"J02M0";"A1100";"P1D_L";"ZZ";
"1989-08-02";"J02M0";"A1100";"P1D_L";"ZZ";
"1989-08-03";"J02M0";"A1100";"P1D_L";"ZZ";
"1989-08-04";"J02M0";"A1100";"P1D_L";"ZZ";
"1989-08-07";"J02M0";"A1100";"P1D_L";"ZZ";"5.652"
"1989-08-08";"J02M0";"A1100";"P1D_L";"ZZ";
"1989-08-09";"J02M0";"A1100";"P1D_L";"ZZ";
"1989-08-10";"J02M0";"A1100";"P1D_L";"ZZ";
"1989-08-11";"J02M0";"A1100";"P1D_L";"ZZ";
"1989-08-14";"J02M0";"A1100";"P1D_L";"ZZ";"5.812"
"1989-08-15";"J02M0";"A1100";"P1D_L";"ZZ";
"1989-08-16";"J02M0";"A1100";"P1D_L";"ZZ";
"1989-08-17";"J02M0";"A1100";"P1D_L";"ZZ";
"1989-08-18";"J02M0";"A1100";"P1D_L";"ZZ";
"1989-08-21";"J02M0";"A1100";"P1D_L";"ZZ";"5.717"
"1989-08-22";"J02M0";"A1100";"P1D_L";"ZZ";
"1989-08-23";"J02M0";"A1100";"P1D_L";"ZZ";
"1989-08-24";"J02M0";"A1100";"P1D_L";"ZZ";
"1989-08-25";"J02M0";"A1100";"P1D_L";"ZZ";
"1989-08-28";"J02M0";"A1100";"P1D_L";"ZZ";"5.822"
"1989-08-29";"J02M0";"A1100";"P1D_L";"ZZ";
"1989-08-30";"J02M0";"A1100";"P1D_L";"ZZ";
"1989-08-31";"J02M0";"A1100";"P1D_L";"ZZ";"6.145"
"1989-09-01";"J02M0";"A1100";"P1D_L";"ZZ";
"1989-09-04";"J02M0";"A1100";"P1D_L";"ZZ";"5.911"
"1989-09-05";"J02M0";"A1100";"P1D_L";"ZZ";
"1989-09-06";"J02M0";"A1100";"P1D_L";"ZZ";
"1989-09-07";"J02M0";"A1100";"P1D_L";"ZZ";
"1989-09-08";"J02M0";"A1100";"P1D_L";"ZZ";
"1989-09-11";"J02M0";"A1100";"P1D_L";"ZZ";"6.266"
"1989-09-12";"J02M0";"A1100";"P1D_L";"ZZ";
"1989-09-13";"J02M0";"A1100";"P1D_L";"ZZ";
"1989-09-14";"J02M0";"A1100";"P1D_L";"ZZ";
"1989-09-15";"J02M0";"A1100";"P1D_L";"ZZ";
"1989-09-18";"J02M0";"A1100";"P1D_L";"ZZ";"6.491"
"1989-09-19";"J02M0";"A1100";"P1D_L";"ZZ";
"1989-09-20";"J02M0";"A1100";"P1D_L";"ZZ";
"1989-09-21";"J02M0";"A1100";"P1D_L";"ZZ";
"1989-09-22";"J02M0";"A1100";"P1D_L";"ZZ";
"1989-09-25";"J02M0";"A1100";"P1D_L";"ZZ";"6.505"
"1989-09-26";"J02M0";"A1100";"P1D_L";"ZZ";
"1989-09-27";"J02M0";"A1100";"P1D_L";"ZZ";
"1989-09-28";"J02M0";"A1100";"P1D_L";"ZZ";
"1989-09-29";"J02M0";"A1100";"P1D_L";"ZZ";"6.648"
"1989-10-02";"J02M0";"A1100";"P1D_L";"ZZ";"6.672"
"1989-10-03";"J02M0";"A1100";"P1D_L";"ZZ";
"1989-10-04";"J02M0";"A1100";"P1D_L";"ZZ";
"1989-10-05";"J02M0";"A1100";"P1D_L";"ZZ";
"1989-10-06";"J02M0";"A1100";"P1D_L";"ZZ";
"1989-10-09";"J02M0";"A1100";"P1D_L";"ZZ";"6.547"
"1989-10-10";"J02M0";"A1100";"P1D_L";"ZZ";
"1989-10-11";"J02M0";"A1100";"P1D_L";"ZZ";
"1989-10-12";"J02M0";"A1100";"P1D_L";"ZZ";
"1989-10-13";"J02M0";"A1100";"P1D_L";"ZZ";
"1989-10-16";"J02M0";"A1100";"P1D_L";"ZZ";"6.848"
"1989-10-17";"J02M0";"A1100";"P1D_L";"ZZ";
"1989-10-18";"J02M0";"A1100";"P1D_L";"ZZ";
"1989-10-19";"J02M0";"A1100";"P1D_L";"ZZ";
"1989-10-20";"J02M0";"A1100";"P1D_L";"ZZ";
"1989-10-23";"J02M0";"A1100";"P1D_L";"ZZ";"6.682"
"1989-10-24";"J02M0";"A1100";"P1D_L";"ZZ";
"1989-10-25";"J02M0";"A1100";"P1D_L";"ZZ";
"1989-10-26";"J02M0";"A1100";"P1D_L";"ZZ";
"1989-10-27";"J02M0";"A1100";"P1D_L";"ZZ";
"1989-10-30";"J02M0";"A1100";"P1D_L";"ZZ";"6.522"
"1989-10-31";"J02M0";"A1100";"P1D_L";"ZZ";"6.571"
"1989-11-01";"J02M0";"A1100";"P1D_L";"ZZ";
"1989-11-02";"J02M0";"A1100";"P1D_L";"ZZ";
"1989-11-03";"J02M0";"A1100";"P1D_L";"ZZ";
"1989-11-06";"J02M0";"A1100";"P1D_L";"ZZ";"6.688"
"1989-11-07";"J02M0";"A1100";"P1D_L";"ZZ";
"1989-11-08";"J02M0";"A1100";"P1D_L";"ZZ";
"1989-11-09";"J02M0";"A1100";"P1D_L";"ZZ";
"1989-11-10";"J02M0";"A1100";"P1D_L";"ZZ";
"1989-11-13";"J02M0";"A1100";"P1D_L";"ZZ";"6.661"
"1989-11-14";"J02M0";"A1100";"P1D_L";"ZZ";
"1989-11-15";"J02M0";"A1100";"P1D_L";"ZZ";
"1989-11-16";"J02M0";"A1100";"P1D_L";"ZZ";
"1989-11-17";"J02M0";"A1100";"P1D_L";"ZZ";
"1989-11-20";"J02M0";"A1100";"P1D_L";"ZZ";"6.5"
"1989-11-21";"J02M0";"A1100";"P1D_L";"ZZ";
"1989-11-22";"J02M0";"A1100";"P1D_L";"ZZ";
"1989-11-23";"J02M0";"A1100";"P1D_L";"ZZ";
"1989-11-24";"J02M0";"A1100";"P1D_L";"ZZ";
"1989-11-27";"J02M0";"A1100";"P1D_L";"ZZ";"6.45"
"1989-11-28";"J02M0";"A1100";"P1D_L";"ZZ";
"1989-11-29";"J02M0";"A1100";"P1D_L";"ZZ";
"1989-11-30";"J02M0";"A1100";"P1D_L";"ZZ";
"1989-12-01";"J02M0";"A1100";"P1D_L";"ZZ";
"1989-12-04";"J02M0";"A1100";"P1D_L";"ZZ";"6.734"
"1989-12-05";"J02M0";"A1100";"P1D_L";"ZZ";
"1989-12-06";"J02M0";"A1100";"P1D_L";"ZZ";
"1989-12-07";"J02M0";"A1100";"P1D_L";"ZZ";
"1989-12-08";"J02M0";"A1100";"P1D_L";"ZZ";
"1989-12-11";"J02M0";"A1100";"P1D_L";"ZZ";"6.625"
"1989-12-12";"J02M0";"A1100";"P1D_L";"ZZ";
"1989-12-13";"J02M0";"A1100";"P1D_L";"ZZ";
"1989-12-14";"J02M0";"A1100";"P1D_L";"ZZ";
"1989-12-15";"J02M0";"A1100";"P1D_L";"ZZ";
"1989-12-18";"J02M0";"A1100";"P1D_L";"ZZ";"6.672"
"1989-12-19";"J02M0";"A1100";"P1D_L";"ZZ";
"1989-12-20";"J02M0";"A1100";"P1D_L";"ZZ";
"1989-12-21";"J02M0";"A1100";"P1D_L";"ZZ";
"1989-12-22";"J02M0";"A1100";"P1D_L";"ZZ";
"1989-12-25";"J02M0";"A1100";"P1D_L";"ZZ";
"1989-12-26";"J02M0";"A1100";"P1D_L";"ZZ";
"1989-12-27";"J02M0";"A1100";"P1D_L";"ZZ";"6.699"
"1989-12-28";"J02M0";"A1100";"P1D_L";"ZZ";
"1989-12-29";"J02M0";"A1100";"P1D_L";"ZZ";"6.736"
"1990-01-01";"J02M0";"A1100";"P1D_L";"ZZ";
"1990-01-02";"J02M0";"A1100";"P1D_L";"ZZ";
"1990-01-03";"J02M0";"A1100";"P1D_L";"ZZ";"6.742"
"1990-01-04";"J02M0";"A1100";"P1D_L";"ZZ";
"1990-01-05";"J02M0";"A1100";"P1D_L";"ZZ";
"1990-01-08";"J02M0";"A1100";"P1D_L";"ZZ";"7.324"
"1990-01-09";"J02M0";"A1100";"P1D_L";"ZZ";
"1990-01-10";"J02M0";"A1100";"P1D_L";"ZZ";
"1990-01-11";"J02M0";"A1100";"P1D_L";"ZZ";
"1990-01-12";"J02M0";"A1100";"P1D_L";"ZZ";
"1990-01-15";"J02M0";"A1100";"P1D_L";"ZZ";"7.506"
"1990-01-16";"J02M0";"A1100";"P1D_L";"ZZ";
"1990-01-17";"J02M0";"A1100";"P1D_L";"ZZ";
"1990-01-18";"J02M0";"A1100";"P1D_L";"ZZ";
"1990-01-19";"J02M0";"A1100";"P1D_L";"ZZ";
"1990-01-22";"J02M0";"A1100";"P1D_L";"ZZ";"7.769"
"1990-01-23";"J02M0";"A1100";"P1D_L";"ZZ";
"1990-01-24";"J02M0";"A1100";"P1D_L";"ZZ";
"1990-01-25";"J02M0";"A1100";"P1D_L";"ZZ";
"1990-01-26";"J02M0";"A1100";"P1D_L";"ZZ";
"1990-01-29";"J02M0";"A1100";"P1D_L";"ZZ";"7.699"
"1990-01-30";"J02M0";"A1100";"P1D_L";"ZZ";
"1990-01-31";"J02M0";"A1100";"P1D_L";"ZZ";"7.649"
"1990-02-01";"J02M0";"A1100";"P1D_L";"ZZ";
"1990-02-02";"J02M0";"A1100";"P1D_L";"ZZ";
"1990-02-05";"J02M0";"A1100";"P1D_L";"ZZ";"7.549"
"1990-02-06";"J02M0";"A1100";"P1D_L";"ZZ";
"1990-02-07";"J02M0";"A1100";"P1D_L";"ZZ";
"1990-02-08";"J02M0";"A1100";"P1D_L";"ZZ";
"1990-02-09";"J02M0";"A1100";"P1D_L";"ZZ";
"1990-02-12";"J02M0";"A1100";"P1D_L";"ZZ";"7.622"
"1990-02-13";"J02M0";"A1100";"P1D_L";"ZZ";
"1990-02-14";"J02M0";"A1100";"P1D_L";"ZZ";
"1990-02-15";"J02M0";"A1100";"P1D_L";"ZZ";
"1990-02-16";"J02M0";"A1100";"P1D_L";"ZZ";
"1990-02-19";"J02M0";"A1100";"P1D_L";"ZZ";"7.423"
"1990-02-20";"J02M0";"A1100";"P1D_L";"ZZ";
"1990-02-21";"J02M0";"A1100";"P1D_L";"ZZ";
"1990-02-22";"J02M0";"A1100";"P1D_L";"ZZ";
"1990-02-23";"J02M0";"A1100";"P1D_L";"ZZ";
"1990-02-26";"J02M0";"A1100";"P1D_L";"ZZ";"7.713"
"1990-02-27";"J02M0";"A1100";"P1D_L";"ZZ";
"1990-02-28";"J02M0";"A1100";"P1D_L";"ZZ";"7.785"
"1990-03-01";"J02M0";"A1100";"P1D_L";"ZZ";
"1990-03-02";"J02M0";"A1100";"P1D_L";"ZZ";
"1990-03-05";"J02M0";"A1100";"P1D_L";"ZZ";"7.642"
"1990-03-06";"J02M0";"A1100";"P1D_L";"ZZ";
"1990-03-07";"J02M0";"A1100";"P1D_L";"ZZ";
"1990-03-08";"J02M0";"A1100";"P1D_L";"ZZ";
"1990-03-09";"J02M0";"A1100";"P1D_L";"ZZ";
"1990-03-12";"J02M0";"A1100";"P1D_L";"ZZ";"7.5"
"1990-03-13";"J02M0";"A1100";"P1D_L";"ZZ";
"1990-03-14";"J02M0";"A1100";"P1D_L";"ZZ";
"1990-03-15";"J02M0";"A1100";"P1D_L";"ZZ";
"1990-03-16";"J02M0";"A1100";"P1D_L";"ZZ";
"1990-03-19";"J02M0";"A1100";"P1D_L";"ZZ";"7.337"
"1990-03-20";"J02M0";"A1100";"P1D_L";"ZZ";
"1990-03-21";"J02M0";"A1100";"P1D_L";"ZZ";
"1990-03-22";"J02M0";"A1100";"P1D_L";"ZZ";
"1990-03-23";"J02M0";"A1100";"P1D_L";"ZZ";
"1990-03-26";"J02M0";"A1100";"P1D_L";"ZZ";"7.565"
"1990-03-27";"J02M0";"A1100";"P1D_L";"ZZ";
"1990-03-28";"J02M0";"A1100";"P1D_L";"ZZ";
"1990-03-29";"J02M0";"A1100";"P1D_L";"ZZ";
"1990-03-30";"J02M0";"A1100";"P1D_L";"ZZ";"7.734"
"1990-04-02";"J02M0";"A1100";"P1D_L";"ZZ";"7.792"
"1990-04-03";"J02M0";"A1100";"P1D_L";"ZZ";
"1990-04-04";"J02M0";"A1100";"P1D_L";"ZZ";
"1990-04-05";"J02M0";"A1100";"P1D_L";"ZZ";
"1990-04-06";"J02M0";"A1100";"P1D_L";"ZZ";
"1990-04-09";"J02M0";"A1100";"P1D_L";"ZZ";"7.717"
"1990-04-10";"J02M0";"A1100";"P1D_L";"ZZ";
"1990-04-11";"J02M0";"A1100";"P1D_L";"ZZ";
"1990-04-12";"J02M0";"A1100";"P1D_L";"ZZ";
"1990-04-13";"J02M0";"A1100";"P1D_L";"ZZ";
"1990-04-16";"J02M0";"A1100";"P1D_L";"ZZ";
"1990-04-17";"J02M0";"A1100";"P1D_L";"ZZ";"7.6"
"1990-04-18";"J02M0";"A1100";"P1D_L";"ZZ";
"1990-04-19";"J02M0";"A1100";"P1D_L";"ZZ";
"1990-04-20";"J02M0";"A1100";"P1D_L";"ZZ";
"1990-04-23";"J02M0";"A1100";"P1D_L";"ZZ";"7.713"
"1990-04-24";"J02M0";"A1100";"P1D_L";"ZZ";
"1990-04-25";"J02M0";"A1100";"P1D_L";"ZZ";
"1990-04-26";"J02M0";"A1100";"P1D_L";"ZZ";
"1990-04-27";"J02M0";"A1100";"P1D_L";"ZZ";
"1990-04-30";"J02M0";"A1100";"P1D_L";"ZZ";"7.831"
"1990-05-01";"J02M0";"A1100";"P1D_L";"ZZ";
"1990-05-02";"J02M0";"A1100";"P1D_L";"ZZ";
"1990-05-03";"J02M0";"A1100";"P1D_L";"ZZ";
"1990-05-04";"J02M0";"A1100";"P1D_L";"ZZ";
"1990-05-07";"J02M0";"A1100";"P1D_L";"ZZ";"7.834"
"1990-05-08";"J02M0";"A1100";"P1D_L";"ZZ";
"1990-05-09";"J02M0";"A1100";"P1D_L";"ZZ";
"1990-05-10";"J02M0";"A1100";"P1D_L";"ZZ";
"1990-05-11";"J02M0";"A1100";"P1D_L";"ZZ";
"1990-05-14";"J02M0";"A1100";"P1D_L";"ZZ";"7.409"
"1990-05-15";"J02M0";"A1100";"P1D_L";"ZZ";
"1990-05-16";"J02M0";"A1100";"P1D_L";"ZZ";
"1990-05-17";"J02M0";"A1100";"P1D_L";"ZZ";
"1990-05-18";"J02M0";"A1100";"P1D_L";"ZZ";
"1990-05-21";"J02M0";"A1100";"P1D_L";"ZZ";"7.258"
"1990-05-22";"J02M0";"A1100";"P1D_L";"ZZ";
"1990-05-23";"J02M0";"A1100";"P1D_L";"ZZ";
"1990-05-24";"J02M0";"A1100";"P1D_L";"ZZ";
"1990-05-25";"J02M0";"A1100";"P1D_L";"ZZ";
"1990-05-28";"J02M0";"A1100";"P1D_L";"ZZ";"7.306"
"1990-05-29";"J02M0";"A1100";"P1D_L";"ZZ";
"1990-05-30";"J02M0";"A1100";"P1D_L";"ZZ";
"1990-05-31";"J02M0";"A1100";"P1D_L";"ZZ";"6.923"
"1990-06-01";"J02M0";"A1100";"P1D_L";"ZZ";
"1990-06-04";"J02M0";"A1100";"P1D_L";"ZZ";
"1990-06-05";"J02M0";"A1100";"P1D_L";"ZZ";"6.901"
"1990-06-06";"J02M0";"A1100";"P1D_L";"ZZ";
"1990-06-07";"J02M0";"A1100";"P1D_L";"ZZ";
"1990-06-08";"J02M0";"A1100";"P1D_L";"ZZ";
"1990-06-11";"J02M0";"A1100";"P1D_L";"ZZ";"7.059"
"1990-06-12";"J02M0";"A1100";"P1D_L";"ZZ";
"1990-06-13";"J02M0";"A1100";"P1D_L";"ZZ";
"1990-06-14";"J02M0";"A1100";"P1D_L";"ZZ";
"1990-06-15";"J02M0";"A1100";"P1D_L";"ZZ";
"1990-06-18";"J02M0";"A1100";"P1D_L";"ZZ";"7.09"
"1990-06-19";"J02M0";"A1100";"P1D_L";"ZZ";
"1990-06-20";"J02M0";"A1100";"P1D_L";"ZZ";
"1990-06-21";"J02M0";"A1100";"P1D_L";"ZZ";
"1990-06-22";"J02M0";"A1100";"P1D_L";"ZZ";
"1990-06-25";"J02M0";"A1100";"P1D_L";"ZZ";"7.166"
"1990-06-26";"J02M0";"A1100";"P1D_L";"ZZ";
"1990-06-27";"J02M0";"A1100";"P1D_L";"ZZ";
"1990-06-28";"J02M0";"A1100";"P1D_L";"ZZ";
"1990-06-29";"J02M0";"A1100";"P1D_L";"ZZ";"6.988"
"1990-07-02";"J02M0";"A1100";"P1D_L";"ZZ";"7.145"
"1990-07-03";"J02M0";"A1100";"P1D_L";"ZZ";
"1990-07-04";"J02M0";"A1100";"P1D_L";"ZZ";
"1990-07-05";"J02M0";"A1100";"P1D_L";"ZZ";
"1990-07-06";"J02M0";"A1100";"P1D_L";"ZZ";
"1990-07-09";"J02M0";"A1100";"P1D_L";"ZZ";"6.99"
"1990-07-10";"J02M0";"A1100";"P1D_L";"ZZ";
"1990-07-11";"J02M0";"A1100";"P1D_L";"ZZ";
"1990-07-12";"J02M0";"A1100";"P1D_L";"ZZ";
"1990-07-13";"J02M0";"A1100";"P1D_L";"ZZ";
"1990-07-16";"J02M0";"A1100";"P1D_L";"ZZ";"6.885"
"1990-07-17";"J02M0";"A1100";"P1D_L";"ZZ";
"1990-07-18";"J02M0";"A1100";"P1D_L";"ZZ";
"1990-07-19";"J02M0";"A1100";"P1D_L";"ZZ";
"1990-07-20";"J02M0";"A1100";"P1D_L";"ZZ";
"1990-07-23";"J02M0";"A1100";"P1D_L";"ZZ";"6.931"
"1990-07-24";"J02M0";"A1100";"P1D_L";"ZZ";
"1990-07-25";"J02M0";"A1100";"P1D_L";"ZZ";
"1990-07-26";"J02M0";"A1100";"P1D_L";"ZZ";
"1990-07-27";"J02M0";"A1100";"P1D_L";"ZZ";
"1990-07-30";"J02M0";"A1100";"P1D_L";"ZZ";"7.034"
"1990-07-31";"J02M0";"A1100";"P1D_L";"ZZ";"6.931"
"1990-08-01";"J02M0";"A1100";"P1D_L";"ZZ";
"1990-08-02";"J02M0";"A1100";"P1D_L";"ZZ";
"1990-08-03";"J02M0";"A1100";"P1D_L";"ZZ";
"1990-08-06";"J02M0";"A1100";"P1D_L";"ZZ";"6.917"
"1990-08-07";"J02M0";"A1100";"P1D_L";"ZZ";
"1990-08-08";"J02M0";"A1100";"P1D_L";"ZZ";
"1990-08-09";"J02M0";"A1100";"P1D_L";"ZZ";
"1990-08-10";"J02M0";"A1100";"P1D_L";"ZZ";
"1990-08-13";"J02M0";"A1100";"P1D_L";"ZZ";"7.1"
"1990-08-14";"J02M0";"A1100";"P1D_L";"ZZ";
"1990-08-15";"J02M0";"A1100";"P1D_L";"ZZ";
"1990-08-16";"J02M0";"A1100";"P1D_L";"ZZ";
"1990-08-17";"J02M0";"A1100";"P1D_L";"ZZ";
"1990-08-20";"J02M0";"A1100";"P1D_L";"ZZ";"7.251"
"1990-08-21";"J02M0";"A1100";"P1D_L";"ZZ";
"1990-08-22";"J02M0";"A1100";"P1D_L";"ZZ";
"1990-08-23";"J02M0";"A1100";"P1D_L";"ZZ";
"1990-08-24";"J02M0";"A1100";"P1D_L";"ZZ";
"1990-08-27";"J02M0";"A1100";"P1D_L";"ZZ";"7.383"
"1990-08-28";"J02M0";"A1100";"P1D_L";"ZZ";
"1990-08-29";"J02M0";"A1100";"P1D_L";"ZZ";
"1990-08-30";"J02M0";"A1100";"P1D_L";"ZZ";
"1990-08-31";"J02M0";"A1100";"P1D_L";"ZZ";"7.38"
"1990-09-03";"J02M0";"A1100";"P1D_L";"ZZ";"7.285"
"1990-09-04";"J02M0";"A1100";"P1D_L";"ZZ";
"1990-09-05";"J02M0";"A1100";"P1D_L";"ZZ";
"1990-09-06";"J02M0";"A1100";"P1D_L";"ZZ";
"1990-09-07";"J02M0";"A1100";"P1D_L";"ZZ";
"1990-09-10";"J02M0";"A1100";"P1D_L";"ZZ";"7.261"
"1990-09-11";"J02M0";"A1100";"P1D_L";"ZZ";
"1990-09-12";"J02M0";"A1100";"P1D_L";"ZZ";
"1990-09-13";"J02M0";"A1100";"P1D_L";"ZZ";
"1990-09-14";"J02M0";"A1100";"P1D_L";"ZZ";
"1990-09-17";"J02M0";"A1100";"P1D_L";"ZZ";"7.281"
"1990-09-18";"J02M0";"A1100";"P1D_L";"ZZ";
"1990-09-19";"J02M0";"A1100";"P1D_L";"ZZ";
"1990-09-20";"J02M0";"A1100";"P1D_L";"ZZ";
"1990-09-21";"J02M0";"A1100";"P1D_L";"ZZ";
"1990-09-24";"J02M0";"A1100";"P1D_L";"ZZ";"7.299"
"1990-09-25";"J02M0";"A1100";"P1D_L";"ZZ";
"1990-09-26";"J02M0";"A1100";"P1D_L";"ZZ";
"1990-09-27";"J02M0";"A1100";"P1D_L";"ZZ";
"1990-09-28";"J02M0";"A1100";"P1D_L";"ZZ";"7.071"
"1990-10-01";"J02M0";"A1100";"P1D_L";"ZZ";"7.088"
"1990-10-02";"J02M0";"A1100";"P1D_L";"ZZ";
"1990-10-03";"J02M0";"A1100";"P1D_L";"ZZ";
"1990-10-04";"J02M0";"A1100";"P1D_L";"ZZ";
"1990-10-05";"J02M0";"A1100";"P1D_L";"ZZ";
"1990-10-08";"J02M0";"A1100";"P1D_L";"ZZ";"7.156"
"1990-10-09";"J02M0";"A1100";"P1D_L";"ZZ";
"1990-10-10";"J02M0";"A1100";"P1D_L";"ZZ";
"1990-10-11";"J02M0";"A1100";"P1D_L";"ZZ";
"1990-10-12";"J02M0";"A1100";"P1D_L";"ZZ";
"1990-10-15";"J02M0";"A1100";"P1D_L";"ZZ";"6.967"
"1990-10-16";"J02M0";"A1100";"P1D_L";"ZZ";
"1990-10-17";"J02M0";"A1100";"P1D_L";"ZZ";
"1990-10-18";"J02M0";"A1100";"P1D_L";"ZZ";
"1990-10-19";"J02M0";"A1100";"P1D_L";"ZZ";
"1990-10-22";"J02M0";"A1100";"P1D_L";"ZZ";"6.982"
"1990-10-23";"J02M0";"A1100";"P1D_L";"ZZ";
"1990-10-24";"J02M0";"A1100";"P1D_L";"ZZ";
"1990-10-25";"J02M0";"A1100";"P1D_L";"ZZ";
"1990-10-26";"J02M0";"A1100";"P1D_L";"ZZ";
"1990-10-29";"J02M0";"A1100";"P1D_L";"ZZ";"7.02"
"1990-10-30";"J02M0";"A1100";"P1D_L";"ZZ";
"1990-10-31";"J02M0";"A1100";"P1D_L";"ZZ";"6.983"
"1990-11-01";"J02M0";"A1100";"P1D_L";"ZZ";
"1990-11-02";"J02M0";"A1100";"P1D_L";"ZZ";
"1990-11-05";"J02M0";"A1100";"P1D_L";"ZZ";"7.284"
"1990-11-06";"J02M0";"A1100";"P1D_L";"ZZ";
"1990-11-07";"J02M0";"A1100";"P1D_L";"ZZ";
"1990-11-08";"J02M0";"A1100";"P1D_L";"ZZ";
"1990-11-09";"J02M0";"A1100";"P1D_L";"ZZ";
"1990-11-12";"J02M0";"A1100";"P1D_L";"ZZ";"7.231"
"1990-11-13";"J02M0";"A1100";"P1D_L";"ZZ";
"1990-11-14";"J02M0";"A1100";"P1D_L";"ZZ";
"1990-11-15";"J02M0";"A1100";"P1D_L";"ZZ";
"1990-11-16";"J02M0";"A1100";"P1D_L";"ZZ";
"1990-11-19";"J02M0";"A1100";"P1D_L";"ZZ";"7.277"
"1990-11-20";"J02M0";"A1100";"P1D_L";"ZZ";
"1990-11-21";"J02M0";"A1100";"P1D_L";"ZZ";
"1990-11-22";"J02M0";"A1100";"P1D_L";"ZZ";
"1990-11-23";"J02M0";"A1100";"P1D_L";"ZZ";
"1990-11-26";"J02M0";"A1100";"P1D_L";"ZZ";"7.281"
"1990-11-27";"J02M0";"A1100";"P1D_L";"ZZ";
"1990-11-28";"J02M0";"A1100";"P1D_L";"ZZ";
"1990-11-29";"J02M0";"A1100";"P1D_L";"ZZ";
"1990-11-30";"J02M0";"A1100";"P1D_L";"ZZ";"7.363"
"1990-12-03";"J02M0";"A1100";"P1D_L";"ZZ";"7.43"
"1990-12-04";"J02M0";"A1100";"P1D_L";"ZZ";
"1990-12-05";"J02M0";"A1100";"P1D_L";"ZZ";
"1990-12-06";"J02M0";"A1100";"P1D_L";"ZZ";
"1990-12-07";"J02M0";"A1100";"P1D_L";"ZZ";
"1990-12-10";"J02M0";"A1100";"P1D_L";"ZZ";"7.394"
"1990-12-11";"J02M0";"A1100";"P1D_L";"ZZ";
"1990-12-12";"J02M0";"A1100";"P1D_L";"ZZ";
"1990-12-13";"J02M0";"A1100";"P1D_L";"ZZ";
"1990-12-14";"J02M0";"A1100";"P1D_L";"ZZ";
"1990-12-17";"J02M0";"A1100";"P1D_L";"ZZ";"7.453"
"1990-12-18";"J02M0";"A1100";"P1D_L";"ZZ";
"1990-12-19";"J02M0";"A1100";"P1D_L";"ZZ";
"1990-12-20";"J02M0";"A1100";"P1D_L";"ZZ";
"1990-12-21";"J02M0";"A1100";"P1D_L";"ZZ";
"1990-12-24";"J02M0";"A1100";"P1D_L";"ZZ";"7.372"
"1990-12-25";"J02M0";"A1100";"P1D_L";"ZZ";
"1990-12-26";"J02M0";"A1100";"P1D_L";"ZZ";
"1990-12-27";"J02M0";"A1100";"P1D_L";"ZZ";
"1990-12-28";"J02M0";"A1100";"P1D_L";"ZZ";"7.358"
"1990-12-31";"J02M0";"A1100";"P1D_L";"ZZ";
"1991-01-01";"J02M0";"A1100";"P1D_L";"ZZ";
"1991-01-02";"J02M0";"A1100";"P1D_L";"ZZ";
"1991-01-03";"J02M0";"A1100";"P1D_L";"ZZ";"7.339"
"1991-01-04";"J02M0";"A1100";"P1D_L";"ZZ";
"1991-01-07";"J02M0";"A1100";"P1D_L";"ZZ";"7.285"
"1991-01-08";"J02M0";"A1100";"P1D_L";"ZZ";
"1991-01-09";"J02M0";"A1100";"P1D_L";"ZZ";
"1991-01-10";"J02M0";"A1100";"P1D_L";"ZZ";
"1991-01-11";"J02M0";"A1100";"P1D_L";"ZZ";
"1991-01-14";"J02M0";"A1100";"P1D_L";"ZZ";"7.113"
"1991-01-15";"J02M0";"A1100";"P1D_L";"ZZ";
"1991-01-16";"J02M0";"A1100";"P1D_L";"ZZ";
"1991-01-17";"J02M0";"A1100";"P1D_L";"ZZ";
"1991-01-18";"J02M0";"A1100";"P1D_L";"ZZ";
"1991-01-21";"J02M0";"A1100";"P1D_L";"ZZ";"6.956"
"1991-01-22";"J02M0";"A1100";"P1D_L";"ZZ";
"1991-01-23";"J02M0";"A1100";"P1D_L";"ZZ";
"1991-01-24";"J02M0";"A1100";"P1D_L";"ZZ";
"1991-01-25";"J02M0";"A1100";"P1D_L";"ZZ";
"1991-01-28";"J02M0";"A1100";"P1D_L";"ZZ";"6.947"
"1991-01-29";"J02M0";"A1100";"P1D_L";"ZZ";
"1991-01-30";"J02M0";"A1100";"P1D_L";"ZZ";
"1991-01-31";"J02M0";"A1100";"P1D_L";"ZZ";"6.952"
"1991-02-01";"J02M0";"A1100";"P1D_L";"ZZ";
"1991-02-04";"J02M0";"A1100";"P1D_L";"ZZ";"6.906"
"1991-02-05";"J02M0";"A1100";"P1D_L";"ZZ";
"1991-02-06";"J02M0";"A1100";"P1D_L";"ZZ";
"1991-02-07";"J02M0";"A1100";"P1D_L";"ZZ";
"1991-02-08";"J02M0";"A1100";"P1D_L";"ZZ";
"1991-02-11";"J02M0";"A1100";"P1D_L";"ZZ";"6.849"
"1991-02-12";"J02M0";"A1100";"P1D_L";"ZZ";
"1991-02-13";"J02M0";"A1100";"P1D_L";"ZZ";
"1991-02-14";"J02M0";"A1100";"P1D_L";"ZZ";
"1991-02-15";"J02M0";"A1100";"P1D_L";"ZZ";
"1991-02-18";"J02M0";"A1100";"P1D_L";"ZZ";"6.735"
"1991-02-19";"J02M0";"A1100";"P1D_L";"ZZ";
"1991-02-20";"J02M0";"A1100";"P1D_L";"ZZ";
"1991-02-21";"J02M0";"A1100";"P1D_L";"ZZ";
"1991-02-22";"J02M0";"A1100";"P1D_L";"ZZ";
"1991-02-25";"J02M0";"A1100";"P1D_L";"ZZ";"6.72"
"1991-02-26";"J02M0";"A1100";"P1D_L";"ZZ";
"1991-02-27";"J02M0";"A1100";"P1D_L";"ZZ";
"1991-02-28";"J02M0";"A1100";"P1D_L";"ZZ";"6.925"
"1991-03-01";"J02M0";"A1100";"P1D_L";"ZZ";
"1991-03-04";"J02M0";"A1100";"P1D_L";"ZZ";"6.943"
"1991-03-05";"J02M0";"A1100";"P1D_L";"ZZ";
"1991-03-06";"J02M0";"A1100";"P1D_L";"ZZ";
"1991-03-07";"J02M0";"A1100";"P1D_L";"ZZ";
"1991-03-08";"J02M0";"A1100";"P1D_L";"ZZ";
"1991-03-11";"J02M0";"A1100";"P1D_L";"ZZ";"6.928"
"1991-03-12";"J02M0";"A1100";"P1D_L";"ZZ";
"1991-03-13";"J02M0";"A1100";"P1D_L";"ZZ";
"1991-03-14";"J02M0";"A1100";"P1D_L";"ZZ";
"1991-03-15";"J02M0";"A1100";"P1D_L";"ZZ";
"1991-03-18";"J02M0";"A1100";"P1D_L";"ZZ";"6.963"
"1991-03-19";"J02M0";"A1100";"P1D_L";"ZZ";
"1991-03-20";"J02M0";"A1100";"P1D_L";"ZZ";
"1991-03-21";"J02M0";"A1100";"P1D_L";"ZZ";
"1991-03-22";"J02M0";"A1100";"P1D_L";"ZZ";
"1991-03-25";"J02M0";"A1100";"P1D_L";"ZZ";"6.788"
"1991-03-26";"J02M0";"A1100";"P1D_L";"ZZ";
"1991-03-27";"J02M0";"A1100";"P1D_L";"ZZ";
"1991-03-28";"J02M0";"A1100";"P1D_L";"ZZ";"6.702"
"1991-03-29";"J02M0";"A1100";"P1D_L";"ZZ";
"1991-04-01";"J02M0";"A1100";"P1D_L";"ZZ";
"1991-04-02";"J02M0";"A1100";"P1D_L";"ZZ";"6.691"
"1991-04-03";"J02M0";"A1100";"P1D_L";"ZZ";
"1991-04-04";"J02M0";"A1100";"P1D_L";"ZZ";
"1991-04-05";"J02M0";"A1100";"P1D_L";"ZZ";
"1991-04-08";"J02M0";"A1100";"P1D_L";"ZZ";"6.69"
"1991-04-09";"J02M0";"A1100";"P1D_L";"ZZ";
"1991-04-10";"J02M0";"A1100";"P1D_L";"ZZ";
"1991-04-11";"J02M0";"A1100";"P1D_L";"ZZ";
"1991-04-12";"J02M0";"A1100";"P1D_L";"ZZ";
"1991-04-15";"J02M0";"A1100";"P1D_L";"ZZ";"6.579"
"1991-04-16";"J02M0";"A1100";"P1D_L";"ZZ";
"1991-04-17";"J02M0";"A1100";"P1D_L";"ZZ";
"1991-04-18";"J02M0";"A1100";"P1D_L";"ZZ";
"1991-04-19";"J02M0";"A1100";"P1D_L";"ZZ";
"1991-04-22";"J02M0";"A1100";"P1D_L";"ZZ";"6.756"
"1991-04-23";"J02M0";"A1100";"P1D_L";"ZZ";
"1991-04-24";"J02M0";"A1100";"P1D_L";"ZZ";
"1991-04-25";"J02M0";"A1100";"P1D_L";"ZZ";
"1991-04-26";"J02M0";"A1100";"P1D_L";"ZZ";
"1991-04-29";"J02M0";"A1100";"P1D_L";"ZZ";"6.769"
"1991-04-30";"J02M0";"A1100";"P1D_L";"ZZ";"6.851"
"1991-05-01";"J02M0";"A1100";"P1D_L";"ZZ";
"1991-05-02";"J02M0";"A1100";"P1D_L";"ZZ";
"1991-05-03";"J02M0";"A1100";"P1D_L";"ZZ";
"1991-05-06";"J02M0";"A1100";"P1D_L";"ZZ";"6.792"
"1991-05-07";"J02M0";"A1100";"P1D_L";"ZZ";
"1991-05-08";"J02M0";"A1100";"P1D_L";"ZZ";
"1991-05-09";"J02M0";"A1100";"P1D_L";"ZZ";
"1991-05-10";"J02M0";"A1100";"P1D_L";"ZZ";
"1991-05-13";"J02M0";"A1100";"P1D_L";"ZZ";"6.823"
"1991-05-14";"J02M0";"A1100";"P1D_L";"ZZ";
"1991-05-15";"J02M0";"A1100";"P1D_L";"ZZ";
"1991-05-16";"J02M0";"A1100";"P1D_L";"ZZ";
"1991-05-17";"J02M0";"A1100";"P1D_L";"ZZ";
"1991-05-20";"J02M0";"A1100";"P1D_L";"ZZ";
"1991-05-21";"J02M0";"A1100";"P1D_L";"ZZ";"6.738"
"1991-05-22";"J02M0";"A1100";"P1D_L";"ZZ";
"1991-05-23";"J02M0";"A1100";"P1D_L";"ZZ";
"1991-05-24";"J02M0";"A1100";"P1D_L";"ZZ";
"1991-05-27";"J02M0";"A1100";"P1D_L";"ZZ";"6.681"
"1991-05-28";"J02M0";"A1100";"P1D_L";"ZZ";
"1991-05-29";"J02M0";"A1100";"P1D_L";"ZZ";
"1991-05-30";"J02M0";"A1100";"P1D_L";"ZZ";
"1991-05-31";"J02M0";"A1100";"P1D_L";"ZZ";"6.61"
"1991-06-03";"J02M0";"A1100";"P1D_L";"ZZ";"6.583"
"1991-06-04";"J02M0";"A1100";"P1D_L";"ZZ";
"1991-06-05";"J02M0";"A1100";"P1D_L";"ZZ";
"1991-06-06";"J02M0";"A1100";"P1D_L";"ZZ";
"1991-06-07";"J02M0";"A1100";"P1D_L";"ZZ";
"1991-06-10";"J02M0";"A1100";"P1D_L";"ZZ";"6.605"
"1991-06-11";"J02M0";"A1100";"P1D_L";"ZZ";
"1991-06-12";"J02M0";"A1100";"P1D_L";"ZZ";
"1991-06-13";"J02M0";"A1100";"P1D_L";"ZZ";
"1991-06-14";"J02M0";"A1100";"P1D_L";"ZZ";
"1991-06-17";"J02M0";"A1100";"P1D_L";"ZZ";"6.837"
"1991-06-18";"J02M0";"A1100";"P1D_L";"ZZ";
"1991-06-19";"J02M0";"A1100";"P1D_L";"ZZ";
"1991-06-20";"J02M0";"A1100";"P1D_L";"ZZ";
"1991-06-21";"J02M0";"A1100";"P1D_L";"ZZ";
"1991-06-24";"J02M0";"A1100";"P1D_L";"ZZ";"6.702"
"1991-06-25";"J02M0";"A1100";"P1D_L";"ZZ";
"1991-06-26";"J02M0";"A1100";"P1D_L";"ZZ";
"1991-06-27";"J02M0";"A1100";"P1D_L";"ZZ";
"1991-06-28";"J02M0";"A1100";"P1D_L";"ZZ";"6.753"
"1991-07-01";"J02M0";"A1100";"P1D_L";"ZZ";"6.759"
"1991-07-02";"J02M0";"A1100";"P1D_L";"ZZ";
"1991-07-03";"J02M0";"A1100";"P1D_L";"ZZ";
"1991-07-04";"J02M0";"A1100";"P1D_L";"ZZ";
"1991-07-05";"J02M0";"A1100";"P1D_L";"ZZ";
"1991-07-08";"J02M0";"A1100";"P1D_L";"ZZ";"6.606"
"1991-07-09";"J02M0";"A1100";"P1D_L";"ZZ";
"1991-07-10";"J02M0";"A1100";"P1D_L";"ZZ";
"1991-07-11";"J02M0";"A1100";"P1D_L";"ZZ";
"1991-07-12";"J02M0";"A1100";"P1D_L";"ZZ";
"1991-07-15";"J02M0";"A1100";"P1D_L";"ZZ";"6.575"
"1991-07-16";"J02M0";"A1100";"P1D_L";"ZZ";
"1991-07-17";"J02M0";"A1100";"P1D_L";"ZZ";
"1991-07-18";"J02M0";"A1100";"P1D_L";"ZZ";
"1991-07-19";"J02M0";"A1100";"P1D_L";"ZZ";
"1991-07-22";"J02M0";"A1100";"P1D_L";"ZZ";"6.778"
"1991-07-23";"J02M0";"A1100";"P1D_L";"ZZ";
"1991-07-24";"J02M0";"A1100";"P1D_L";"ZZ";
"1991-07-25";"J02M0";"A1100";"P1D_L";"ZZ";
"1991-07-26";"J02M0";"A1100";"P1D_L";"ZZ";
"1991-07-29";"J02M0";"A1100";"P1D_L";"ZZ";"6.788"
"1991-07-30";"J02M0";"A1100";"P1D_L";"ZZ";
"1991-07-31";"J02M0";"A1100";"P1D_L";"ZZ";"6.695"
"1991-08-01";"J02M0";"A1100";"P1D_L";"ZZ";
"1991-08-02";"J02M0";"A1100";"P1D_L";"ZZ";
"1991-08-05";"J02M0";"A1100";"P1D_L";"ZZ";"6.575"
"1991-08-06";"J02M0";"A1100";"P1D_L";"ZZ";
"1991-08-07";"J02M0";"A1100";"P1D_L";"ZZ";
"1991-08-08";"J02M0";"A1100";"P1D_L";"ZZ";
"1991-08-09";"J02M0";"A1100";"P1D_L";"ZZ";
"1991-08-12";"J02M0";"A1100";"P1D_L";"ZZ";"6.665"
"1991-08-13";"J02M0";"A1100";"P1D_L";"ZZ";
"1991-08-14";"J02M0";"A1100";"P1D_L";"ZZ";
"1991-08-15";"J02M0";"A1100";"P1D_L";"ZZ";
"1991-08-16";"J02M0";"A1100";"P1D_L";"ZZ";
"1991-08-19";"J02M0";"A1100";"P1D_L";"ZZ";"6.72"
"1991-08-20";"J02M0";"A1100";"P1D_L";"ZZ";
"1991-08-21";"J02M0";"A1100";"P1D_L";"ZZ";
"1991-08-22";"J02M0";"A1100";"P1D_L";"ZZ";
"1991-08-23";"J02M0";"A1100";"P1D_L";"ZZ";
"1991-08-26";"J02M0";"A1100";"P1D_L";"ZZ";"6.772"
"1991-08-27";"J02M0";"A1100";"P1D_L";"ZZ";
"1991-08-28";"J02M0";"A1100";"P1D_L";"ZZ";
"1991-08-29";"J02M0";"A1100";"P1D_L";"ZZ";
"1991-08-30";"J02M0";"A1100";"P1D_L";"ZZ";"6.775"
"1991-09-02";"J02M0";"A1100";"P1D_L";"ZZ";"6.685"
"1991-09-03";"J02M0";"A1100";"P1D_L";"ZZ";
"1991-09-04";"J02M0";"A1100";"P1D_L";"ZZ";
"1991-09-05";"J02M0";"A1100";"P1D_L";"ZZ";
"1991-09-06";"J02M0";"A1100";"P1D_L";"ZZ";
"1991-09-09";"J02M0";"A1100";"P1D_L";"ZZ";"6.723"
"1991-09-10";"J02M0";"A1100";"P1D_L";"ZZ";
"1991-09-11";"J02M0";"A1100";"P1D_L";"ZZ";
"1991-09-12";"J02M0";"A1100";"P1D_L";"ZZ";
"1991-09-13";"J02M0";"A1100";"P1D_L";"ZZ";
"1991-09-16";"J02M0";"A1100";"P1D_L";"ZZ";"6.679"
"1991-09-17";"J02M0";"A1100";"P1D_L";"ZZ";
"1991-09-18";"J02M0";"A1100";"P1D_L";"ZZ";
"1991-09-19";"J02M0";"A1100";"P1D_L";"ZZ";
"1991-09-20";"J02M0";"A1100";"P1D_L";"ZZ";
"1991-09-23";"J02M0";"A1100";"P1D_L";"ZZ";"6.685"
"1991-09-24";"J02M0";"A1100";"P1D_L";"ZZ";
"1991-09-25";"J02M0";"A1100";"P1D_L";"ZZ";
"1991-09-26";"J02M0";"A1100";"P1D_L";"ZZ";
"1991-09-27";"J02M0";"A1100";"P1D_L";"ZZ";
"1991-09-30";"J02M0";"A1100";"P1D_L";"ZZ";"6.661"
"1991-10-01";"J02M0";"A1100";"P1D_L";"ZZ";
"1991-10-02";"J02M0";"A1100";"P1D_L";"ZZ";
"1991-10-03";"J02M0";"A1100";"P1D_L";"ZZ";
"1991-10-04";"J02M0";"A1100";"P1D_L";"ZZ";
"1991-10-07";"J02M0";"A1100";"P1D_L";"ZZ";"6.856"
"1991-10-08";"J02M0";"A1100";"P1D_L";"ZZ";
"1991-10-09";"J02M0";"A1100";"P1D_L";"ZZ";
"1991-10-10";"J02M0";"A1100";"P1D_L";"ZZ";
"1991-10-11";"J02M0";"A1100";"P1D_L";"ZZ";
"1991-10-14";"J02M0";"A1100";"P1D_L";"ZZ";"6.853"
"1991-10-15";"J02M0";"A1100";"P1D_L";"ZZ";
"1991-10-16";"J02M0";"A1100";"P1D_L";"ZZ";
"1991-10-17";"J02M0";"A1100";"P1D_L";"ZZ";
"1991-10-18";"J02M0";"A1100";"P1D_L";"ZZ";
"1991-10-21";"J02M0";"A1100";"P1D_L";"ZZ";"6.865"
"1991-10-22";"J02M0";"A1100";"P1D_L";"ZZ";
"1991-10-23";"J02M0";"A1100";"P1D_L";"ZZ";
"1991-10-24";"J02M0";"A1100";"P1D_L";"ZZ";
"1991-10-25";"J02M0";"A1100";"P1D_L";"ZZ";
"1991-10-28";"J02M0";"A1100";"P1D_L";"ZZ";"7.138"
"1991-10-29";"J02M0";"A1100";"P1D_L";"ZZ";
"1991-10-30";"J02M0";"A1100";"P1D_L";"ZZ";"7.26"
"1991-10-31";"J02M0";"A1100";"P1D_L";"ZZ";
"1991-11-01";"J02M0";"A1100";"P1D_L";"ZZ";
"1991-11-04";"J02M0";"A1100";"P1D_L";"ZZ";"7.16"
"1991-11-05";"J02M0";"A1100";"P1D_L";"ZZ";
"1991-11-06";"J02M0";"A1100";"P1D_L";"ZZ";
"1991-11-07";"J02M0";"A1100";"P1D_L";"ZZ";
"1991-11-08";"J02M0";"A1100";"P1D_L";"ZZ";
"1991-11-11";"J02M0";"A1100";"P1D_L";"ZZ";"7.411"
"1991-11-12";"J02M0";"A1100";"P1D_L";"ZZ";
"1991-11-13";"J02M0";"A1100";"P1D_L";"ZZ";
"1991-11-14";"J02M0";"A1100";"P1D_L";"ZZ";
"1991-11-15";"J02M0";"A1100";"P1D_L";"ZZ";
"1991-11-18";"J02M0";"A1100";"P1D_L";"ZZ";"7.171"
"1991-11-19";"J02M0";"A1100";"P1D_L";"ZZ";
"1991-11-20";"J02M0";"A1100";"P1D_L";"ZZ";
"1991-11-21";"J02M0";"A1100";"P1D_L";"ZZ";
"1991-11-22";"J02M0";"A1100";"P1D_L";"ZZ";
"1991-11-25";"J02M0";"A1100";"P1D_L";"ZZ";"7.068"
"1991-11-26";"J02M0";"A1100";"P1D_L";"ZZ";
"1991-11-27";"J02M0";"A1100";"P1D_L";"ZZ";
"1991-11-28";"J02M0";"A1100";"P1D_L";"ZZ";
"1991-11-29";"J02M0";"A1100";"P1D_L";"ZZ";"7.056"
"1991-12-02";"J02M0";"A1100";"P1D_L";"ZZ";"7.1"
"1991-12-03";"J02M0";"A1100";"P1D_L";"ZZ";
"1991-12-04";"J02M0";"A1100";"P1D_L";"ZZ";
"1991-12-05";"J02M0";"A1100";"P1D_L";"ZZ";
"1991-12-06";"J02M0";"A1100";"P1D_L";"ZZ";
"1991-12-09";"J02M0";"A1100";"P1D_L";"ZZ";"7.055"
"1991-12-10";"J02M0";"A1100";"P1D_L";"ZZ";
"1991-12-11";"J02M0";"A1100";"P1D_L";"ZZ";
"1991-12-12";"J02M0";"A1100";"P1D_L";"ZZ";
"1991-12-13";"J02M0";"A1100";"P1D_L";"ZZ";
"1991-12-16";"J02M0";"A1100";"P1D_L";"ZZ";"6.887"
"1991-12-17";"J02M0";"A1100";"P1D_L";"ZZ";
"1991-12-18";"J02M0";"A1100";"P1D_L";"ZZ";
"1991-12-19";"J02M0";"A1100";"P1D_L";"ZZ";
"1991-12-20";"J02M0";"A1100";"P1D_L";"ZZ";
"1991-12-23";"J02M0";"A1100";"P1D_L";"ZZ";"6.747"
"1991-12-24";"J02M0";"A1100";"P1D_L";"ZZ";
"1991-12-25";"J02M0";"A1100";"P1D_L";"ZZ";
"1991-12-26";"J02M0";"A1100";"P1D_L";"ZZ";
"1991-12-27";"J02M0";"A1100";"P1D_L";"ZZ";
"1991-12-30";"J02M0";"A1100";"P1D_L";"ZZ";"6.62"
"1991-12-31";"J02M0";"A1100";"P1D_L";"ZZ";"6.578"
"1992-01-01";"J02M0";"A1100";"P1D_L";"ZZ";
"1992-01-02";"J02M0";"A1100";"P1D_L";"ZZ";
"1992-01-03";"J02M0";"A1100";"P1D_L";"ZZ";
"1992-01-06";"J02M0";"A1100";"P1D_L";"ZZ";"6.643"
"1992-01-07";"J02M0";"A1100";"P1D_L";"ZZ";
"1992-01-08";"J02M0";"A1100";"P1D_L";"ZZ";
"1992-01-09";"J02M0";"A1100";"P1D_L";"ZZ";
"1992-01-10";"J02M0";"A1100";"P1D_L";"ZZ";
"1992-01-13";"J02M0";"A1100";"P1D_L";"ZZ";"6.373"
"1992-01-14";"J02M0";"A1100";"P1D_L";"ZZ";
"1992-01-15";"J02M0";"A1100";"P1D_L";"ZZ";
"1992-01-16";"J02M0";"A1100";"P1D_L";"ZZ";
"1992-01-17";"J02M0";"A1100";"P1D_L";"ZZ";
"1992-01-20";"J02M0";"A1100";"P1D_L";"ZZ";"6.45"
"1992-01-21";"J02M0";"A1100";"P1D_L";"ZZ";
"1992-01-22";"J02M0";"A1100";"P1D_L";"ZZ";
"1992-01-23";"J02M0";"A1100";"P1D_L";"ZZ";
"1992-01-24";"J02M0";"A1100";"P1D_L";"ZZ";
"1992-01-27";"J02M0";"A1100";"P1D_L";"ZZ";"6.588"
"1992-01-28";"J02M0";"A1100";"P1D_L";"ZZ";
"1992-01-29";"J02M0";"A1100";"P1D_L";"ZZ";
"1992-01-30";"J02M0";"A1100";"P1D_L";"ZZ";
"1992-01-31";"J02M0";"A1100";"P1D_L";"ZZ";"6.627"
"1992-02-03";"J02M0";"A1100";"P1D_L";"ZZ";"6.569"
"1992-02-04";"J02M0";"A1100";"P1D_L";"ZZ";
"1992-02-05";"J02M0";"A1100";"P1D_L";"ZZ";
"1992-02-06";"J02M0";"A1100";"P1D_L";"ZZ";
"1992-02-07";"J02M0";"A1100";"P1D_L";"ZZ";
"1992-02-10";"J02M0";"A1100";"P1D_L";"ZZ";"6.582"
"1992-02-11";"J02M0";"A1100";"P1D_L";"ZZ";
"1992-02-12";"J02M0";"A1100";"P1D_L";"ZZ";
"1992-02-13";"J02M0";"A1100";"P1D_L";"ZZ";
"1992-02-14";"J02M0";"A1100";"P1D_L";"ZZ";
"1992-02-17";"J02M0";"A1100";"P1D_L";"ZZ";"6.622"
"1992-02-18";"J02M0";"A1100";"P1D_L";"ZZ";
"1992-02-19";"J02M0";"A1100";"P1D_L";"ZZ";
"1992-02-20";"J02M0";"A1100";"P1D_L";"ZZ";
"1992-02-21";"J02M0";"A1100";"P1D_L";"ZZ";
"1992-02-24";"J02M0";"A1100";"P1D_L";"ZZ";"6.718"
"1992-02-25";"J02M0";"A1100";"P1D_L";"ZZ";
"1992-02-26";"J02M0";"A1100";"P1D_L";"ZZ";
"1992-02-27";"J02M0";"A1100";"P1D_L";"ZZ";
"1992-02-28";"J02M0";"A1100";"P1D_L";"ZZ";"6.697"
"1992-03-02";"J02M0";"A1100";"P1D_L";"ZZ";"6.709"
"1992-03-03";"J02M0";"A1100";"P1D_L";"ZZ";
"1992-03-04";"J02M0";"A1100";"P1D_L";"ZZ";
"1992-03-05";"J02M0";"A1100";"P1D_L";"ZZ";
"1992-03-06";"J02M0";"A1100";"P1D_L";"ZZ";
"1992-03-09";"J02M0";"A1100";"P1D_L";"ZZ";"6.668"
"1992-03-10";"J02M0";"A1100";"P1D_L";"ZZ";
"1992-03-11";"J02M0";"A1100";"P1D_L";"ZZ";
"1992-03-12";"J02M0";"A1100";"P1D_L";"ZZ";
"1992-03-13";"J02M0";"A1100";"P1D_L";"ZZ";
"1992-03-16";"J02M0";"A1100";"P1D_L";"ZZ";"6.811"
"1992-03-17";"J02M0";"A1100";"P1D_L";"ZZ";
"1992-03-18";"J02M0";"A1100";"P1D_L";"ZZ";
"1992-03-19";"J02M0";"A1100";"P1D_L";"ZZ";
"1992-03-20";"J02M0";"A1100";"P1D_L";"ZZ";
"1992-03-23";"J02M0";"A1100";"P1D_L";"ZZ";"6.797"
"1992-03-24";"J02M0";"A1100";"P1D_L";"ZZ";
"1992-03-25";"J02M0";"A1100";"P1D_L";"ZZ";
"1992-03-26";"J02M0";"A1100";"P1D_L";"ZZ";
"1992-03-27";"J02M0";"A1100";"P1D_L";"ZZ";
"1992-03-30";"J02M0";"A1100";"P1D_L";"ZZ";"6.938"
"1992-03-31";"J02M0";"A1100";"P1D_L";"ZZ";
"1992-04-01";"J02M0";"A1100";"P1D_L";"ZZ";
"1992-04-02";"J02M0";"A1100";"P1D_L";"ZZ";
"1992-04-03";"J02M0";"A1100";"P1D_L";"ZZ";
"1992-04-06";"J02M0";"A1100";"P1D_L";"ZZ";"7.198"
"1992-04-07";"J02M0";"A1100";"P1D_L";"ZZ";
"1992-04-08";"J02M0";"A1100";"P1D_L";"ZZ";
"1992-04-09";"J02M0";"A1100";"P1D_L";"ZZ";
"1992-04-10";"J02M0";"A1100";"P1D_L";"ZZ";
"1992-04-13";"J02M0";"A1100";"P1D_L";"ZZ";"7.2"
"1992-04-14";"J02M0";"A1100";"P1D_L";"ZZ";
"1992-04-15";"J02M0";"A1100";"P1D_L";"ZZ";
"1992-04-16";"J02M0";"A1100";"P1D_L";"ZZ";
"1992-04-17";"J02M0";"A1100";"P1D_L";"ZZ";
"1992-04-20";"J02M0";"A1100";"P1D_L";"ZZ";
"1992-04-21";"J02M0";"A1100";"P1D_L";"ZZ";"7.185"
"1992-04-22";"J02M0";"A1100";"P1D_L";"ZZ";
"1992-04-23";"J02M0";"A1100";"P1D_L";"ZZ";
"1992-04-24";"J02M0";"A1100";"P1D_L";"ZZ";
"1992-04-27";"J02M0";"A1100";"P1D_L";"ZZ";"7.125"
"1992-04-28";"J02M0";"A1100";"P1D_L";"ZZ";
"1992-04-29";"J02M0";"A1100";"P1D_L";"ZZ";
"1992-04-30";"J02M0";"A1100";"P1D_L";"ZZ";"7.228"
"1992-05-01";"J02M0";"A1100";"P1D_L";"ZZ";
"1992-05-04";"J02M0";"A1100";"P1D_L";"ZZ";"7.38"
"1992-05-05";"J02M0";"A1100";"P1D_L";"ZZ";
"1992-05-06";"J02M0";"A1100";"P1D_L";"ZZ";
"1992-05-07";"J02M0";"A1100";"P1D_L";"ZZ";
"1992-05-08";"J02M0";"A1100";"P1D_L";"ZZ";
"1992-05-11";"J02M0";"A1100";"P1D_L";"ZZ";"7.274"
"1992-05-12";"J02M0";"A1100";"P1D_L";"ZZ";
"1992-05-13";"J02M0";"A1100";"P1D_L";"ZZ";
"1992-05-14";"J02M0";"A1100";"P1D_L";"ZZ";
"1992-05-15";"J02M0";"A1100";"P1D_L";"ZZ";
"1992-05-18";"J02M0";"A1100";"P1D_L";"ZZ";"7.217"
"1992-05-19";"J02M0";"A1100";"P1D_L";"ZZ";
"1992-05-20";"J02M0";"A1100";"P1D_L";"ZZ";
"1992-05-21";"J02M0";"A1100";"P1D_L";"ZZ";
"1992-05-22";"J02M0";"A1100";"P1D_L";"ZZ";
"1992-05-25";"J02M0";"A1100";"P1D_L";"ZZ";"7.325"
"1992-05-26";"J02M0";"A1100";"P1D_L";"ZZ";
"1992-05-27";"J02M0";"A1100";"P1D_L";"ZZ";
"1992-05-28";"J02M0";"A1100";"P1D_L";"ZZ";
"1992-05-29";"J02M0";"A1100";"P1D_L";"ZZ";"7.522"
"1992-06-01";"J02M0";"A1100";"P1D_L";"ZZ";"7.633"
"1992-06-02";"J02M0";"A1100";"P1D_L";"ZZ";
"1992-06-03";"J02M0";"A1100";"P1D_L";"ZZ";
"1992-06-04";"J02M0";"A1100";"P1D_L";"ZZ";
"1992-06-05";"J02M0";"A1100";"P1D_L";"ZZ";
"1992-06-08";"J02M0";"A1100";"P1D_L";"ZZ";
"1992-06-09";"J02M0";"A1100";"P1D_L";"ZZ";"7.728"
"1992-06-10";"J02M0";"A1100";"P1D_L";"ZZ";
"1992-06-11";"J02M0";"A1100";"P1D_L";"ZZ";
"1992-06-12";"J02M0";"A1100";"P1D_L";"ZZ";
"1992-06-15";"J02M0";"A1100";"P1D_L";"ZZ";"7.731"
"1992-06-16";"J02M0";"A1100";"P1D_L";"ZZ";
"1992-06-17";"J02M0";"A1100";"P1D_L";"ZZ";
"1992-06-18";"J02M0";"A1100";"P1D_L";"ZZ";
"1992-06-19";"J02M0";"A1100";"P1D_L";"ZZ";
"1992-06-22";"J02M0";"A1100";"P1D_L";"ZZ";"7.659"
"1992-06-23";"J02M0";"A1100";"P1D_L";"ZZ";
"1992-06-24";"J02M0";"A1100";"P1D_L";"ZZ";
"1992-06-25";"J02M0";"A1100";"P1D_L";"ZZ";
"1992-06-26";"J02M0";"A1100";"P1D_L";"ZZ";
"1992-06-29";"J02M0";"A1100";"P1D_L";"ZZ";"7.641"
"1992-06-30";"J02M0";"A1100";"P1D_L";"ZZ";"7.622"
"1992-07-01";"J02M0";"A1100";"P1D_L";"ZZ";
"1992-07-02";"J02M0";"A1100";"P1D_L";"ZZ";
"1992-07-03";"J02M0";"A1100";"P1D_L";"ZZ";
"1992-07-06";"J02M0";"A1100";"P1D_L";"ZZ";"7.673"
"1992-07-07";"J02M0";"A1100";"P1D_L";"ZZ";
"1992-07-08";"J02M0";"A1100";"P1D_L";"ZZ";
"1992-07-09";"J02M0";"A1100";"P1D_L";"ZZ";
"1992-07-10";"J02M0";"A1100";"P1D_L";"ZZ";
"1992-07-13";"J02M0";"A1100";"P1D_L";"ZZ";"7.571"
"1992-07-14";"J02M0";"A1100";"P1D_L";"ZZ";
"1992-07-15";"J02M0";"A1100";"P1D_L";"ZZ";
"1992-07-16";"J02M0";"A1100";"P1D_L";"ZZ";
"1992-07-17";"J02M0";"A1100";"P1D_L";"ZZ";
"1992-07-20";"J02M0";"A1100";"P1D_L";"ZZ";"7.614"
"1992-07-21";"J02M0";"A1100";"P1D_L";"ZZ";
"1992-07-22";"J02M0";"A1100";"P1D_L";"ZZ";
"1992-07-23";"J02M0";"A1100";"P1D_L";"ZZ";
"1992-07-24";"J02M0";"A1100";"P1D_L";"ZZ";
"1992-07-27";"J02M0";"A1100";"P1D_L";"ZZ";"7.633"
"1992-07-28";"J02M0";"A1100";"P1D_L";"ZZ";
"1992-07-29";"J02M0";"A1100";"P1D_L";"ZZ";
"1992-07-30";"J02M0";"A1100";"P1D_L";"ZZ";
"1992-07-31";"J02M0";"A1100";"P1D_L";"ZZ";"7.65"
"1992-08-03";"J02M0";"A1100";"P1D_L";"ZZ";"7.586"
"1992-08-04";"J02M0";"A1100";"P1D_L";"ZZ";
"1992-08-05";"J02M0";"A1100";"P1D_L";"ZZ";
"1992-08-06";"J02M0";"A1100";"P1D_L";"ZZ";
"1992-08-07";"J02M0";"A1100";"P1D_L";"ZZ";
"1992-08-10";"J02M0";"A1100";"P1D_L";"ZZ";"7.372"
"1992-08-11";"J02M0";"A1100";"P1D_L";"ZZ";
"1992-08-12";"J02M0";"A1100";"P1D_L";"ZZ";
"1992-08-13";"J02M0";"A1100";"P1D_L";"ZZ";
"1992-08-14";"J02M0";"A1100";"P1D_L";"ZZ";
"1992-08-17";"J02M0";"A1100";"P1D_L";"ZZ";"7.478"
"1992-08-18";"J02M0";"A1100";"P1D_L";"ZZ";
"1992-08-19";"J02M0";"A1100";"P1D_L";"ZZ";
"1992-08-20";"J02M0";"A1100";"P1D_L";"ZZ";
"1992-08-21";"J02M0";"A1100";"P1D_L";"ZZ";
"1992-08-24";"J02M0";"A1100";"P1D_L";"ZZ";"7.519"
"1992-08-25";"J02M0";"A1100";"P1D_L";"ZZ";
"1992-08-26";"J02M0";"A1100";"P1D_L";"ZZ";
"1992-08-27";"J02M0";"A1100";"P1D_L";"ZZ";
"1992-08-28";"J02M0";"A1100";"P1D_L";"ZZ";
"1992-08-31";"J02M0";"A1100";"P1D_L";"ZZ";"7.292"
"1992-09-01";"J02M0";"A1100";"P1D_L";"ZZ";
"1992-09-02";"J02M0";"A1100";"P1D_L";"ZZ";
"1992-09-03";"J02M0";"A1100";"P1D_L";"ZZ";
"1992-09-04";"J02M0";"A1100";"P1D_L";"ZZ";
"1992-09-07";"J02M0";"A1100";"P1D_L";"ZZ";"7.244"
"1992-09-08";"J02M0";"A1100";"P1D_L";"ZZ";
"1992-09-09";"J02M0";"A1100";"P1D_L";"ZZ";
"1992-09-10";"J02M0";"A1100";"P1D_L";"ZZ";
"1992-09-11";"J02M0";"A1100";"P1D_L";"ZZ";
"1992-09-14";"J02M0";"A1100";"P1D_L";"ZZ";"7.063"
"1992-09-15";"J02M0";"A1100";"P1D_L";"ZZ";
"1992-09-16";"J02M0";"A1100";"P1D_L";"ZZ";
"1992-09-17";"J02M0";"A1100";"P1D_L";"ZZ";
"1992-09-18";"J02M0";"A1100";"P1D_L";"ZZ";
"1992-09-21";"J02M0";"A1100";"P1D_L";"ZZ";"6.792"
"1992-09-22";"J02M0";"A1100";"P1D_L";"ZZ";
"1992-09-23";"J02M0";"A1100";"P1D_L";"ZZ";
"1992-09-24";"J02M0";"A1100";"P1D_L";"ZZ";
"1992-09-25";"J02M0";"A1100";"P1D_L";"ZZ";
"1992-09-28";"J02M0";"A1100";"P1D_L";"ZZ";"6.746"
"1992-09-29";"J02M0";"A1100";"P1D_L";"ZZ";
"1992-09-30";"J02M0";"A1100";"P1D_L";"ZZ";"6.779"
"1992-10-01";"J02M0";"A1100";"P1D_L";"ZZ";
"1992-10-02";"J02M0";"A1100";"P1D_L";"ZZ";
"1992-10-05";"J02M0";"A1100";"P1D_L";"ZZ";"6.502"
"1992-10-06";"J02M0";"A1100";"P1D_L";"ZZ";
"1992-10-07";"J02M0";"A1100";"P1D_L";"ZZ";
"1992-10-08";"J02M0";"A1100";"P1D_L";"ZZ";
"1992-10-09";"J02M0";"A1100";"P1D_L";"ZZ";
"1992-10-12";"J02M0";"A1100";"P1D_L";"ZZ";"6.538"
"1992-10-13";"J02M0";"A1100";"P1D_L";"ZZ";
"1992-10-14";"J02M0";"A1100";"P1D_L";"ZZ";
"1992-10-15";"J02M0";"A1100";"P1D_L";"ZZ";
"1992-10-16";"J02M0";"A1100";"P1D_L";"ZZ";
"1992-10-19";"J02M0";"A1100";"P1D_L";"ZZ";"6.431"
"1992-10-20";"J02M0";"A1100";"P1D_L";"ZZ";
"1992-10-21";"J02M0";"A1100";"P1D_L";"ZZ";
"1992-10-22";"J02M0";"A1100";"P1D_L";"ZZ";
"1992-10-23";"J02M0";"A1100";"P1D_L";"ZZ";
"1992-10-26";"J02M0";"A1100";"P1D_L";"ZZ";"6.26"
"1992-10-27";"J02M0";"A1100";"P1D_L";"ZZ";
"1992-10-28";"J02M0";"A1100";"P1D_L";"ZZ";
"1992-10-29";"J02M0";"A1100";"P1D_L";"ZZ";
"1992-10-30";"J02M0";"A1100";"P1D_L";"ZZ";"5.821"
"1992-11-02";"J02M0";"A1100";"P1D_L";"ZZ";"6.21"
"1992-11-03";"J02M0";"A1100";"P1D_L";"ZZ";
"1992-11-04";"J02M0";"A1100";"P1D_L";"ZZ";
"1992-11-05";"J02M0";"A1100";"P1D_L";"ZZ";
"1992-11-06";"J02M0";"A1100";"P1D_L";"ZZ";
"1992-11-09";"J02M0";"A1100";"P1D_L";"ZZ";"6.158"
"1992-11-10";"J02M0";"A1100";"P1D_L";"ZZ";
"1992-11-11";"J02M0";"A1100";"P1D_L";"ZZ";
"1992-11-12";"J02M0";"A1100";"P1D_L";"ZZ";
"1992-11-13";"J02M0";"A1100";"P1D_L";"ZZ";
"1992-11-16";"J02M0";"A1100";"P1D_L";"ZZ";"6.067"
"1992-11-17";"J02M0";"A1100";"P1D_L";"ZZ";
"1992-11-18";"J02M0";"A1100";"P1D_L";"ZZ";
"1992-11-19";"J02M0";"A1100";"P1D_L";"ZZ";
"1992-11-20";"J02M0";"A1100";"P1D_L";"ZZ";
"1992-11-23";"J02M0";"A1100";"P1D_L";"ZZ";"5.991"
"1992-11-24";"J02M0";"A1100";"P1D_L";"ZZ";
"1992-11-25";"J02M0";"A1100";"P1D_L";"ZZ";
"1992-11-26";"J02M0";"A1100";"P1D_L";"ZZ";
"1992-11-27";"J02M0";"A1100";"P1D_L";"ZZ";
"1992-11-30";"J02M0";"A1100";"P1D_L";"ZZ";"5.887"
"1992-12-01";"J02M0";"A1100";"P1D_L";"ZZ";
"1992-12-02";"J02M0";"A1100";"P1D_L";"ZZ";
"1992-12-03";"J02M0";"A1100";"P1D_L";"ZZ";
"1992-12-04";"J02M0";"A1100";"P1D_L";"ZZ";
"1992-12-07";"J02M0";"A1100";"P1D_L";"ZZ";"5.868"
"1992-12-08";"J02M0";"A1100";"P1D_L";"ZZ";
"1992-12-09";"J02M0";"A1100";"P1D_L";"ZZ";
"1992-12-10";"J02M0";"A1100";"P1D_L";"ZZ";
"1992-12-11";"J02M0";"A1100";"P1D_L";"ZZ";
"1992-12-14";"J02M0";"A1100";"P1D_L";"ZZ";"5.719"
"1992-12-15";"J02M0";"A1100";"P1D_L";"ZZ";
"1992-12-16";"J02M0";"A1100";"P1D_L";"ZZ";
"1992-12-17";"J02M0";"A1100";"P1D_L";"ZZ";
"1992-12-18";"J02M0";"A1100";"P1D_L";"ZZ";
"1992-12-21";"J02M0";"A1100";"P1D_L";"ZZ";"5.611"
"1992-12-22";"J02M0";"A1100";"P1D_L";"ZZ";
"1992-12-23";"J02M0";"A1100";"P1D_L";"ZZ";
"1992-12-24";"J02M0";"A1100";"P1D_L";"ZZ";
"1992-12-25";"J02M0";"A1100";"P1D_L";"ZZ";
"1992-12-28";"J02M0";"A1100";"P1D_L";"ZZ";"5.635"
"1992-12-29";"J02M0";"A1100";"P1D_L";"ZZ";
"1992-12-30";"J02M0";"A1100";"P1D_L";"ZZ";
"1992-12-31";"J02M0";"A1100";"P1D_L";"ZZ";"5.529"
"1993-01-01";"J02M0";"A1100";"P1D_L";"ZZ";
"1993-01-04";"J02M0";"A1100";"P1D_L";"ZZ";"5.514"
"1993-01-05";"J02M0";"A1100";"P1D_L";"ZZ";
"1993-01-06";"J02M0";"A1100";"P1D_L";"ZZ";
"1993-01-07";"J02M0";"A1100";"P1D_L";"ZZ";
"1993-01-08";"J02M0";"A1100";"P1D_L";"ZZ";
"1993-01-11";"J02M0";"A1100";"P1D_L";"ZZ";"5.187"
"1993-01-12";"J02M0";"A1100";"P1D_L";"ZZ";
"1993-01-13";"J02M0";"A1100";"P1D_L";"ZZ";
"1993-01-14";"J02M0";"A1100";"P1D_L";"ZZ";
"1993-01-15";"J02M0";"A1100";"P1D_L";"ZZ";
"1993-01-18";"J02M0";"A1100";"P1D_L";"ZZ";"5.278"
"1993-01-19";"J02M0";"A1100";"P1D_L";"ZZ";
"1993-01-20";"J02M0";"A1100";"P1D_L";"ZZ";
"1993-01-21";"J02M0";"A1100";"P1D_L";"ZZ";
"1993-01-22";"J02M0";"A1100";"P1D_L";"ZZ";
"1993-01-25";"J02M0";"A1100";"P1D_L";"ZZ";"5.261"
"1993-01-26";"J02M0";"A1100";"P1D_L";"ZZ";
"1993-01-27";"J02M0";"A1100";"P1D_L";"ZZ";
"1993-01-28";"J02M0";"A1100";"P1D_L";"ZZ";
"1993-01-29";"J02M0";"A1100";"P1D_L";"ZZ";"5.114"
"1993-02-01";"J02M0";"A1100";"P1D_L";"ZZ";"5.02"
"1993-02-02";"J02M0";"A1100";"P1D_L";"ZZ";
"1993-02-03";"J02M0";"A1100";"P1D_L";"ZZ";
"1993-02-04";"J02M0";"A1100";"P1D_L";"ZZ";
"1993-02-05";"J02M0";"A1100";"P1D_L";"ZZ";
"1993-02-08";"J02M0";"A1100";"P1D_L";"ZZ";"5.002"
"1993-02-09";"J02M0";"A1100";"P1D_L";"ZZ";
"1993-02-10";"J02M0";"A1100";"P1D_L";"ZZ";
"1993-02-11";"J02M0";"A1100";"P1D_L";"ZZ";
"1993-02-12";"J02M0";"A1100";"P1D_L";"ZZ";
"1993-02-15";"J02M0";"A1100";"P1D_L";"ZZ";"4.942"
"1993-02-16";"J02M0";"A1100";"P1D_L";"ZZ";
"1993-02-17";"J02M0";"A1100";"P1D_L";"ZZ";
"1993-02-18";"J02M0";"A1100";"P1D_L";"ZZ";
"1993-02-19";"J02M0";"A1100";"P1D_L";"ZZ";
"1993-02-22";"J02M0";"A1100";"P1D_L";"ZZ";"4.921"
"1993-02-23";"J02M0";"A1100";"P1D_L";"ZZ";
"1993-02-24";"J02M0";"A1100";"P1D_L";"ZZ";
"1993-02-25";"J02M0";"A1100";"P1D_L";"ZZ";
"1993-02-26";"J02M0";"A1100";"P1D_L";"ZZ";"4.785"
"1993-03-01";"J02M0";"A1100";"P1D_L";"ZZ";"4.639"
"1993-03-02";"J02M0";"A1100";"P1D_L";"ZZ";
"1993-03-03";"J02M0";"A1100";"P1D_L";"ZZ";
"1993-03-04";"J02M0";"A1100";"P1D_L";"ZZ";
"1993-03-05";"J02M0";"A1100";"P1D_L";"ZZ";
"1993-03-08";"J02M0";"A1100";"P1D_L";"ZZ";"4.643"
"1993-03-09";"J02M0";"A1100";"P1D_L";"ZZ";
"1993-03-10";"J02M0";"A1100";"P1D_L";"ZZ";
"1993-03-11";"J02M0";"A1100";"P1D_L";"ZZ";
"1993-03-12";"J02M0";"A1100";"P1D_L";"ZZ";
"1993-03-15";"J02M0";"A1100";"P1D_L";"ZZ";"4.606"
"1993-03-16";"J02M0";"A1100";"P1D_L";"ZZ";
"1993-03-17";"J02M0";"A1100";"P1D_L";"ZZ";
"1993-03-18";"J02M0";"A1100";"P1D_L";"ZZ";
"1993-03-19";"J02M0";"A1100";"P1D_L";"ZZ";
"1993-03-22";"J02M0";"A1100";"P1D_L";"ZZ";"4.43"
"1993-03-23";"J02M0";"A1100";"P1D_L";"ZZ";
"1993-03-24";"J02M0";"A1100";"P1D_L";"ZZ";
"1993-03-25";"J02M0";"A1100";"P1D_L";"ZZ";
"1993-03-26";"J02M0";"A1100";"P1D_L";"ZZ";
"1993-03-29";"J02M0";"A1100";"P1D_L";"ZZ";"4.541"
"1993-03-30";"J02M0";"A1100";"P1D_L";"ZZ";
"1993-03-31";"J02M0";"A1100";"P1D_L";"ZZ";"4.444"
"1993-04-01";"J02M0";"A1100";"P1D_L";"ZZ";
"1993-04-02";"J02M0";"A1100";"P1D_L";"ZZ";
"1993-04-05";"J02M0";"A1100";"P1D_L";"ZZ";"4.288"
"1993-04-06";"J02M0";"A1100";"P1D_L";"ZZ";
"1993-04-07";"J02M0";"A1100";"P1D_L";"ZZ";
"1993-04-08";"J02M0";"A1100";"P1D_L";"ZZ";
"1993-04-09";"J02M0";"A1100";"P1D_L";"ZZ";
"1993-04-12";"J02M0";"A1100";"P1D_L";"ZZ";
"1993-04-13";"J02M0";"A1100";"P1D_L";"ZZ";"4.256"
"1993-04-14";"J02M0";"A1100";"P1D_L";"ZZ";
"1993-04-15";"J02M0";"A1100";"P1D_L";"ZZ";
"1993-04-16";"J02M0";"A1100";"P1D_L";"ZZ";
"1993-04-19";"J02M0";"A1100";"P1D_L";"ZZ";"4.358"
"1993-04-20";"J02M0";"A1100";"P1D_L";"ZZ";
"1993-04-21";"J02M0";"A1100";"P1D_L";"ZZ";
"1993-04-22";"J02M0";"A1100";"P1D_L";"ZZ";
"1993-04-23";"J02M0";"A1100";"P1D_L";"ZZ";
"1993-04-26";"J02M0";"A1100";"P1D_L";"ZZ";"4.267"
"1993-04-27";"J02M0";"A1100";"P1D_L";"ZZ";
"1993-04-28";"J02M0";"A1100";"P1D_L";"ZZ";
"1993-04-29";"J02M0";"A1100";"P1D_L";"ZZ";
"1993-04-30";"J02M0";"A1100";"P1D_L";"ZZ";"4.267"
"1993-05-03";"J02M0";"A1100";"P1D_L";"ZZ";"4.5"
"1993-05-04";"J02M0";"A1100";"P1D_L";"ZZ";
"1993-05-05";"J02M0";"A1100";"P1D_L";"ZZ";
"1993-05-06";"J02M0";"A1100";"P1D_L";"ZZ";
"1993-05-07";"J02M0";"A1100";"P1D_L";"ZZ";
"1993-05-10";"J02M0";"A1100";"P1D_L";"ZZ";"4.471"
"1993-05-11";"J02M0";"A1100";"P1D_L";"ZZ";
"1993-05-12";"J02M0";"A1100";"P1D_L";"ZZ";
"1993-05-13";"J02M0";"A1100";"P1D_L";"ZZ";
"1993-05-14";"J02M0";"A1100";"P1D_L";"ZZ";
"1993-05-17";"J02M0";"A1100";"P1D_L";"ZZ";"4.348"
"1993-05-18";"J02M0";"A1100";"P1D_L";"ZZ";
"1993-05-19";"J02M0";"A1100";"P1D_L";"ZZ";
"1993-05-20";"J02M0";"A1100";"P1D_L";"ZZ";
"1993-05-21";"J02M0";"A1100";"P1D_L";"ZZ";
"1993-05-24";"J02M0";"A1100";"P1D_L";"ZZ";"4.291"
"1993-05-25";"J02M0";"A1100";"P1D_L";"ZZ";
"1993-05-26";"J02M0";"A1100";"P1D_L";"ZZ";
"1993-05-27";"J02M0";"A1100";"P1D_L";"ZZ";
"1993-05-28";"J02M0";"A1100";"P1D_L";"ZZ";
"1993-05-31";"J02M0";"A1100";"P1D_L";"ZZ";"4.257"
"1993-06-01";"J02M0";"A1100";"P1D_L";"ZZ";"4.257"
"1993-06-02";"J02M0";"A1100";"P1D_L";"ZZ";
"1993-06-03";"J02M0";"A1100";"P1D_L";"ZZ";
"1993-06-04";"J02M0";"A1100";"P1D_L";"ZZ";
"1993-06-07";"J02M0";"A1100";"P1D_L";"ZZ";"4.26"
"1993-06-08";"J02M0";"A1100";"P1D_L";"ZZ";
"1993-06-09";"J02M0";"A1100";"P1D_L";"ZZ";
"1993-06-10";"J02M0";"A1100";"P1D_L";"ZZ";
"1993-06-11";"J02M0";"A1100";"P1D_L";"ZZ";
"1993-06-14";"J02M0";"A1100";"P1D_L";"ZZ";"4.421"
"1993-06-15";"J02M0";"A1100";"P1D_L";"ZZ";
"1993-06-16";"J02M0";"A1100";"P1D_L";"ZZ";
"1993-06-17";"J02M0";"A1100";"P1D_L";"ZZ";
"1993-06-18";"J02M0";"A1100";"P1D_L";"ZZ";
"1993-06-21";"J02M0";"A1100";"P1D_L";"ZZ";"4.349"
"1993-06-22";"J02M0";"A1100";"P1D_L";"ZZ";
"1993-06-23";"J02M0";"A1100";"P1D_L";"ZZ";
"1993-06-24";"J02M0";"A1100";"P1D_L";"ZZ";
"1993-06-25";"J02M0";"A1100";"P1D_L";"ZZ";
"1993-06-28";"J02M0";"A1100";"P1D_L";"ZZ";"4.394"
"1993-06-29";"J02M0";"A1100";"P1D_L";"ZZ";
"1993-06-30";"J02M0";"A1100";"P1D_L";"ZZ";"4.364"
"1993-07-01";"J02M0";"A1100";"P1D_L";"ZZ";
"1993-07-02";"J02M0";"A1100";"P1D_L";"ZZ";
"1993-07-05";"J02M0";"A1100";"P1D_L";"ZZ";"4.379"
"1993-07-06";"J02M0";"A1100";"P1D_L";"ZZ";
"1993-07-07";"J02M0";"A1100";"P1D_L";"ZZ";
"1993-07-08";"J02M0";"A1100";"P1D_L";"ZZ";
"1993-07-09";"J02M0";"A1100";"P1D_L";"ZZ";
"1993-07-12";"J02M0";"A1100";"P1D_L";"ZZ";"4.052"
"1993-07-13";"J02M0";"A1100";"P1D_L";"ZZ";
"1993-07-14";"J02M0";"A1100";"P1D_L";"ZZ";
"1993-07-15";"J02M0";"A1100";"P1D_L";"ZZ";
"1993-07-16";"J02M0";"A1100";"P1D_L";"ZZ";
"1993-07-19";"J02M0";"A1100";"P1D_L";"ZZ";"4.044"
"1993-07-20";"J02M0";"A1100";"P1D_L";"ZZ";
"1993-07-21";"J02M0";"A1100";"P1D_L";"ZZ";
"1993-07-22";"J02M0";"A1100";"P1D_L";"ZZ";
"1993-07-23";"J02M0";"A1100";"P1D_L";"ZZ";
"1993-07-26";"J02M0";"A1100";"P1D_L";"ZZ";"4.146"
"1993-07-27";"J02M0";"A1100";"P1D_L";"ZZ";
"1993-07-28";"J02M0";"A1100";"P1D_L";"ZZ";
"1993-07-29";"J02M0";"A1100";"P1D_L";"ZZ";
"1993-07-30";"J02M0";"A1100";"P1D_L";"ZZ";"4.259"
"1993-08-02";"J02M0";"A1100";"P1D_L";"ZZ";"4.149"
"1993-08-03";"J02M0";"A1100";"P1D_L";"ZZ";
"1993-08-04";"J02M0";"A1100";"P1D_L";"ZZ";
"1993-08-05";"J02M0";"A1100";"P1D_L";"ZZ";
"1993-08-06";"J02M0";"A1100";"P1D_L";"ZZ";
"1993-08-09";"J02M0";"A1100";"P1D_L";"ZZ";"4.123"
"1993-08-10";"J02M0";"A1100";"P1D_L";"ZZ";
"1993-08-11";"J02M0";"A1100";"P1D_L";"ZZ";
"1993-08-12";"J02M0";"A1100";"P1D_L";"ZZ";
"1993-08-13";"J02M0";"A1100";"P1D_L";"ZZ";
"1993-08-16";"J02M0";"A1100";"P1D_L";"ZZ";"4.279"
"1993-08-17";"J02M0";"A1100";"P1D_L";"ZZ";
"1993-08-18";"J02M0";"A1100";"P1D_L";"ZZ";
"1993-08-19";"J02M0";"A1100";"P1D_L";"ZZ";
"1993-08-20";"J02M0";"A1100";"P1D_L";"ZZ";
"1993-08-23";"J02M0";"A1100";"P1D_L";"ZZ";"4.194"
"1993-08-24";"J02M0";"A1100";"P1D_L";"ZZ";
"1993-08-25";"J02M0";"A1100";"P1D_L";"ZZ";
"1993-08-26";"J02M0";"A1100";"P1D_L";"ZZ";
"1993-08-27";"J02M0";"A1100";"P1D_L";"ZZ";
"1993-08-30";"J02M0";"A1100";"P1D_L";"ZZ";"4.165"
"1993-08-31";"J02M0";"A1100";"P1D_L";"ZZ";"4.225"
"1993-09-01";"J02M0";"A1100";"P1D_L";"ZZ";
"1993-09-02";"J02M0";"A1100";"P1D_L";"ZZ";
"1993-09-03";"J02M0";"A1100";"P1D_L";"ZZ";
"1993-09-06";"J02M0";"A1100";"P1D_L";"ZZ";"4.031"
"1993-09-07";"J02M0";"A1100";"P1D_L";"ZZ";
"1993-09-08";"J02M0";"A1100";"P1D_L";"ZZ";
"1993-09-09";"J02M0";"A1100";"P1D_L";"ZZ";
"1993-09-10";"J02M0";"A1100";"P1D_L";"ZZ";
"1993-09-13";"J02M0";"A1100";"P1D_L";"ZZ";"4.108"
"1993-09-14";"J02M0";"A1100";"P1D_L";"ZZ";
"1993-09-15";"J02M0";"A1100";"P1D_L";"ZZ";
"1993-09-16";"J02M0";"A1100";"P1D_L";"ZZ";
"1993-09-17";"J02M0";"A1100";"P1D_L";"ZZ";
"1993-09-20";"J02M0";"A1100";"P1D_L";"ZZ";"4.094"
"1993-09-21";"J02M0";"A1100";"P1D_L";"ZZ";
"1993-09-22";"J02M0";"A1100";"P1D_L";"ZZ";
"1993-09-23";"J02M0";"A1100";"P1D_L";"ZZ";
"1993-09-24";"J02M0";"A1100";"P1D_L";"ZZ";
"1993-09-27";"J02M0";"A1100";"P1D_L";"ZZ";"4.16"
"1993-09-28";"J02M0";"A1100";"P1D_L";"ZZ";
"1993-09-29";"J02M0";"A1100";"P1D_L";"ZZ";
"1993-09-30";"J02M0";"A1100";"P1D_L";"ZZ";"4.111"
"1993-10-01";"J02M0";"A1100";"P1D_L";"ZZ";
"1993-10-04";"J02M0";"A1100";"P1D_L";"ZZ";"3.995"
"1993-10-05";"J02M0";"A1100";"P1D_L";"ZZ";
"1993-10-06";"J02M0";"A1100";"P1D_L";"ZZ";
"1993-10-07";"J02M0";"A1100";"P1D_L";"ZZ";
"1993-10-08";"J02M0";"A1100";"P1D_L";"ZZ";
"1993-10-11";"J02M0";"A1100";"P1D_L";"ZZ";"3.951"
"1993-10-12";"J02M0";"A1100";"P1D_L";"ZZ";
"1993-10-13";"J02M0";"A1100";"P1D_L";"ZZ";
"1993-10-14";"J02M0";"A1100";"P1D_L";"ZZ";
"1993-10-15";"J02M0";"A1100";"P1D_L";"ZZ";
"1993-10-18";"J02M0";"A1100";"P1D_L";"ZZ";"3.823"
"1993-10-19";"J02M0";"A1100";"P1D_L";"ZZ";
"1993-10-20";"J02M0";"A1100";"P1D_L";"ZZ";
"1993-10-21";"J02M0";"A1100";"P1D_L";"ZZ";
"1993-10-22";"J02M0";"A1100";"P1D_L";"ZZ";
"1993-10-25";"J02M0";"A1100";"P1D_L";"ZZ";"3.844"
"1993-10-26";"J02M0";"A1100";"P1D_L";"ZZ";
"1993-10-27";"J02M0";"A1100";"P1D_L";"ZZ";
"1993-10-28";"J02M0";"A1100";"P1D_L";"ZZ";
"1993-10-29";"J02M0";"A1100";"P1D_L";"ZZ";"3.888"
"1993-11-01";"J02M0";"A1100";"P1D_L";"ZZ";"3.821"
"1993-11-02";"J02M0";"A1100";"P1D_L";"ZZ";
"1993-11-03";"J02M0";"A1100";"P1D_L";"ZZ";
"1993-11-04";"J02M0";"A1100";"P1D_L";"ZZ";
"1993-11-05";"J02M0";"A1100";"P1D_L";"ZZ";
"1993-11-08";"J02M0";"A1100";"P1D_L";"ZZ";"3.837"
"1993-11-09";"J02M0";"A1100";"P1D_L";"ZZ";
"1993-11-10";"J02M0";"A1100";"P1D_L";"ZZ";
"1993-11-11";"J02M0";"A1100";"P1D_L";"ZZ";
"1993-11-12";"J02M0";"A1100";"P1D_L";"ZZ";
"1993-11-15";"J02M0";"A1100";"P1D_L";"ZZ";"3.735"
"1993-11-16";"J02M0";"A1100";"P1D_L";"ZZ";
"1993-11-17";"J02M0";"A1100";"P1D_L";"ZZ";
"1993-11-18";"J02M0";"A1100";"P1D_L";"ZZ";
"1993-11-19";"J02M0";"A1100";"P1D_L";"ZZ";
"1993-11-22";"J02M0";"A1100";"P1D_L";"ZZ";"3.767"
"1993-11-23";"J02M0";"A1100";"P1D_L";"ZZ";
"1993-11-24";"J02M0";"A1100";"P1D_L";"ZZ";
"1993-11-25";"J02M0";"A1100";"P1D_L";"ZZ";
"1993-11-26";"J02M0";"A1100";"P1D_L";"ZZ";
"1993-11-29";"J02M0";"A1100";"P1D_L";"ZZ";"3.743"
"1993-11-30";"J02M0";"A1100";"P1D_L";"ZZ";"3.767"
"1993-12-01";"J02M0";"A1100";"P1D_L";"ZZ";
"1993-12-02";"J02M0";"A1100";"P1D_L";"ZZ";
"1993-12-03";"J02M0";"A1100";"P1D_L";"ZZ";
"1993-12-06";"J02M0";"A1100";"P1D_L";"ZZ";"3.709"
"1993-12-07";"J02M0";"A1100";"P1D_L";"ZZ";
"1993-12-08";"J02M0";"A1100";"P1D_L";"ZZ";
"1993-12-09";"J02M0";"A1100";"P1D_L";"ZZ";
"1993-12-10";"J02M0";"A1100";"P1D_L";"ZZ";
"1993-12-13";"J02M0";"A1100";"P1D_L";"ZZ";"3.671"
"1993-12-14";"J02M0";"A1100";"P1D_L";"ZZ";
"1993-12-15";"J02M0";"A1100";"P1D_L";"ZZ";
"1993-12-16";"J02M0";"A1100";"P1D_L";"ZZ";
"1993-12-17";"J02M0";"A1100";"P1D_L";"ZZ";
"1993-12-20";"J02M0";"A1100";"P1D_L";"ZZ";"3.523"
"1993-12-21";"J02M0";"A1100";"P1D_L";"ZZ";
"1993-12-22";"J02M0";"A1100";"P1D_L";"ZZ";
"1993-12-23";"J02M0";"A1100";"P1D_L";"ZZ";
"1993-12-24";"J02M0";"A1100";"P1D_L";"ZZ";
"1993-12-27";"J02M0";"A1100";"P1D_L";"ZZ";"3.446"
"1993-12-28";"J02M0";"A1100";"P1D_L";"ZZ";
"1993-12-29";"J02M0";"A1100";"P1D_L";"ZZ";
"1993-12-30";"J02M0";"A1100";"P1D_L";"ZZ";
"1993-12-31";"J02M0";"A1100";"P1D_L";"ZZ";"3.457"
"1994-01-03";"J02M0";"A1100";"P1D_L";"ZZ";"3.453"
"1994-01-04";"J02M0";"A1100";"P1D_L";"ZZ";
"1994-01-05";"J02M0";"A1100";"P1D_L";"ZZ";
"1994-01-06";"J02M0";"A1100";"P1D_L";"ZZ";
"1994-01-07";"J02M0";"A1100";"P1D_L";"ZZ";
"1994-01-10";"J02M0";"A1100";"P1D_L";"ZZ";"3.328"
"1994-01-11";"J02M0";"A1100";"P1D_L";"ZZ";
"1994-01-12";"J02M0";"A1100";"P1D_L";"ZZ";
"1994-01-13";"J02M0";"A1100";"P1D_L";"ZZ";
"1994-01-14";"J02M0";"A1100";"P1D_L";"ZZ";
"1994-01-17";"J02M0";"A1100";"P1D_L";"ZZ";"3.453"
"1994-01-18";"J02M0";"A1100";"P1D_L";"ZZ";
"1994-01-19";"J02M0";"A1100";"P1D_L";"ZZ";
"1994-01-20";"J02M0";"A1100";"P1D_L";"ZZ";
"1994-01-21";"J02M0";"A1100";"P1D_L";"ZZ";
"1994-01-24";"J02M0";"A1100";"P1D_L";"ZZ";"3.501"
"1994-01-25";"J02M0";"A1100";"P1D_L";"ZZ";
"1994-01-26";"J02M0";"A1100";"P1D_L";"ZZ";
"1994-01-27";"J02M0";"A1100";"P1D_L";"ZZ";
"1994-01-28";"J02M0";"A1100";"P1D_L";"ZZ";
"1994-01-31";"J02M0";"A1100";"P1D_L";"ZZ";"3.543"
"1994-02-01";"J02M0";"A1100";"P1D_L";"ZZ";
"1994-02-02";"J02M0";"A1100";"P1D_L";"ZZ";
"1994-02-03";"J02M0";"A1100";"P1D_L";"ZZ";
"1994-02-04";"J02M0";"A1100";"P1D_L";"ZZ";
"1994-02-07";"J02M0";"A1100";"P1D_L";"ZZ";"3.549"
"1994-02-08";"J02M0";"A1100";"P1D_L";"ZZ";
"1994-02-09";"J02M0";"A1100";"P1D_L";"ZZ";
"1994-02-10";"J02M0";"A1100";"P1D_L";"ZZ";
"1994-02-11";"J02M0";"A1100";"P1D_L";"ZZ";
"1994-02-14";"J02M0";"A1100";"P1D_L";"ZZ";"3.614"
"1994-02-15";"J02M0";"A1100";"P1D_L";"ZZ";
"1994-02-16";"J02M0";"A1100";"P1D_L";"ZZ";
"1994-02-17";"J02M0";"A1100";"P1D_L";"ZZ";
"1994-02-18";"J02M0";"A1100";"P1D_L";"ZZ";
"1994-02-21";"J02M0";"A1100";"P1D_L";"ZZ";"3.661"
"1994-02-22";"J02M0";"A1100";"P1D_L";"ZZ";
"1994-02-23";"J02M0";"A1100";"P1D_L";"ZZ";
"1994-02-24";"J02M0";"A1100";"P1D_L";"ZZ";
"1994-02-25";"J02M0";"A1100";"P1D_L";"ZZ";
"1994-02-28";"J02M0";"A1100";"P1D_L";"ZZ";"3.686"
"1994-03-01";"J02M0";"A1100";"P1D_L";"ZZ";
"1994-03-02";"J02M0";"A1100";"P1D_L";"ZZ";
"1994-03-03";"J02M0";"A1100";"P1D_L";"ZZ";
"1994-03-04";"J02M0";"A1100";"P1D_L";"ZZ";
"1994-03-07";"J02M0";"A1100";"P1D_L";"ZZ";"3.775"
"1994-03-08";"J02M0";"A1100";"P1D_L";"ZZ";
"1994-03-09";"J02M0";"A1100";"P1D_L";"ZZ";
"1994-03-10";"J02M0";"A1100";"P1D_L";"ZZ";
"1994-03-11";"J02M0";"A1100";"P1D_L";"ZZ";
"1994-03-14";"J02M0";"A1100";"P1D_L";"ZZ";"3.73"
"1994-03-15";"J02M0";"A1100";"P1D_L";"ZZ";
"1994-03-16";"J02M0";"A1100";"P1D_L";"ZZ";
"1994-03-17";"J02M0";"A1100";"P1D_L";"ZZ";
"1994-03-18";"J02M0";"A1100";"P1D_L";"ZZ";
"1994-03-21";"J02M0";"A1100";"P1D_L";"ZZ";"4.009"
"1994-03-22";"J02M0";"A1100";"P1D_L";"ZZ";
"1994-03-23";"J02M0";"A1100";"P1D_L";"ZZ";
"1994-03-24";"J02M0";"A1100";"P1D_L";"ZZ";
"1994-03-25";"J02M0";"A1100";"P1D_L";"ZZ";
"1994-03-28";"J02M0";"A1100";"P1D_L";"ZZ";"3.972"
"1994-03-29";"J02M0";"A1100";"P1D_L";"ZZ";
"1994-03-30";"J02M0";"A1100";"P1D_L";"ZZ";
"1994-03-31";"J02M0";"A1100";"P1D_L";"ZZ";"3.948"
"1994-04-01";"J02M0";"A1100";"P1D_L";"ZZ";
"1994-04-04";"J02M0";"A1100";"P1D_L";"ZZ";
"1994-04-05";"J02M0";"A1100";"P1D_L";"ZZ";"3.948"
"1994-04-06";"J02M0";"A1100";"P1D_L";"ZZ";
"1994-04-07";"J02M0";"A1100";"P1D_L";"ZZ";
"1994-04-08";"J02M0";"A1100";"P1D_L";"ZZ";
"1994-04-11";"J02M0";"A1100";"P1D_L";"ZZ";"3.848"
"1994-04-12";"J02M0";"A1100";"P1D_L";"ZZ";
"1994-04-13";"J02M0";"A1100";"P1D_L";"ZZ";
"1994-04-14";"J02M0";"A1100";"P1D_L";"ZZ";
"1994-04-15";"J02M0";"A1100";"P1D_L";"ZZ";
"1994-04-18";"J02M0";"A1100";"P1D_L";"ZZ";"3.835"
"1994-04-19";"J02M0";"A1100";"P1D_L";"ZZ";
"1994-04-20";"J02M0";"A1100";"P1D_L";"ZZ";
"1994-04-21";"J02M0";"A1100";"P1D_L";"ZZ";
"1994-04-22";"J02M0";"A1100";"P1D_L";"ZZ";
"1994-04-25";"J02M0";"A1100";"P1D_L";"ZZ";"4.193"
"1994-04-26";"J02M0";"A1100";"P1D_L";"ZZ";
"1994-04-27";"J02M0";"A1100";"P1D_L";"ZZ";
"1994-04-28";"J02M0";"A1100";"P1D_L";"ZZ";
"1994-04-29";"J02M0";"A1100";"P1D_L";"ZZ";
"1994-05-02";"J02M0";"A1100";"P1D_L";"ZZ";"4.023"
"1994-05-03";"J02M0";"A1100";"P1D_L";"ZZ";
"1994-05-04";"J02M0";"A1100";"P1D_L";"ZZ";
"1994-05-05";"J02M0";"A1100";"P1D_L";"ZZ";
"1994-05-06";"J02M0";"A1100";"P1D_L";"ZZ";
"1994-05-09";"J02M0";"A1100";"P1D_L";"ZZ";"4.03"
"1994-05-10";"J02M0";"A1100";"P1D_L";"ZZ";
"1994-05-11";"J02M0";"A1100";"P1D_L";"ZZ";
"1994-05-12";"J02M0";"A1100";"P1D_L";"ZZ";
"1994-05-13";"J02M0";"A1100";"P1D_L";"ZZ";
"1994-05-16";"J02M0";"A1100";"P1D_L";"ZZ";"3.918"
"1994-05-17";"J02M0";"A1100";"P1D_L";"ZZ";
"1994-05-18";"J02M0";"A1100";"P1D_L";"ZZ";
"1994-05-19";"J02M0";"A1100";"P1D_L";"ZZ";
"1994-05-20";"J02M0";"A1100";"P1D_L";"ZZ";
"1994-05-23";"J02M0";"A1100";"P1D_L";"ZZ";
"1994-05-24";"J02M0";"A1100";"P1D_L";"ZZ";"3.925"
"1994-05-25";"J02M0";"A1100";"P1D_L";"ZZ";
"1994-05-26";"J02M0";"A1100";"P1D_L";"ZZ";
"1994-05-27";"J02M0";"A1100";"P1D_L";"ZZ";
"1994-05-30";"J02M0";"A1100";"P1D_L";"ZZ";"3.978"
"1994-05-31";"J02M0";"A1100";"P1D_L";"ZZ";
"1994-06-01";"J02M0";"A1100";"P1D_L";"ZZ";
"1994-06-02";"J02M0";"A1100";"P1D_L";"ZZ";
"1994-06-03";"J02M0";"A1100";"P1D_L";"ZZ";
"1994-06-06";"J02M0";"A1100";"P1D_L";"ZZ";"4.376"
"1994-06-07";"J02M0";"A1100";"P1D_L";"ZZ";
"1994-06-08";"J02M0";"A1100";"P1D_L";"ZZ";
"1994-06-09";"J02M0";"A1100";"P1D_L";"ZZ";
"1994-06-10";"J02M0";"A1100";"P1D_L";"ZZ";
"1994-06-13";"J02M0";"A1100";"P1D_L";"ZZ";"4.398"
"1994-06-14";"J02M0";"A1100";"P1D_L";"ZZ";
"1994-06-15";"J02M0";"A1100";"P1D_L";"ZZ";
"1994-06-16";"J02M0";"A1100";"P1D_L";"ZZ";
"1994-06-17";"J02M0";"A1100";"P1D_L";"ZZ";
"1994-06-20";"J02M0";"A1100";"P1D_L";"ZZ";"4.807"
"1994-06-21";"J02M0";"A1100";"P1D_L";"ZZ";
"1994-06-22";"J02M0";"A1100";"P1D_L";"ZZ";
"1994-06-23";"J02M0";"A1100";"P1D_L";"ZZ";
"1994-06-24";"J02M0";"A1100";"P1D_L";"ZZ";
"1994-06-27";"J02M0";"A1100";"P1D_L";"ZZ";"4.649"
"1994-06-28";"J02M0";"A1100";"P1D_L";"ZZ";
"1994-06-29";"J02M0";"A1100";"P1D_L";"ZZ";
"1994-06-30";"J02M0";"A1100";"P1D_L";"ZZ";"4.343"
"1994-07-01";"J02M0";"A1100";"P1D_L";"ZZ";
"1994-07-04";"J02M0";"A1100";"P1D_L";"ZZ";"4.488"
"1994-07-05";"J02M0";"A1100";"P1D_L";"ZZ";
"1994-07-06";"J02M0";"A1100";"P1D_L";"ZZ";
"1994-07-07";"J02M0";"A1100";"P1D_L";"ZZ";
"1994-07-08";"J02M0";"A1100";"P1D_L";"ZZ";
"1994-07-11";"J02M0";"A1100";"P1D_L";"ZZ";"4.442"
"1994-07-12";"J02M0";"A1100";"P1D_L";"ZZ";
"1994-07-13";"J02M0";"A1100";"P1D_L";"ZZ";
"1994-07-14";"J02M0";"A1100";"P1D_L";"ZZ";
"1994-07-15";"J02M0";"A1100";"P1D_L";"ZZ";
"1994-07-18";"J02M0";"A1100";"P1D_L";"ZZ";"4.504"
"1994-07-19";"J02M0";"A1100";"P1D_L";"ZZ";
"1994-07-20";"J02M0";"A1100";"P1D_L";"ZZ";
"1994-07-21";"J02M0";"A1100";"P1D_L";"ZZ";
"1994-07-22";"J02M0";"A1100";"P1D_L";"ZZ";
"1994-07-25";"J02M0";"A1100";"P1D_L";"ZZ";"4.385"
"1994-07-26";"J02M0";"A1100";"P1D_L";"ZZ";
"1994-07-27";"J02M0";"A1100";"P1D_L";"ZZ";
"1994-07-28";"J02M0";"A1100";"P1D_L";"ZZ";
"1994-07-29";"J02M0";"A1100";"P1D_L";"ZZ";"4.449"
"1994-08-01";"J02M0";"A1100";"P1D_L";"ZZ";
"1994-08-02";"J02M0";"A1100";"P1D_L";"ZZ";"4.448"
"1994-08-03";"J02M0";"A1100";"P1D_L";"ZZ";
"1994-08-04";"J02M0";"A1100";"P1D_L";"ZZ";
"1994-08-05";"J02M0";"A1100";"P1D_L";"ZZ";
"1994-08-08";"J02M0";"A1100";"P1D_L";"ZZ";"4.488"
"1994-08-09";"J02M0";"A1100";"P1D_L";"ZZ";
"1994-08-10";"J02M0";"A1100";"P1D_L";"ZZ";
"1994-08-11";"J02M0";"A1100";"P1D_L";"ZZ";
"1994-08-12";"J02M0";"A1100";"P1D_L";"ZZ";
"1994-08-15";"J02M0";"A1100";"P1D_L";"ZZ";"4.674"
"1994-08-16";"J02M0";"A1100";"P1D_L";"ZZ";
"1994-08-17";"J02M0";"A1100";"P1D_L";"ZZ";
"1994-08-18";"J02M0";"A1100";"P1D_L";"ZZ";
"1994-08-19";"J02M0";"A1100";"P1D_L";"ZZ";
"1994-08-22";"J02M0";"A1100";"P1D_L";"ZZ";"4.69"
"1994-08-23";"J02M0";"A1100";"P1D_L";"ZZ";
"1994-08-24";"J02M0";"A1100";"P1D_L";"ZZ";
"1994-08-25";"J02M0";"A1100";"P1D_L";"ZZ";
"1994-08-26";"J02M0";"A1100";"P1D_L";"ZZ";
"1994-08-29";"J02M0";"A1100";"P1D_L";"ZZ";"4.949"
"1994-08-30";"J02M0";"A1100";"P1D_L";"ZZ";
"1994-08-31";"J02M0";"A1100";"P1D_L";"ZZ";"4.776"
"1994-09-01";"J02M0";"A1100";"P1D_L";"ZZ";
"1994-09-02";"J02M0";"A1100";"P1D_L";"ZZ";
"1994-09-05";"J02M0";"A1100";"P1D_L";"ZZ";"4.803"
"1994-09-06";"J02M0";"A1100";"P1D_L";"ZZ";
"1994-09-07";"J02M0";"A1100";"P1D_L";"ZZ";
"1994-09-08";"J02M0";"A1100";"P1D_L";"ZZ";
"1994-09-09";"J02M0";"A1100";"P1D_L";"ZZ";
"1994-09-12";"J02M0";"A1100";"P1D_L";"ZZ";"4.738"
"1994-09-13";"J02M0";"A1100";"P1D_L";"ZZ";
"1994-09-14";"J02M0";"A1100";"P1D_L";"ZZ";
"1994-09-15";"J02M0";"A1100";"P1D_L";"ZZ";
"1994-09-16";"J02M0";"A1100";"P1D_L";"ZZ";
"1994-09-19";"J02M0";"A1100";"P1D_L";"ZZ";"4.698"
"1994-09-20";"J02M0";"A1100";"P1D_L";"ZZ";
"1994-09-21";"J02M0";"A1100";"P1D_L";"ZZ";
"1994-09-22";"J02M0";"A1100";"P1D_L";"ZZ";
"1994-09-23";"J02M0";"A1100";"P1D_L";"ZZ";
"1994-09-26";"J02M0";"A1100";"P1D_L";"ZZ";"4.736"
"1994-09-27";"J02M0";"A1100";"P1D_L";"ZZ";
"1994-09-28";"J02M0";"A1100";"P1D_L";"ZZ";
"1994-09-29";"J02M0";"A1100";"P1D_L";"ZZ";
"1994-09-30";"J02M0";"A1100";"P1D_L";"ZZ";"4.843"
"1994-10-03";"J02M0";"A1100";"P1D_L";"ZZ";"4.698"
"1994-10-04";"J02M0";"A1100";"P1D_L";"ZZ";
"1994-10-05";"J02M0";"A1100";"P1D_L";"ZZ";
"1994-10-06";"J02M0";"A1100";"P1D_L";"ZZ";
"1994-10-07";"J02M0";"A1100";"P1D_L";"ZZ";
"1994-10-10";"J02M0";"A1100";"P1D_L";"ZZ";"4.84"
"1994-10-11";"J02M0";"A1100";"P1D_L";"ZZ";
"1994-10-12";"J02M0";"A1100";"P1D_L";"ZZ";
"1994-10-13";"J02M0";"A1100";"P1D_L";"ZZ";
"1994-10-14";"J02M0";"A1100";"P1D_L";"ZZ";
"1994-10-17";"J02M0";"A1100";"P1D_L";"ZZ";"4.739"
"1994-10-18";"J02M0";"A1100";"P1D_L";"ZZ";
"1994-10-19";"J02M0";"A1100";"P1D_L";"ZZ";
"1994-10-20";"J02M0";"A1100";"P1D_L";"ZZ";
"1994-10-21";"J02M0";"A1100";"P1D_L";"ZZ";
"1994-10-24";"J02M0";"A1100";"P1D_L";"ZZ";"4.848"
"1994-10-25";"J02M0";"A1100";"P1D_L";"ZZ";
"1994-10-26";"J02M0";"A1100";"P1D_L";"ZZ";
"1994-10-27";"J02M0";"A1100";"P1D_L";"ZZ";
"1994-10-28";"J02M0";"A1100";"P1D_L";"ZZ";
"1994-10-31";"J02M0";"A1100";"P1D_L";"ZZ";"4.761"
"1994-11-01";"J02M0";"A1100";"P1D_L";"ZZ";
"1994-11-02";"J02M0";"A1100";"P1D_L";"ZZ";
"1994-11-03";"J02M0";"A1100";"P1D_L";"ZZ";
"1994-11-04";"J02M0";"A1100";"P1D_L";"ZZ";
"1994-11-07";"J02M0";"A1100";"P1D_L";"ZZ";"4.885"
"1994-11-08";"J02M0";"A1100";"P1D_L";"ZZ";
"1994-11-09";"J02M0";"A1100";"P1D_L";"ZZ";
"1994-11-10";"J02M0";"A1100";"P1D_L";"ZZ";
"1994-11-11";"J02M0";"A1100";"P1D_L";"ZZ";
"1994-11-14";"J02M0";"A1100";"P1D_L";"ZZ";"4.804"
"1994-11-15";"J02M0";"A1100";"P1D_L";"ZZ";
"1994-11-16";"J02M0";"A1100";"P1D_L";"ZZ";
"1994-11-17";"J02M0";"A1100";"P1D_L";"ZZ";
"1994-11-18";"J02M0";"A1100";"P1D_L";"ZZ";
"1994-11-21";"J02M0";"A1100";"P1D_L";"ZZ";"4.816"
"1994-11-22";"J02M0";"A1100";"P1D_L";"ZZ";
"1994-11-23";"J02M0";"A1100";"P1D_L";"ZZ";
"1994-11-24";"J02M0";"A1100";"P1D_L";"ZZ";
"1994-11-25";"J02M0";"A1100";"P1D_L";"ZZ";
"1994-11-28";"J02M0";"A1100";"P1D_L";"ZZ";"4.706"
"1994-11-29";"J02M0";"A1100";"P1D_L";"ZZ";
"1994-11-30";"J02M0";"A1100";"P1D_L";"ZZ";"4.723"
"1994-12-01";"J02M0";"A1100";"P1D_L";"ZZ";
"1994-12-02";"J02M0";"A1100";"P1D_L";"ZZ";
"1994-12-05";"J02M0";"A1100";"P1D_L";"ZZ";"4.792"
"1994-12-06";"J02M0";"A1100";"P1D_L";"ZZ";
"1994-12-07";"J02M0";"A1100";"P1D_L";"ZZ";
"1994-12-08";"J02M0";"A1100";"P1D_L";"ZZ";
"1994-12-09";"J02M0";"A1100";"P1D_L";"ZZ";
"1994-12-12";"J02M0";"A1100";"P1D_L";"ZZ";"4.744"
"1994-12-13";"J02M0";"A1100";"P1D_L";"ZZ";
"1994-12-14";"J02M0";"A1100";"P1D_L";"ZZ";
"1994-12-15";"J02M0";"A1100";"P1D_L";"ZZ";
"1994-12-16";"J02M0";"A1100";"P1D_L";"ZZ";
"1994-12-19";"J02M0";"A1100";"P1D_L";"ZZ";"4.796"
"1994-12-20";"J02M0";"A1100";"P1D_L";"ZZ";
"1994-12-21";"J02M0";"A1100";"P1D_L";"ZZ";
"1994-12-22";"J02M0";"A1100";"P1D_L";"ZZ";
"1994-12-23";"J02M0";"A1100";"P1D_L";"ZZ";
"1994-12-26";"J02M0";"A1100";"P1D_L";"ZZ";
"1994-12-27";"J02M0";"A1100";"P1D_L";"ZZ";"4.824"
"1994-12-28";"J02M0";"A1100";"P1D_L";"ZZ";
"1994-12-29";"J02M0";"A1100";"P1D_L";"ZZ";
"1994-12-30";"J02M0";"A1100";"P1D_L";"ZZ";"4.718"
"1995-01-02";"J02M0";"A1100";"P1D_L";"ZZ";
"1995-01-03";"J02M0";"A1100";"P1D_L";"ZZ";"4.716"
"1995-01-04";"J02M0";"A1100";"P1D_L";"ZZ";
"1995-01-05";"J02M0";"A1100";"P1D_L";"ZZ";
"1995-01-06";"J02M0";"A1100";"P1D_L";"ZZ";
"1995-01-09";"J02M0";"A1100";"P1D_L";"ZZ";"4.771"
"1995-01-10";"J02M0";"A1100";"P1D_L";"ZZ";
"1995-01-11";"J02M0";"A1100";"P1D_L";"ZZ";
"1995-01-12";"J02M0";"A1100";"P1D_L";"ZZ";
"1995-01-13";"J02M0";"A1100";"P1D_L";"ZZ";
"1995-01-16";"J02M0";"A1100";"P1D_L";"ZZ";"4.684"
"1995-01-17";"J02M0";"A1100";"P1D_L";"ZZ";
"1995-01-18";"J02M0";"A1100";"P1D_L";"ZZ";
"1995-01-19";"J02M0";"A1100";"P1D_L";"ZZ";
"1995-01-20";"J02M0";"A1100";"P1D_L";"ZZ";
"1995-01-23";"J02M0";"A1100";"P1D_L";"ZZ";"4.754"
"1995-01-24";"J02M0";"A1100";"P1D_L";"ZZ";
"1995-01-25";"J02M0";"A1100";"P1D_L";"ZZ";
"1995-01-26";"J02M0";"A1100";"P1D_L";"ZZ";
"1995-01-27";"J02M0";"A1100";"P1D_L";"ZZ";
"1995-01-30";"J02M0";"A1100";"P1D_L";"ZZ";"4.671"
"1995-01-31";"J02M0";"A1100";"P1D_L";"ZZ";"4.64"
"1995-02-01";"J02M0";"A1100";"P1D_L";"ZZ";
"1995-02-02";"J02M0";"A1100";"P1D_L";"ZZ";
"1995-02-03";"J02M0";"A1100";"P1D_L";"ZZ";
"1995-02-06";"J02M0";"A1100";"P1D_L";"ZZ";"4.582"
"1995-02-07";"J02M0";"A1100";"P1D_L";"ZZ";
"1995-02-08";"J02M0";"A1100";"P1D_L";"ZZ";
"1995-02-09";"J02M0";"A1100";"P1D_L";"ZZ";
"1995-02-10";"J02M0";"A1100";"P1D_L";"ZZ";
"1995-02-13";"J02M0";"A1100";"P1D_L";"ZZ";"4.735"
"1995-02-14";"J02M0";"A1100";"P1D_L";"ZZ";
"1995-02-15";"J02M0";"A1100";"P1D_L";"ZZ";
"1995-02-16";"J02M0";"A1100";"P1D_L";"ZZ";
"1995-02-17";"J02M0";"A1100";"P1D_L";"ZZ";
"1995-02-20";"J02M0";"A1100";"P1D_L";"ZZ";"4.711"
"1995-02-21";"J02M0";"A1100";"P1D_L";"ZZ";
"1995-02-22";"J02M0";"A1100";"P1D_L";"ZZ";
"1995-02-23";"J02M0";"A1100";"P1D_L";"ZZ";
"1995-02-24";"J02M0";"A1100";"P1D_L";"ZZ";
"1995-02-27";"J02M0";"A1100";"P1D_L";"ZZ";"4.612"
"1995-02-28";"J02M0";"A1100";"P1D_L";"ZZ";"4.595"
"1995-03-01";"J02M0";"A1100";"P1D_L";"ZZ";
"1995-03-02";"J02M0";"A1100";"P1D_L";"ZZ";
"1995-03-03";"J02M0";"A1100";"P1D_L";"ZZ";
"1995-03-06";"J02M0";"A1100";"P1D_L";"ZZ";"4.612"
"1995-03-07";"J02M0";"A1100";"P1D_L";"ZZ";
"1995-03-08";"J02M0";"A1100";"P1D_L";"ZZ";
"1995-03-09";"J02M0";"A1100";"P1D_L";"ZZ";
"1995-03-10";"J02M0";"A1100";"P1D_L";"ZZ";
"1995-03-13";"J02M0";"A1100";"P1D_L";"ZZ";"4.558"
"1995-03-14";"J02M0";"A1100";"P1D_L";"ZZ";
"1995-03-15";"J02M0";"A1100";"P1D_L";"ZZ";
"1995-03-16";"J02M0";"A1100";"P1D_L";"ZZ";
"1995-03-17";"J02M0";"A1100";"P1D_L";"ZZ";
"1995-03-20";"J02M0";"A1100";"P1D_L";"ZZ";"4.369"
"1995-03-21";"J02M0";"A1100";"P1D_L";"ZZ";
"1995-03-22";"J02M0";"A1100";"P1D_L";"ZZ";
"1995-03-23";"J02M0";"A1100";"P1D_L";"ZZ";
"1995-03-24";"J02M0";"A1100";"P1D_L";"ZZ";
"1995-03-27";"J02M0";"A1100";"P1D_L";"ZZ";"4.271"
"1995-03-28";"J02M0";"A1100";"P1D_L";"ZZ";
"1995-03-29";"J02M0";"A1100";"P1D_L";"ZZ";
"1995-03-30";"J02M0";"A1100";"P1D_L";"ZZ";
"1995-03-31";"J02M0";"A1100";"P1D_L";"ZZ";"4.2"
"1995-04-03";"J02M0";"A1100";"P1D_L";"ZZ";"4.16"
"1995-04-04";"J02M0";"A1100";"P1D_L";"ZZ";
"1995-04-05";"J02M0";"A1100";"P1D_L";"ZZ";
"1995-04-06";"J02M0";"A1100";"P1D_L";"ZZ";
"1995-04-07";"J02M0";"A1100";"P1D_L";"ZZ";
"1995-04-10";"J02M0";"A1100";"P1D_L";"ZZ";"3.852"
"1995-04-11";"J02M0";"A1100";"P1D_L";"ZZ";
"1995-04-12";"J02M0";"A1100";"P1D_L";"ZZ";
"1995-04-13";"J02M0";"A1100";"P1D_L";"ZZ";
"1995-04-14";"J02M0";"A1100";"P1D_L";"ZZ";
"1995-04-17";"J02M0";"A1100";"P1D_L";"ZZ";
"1995-04-18";"J02M0";"A1100";"P1D_L";"ZZ";"3.865"
"1995-04-19";"J02M0";"A1100";"P1D_L";"ZZ";
"1995-04-20";"J02M0";"A1100";"P1D_L";"ZZ";
"1995-04-21";"J02M0";"A1100";"P1D_L";"ZZ";
"1995-04-24";"J02M0";"A1100";"P1D_L";"ZZ";"3.798"
"1995-04-25";"J02M0";"A1100";"P1D_L";"ZZ";
"1995-04-26";"J02M0";"A1100";"P1D_L";"ZZ";
"1995-04-27";"J02M0";"A1100";"P1D_L";"ZZ";
"1995-04-28";"J02M0";"A1100";"P1D_L";"ZZ";"3.955"
"1995-05-01";"J02M0";"A1100";"P1D_L";"ZZ";
"1995-05-02";"J02M0";"A1100";"P1D_L";"ZZ";"3.954"
"1995-05-03";"J02M0";"A1100";"P1D_L";"ZZ";
"1995-05-04";"J02M0";"A1100";"P1D_L";"ZZ";
"1995-05-05";"J02M0";"A1100";"P1D_L";"ZZ";
"1995-05-08";"J02M0";"A1100";"P1D_L";"ZZ";"3.893"
"1995-05-09";"J02M0";"A1100";"P1D_L";"ZZ";
"1995-05-10";"J02M0";"A1100";"P1D_L";"ZZ";
"1995-05-11";"J02M0";"A1100";"P1D_L";"ZZ";
"1995-05-12";"J02M0";"A1100";"P1D_L";"ZZ";
"1995-05-15";"J02M0";"A1100";"P1D_L";"ZZ";"3.999"
"1995-05-16";"J02M0";"A1100";"P1D_L";"ZZ";
"1995-05-17";"J02M0";"A1100";"P1D_L";"ZZ";
"1995-05-18";"J02M0";"A1100";"P1D_L";"ZZ";
"1995-05-19";"J02M0";"A1100";"P1D_L";"ZZ";
"1995-05-22";"J02M0";"A1100";"P1D_L";"ZZ";"3.963"
"1995-05-23";"J02M0";"A1100";"P1D_L";"ZZ";
"1995-05-24";"J02M0";"A1100";"P1D_L";"ZZ";
"1995-05-25";"J02M0";"A1100";"P1D_L";"ZZ";
"1995-05-26";"J02M0";"A1100";"P1D_L";"ZZ";
"1995-05-29";"J02M0";"A1100";"P1D_L";"ZZ";"3.831"
"1995-05-30";"J02M0";"A1100";"P1D_L";"ZZ";
"1995-05-31";"J02M0";"A1100";"P1D_L";"ZZ";"3.815"
"1995-06-01";"J02M0";"A1100";"P1D_L";"ZZ";
"1995-06-02";"J02M0";"A1100";"P1D_L";"ZZ";
"1995-06-05";"J02M0";"A1100";"P1D_L";"ZZ";
"1995-06-06";"J02M0";"A1100";"P1D_L";"ZZ";"3.792"
"1995-06-07";"J02M0";"A1100";"P1D_L";"ZZ";
"1995-06-08";"J02M0";"A1100";"P1D_L";"ZZ";
"1995-06-09";"J02M0";"A1100";"P1D_L";"ZZ";
"1995-06-12";"J02M0";"A1100";"P1D_L";"ZZ";"3.881"
"1995-06-13";"J02M0";"A1100";"P1D_L";"ZZ";
"1995-06-14";"J02M0";"A1100";"P1D_L";"ZZ";
"1995-06-15";"J02M0";"A1100";"P1D_L";"ZZ";
"1995-06-16";"J02M0";"A1100";"P1D_L";"ZZ";
"1995-06-19";"J02M0";"A1100";"P1D_L";"ZZ";"3.697"
"1995-06-20";"J02M0";"A1100";"P1D_L";"ZZ";
"1995-06-21";"J02M0";"A1100";"P1D_L";"ZZ";
"1995-06-22";"J02M0";"A1100";"P1D_L";"ZZ";
"1995-06-23";"J02M0";"A1100";"P1D_L";"ZZ";
"1995-06-26";"J02M0";"A1100";"P1D_L";"ZZ";"3.659"
"1995-06-27";"J02M0";"A1100";"P1D_L";"ZZ";
"1995-06-28";"J02M0";"A1100";"P1D_L";"ZZ";
"1995-06-29";"J02M0";"A1100";"P1D_L";"ZZ";
"1995-06-30";"J02M0";"A1100";"P1D_L";"ZZ";"3.682"
"1995-07-03";"J02M0";"A1100";"P1D_L";"ZZ";"3.663"
"1995-07-04";"J02M0";"A1100";"P1D_L";"ZZ";
"1995-07-05";"J02M0";"A1100";"P1D_L";"ZZ";
"1995-07-06";"J02M0";"A1100";"P1D_L";"ZZ";
"1995-07-07";"J02M0";"A1100";"P1D_L";"ZZ";
"1995-07-10";"J02M0";"A1100";"P1D_L";"ZZ";"3.646"
"1995-07-11";"J02M0";"A1100";"P1D_L";"ZZ";
"1995-07-12";"J02M0";"A1100";"P1D_L";"ZZ";
"1995-07-13";"J02M0";"A1100";"P1D_L";"ZZ";
"1995-07-14";"J02M0";"A1100";"P1D_L";"ZZ";
"1995-07-17";"J02M0";"A1100";"P1D_L";"ZZ";"3.49"
"1995-07-18";"J02M0";"A1100";"P1D_L";"ZZ";
"1995-07-19";"J02M0";"A1100";"P1D_L";"ZZ";
"1995-07-20";"J02M0";"A1100";"P1D_L";"ZZ";
"1995-07-21";"J02M0";"A1100";"P1D_L";"ZZ";
"1995-07-24";"J02M0";"A1100";"P1D_L";"ZZ";"3.513"
"1995-07-25";"J02M0";"A1100";"P1D_L";"ZZ";
"1995-07-26";"J02M0";"A1100";"P1D_L";"ZZ";
"1995-07-27";"J02M0";"A1100";"P1D_L";"ZZ";
"1995-07-28";"J02M0";"A1100";"P1D_L";"ZZ";
"1995-07-31";"J02M0";"A1100";"P1D_L";"ZZ";"3.46"
"1995-08-01";"J02M0";"A1100";"P1D_L";"ZZ";
"1995-08-02";"J02M0";"A1100";"P1D_L";"ZZ";
"1995-08-03";"J02M0";"A1100";"P1D_L";"ZZ";
"1995-08-04";"J02M0";"A1100";"P1D_L";"ZZ";
"1995-08-07";"J02M0";"A1100";"P1D_L";"ZZ";"3.272"
"1995-08-08";"J02M0";"A1100";"P1D_L";"ZZ";
"1995-08-09";"J02M0";"A1100";"P1D_L";"ZZ";
"1995-08-10";"J02M0";"A1100";"P1D_L";"ZZ";
"1995-08-11";"J02M0";"A1100";"P1D_L";"ZZ";
"1995-08-14";"J02M0";"A1100";"P1D_L";"ZZ";"3.494"
"1995-08-15";"J02M0";"A1100";"P1D_L";"ZZ";
"1995-08-16";"J02M0";"A1100";"P1D_L";"ZZ";
"1995-08-17";"J02M0";"A1100";"P1D_L";"ZZ";
"1995-08-18";"J02M0";"A1100";"P1D_L";"ZZ";
"1995-08-21";"J02M0";"A1100";"P1D_L";"ZZ";"3.35"
"1995-08-22";"J02M0";"A1100";"P1D_L";"ZZ";
"1995-08-23";"J02M0";"A1100";"P1D_L";"ZZ";
"1995-08-24";"J02M0";"A1100";"P1D_L";"ZZ";
"1995-08-25";"J02M0";"A1100";"P1D_L";"ZZ";
"1995-08-28";"J02M0";"A1100";"P1D_L";"ZZ";"3.386"
"1995-08-29";"J02M0";"A1100";"P1D_L";"ZZ";
"1995-08-30";"J02M0";"A1100";"P1D_L";"ZZ";
"1995-08-31";"J02M0";"A1100";"P1D_L";"ZZ";"3.461"
"1995-09-01";"J02M0";"A1100";"P1D_L";"ZZ";
"1995-09-04";"J02M0";"A1100";"P1D_L";"ZZ";"3.427"
"1995-09-05";"J02M0";"A1100";"P1D_L";"ZZ";
"1995-09-06";"J02M0";"A1100";"P1D_L";"ZZ";
"1995-09-07";"J02M0";"A1100";"P1D_L";"ZZ";
"1995-09-08";"J02M0";"A1100";"P1D_L";"ZZ";
"1995-09-11";"J02M0";"A1100";"P1D_L";"ZZ";"3.371"
"1995-09-12";"J02M0";"A1100";"P1D_L";"ZZ";
"1995-09-13";"J02M0";"A1100";"P1D_L";"ZZ";
"1995-09-14";"J02M0";"A1100";"P1D_L";"ZZ";
"1995-09-15";"J02M0";"A1100";"P1D_L";"ZZ";
"1995-09-18";"J02M0";"A1100";"P1D_L";"ZZ";"3.234"
"1995-09-19";"J02M0";"A1100";"P1D_L";"ZZ";
"1995-09-20";"J02M0";"A1100";"P1D_L";"ZZ";
"1995-09-21";"J02M0";"A1100";"P1D_L";"ZZ";
"1995-09-22";"J02M0";"A1100";"P1D_L";"ZZ";
"1995-09-25";"J02M0";"A1100";"P1D_L";"ZZ";"3.009"
"1995-09-26";"J02M0";"A1100";"P1D_L";"ZZ";
"1995-09-27";"J02M0";"A1100";"P1D_L";"ZZ";
"1995-09-28";"J02M0";"A1100";"P1D_L";"ZZ";
"1995-09-29";"J02M0";"A1100";"P1D_L";"ZZ";"2.945"
"1995-10-02";"J02M0";"A1100";"P1D_L";"ZZ";"3.018"
"1995-10-03";"J02M0";"A1100";"P1D_L";"ZZ";
"1995-10-04";"J02M0";"A1100";"P1D_L";"ZZ";
"1995-10-05";"J02M0";"A1100";"P1D_L";"ZZ";
"1995-10-06";"J02M0";"A1100";"P1D_L";"ZZ";
"1995-10-09";"J02M0";"A1100";"P1D_L";"ZZ";"2.756"
"1995-10-10";"J02M0";"A1100";"P1D_L";"ZZ";
"1995-10-11";"J02M0";"A1100";"P1D_L";"ZZ";
"1995-10-12";"J02M0";"A1100";"P1D_L";"ZZ";
"1995-10-13";"J02M0";"A1100";"P1D_L";"ZZ";
"1995-10-16";"J02M0";"A1100";"P1D_L";"ZZ";"2.867"
"1995-10-17";"J02M0";"A1100";"P1D_L";"ZZ";
"1995-10-18";"J02M0";"A1100";"P1D_L";"ZZ";
"1995-10-19";"J02M0";"A1100";"P1D_L";"ZZ";
"1995-10-20";"J02M0";"A1100";"P1D_L";"ZZ";
"1995-10-23";"J02M0";"A1100";"P1D_L";"ZZ";"2.768"
"1995-10-24";"J02M0";"A1100";"P1D_L";"ZZ";
"1995-10-25";"J02M0";"A1100";"P1D_L";"ZZ";
"1995-10-26";"J02M0";"A1100";"P1D_L";"ZZ";
"1995-10-27";"J02M0";"A1100";"P1D_L";"ZZ";
"1995-10-30";"J02M0";"A1100";"P1D_L";"ZZ";"2.758"
"1995-10-31";"J02M0";"A1100";"P1D_L";"ZZ";
"1995-11-01";"J02M0";"A1100";"P1D_L";"ZZ";
"1995-11-02";"J02M0";"A1100";"P1D_L";"ZZ";
"1995-11-03";"J02M0";"A1100";"P1D_L";"ZZ";
"1995-11-06";"J02M0";"A1100";"P1D_L";"ZZ";"2.632"
"1995-11-07";"J02M0";"A1100";"P1D_L";"ZZ";
"1995-11-08";"J02M0";"A1100";"P1D_L";"ZZ";
"1995-11-09";"J02M0";"A1100";"P1D_L";"ZZ";
"1995-11-10";"J02M0";"A1100";"P1D_L";"ZZ";
"1995-11-13";"J02M0";"A1100";"P1D_L";"ZZ";"2.356"
"1995-11-14";"J02M0";"A1100";"P1D_L";"ZZ";
"1995-11-15";"J02M0";"A1100";"P1D_L";"ZZ";
"1995-11-16";"J02M0";"A1100";"P1D_L";"ZZ";
"1995-11-17";"J02M0";"A1100";"P1D_L";"ZZ";
"1995-11-20";"J02M0";"A1100";"P1D_L";"ZZ";"2.251"
"1995-11-21";"J02M0";"A1100";"P1D_L";"ZZ";
"1995-11-22";"J02M0";"A1100";"P1D_L";"ZZ";
"1995-11-23";"J02M0";"A1100";"P1D_L";"ZZ";
"1995-11-24";"J02M0";"A1100";"P1D_L";"ZZ";
"1995-11-27";"J02M0";"A1100";"P1D_L";"ZZ";"2.313"
"1995-11-28";"J02M0";"A1100";"P1D_L";"ZZ";
"1995-11-29";"J02M0";"A1100";"P1D_L";"ZZ";
"1995-11-30";"J02M0";"A1100";"P1D_L";"ZZ";"2.259"
"1995-12-01";"J02M0";"A1100";"P1D_L";"ZZ";
"1995-12-04";"J02M0";"A1100";"P1D_L";"ZZ";"2.276"
"1995-12-05";"J02M0";"A1100";"P1D_L";"ZZ";
"1995-12-06";"J02M0";"A1100";"P1D_L";"ZZ";
"1995-12-07";"J02M0";"A1100";"P1D_L";"ZZ";
"1995-12-08";"J02M0";"A1100";"P1D_L";"ZZ";
"1995-12-11";"J02M0";"A1100";"P1D_L";"ZZ";"2.416"
"1995-12-12";"J02M0";"A1100";"P1D_L";"ZZ";
"1995-12-13";"J02M0";"A1100";"P1D_L";"ZZ";
"1995-12-14";"J02M0";"A1100";"P1D_L";"ZZ";
"1995-12-15";"J02M0";"A1100";"P1D_L";"ZZ";
"1995-12-18";"J02M0";"A1100";"P1D_L";"ZZ";"2.381"
"1995-12-19";"J02M0";"A1100";"P1D_L";"ZZ";
"1995-12-20";"J02M0";"A1100";"P1D_L";"ZZ";
"1995-12-21";"J02M0";"A1100";"P1D_L";"ZZ";
"1995-12-22";"J02M0";"A1100";"P1D_L";"ZZ";
"1995-12-25";"J02M0";"A1100";"P1D_L";"ZZ";
"1995-12-26";"J02M0";"A1100";"P1D_L";"ZZ";
"1995-12-27";"J02M0";"A1100";"P1D_L";"ZZ";"2.41"
"1995-12-28";"J02M0";"A1100";"P1D_L";"ZZ";
"1995-12-29";"J02M0";"A1100";"P1D_L";"ZZ";"2.278"
"1996-01-01";"J02M0";"A1100";"P1D_L";"ZZ";
"1996-01-02";"J02M0";"A1100";"P1D_L";"ZZ";
"1996-01-03";"J02M0";"A1100";"P1D_L";"ZZ";"2.266"
"1996-01-04";"J02M0";"A1100";"P1D_L";"ZZ";
"1996-01-05";"J02M0";"A1100";"P1D_L";"ZZ";
"1996-01-08";"J02M0";"A1100";"P1D_L";"ZZ";"2.105"
"1996-01-09";"J02M0";"A1100";"P1D_L";"ZZ";
"1996-01-10";"J02M0";"A1100";"P1D_L";"ZZ";
"1996-01-11";"J02M0";"A1100";"P1D_L";"ZZ";
"1996-01-12";"J02M0";"A1100";"P1D_L";"ZZ";
"1996-01-15";"J02M0";"A1100";"P1D_L";"ZZ";"2.161"
"1996-01-16";"J02M0";"A1100";"P1D_L";"ZZ";
"1996-01-17";"J02M0";"A1100";"P1D_L";"ZZ";
"1996-01-18";"J02M0";"A1100";"P1D_L";"ZZ";
"1996-01-19";"J02M0";"A1100";"P1D_L";"ZZ";
"1996-01-22";"J02M0";"A1100";"P1D_L";"ZZ";"2.064"
"1996-01-23";"J02M0";"A1100";"P1D_L";"ZZ";
"1996-01-24";"J02M0";"A1100";"P1D_L";"ZZ";
"1996-01-25";"J02M0";"A1100";"P1D_L";"ZZ";
"1996-01-26";"J02M0";"A1100";"P1D_L";"ZZ";
"1996-01-29";"J02M0";"A1100";"P1D_L";"ZZ";"2.153"
"1996-01-30";"J02M0";"A1100";"P1D_L";"ZZ";
"1996-01-31";"J02M0";"A1100";"P1D_L";"ZZ";"2.242"
"1996-02-01";"J02M0";"A1100";"P1D_L";"ZZ";
"1996-02-02";"J02M0";"A1100";"P1D_L";"ZZ";
"1996-02-05";"J02M0";"A1100";"P1D_L";"ZZ";"2.597"
"1996-02-06";"J02M0";"A1100";"P1D_L";"ZZ";
"1996-02-07";"J02M0";"A1100";"P1D_L";"ZZ";
"1996-02-08";"J02M0";"A1100";"P1D_L";"ZZ";
"1996-02-09";"J02M0";"A1100";"P1D_L";"ZZ";
"1996-02-12";"J02M0";"A1100";"P1D_L";"ZZ";"2.507"
"1996-02-13";"J02M0";"A1100";"P1D_L";"ZZ";
"1996-02-14";"J02M0";"A1100";"P1D_L";"ZZ";
"1996-02-15";"J02M0";"A1100";"P1D_L";"ZZ";
"1996-02-16";"J02M0";"A1100";"P1D_L";"ZZ";
"1996-02-19";"J02M0";"A1100";"P1D_L";"ZZ";"2.475"
"1996-02-20";"J02M0";"A1100";"P1D_L";"ZZ";
"1996-02-21";"J02M0";"A1100";"P1D_L";"ZZ";
"1996-02-22";"J02M0";"A1100";"P1D_L";"ZZ";
"1996-02-23";"J02M0";"A1100";"P1D_L";"ZZ";
"1996-02-26";"J02M0";"A1100";"P1D_L";"ZZ";"2.369"
"1996-02-27";"J02M0";"A1100";"P1D_L";"ZZ";
"1996-02-28";"J02M0";"A1100";"P1D_L";"ZZ";"2.378"
"1996-02-29";"J02M0";"A1100";"P1D_L";"ZZ";
"1996-03-01";"J02M0";"A1100";"P1D_L";"ZZ";
"1996-03-04";"J02M0";"A1100";"P1D_L";"ZZ";"2.287"
"1996-03-05";"J02M0";"A1100";"P1D_L";"ZZ";
"1996-03-06";"J02M0";"A1100";"P1D_L";"ZZ";
"1996-03-07";"J02M0";"A1100";"P1D_L";"ZZ";
"1996-03-08";"J02M0";"A1100";"P1D_L";"ZZ";
"1996-03-11";"J02M0";"A1100";"P1D_L";"ZZ";"2.433"
"1996-03-12";"J02M0";"A1100";"P1D_L";"ZZ";
"1996-03-13";"J02M0";"A1100";"P1D_L";"ZZ";
"1996-03-14";"J02M0";"A1100";"P1D_L";"ZZ";
"1996-03-15";"J02M0";"A1100";"P1D_L";"ZZ";
"1996-03-18";"J02M0";"A1100";"P1D_L";"ZZ";"2.399"
"1996-03-19";"J02M0";"A1100";"P1D_L";"ZZ";
"1996-03-20";"J02M0";"A1100";"P1D_L";"ZZ";
"1996-03-21";"J02M0";"A1100";"P1D_L";"ZZ";
"1996-03-22";"J02M0";"A1100";"P1D_L";"ZZ";
"1996-03-25";"J02M0";"A1100";"P1D_L";"ZZ";"2.333"
"1996-03-26";"J02M0";"A1100";"P1D_L";"ZZ";
"1996-03-27";"J02M0";"A1100";"P1D_L";"ZZ";
"1996-03-28";"J02M0";"A1100";"P1D_L";"ZZ";
"1996-03-29";"J02M0";"A1100";"P1D_L";"ZZ";"2.223"
"1996-04-01";"J02M0";"A1100";"P1D_L";"ZZ";"2.234"
"1996-04-02";"J02M0";"A1100";"P1D_L";"ZZ";
"1996-04-03";"J02M0";"A1100";"P1D_L";"ZZ";
"1996-04-04";"J02M0";"A1100";"P1D_L";"ZZ";
"1996-04-05";"J02M0";"A1100";"P1D_L";"ZZ";
"1996-04-08";"J02M0";"A1100";"P1D_L";"ZZ";
"1996-04-09";"J02M0";"A1100";"P1D_L";"ZZ";"2.228"
"1996-04-10";"J02M0";"A1100";"P1D_L";"ZZ";
"1996-04-11";"J02M0";"A1100";"P1D_L";"ZZ";
"1996-04-12";"J02M0";"A1100";"P1D_L";"ZZ";
"1996-04-15";"J02M0";"A1100";"P1D_L";"ZZ";"2.257"
"1996-04-16";"J02M0";"A1100";"P1D_L";"ZZ";
"1996-04-17";"J02M0";"A1100";"P1D_L";"ZZ";
"1996-04-18";"J02M0";"A1100";"P1D_L";"ZZ";
"1996-04-19";"J02M0";"A1100";"P1D_L";"ZZ";
"1996-04-22";"J02M0";"A1100";"P1D_L";"ZZ";"2.23"
"1996-04-23";"J02M0";"A1100";"P1D_L";"ZZ";
"1996-04-24";"J02M0";"A1100";"P1D_L";"ZZ";
"1996-04-25";"J02M0";"A1100";"P1D_L";"ZZ";
"1996-04-26";"J02M0";"A1100";"P1D_L";"ZZ";
"1996-04-29";"J02M0";"A1100";"P1D_L";"ZZ";"2.194"
"1996-04-30";"J02M0";"A1100";"P1D_L";"ZZ";"2.17"
"1996-05-01";"J02M0";"A1100";"P1D_L";"ZZ";
"1996-05-02";"J02M0";"A1100";"P1D_L";"ZZ";
"1996-05-03";"J02M0";"A1100";"P1D_L";"ZZ";
"1996-05-06";"J02M0";"A1100";"P1D_L";"ZZ";"2.424"
"1996-05-07";"J02M0";"A1100";"P1D_L";"ZZ";
"1996-05-08";"J02M0";"A1100";"P1D_L";"ZZ";
"1996-05-09";"J02M0";"A1100";"P1D_L";"ZZ";
"1996-05-10";"J02M0";"A1100";"P1D_L";"ZZ";
"1996-05-13";"J02M0";"A1100";"P1D_L";"ZZ";"2.377"
"1996-05-14";"J02M0";"A1100";"P1D_L";"ZZ";
"1996-05-15";"J02M0";"A1100";"P1D_L";"ZZ";
"1996-05-16";"J02M0";"A1100";"P1D_L";"ZZ";
"1996-05-17";"J02M0";"A1100";"P1D_L";"ZZ";
"1996-05-20";"J02M0";"A1100";"P1D_L";"ZZ";"2.426"
"1996-05-21";"J02M0";"A1100";"P1D_L";"ZZ";
"1996-05-22";"J02M0";"A1100";"P1D_L";"ZZ";
"1996-05-23";"J02M0";"A1100";"P1D_L";"ZZ";
"1996-05-24";"J02M0";"A1100";"P1D_L";"ZZ";
"1996-05-27";"J02M0";"A1100";"P1D_L";"ZZ";
"1996-05-28";"J02M0";"A1100";"P1D_L";"ZZ";"2.605"
"1996-05-29";"J02M0";"A1100";"P1D_L";"ZZ";"2.91"
"1996-05-30";"J02M0";"A1100";"P1D_L";"ZZ";
"1996-05-31";"J02M0";"A1100";"P1D_L";"ZZ";
"1996-06-03";"J02M0";"A1100";"P1D_L";"ZZ";"2.9"
"1996-06-04";"J02M0";"A1100";"P1D_L";"ZZ";
"1996-06-05";"J02M0";"A1100";"P1D_L";"ZZ";
"1996-06-06";"J02M0";"A1100";"P1D_L";"ZZ";
"1996-06-07";"J02M0";"A1100";"P1D_L";"ZZ";
"1996-06-10";"J02M0";"A1100";"P1D_L";"ZZ";"2.914"
"1996-06-11";"J02M0";"A1100";"P1D_L";"ZZ";
"1996-06-12";"J02M0";"A1100";"P1D_L";"ZZ";
"1996-06-13";"J02M0";"A1100";"P1D_L";"ZZ";
"1996-06-14";"J02M0";"A1100";"P1D_L";"ZZ";
"1996-06-17";"J02M0";"A1100";"P1D_L";"ZZ";"3.06"
"1996-06-18";"J02M0";"A1100";"P1D_L";"ZZ";
"1996-06-19";"J02M0";"A1100";"P1D_L";"ZZ";
"1996-06-20";"J02M0";"A1100";"P1D_L";"ZZ";
"1996-06-21";"J02M0";"A1100";"P1D_L";"ZZ";
"1996-06-24";"J02M0";"A1100";"P1D_L";"ZZ";"2.979"
"1996-06-25";"J02M0";"A1100";"P1D_L";"ZZ";
"1996-06-26";"J02M0";"A1100";"P1D_L";"ZZ";
"1996-06-27";"J02M0";"A1100";"P1D_L";"ZZ";
"1996-06-28";"J02M0";"A1100";"P1D_L";"ZZ";"2.761"
"1996-07-01";"J02M0";"A1100";"P1D_L";"ZZ";"2.868"
"1996-07-02";"J02M0";"A1100";"P1D_L";"ZZ";
"1996-07-03";"J02M0";"A1100";"P1D_L";"ZZ";
"1996-07-04";"J02M0";"A1100";"P1D_L";"ZZ";
"1996-07-05";"J02M0";"A1100";"P1D_L";"ZZ";
"1996-07-08";"J02M0";"A1100";"P1D_L";"ZZ";"2.934"
"1996-07-09";"J02M0";"A1100";"P1D_L";"ZZ";
"1996-07-10";"J02M0";"A1100";"P1D_L";"ZZ";
"1996-07-11";"J02M0";"A1100";"P1D_L";"ZZ";
"1996-07-12";"J02M0";"A1100";"P1D_L";"ZZ";
"1996-07-15";"J02M0";"A1100";"P1D_L";"ZZ";"2.893"
"1996-07-16";"J02M0";"A1100";"P1D_L";"ZZ";
"1996-07-17";"J02M0";"A1100";"P1D_L";"ZZ";
"1996-07-18";"J02M0";"A1100";"P1D_L";"ZZ";
"1996-07-19";"J02M0";"A1100";"P1D_L";"ZZ";
"1996-07-22";"J02M0";"A1100";"P1D_L";"ZZ";"2.835"
"1996-07-23";"J02M0";"A1100";"P1D_L";"ZZ";
"1996-07-24";"J02M0";"A1100";"P1D_L";"ZZ";
"1996-07-25";"J02M0";"A1100";"P1D_L";"ZZ";
"1996-07-26";"J02M0";"A1100";"P1D_L";"ZZ";
"1996-07-29";"J02M0";"A1100";"P1D_L";"ZZ";"2.786"
"1996-07-30";"J02M0";"A1100";"P1D_L";"ZZ";
"1996-07-31";"J02M0";"A1100";"P1D_L";"ZZ";"2.73"
"1996-08-01";"J02M0";"A1100";"P1D_L";"ZZ";
"1996-08-02";"J02M0";"A1100";"P1D_L";"ZZ";
"1996-08-05";"J02M0";"A1100";"P1D_L";"ZZ";"2.748"
"1996-08-06";"J02M0";"A1100";"P1D_L";"ZZ";
"1996-08-07";"J02M0";"A1100";"P1D_L";"ZZ";
"1996-08-08";"J02M0";"A1100";"P1D_L";"ZZ";
"1996-08-09";"J02M0";"A1100";"P1D_L";"ZZ";
"1996-08-12";"J02M0";"A1100";"P1D_L";"ZZ";"2.72"
"1996-08-13";"J02M0";"A1100";"P1D_L";"ZZ";
"1996-08-14";"J02M0";"A1100";"P1D_L";"ZZ";
"1996-08-15";"J02M0";"A1100";"P1D_L";"ZZ";
"1996-08-16";"J02M0";"A1100";"P1D_L";"ZZ";
"1996-08-19";"J02M0";"A1100";"P1D_L";"ZZ";"2.72"
"1996-08-20";"J02M0";"A1100";"P1D_L";"ZZ";
"1996-08-21";"J02M0";"A1100";"P1D_L";"ZZ";
"1996-08-22";"J02M0";"A1100";"P1D_L";"ZZ";
"1996-08-23";"J02M0";"A1100";"P1D_L";"ZZ";
"1996-08-26";"J02M0";"A1100";"P1D_L";"ZZ";"2.623"
"1996-08-27";"J02M0";"A1100";"P1D_L";"ZZ";
"1996-08-28";"J02M0";"A1100";"P1D_L";"ZZ";
"1996-08-29";"J02M0";"A1100";"P1D_L";"ZZ";
"1996-08-30";"J02M0";"A1100";"P1D_L";"ZZ";"2.503"
"1996-09-02";"J02M0";"A1100";"P1D_L";"ZZ";"2.604"
"1996-09-03";"J02M0";"A1100";"P1D_L";"ZZ";
"1996-09-04";"J02M0";"A1100";"P1D_L";"ZZ";
"1996-09-05";"J02M0";"A1100";"P1D_L";"ZZ";
"1996-09-06";"J02M0";"A1100";"P1D_L";"ZZ";
"1996-09-09";"J02M0";"A1100";"P1D_L";"ZZ";"2.568"
"1996-09-10";"J02M0";"A1100";"P1D_L";"ZZ";
"1996-09-11";"J02M0";"A1100";"P1D_L";"ZZ";
"1996-09-12";"J02M0";"A1100";"P1D_L";"ZZ";
"1996-09-13";"J02M0";"A1100";"P1D_L";"ZZ";
"1996-09-16";"J02M0";"A1100";"P1D_L";"ZZ";"2.395"
"1996-09-17";"J02M0";"A1100";"P1D_L";"ZZ";
"1996-09-18";"J02M0";"A1100";"P1D_L";"ZZ";
"1996-09-19";"J02M0";"A1100";"P1D_L";"ZZ";
"1996-09-20";"J02M0";"A1100";"P1D_L";"ZZ";
"1996-09-23";"J02M0";"A1100";"P1D_L";"ZZ";"2.323"
"1996-09-24";"J02M0";"A1100";"P1D_L";"ZZ";
"1996-09-25";"J02M0";"A1100";"P1D_L";"ZZ";
"1996-09-26";"J02M0";"A1100";"P1D_L";"ZZ";
"1996-09-27";"J02M0";"A1100";"P1D_L";"ZZ";
"1996-09-30";"J02M0";"A1100";"P1D_L";"ZZ";"2.201"
"1996-10-01";"J02M0";"A1100";"P1D_L";"ZZ";
"1996-10-02";"J02M0";"A1100";"P1D_L";"ZZ";
"1996-10-03";"J02M0";"A1100";"P1D_L";"ZZ";
"1996-10-04";"J02M0";"A1100";"P1D_L";"ZZ";
"1996-10-07";"J02M0";"A1100";"P1D_L";"ZZ";"2.169"
"1996-10-08";"J02M0";"A1100";"P1D_L";"ZZ";
"1996-10-09";"J02M0";"A1100";"P1D_L";"ZZ";
"1996-10-10";"J02M0";"A1100";"P1D_L";"ZZ";
"1996-10-11";"J02M0";"A1100";"P1D_L";"ZZ";
"1996-10-14";"J02M0";"A1100";"P1D_L";"ZZ";"1.996"
"1996-10-15";"J02M0";"A1100";"P1D_L";"ZZ";
"1996-10-16";"J02M0";"A1100";"P1D_L";"ZZ";
"1996-10-17";"J02M0";"A1100";"P1D_L";"ZZ";
"1996-10-18";"J02M0";"A1100";"P1D_L";"ZZ";
"1996-10-21";"J02M0";"A1100";"P1D_L";"ZZ";"2.044"
"1996-10-22";"J02M0";"A1100";"P1D_L";"ZZ";
"1996-10-23";"J02M0";"A1100";"P1D_L";"ZZ";
"1996-10-24";"J02M0";"A1100";"P1D_L";"ZZ";
"1996-10-25";"J02M0";"A1100";"P1D_L";"ZZ";
"1996-10-28";"J02M0";"A1100";"P1D_L";"ZZ";"2.227"
"1996-10-29";"J02M0";"A1100";"P1D_L";"ZZ";
"1996-10-30";"J02M0";"A1100";"P1D_L";"ZZ";
"1996-10-31";"J02M0";"A1100";"P1D_L";"ZZ";"1.997"
"1996-11-01";"J02M0";"A1100";"P1D_L";"ZZ";
"1996-11-04";"J02M0";"A1100";"P1D_L";"ZZ";"2.296"
"1996-11-05";"J02M0";"A1100";"P1D_L";"ZZ";
"1996-11-06";"J02M0";"A1100";"P1D_L";"ZZ";
"1996-11-07";"J02M0";"A1100";"P1D_L";"ZZ";
"1996-11-08";"J02M0";"A1100";"P1D_L";"ZZ";
"1996-11-11";"J02M0";"A1100";"P1D_L";"ZZ";"2.173"
"1996-11-12";"J02M0";"A1100";"P1D_L";"ZZ";
"1996-11-13";"J02M0";"A1100";"P1D_L";"ZZ";
"1996-11-14";"J02M0";"A1100";"P1D_L";"ZZ";
"1996-11-15";"J02M0";"A1100";"P1D_L";"ZZ";
"1996-11-18";"J02M0";"A1100";"P1D_L";"ZZ";"2.425"
"1996-11-19";"J02M0";"A1100";"P1D_L";"ZZ";
"1996-11-20";"J02M0";"A1100";"P1D_L";"ZZ";
"1996-11-21";"J02M0";"A1100";"P1D_L";"ZZ";
"1996-11-22";"J02M0";"A1100";"P1D_L";"ZZ";
"1996-11-25";"J02M0";"A1100";"P1D_L";"ZZ";"2.306"
"1996-11-26";"J02M0";"A1100";"P1D_L";"ZZ";
"1996-11-27";"J02M0";"A1100";"P1D_L";"ZZ";
"1996-11-28";"J02M0";"A1100";"P1D_L";"ZZ";
"1996-11-29";"J02M0";"A1100";"P1D_L";"ZZ";"2.249"
"1996-12-02";"J02M0";"A1100";"P1D_L";"ZZ";"2.297"
"1996-12-03";"J02M0";"A1100";"P1D_L";"ZZ";
"1996-12-04";"J02M0";"A1100";"P1D_L";"ZZ";
"1996-12-05";"J02M0";"A1100";"P1D_L";"ZZ";
"1996-12-06";"J02M0";"A1100";"P1D_L";"ZZ";
"1996-12-09";"J02M0";"A1100";"P1D_L";"ZZ";"2.236"
"1996-12-10";"J02M0";"A1100";"P1D_L";"ZZ";
"1996-12-11";"J02M0";"A1100";"P1D_L";"ZZ";
"1996-12-12";"J02M0";"A1100";"P1D_L";"ZZ";
"1996-12-13";"J02M0";"A1100";"P1D_L";"ZZ";
"1996-12-16";"J02M0";"A1100";"P1D_L";"ZZ";"2.089"
"1996-12-17";"J02M0";"A1100";"P1D_L";"ZZ";
"1996-12-18";"J02M0";"A1100";"P1D_L";"ZZ";
"1996-12-19";"J02M0";"A1100";"P1D_L";"ZZ";
"1996-12-20";"J02M0";"A1100";"P1D_L";"ZZ";
"1996-12-23";"J02M0";"A1100";"P1D_L";"ZZ";"2.07"
"1996-12-24";"J02M0";"A1100";"P1D_L";"ZZ";
"1996-12-25";"J02M0";"A1100";"P1D_L";"ZZ";
"1996-12-26";"J02M0";"A1100";"P1D_L";"ZZ";
"1996-12-27";"J02M0";"A1100";"P1D_L";"ZZ";
"1996-12-30";"J02M0";"A1100";"P1D_L";"ZZ";"2.024"
"1996-12-31";"J02M0";"A1100";"P1D_L";"ZZ";"2.049"
"1997-01-01";"J02M0";"A1100";"P1D_L";"ZZ";
"1997-01-02";"J02M0";"A1100";"P1D_L";"ZZ";
"1997-01-03";"J02M0";"A1100";"P1D_L";"ZZ";
"1997-01-06";"J02M0";"A1100";"P1D_L";"ZZ";"2.097"
"1997-01-07";"J02M0";"A1100";"P1D_L";"ZZ";
"1997-01-08";"J02M0";"A1100";"P1D_L";"ZZ";
"1997-01-09";"J02M0";"A1100";"P1D_L";"ZZ";
"1997-01-10";"J02M0";"A1100";"P1D_L";"ZZ";
"1997-01-13";"J02M0";"A1100";"P1D_L";"ZZ";"1.983"
"1997-01-14";"J02M0";"A1100";"P1D_L";"ZZ";
"1997-01-15";"J02M0";"A1100";"P1D_L";"ZZ";
"1997-01-16";"J02M0";"A1100";"P1D_L";"ZZ";
"1997-01-17";"J02M0";"A1100";"P1D_L";"ZZ";
"1997-01-20";"J02M0";"A1100";"P1D_L";"ZZ";"1.998"
"1997-01-21";"J02M0";"A1100";"P1D_L";"ZZ";
"1997-01-22";"J02M0";"A1100";"P1D_L";"ZZ";
"1997-01-23";"J02M0";"A1100";"P1D_L";"ZZ";
"1997-01-24";"J02M0";"A1100";"P1D_L";"ZZ";
"1997-01-27";"J02M0";"A1100";"P1D_L";"ZZ";"1.965"
"1997-01-28";"J02M0";"A1100";"P1D_L";"ZZ";
"1997-01-29";"J02M0";"A1100";"P1D_L";"ZZ";
"1997-01-30";"J02M0";"A1100";"P1D_L";"ZZ";
"1997-01-31";"J02M0";"A1100";"P1D_L";"ZZ";"1.98"
"1997-02-03";"J02M0";"A1100";"P1D_L";"ZZ";"1.958"
"1997-02-04";"J02M0";"A1100";"P1D_L";"ZZ";
"1997-02-05";"J02M0";"A1100";"P1D_L";"ZZ";
"1997-02-06";"J02M0";"A1100";"P1D_L";"ZZ";
"1997-02-07";"J02M0";"A1100";"P1D_L";"ZZ";
"1997-02-10";"J02M0";"A1100";"P1D_L";"ZZ";"1.882"
"1997-02-11";"J02M0";"A1100";"P1D_L";"ZZ";
"1997-02-12";"J02M0";"A1100";"P1D_L";"ZZ";
"1997-02-13";"J02M0";"A1100";"P1D_L";"ZZ";
"1997-02-14";"J02M0";"A1100";"P1D_L";"ZZ";
"1997-02-17";"J02M0";"A1100";"P1D_L";"ZZ";"1.846"
"1997-02-18";"J02M0";"A1100";"P1D_L";"ZZ";
"1997-02-19";"J02M0";"A1100";"P1D_L";"ZZ";
"1997-02-20";"J02M0";"A1100";"P1D_L";"ZZ";
"1997-02-21";"J02M0";"A1100";"P1D_L";"ZZ";
"1997-02-24";"J02M0";"A1100";"P1D_L";"ZZ";"1.813"
"1997-02-25";"J02M0";"A1100";"P1D_L";"ZZ";
"1997-02-26";"J02M0";"A1100";"P1D_L";"ZZ";
"1997-02-27";"J02M0";"A1100";"P1D_L";"ZZ";
"1997-02-28";"J02M0";"A1100";"P1D_L";"ZZ";"1.726"
"1997-03-03";"J02M0";"A1100";"P1D_L";"ZZ";"1.717"
"1997-03-04";"J02M0";"A1100";"P1D_L";"ZZ";
"1997-03-05";"J02M0";"A1100";"P1D_L";"ZZ";
"1997-03-06";"J02M0";"A1100";"P1D_L";"ZZ";
"1997-03-07";"J02M0";"A1100";"P1D_L";"ZZ";
"1997-03-10";"J02M0";"A1100";"P1D_L";"ZZ";"1.797"
"1997-03-11";"J02M0";"A1100";"P1D_L";"ZZ";
"1997-03-12";"J02M0";"A1100";"P1D_L";"ZZ";
"1997-03-13";"J02M0";"A1100";"P1D_L";"ZZ";
"1997-03-14";"J02M0";"A1100";"P1D_L";"ZZ";
"1997-03-17";"J02M0";"A1100";"P1D_L";"ZZ";"1.823"
"1997-03-18";"J02M0";"A1100";"P1D_L";"ZZ";
"1997-03-19";"J02M0";"A1100";"P1D_L";"ZZ";
"1997-03-20";"J02M0";"A1100";"P1D_L";"ZZ";
"1997-03-21";"J02M0";"A1100";"P1D_L";"ZZ";
"1997-03-24";"J02M0";"A1100";"P1D_L";"ZZ";"1.907"
"1997-03-25";"J02M0";"A1100";"P1D_L";"ZZ";
"1997-03-26";"J02M0";"A1100";"P1D_L";"ZZ";
"1997-03-27";"J02M0";"A1100";"P1D_L";"ZZ";
"1997-03-28";"J02M0";"A1100";"P1D_L";"ZZ";
"1997-03-31";"J02M0";"A1100";"P1D_L";"ZZ";"1.953"
"1997-04-01";"J02M0";"A1100";"P1D_L";"ZZ";"1.953"
"1997-04-02";"J02M0";"A1100";"P1D_L";"ZZ";
"1997-04-03";"J02M0";"A1100";"P1D_L";"ZZ";
"1997-04-04";"J02M0";"A1100";"P1D_L";"ZZ";
"1997-04-07";"J02M0";"A1100";"P1D_L";"ZZ";"1.951"
"1997-04-08";"J02M0";"A1100";"P1D_L";"ZZ";
"1997-04-09";"J02M0";"A1100";"P1D_L";"ZZ";
"1997-04-10";"J02M0";"A1100";"P1D_L";"ZZ";
"1997-04-11";"J02M0";"A1100";"P1D_L";"ZZ";
"1997-04-14";"J02M0";"A1100";"P1D_L";"ZZ";"2.01"
"1997-04-15";"J02M0";"A1100";"P1D_L";"ZZ";
"1997-04-16";"J02M0";"A1100";"P1D_L";"ZZ";
"1997-04-17";"J02M0";"A1100";"P1D_L";"ZZ";
"1997-04-18";"J02M0";"A1100";"P1D_L";"ZZ";
"1997-04-21";"J02M0";"A1100";"P1D_L";"ZZ";"1.989"
"1997-04-22";"J02M0";"A1100";"P1D_L";"ZZ";
"1997-04-23";"J02M0";"A1100";"P1D_L";"ZZ";
"1997-04-24";"J02M0";"A1100";"P1D_L";"ZZ";
"1997-04-25";"J02M0";"A1100";"P1D_L";"ZZ";
"1997-04-28";"J02M0";"A1100";"P1D_L";"ZZ";"2.031"
"1997-04-29";"J02M0";"A1100";"P1D_L";"ZZ";
"1997-04-30";"J02M0";"A1100";"P1D_L";"ZZ";"1.862"
"1997-05-01";"J02M0";"A1100";"P1D_L";"ZZ";
"1997-05-02";"J02M0";"A1100";"P1D_L";"ZZ";
"1997-05-05";"J02M0";"A1100";"P1D_L";"ZZ";"1.857"
"1997-05-06";"J02M0";"A1100";"P1D_L";"ZZ";
"1997-05-07";"J02M0";"A1100";"P1D_L";"ZZ";
"1997-05-08";"J02M0";"A1100";"P1D_L";"ZZ";
"1997-05-09";"J02M0";"A1100";"P1D_L";"ZZ";
"1997-05-12";"J02M0";"A1100";"P1D_L";"ZZ";"1.875"
"1997-05-13";"J02M0";"A1100";"P1D_L";"ZZ";
"1997-05-14";"J02M0";"A1100";"P1D_L";"ZZ";
"1997-05-15";"J02M0";"A1100";"P1D_L";"ZZ";
"1997-05-16";"J02M0";"A1100";"P1D_L";"ZZ";
"1997-05-19";"J02M0";"A1100";"P1D_L";"ZZ";
"1997-05-20";"J02M0";"A1100";"P1D_L";"ZZ";"1.884"
"1997-05-21";"J02M0";"A1100";"P1D_L";"ZZ";
"1997-05-22";"J02M0";"A1100";"P1D_L";"ZZ";
"1997-05-23";"J02M0";"A1100";"P1D_L";"ZZ";
"1997-05-26";"J02M0";"A1100";"P1D_L";"ZZ";"1.751"
"1997-05-27";"J02M0";"A1100";"P1D_L";"ZZ";
"1997-05-28";"J02M0";"A1100";"P1D_L";"ZZ";
"1997-05-29";"J02M0";"A1100";"P1D_L";"ZZ";
"1997-05-30";"J02M0";"A1100";"P1D_L";"ZZ";"1.594"
"1997-06-02";"J02M0";"A1100";"P1D_L";"ZZ";"1.531"
"1997-06-03";"J02M0";"A1100";"P1D_L";"ZZ";
"1997-06-04";"J02M0";"A1100";"P1D_L";"ZZ";
"1997-06-05";"J02M0";"A1100";"P1D_L";"ZZ";
"1997-06-06";"J02M0";"A1100";"P1D_L";"ZZ";
"1997-06-09";"J02M0";"A1100";"P1D_L";"ZZ";"1.707"
"1997-06-10";"J02M0";"A1100";"P1D_L";"ZZ";
"1997-06-11";"J02M0";"A1100";"P1D_L";"ZZ";
"1997-06-12";"J02M0";"A1100";"P1D_L";"ZZ";
"1997-06-13";"J02M0";"A1100";"P1D_L";"ZZ";
"1997-06-16";"J02M0";"A1100";"P1D_L";"ZZ";"1.632"
"1997-06-17";"J02M0";"A1100";"P1D_L";"ZZ";
"1997-06-18";"J02M0";"A1100";"P1D_L";"ZZ";
"1997-06-19";"J02M0";"A1100";"P1D_L";"ZZ";
"1997-06-20";"J02M0";"A1100";"P1D_L";"ZZ";
"1997-06-23";"J02M0";"A1100";"P1D_L";"ZZ";"1.659"
"1997-06-24";"J02M0";"A1100";"P1D_L";"ZZ";
"1997-06-25";"J02M0";"A1100";"P1D_L";"ZZ";
"1997-06-26";"J02M0";"A1100";"P1D_L";"ZZ";
"1997-06-27";"J02M0";"A1100";"P1D_L";"ZZ";
"1997-06-30";"J02M0";"A1100";"P1D_L";"ZZ";"1.653"
"1997-07-01";"J02M0";"A1100";"P1D_L";"ZZ";
"1997-07-02";"J02M0";"A1100";"P1D_L";"ZZ";
"1997-07-03";"J02M0";"A1100";"P1D_L";"ZZ";
"1997-07-04";"J02M0";"A1100";"P1D_L";"ZZ";
"1997-07-07";"J02M0";"A1100";"P1D_L";"ZZ";"1.636"
"1997-07-08";"J02M0";"A1100";"P1D_L";"ZZ";
"1997-07-09";"J02M0";"A1100";"P1D_L";"ZZ";
"1997-07-10";"J02M0";"A1100";"P1D_L";"ZZ";
"1997-07-11";"J02M0";"A1100";"P1D_L";"ZZ";
"1997-07-14";"J02M0";"A1100";"P1D_L";"ZZ";"1.637"
"1997-07-15";"J02M0";"A1100";"P1D_L";"ZZ";
"1997-07-16";"J02M0";"A1100";"P1D_L";"ZZ";
"1997-07-17";"J02M0";"A1100";"P1D_L";"ZZ";
"1997-07-18";"J02M0";"A1100";"P1D_L";"ZZ";
"1997-07-21";"J02M0";"A1100";"P1D_L";"ZZ";"1.705"
"1997-07-22";"J02M0";"A1100";"P1D_L";"ZZ";
"1997-07-23";"J02M0";"A1100";"P1D_L";"ZZ";
"1997-07-24";"J02M0";"A1100";"P1D_L";"ZZ";
"1997-07-25";"J02M0";"A1100";"P1D_L";"ZZ";
"1997-07-28";"J02M0";"A1100";"P1D_L";"ZZ";"1.744"
"1997-07-29";"J02M0";"A1100";"P1D_L";"ZZ";
"1997-07-30";"J02M0";"A1100";"P1D_L";"ZZ";
"1997-07-31";"J02M0";"A1100";"P1D_L";"ZZ";"1.743"
"1997-08-01";"J02M0";"A1100";"P1D_L";"ZZ";
"1997-08-04";"J02M0";"A1100";"P1D_L";"ZZ";"1.764"
"1997-08-05";"J02M0";"A1100";"P1D_L";"ZZ";
"1997-08-06";"J02M0";"A1100";"P1D_L";"ZZ";
"1997-08-07";"J02M0";"A1100";"P1D_L";"ZZ";
"1997-08-08";"J02M0";"A1100";"P1D_L";"ZZ";
"1997-08-11";"J02M0";"A1100";"P1D_L";"ZZ";"1.766"
"1997-08-12";"J02M0";"A1100";"P1D_L";"ZZ";
"1997-08-13";"J02M0";"A1100";"P1D_L";"ZZ";
"1997-08-14";"J02M0";"A1100";"P1D_L";"ZZ";
"1997-08-15";"J02M0";"A1100";"P1D_L";"ZZ";
"1997-08-18";"J02M0";"A1100";"P1D_L";"ZZ";"1.857"
"1997-08-19";"J02M0";"A1100";"P1D_L";"ZZ";
"1997-08-20";"J02M0";"A1100";"P1D_L";"ZZ";
"1997-08-21";"J02M0";"A1100";"P1D_L";"ZZ";
"1997-08-22";"J02M0";"A1100";"P1D_L";"ZZ";
"1997-08-25";"J02M0";"A1100";"P1D_L";"ZZ";"1.903"
"1997-08-26";"J02M0";"A1100";"P1D_L";"ZZ";
"1997-08-27";"J02M0";"A1100";"P1D_L";"ZZ";
"1997-08-28";"J02M0";"A1100";"P1D_L";"ZZ";"1.868"
"1997-08-29";"J02M0";"A1100";"P1D_L";"ZZ";
"1997-09-01";"J02M0";"A1100";"P1D_L";"ZZ";"1.852"
"1997-09-02";"J02M0";"A1100";"P1D_L";"ZZ";
"1997-09-03";"J02M0";"A1100";"P1D_L";"ZZ";
"1997-09-04";"J02M0";"A1100";"P1D_L";"ZZ";
"1997-09-05";"J02M0";"A1100";"P1D_L";"ZZ";
"1997-09-08";"J02M0";"A1100";"P1D_L";"ZZ";"2.005"
"1997-09-09";"J02M0";"A1100";"P1D_L";"ZZ";
"1997-09-10";"J02M0";"A1100";"P1D_L";"ZZ";
"1997-09-11";"J02M0";"A1100";"P1D_L";"ZZ";
"1997-09-12";"J02M0";"A1100";"P1D_L";"ZZ";
"1997-09-15";"J02M0";"A1100";"P1D_L";"ZZ";"1.984"
"1997-09-16";"J02M0";"A1100";"P1D_L";"ZZ";
"1997-09-17";"J02M0";"A1100";"P1D_L";"ZZ";
"1997-09-18";"J02M0";"A1100";"P1D_L";"ZZ";
"1997-09-19";"J02M0";"A1100";"P1D_L";"ZZ";
"1997-09-22";"J02M0";"A1100";"P1D_L";"ZZ";"2.01"
"1997-09-23";"J02M0";"A1100";"P1D_L";"ZZ";
"1997-09-24";"J02M0";"A1100";"P1D_L";"ZZ";
"1997-09-25";"J02M0";"A1100";"P1D_L";"ZZ";
"1997-09-26";"J02M0";"A1100";"P1D_L";"ZZ";
"1997-09-29";"J02M0";"A1100";"P1D_L";"ZZ";"2.062"
"1997-09-30";"J02M0";"A1100";"P1D_L";"ZZ";"2.002"
"1997-10-01";"J02M0";"A1100";"P1D_L";"ZZ";
"1997-10-02";"J02M0";"A1100";"P1D_L";"ZZ";
"1997-10-03";"J02M0";"A1100";"P1D_L";"ZZ";
"1997-10-06";"J02M0";"A1100";"P1D_L";"ZZ";"1.993"
"1997-10-07";"J02M0";"A1100";"P1D_L";"ZZ";
"1997-10-08";"J02M0";"A1100";"P1D_L";"ZZ";
"1997-10-09";"J02M0";"A1100";"P1D_L";"ZZ";
"1997-10-10";"J02M0";"A1100";"P1D_L";"ZZ";
"1997-10-13";"J02M0";"A1100";"P1D_L";"ZZ";"2.233"
"1997-10-14";"J02M0";"A1100";"P1D_L";"ZZ";
"1997-10-15";"J02M0";"A1100";"P1D_L";"ZZ";
"1997-10-16";"J02M0";"A1100";"P1D_L";"ZZ";
"1997-10-17";"J02M0";"A1100";"P1D_L";"ZZ";
"1997-10-20";"J02M0";"A1100";"P1D_L";"ZZ";"2.301"
"1997-10-21";"J02M0";"A1100";"P1D_L";"ZZ";
"1997-10-22";"J02M0";"A1100";"P1D_L";"ZZ";
"1997-10-23";"J02M0";"A1100";"P1D_L";"ZZ";
"1997-10-24";"J02M0";"A1100";"P1D_L";"ZZ";
"1997-10-27";"J02M0";"A1100";"P1D_L";"ZZ";"2.388"
"1997-10-28";"J02M0";"A1100";"P1D_L";"ZZ";
"1997-10-29";"J02M0";"A1100";"P1D_L";"ZZ";
"1997-10-30";"J02M0";"A1100";"P1D_L";"ZZ";
"1997-10-31";"J02M0";"A1100";"P1D_L";"ZZ";"2.24"
"1997-11-03";"J02M0";"A1100";"P1D_L";"ZZ";"2.256"
"1997-11-04";"J02M0";"A1100";"P1D_L";"ZZ";
"1997-11-05";"J02M0";"A1100";"P1D_L";"ZZ";
"1997-11-06";"J02M0";"A1100";"P1D_L";"ZZ";
"1997-11-07";"J02M0";"A1100";"P1D_L";"ZZ";
"1997-11-10";"J02M0";"A1100";"P1D_L";"ZZ";"2.317"
"1997-11-11";"J02M0";"A1100";"P1D_L";"ZZ";
"1997-11-12";"J02M0";"A1100";"P1D_L";"ZZ";
"1997-11-13";"J02M0";"A1100";"P1D_L";"ZZ";
"1997-11-14";"J02M0";"A1100";"P1D_L";"ZZ";
"1997-11-17";"J02M0";"A1100";"P1D_L";"ZZ";"2.253"
"1997-11-18";"J02M0";"A1100";"P1D_L";"ZZ";
"1997-11-19";"J02M0";"A1100";"P1D_L";"ZZ";
"1997-11-20";"J02M0";"A1100";"P1D_L";"ZZ";
"1997-11-21";"J02M0";"A1100";"P1D_L";"ZZ";
"1997-11-24";"J02M0";"A1100";"P1D_L";"ZZ";"2.253"
"1997-11-25";"J02M0";"A1100";"P1D_L";"ZZ";
"1997-11-26";"J02M0";"A1100";"P1D_L";"ZZ";
"1997-11-27";"J02M0";"A1100";"P1D_L";"ZZ";
"1997-11-28";"J02M0";"A1100";"P1D_L";"ZZ";"2.13"
"1997-12-01";"J02M0";"A1100";"P1D_L";"ZZ";"2.043"
"1997-12-02";"J02M0";"A1100";"P1D_L";"ZZ";
"1997-12-03";"J02M0";"A1100";"P1D_L";"ZZ";
"1997-12-04";"J02M0";"A1100";"P1D_L";"ZZ";
"1997-12-05";"J02M0";"A1100";"P1D_L";"ZZ";
"1997-12-08";"J02M0";"A1100";"P1D_L";"ZZ";"1.997"
"1997-12-09";"J02M0";"A1100";"P1D_L";"ZZ";
"1997-12-10";"J02M0";"A1100";"P1D_L";"ZZ";
"1997-12-11";"J02M0";"A1100";"P1D_L";"ZZ";
"1997-12-12";"J02M0";"A1100";"P1D_L";"ZZ";
"1997-12-15";"J02M0";"A1100";"P1D_L";"ZZ";"1.941"
"1997-12-16";"J02M0";"A1100";"P1D_L";"ZZ";
"1997-12-17";"J02M0";"A1100";"P1D_L";"ZZ";
"1997-12-18";"J02M0";"A1100";"P1D_L";"ZZ";
"1997-12-19";"J02M0";"A1100";"P1D_L";"ZZ";
"1997-12-22";"J02M0";"A1100";"P1D_L";"ZZ";"1.844"
"1997-12-23";"J02M0";"A1100";"P1D_L";"ZZ";
"1997-12-24";"J02M0";"A1100";"P1D_L";"ZZ";
"1997-12-25";"J02M0";"A1100";"P1D_L";"ZZ";
"1997-12-26";"J02M0";"A1100";"P1D_L";"ZZ";
"1997-12-29";"J02M0";"A1100";"P1D_L";"ZZ";"1.862"
"1997-12-30";"J02M0";"A1100";"P1D_L";"ZZ";
"1997-12-31";"J02M0";"A1100";"P1D_L";"ZZ";"1.883"
"1998-01-01";"J02M0";"A1100";"P1D_L";"ZZ";
"1998-01-02";"J02M0";"A1100";"P1D_L";"ZZ";
"1998-01-05";"J02M0";"A1100";"P1D_L";"ZZ";
"1998-01-06";"J02M0";"A1100";"P1D_L";"ZZ";"1.869"
"1998-01-07";"J02M0";"A1100";"P1D_L";"ZZ";"1.809"
"1998-01-08";"J02M0";"A1100";"P1D_L";"ZZ";"1.748"
"1998-01-09";"J02M0";"A1100";"P1D_L";"ZZ";"1.724"
"1998-01-12";"J02M0";"A1100";"P1D_L";"ZZ";"1.664"
"1998-01-13";"J02M0";"A1100";"P1D_L";"ZZ";"1.692"
"1998-01-14";"J02M0";"A1100";"P1D_L";"ZZ";"1.755"
"1998-01-15";"J02M0";"A1100";"P1D_L";"ZZ";"1.699"
"1998-01-16";"J02M0";"A1100";"P1D_L";"ZZ";"1.761"
"1998-01-19";"J02M0";"A1100";"P1D_L";"ZZ";"1.761"
"1998-01-20";"J02M0";"A1100";"P1D_L";"ZZ";"1.746"
"1998-01-21";"J02M0";"A1100";"P1D_L";"ZZ";"1.719"
"1998-01-22";"J02M0";"A1100";"P1D_L";"ZZ";"1.718"
"1998-01-23";"J02M0";"A1100";"P1D_L";"ZZ";"1.712"
"1998-01-26";"J02M0";"A1100";"P1D_L";"ZZ";"1.678"
"1998-01-27";"J02M0";"A1100";"P1D_L";"ZZ";"1.658"
"1998-01-28";"J02M0";"A1100";"P1D_L";"ZZ";"1.622"
"1998-01-29";"J02M0";"A1100";"P1D_L";"ZZ";"1.613"
"1998-01-30";"J02M0";"A1100";"P1D_L";"ZZ";"1.583"
"1998-02-02";"J02M0";"A1100";"P1D_L";"ZZ";"1.621"
"1998-02-03";"J02M0";"A1100";"P1D_L";"ZZ";"1.642"
"1998-02-04";"J02M0";"A1100";"P1D_L";"ZZ";"1.569"
"1998-02-05";"J02M0";"A1100";"P1D_L";"ZZ";"1.539"
"1998-02-06";"J02M0";"A1100";"P1D_L";"ZZ";"1.531"
"1998-02-09";"J02M0";"A1100";"P1D_L";"ZZ";
"1998-02-10";"J02M0";"A1100";"P1D_L";"ZZ";"1.523"
"1998-02-11";"J02M0";"A1100";"P1D_L";"ZZ";"1.519"
"1998-02-12";"J02M0";"A1100";"P1D_L";"ZZ";"1.487"
"1998-02-13";"J02M0";"A1100";"P1D_L";"ZZ";"1.379"
"1998-02-16";"J02M0";"A1100";"P1D_L";"ZZ";"1.333"
"1998-02-17";"J02M0";"A1100";"P1D_L";"ZZ";"1.255"
"1998-02-18";"J02M0";"A1100";"P1D_L";"ZZ";"1.309"
"1998-02-19";"J02M0";"A1100";"P1D_L";"ZZ";"1.307"
"1998-02-20";"J02M0";"A1100";"P1D_L";"ZZ";"1.328"
"1998-02-23";"J02M0";"A1100";"P1D_L";"ZZ";"1.322"
"1998-02-24";"J02M0";"A1100";"P1D_L";"ZZ";"1.33"
"1998-02-25";"J02M0";"A1100";"P1D_L";"ZZ";"1.347"
"1998-02-26";"J02M0";"A1100";"P1D_L";"ZZ";"1.363"
"1998-02-27";"J02M0";"A1100";"P1D_L";"ZZ";"1.369"
"1998-03-02";"J02M0";"A1100";"P1D_L";"ZZ";"1.36"
"1998-03-03";"J02M0";"A1100";"P1D_L";"ZZ";"1.375"
"1998-03-04";"J02M0";"A1100";"P1D_L";"ZZ";"1.485"
"1998-03-05";"J02M0";"A1100";"P1D_L";"ZZ";"1.524"
"1998-03-06";"J02M0";"A1100";"P1D_L";"ZZ";"1.471"
"1998-03-09";"J02M0";"A1100";"P1D_L";"ZZ";"1.518"
"1998-03-10";"J02M0";"A1100";"P1D_L";"ZZ";"1.597"
"1998-03-11";"J02M0";"A1100";"P1D_L";"ZZ";"1.551"
"1998-03-12";"J02M0";"A1100";"P1D_L";"ZZ";"1.518"
"1998-03-13";"J02M0";"A1100";"P1D_L";"ZZ";
"1998-03-16";"J02M0";"A1100";"P1D_L";"ZZ";"1.446"
"1998-03-17";"J02M0";"A1100";"P1D_L";"ZZ";"1.5"
"1998-03-18";"J02M0";"A1100";"P1D_L";"ZZ";"1.53"
"1998-03-19";"J02M0";"A1100";"P1D_L";"ZZ";"1.621"
"1998-03-20";"J02M0";"A1100";"P1D_L";"ZZ";"1.686"
"1998-03-23";"J02M0";"A1100";"P1D_L";"ZZ";"1.683"
"1998-03-24";"J02M0";"A1100";"P1D_L";"ZZ";"1.66"
"1998-03-25";"J02M0";"A1100";"P1D_L";"ZZ";"1.631"
"1998-03-26";"J02M0";"A1100";"P1D_L";"ZZ";"1.674"
"1998-03-27";"J02M0";"A1100";"P1D_L";"ZZ";"1.702"
"1998-03-30";"J02M0";"A1100";"P1D_L";"ZZ";"1.736"
"1998-03-31";"J02M0";"A1100";"P1D_L";"ZZ";"1.758"
"1998-04-01";"J02M0";"A1100";"P1D_L";"ZZ";"1.784"
"1998-04-02";"J02M0";"A1100";"P1D_L";"ZZ";"1.854"
"1998-04-03";"J02M0";"A1100";"P1D_L";"ZZ";"1.781"
"1998-04-06";"J02M0";"A1100";"P1D_L";"ZZ";"1.762"
"1998-04-07";"J02M0";"A1100";"P1D_L";"ZZ";"1.828"
"1998-04-08";"J02M0";"A1100";"P1D_L";"ZZ";"1.925"
"1998-04-09";"J02M0";"A1100";"P1D_L";"ZZ";"1.936"
"1998-04-10";"J02M0";"A1100";"P1D_L";"ZZ";
"1998-04-13";"J02M0";"A1100";"P1D_L";"ZZ";
"1998-04-14";"J02M0";"A1100";"P1D_L";"ZZ";"1.87"
"1998-04-15";"J02M0";"A1100";"P1D_L";"ZZ";"1.951"
"1998-04-16";"J02M0";"A1100";"P1D_L";"ZZ";"2.036"
"1998-04-17";"J02M0";"A1100";"P1D_L";"ZZ";"2.029"
"1998-04-20";"J02M0";"A1100";"P1D_L";"ZZ";"2.021"
"1998-04-21";"J02M0";"A1100";"P1D_L";"ZZ";"1.995"
"1998-04-22";"J02M0";"A1100";"P1D_L";"ZZ";"1.947"
"1998-04-23";"J02M0";"A1100";"P1D_L";"ZZ";
"1998-04-24";"J02M0";"A1100";"P1D_L";"ZZ";
"1998-04-27";"J02M0";"A1100";"P1D_L";"ZZ";"1.974"
"1998-04-28";"J02M0";"A1100";"P1D_L";"ZZ";"2.003"
"1998-04-29";"J02M0";"A1100";"P1D_L";"ZZ";"2.075"
"1998-04-30";"J02M0";"A1100";"P1D_L";"ZZ";"1.981"
"1998-05-01";"J02M0";"A1100";"P1D_L";"ZZ";
"1998-05-04";"J02M0";"A1100";"P1D_L";"ZZ";"1.979"
"1998-05-05";"J02M0";"A1100";"P1D_L";"ZZ";"1.935"
"1998-05-06";"J02M0";"A1100";"P1D_L";"ZZ";"1.957"
"1998-05-07";"J02M0";"A1100";"P1D_L";"ZZ";"1.892"
"1998-05-08";"J02M0";"A1100";"P1D_L";"ZZ";"1.889"
"1998-05-11";"J02M0";"A1100";"P1D_L";"ZZ";"1.928"
"1998-05-12";"J02M0";"A1100";"P1D_L";"ZZ";"2.008"
"1998-05-13";"J02M0";"A1100";"P1D_L";"ZZ";"1.978"
"1998-05-14";"J02M0";"A1100";"P1D_L";"ZZ";"1.964"
"1998-05-15";"J02M0";"A1100";"P1D_L";"ZZ";"1.942"
"1998-05-18";"J02M0";"A1100";"P1D_L";"ZZ";
"1998-05-19";"J02M0";"A1100";"P1D_L";"ZZ";"1.969"
"1998-05-20";"J02M0";"A1100";"P1D_L";"ZZ";"1.957"
"1998-05-21";"J02M0";"A1100";"P1D_L";"ZZ";
"1998-05-22";"J02M0";"A1100";"P1D_L";"ZZ";"2.002"
"1998-05-25";"J02M0";"A1100";"P1D_L";"ZZ";"2.003"
"1998-05-26";"J02M0";"A1100";"P1D_L";"ZZ";"1.989"
"1998-05-27";"J02M0";"A1100";"P1D_L";"ZZ";
"1998-05-28";"J02M0";"A1100";"P1D_L";"ZZ";"1.946"
"1998-05-29";"J02M0";"A1100";"P1D_L";"ZZ";"1.921"
"1998-06-01";"J02M0";"A1100";"P1D_L";"ZZ";
"1998-06-02";"J02M0";"A1100";"P1D_L";"ZZ";
"1998-06-03";"J02M0";"A1100";"P1D_L";"ZZ";"1.949"
"1998-06-04";"J02M0";"A1100";"P1D_L";"ZZ";"2.029"
"1998-06-05";"J02M0";"A1100";"P1D_L";"ZZ";"2.065"
"1998-06-08";"J02M0";"A1100";"P1D_L";"ZZ";"2.07"
"1998-06-09";"J02M0";"A1100";"P1D_L";"ZZ";"2.09"
"1998-06-10";"J02M0";"A1100";"P1D_L";"ZZ";"2.043"
"1998-06-11";"J02M0";"A1100";"P1D_L";"ZZ";"2.052"
"1998-06-12";"J02M0";"A1100";"P1D_L";"ZZ";"2.09"
"1998-06-15";"J02M0";"A1100";"P1D_L";"ZZ";"2.093"
"1998-06-16";"J02M0";"A1100";"P1D_L";"ZZ";"2.04"
"1998-06-17";"J02M0";"A1100";"P1D_L";"ZZ";"2.046"
"1998-06-18";"J02M0";"A1100";"P1D_L";"ZZ";"2.075"
"1998-06-19";"J02M0";"A1100";"P1D_L";"ZZ";"2.086"
"1998-06-22";"J02M0";"A1100";"P1D_L";"ZZ";"2.155"
"1998-06-23";"J02M0";"A1100";"P1D_L";"ZZ";
"1998-06-24";"J02M0";"A1100";"P1D_L";"ZZ";"2.058"
"1998-06-25";"J02M0";"A1100";"P1D_L";"ZZ";"2.214"
"1998-06-26";"J02M0";"A1100";"P1D_L";"ZZ";"2.228"
"1998-06-29";"J02M0";"A1100";"P1D_L";"ZZ";"2.343"
"1998-06-30";"J02M0";"A1100";"P1D_L";"ZZ";"2.216"
"1998-07-01";"J02M0";"A1100";"P1D_L";"ZZ";"2.2"
"1998-07-02";"J02M0";"A1100";"P1D_L";"ZZ";"2.148"
"1998-07-03";"J02M0";"A1100";"P1D_L";"ZZ";"2.199"
"1998-07-06";"J02M0";"A1100";"P1D_L";"ZZ";"2.199"
"1998-07-07";"J02M0";"A1100";"P1D_L";"ZZ";"2.209"
"1998-07-08";"J02M0";"A1100";"P1D_L";"ZZ";"2.234"
"1998-07-09";"J02M0";"A1100";"P1D_L";"ZZ";"2.207"
"1998-07-10";"J02M0";"A1100";"P1D_L";"ZZ";"2.233"
"1998-07-13";"J02M0";"A1100";"P1D_L";"ZZ";"2.28"
"1998-07-14";"J02M0";"A1100";"P1D_L";"ZZ";"2.324"
"1998-07-15";"J02M0";"A1100";"P1D_L";"ZZ";"2.326"
"1998-07-16";"J02M0";"A1100";"P1D_L";"ZZ";"2.29"
"1998-07-17";"J02M0";"A1100";"P1D_L";"ZZ";"2.317"
"1998-07-20";"J02M0";"A1100";"P1D_L";"ZZ";"2.302"
"1998-07-21";"J02M0";"A1100";"P1D_L";"ZZ";"2.289"
"1998-07-22";"J02M0";"A1100";"P1D_L";"ZZ";"2.393"
"1998-07-23";"J02M0";"A1100";"P1D_L";"ZZ";"2.354"
"1998-07-24";"J02M0";"A1100";"P1D_L";"ZZ";"2.21"
"1998-07-27";"J02M0";"A1100";"P1D_L";"ZZ";"2.193"
"1998-07-28";"J02M0";"A1100";"P1D_L";"ZZ";"2.163"
"1998-07-29";"J02M0";"A1100";"P1D_L";"ZZ";"2.106"
"1998-07-30";"J02M0";"A1100";"P1D_L";"ZZ";"2.147"
"1998-07-31";"J02M0";"A1100";"P1D_L";"ZZ";"2.067"
"1998-08-03";"J02M0";"A1100";"P1D_L";"ZZ";"2.075"
"1998-08-04";"J02M0";"A1100";"P1D_L";"ZZ";"2.214"
"1998-08-05";"J02M0";"A1100";"P1D_L";"ZZ";"2.212"
"1998-08-06";"J02M0";"A1100";"P1D_L";"ZZ";"2.211"
"1998-08-07";"J02M0";"A1100";"P1D_L";"ZZ";"2.088"
"1998-08-10";"J02M0";"A1100";"P1D_L";"ZZ";"2.01"
"1998-08-11";"J02M0";"A1100";"P1D_L";"ZZ";"2.15"
"1998-08-12";"J02M0";"A1100";"P1D_L";"ZZ";"2.117"
"1998-08-13";"J02M0";"A1100";"P1D_L";"ZZ";"2.076"
"1998-08-14";"J02M0";"A1100";"P1D_L";"ZZ";"2.023"
"1998-08-17";"J02M0";"A1100";"P1D_L";"ZZ";"2.004"
"1998-08-18";"J02M0";"A1100";"P1D_L";"ZZ";"2.071"
"1998-08-19";"J02M0";"A1100";"P1D_L";"ZZ";"2.058"
"1998-08-20";"J02M0";"A1100";"P1D_L";"ZZ";"2.059"
"1998-08-21";"J02M0";"A1100";"P1D_L";"ZZ";"1.971"
"1998-08-24";"J02M0";"A1100";"P1D_L";"ZZ";"1.941"
"1998-08-25";"J02M0";"A1100";"P1D_L";"ZZ";"1.969"
"1998-08-26";"J02M0";"A1100";"P1D_L";"ZZ";"1.958"
"1998-08-27";"J02M0";"A1100";"P1D_L";"ZZ";"1.95"
"1998-08-28";"J02M0";"A1100";"P1D_L";"ZZ";"1.826"
"1998-08-31";"J02M0";"A1100";"P1D_L";"ZZ";"1.756"
"1998-09-01";"J02M0";"A1100";"P1D_L";"ZZ";"1.773"
"1998-09-02";"J02M0";"A1100";"P1D_L";"ZZ";"1.885"
"1998-09-03";"J02M0";"A1100";"P1D_L";"ZZ";"1.894"
"1998-09-04";"J02M0";"A1100";"P1D_L";"ZZ";"1.869"
"1998-09-07";"J02M0";"A1100";"P1D_L";"ZZ";"1.881"
"1998-09-08";"J02M0";"A1100";"P1D_L";"ZZ";"1.791"
"1998-09-09";"J02M0";"A1100";"P1D_L";"ZZ";"1.801"
"1998-09-10";"J02M0";"A1100";"P1D_L";"ZZ";"1.796"
"1998-09-11";"J02M0";"A1100";"P1D_L";"ZZ";"1.748"
"1998-09-14";"J02M0";"A1100";"P1D_L";"ZZ";
"1998-09-15";"J02M0";"A1100";"P1D_L";"ZZ";"1.791"
"1998-09-16";"J02M0";"A1100";"P1D_L";"ZZ";"1.813"
"1998-09-17";"J02M0";"A1100";"P1D_L";"ZZ";"1.786"
"1998-09-18";"J02M0";"A1100";"P1D_L";"ZZ";"1.738"
"1998-09-21";"J02M0";"A1100";"P1D_L";"ZZ";"1.737"
"1998-09-22";"J02M0";"A1100";"P1D_L";"ZZ";"1.724"
"1998-09-23";"J02M0";"A1100";"P1D_L";"ZZ";"1.787"
"1998-09-24";"J02M0";"A1100";"P1D_L";"ZZ";"1.801"
"1998-09-25";"J02M0";"A1100";"P1D_L";"ZZ";"1.782"
"1998-09-28";"J02M0";"A1100";"P1D_L";"ZZ";"1.785"
"1998-09-29";"J02M0";"A1100";"P1D_L";"ZZ";"1.741"
"1998-09-30";"J02M0";"A1100";"P1D_L";"ZZ";"1.74"
"1998-10-01";"J02M0";"A1100";"P1D_L";"ZZ";"1.808"
"1998-10-02";"J02M0";"A1100";"P1D_L";"ZZ";"1.733"
"1998-10-05";"J02M0";"A1100";"P1D_L";"ZZ";"1.577"
"1998-10-06";"J02M0";"A1100";"P1D_L";"ZZ";"1.542"
"1998-10-07";"J02M0";"A1100";"P1D_L";"ZZ";"1.663"
"1998-10-08";"J02M0";"A1100";"P1D_L";"ZZ";"1.546"
"1998-10-09";"J02M0";"A1100";"P1D_L";"ZZ";
"1998-10-12";"J02M0";"A1100";"P1D_L";"ZZ";"1.414"
"1998-10-13";"J02M0";"A1100";"P1D_L";"ZZ";"1.483"
"1998-10-14";"J02M0";"A1100";"P1D_L";"ZZ";"1.502"
"1998-10-15";"J02M0";"A1100";"P1D_L";"ZZ";"1.527"
"1998-10-16";"J02M0";"A1100";"P1D_L";"ZZ";"1.481"
"1998-10-19";"J02M0";"A1100";"P1D_L";"ZZ";"1.473"
"1998-10-20";"J02M0";"A1100";"P1D_L";"ZZ";"1.479"
"1998-10-21";"J02M0";"A1100";"P1D_L";"ZZ";"1.543"
"1998-10-22";"J02M0";"A1100";"P1D_L";"ZZ";"1.554"
"1998-10-23";"J02M0";"A1100";"P1D_L";"ZZ";"1.53"
"1998-10-26";"J02M0";"A1100";"P1D_L";"ZZ";"1.496"
"1998-10-27";"J02M0";"A1100";"P1D_L";"ZZ";"1.361"
"1998-10-28";"J02M0";"A1100";"P1D_L";"ZZ";"1.411"
"1998-10-29";"J02M0";"A1100";"P1D_L";"ZZ";"1.454"
"1998-10-30";"J02M0";"A1100";"P1D_L";"ZZ";"1.484"
"1998-11-02";"J02M0";"A1100";"P1D_L";"ZZ";"1.515"
"1998-11-03";"J02M0";"A1100";"P1D_L";"ZZ";"1.532"
"1998-11-04";"J02M0";"A1100";"P1D_L";"ZZ";"1.608"
"1998-11-05";"J02M0";"A1100";"P1D_L";"ZZ";"1.667"
"1998-11-06";"J02M0";"A1100";"P1D_L";"ZZ";"1.678"
"1998-11-09";"J02M0";"A1100";"P1D_L";"ZZ";"1.712"
"1998-11-10";"J02M0";"A1100";"P1D_L";"ZZ";"1.761"
"1998-11-11";"J02M0";"A1100";"P1D_L";"ZZ";"1.741"
"1998-11-12";"J02M0";"A1100";"P1D_L";"ZZ";"1.755"
"1998-11-13";"J02M0";"A1100";"P1D_L";"ZZ";"1.735"
"1998-11-16";"J02M0";"A1100";"P1D_L";"ZZ";"1.741"
"1998-11-17";"J02M0";"A1100";"P1D_L";"ZZ";"1.743"
"1998-11-18";"J02M0";"A1100";"P1D_L";"ZZ";"1.707"
"1998-11-19";"J02M0";"A1100";"P1D_L";"ZZ";"1.719"
"1998-11-20";"J02M0";"A1100";"P1D_L";"ZZ";"1.749"
"1998-11-23";"J02M0";"A1100";"P1D_L";"ZZ";"1.799"
"1998-11-24";"J02M0";"A1100";"P1D_L";"ZZ";"1.822"
"1998-11-25";"J02M0";"A1100";"P1D_L";"ZZ";"1.825"
"1998-11-26";"J02M0";"A1100";"P1D_L";"ZZ";"1.719"
"1998-11-27";"J02M0";"A1100";"P1D_L";"ZZ";"1.871"
"1998-11-30";"J02M0";"A1100";"P1D_L";"ZZ";"1.747"
"1998-12-01";"J02M0";"A1100";"P1D_L";"ZZ";"1.789"
"1998-12-02";"J02M0";"A1100";"P1D_L";"ZZ";"1.808"
"1998-12-03";"J02M0";"A1100";"P1D_L";"ZZ";"1.848"
"1998-12-04";"J02M0";"A1100";"P1D_L";"ZZ";"1.765"
"1998-12-07";"J02M0";"A1100";"P1D_L";"ZZ";"1.779"
"1998-12-08";"J02M0";"A1100";"P1D_L";"ZZ";"1.81"
"1998-12-09";"J02M0";"A1100";"P1D_L";"ZZ";"1.822"
"1998-12-10";"J02M0";"A1100";"P1D_L";"ZZ";"1.78"
"1998-12-11";"J02M0";"A1100";"P1D_L";"ZZ";"1.682"
"1998-12-14";"J02M0";"A1100";"P1D_L";"ZZ";"1.62"
"1998-12-15";"J02M0";"A1100";"P1D_L";"ZZ";"1.682"
"1998-12-16";"J02M0";"A1100";"P1D_L";"ZZ";"1.656"
"1998-12-17";"J02M0";"A1100";"P1D_L";"ZZ";
"1998-12-18";"J02M0";"A1100";"P1D_L";"ZZ";"1.741"
"1998-12-21";"J02M0";"A1100";"P1D_L";"ZZ";"1.815"
"1998-12-22";"J02M0";"A1100";"P1D_L";"ZZ";"1.783"
"1998-12-23";"J02M0";"A1100";"P1D_L";"ZZ";"1.825"
"1998-12-24";"J02M0";"A1100";"P1D_L";"ZZ";
"1998-12-25";"J02M0";"A1100";"P1D_L";"ZZ";
"1998-12-28";"J02M0";"A1100";"P1D_L";"ZZ";"1.522"
"1998-12-29";"J02M0";"A1100";"P1D_L";"ZZ";"1.465"
"1998-12-30";"J02M0";"A1100";"P1D_L";"ZZ";"1.728"
"1998-12-31";"J02M0";"A1100";"P1D_L";"ZZ";
"1999-01-01";"J02M0";"A1100";"P1D_L";"ZZ";
"1999-01-04";"J02M0";"A1100";"P1D_L";"ZZ";"1.812"
"1999-01-05";"J02M0";"A1100";"P1D_L";"ZZ";"1.786"
"1999-01-06";"J02M0";"A1100";"P1D_L";"ZZ";"1.774"
"1999-01-07";"J02M0";"A1100";"P1D_L";"ZZ";"1.79"
"1999-01-08";"J02M0";"A1100";"P1D_L";"ZZ";"1.741"
"1999-01-11";"J02M0";"A1100";"P1D_L";"ZZ";"1.67"
"1999-01-12";"J02M0";"A1100";"P1D_L";"ZZ";"1.6"
"1999-01-13";"J02M0";"A1100";"P1D_L";"ZZ";"1.571"
"1999-01-14";"J02M0";"A1100";"P1D_L";"ZZ";"1.592"
"1999-01-15";"J02M0";"A1100";"P1D_L";"ZZ";
"1999-01-18";"J02M0";"A1100";"P1D_L";"ZZ";
"1999-01-19";"J02M0";"A1100";"P1D_L";"ZZ";"1.569"
"1999-01-20";"J02M0";"A1100";"P1D_L";"ZZ";"1.567"
"1999-01-21";"J02M0";"A1100";"P1D_L";"ZZ";"1.578"
"1999-01-22";"J02M0";"A1100";"P1D_L";"ZZ";"1.632"
"1999-01-25";"J02M0";"A1100";"P1D_L";"ZZ";"1.601"
"1999-01-26";"J02M0";"A1100";"P1D_L";"ZZ";"1.562"
"1999-01-27";"J02M0";"A1100";"P1D_L";"ZZ";"1.568"
"1999-01-28";"J02M0";"A1100";"P1D_L";"ZZ";
"1999-01-29";"J02M0";"A1100";"P1D_L";"ZZ";
"1999-02-01";"J02M0";"A1100";"P1D_L";"ZZ";
"1999-02-02";"J02M0";"A1100";"P1D_L";"ZZ";"1.552"
"1999-02-03";"J02M0";"A1100";"P1D_L";"ZZ";"1.548"
"1999-02-04";"J02M0";"A1100";"P1D_L";"ZZ";"1.57"
"1999-02-05";"J02M0";"A1100";"P1D_L";"ZZ";"1.582"
"1999-02-08";"J02M0";"A1100";"P1D_L";"ZZ";"1.578"
"1999-02-09";"J02M0";"A1100";"P1D_L";"ZZ";"1.543"
"1999-02-10";"J02M0";"A1100";"P1D_L";"ZZ";"1.557"
"1999-02-11";"J02M0";"A1100";"P1D_L";"ZZ";"1.547"
"1999-02-12";"J02M0";"A1100";"P1D_L";"ZZ";"1.563"
"1999-02-15";"J02M0";"A1100";"P1D_L";"ZZ";"1.548"
"1999-02-16";"J02M0";"A1100";"P1D_L";"ZZ";"1.53"
"1999-02-17";"J02M0";"A1100";"P1D_L";"ZZ";"1.533"
"1999-02-18";"J02M0";"A1100";"P1D_L";"ZZ";"1.532"
"1999-02-19";"J02M0";"A1100";"P1D_L";"ZZ";"1.517"
"1999-02-22";"J02M0";"A1100";"P1D_L";"ZZ";"1.529"
"1999-02-23";"J02M0";"A1100";"P1D_L";"ZZ";"1.547"
"1999-02-24";"J02M0";"A1100";"P1D_L";"ZZ";"1.504"
"1999-02-25";"J02M0";"A1100";"P1D_L";"ZZ";"1.438"
"1999-02-26";"J02M0";"A1100";"P1D_L";"ZZ";"1.491"
"1999-03-01";"J02M0";"A1100";"P1D_L";"ZZ";"1.491"
"1999-03-02";"J02M0";"A1100";"P1D_L";"ZZ";"1.53"
"1999-03-03";"J02M0";"A1100";"P1D_L";"ZZ";"1.615"
"1999-03-04";"J02M0";"A1100";"P1D_L";"ZZ";"1.643"
"1999-03-05";"J02M0";"A1100";"P1D_L";"ZZ";"1.626"
"1999-03-08";"J02M0";"A1100";"P1D_L";"ZZ";"1.622"
"1999-03-09";"J02M0";"A1100";"P1D_L";"ZZ";"1.479"
"1999-03-10";"J02M0";"A1100";"P1D_L";"ZZ";"1.653"
"1999-03-11";"J02M0";"A1100";"P1D_L";"ZZ";"1.644"
"1999-03-12";"J02M0";"A1100";"P1D_L";"ZZ";"1.617"
"1999-03-15";"J02M0";"A1100";"P1D_L";"ZZ";"1.624"
"1999-03-16";"J02M0";"A1100";"P1D_L";"ZZ";"1.617"
"1999-03-17";"J02M0";"A1100";"P1D_L";"ZZ";"1.618"
"1999-03-18";"J02M0";"A1100";"P1D_L";"ZZ";"1.612"
"1999-03-19";"J02M0";"A1100";"P1D_L";"ZZ";"1.571"
"1999-03-22";"J02M0";"A1100";"P1D_L";"ZZ";"1.572"
"1999-03-23";"J02M0";"A1100";"P1D_L";"ZZ";"1.57"
"1999-03-24";"J02M0";"A1100";"P1D_L";"ZZ";"1.564"
"1999-03-25";"J02M0";"A1100";"P1D_L";"ZZ";"1.591"
"1999-03-26";"J02M0";"A1100";"P1D_L";"ZZ";"1.531"
"1999-03-29";"J02M0";"A1100";"P1D_L";"ZZ";"1.578"
"1999-03-30";"J02M0";"A1100";"P1D_L";"ZZ";"1.517"
"1999-03-31";"J02M0";"A1100";"P1D_L";"ZZ";"1.554"
"1999-04-01";"J02M0";"A1100";"P1D_L";"ZZ";"1.528"
"1999-04-02";"J02M0";"A1100";"P1D_L";"ZZ";
"1999-04-05";"J02M0";"A1100";"P1D_L";"ZZ";
"1999-04-06";"J02M0";"A1100";"P1D_L";"ZZ";"1.522"
"1999-04-07";"J02M0";"A1100";"P1D_L";"ZZ";"1.51"
"1999-04-08";"J02M0";"A1100";"P1D_L";"ZZ";"1.484"
"1999-04-09";"J02M0";"A1100";"P1D_L";"ZZ";"1.399"
"1999-04-12";"J02M0";"A1100";"P1D_L";"ZZ";"1.381"
"1999-04-13";"J02M0";"A1100";"P1D_L";"ZZ";"1.376"
"1999-04-14";"J02M0";"A1100";"P1D_L";"ZZ";"1.392"
"1999-04-15";"J02M0";"A1100";"P1D_L";"ZZ";"1.401"
"1999-04-16";"J02M0";"A1100";"P1D_L";"ZZ";"1.437"
"1999-04-19";"J02M0";"A1100";"P1D_L";"ZZ";"1.416"
"1999-04-20";"J02M0";"A1100";"P1D_L";"ZZ";"1.415"
"1999-04-21";"J02M0";"A1100";"P1D_L";"ZZ";"1.38"
"1999-04-22";"J02M0";"A1100";"P1D_L";"ZZ";"1.372"
"1999-04-23";"J02M0";"A1100";"P1D_L";"ZZ";"1.361"
"1999-04-26";"J02M0";"A1100";"P1D_L";"ZZ";"1.356"
"1999-04-27";"J02M0";"A1100";"P1D_L";"ZZ";"1.375"
"1999-04-28";"J02M0";"A1100";"P1D_L";"ZZ";"1.381"
"1999-04-29";"J02M0";"A1100";"P1D_L";"ZZ";"1.355"
"1999-04-30";"J02M0";"A1100";"P1D_L";"ZZ";"1.376"
"1999-05-03";"J02M0";"A1100";"P1D_L";"ZZ";"1.364"
"1999-05-04";"J02M0";"A1100";"P1D_L";"ZZ";"1.37"
"1999-05-05";"J02M0";"A1100";"P1D_L";"ZZ";"1.395"
"1999-05-06";"J02M0";"A1100";"P1D_L";"ZZ";"1.368"
"1999-05-07";"J02M0";"A1100";"P1D_L";"ZZ";"1.368"
"1999-05-10";"J02M0";"A1100";"P1D_L";"ZZ";"1.385"
"1999-05-11";"J02M0";"A1100";"P1D_L";"ZZ";"1.418"
"1999-05-12";"J02M0";"A1100";"P1D_L";"ZZ";"1.323"
"1999-05-13";"J02M0";"A1100";"P1D_L";"ZZ";
"1999-05-14";"J02M0";"A1100";"P1D_L";"ZZ";"1.342"
"1999-05-17";"J02M0";"A1100";"P1D_L";"ZZ";"1.416"
"1999-05-18";"J02M0";"A1100";"P1D_L";"ZZ";"1.458"
"1999-05-19";"J02M0";"A1100";"P1D_L";"ZZ";"1.46"
"1999-05-20";"J02M0";"A1100";"P1D_L";"ZZ";"1.468"
"1999-05-21";"J02M0";"A1100";"P1D_L";"ZZ";"1.474"
"1999-05-24";"J02M0";"A1100";"P1D_L";"ZZ";
"1999-05-25";"J02M0";"A1100";"P1D_L";"ZZ";"1.449"
"1999-05-26";"J02M0";"A1100";"P1D_L";"ZZ";"1.417"
"1999-05-27";"J02M0";"A1100";"P1D_L";"ZZ";"1.408"
"1999-05-28";"J02M0";"A1100";"P1D_L";"ZZ";"1.409"
"1999-05-31";"J02M0";"A1100";"P1D_L";"ZZ";"1.41"
"1999-06-01";"J02M0";"A1100";"P1D_L";"ZZ";"1.509"
"1999-06-02";"J02M0";"A1100";"P1D_L";"ZZ";"1.586"
"1999-06-03";"J02M0";"A1100";"P1D_L";"ZZ";"1.611"
"1999-06-04";"J02M0";"A1100";"P1D_L";"ZZ";"1.64"
"1999-06-07";"J02M0";"A1100";"P1D_L";"ZZ";"1.63"
"1999-06-08";"J02M0";"A1100";"P1D_L";"ZZ";"1.608"
"1999-06-09";"J02M0";"A1100";"P1D_L";"ZZ";"1.611"
"1999-06-10";"J02M0";"A1100";"P1D_L";"ZZ";"1.678"
"1999-06-11";"J02M0";"A1100";"P1D_L";"ZZ";"1.732"
"1999-06-14";"J02M0";"A1100";"P1D_L";"ZZ";"1.73"
"1999-06-15";"J02M0";"A1100";"P1D_L";"ZZ";"1.77"
"1999-06-16";"J02M0";"A1100";"P1D_L";"ZZ";"1.756"
"1999-06-17";"J02M0";"A1100";"P1D_L";"ZZ";"1.74"
"1999-06-18";"J02M0";"A1100";"P1D_L";"ZZ";"1.7"
"1999-06-21";"J02M0";"A1100";"P1D_L";"ZZ";"1.719"
"1999-06-22";"J02M0";"A1100";"P1D_L";"ZZ";"1.724"
"1999-06-23";"J02M0";"A1100";"P1D_L";"ZZ";"1.751"
"1999-06-24";"J02M0";"A1100";"P1D_L";"ZZ";"1.809"
"1999-06-25";"J02M0";"A1100";"P1D_L";"ZZ";"1.833"
"1999-06-28";"J02M0";"A1100";"P1D_L";"ZZ";"1.848"
"1999-06-29";"J02M0";"A1100";"P1D_L";"ZZ";"2.058"
"1999-06-30";"J02M0";"A1100";"P1D_L";"ZZ";"1.929"
"1999-07-01";"J02M0";"A1100";"P1D_L";"ZZ";"1.986"
"1999-07-02";"J02M0";"A1100";"P1D_L";"ZZ";"2.066"
"1999-07-05";"J02M0";"A1100";"P1D_L";"ZZ";"2.102"
"1999-07-06";"J02M0";"A1100";"P1D_L";"ZZ";"2.088"
"1999-07-07";"J02M0";"A1100";"P1D_L";"ZZ";"2.101"
"1999-07-08";"J02M0";"A1100";"P1D_L";"ZZ";"2.107"
"1999-07-09";"J02M0";"A1100";"P1D_L";"ZZ";"2.103"
"1999-07-12";"J02M0";"A1100";"P1D_L";"ZZ";"2.132"
"1999-07-13";"J02M0";"A1100";"P1D_L";"ZZ";"2.106"
"1999-07-14";"J02M0";"A1100";"P1D_L";"ZZ";"2.124"
"1999-07-15";"J02M0";"A1100";"P1D_L";"ZZ";"2.128"
"1999-07-16";"J02M0";"A1100";"P1D_L";"ZZ";"2.169"
"1999-07-19";"J02M0";"A1100";"P1D_L";"ZZ";"2.152"
"1999-07-20";"J02M0";"A1100";"P1D_L";"ZZ";"2.149"
"1999-07-21";"J02M0";"A1100";"P1D_L";"ZZ";"2.168"
"1999-07-22";"J02M0";"A1100";"P1D_L";"ZZ";"2.093"
"1999-07-23";"J02M0";"A1100";"P1D_L";"ZZ";"2.118"
"1999-07-26";"J02M0";"A1100";"P1D_L";"ZZ";"2.121"
"1999-07-27";"J02M0";"A1100";"P1D_L";"ZZ";"2.118"
"1999-07-28";"J02M0";"A1100";"P1D_L";"ZZ";"2.091"
"1999-07-29";"J02M0";"A1100";"P1D_L";"ZZ";"1.993"
"1999-07-30";"J02M0";"A1100";"P1D_L";"ZZ";"2.092"
"1999-08-02";"J02M0";"A1100";"P1D_L";"ZZ";"2.08"
"1999-08-03";"J02M0";"A1100";"P1D_L";"ZZ";"2.085"
"1999-08-04";"J02M0";"A1100";"P1D_L";"ZZ";"2.114"
"1999-08-05";"J02M0";"A1100";"P1D_L";"ZZ";"2.166"
"1999-08-06";"J02M0";"A1100";"P1D_L";"ZZ";"2.2"
"1999-08-09";"J02M0";"A1100";"P1D_L";"ZZ";"2.214"
"1999-08-10";"J02M0";"A1100";"P1D_L";"ZZ";"2.236"
"1999-08-11";"J02M0";"A1100";"P1D_L";"ZZ";"2.229"
"1999-08-12";"J02M0";"A1100";"P1D_L";"ZZ";"2.232"
"1999-08-13";"J02M0";"A1100";"P1D_L";"ZZ";"2.253"
"1999-08-16";"J02M0";"A1100";"P1D_L";"ZZ";"2.238"
"1999-08-17";"J02M0";"A1100";"P1D_L";"ZZ";"2.216"
"1999-08-18";"J02M0";"A1100";"P1D_L";"ZZ";"2.212"
"1999-08-19";"J02M0";"A1100";"P1D_L";"ZZ";"2.134"
"1999-08-20";"J02M0";"A1100";"P1D_L";"ZZ";"2.131"
"1999-08-23";"J02M0";"A1100";"P1D_L";"ZZ";"2.126"
"1999-08-24";"J02M0";"A1100";"P1D_L";"ZZ";"2.172"
"1999-08-25";"J02M0";"A1100";"P1D_L";"ZZ";"2.168"
"1999-08-26";"J02M0";"A1100";"P1D_L";"ZZ";"2.184"
"1999-08-27";"J02M0";"A1100";"P1D_L";"ZZ";"2.195"
"1999-08-30";"J02M0";"A1100";"P1D_L";"ZZ";"2.128"
"1999-08-31";"J02M0";"A1100";"P1D_L";"ZZ";"2.204"
"1999-09-01";"J02M0";"A1100";"P1D_L";"ZZ";"2.211"
"1999-09-02";"J02M0";"A1100";"P1D_L";"ZZ";"2.196"
"1999-09-03";"J02M0";"A1100";"P1D_L";"ZZ";"2.209"
"1999-09-06";"J02M0";"A1100";"P1D_L";"ZZ";"2.232"
"1999-09-07";"J02M0";"A1100";"P1D_L";"ZZ";"2.231"
"1999-09-08";"J02M0";"A1100";"P1D_L";"ZZ";"2.197"
"1999-09-09";"J02M0";"A1100";"P1D_L";"ZZ";"2.222"
"1999-09-10";"J02M0";"A1100";"P1D_L";"ZZ";"2.242"
"1999-09-13";"J02M0";"A1100";"P1D_L";"ZZ";"2.236"
"1999-09-14";"J02M0";"A1100";"P1D_L";"ZZ";"2.247"
"1999-09-15";"J02M0";"A1100";"P1D_L";"ZZ";"2.258"
"1999-09-16";"J02M0";"A1100";"P1D_L";"ZZ";"2.227"
"1999-09-17";"J02M0";"A1100";"P1D_L";"ZZ";"2.233"
"1999-09-20";"J02M0";"A1100";"P1D_L";"ZZ";"2.31"
"1999-09-21";"J02M0";"A1100";"P1D_L";"ZZ";"2.335"
"1999-09-22";"J02M0";"A1100";"P1D_L";"ZZ";"2.357"
"1999-09-23";"J02M0";"A1100";"P1D_L";"ZZ";"2.392"
"1999-09-24";"J02M0";"A1100";"P1D_L";"ZZ";"2.397"
"1999-09-27";"J02M0";"A1100";"P1D_L";"ZZ";
"1999-09-28";"J02M0";"A1100";"P1D_L";"ZZ";"2.484"
"1999-09-29";"J02M0";"A1100";"P1D_L";"ZZ";"2.416"
"1999-09-30";"J02M0";"A1100";"P1D_L";"ZZ";"2.527"
"1999-10-01";"J02M0";"A1100";"P1D_L";"ZZ";"2.738"
"1999-10-04";"J02M0";"A1100";"P1D_L";"ZZ";"2.828"
"1999-10-05";"J02M0";"A1100";"P1D_L";"ZZ";"2.591"
"1999-10-06";"J02M0";"A1100";"P1D_L";"ZZ";"2.804"
"1999-10-07";"J02M0";"A1100";"P1D_L";"ZZ";"2.909"
"1999-10-08";"J02M0";"A1100";"P1D_L";"ZZ";"2.931"
"1999-10-11";"J02M0";"A1100";"P1D_L";"ZZ";"2.936"
"1999-10-12";"J02M0";"A1100";"P1D_L";"ZZ";"2.93"
"1999-10-13";"J02M0";"A1100";"P1D_L";"ZZ";"3.068"
"1999-10-14";"J02M0";"A1100";"P1D_L";"ZZ";"3.074"
"1999-10-15";"J02M0";"A1100";"P1D_L";"ZZ";"3.155"
"1999-10-18";"J02M0";"A1100";"P1D_L";"ZZ";"3.153"
"1999-10-19";"J02M0";"A1100";"P1D_L";"ZZ";"3.068"
"1999-10-20";"J02M0";"A1100";"P1D_L";"ZZ";"3.113"
"1999-10-21";"J02M0";"A1100";"P1D_L";"ZZ";"3.114"
"1999-10-22";"J02M0";"A1100";"P1D_L";"ZZ";"3.085"
"1999-10-25";"J02M0";"A1100";"P1D_L";"ZZ";"3.014"
"1999-10-26";"J02M0";"A1100";"P1D_L";"ZZ";"3.03"
"1999-10-27";"J02M0";"A1100";"P1D_L";"ZZ";"3.05"
"1999-10-28";"J02M0";"A1100";"P1D_L";"ZZ";"3.041"
"1999-10-29";"J02M0";"A1100";"P1D_L";"ZZ";"2.991"
"1999-11-01";"J02M0";"A1100";"P1D_L";"ZZ";"2.963"
"1999-11-02";"J02M0";"A1100";"P1D_L";"ZZ";"3.012"
"1999-11-03";"J02M0";"A1100";"P1D_L";"ZZ";"3.109"
"1999-11-04";"J02M0";"A1100";"P1D_L";"ZZ";"3.112"
"1999-11-05";"J02M0";"A1100";"P1D_L";"ZZ";"3.021"
"1999-11-08";"J02M0";"A1100";"P1D_L";"ZZ";"2.962"
"1999-11-09";"J02M0";"A1100";"P1D_L";"ZZ";"2.876"
"1999-11-10";"J02M0";"A1100";"P1D_L";"ZZ";"2.878"
"1999-11-11";"J02M0";"A1100";"P1D_L";"ZZ";"2.919"
"1999-11-12";"J02M0";"A1100";"P1D_L";"ZZ";"2.887"
"1999-11-15";"J02M0";"A1100";"P1D_L";"ZZ";"2.799"
"1999-11-16";"J02M0";"A1100";"P1D_L";"ZZ";"2.833"
"1999-11-17";"J02M0";"A1100";"P1D_L";"ZZ";"2.823"
"1999-11-18";"J02M0";"A1100";"P1D_L";"ZZ";"2.864"
"1999-11-19";"J02M0";"A1100";"P1D_L";"ZZ";"2.845"
"1999-11-22";"J02M0";"A1100";"P1D_L";"ZZ";"2.824"
"1999-11-23";"J02M0";"A1100";"P1D_L";"ZZ";"2.806"
"1999-11-24";"J02M0";"A1100";"P1D_L";"ZZ";"2.803"
"1999-11-25";"J02M0";"A1100";"P1D_L";"ZZ";"2.735"
"1999-11-26";"J02M0";"A1100";"P1D_L";"ZZ";"2.744"
"1999-11-29";"J02M0";"A1100";"P1D_L";"ZZ";"2.79"
"1999-11-30";"J02M0";"A1100";"P1D_L";"ZZ";"2.834"
"1999-12-01";"J02M0";"A1100";"P1D_L";"ZZ";"2.785"
"1999-12-02";"J02M0";"A1100";"P1D_L";"ZZ";"2.787"
"1999-12-03";"J02M0";"A1100";"P1D_L";"ZZ";"2.823"
"1999-12-06";"J02M0";"A1100";"P1D_L";"ZZ";"2.88"
"1999-12-07";"J02M0";"A1100";"P1D_L";"ZZ";"2.875"
"1999-12-08";"J02M0";"A1100";"P1D_L";"ZZ";"2.848"
"1999-12-09";"J02M0";"A1100";"P1D_L";"ZZ";"2.826"
"1999-12-10";"J02M0";"A1100";"P1D_L";"ZZ";"2.845"
"1999-12-13";"J02M0";"A1100";"P1D_L";"ZZ";"2.689"
"1999-12-14";"J02M0";"A1100";"P1D_L";"ZZ";"2.711"
"1999-12-15";"J02M0";"A1100";"P1D_L";"ZZ";"2.7"
"1999-12-16";"J02M0";"A1100";"P1D_L";"ZZ";"2.651"
"1999-12-17";"J02M0";"A1100";"P1D_L";"ZZ";"2.677"
"1999-12-20";"J02M0";"A1100";"P1D_L";"ZZ";"2.692"
"1999-12-21";"J02M0";"A1100";"P1D_L";"ZZ";"2.699"
"1999-12-22";"J02M0";"A1100";"P1D_L";"ZZ";"2.628"
"1999-12-23";"J02M0";"A1100";"P1D_L";"ZZ";"2.635"
"1999-12-24";"J02M0";"A1100";"P1D_L";"ZZ";
"1999-12-27";"J02M0";"A1100";"P1D_L";"ZZ";"2.681"
"1999-12-28";"J02M0";"A1100";"P1D_L";"ZZ";"2.593"
"1999-12-29";"J02M0";"A1100";"P1D_L";"ZZ";"2.579"
"1999-12-30";"J02M0";"A1100";"P1D_L";"ZZ";"2.539"
"1999-12-31";"J02M0";"A1100";"P1D_L";"ZZ";
"2000-01-03";"J02M0";"A1100";"P1D_L";"ZZ";
"2000-01-04";"J02M0";"A1100";"P1D_L";"ZZ";"2.643"
"2000-01-05";"J02M0";"A1100";"P1D_L";"ZZ";"2.622"
"2000-01-06";"J02M0";"A1100";"P1D_L";"ZZ";"2.639"
"2000-01-07";"J02M0";"A1100";"P1D_L";"ZZ";"2.653"
"2000-01-10";"J02M0";"A1100";"P1D_L";"ZZ";"2.62"
"2000-01-11";"J02M0";"A1100";"P1D_L";"ZZ";"2.649"
"2000-01-12";"J02M0";"A1100";"P1D_L";"ZZ";"2.688"
"2000-01-13";"J02M0";"A1100";"P1D_L";"ZZ";"2.688"
"2000-01-14";"J02M0";"A1100";"P1D_L";"ZZ";"2.67"
"2000-01-17";"J02M0";"A1100";"P1D_L";"ZZ";"2.671"
"2000-01-18";"J02M0";"A1100";"P1D_L";"ZZ";"2.67"
"2000-01-19";"J02M0";"A1100";"P1D_L";"ZZ";"2.739"
"2000-01-20";"J02M0";"A1100";"P1D_L";"ZZ";"2.737"
"2000-01-21";"J02M0";"A1100";"P1D_L";"ZZ";"2.753"
"2000-01-24";"J02M0";"A1100";"P1D_L";"ZZ";"2.769"
"2000-01-25";"J02M0";"A1100";"P1D_L";"ZZ";"2.783"
"2000-01-26";"J02M0";"A1100";"P1D_L";"ZZ";"2.782"
"2000-01-27";"J02M0";"A1100";"P1D_L";"ZZ";"2.759"
"2000-01-28";"J02M0";"A1100";"P1D_L";"ZZ";"2.815"
"2000-01-31";"J02M0";"A1100";"P1D_L";"ZZ";"2.829"
"2000-02-01";"J02M0";"A1100";"P1D_L";"ZZ";"2.842"
"2000-02-02";"J02M0";"A1100";"P1D_L";"ZZ";"2.868"
"2000-02-03";"J02M0";"A1100";"P1D_L";"ZZ";"2.894"
"2000-02-04";"J02M0";"A1100";"P1D_L";"ZZ";"2.967"
"2000-02-07";"J02M0";"A1100";"P1D_L";"ZZ";"2.964"
"2000-02-08";"J02M0";"A1100";"P1D_L";"ZZ";"2.973"
"2000-02-09";"J02M0";"A1100";"P1D_L";"ZZ";"2.982"
"2000-02-10";"J02M0";"A1100";"P1D_L";"ZZ";"2.988"
"2000-02-11";"J02M0";"A1100";"P1D_L";"ZZ";"2.984"
"2000-02-14";"J02M0";"A1100";"P1D_L";"ZZ";"2.96"
"2000-02-15";"J02M0";"A1100";"P1D_L";"ZZ";"2.96"
"2000-02-16";"J02M0";"A1100";"P1D_L";"ZZ";"3.128"
"2000-02-17";"J02M0";"A1100";"P1D_L";"ZZ";"3.098"
"2000-02-18";"J02M0";"A1100";"P1D_L";"ZZ";"3.156"
"2000-02-21";"J02M0";"A1100";"P1D_L";"ZZ";"3.194"
"2000-02-22";"J02M0";"A1100";"P1D_L";"ZZ";"3.164"
"2000-02-23";"J02M0";"A1100";"P1D_L";"ZZ";"3.172"
"2000-02-24";"J02M0";"A1100";"P1D_L";"ZZ";"3.18"
"2000-02-25";"J02M0";"A1100";"P1D_L";"ZZ";"3.208"
"2000-02-28";"J02M0";"A1100";"P1D_L";"ZZ";"3.189"
"2000-02-29";"J02M0";"A1100";"P1D_L";"ZZ";"3.25"
"2000-03-01";"J02M0";"A1100";"P1D_L";"ZZ";"3.233"
"2000-03-02";"J02M0";"A1100";"P1D_L";"ZZ";"3.265"
"2000-03-03";"J02M0";"A1100";"P1D_L";"ZZ";"3.266"
"2000-03-06";"J02M0";"A1100";"P1D_L";"ZZ";"3.26"
"2000-03-07";"J02M0";"A1100";"P1D_L";"ZZ";"3.22"
"2000-03-08";"J02M0";"A1100";"P1D_L";"ZZ";"3.216"
"2000-03-09";"J02M0";"A1100";"P1D_L";"ZZ";"3.268"
"2000-03-10";"J02M0";"A1100";"P1D_L";"ZZ";"3.261"
"2000-03-13";"J02M0";"A1100";"P1D_L";"ZZ";"3.267"
"2000-03-14";"J02M0";"A1100";"P1D_L";"ZZ";"3.277"
"2000-03-15";"J02M0";"A1100";"P1D_L";"ZZ";"3.263"
"2000-03-16";"J02M0";"A1100";"P1D_L";"ZZ";"3.322"
"2000-03-17";"J02M0";"A1100";"P1D_L";"ZZ";"3.306"
"2000-03-20";"J02M0";"A1100";"P1D_L";"ZZ";"3.318"
"2000-03-21";"J02M0";"A1100";"P1D_L";"ZZ";"3.3"
"2000-03-22";"J02M0";"A1100";"P1D_L";"ZZ";"3.289"
"2000-03-23";"J02M0";"A1100";"P1D_L";"ZZ";"3.329"
"2000-03-24";"J02M0";"A1100";"P1D_L";"ZZ";"3.432"
"2000-03-27";"J02M0";"A1100";"P1D_L";"ZZ";"3.431"
"2000-03-28";"J02M0";"A1100";"P1D_L";"ZZ";"3.463"
"2000-03-29";"J02M0";"A1100";"P1D_L";"ZZ";"3.522"
"2000-03-30";"J02M0";"A1100";"P1D_L";"ZZ";"3.512"
"2000-03-31";"J02M0";"A1100";"P1D_L";"ZZ";"3.637"
"2000-04-03";"J02M0";"A1100";"P1D_L";"ZZ";"3.549"
"2000-04-04";"J02M0";"A1100";"P1D_L";"ZZ";"3.547"
"2000-04-05";"J02M0";"A1100";"P1D_L";"ZZ";"3.505"
"2000-04-06";"J02M0";"A1100";"P1D_L";"ZZ";"3.43"
"2000-04-07";"J02M0";"A1100";"P1D_L";"ZZ";"3.456"
"2000-04-10";"J02M0";"A1100";"P1D_L";"ZZ";"3.419"
"2000-04-11";"J02M0";"A1100";"P1D_L";"ZZ";"3.404"
"2000-04-12";"J02M0";"A1100";"P1D_L";"ZZ";"3.428"
"2000-04-13";"J02M0";"A1100";"P1D_L";"ZZ";"3.485"
"2000-04-14";"J02M0";"A1100";"P1D_L";"ZZ";"3.47"
"2000-04-17";"J02M0";"A1100";"P1D_L";"ZZ";"3.441"
"2000-04-18";"J02M0";"A1100";"P1D_L";"ZZ";"3.465"
"2000-04-19";"J02M0";"A1100";"P1D_L";"ZZ";"3.476"
"2000-04-20";"J02M0";"A1100";"P1D_L";"ZZ";"3.521"
"2000-04-21";"J02M0";"A1100";"P1D_L";"ZZ";
"2000-04-24";"J02M0";"A1100";"P1D_L";"ZZ";
"2000-04-25";"J02M0";"A1100";"P1D_L";"ZZ";"3.547"
"2000-04-26";"J02M0";"A1100";"P1D_L";"ZZ";"3.63"
"2000-04-27";"J02M0";"A1100";"P1D_L";"ZZ";"3.654"
"2000-04-28";"J02M0";"A1100";"P1D_L";"ZZ";"3.765"
"2000-05-01";"J02M0";"A1100";"P1D_L";"ZZ";
"2000-05-02";"J02M0";"A1100";"P1D_L";"ZZ";"3.769"
"2000-05-03";"J02M0";"A1100";"P1D_L";"ZZ";"3.763"
"2000-05-04";"J02M0";"A1100";"P1D_L";"ZZ";"3.761"
"2000-05-05";"J02M0";"A1100";"P1D_L";"ZZ";"3.793"
"2000-05-08";"J02M0";"A1100";"P1D_L";"ZZ";"3.787"
"2000-05-09";"J02M0";"A1100";"P1D_L";"ZZ";"3.783"
"2000-05-10";"J02M0";"A1100";"P1D_L";"ZZ";"3.799"
"2000-05-11";"J02M0";"A1100";"P1D_L";"ZZ";"3.761"
"2000-05-12";"J02M0";"A1100";"P1D_L";"ZZ";"3.825"
"2000-05-15";"J02M0";"A1100";"P1D_L";"ZZ";"3.858"
"2000-05-16";"J02M0";"A1100";"P1D_L";"ZZ";"3.869"
"2000-05-17";"J02M0";"A1100";"P1D_L";"ZZ";"3.904"
"2000-05-18";"J02M0";"A1100";"P1D_L";"ZZ";"3.984"
"2000-05-19";"J02M0";"A1100";"P1D_L";"ZZ";"3.957"
"2000-05-22";"J02M0";"A1100";"P1D_L";"ZZ";"3.929"
"2000-05-23";"J02M0";"A1100";"P1D_L";"ZZ";"3.938"
"2000-05-24";"J02M0";"A1100";"P1D_L";"ZZ";"3.904"
"2000-05-25";"J02M0";"A1100";"P1D_L";"ZZ";"3.904"
"2000-05-26";"J02M0";"A1100";"P1D_L";"ZZ";"3.924"
"2000-05-29";"J02M0";"A1100";"P1D_L";"ZZ";"3.867"
"2000-05-30";"J02M0";"A1100";"P1D_L";"ZZ";"3.817"
"2000-05-31";"J02M0";"A1100";"P1D_L";"ZZ";"3.879"
"2000-06-01";"J02M0";"A1100";"P1D_L";"ZZ";
"2000-06-02";"J02M0";"A1100";"P1D_L";"ZZ";"3.857"
"2000-06-05";"J02M0";"A1100";"P1D_L";"ZZ";"3.836"
"2000-06-06";"J02M0";"A1100";"P1D_L";"ZZ";"3.823"
"2000-06-07";"J02M0";"A1100";"P1D_L";"ZZ";"3.809"
"2000-06-08";"J02M0";"A1100";"P1D_L";"ZZ";"3.81"
"2000-06-09";"J02M0";"A1100";"P1D_L";"ZZ";"3.847"
"2000-06-12";"J02M0";"A1100";"P1D_L";"ZZ";
"2000-06-13";"J02M0";"A1100";"P1D_L";"ZZ";"3.855"
"2000-06-14";"J02M0";"A1100";"P1D_L";"ZZ";"3.897"
"2000-06-15";"J02M0";"A1100";"P1D_L";"ZZ";"3.917"
"2000-06-16";"J02M0";"A1100";"P1D_L";"ZZ";"3.872"
"2000-06-19";"J02M0";"A1100";"P1D_L";"ZZ";"3.849"
"2000-06-20";"J02M0";"A1100";"P1D_L";"ZZ";"3.86"
"2000-06-21";"J02M0";"A1100";"P1D_L";"ZZ";"3.871"
"2000-06-22";"J02M0";"A1100";"P1D_L";"ZZ";"3.865"
"2000-06-23";"J02M0";"A1100";"P1D_L";"ZZ";"3.844"
"2000-06-26";"J02M0";"A1100";"P1D_L";"ZZ";"3.847"
"2000-06-27";"J02M0";"A1100";"P1D_L";"ZZ";"3.859"
"2000-06-28";"J02M0";"A1100";"P1D_L";"ZZ";"3.83"
"2000-06-29";"J02M0";"A1100";"P1D_L";"ZZ";"3.769"
"2000-06-30";"J02M0";"A1100";"P1D_L";"ZZ";"3.8"
"2000-07-03";"J02M0";"A1100";"P1D_L";"ZZ";"3.833"
"2000-07-04";"J02M0";"A1100";"P1D_L";"ZZ";"3.817"
"2000-07-05";"J02M0";"A1100";"P1D_L";"ZZ";"3.801"
"2000-07-06";"J02M0";"A1100";"P1D_L";"ZZ";"3.767"
"2000-07-07";"J02M0";"A1100";"P1D_L";"ZZ";"3.744"
"2000-07-10";"J02M0";"A1100";"P1D_L";"ZZ";"3.727"
"2000-07-11";"J02M0";"A1100";"P1D_L";"ZZ";"3.745"
"2000-07-12";"J02M0";"A1100";"P1D_L";"ZZ";"3.734"
"2000-07-13";"J02M0";"A1100";"P1D_L";"ZZ";"3.76"
"2000-07-14";"J02M0";"A1100";"P1D_L";"ZZ";"3.777"
"2000-07-17";"J02M0";"A1100";"P1D_L";"ZZ";"3.809"
"2000-07-18";"J02M0";"A1100";"P1D_L";"ZZ";"3.835"
"2000-07-19";"J02M0";"A1100";"P1D_L";"ZZ";"3.867"
"2000-07-20";"J02M0";"A1100";"P1D_L";"ZZ";"3.844"
"2000-07-21";"J02M0";"A1100";"P1D_L";"ZZ";"3.834"
"2000-07-24";"J02M0";"A1100";"P1D_L";"ZZ";"3.891"
"2000-07-25";"J02M0";"A1100";"P1D_L";"ZZ";"3.847"
"2000-07-26";"J02M0";"A1100";"P1D_L";"ZZ";"3.826"
"2000-07-27";"J02M0";"A1100";"P1D_L";"ZZ";"3.878"
"2000-07-28";"J02M0";"A1100";"P1D_L";"ZZ";"3.92"
"2000-07-31";"J02M0";"A1100";"P1D_L";"ZZ";"3.943"
"2000-08-01";"J02M0";"A1100";"P1D_L";"ZZ";
"2000-08-02";"J02M0";"A1100";"P1D_L";"ZZ";"3.965"
"2000-08-03";"J02M0";"A1100";"P1D_L";"ZZ";"3.961"
"2000-08-04";"J02M0";"A1100";"P1D_L";"ZZ";"3.953"
"2000-08-07";"J02M0";"A1100";"P1D_L";"ZZ";"3.946"
"2000-08-08";"J02M0";"A1100";"P1D_L";"ZZ";"3.913"
"2000-08-09";"J02M0";"A1100";"P1D_L";"ZZ";"3.908"
"2000-08-10";"J02M0";"A1100";"P1D_L";"ZZ";"3.895"
"2000-08-11";"J02M0";"A1100";"P1D_L";"ZZ";"3.884"
"2000-08-14";"J02M0";"A1100";"P1D_L";"ZZ";"3.862"
"2000-08-15";"J02M0";"A1100";"P1D_L";"ZZ";"3.848"
"2000-08-16";"J02M0";"A1100";"P1D_L";"ZZ";"3.884"
"2000-08-17";"J02M0";"A1100";"P1D_L";"ZZ";"3.898"
"2000-08-18";"J02M0";"A1100";"P1D_L";"ZZ";"3.887"
"2000-08-21";"J02M0";"A1100";"P1D_L";"ZZ";"3.872"
"2000-08-22";"J02M0";"A1100";"P1D_L";"ZZ";"3.887"
"2000-08-23";"J02M0";"A1100";"P1D_L";"ZZ";"3.881"
"2000-08-24";"J02M0";"A1100";"P1D_L";"ZZ";"3.866"
"2000-08-25";"J02M0";"A1100";"P1D_L";"ZZ";"3.832"
"2000-08-28";"J02M0";"A1100";"P1D_L";"ZZ";"3.818"
"2000-08-29";"J02M0";"A1100";"P1D_L";"ZZ";"3.81"
"2000-08-30";"J02M0";"A1100";"P1D_L";"ZZ";"3.797"
"2000-08-31";"J02M0";"A1100";"P1D_L";"ZZ";"3.804"
"2000-09-01";"J02M0";"A1100";"P1D_L";"ZZ";"3.747"
"2000-09-04";"J02M0";"A1100";"P1D_L";"ZZ";"3.698"
"2000-09-05";"J02M0";"A1100";"P1D_L";"ZZ";"3.685"
"2000-09-06";"J02M0";"A1100";"P1D_L";"ZZ";"3.698"
"2000-09-07";"J02M0";"A1100";"P1D_L";"ZZ";"3.716"
"2000-09-08";"J02M0";"A1100";"P1D_L";"ZZ";"3.72"
"2000-09-11";"J02M0";"A1100";"P1D_L";"ZZ";"3.721"
"2000-09-12";"J02M0";"A1100";"P1D_L";"ZZ";"3.701"
"2000-09-13";"J02M0";"A1100";"P1D_L";"ZZ";"3.7"
"2000-09-14";"J02M0";"A1100";"P1D_L";"ZZ";"3.698"
"2000-09-15";"J02M0";"A1100";"P1D_L";"ZZ";"3.659"
"2000-09-18";"J02M0";"A1100";"P1D_L";"ZZ";"3.658"
"2000-09-19";"J02M0";"A1100";"P1D_L";"ZZ";"3.645"
"2000-09-20";"J02M0";"A1100";"P1D_L";"ZZ";"3.601"
"2000-09-21";"J02M0";"A1100";"P1D_L";"ZZ";"3.624"
"2000-09-22";"J02M0";"A1100";"P1D_L";"ZZ";"3.574"
"2000-09-25";"J02M0";"A1100";"P1D_L";"ZZ";"3.602"
"2000-09-26";"J02M0";"A1100";"P1D_L";"ZZ";"3.612"
"2000-09-27";"J02M0";"A1100";"P1D_L";"ZZ";"3.613"
"2000-09-28";"J02M0";"A1100";"P1D_L";"ZZ";"3.63"
"2000-09-29";"J02M0";"A1100";"P1D_L";"ZZ";"3.615"
"2000-10-02";"J02M0";"A1100";"P1D_L";"ZZ";"3.615"
"2000-10-03";"J02M0";"A1100";"P1D_L";"ZZ";"3.602"
"2000-10-04";"J02M0";"A1100";"P1D_L";"ZZ";"3.591"
"2000-10-05";"J02M0";"A1100";"P1D_L";"ZZ";"3.53"
"2000-10-06";"J02M0";"A1100";"P1D_L";"ZZ";"3.584"
"2000-10-09";"J02M0";"A1100";"P1D_L";"ZZ";"3.587"
"2000-10-10";"J02M0";"A1100";"P1D_L";"ZZ";"3.576"
"2000-10-11";"J02M0";"A1100";"P1D_L";"ZZ";"3.572"
"2000-10-12";"J02M0";"A1100";"P1D_L";"ZZ";"3.556"
"2000-10-13";"J02M0";"A1100";"P1D_L";"ZZ";"3.547"
"2000-10-16";"J02M0";"A1100";"P1D_L";"ZZ";"3.557"
"2000-10-17";"J02M0";"A1100";"P1D_L";"ZZ";"3.578"
"2000-10-18";"J02M0";"A1100";"P1D_L";"ZZ";"3.608"
"2000-10-19";"J02M0";"A1100";"P1D_L";"ZZ";"3.558"
"2000-10-20";"J02M0";"A1100";"P1D_L";"ZZ";"3.56"
"2000-10-23";"J02M0";"A1100";"P1D_L";"ZZ";"3.558"
"2000-10-24";"J02M0";"A1100";"P1D_L";"ZZ";"3.556"
"2000-10-25";"J02M0";"A1100";"P1D_L";"ZZ";"3.565"
"2000-10-26";"J02M0";"A1100";"P1D_L";"ZZ";"3.553"
"2000-10-27";"J02M0";"A1100";"P1D_L";"ZZ";"3.559"
"2000-10-30";"J02M0";"A1100";"P1D_L";"ZZ";"3.571"
"2000-10-31";"J02M0";"A1100";"P1D_L";"ZZ";"3.578"
"2000-11-01";"J02M0";"A1100";"P1D_L";"ZZ";"3.578"
"2000-11-02";"J02M0";"A1100";"P1D_L";"ZZ";"3.555"
"2000-11-03";"J02M0";"A1100";"P1D_L";"ZZ";"3.562"
"2000-11-06";"J02M0";"A1100";"P1D_L";"ZZ";"3.557"
"2000-11-07";"J02M0";"A1100";"P1D_L";"ZZ";"3.561"
"2000-11-08";"J02M0";"A1100";"P1D_L";"ZZ";"3.561"
"2000-11-09";"J02M0";"A1100";"P1D_L";"ZZ";"3.581"
"2000-11-10";"J02M0";"A1100";"P1D_L";"ZZ";"3.558"
"2000-11-13";"J02M0";"A1100";"P1D_L";"ZZ";"3.542"
"2000-11-14";"J02M0";"A1100";"P1D_L";"ZZ";"3.514"
"2000-11-15";"J02M0";"A1100";"P1D_L";"ZZ";"3.541"
"2000-11-16";"J02M0";"A1100";"P1D_L";"ZZ";"3.538"
"2000-11-17";"J02M0";"A1100";"P1D_L";"ZZ";"3.546"
"2000-11-20";"J02M0";"A1100";"P1D_L";"ZZ";"3.542"
"2000-11-21";"J02M0";"A1100";"P1D_L";"ZZ";"3.561"
"2000-11-22";"J02M0";"A1100";"P1D_L";"ZZ";"3.584"
"2000-11-23";"J02M0";"A1100";"P1D_L";"ZZ";"3.594"
"2000-11-24";"J02M0";"A1100";"P1D_L";"ZZ";"3.639"
"2000-11-27";"J02M0";"A1100";"P1D_L";"ZZ";"3.646"
"2000-11-28";"J02M0";"A1100";"P1D_L";"ZZ";"3.654"
"2000-11-29";"J02M0";"A1100";"P1D_L";"ZZ";"3.647"
"2000-11-30";"J02M0";"A1100";"P1D_L";"ZZ";"3.614"
"2000-12-01";"J02M0";"A1100";"P1D_L";"ZZ";"3.584"
"2000-12-04";"J02M0";"A1100";"P1D_L";"ZZ";"3.582"
"2000-12-05";"J02M0";"A1100";"P1D_L";"ZZ";"3.55"
"2000-12-06";"J02M0";"A1100";"P1D_L";"ZZ";"3.507"
"2000-12-07";"J02M0";"A1100";"P1D_L";"ZZ";"3.45"
"2000-12-08";"J02M0";"A1100";"P1D_L";"ZZ";"3.462"
"2000-12-11";"J02M0";"A1100";"P1D_L";"ZZ";"3.453"
"2000-12-12";"J02M0";"A1100";"P1D_L";"ZZ";"3.404"
"2000-12-13";"J02M0";"A1100";"P1D_L";"ZZ";"3.386"
"2000-12-14";"J02M0";"A1100";"P1D_L";"ZZ";"3.34"
"2000-12-15";"J02M0";"A1100";"P1D_L";"ZZ";"3.311"
"2000-12-18";"J02M0";"A1100";"P1D_L";"ZZ";"3.251"
"2000-12-19";"J02M0";"A1100";"P1D_L";"ZZ";"3.228"
"2000-12-20";"J02M0";"A1100";"P1D_L";"ZZ";"3.234"
"2000-12-21";"J02M0";"A1100";"P1D_L";"ZZ";"3.206"
"2000-12-22";"J02M0";"A1100";"P1D_L";"ZZ";"3.235"
"2000-12-25";"J02M0";"A1100";"P1D_L";"ZZ";
"2000-12-26";"J02M0";"A1100";"P1D_L";"ZZ";
"2000-12-27";"J02M0";"A1100";"P1D_L";"ZZ";"3.222"
"2000-12-28";"J02M0";"A1100";"P1D_L";"ZZ";"3.26"
"2000-12-29";"J02M0";"A1100";"P1D_L";"ZZ";"3.232"
"2001-01-01";"J02M0";"A1100";"P1D_L";"ZZ";
"2001-01-02";"J02M0";"A1100";"P1D_L";"ZZ";
"2001-01-03";"J02M0";"A1100";"P1D_L";"ZZ";"3.059"
"2001-01-04";"J02M0";"A1100";"P1D_L";"ZZ";"3.071"
"2001-01-05";"J02M0";"A1100";"P1D_L";"ZZ";"3.049"
"2001-01-08";"J02M0";"A1100";"P1D_L";"ZZ";"3.012"
"2001-01-09";"J02M0";"A1100";"P1D_L";"ZZ";"3.069"
"2001-01-10";"J02M0";"A1100";"P1D_L";"ZZ";"3.105"
"2001-01-11";"J02M0";"A1100";"P1D_L";"ZZ";"3.087"
"2001-01-12";"J02M0";"A1100";"P1D_L";"ZZ";"3.091"
"2001-01-15";"J02M0";"A1100";"P1D_L";"ZZ";"3.122"
"2001-01-16";"J02M0";"A1100";"P1D_L";"ZZ";"3.115"
"2001-01-17";"J02M0";"A1100";"P1D_L";"ZZ";"3.153"
"2001-01-18";"J02M0";"A1100";"P1D_L";"ZZ";"3.184"
"2001-01-19";"J02M0";"A1100";"P1D_L";"ZZ";"3.132"
"2001-01-22";"J02M0";"A1100";"P1D_L";"ZZ";"3.144"
"2001-01-23";"J02M0";"A1100";"P1D_L";"ZZ";"3.175"
"2001-01-24";"J02M0";"A1100";"P1D_L";"ZZ";"3.177"
"2001-01-25";"J02M0";"A1100";"P1D_L";"ZZ";"3.222"
"2001-01-26";"J02M0";"A1100";"P1D_L";"ZZ";"3.214"
"2001-01-29";"J02M0";"A1100";"P1D_L";"ZZ";"3.218"
"2001-01-30";"J02M0";"A1100";"P1D_L";"ZZ";"3.182"
"2001-01-31";"J02M0";"A1100";"P1D_L";"ZZ";"3.162"
"2001-02-01";"J02M0";"A1100";"P1D_L";"ZZ";"3.144"
"2001-02-02";"J02M0";"A1100";"P1D_L";"ZZ";"3.145"
"2001-02-05";"J02M0";"A1100";"P1D_L";"ZZ";"3.132"
"2001-02-06";"J02M0";"A1100";"P1D_L";"ZZ";"3.137"
"2001-02-07";"J02M0";"A1100";"P1D_L";"ZZ";"3.142"
"2001-02-08";"J02M0";"A1100";"P1D_L";"ZZ";"3.157"
"2001-02-09";"J02M0";"A1100";"P1D_L";"ZZ";"3.197"
"2001-02-12";"J02M0";"A1100";"P1D_L";"ZZ";"3.174"
"2001-02-13";"J02M0";"A1100";"P1D_L";"ZZ";"3.142"
"2001-02-14";"J02M0";"A1100";"P1D_L";"ZZ";"3.16"
"2001-02-15";"J02M0";"A1100";"P1D_L";"ZZ";"3.188"
"2001-02-16";"J02M0";"A1100";"P1D_L";"ZZ";"3.191"
"2001-02-19";"J02M0";"A1100";"P1D_L";"ZZ";"3.192"
"2001-02-20";"J02M0";"A1100";"P1D_L";"ZZ";"3.195"
"2001-02-21";"J02M0";"A1100";"P1D_L";"ZZ";"3.209"
"2001-02-22";"J02M0";"A1100";"P1D_L";"ZZ";"3.24"
"2001-02-23";"J02M0";"A1100";"P1D_L";"ZZ";"3.23"
"2001-02-26";"J02M0";"A1100";"P1D_L";"ZZ";"3.211"
"2001-02-27";"J02M0";"A1100";"P1D_L";"ZZ";"3.188"
"2001-02-28";"J02M0";"A1100";"P1D_L";"ZZ";"3.156"
"2001-03-01";"J02M0";"A1100";"P1D_L";"ZZ";"3.143"
"2001-03-02";"J02M0";"A1100";"P1D_L";"ZZ";"3.111"
"2001-03-05";"J02M0";"A1100";"P1D_L";"ZZ";"3.096"
"2001-03-06";"J02M0";"A1100";"P1D_L";"ZZ";"3.103"
"2001-03-07";"J02M0";"A1100";"P1D_L";"ZZ";"3.114"
"2001-03-08";"J02M0";"A1100";"P1D_L";"ZZ";"3.106"
"2001-03-09";"J02M0";"A1100";"P1D_L";"ZZ";"3.096"
"2001-03-12";"J02M0";"A1100";"P1D_L";"ZZ";"3.12"
"2001-03-13";"J02M0";"A1100";"P1D_L";"ZZ";"3.1"
"2001-03-14";"J02M0";"A1100";"P1D_L";"ZZ";"3.099"
"2001-03-15";"J02M0";"A1100";"P1D_L";"ZZ";"3.079"
"2001-03-16";"J02M0";"A1100";"P1D_L";"ZZ";"3.046"
"2001-03-19";"J02M0";"A1100";"P1D_L";"ZZ";"3.044"
"2001-03-20";"J02M0";"A1100";"P1D_L";"ZZ";"3.048"
"2001-03-21";"J02M0";"A1100";"P1D_L";"ZZ";"3.05"
"2001-03-22";"J02M0";"A1100";"P1D_L";"ZZ";"3.055"
"2001-03-23";"J02M0";"A1100";"P1D_L";"ZZ";"2.971"
"2001-03-26";"J02M0";"A1100";"P1D_L";"ZZ";"2.938"
"2001-03-27";"J02M0";"A1100";"P1D_L";"ZZ";"2.938"
"2001-03-28";"J02M0";"A1100";"P1D_L";"ZZ";"2.965"
"2001-03-29";"J02M0";"A1100";"P1D_L";"ZZ";"2.978"
"2001-03-30";"J02M0";"A1100";"P1D_L";"ZZ";"2.996"
"2001-04-02";"J02M0";"A1100";"P1D_L";"ZZ";"2.947"
"2001-04-03";"J02M0";"A1100";"P1D_L";"ZZ";"2.952"
"2001-04-04";"J02M0";"A1100";"P1D_L";"ZZ";"2.945"
"2001-04-05";"J02M0";"A1100";"P1D_L";"ZZ";"2.962"
"2001-04-06";"J02M0";"A1100";"P1D_L";"ZZ";"3.001"
"2001-04-09";"J02M0";"A1100";"P1D_L";"ZZ";"2.978"
"2001-04-10";"J02M0";"A1100";"P1D_L";"ZZ";"2.979"
"2001-04-11";"J02M0";"A1100";"P1D_L";"ZZ";"2.964"
"2001-04-12";"J02M0";"A1100";"P1D_L";"ZZ";"3.132"
"2001-04-13";"J02M0";"A1100";"P1D_L";"ZZ";
"2001-04-16";"J02M0";"A1100";"P1D_L";"ZZ";
"2001-04-17";"J02M0";"A1100";"P1D_L";"ZZ";"3.16"
"2001-04-18";"J02M0";"A1100";"P1D_L";"ZZ";"3.191"
"2001-04-19";"J02M0";"A1100";"P1D_L";"ZZ";"3.17"
"2001-04-20";"J02M0";"A1100";"P1D_L";"ZZ";"3.19"
"2001-04-23";"J02M0";"A1100";"P1D_L";"ZZ";"3.179"
"2001-04-24";"J02M0";"A1100";"P1D_L";"ZZ";"3.186"
"2001-04-25";"J02M0";"A1100";"P1D_L";"ZZ";"3.2"
"2001-04-26";"J02M0";"A1100";"P1D_L";"ZZ";"3.173"
"2001-04-27";"J02M0";"A1100";"P1D_L";"ZZ";"3.151"
"2001-04-30";"J02M0";"A1100";"P1D_L";"ZZ";"3.163"
"2001-05-01";"J02M0";"A1100";"P1D_L";"ZZ";
"2001-05-02";"J02M0";"A1100";"P1D_L";"ZZ";"3.172"
"2001-05-03";"J02M0";"A1100";"P1D_L";"ZZ";"3.144"
"2001-05-04";"J02M0";"A1100";"P1D_L";"ZZ";"3.111"
"2001-05-07";"J02M0";"A1100";"P1D_L";"ZZ";"3.097"
"2001-05-08";"J02M0";"A1100";"P1D_L";"ZZ";"3.088"
"2001-05-09";"J02M0";"A1100";"P1D_L";"ZZ";"3.095"
"2001-05-10";"J02M0";"A1100";"P1D_L";"ZZ";"3.068"
"2001-05-11";"J02M0";"A1100";"P1D_L";"ZZ";"3.022"
"2001-05-14";"J02M0";"A1100";"P1D_L";"ZZ";"3.051"
"2001-05-15";"J02M0";"A1100";"P1D_L";"ZZ";"3.078"
"2001-05-16";"J02M0";"A1100";"P1D_L";"ZZ";"3.055"
"2001-05-17";"J02M0";"A1100";"P1D_L";"ZZ";"3.066"
"2001-05-18";"J02M0";"A1100";"P1D_L";"ZZ";"3.08"
"2001-05-21";"J02M0";"A1100";"P1D_L";"ZZ";"3.132"
"2001-05-22";"J02M0";"A1100";"P1D_L";"ZZ";"3.158"
"2001-05-23";"J02M0";"A1100";"P1D_L";"ZZ";"3.184"
"2001-05-24";"J02M0";"A1100";"P1D_L";"ZZ";
"2001-05-25";"J02M0";"A1100";"P1D_L";"ZZ";"3.212"
"2001-05-28";"J02M0";"A1100";"P1D_L";"ZZ";"3.197"
"2001-05-29";"J02M0";"A1100";"P1D_L";"ZZ";"3.176"
"2001-05-30";"J02M0";"A1100";"P1D_L";"ZZ";"3.166"
"2001-05-31";"J02M0";"A1100";"P1D_L";"ZZ";"3.175"
"2001-06-01";"J02M0";"A1100";"P1D_L";"ZZ";"3.166"
"2001-06-04";"J02M0";"A1100";"P1D_L";"ZZ";
"2001-06-05";"J02M0";"A1100";"P1D_L";"ZZ";"3.141"
"2001-06-06";"J02M0";"A1100";"P1D_L";"ZZ";"3.132"
"2001-06-07";"J02M0";"A1100";"P1D_L";"ZZ";"3.156"
"2001-06-08";"J02M0";"A1100";"P1D_L";"ZZ";"3.134"
"2001-06-11";"J02M0";"A1100";"P1D_L";"ZZ";"3.032"
"2001-06-12";"J02M0";"A1100";"P1D_L";"ZZ";"3.044"
"2001-06-13";"J02M0";"A1100";"P1D_L";"ZZ";"3.088"
"2001-06-14";"J02M0";"A1100";"P1D_L";"ZZ";"3.15"
"2001-06-15";"J02M0";"A1100";"P1D_L";"ZZ";"3.14"
"2001-06-18";"J02M0";"A1100";"P1D_L";"ZZ";"3.134"
"2001-06-19";"J02M0";"A1100";"P1D_L";"ZZ";"3.134"
"2001-06-20";"J02M0";"A1100";"P1D_L";"ZZ";"3.121"
"2001-06-21";"J02M0";"A1100";"P1D_L";"ZZ";"3.115"
"2001-06-22";"J02M0";"A1100";"P1D_L";"ZZ";"3.111"
"2001-06-25";"J02M0";"A1100";"P1D_L";"ZZ";"3.058"
"2001-06-26";"J02M0";"A1100";"P1D_L";"ZZ";"3.048"
"2001-06-27";"J02M0";"A1100";"P1D_L";"ZZ";"3.078"
"2001-06-28";"J02M0";"A1100";"P1D_L";"ZZ";"3.091"
"2001-06-29";"J02M0";"A1100";"P1D_L";"ZZ";"3.103"
"2001-07-02";"J02M0";"A1100";"P1D_L";"ZZ";"3.132"
"2001-07-03";"J02M0";"A1100";"P1D_L";"ZZ";"3.129"
"2001-07-04";"J02M0";"A1100";"P1D_L";"ZZ";"3.145"
"2001-07-05";"J02M0";"A1100";"P1D_L";"ZZ";"3.151"
"2001-07-06";"J02M0";"A1100";"P1D_L";"ZZ";"3.135"
"2001-07-09";"J02M0";"A1100";"P1D_L";"ZZ";"3.133"
"2001-07-10";"J02M0";"A1100";"P1D_L";"ZZ";"3.136"
"2001-07-11";"J02M0";"A1100";"P1D_L";"ZZ";"3.138"
"2001-07-12";"J02M0";"A1100";"P1D_L";"ZZ";"3.133"
"2001-07-13";"J02M0";"A1100";"P1D_L";"ZZ";"3.125"
"2001-07-16";"J02M0";"A1100";"P1D_L";"ZZ";"3.119"
"2001-07-17";"J02M0";"A1100";"P1D_L";"ZZ";"3.117"
"2001-07-18";"J02M0";"A1100";"P1D_L";"ZZ";"3.14"
"2001-07-19";"J02M0";"A1100";"P1D_L";"ZZ";"3.116"
"2001-07-20";"J02M0";"A1100";"P1D_L";"ZZ";"3.138"
"2001-07-23";"J02M0";"A1100";"P1D_L";"ZZ";"3.116"
"2001-07-24";"J02M0";"A1100";"P1D_L";"ZZ";"3.114"
"2001-07-25";"J02M0";"A1100";"P1D_L";"ZZ";"3.108"
"2001-07-26";"J02M0";"A1100";"P1D_L";"ZZ";"3.105"
"2001-07-27";"J02M0";"A1100";"P1D_L";"ZZ";"3.095"
"2001-07-30";"J02M0";"A1100";"P1D_L";"ZZ";"3.054"
"2001-07-31";"J02M0";"A1100";"P1D_L";"ZZ";"3.045"
"2001-08-01";"J02M0";"A1100";"P1D_L";"ZZ";
"2001-08-02";"J02M0";"A1100";"P1D_L";"ZZ";"3.046"
"2001-08-03";"J02M0";"A1100";"P1D_L";"ZZ";"3.048"
"2001-08-06";"J02M0";"A1100";"P1D_L";"ZZ";"3.039"
"2001-08-07";"J02M0";"A1100";"P1D_L";"ZZ";"3.009"
"2001-08-08";"J02M0";"A1100";"P1D_L";"ZZ";"3.022"
"2001-08-09";"J02M0";"A1100";"P1D_L";"ZZ";"2.979"
"2001-08-10";"J02M0";"A1100";"P1D_L";"ZZ";"2.948"
"2001-08-13";"J02M0";"A1100";"P1D_L";"ZZ";"2.902"
"2001-08-14";"J02M0";"A1100";"P1D_L";"ZZ";"2.908"
"2001-08-15";"J02M0";"A1100";"P1D_L";"ZZ";"2.906"
"2001-08-16";"J02M0";"A1100";"P1D_L";"ZZ";"2.887"
"2001-08-17";"J02M0";"A1100";"P1D_L";"ZZ";"2.892"
"2001-08-20";"J02M0";"A1100";"P1D_L";"ZZ";"2.878"
"2001-08-21";"J02M0";"A1100";"P1D_L";"ZZ";"2.874"
"2001-08-22";"J02M0";"A1100";"P1D_L";"ZZ";"2.877"
"2001-08-23";"J02M0";"A1100";"P1D_L";"ZZ";"2.905"
"2001-08-24";"J02M0";"A1100";"P1D_L";"ZZ";"2.896"
"2001-08-27";"J02M0";"A1100";"P1D_L";"ZZ";"2.895"
"2001-08-28";"J02M0";"A1100";"P1D_L";"ZZ";"2.892"
"2001-08-29";"J02M0";"A1100";"P1D_L";"ZZ";"2.875"
"2001-08-30";"J02M0";"A1100";"P1D_L";"ZZ";"2.873"
"2001-08-31";"J02M0";"A1100";"P1D_L";"ZZ";"2.814"
"2001-09-03";"J02M0";"A1100";"P1D_L";"ZZ";"2.767"
"2001-09-04";"J02M0";"A1100";"P1D_L";"ZZ";"2.782"
"2001-09-05";"J02M0";"A1100";"P1D_L";"ZZ";"2.834"
"2001-09-06";"J02M0";"A1100";"P1D_L";"ZZ";"2.83"
"2001-09-07";"J02M0";"A1100";"P1D_L";"ZZ";"2.843"
"2001-09-10";"J02M0";"A1100";"P1D_L";"ZZ";"2.797"
"2001-09-11";"J02M0";"A1100";"P1D_L";"ZZ";"2.752"
"2001-09-12";"J02M0";"A1100";"P1D_L";"ZZ";"2.671"
"2001-09-13";"J02M0";"A1100";"P1D_L";"ZZ";"2.724"
"2001-09-14";"J02M0";"A1100";"P1D_L";"ZZ";"2.67"
"2001-09-17";"J02M0";"A1100";"P1D_L";"ZZ";"2.614"
"2001-09-18";"J02M0";"A1100";"P1D_L";"ZZ";"2.54"
"2001-09-19";"J02M0";"A1100";"P1D_L";"ZZ";"2.542"
"2001-09-20";"J02M0";"A1100";"P1D_L";"ZZ";"2.537"
"2001-09-21";"J02M0";"A1100";"P1D_L";"ZZ";"2.528"
"2001-09-24";"J02M0";"A1100";"P1D_L";"ZZ";"2.484"
"2001-09-25";"J02M0";"A1100";"P1D_L";"ZZ";"2.419"
"2001-09-26";"J02M0";"A1100";"P1D_L";"ZZ";"2.417"
"2001-09-27";"J02M0";"A1100";"P1D_L";"ZZ";"2.418"
"2001-09-28";"J02M0";"A1100";"P1D_L";"ZZ";"2.426"
"2001-10-01";"J02M0";"A1100";"P1D_L";"ZZ";"2.396"
"2001-10-02";"J02M0";"A1100";"P1D_L";"ZZ";"2.409"
"2001-10-03";"J02M0";"A1100";"P1D_L";"ZZ";"2.353"
"2001-10-04";"J02M0";"A1100";"P1D_L";"ZZ";"2.321"
"2001-10-05";"J02M0";"A1100";"P1D_L";"ZZ";"2.216"
"2001-10-08";"J02M0";"A1100";"P1D_L";"ZZ";"2.17"
"2001-10-09";"J02M0";"A1100";"P1D_L";"ZZ";"2.18"
"2001-10-10";"J02M0";"A1100";"P1D_L";"ZZ";"2.161"
"2001-10-11";"J02M0";"A1100";"P1D_L";"ZZ";"2.183"
"2001-10-12";"J02M0";"A1100";"P1D_L";"ZZ";"2.294"
"2001-10-15";"J02M0";"A1100";"P1D_L";"ZZ";"2.272"
"2001-10-16";"J02M0";"A1100";"P1D_L";"ZZ";"2.258"
"2001-10-17";"J02M0";"A1100";"P1D_L";"ZZ";"2.221"
"2001-10-18";"J02M0";"A1100";"P1D_L";"ZZ";"2.263"
"2001-10-19";"J02M0";"A1100";"P1D_L";"ZZ";"2.254"
"2001-10-22";"J02M0";"A1100";"P1D_L";"ZZ";"2.248"
"2001-10-23";"J02M0";"A1100";"P1D_L";"ZZ";"2.245"
"2001-10-24";"J02M0";"A1100";"P1D_L";"ZZ";"2.246"
"2001-10-25";"J02M0";"A1100";"P1D_L";"ZZ";"2.245"
"2001-10-26";"J02M0";"A1100";"P1D_L";"ZZ";"2.237"
"2001-10-29";"J02M0";"A1100";"P1D_L";"ZZ";"2.173"
"2001-10-30";"J02M0";"A1100";"P1D_L";"ZZ";"2.115"
"2001-10-31";"J02M0";"A1100";"P1D_L";"ZZ";"2.058"
"2001-11-01";"J02M0";"A1100";"P1D_L";"ZZ";"2.015"
"2001-11-02";"J02M0";"A1100";"P1D_L";"ZZ";"2.017"
"2001-11-05";"J02M0";"A1100";"P1D_L";"ZZ";"2.029"
"2001-11-06";"J02M0";"A1100";"P1D_L";"ZZ";"1.984"
"2001-11-07";"J02M0";"A1100";"P1D_L";"ZZ";"1.932"
"2001-11-08";"J02M0";"A1100";"P1D_L";"ZZ";"1.93"
"2001-11-09";"J02M0";"A1100";"P1D_L";"ZZ";"1.969"
"2001-11-12";"J02M0";"A1100";"P1D_L";"ZZ";"1.988"
"2001-11-13";"J02M0";"A1100";"P1D_L";"ZZ";"1.999"
"2001-11-14";"J02M0";"A1100";"P1D_L";"ZZ";"2.109"
"2001-11-15";"J02M0";"A1100";"P1D_L";"ZZ";"2.259"
"2001-11-16";"J02M0";"A1100";"P1D_L";"ZZ";"2.467"
"2001-11-19";"J02M0";"A1100";"P1D_L";"ZZ";"2.382"
"2001-11-20";"J02M0";"A1100";"P1D_L";"ZZ";"2.372"
"2001-11-21";"J02M0";"A1100";"P1D_L";"ZZ";"2.371"
"2001-11-22";"J02M0";"A1100";"P1D_L";"ZZ";"2.394"
"2001-11-23";"J02M0";"A1100";"P1D_L";"ZZ";"2.364"
"2001-11-26";"J02M0";"A1100";"P1D_L";"ZZ";"2.379"
"2001-11-27";"J02M0";"A1100";"P1D_L";"ZZ";"2.406"
"2001-11-28";"J02M0";"A1100";"P1D_L";"ZZ";"2.384"
"2001-11-29";"J02M0";"A1100";"P1D_L";"ZZ";"2.405"
"2001-11-30";"J02M0";"A1100";"P1D_L";"ZZ";"2.376"
"2001-12-03";"J02M0";"A1100";"P1D_L";"ZZ";"2.297"
"2001-12-04";"J02M0";"A1100";"P1D_L";"ZZ";"2.284"
"2001-12-05";"J02M0";"A1100";"P1D_L";"ZZ";"2.266"
"2001-12-06";"J02M0";"A1100";"P1D_L";"ZZ";"2.4"
"2001-12-07";"J02M0";"A1100";"P1D_L";"ZZ";"2.376"
"2001-12-10";"J02M0";"A1100";"P1D_L";"ZZ";"2.435"
"2001-12-11";"J02M0";"A1100";"P1D_L";"ZZ";"2.412"
"2001-12-12";"J02M0";"A1100";"P1D_L";"ZZ";"2.417"
"2001-12-13";"J02M0";"A1100";"P1D_L";"ZZ";"2.345"
"2001-12-14";"J02M0";"A1100";"P1D_L";"ZZ";"2.332"
"2001-12-17";"J02M0";"A1100";"P1D_L";"ZZ";"2.402"
"2001-12-18";"J02M0";"A1100";"P1D_L";"ZZ";"2.411"
"2001-12-19";"J02M0";"A1100";"P1D_L";"ZZ";"2.382"
"2001-12-20";"J02M0";"A1100";"P1D_L";"ZZ";"2.38"
"2001-12-21";"J02M0";"A1100";"P1D_L";"ZZ";"2.417"
"2001-12-24";"J02M0";"A1100";"P1D_L";"ZZ";
"2001-12-25";"J02M0";"A1100";"P1D_L";"ZZ";
"2001-12-26";"J02M0";"A1100";"P1D_L";"ZZ";
"2001-12-27";"J02M0";"A1100";"P1D_L";"ZZ";"2.441"
"2001-12-28";"J02M0";"A1100";"P1D_L";"ZZ";"2.454"
"2001-12-31";"J02M0";"A1100";"P1D_L";"ZZ";
"2002-01-01";"J02M0";"A1100";"P1D_L";"ZZ";
"2002-01-02";"J02M0";"A1100";"P1D_L";"ZZ";
"2002-01-03";"J02M0";"A1100";"P1D_L";"ZZ";"2.445"
"2002-01-04";"J02M0";"A1100";"P1D_L";"ZZ";"2.446"
"2002-01-07";"J02M0";"A1100";"P1D_L";"ZZ";"2.417"
"2002-01-08";"J02M0";"A1100";"P1D_L";"ZZ";"2.352"
"2002-01-09";"J02M0";"A1100";"P1D_L";"ZZ";"2.433"
"2002-01-10";"J02M0";"A1100";"P1D_L";"ZZ";"2.389"
"2002-01-11";"J02M0";"A1100";"P1D_L";"ZZ";"2.452"
"2002-01-14";"J02M0";"A1100";"P1D_L";"ZZ";"2.329"
"2002-01-15";"J02M0";"A1100";"P1D_L";"ZZ";"2.344"
"2002-01-16";"J02M0";"A1100";"P1D_L";"ZZ";"2.363"
"2002-01-17";"J02M0";"A1100";"P1D_L";"ZZ";"2.384"
"2002-01-18";"J02M0";"A1100";"P1D_L";"ZZ";"2.396"
"2002-01-21";"J02M0";"A1100";"P1D_L";"ZZ";"2.393"
"2002-01-22";"J02M0";"A1100";"P1D_L";"ZZ";"2.402"
"2002-01-23";"J02M0";"A1100";"P1D_L";"ZZ";"2.458"
"2002-01-24";"J02M0";"A1100";"P1D_L";"ZZ";"2.466"
"2002-01-25";"J02M0";"A1100";"P1D_L";"ZZ";"2.508"
"2002-01-28";"J02M0";"A1100";"P1D_L";"ZZ";"2.586"
"2002-01-29";"J02M0";"A1100";"P1D_L";"ZZ";"2.596"
"2002-01-30";"J02M0";"A1100";"P1D_L";"ZZ";"2.593"
"2002-01-31";"J02M0";"A1100";"P1D_L";"ZZ";"2.575"
"2002-02-01";"J02M0";"A1100";"P1D_L";"ZZ";"2.571"
"2002-02-04";"J02M0";"A1100";"P1D_L";"ZZ";"2.53"
"2002-02-05";"J02M0";"A1100";"P1D_L";"ZZ";"2.467"
"2002-02-06";"J02M0";"A1100";"P1D_L";"ZZ";"2.453"
"2002-02-07";"J02M0";"A1100";"P1D_L";"ZZ";"2.448"
"2002-02-08";"J02M0";"A1100";"P1D_L";"ZZ";"2.477"
"2002-02-11";"J02M0";"A1100";"P1D_L";"ZZ";"2.475"
"2002-02-12";"J02M0";"A1100";"P1D_L";"ZZ";"2.451"
"2002-02-13";"J02M0";"A1100";"P1D_L";"ZZ";"2.464"
"2002-02-14";"J02M0";"A1100";"P1D_L";"ZZ";"2.47"
"2002-02-15";"J02M0";"A1100";"P1D_L";"ZZ";"2.489"
"2002-02-18";"J02M0";"A1100";"P1D_L";"ZZ";"2.456"
"2002-02-19";"J02M0";"A1100";"P1D_L";"ZZ";"2.45"
"2002-02-20";"J02M0";"A1100";"P1D_L";"ZZ";"2.442"
"2002-02-21";"J02M0";"A1100";"P1D_L";"ZZ";"2.442"
"2002-02-22";"J02M0";"A1100";"P1D_L";"ZZ";"2.426"
"2002-02-25";"J02M0";"A1100";"P1D_L";"ZZ";"2.417"
"2002-02-26";"J02M0";"A1100";"P1D_L";"ZZ";"2.426"
"2002-02-27";"J02M0";"A1100";"P1D_L";"ZZ";"2.448"
"2002-02-28";"J02M0";"A1100";"P1D_L";"ZZ";"2.476"
"2002-03-01";"J02M0";"A1100";"P1D_L";"ZZ";"2.491"
"2002-03-04";"J02M0";"A1100";"P1D_L";"ZZ";"2.525"
"2002-03-05";"J02M0";"A1100";"P1D_L";"ZZ";"2.544"
"2002-03-06";"J02M0";"A1100";"P1D_L";"ZZ";"2.594"
"2002-03-07";"J02M0";"A1100";"P1D_L";"ZZ";"2.595"
"2002-03-08";"J02M0";"A1100";"P1D_L";"ZZ";"2.657"
"2002-03-11";"J02M0";"A1100";"P1D_L";"ZZ";"2.659"
"2002-03-12";"J02M0";"A1100";"P1D_L";"ZZ";"2.634"
"2002-03-13";"J02M0";"A1100";"P1D_L";"ZZ";"2.619"
"2002-03-14";"J02M0";"A1100";"P1D_L";"ZZ";"2.598"
"2002-03-15";"J02M0";"A1100";"P1D_L";"ZZ";"2.621"
"2002-03-18";"J02M0";"A1100";"P1D_L";"ZZ";"2.527"
"2002-03-19";"J02M0";"A1100";"P1D_L";"ZZ";"2.572"
"2002-03-20";"J02M0";"A1100";"P1D_L";"ZZ";"2.6"
"2002-03-21";"J02M0";"A1100";"P1D_L";"ZZ";"2.667"
"2002-03-22";"J02M0";"A1100";"P1D_L";"ZZ";"2.699"
"2002-03-25";"J02M0";"A1100";"P1D_L";"ZZ";"2.685"
"2002-03-26";"J02M0";"A1100";"P1D_L";"ZZ";"2.707"
"2002-03-27";"J02M0";"A1100";"P1D_L";"ZZ";"2.678"
"2002-03-28";"J02M0";"A1100";"P1D_L";"ZZ";"2.592"
"2002-03-29";"J02M0";"A1100";"P1D_L";"ZZ";
"2002-04-01";"J02M0";"A1100";"P1D_L";"ZZ";
"2002-04-02";"J02M0";"A1100";"P1D_L";"ZZ";"2.59"
"2002-04-03";"J02M0";"A1100";"P1D_L";"ZZ";"2.534"
"2002-04-04";"J02M0";"A1100";"P1D_L";"ZZ";"2.493"
"2002-04-05";"J02M0";"A1100";"P1D_L";"ZZ";"2.486"
"2002-04-08";"J02M0";"A1100";"P1D_L";"ZZ";"2.476"
"2002-04-09";"J02M0";"A1100";"P1D_L";"ZZ";"2.476"
"2002-04-10";"J02M0";"A1100";"P1D_L";"ZZ";"2.469"
"2002-04-11";"J02M0";"A1100";"P1D_L";"ZZ";"2.51"
"2002-04-12";"J02M0";"A1100";"P1D_L";"ZZ";"2.465"
"2002-04-15";"J02M0";"A1100";"P1D_L";"ZZ";"2.426"
"2002-04-16";"J02M0";"A1100";"P1D_L";"ZZ";"2.431"
"2002-04-17";"J02M0";"A1100";"P1D_L";"ZZ";"2.475"
"2002-04-18";"J02M0";"A1100";"P1D_L";"ZZ";"2.449"
"2002-04-19";"J02M0";"A1100";"P1D_L";"ZZ";"2.39"
"2002-04-22";"J02M0";"A1100";"P1D_L";"ZZ";"2.389"
"2002-04-23";"J02M0";"A1100";"P1D_L";"ZZ";"2.379"
"2002-04-24";"J02M0";"A1100";"P1D_L";"ZZ";"2.397"
"2002-04-25";"J02M0";"A1100";"P1D_L";"ZZ";"2.357"
"2002-04-26";"J02M0";"A1100";"P1D_L";"ZZ";"2.345"
"2002-04-29";"J02M0";"A1100";"P1D_L";"ZZ";"2.335"
"2002-04-30";"J02M0";"A1100";"P1D_L";"ZZ";"2.381"
"2002-05-01";"J02M0";"A1100";"P1D_L";"ZZ";
"2002-05-02";"J02M0";"A1100";"P1D_L";"ZZ";"2.257"
"2002-05-03";"J02M0";"A1100";"P1D_L";"ZZ";"2.147"
"2002-05-06";"J02M0";"A1100";"P1D_L";"ZZ";"2.121"
"2002-05-07";"J02M0";"A1100";"P1D_L";"ZZ";"2.124"
"2002-05-08";"J02M0";"A1100";"P1D_L";"ZZ";"2.077"
"2002-05-09";"J02M0";"A1100";"P1D_L";"ZZ";
"2002-05-10";"J02M0";"A1100";"P1D_L";"ZZ";"2.122"
"2002-05-13";"J02M0";"A1100";"P1D_L";"ZZ";"2.073"
"2002-05-14";"J02M0";"A1100";"P1D_L";"ZZ";"2.042"
"2002-05-15";"J02M0";"A1100";"P1D_L";"ZZ";"2.178"
"2002-05-16";"J02M0";"A1100";"P1D_L";"ZZ";"2.144"
"2002-05-17";"J02M0";"A1100";"P1D_L";"ZZ";"2.158"
"2002-05-20";"J02M0";"A1100";"P1D_L";"ZZ";
"2002-05-21";"J02M0";"A1100";"P1D_L";"ZZ";"2.162"
"2002-05-22";"J02M0";"A1100";"P1D_L";"ZZ";"2.112"
"2002-05-23";"J02M0";"A1100";"P1D_L";"ZZ";"2.119"
"2002-05-24";"J02M0";"A1100";"P1D_L";"ZZ";"2.112"
"2002-05-27";"J02M0";"A1100";"P1D_L";"ZZ";"2.177"
"2002-05-28";"J02M0";"A1100";"P1D_L";"ZZ";"2.292"
"2002-05-29";"J02M0";"A1100";"P1D_L";"ZZ";"2.253"
"2002-05-30";"J02M0";"A1100";"P1D_L";"ZZ";"2.217"
"2002-05-31";"J02M0";"A1100";"P1D_L";"ZZ";"2.192"
"2002-06-03";"J02M0";"A1100";"P1D_L";"ZZ";"2.197"
"2002-06-04";"J02M0";"A1100";"P1D_L";"ZZ";"2.17"
"2002-06-05";"J02M0";"A1100";"P1D_L";"ZZ";"2.188"
"2002-06-06";"J02M0";"A1100";"P1D_L";"ZZ";"2.217"
"2002-06-07";"J02M0";"A1100";"P1D_L";"ZZ";"2.223"
"2002-06-10";"J02M0";"A1100";"P1D_L";"ZZ";"2.188"
"2002-06-11";"J02M0";"A1100";"P1D_L";"ZZ";"2.153"
"2002-06-12";"J02M0";"A1100";"P1D_L";"ZZ";"2.166"
"2002-06-13";"J02M0";"A1100";"P1D_L";"ZZ";"2.165"
"2002-06-14";"J02M0";"A1100";"P1D_L";"ZZ";"2.131"
"2002-06-17";"J02M0";"A1100";"P1D_L";"ZZ";"2.087"
"2002-06-18";"J02M0";"A1100";"P1D_L";"ZZ";"2.09"
"2002-06-19";"J02M0";"A1100";"P1D_L";"ZZ";"2.071"
"2002-06-20";"J02M0";"A1100";"P1D_L";"ZZ";"2.066"
"2002-06-21";"J02M0";"A1100";"P1D_L";"ZZ";"2.084"
"2002-06-24";"J02M0";"A1100";"P1D_L";"ZZ";"2.031"
"2002-06-25";"J02M0";"A1100";"P1D_L";"ZZ";"2.008"
"2002-06-26";"J02M0";"A1100";"P1D_L";"ZZ";"1.936"
"2002-06-27";"J02M0";"A1100";"P1D_L";"ZZ";"2.019"
"2002-06-28";"J02M0";"A1100";"P1D_L";"ZZ";"2.072"
"2002-07-01";"J02M0";"A1100";"P1D_L";"ZZ";"2.024"
"2002-07-02";"J02M0";"A1100";"P1D_L";"ZZ";"2.007"
"2002-07-03";"J02M0";"A1100";"P1D_L";"ZZ";"1.969"
"2002-07-04";"J02M0";"A1100";"P1D_L";"ZZ";"1.93"
"2002-07-05";"J02M0";"A1100";"P1D_L";"ZZ";"1.938"
"2002-07-08";"J02M0";"A1100";"P1D_L";"ZZ";"1.921"
"2002-07-09";"J02M0";"A1100";"P1D_L";"ZZ";"1.939"
"2002-07-10";"J02M0";"A1100";"P1D_L";"ZZ";"1.935"
"2002-07-11";"J02M0";"A1100";"P1D_L";"ZZ";"1.849"
"2002-07-12";"J02M0";"A1100";"P1D_L";"ZZ";"1.862"
"2002-07-15";"J02M0";"A1100";"P1D_L";"ZZ";"1.821"
"2002-07-16";"J02M0";"A1100";"P1D_L";"ZZ";"1.79"
"2002-07-17";"J02M0";"A1100";"P1D_L";"ZZ";"1.795"
"2002-07-18";"J02M0";"A1100";"P1D_L";"ZZ";"1.804"
"2002-07-19";"J02M0";"A1100";"P1D_L";"ZZ";"1.747"
"2002-07-22";"J02M0";"A1100";"P1D_L";"ZZ";"1.585"
"2002-07-23";"J02M0";"A1100";"P1D_L";"ZZ";"1.622"
"2002-07-24";"J02M0";"A1100";"P1D_L";"ZZ";"1.55"
"2002-07-25";"J02M0";"A1100";"P1D_L";"ZZ";"1.538"
"2002-07-26";"J02M0";"A1100";"P1D_L";"ZZ";"1.53"
"2002-07-29";"J02M0";"A1100";"P1D_L";"ZZ";"1.407"
"2002-07-30";"J02M0";"A1100";"P1D_L";"ZZ";"1.539"
"2002-07-31";"J02M0";"A1100";"P1D_L";"ZZ";"1.56"
"2002-08-01";"J02M0";"A1100";"P1D_L";"ZZ";
"2002-08-02";"J02M0";"A1100";"P1D_L";"ZZ";"1.353"
"2002-08-05";"J02M0";"A1100";"P1D_L";"ZZ";"1.295"
"2002-08-06";"J02M0";"A1100";"P1D_L";"ZZ";"1.246"
"2002-08-07";"J02M0";"A1100";"P1D_L";"ZZ";"1.372"
"2002-08-08";"J02M0";"A1100";"P1D_L";"ZZ";"1.41"
"2002-08-09";"J02M0";"A1100";"P1D_L";"ZZ";"1.433"
"2002-08-12";"J02M0";"A1100";"P1D_L";"ZZ";"1.402"
"2002-08-13";"J02M0";"A1100";"P1D_L";"ZZ";"1.379"
"2002-08-14";"J02M0";"A1100";"P1D_L";"ZZ";"1.384"
"2002-08-15";"J02M0";"A1100";"P1D_L";"ZZ";"1.402"
"2002-08-16";"J02M0";"A1100";"P1D_L";"ZZ";"1.51"
"2002-08-19";"J02M0";"A1100";"P1D_L";"ZZ";"1.519"
"2002-08-20";"J02M0";"A1100";"P1D_L";"ZZ";"1.504"
"2002-08-21";"J02M0";"A1100";"P1D_L";"ZZ";"1.505"
"2002-08-22";"J02M0";"A1100";"P1D_L";"ZZ";"1.594"
"2002-08-23";"J02M0";"A1100";"P1D_L";"ZZ";"1.625"
"2002-08-26";"J02M0";"A1100";"P1D_L";"ZZ";"1.56"
"2002-08-27";"J02M0";"A1100";"P1D_L";"ZZ";"1.541"
"2002-08-28";"J02M0";"A1100";"P1D_L";"ZZ";"1.507"
"2002-08-29";"J02M0";"A1100";"P1D_L";"ZZ";"1.413"
"2002-08-30";"J02M0";"A1100";"P1D_L";"ZZ";"1.384"
"2002-09-02";"J02M0";"A1100";"P1D_L";"ZZ";"1.363"
"2002-09-03";"J02M0";"A1100";"P1D_L";"ZZ";"1.387"
"2002-09-04";"J02M0";"A1100";"P1D_L";"ZZ";"1.339"
"2002-09-05";"J02M0";"A1100";"P1D_L";"ZZ";"1.324"
"2002-09-06";"J02M0";"A1100";"P1D_L";"ZZ";"1.297"
"2002-09-09";"J02M0";"A1100";"P1D_L";"ZZ";"1.343"
"2002-09-10";"J02M0";"A1100";"P1D_L";"ZZ";"1.404"
"2002-09-11";"J02M0";"A1100";"P1D_L";"ZZ";"1.384"
"2002-09-12";"J02M0";"A1100";"P1D_L";"ZZ";"1.313"
"2002-09-13";"J02M0";"A1100";"P1D_L";"ZZ";"1.274"
"2002-09-16";"J02M0";"A1100";"P1D_L";"ZZ";"1.316"
"2002-09-17";"J02M0";"A1100";"P1D_L";"ZZ";"1.324"
"2002-09-18";"J02M0";"A1100";"P1D_L";"ZZ";"1.25"
"2002-09-19";"J02M0";"A1100";"P1D_L";"ZZ";"1.25"
"2002-09-20";"J02M0";"A1100";"P1D_L";"ZZ";"1.241"
"2002-09-23";"J02M0";"A1100";"P1D_L";"ZZ";"1.287"
"2002-09-24";"J02M0";"A1100";"P1D_L";"ZZ";"1.272"
"2002-09-25";"J02M0";"A1100";"P1D_L";"ZZ";"1.23"
"2002-09-26";"J02M0";"A1100";"P1D_L";"ZZ";"1.257"
"2002-09-27";"J02M0";"A1100";"P1D_L";"ZZ";"1.303"
"2002-09-30";"J02M0";"A1100";"P1D_L";"ZZ";"1.275"
"2002-10-01";"J02M0";"A1100";"P1D_L";"ZZ";"1.251"
"2002-10-02";"J02M0";"A1100";"P1D_L";"ZZ";"1.25"
"2002-10-03";"J02M0";"A1100";"P1D_L";"ZZ";"1.255"
"2002-10-04";"J02M0";"A1100";"P1D_L";"ZZ";"1.239"
"2002-10-07";"J02M0";"A1100";"P1D_L";"ZZ";"1.228"
"2002-10-08";"J02M0";"A1100";"P1D_L";"ZZ";"1.227"
"2002-10-09";"J02M0";"A1100";"P1D_L";"ZZ";"1.218"
"2002-10-10";"J02M0";"A1100";"P1D_L";"ZZ";"1.244"
"2002-10-11";"J02M0";"A1100";"P1D_L";"ZZ";"1.28"
"2002-10-14";"J02M0";"A1100";"P1D_L";"ZZ";"1.311"
"2002-10-15";"J02M0";"A1100";"P1D_L";"ZZ";"1.324"
"2002-10-16";"J02M0";"A1100";"P1D_L";"ZZ";"1.329"
"2002-10-17";"J02M0";"A1100";"P1D_L";"ZZ";"1.318"
"2002-10-18";"J02M0";"A1100";"P1D_L";"ZZ";"1.301"
"2002-10-21";"J02M0";"A1100";"P1D_L";"ZZ";"1.289"
"2002-10-22";"J02M0";"A1100";"P1D_L";"ZZ";"1.269"
"2002-10-23";"J02M0";"A1100";"P1D_L";"ZZ";"1.249"
"2002-10-24";"J02M0";"A1100";"P1D_L";"ZZ";"1.242"
"2002-10-25";"J02M0";"A1100";"P1D_L";"ZZ";"1.243"
"2002-10-28";"J02M0";"A1100";"P1D_L";"ZZ";"1.209"
"2002-10-29";"J02M0";"A1100";"P1D_L";"ZZ";"1.192"
"2002-10-30";"J02M0";"A1100";"P1D_L";"ZZ";"1.047"
"2002-10-31";"J02M0";"A1100";"P1D_L";"ZZ";"1.072"
"2002-11-01";"J02M0";"A1100";"P1D_L";"ZZ";"1.025"
"2002-11-04";"J02M0";"A1100";"P1D_L";"ZZ";"1.06"
"2002-11-05";"J02M0";"A1100";"P1D_L";"ZZ";"1.04"
"2002-11-06";"J02M0";"A1100";"P1D_L";"ZZ";"1.051"
"2002-11-07";"J02M0";"A1100";"P1D_L";"ZZ";"1.103"
"2002-11-08";"J02M0";"A1100";"P1D_L";"ZZ";"1.044"
"2002-11-11";"J02M0";"A1100";"P1D_L";"ZZ";"1.013"
"2002-11-12";"J02M0";"A1100";"P1D_L";"ZZ";"0.988"
"2002-11-13";"J02M0";"A1100";"P1D_L";"ZZ";"1.002"
"2002-11-14";"J02M0";"A1100";"P1D_L";"ZZ";"1.063"
"2002-11-15";"J02M0";"A1100";"P1D_L";"ZZ";"1.062"
"2002-11-18";"J02M0";"A1100";"P1D_L";"ZZ";"1.044"
"2002-11-19";"J02M0";"A1100";"P1D_L";"ZZ";"1.065"
"2002-11-20";"J02M0";"A1100";"P1D_L";"ZZ";"1.084"
"2002-11-21";"J02M0";"A1100";"P1D_L";"ZZ";"1.158"
"2002-11-22";"J02M0";"A1100";"P1D_L";"ZZ";"1.135"
"2002-11-25";"J02M0";"A1100";"P1D_L";"ZZ";"1.223"
"2002-11-26";"J02M0";"A1100";"P1D_L";"ZZ";"1.21"
"2002-11-27";"J02M0";"A1100";"P1D_L";"ZZ";"1.198"
"2002-11-28";"J02M0";"A1100";"P1D_L";"ZZ";"1.248"
"2002-11-29";"J02M0";"A1100";"P1D_L";"ZZ";"1.224"
"2002-12-02";"J02M0";"A1100";"P1D_L";"ZZ";"1.226"
"2002-12-03";"J02M0";"A1100";"P1D_L";"ZZ";"1.168"
"2002-12-04";"J02M0";"A1100";"P1D_L";"ZZ";"1.148"
"2002-12-05";"J02M0";"A1100";"P1D_L";"ZZ";"1.116"
"2002-12-06";"J02M0";"A1100";"P1D_L";"ZZ";"1.091"
"2002-12-09";"J02M0";"A1100";"P1D_L";"ZZ";"1.06"
"2002-12-10";"J02M0";"A1100";"P1D_L";"ZZ";"1.004"
"2002-12-11";"J02M0";"A1100";"P1D_L";"ZZ";"1.008"
"2002-12-12";"J02M0";"A1100";"P1D_L";"ZZ";"0.957"
"2002-12-13";"J02M0";"A1100";"P1D_L";"ZZ";"0.983"
"2002-12-16";"J02M0";"A1100";"P1D_L";"ZZ";"0.994"
"2002-12-17";"J02M0";"A1100";"P1D_L";"ZZ";"1.008"
"2002-12-18";"J02M0";"A1100";"P1D_L";"ZZ";"0.999"
"2002-12-19";"J02M0";"A1100";"P1D_L";"ZZ";"0.971"
"2002-12-20";"J02M0";"A1100";"P1D_L";"ZZ";"0.928"
"2002-12-23";"J02M0";"A1100";"P1D_L";"ZZ";"0.958"
"2002-12-24";"J02M0";"A1100";"P1D_L";"ZZ";
"2002-12-25";"J02M0";"A1100";"P1D_L";"ZZ";
"2002-12-26";"J02M0";"A1100";"P1D_L";"ZZ";
"2002-12-27";"J02M0";"A1100";"P1D_L";"ZZ";"0.86"
"2002-12-30";"J02M0";"A1100";"P1D_L";"ZZ";"0.786"
"2002-12-31";"J02M0";"A1100";"P1D_L";"ZZ";
"2003-01-01";"J02M0";"A1100";"P1D_L";"ZZ";
"2003-01-02";"J02M0";"A1100";"P1D_L";"ZZ";
"2003-01-03";"J02M0";"A1100";"P1D_L";"ZZ";"0.872"
"2003-01-06";"J02M0";"A1100";"P1D_L";"ZZ";"0.811"
"2003-01-07";"J02M0";"A1100";"P1D_L";"ZZ";"0.805"
"2003-01-08";"J02M0";"A1100";"P1D_L";"ZZ";"0.839"
"2003-01-09";"J02M0";"A1100";"P1D_L";"ZZ";"0.774"
"2003-01-10";"J02M0";"A1100";"P1D_L";"ZZ";"0.842"
"2003-01-13";"J02M0";"A1100";"P1D_L";"ZZ";"0.878"
"2003-01-14";"J02M0";"A1100";"P1D_L";"ZZ";"0.85"
"2003-01-15";"J02M0";"A1100";"P1D_L";"ZZ";"0.851"
"2003-01-16";"J02M0";"A1100";"P1D_L";"ZZ";"0.842"
"2003-01-17";"J02M0";"A1100";"P1D_L";"ZZ";"0.824"
"2003-01-20";"J02M0";"A1100";"P1D_L";"ZZ";"0.814"
"2003-01-21";"J02M0";"A1100";"P1D_L";"ZZ";"0.804"
"2003-01-22";"J02M0";"A1100";"P1D_L";"ZZ";"0.805"
"2003-01-23";"J02M0";"A1100";"P1D_L";"ZZ";"0.794"
"2003-01-24";"J02M0";"A1100";"P1D_L";"ZZ";"0.771"
"2003-01-27";"J02M0";"A1100";"P1D_L";"ZZ";"0.783"
"2003-01-28";"J02M0";"A1100";"P1D_L";"ZZ";"0.801"
"2003-01-29";"J02M0";"A1100";"P1D_L";"ZZ";"0.775"
"2003-01-30";"J02M0";"A1100";"P1D_L";"ZZ";"0.822"
"2003-01-31";"J02M0";"A1100";"P1D_L";"ZZ";"0.827"
"2003-02-03";"J02M0";"A1100";"P1D_L";"ZZ";"0.822"
"2003-02-04";"J02M0";"A1100";"P1D_L";"ZZ";"0.787"
"2003-02-05";"J02M0";"A1100";"P1D_L";"ZZ";"0.784"
"2003-02-06";"J02M0";"A1100";"P1D_L";"ZZ";"0.778"
"2003-02-07";"J02M0";"A1100";"P1D_L";"ZZ";"0.751"
"2003-02-10";"J02M0";"A1100";"P1D_L";"ZZ";"0.743"
"2003-02-11";"J02M0";"A1100";"P1D_L";"ZZ";"0.745"
"2003-02-12";"J02M0";"A1100";"P1D_L";"ZZ";"0.72"
"2003-02-13";"J02M0";"A1100";"P1D_L";"ZZ";"0.693"
"2003-02-14";"J02M0";"A1100";"P1D_L";"ZZ";"0.689"
"2003-02-17";"J02M0";"A1100";"P1D_L";"ZZ";"0.685"
"2003-02-18";"J02M0";"A1100";"P1D_L";"ZZ";"0.686"
"2003-02-19";"J02M0";"A1100";"P1D_L";"ZZ";"0.69"
"2003-02-20";"J02M0";"A1100";"P1D_L";"ZZ";"0.683"
"2003-02-21";"J02M0";"A1100";"P1D_L";"ZZ";"0.692"
"2003-02-24";"J02M0";"A1100";"P1D_L";"ZZ";"0.66"
"2003-02-25";"J02M0";"A1100";"P1D_L";"ZZ";"0.653"
"2003-02-26";"J02M0";"A1100";"P1D_L";"ZZ";"0.65"
"2003-02-27";"J02M0";"A1100";"P1D_L";"ZZ";"0.659"
"2003-02-28";"J02M0";"A1100";"P1D_L";"ZZ";"0.673"
"2003-03-03";"J02M0";"A1100";"P1D_L";"ZZ";"0.674"
"2003-03-04";"J02M0";"A1100";"P1D_L";"ZZ";"0.656"
"2003-03-05";"J02M0";"A1100";"P1D_L";"ZZ";"0.604"
"2003-03-06";"J02M0";"A1100";"P1D_L";"ZZ";"0.621"
"2003-03-07";"J02M0";"A1100";"P1D_L";"ZZ";"0.486"
"2003-03-10";"J02M0";"A1100";"P1D_L";"ZZ";"0.52"
"2003-03-11";"J02M0";"A1100";"P1D_L";"ZZ";"0.472"
"2003-03-12";"J02M0";"A1100";"P1D_L";"ZZ";"0.498"
"2003-03-13";"J02M0";"A1100";"P1D_L";"ZZ";"0.532"
"2003-03-14";"J02M0";"A1100";"P1D_L";"ZZ";"0.601"
"2003-03-17";"J02M0";"A1100";"P1D_L";"ZZ";"0.612"
"2003-03-18";"J02M0";"A1100";"P1D_L";"ZZ";"0.718"
"2003-03-19";"J02M0";"A1100";"P1D_L";"ZZ";"0.766"
"2003-03-20";"J02M0";"A1100";"P1D_L";"ZZ";"0.825"
"2003-03-21";"J02M0";"A1100";"P1D_L";"ZZ";"0.851"
"2003-03-24";"J02M0";"A1100";"P1D_L";"ZZ";"0.842"
"2003-03-25";"J02M0";"A1100";"P1D_L";"ZZ";"0.866"
"2003-03-26";"J02M0";"A1100";"P1D_L";"ZZ";"0.881"
"2003-03-27";"J02M0";"A1100";"P1D_L";"ZZ";"0.842"
"2003-03-28";"J02M0";"A1100";"P1D_L";"ZZ";"0.834"
"2003-03-31";"J02M0";"A1100";"P1D_L";"ZZ";"0.781"
"2003-04-01";"J02M0";"A1100";"P1D_L";"ZZ";"0.727"
"2003-04-02";"J02M0";"A1100";"P1D_L";"ZZ";"0.774"
"2003-04-03";"J02M0";"A1100";"P1D_L";"ZZ";"0.804"
"2003-04-04";"J02M0";"A1100";"P1D_L";"ZZ";"0.74"
"2003-04-07";"J02M0";"A1100";"P1D_L";"ZZ";"0.826"
"2003-04-08";"J02M0";"A1100";"P1D_L";"ZZ";"0.803"
"2003-04-09";"J02M0";"A1100";"P1D_L";"ZZ";"0.813"
"2003-04-10";"J02M0";"A1100";"P1D_L";"ZZ";"0.822"
"2003-04-11";"J02M0";"A1100";"P1D_L";"ZZ";"0.845"
"2003-04-14";"J02M0";"A1100";"P1D_L";"ZZ";"0.843"
"2003-04-15";"J02M0";"A1100";"P1D_L";"ZZ";"0.895"
"2003-04-16";"J02M0";"A1100";"P1D_L";"ZZ";"0.901"
"2003-04-17";"J02M0";"A1100";"P1D_L";"ZZ";"0.902"
"2003-04-18";"J02M0";"A1100";"P1D_L";"ZZ";
"2003-04-21";"J02M0";"A1100";"P1D_L";"ZZ";
"2003-04-22";"J02M0";"A1100";"P1D_L";"ZZ";"0.79"
"2003-04-23";"J02M0";"A1100";"P1D_L";"ZZ";"0.876"
"2003-04-24";"J02M0";"A1100";"P1D_L";"ZZ";"0.837"
"2003-04-25";"J02M0";"A1100";"P1D_L";"ZZ";"0.834"
"2003-04-28";"J02M0";"A1100";"P1D_L";"ZZ";"0.782"
"2003-04-29";"J02M0";"A1100";"P1D_L";"ZZ";"0.822"
"2003-04-30";"J02M0";"A1100";"P1D_L";"ZZ";"0.823"
"2003-05-01";"J02M0";"A1100";"P1D_L";"ZZ";
"2003-05-02";"J02M0";"A1100";"P1D_L";"ZZ";"0.751"
"2003-05-05";"J02M0";"A1100";"P1D_L";"ZZ";"0.732"
"2003-05-06";"J02M0";"A1100";"P1D_L";"ZZ";"0.717"
"2003-05-07";"J02M0";"A1100";"P1D_L";"ZZ";"0.652"
"2003-05-08";"J02M0";"A1100";"P1D_L";"ZZ";"0.684"
"2003-05-09";"J02M0";"A1100";"P1D_L";"ZZ";"0.635"
"2003-05-12";"J02M0";"A1100";"P1D_L";"ZZ";"0.605"
"2003-05-13";"J02M0";"A1100";"P1D_L";"ZZ";"0.651"
"2003-05-14";"J02M0";"A1100";"P1D_L";"ZZ";"0.643"
"2003-05-15";"J02M0";"A1100";"P1D_L";"ZZ";"0.615"
"2003-05-16";"J02M0";"A1100";"P1D_L";"ZZ";"0.6"
"2003-05-19";"J02M0";"A1100";"P1D_L";"ZZ";"0.552"
"2003-05-20";"J02M0";"A1100";"P1D_L";"ZZ";"0.555"
"2003-05-21";"J02M0";"A1100";"P1D_L";"ZZ";"0.547"
"2003-05-22";"J02M0";"A1100";"P1D_L";"ZZ";"0.536"
"2003-05-23";"J02M0";"A1100";"P1D_L";"ZZ";"0.511"
"2003-05-26";"J02M0";"A1100";"P1D_L";"ZZ";"0.537"
"2003-05-27";"J02M0";"A1100";"P1D_L";"ZZ";"0.577"
"2003-05-28";"J02M0";"A1100";"P1D_L";"ZZ";"0.606"
"2003-05-29";"J02M0";"A1100";"P1D_L";"ZZ";
"2003-05-30";"J02M0";"A1100";"P1D_L";"ZZ";"0.598"
"2003-06-02";"J02M0";"A1100";"P1D_L";"ZZ";"0.586"
"2003-06-03";"J02M0";"A1100";"P1D_L";"ZZ";"0.595"
"2003-06-04";"J02M0";"A1100";"P1D_L";"ZZ";"0.57"
"2003-06-05";"J02M0";"A1100";"P1D_L";"ZZ";"0.551"
"2003-06-06";"J02M0";"A1100";"P1D_L";"ZZ";"0.497"
"2003-06-09";"J02M0";"A1100";"P1D_L";"ZZ";
"2003-06-10";"J02M0";"A1100";"P1D_L";"ZZ";"0.506"
"2003-06-11";"J02M0";"A1100";"P1D_L";"ZZ";"0.475"
"2003-06-12";"J02M0";"A1100";"P1D_L";"ZZ";"0.507"
"2003-06-13";"J02M0";"A1100";"P1D_L";"ZZ";"0.504"
"2003-06-16";"J02M0";"A1100";"P1D_L";"ZZ";"0.54"
"2003-06-17";"J02M0";"A1100";"P1D_L";"ZZ";"0.574"
"2003-06-18";"J02M0";"A1100";"P1D_L";"ZZ";"0.627"
"2003-06-19";"J02M0";"A1100";"P1D_L";"ZZ";"0.679"
"2003-06-20";"J02M0";"A1100";"P1D_L";"ZZ";"0.647"
"2003-06-23";"J02M0";"A1100";"P1D_L";"ZZ";"0.664"
"2003-06-24";"J02M0";"A1100";"P1D_L";"ZZ";"0.65"
"2003-06-25";"J02M0";"A1100";"P1D_L";"ZZ";"0.64"
"2003-06-26";"J02M0";"A1100";"P1D_L";"ZZ";"0.675"
"2003-06-27";"J02M0";"A1100";"P1D_L";"ZZ";"0.665"
"2003-06-30";"J02M0";"A1100";"P1D_L";"ZZ";"0.664"
"2003-07-01";"J02M0";"A1100";"P1D_L";"ZZ";"0.644"
"2003-07-02";"J02M0";"A1100";"P1D_L";"ZZ";"0.636"
"2003-07-03";"J02M0";"A1100";"P1D_L";"ZZ";"0.652"
"2003-07-04";"J02M0";"A1100";"P1D_L";"ZZ";"0.614"
"2003-07-07";"J02M0";"A1100";"P1D_L";"ZZ";"0.618"
"2003-07-08";"J02M0";"A1100";"P1D_L";"ZZ";"0.624"
"2003-07-09";"J02M0";"A1100";"P1D_L";"ZZ";"0.622"
"2003-07-10";"J02M0";"A1100";"P1D_L";"ZZ";"0.605"
"2003-07-11";"J02M0";"A1100";"P1D_L";"ZZ";"0.617"
"2003-07-14";"J02M0";"A1100";"P1D_L";"ZZ";"0.609"
"2003-07-15";"J02M0";"A1100";"P1D_L";"ZZ";"0.616"
"2003-07-16";"J02M0";"A1100";"P1D_L";"ZZ";"0.657"
"2003-07-17";"J02M0";"A1100";"P1D_L";"ZZ";"0.648"
"2003-07-18";"J02M0";"A1100";"P1D_L";"ZZ";"0.655"
"2003-07-21";"J02M0";"A1100";"P1D_L";"ZZ";"0.694"
"2003-07-22";"J02M0";"A1100";"P1D_L";"ZZ";"0.713"
"2003-07-23";"J02M0";"A1100";"P1D_L";"ZZ";"0.714"
"2003-07-24";"J02M0";"A1100";"P1D_L";"ZZ";"0.699"
"2003-07-25";"J02M0";"A1100";"P1D_L";"ZZ";"0.727"
"2003-07-28";"J02M0";"A1100";"P1D_L";"ZZ";"0.717"
"2003-07-29";"J02M0";"A1100";"P1D_L";"ZZ";"0.8"
"2003-07-30";"J02M0";"A1100";"P1D_L";"ZZ";"0.721"
"2003-07-31";"J02M0";"A1100";"P1D_L";"ZZ";"0.721"
"2003-08-01";"J02M0";"A1100";"P1D_L";"ZZ";
"2003-08-04";"J02M0";"A1100";"P1D_L";"ZZ";"0.823"
"2003-08-05";"J02M0";"A1100";"P1D_L";"ZZ";"0.838"
"2003-08-06";"J02M0";"A1100";"P1D_L";"ZZ";"0.91"
"2003-08-07";"J02M0";"A1100";"P1D_L";"ZZ";"0.879"
"2003-08-08";"J02M0";"A1100";"P1D_L";"ZZ";"0.812"
"2003-08-11";"J02M0";"A1100";"P1D_L";"ZZ";"0.857"
"2003-08-12";"J02M0";"A1100";"P1D_L";"ZZ";"0.817"
"2003-08-13";"J02M0";"A1100";"P1D_L";"ZZ";"0.82"
"2003-08-14";"J02M0";"A1100";"P1D_L";"ZZ";"0.834"
"2003-08-15";"J02M0";"A1100";"P1D_L";"ZZ";"0.858"
"2003-08-18";"J02M0";"A1100";"P1D_L";"ZZ";"0.829"
"2003-08-19";"J02M0";"A1100";"P1D_L";"ZZ";"0.841"
"2003-08-20";"J02M0";"A1100";"P1D_L";"ZZ";"0.797"
"2003-08-21";"J02M0";"A1100";"P1D_L";"ZZ";"0.813"
"2003-08-22";"J02M0";"A1100";"P1D_L";"ZZ";"0.839"
"2003-08-25";"J02M0";"A1100";"P1D_L";"ZZ";"0.811"
"2003-08-26";"J02M0";"A1100";"P1D_L";"ZZ";"0.861"
"2003-08-27";"J02M0";"A1100";"P1D_L";"ZZ";"0.858"
"2003-08-28";"J02M0";"A1100";"P1D_L";"ZZ";"0.868"
"2003-08-29";"J02M0";"A1100";"P1D_L";"ZZ";"0.862"
"2003-09-01";"J02M0";"A1100";"P1D_L";"ZZ";"0.878"
"2003-09-02";"J02M0";"A1100";"P1D_L";"ZZ";"0.956"
"2003-09-03";"J02M0";"A1100";"P1D_L";"ZZ";"1.026"
"2003-09-04";"J02M0";"A1100";"P1D_L";"ZZ";"1.036"
"2003-09-05";"J02M0";"A1100";"P1D_L";"ZZ";"1.006"
"2003-09-08";"J02M0";"A1100";"P1D_L";"ZZ";"0.953"
"2003-09-09";"J02M0";"A1100";"P1D_L";"ZZ";"0.94"
"2003-09-10";"J02M0";"A1100";"P1D_L";"ZZ";"0.934"
"2003-09-11";"J02M0";"A1100";"P1D_L";"ZZ";"0.905"
"2003-09-12";"J02M0";"A1100";"P1D_L";"ZZ";"0.922"
"2003-09-15";"J02M0";"A1100";"P1D_L";"ZZ";"0.854"
"2003-09-16";"J02M0";"A1100";"P1D_L";"ZZ";"0.853"
"2003-09-17";"J02M0";"A1100";"P1D_L";"ZZ";"0.862"
"2003-09-18";"J02M0";"A1100";"P1D_L";"ZZ";"0.85"
"2003-09-19";"J02M0";"A1100";"P1D_L";"ZZ";"0.869"
"2003-09-22";"J02M0";"A1100";"P1D_L";"ZZ";"0.809"
"2003-09-23";"J02M0";"A1100";"P1D_L";"ZZ";"0.781"
"2003-09-24";"J02M0";"A1100";"P1D_L";"ZZ";"0.796"
"2003-09-25";"J02M0";"A1100";"P1D_L";"ZZ";"0.779"
"2003-09-26";"J02M0";"A1100";"P1D_L";"ZZ";"0.773"
"2003-09-29";"J02M0";"A1100";"P1D_L";"ZZ";"0.75"
"2003-09-30";"J02M0";"A1100";"P1D_L";"ZZ";"0.729"
"2003-10-01";"J02M0";"A1100";"P1D_L";"ZZ";"0.725"
"2003-10-02";"J02M0";"A1100";"P1D_L";"ZZ";"0.737"
"2003-10-03";"J02M0";"A1100";"P1D_L";"ZZ";"0.766"
"2003-10-06";"J02M0";"A1100";"P1D_L";"ZZ";"0.806"
"2003-10-07";"J02M0";"A1100";"P1D_L";"ZZ";"0.812"
"2003-10-08";"J02M0";"A1100";"P1D_L";"ZZ";"0.819"
"2003-10-09";"J02M0";"A1100";"P1D_L";"ZZ";"0.831"
"2003-10-10";"J02M0";"A1100";"P1D_L";"ZZ";"0.826"
"2003-10-13";"J02M0";"A1100";"P1D_L";"ZZ";"0.814"
"2003-10-14";"J02M0";"A1100";"P1D_L";"ZZ";"0.832"
"2003-10-15";"J02M0";"A1100";"P1D_L";"ZZ";"0.846"
"2003-10-16";"J02M0";"A1100";"P1D_L";"ZZ";"0.864"
"2003-10-17";"J02M0";"A1100";"P1D_L";"ZZ";"0.906"
"2003-10-20";"J02M0";"A1100";"P1D_L";"ZZ";"0.877"
"2003-10-21";"J02M0";"A1100";"P1D_L";"ZZ";"0.926"
"2003-10-22";"J02M0";"A1100";"P1D_L";"ZZ";"0.907"
"2003-10-23";"J02M0";"A1100";"P1D_L";"ZZ";"0.88"
"2003-10-24";"J02M0";"A1100";"P1D_L";"ZZ";"0.911"
"2003-10-27";"J02M0";"A1100";"P1D_L";"ZZ";"0.915"
"2003-10-28";"J02M0";"A1100";"P1D_L";"ZZ";"0.988"
"2003-10-29";"J02M0";"A1100";"P1D_L";"ZZ";"0.915"
"2003-10-30";"J02M0";"A1100";"P1D_L";"ZZ";"0.956"
"2003-10-31";"J02M0";"A1100";"P1D_L";"ZZ";"0.948"
"2003-11-03";"J02M0";"A1100";"P1D_L";"ZZ";"0.926"
"2003-11-04";"J02M0";"A1100";"P1D_L";"ZZ";"0.976"
"2003-11-05";"J02M0";"A1100";"P1D_L";"ZZ";"0.973"
"2003-11-06";"J02M0";"A1100";"P1D_L";"ZZ";"0.999"
"2003-11-07";"J02M0";"A1100";"P1D_L";"ZZ";"1.064"
"2003-11-10";"J02M0";"A1100";"P1D_L";"ZZ";"1.09"
"2003-11-11";"J02M0";"A1100";"P1D_L";"ZZ";"1.076"
"2003-11-12";"J02M0";"A1100";"P1D_L";"ZZ";"1.086"
"2003-11-13";"J02M0";"A1100";"P1D_L";"ZZ";"1.079"
"2003-11-14";"J02M0";"A1100";"P1D_L";"ZZ";"1.028"
"2003-11-17";"J02M0";"A1100";"P1D_L";"ZZ";"1.026"
"2003-11-18";"J02M0";"A1100";"P1D_L";"ZZ";"0.989"
"2003-11-19";"J02M0";"A1100";"P1D_L";"ZZ";"0.957"
"2003-11-20";"J02M0";"A1100";"P1D_L";"ZZ";"0.909"
"2003-11-21";"J02M0";"A1100";"P1D_L";"ZZ";"0.933"
"2003-11-24";"J02M0";"A1100";"P1D_L";"ZZ";"0.953"
"2003-11-25";"J02M0";"A1100";"P1D_L";"ZZ";"0.997"
"2003-11-26";"J02M0";"A1100";"P1D_L";"ZZ";"0.992"
"2003-11-27";"J02M0";"A1100";"P1D_L";"ZZ";"1.056"
"2003-11-28";"J02M0";"A1100";"P1D_L";"ZZ";"1.081"
"2003-12-01";"J02M0";"A1100";"P1D_L";"ZZ";"1.124"
"2003-12-02";"J02M0";"A1100";"P1D_L";"ZZ";"1.147"
"2003-12-03";"J02M0";"A1100";"P1D_L";"ZZ";"1.131"
"2003-12-04";"J02M0";"A1100";"P1D_L";"ZZ";"1.126"
"2003-12-05";"J02M0";"A1100";"P1D_L";"ZZ";"1.11"
"2003-12-08";"J02M0";"A1100";"P1D_L";"ZZ";"1.021"
"2003-12-09";"J02M0";"A1100";"P1D_L";"ZZ";"1.001"
"2003-12-10";"J02M0";"A1100";"P1D_L";"ZZ";"1.049"
"2003-12-11";"J02M0";"A1100";"P1D_L";"ZZ";"1.02"
"2003-12-12";"J02M0";"A1100";"P1D_L";"ZZ";"0.987"
"2003-12-15";"J02M0";"A1100";"P1D_L";"ZZ";"0.923"
"2003-12-16";"J02M0";"A1100";"P1D_L";"ZZ";"0.907"
"2003-12-17";"J02M0";"A1100";"P1D_L";"ZZ";"0.895"
"2003-12-18";"J02M0";"A1100";"P1D_L";"ZZ";"0.883"
"2003-12-19";"J02M0";"A1100";"P1D_L";"ZZ";"0.875"
"2003-12-22";"J02M0";"A1100";"P1D_L";"ZZ";"0.879"
"2003-12-23";"J02M0";"A1100";"P1D_L";"ZZ";"0.897"
"2003-12-24";"J02M0";"A1100";"P1D_L";"ZZ";
"2003-12-25";"J02M0";"A1100";"P1D_L";"ZZ";
"2003-12-26";"J02M0";"A1100";"P1D_L";"ZZ";
"2003-12-29";"J02M0";"A1100";"P1D_L";"ZZ";"0.943"
"2003-12-30";"J02M0";"A1100";"P1D_L";"ZZ";"0.938"
"2003-12-31";"J02M0";"A1100";"P1D_L";"ZZ";
"2004-01-01";"J02M0";"A1100";"P1D_L";"ZZ";
"2004-01-02";"J02M0";"A1100";"P1D_L";"ZZ";
"2004-01-05";"J02M0";"A1100";"P1D_L";"ZZ";"0.969"
"2004-01-06";"J02M0";"A1100";"P1D_L";"ZZ";"0.947"
"2004-01-07";"J02M0";"A1100";"P1D_L";"ZZ";"0.936"
"2004-01-08";"J02M0";"A1100";"P1D_L";"ZZ";"0.939"
"2004-01-09";"J02M0";"A1100";"P1D_L";"ZZ";"0.931"
"2004-01-12";"J02M0";"A1100";"P1D_L";"ZZ";"0.845"
"2004-01-13";"J02M0";"A1100";"P1D_L";"ZZ";"0.849"
"2004-01-14";"J02M0";"A1100";"P1D_L";"ZZ";"0.826"
"2004-01-15";"J02M0";"A1100";"P1D_L";"ZZ";"0.82"
"2004-01-16";"J02M0";"A1100";"P1D_L";"ZZ";"0.809"
"2004-01-19";"J02M0";"A1100";"P1D_L";"ZZ";"0.801"
"2004-01-20";"J02M0";"A1100";"P1D_L";"ZZ";"0.791"
"2004-01-21";"J02M0";"A1100";"P1D_L";"ZZ";"0.762"
"2004-01-22";"J02M0";"A1100";"P1D_L";"ZZ";"0.766"
"2004-01-23";"J02M0";"A1100";"P1D_L";"ZZ";"0.736"
"2004-01-26";"J02M0";"A1100";"P1D_L";"ZZ";"0.748"
"2004-01-27";"J02M0";"A1100";"P1D_L";"ZZ";"0.793"
"2004-01-28";"J02M0";"A1100";"P1D_L";"ZZ";"0.773"
"2004-01-29";"J02M0";"A1100";"P1D_L";"ZZ";"0.798"
"2004-01-30";"J02M0";"A1100";"P1D_L";"ZZ";"0.852"
"2004-02-02";"J02M0";"A1100";"P1D_L";"ZZ";"0.814"
"2004-02-03";"J02M0";"A1100";"P1D_L";"ZZ";"0.787"
"2004-02-04";"J02M0";"A1100";"P1D_L";"ZZ";"0.772"
"2004-02-05";"J02M0";"A1100";"P1D_L";"ZZ";"0.793"
"2004-02-06";"J02M0";"A1100";"P1D_L";"ZZ";"0.803"
"2004-02-09";"J02M0";"A1100";"P1D_L";"ZZ";"0.764"
"2004-02-10";"J02M0";"A1100";"P1D_L";"ZZ";"0.742"
"2004-02-11";"J02M0";"A1100";"P1D_L";"ZZ";"0.764"
"2004-02-12";"J02M0";"A1100";"P1D_L";"ZZ";"0.735"
"2004-02-13";"J02M0";"A1100";"P1D_L";"ZZ";"0.717"
"2004-02-16";"J02M0";"A1100";"P1D_L";"ZZ";"0.663"
"2004-02-17";"J02M0";"A1100";"P1D_L";"ZZ";"0.635"
"2004-02-18";"J02M0";"A1100";"P1D_L";"ZZ";"0.696"
"2004-02-19";"J02M0";"A1100";"P1D_L";"ZZ";"0.722"
"2004-02-20";"J02M0";"A1100";"P1D_L";"ZZ";"0.741"
"2004-02-23";"J02M0";"A1100";"P1D_L";"ZZ";"0.746"
"2004-02-24";"J02M0";"A1100";"P1D_L";"ZZ";"0.755"
"2004-02-25";"J02M0";"A1100";"P1D_L";"ZZ";"0.732"
"2004-02-26";"J02M0";"A1100";"P1D_L";"ZZ";"0.734"
"2004-02-27";"J02M0";"A1100";"P1D_L";"ZZ";"0.71"
"2004-03-01";"J02M0";"A1100";"P1D_L";"ZZ";"0.688"
"2004-03-02";"J02M0";"A1100";"P1D_L";"ZZ";"0.73"
"2004-03-03";"J02M0";"A1100";"P1D_L";"ZZ";"0.769"
"2004-03-04";"J02M0";"A1100";"P1D_L";"ZZ";"0.762"
"2004-03-05";"J02M0";"A1100";"P1D_L";"ZZ";"0.747"
"2004-03-08";"J02M0";"A1100";"P1D_L";"ZZ";"0.69"
"2004-03-09";"J02M0";"A1100";"P1D_L";"ZZ";"0.657"
"2004-03-10";"J02M0";"A1100";"P1D_L";"ZZ";"0.684"
"2004-03-11";"J02M0";"A1100";"P1D_L";"ZZ";"0.688"
"2004-03-12";"J02M0";"A1100";"P1D_L";"ZZ";"0.65"
"2004-03-15";"J02M0";"A1100";"P1D_L";"ZZ";"0.634"
"2004-03-16";"J02M0";"A1100";"P1D_L";"ZZ";"0.645"
"2004-03-17";"J02M0";"A1100";"P1D_L";"ZZ";"0.657"
"2004-03-18";"J02M0";"A1100";"P1D_L";"ZZ";"0.689"
"2004-03-19";"J02M0";"A1100";"P1D_L";"ZZ";"0.71"
"2004-03-22";"J02M0";"A1100";"P1D_L";"ZZ";"0.698"
"2004-03-23";"J02M0";"A1100";"P1D_L";"ZZ";"0.702"
"2004-03-24";"J02M0";"A1100";"P1D_L";"ZZ";"0.673"
"2004-03-25";"J02M0";"A1100";"P1D_L";"ZZ";"0.675"
"2004-03-26";"J02M0";"A1100";"P1D_L";"ZZ";"0.693"
"2004-03-29";"J02M0";"A1100";"P1D_L";"ZZ";"0.711"
"2004-03-30";"J02M0";"A1100";"P1D_L";"ZZ";"0.722"
"2004-03-31";"J02M0";"A1100";"P1D_L";"ZZ";"0.74"
"2004-04-01";"J02M0";"A1100";"P1D_L";"ZZ";"0.759"
"2004-04-02";"J02M0";"A1100";"P1D_L";"ZZ";"0.792"
"2004-04-05";"J02M0";"A1100";"P1D_L";"ZZ";"0.893"
"2004-04-06";"J02M0";"A1100";"P1D_L";"ZZ";"0.9"
"2004-04-07";"J02M0";"A1100";"P1D_L";"ZZ";"0.903"
"2004-04-08";"J02M0";"A1100";"P1D_L";"ZZ";"0.969"
"2004-04-09";"J02M0";"A1100";"P1D_L";"ZZ";
"2004-04-12";"J02M0";"A1100";"P1D_L";"ZZ";
"2004-04-13";"J02M0";"A1100";"P1D_L";"ZZ";"0.992"
"2004-04-14";"J02M0";"A1100";"P1D_L";"ZZ";"1.003"
"2004-04-15";"J02M0";"A1100";"P1D_L";"ZZ";"0.967"
"2004-04-16";"J02M0";"A1100";"P1D_L";"ZZ";"1.031"
"2004-04-19";"J02M0";"A1100";"P1D_L";"ZZ";"1.02"
"2004-04-20";"J02M0";"A1100";"P1D_L";"ZZ";"1.018"
"2004-04-21";"J02M0";"A1100";"P1D_L";"ZZ";"1.059"
"2004-04-22";"J02M0";"A1100";"P1D_L";"ZZ";"1.059"
"2004-04-23";"J02M0";"A1100";"P1D_L";"ZZ";"1.052"
"2004-04-26";"J02M0";"A1100";"P1D_L";"ZZ";"1.111"
"2004-04-27";"J02M0";"A1100";"P1D_L";"ZZ";"1.161"
"2004-04-28";"J02M0";"A1100";"P1D_L";"ZZ";"1.154"
"2004-04-29";"J02M0";"A1100";"P1D_L";"ZZ";"1.212"
"2004-04-30";"J02M0";"A1100";"P1D_L";"ZZ";"1.132"
"2004-05-03";"J02M0";"A1100";"P1D_L";"ZZ";"1.109"
"2004-05-04";"J02M0";"A1100";"P1D_L";"ZZ";"1.075"
"2004-05-05";"J02M0";"A1100";"P1D_L";"ZZ";"1.081"
"2004-05-06";"J02M0";"A1100";"P1D_L";"ZZ";"1.104"
"2004-05-07";"J02M0";"A1100";"P1D_L";"ZZ";"1.153"
"2004-05-10";"J02M0";"A1100";"P1D_L";"ZZ";"1.196"
"2004-05-11";"J02M0";"A1100";"P1D_L";"ZZ";"1.259"
"2004-05-12";"J02M0";"A1100";"P1D_L";"ZZ";"1.215"
"2004-05-13";"J02M0";"A1100";"P1D_L";"ZZ";"1.239"
"2004-05-14";"J02M0";"A1100";"P1D_L";"ZZ";"1.223"
"2004-05-17";"J02M0";"A1100";"P1D_L";"ZZ";"1.169"
"2004-05-18";"J02M0";"A1100";"P1D_L";"ZZ";"1.166"
"2004-05-19";"J02M0";"A1100";"P1D_L";"ZZ";"1.155"
"2004-05-20";"J02M0";"A1100";"P1D_L";"ZZ";
"2004-05-21";"J02M0";"A1100";"P1D_L";"ZZ";"1.178"
"2004-05-24";"J02M0";"A1100";"P1D_L";"ZZ";"1.254"
"2004-05-25";"J02M0";"A1100";"P1D_L";"ZZ";"1.191"
"2004-05-26";"J02M0";"A1100";"P1D_L";"ZZ";"1.18"
"2004-05-27";"J02M0";"A1100";"P1D_L";"ZZ";"1.237"
"2004-05-28";"J02M0";"A1100";"P1D_L";"ZZ";"1.226"
"2004-05-31";"J02M0";"A1100";"P1D_L";"ZZ";
"2004-06-01";"J02M0";"A1100";"P1D_L";"ZZ";"1.256"
"2004-06-02";"J02M0";"A1100";"P1D_L";"ZZ";"1.276"
"2004-06-03";"J02M0";"A1100";"P1D_L";"ZZ";"1.295"
"2004-06-04";"J02M0";"A1100";"P1D_L";"ZZ";"1.335"
"2004-06-07";"J02M0";"A1100";"P1D_L";"ZZ";"1.351"
"2004-06-08";"J02M0";"A1100";"P1D_L";"ZZ";"1.376"
"2004-06-09";"J02M0";"A1100";"P1D_L";"ZZ";"1.398"
"2004-06-10";"J02M0";"A1100";"P1D_L";"ZZ";"1.471"
"2004-06-11";"J02M0";"A1100";"P1D_L";"ZZ";"1.526"
"2004-06-14";"J02M0";"A1100";"P1D_L";"ZZ";"1.515"
"2004-06-15";"J02M0";"A1100";"P1D_L";"ZZ";"1.54"
"2004-06-16";"J02M0";"A1100";"P1D_L";"ZZ";"1.446"
"2004-06-17";"J02M0";"A1100";"P1D_L";"ZZ";"1.499"
"2004-06-18";"J02M0";"A1100";"P1D_L";"ZZ";"1.482"
"2004-06-21";"J02M0";"A1100";"P1D_L";"ZZ";"1.479"
"2004-06-22";"J02M0";"A1100";"P1D_L";"ZZ";"1.459"
"2004-06-23";"J02M0";"A1100";"P1D_L";"ZZ";"1.47"
"2004-06-24";"J02M0";"A1100";"P1D_L";"ZZ";"1.47"
"2004-06-25";"J02M0";"A1100";"P1D_L";"ZZ";"1.455"
"2004-06-28";"J02M0";"A1100";"P1D_L";"ZZ";"1.547"
"2004-06-29";"J02M0";"A1100";"P1D_L";"ZZ";"1.511"
"2004-06-30";"J02M0";"A1100";"P1D_L";"ZZ";"1.506"
"2004-07-01";"J02M0";"A1100";"P1D_L";"ZZ";"1.521"
"2004-07-02";"J02M0";"A1100";"P1D_L";"ZZ";"1.5"
"2004-07-05";"J02M0";"A1100";"P1D_L";"ZZ";"1.408"
"2004-07-06";"J02M0";"A1100";"P1D_L";"ZZ";"1.384"
"2004-07-07";"J02M0";"A1100";"P1D_L";"ZZ";"1.387"
"2004-07-08";"J02M0";"A1100";"P1D_L";"ZZ";"1.355"
"2004-07-09";"J02M0";"A1100";"P1D_L";"ZZ";"1.35"
"2004-07-12";"J02M0";"A1100";"P1D_L";"ZZ";"1.344"
"2004-07-13";"J02M0";"A1100";"P1D_L";"ZZ";"1.337"
"2004-07-14";"J02M0";"A1100";"P1D_L";"ZZ";"1.375"
"2004-07-15";"J02M0";"A1100";"P1D_L";"ZZ";"1.385"
"2004-07-16";"J02M0";"A1100";"P1D_L";"ZZ";"1.387"
"2004-07-19";"J02M0";"A1100";"P1D_L";"ZZ";"1.348"
"2004-07-20";"J02M0";"A1100";"P1D_L";"ZZ";"1.346"
"2004-07-21";"J02M0";"A1100";"P1D_L";"ZZ";"1.393"
"2004-07-22";"J02M0";"A1100";"P1D_L";"ZZ";"1.435"
"2004-07-23";"J02M0";"A1100";"P1D_L";"ZZ";"1.386"
"2004-07-26";"J02M0";"A1100";"P1D_L";"ZZ";"1.405"
"2004-07-27";"J02M0";"A1100";"P1D_L";"ZZ";"1.412"
"2004-07-28";"J02M0";"A1100";"P1D_L";"ZZ";"1.457"
"2004-07-29";"J02M0";"A1100";"P1D_L";"ZZ";"1.451"
"2004-07-30";"J02M0";"A1100";"P1D_L";"ZZ";"1.415"
"2004-08-02";"J02M0";"A1100";"P1D_L";"ZZ";"1.382"
"2004-08-03";"J02M0";"A1100";"P1D_L";"ZZ";"1.406"
"2004-08-04";"J02M0";"A1100";"P1D_L";"ZZ";"1.348"
"2004-08-05";"J02M0";"A1100";"P1D_L";"ZZ";"1.261"
"2004-08-06";"J02M0";"A1100";"P1D_L";"ZZ";"1.232"
"2004-08-09";"J02M0";"A1100";"P1D_L";"ZZ";"1.107"
"2004-08-10";"J02M0";"A1100";"P1D_L";"ZZ";"1.147"
"2004-08-11";"J02M0";"A1100";"P1D_L";"ZZ";"1.166"
"2004-08-12";"J02M0";"A1100";"P1D_L";"ZZ";"1.165"
"2004-08-13";"J02M0";"A1100";"P1D_L";"ZZ";"1.146"
"2004-08-16";"J02M0";"A1100";"P1D_L";"ZZ";"1.13"
"2004-08-17";"J02M0";"A1100";"P1D_L";"ZZ";"1.147"
"2004-08-18";"J02M0";"A1100";"P1D_L";"ZZ";"1.147"
"2004-08-19";"J02M0";"A1100";"P1D_L";"ZZ";"1.16"
"2004-08-20";"J02M0";"A1100";"P1D_L";"ZZ";"1.145"
"2004-08-23";"J02M0";"A1100";"P1D_L";"ZZ";"1.184"
"2004-08-24";"J02M0";"A1100";"P1D_L";"ZZ";"1.2"
"2004-08-25";"J02M0";"A1100";"P1D_L";"ZZ";"1.224"
"2004-08-26";"J02M0";"A1100";"P1D_L";"ZZ";"1.244"
"2004-08-27";"J02M0";"A1100";"P1D_L";"ZZ";"1.213"
"2004-08-30";"J02M0";"A1100";"P1D_L";"ZZ";"1.249"
"2004-08-31";"J02M0";"A1100";"P1D_L";"ZZ";"1.182"
"2004-09-01";"J02M0";"A1100";"P1D_L";"ZZ";"1.205"
"2004-09-02";"J02M0";"A1100";"P1D_L";"ZZ";"1.216"
"2004-09-03";"J02M0";"A1100";"P1D_L";"ZZ";"1.274"
"2004-09-06";"J02M0";"A1100";"P1D_L";"ZZ";"1.27"
"2004-09-07";"J02M0";"A1100";"P1D_L";"ZZ";"1.287"
"2004-09-08";"J02M0";"A1100";"P1D_L";"ZZ";"1.267"
"2004-09-09";"J02M0";"A1100";"P1D_L";"ZZ";"1.341"
"2004-09-10";"J02M0";"A1100";"P1D_L";"ZZ";"1.281"
"2004-09-13";"J02M0";"A1100";"P1D_L";"ZZ";"1.285"
"2004-09-14";"J02M0";"A1100";"P1D_L";"ZZ";"1.267"
"2004-09-15";"J02M0";"A1100";"P1D_L";"ZZ";"1.323"
"2004-09-16";"J02M0";"A1100";"P1D_L";"ZZ";"1.327"
"2004-09-17";"J02M0";"A1100";"P1D_L";"ZZ";"1.312"
"2004-09-20";"J02M0";"A1100";"P1D_L";"ZZ";"1.327"
"2004-09-21";"J02M0";"A1100";"P1D_L";"ZZ";"1.321"
"2004-09-22";"J02M0";"A1100";"P1D_L";"ZZ";"1.31"
"2004-09-23";"J02M0";"A1100";"P1D_L";"ZZ";"1.257"
"2004-09-24";"J02M0";"A1100";"P1D_L";"ZZ";"1.306"
"2004-09-27";"J02M0";"A1100";"P1D_L";"ZZ";"1.277"
"2004-09-28";"J02M0";"A1100";"P1D_L";"ZZ";"1.29"
"2004-09-29";"J02M0";"A1100";"P1D_L";"ZZ";"1.313"
"2004-09-30";"J02M0";"A1100";"P1D_L";"ZZ";"1.314"
"2004-10-01";"J02M0";"A1100";"P1D_L";"ZZ";"1.301"
"2004-10-04";"J02M0";"A1100";"P1D_L";"ZZ";"1.246"
"2004-10-05";"J02M0";"A1100";"P1D_L";"ZZ";"1.232"
"2004-10-06";"J02M0";"A1100";"P1D_L";"ZZ";"1.24"
"2004-10-07";"J02M0";"A1100";"P1D_L";"ZZ";"1.221"
"2004-10-08";"J02M0";"A1100";"P1D_L";"ZZ";"1.262"
"2004-10-11";"J02M0";"A1100";"P1D_L";"ZZ";"1.213"
"2004-10-12";"J02M0";"A1100";"P1D_L";"ZZ";"1.163"
"2004-10-13";"J02M0";"A1100";"P1D_L";"ZZ";"1.156"
"2004-10-14";"J02M0";"A1100";"P1D_L";"ZZ";"1.131"
"2004-10-15";"J02M0";"A1100";"P1D_L";"ZZ";"1.146"
"2004-10-18";"J02M0";"A1100";"P1D_L";"ZZ";"1.186"
"2004-10-19";"J02M0";"A1100";"P1D_L";"ZZ";"1.11"
"2004-10-20";"J02M0";"A1100";"P1D_L";"ZZ";"1.103"
"2004-10-21";"J02M0";"A1100";"P1D_L";"ZZ";"1.07"
"2004-10-22";"J02M0";"A1100";"P1D_L";"ZZ";"1.085"
"2004-10-25";"J02M0";"A1100";"P1D_L";"ZZ";"1.094"
"2004-10-26";"J02M0";"A1100";"P1D_L";"ZZ";"1.083"
"2004-10-27";"J02M0";"A1100";"P1D_L";"ZZ";"1.116"
"2004-10-28";"J02M0";"A1100";"P1D_L";"ZZ";"1.091"
"2004-10-29";"J02M0";"A1100";"P1D_L";"ZZ";"1.141"
"2004-11-01";"J02M0";"A1100";"P1D_L";"ZZ";"1.115"
"2004-11-02";"J02M0";"A1100";"P1D_L";"ZZ";"1.115"
"2004-11-03";"J02M0";"A1100";"P1D_L";"ZZ";"1.157"
"2004-11-04";"J02M0";"A1100";"P1D_L";"ZZ";"1.137"
"2004-11-05";"J02M0";"A1100";"P1D_L";"ZZ";"1.119"
"2004-11-08";"J02M0";"A1100";"P1D_L";"ZZ";"1.179"
"2004-11-09";"J02M0";"A1100";"P1D_L";"ZZ";"1.245"
"2004-11-10";"J02M0";"A1100";"P1D_L";"ZZ";"1.266"
"2004-11-11";"J02M0";"A1100";"P1D_L";"ZZ";"1.215"
"2004-11-12";"J02M0";"A1100";"P1D_L";"ZZ";"1.171"
"2004-11-15";"J02M0";"A1100";"P1D_L";"ZZ";"1.217"
"2004-11-16";"J02M0";"A1100";"P1D_L";"ZZ";"1.201"
"2004-11-17";"J02M0";"A1100";"P1D_L";"ZZ";"1.203"
"2004-11-18";"J02M0";"A1100";"P1D_L";"ZZ";"1.219"
"2004-11-19";"J02M0";"A1100";"P1D_L";"ZZ";"1.254"
"2004-11-22";"J02M0";"A1100";"P1D_L";"ZZ";"1.271"
"2004-11-23";"J02M0";"A1100";"P1D_L";"ZZ";"1.283"
"2004-11-24";"J02M0";"A1100";"P1D_L";"ZZ";"1.242"
"2004-11-25";"J02M0";"A1100";"P1D_L";"ZZ";"1.272"
"2004-11-26";"J02M0";"A1100";"P1D_L";"ZZ";"1.25"
"2004-11-29";"J02M0";"A1100";"P1D_L";"ZZ";"1.239"
"2004-11-30";"J02M0";"A1100";"P1D_L";"ZZ";"1.245"
"2004-12-01";"J02M0";"A1100";"P1D_L";"ZZ";"1.208"
"2004-12-02";"J02M0";"A1100";"P1D_L";"ZZ";"1.193"
"2004-12-03";"J02M0";"A1100";"P1D_L";"ZZ";"1.237"
"2004-12-06";"J02M0";"A1100";"P1D_L";"ZZ";"1.152"
"2004-12-07";"J02M0";"A1100";"P1D_L";"ZZ";"1.109"
"2004-12-08";"J02M0";"A1100";"P1D_L";"ZZ";"1.162"
"2004-12-09";"J02M0";"A1100";"P1D_L";"ZZ";"1.133"
"2004-12-10";"J02M0";"A1100";"P1D_L";"ZZ";"1.1"
"2004-12-13";"J02M0";"A1100";"P1D_L";"ZZ";"1.103"
"2004-12-14";"J02M0";"A1100";"P1D_L";"ZZ";"1.104"
"2004-12-15";"J02M0";"A1100";"P1D_L";"ZZ";"1.126"
"2004-12-16";"J02M0";"A1100";"P1D_L";"ZZ";"1.111"
"2004-12-17";"J02M0";"A1100";"P1D_L";"ZZ";"1.087"
"2004-12-20";"J02M0";"A1100";"P1D_L";"ZZ";"1.12"
"2004-12-21";"J02M0";"A1100";"P1D_L";"ZZ";"1.154"
"2004-12-22";"J02M0";"A1100";"P1D_L";"ZZ";"1.14"
"2004-12-23";"J02M0";"A1100";"P1D_L";"ZZ";"1.126"
"2004-12-24";"J02M0";"A1100";"P1D_L";"ZZ";
"2004-12-27";"J02M0";"A1100";"P1D_L";"ZZ";"1.175"
"2004-12-28";"J02M0";"A1100";"P1D_L";"ZZ";"1.053"
"2004-12-29";"J02M0";"A1100";"P1D_L";"ZZ";"1.095"
"2004-12-30";"J02M0";"A1100";"P1D_L";"ZZ";"1.137"
"2004-12-31";"J02M0";"A1100";"P1D_L";"ZZ";
"2005-01-03";"J02M0";"A1100";"P1D_L";"ZZ";"1.116"
"2005-01-04";"J02M0";"A1100";"P1D_L";"ZZ";"1.062"
"2005-01-05";"J02M0";"A1100";"P1D_L";"ZZ";"1.082"
"2005-01-06";"J02M0";"A1100";"P1D_L";"ZZ";"1.069"
"2005-01-07";"J02M0";"A1100";"P1D_L";"ZZ";"1.061"
"2005-01-10";"J02M0";"A1100";"P1D_L";"ZZ";"1.081"
"2005-01-11";"J02M0";"A1100";"P1D_L";"ZZ";"1.076"
"2005-01-12";"J02M0";"A1100";"P1D_L";"ZZ";"1.061"
"2005-01-13";"J02M0";"A1100";"P1D_L";"ZZ";"1.104"
"2005-01-14";"J02M0";"A1100";"P1D_L";"ZZ";"1.078"
"2005-01-17";"J02M0";"A1100";"P1D_L";"ZZ";"1.048"
"2005-01-18";"J02M0";"A1100";"P1D_L";"ZZ";"1.047"
"2005-01-19";"J02M0";"A1100";"P1D_L";"ZZ";"1.057"
"2005-01-20";"J02M0";"A1100";"P1D_L";"ZZ";"1.062"
"2005-01-21";"J02M0";"A1100";"P1D_L";"ZZ";"1.063"
"2005-01-24";"J02M0";"A1100";"P1D_L";"ZZ";"1.025"
"2005-01-25";"J02M0";"A1100";"P1D_L";"ZZ";"1.029"
"2005-01-26";"J02M0";"A1100";"P1D_L";"ZZ";"1.05"
"2005-01-27";"J02M0";"A1100";"P1D_L";"ZZ";"1.108"
"2005-01-28";"J02M0";"A1100";"P1D_L";"ZZ";"1.1"
"2005-01-31";"J02M0";"A1100";"P1D_L";"ZZ";"1.079"
"2005-02-01";"J02M0";"A1100";"P1D_L";"ZZ";"1.069"
"2005-02-02";"J02M0";"A1100";"P1D_L";"ZZ";"1.013"
"2005-02-03";"J02M0";"A1100";"P1D_L";"ZZ";"1.067"
"2005-02-04";"J02M0";"A1100";"P1D_L";"ZZ";"1.043"
"2005-02-07";"J02M0";"A1100";"P1D_L";"ZZ";"0.996"
"2005-02-08";"J02M0";"A1100";"P1D_L";"ZZ";"1.023"
"2005-02-09";"J02M0";"A1100";"P1D_L";"ZZ";"1.034"
"2005-02-10";"J02M0";"A1100";"P1D_L";"ZZ";"1.019"
"2005-02-11";"J02M0";"A1100";"P1D_L";"ZZ";"1.023"
"2005-02-14";"J02M0";"A1100";"P1D_L";"ZZ";"1.03"
"2005-02-15";"J02M0";"A1100";"P1D_L";"ZZ";"1.094"
"2005-02-16";"J02M0";"A1100";"P1D_L";"ZZ";"1.103"
"2005-02-17";"J02M0";"A1100";"P1D_L";"ZZ";"1.1"
"2005-02-18";"J02M0";"A1100";"P1D_L";"ZZ";"1.139"
"2005-02-21";"J02M0";"A1100";"P1D_L";"ZZ";"1.127"
"2005-02-22";"J02M0";"A1100";"P1D_L";"ZZ";"1.111"
"2005-02-23";"J02M0";"A1100";"P1D_L";"ZZ";"1.117"
"2005-02-24";"J02M0";"A1100";"P1D_L";"ZZ";"1.125"
"2005-02-25";"J02M0";"A1100";"P1D_L";"ZZ";"1.128"
"2005-02-28";"J02M0";"A1100";"P1D_L";"ZZ";"1.124"
"2005-03-01";"J02M0";"A1100";"P1D_L";"ZZ";"1.151"
"2005-03-02";"J02M0";"A1100";"P1D_L";"ZZ";"1.149"
"2005-03-03";"J02M0";"A1100";"P1D_L";"ZZ";"1.108"
"2005-03-04";"J02M0";"A1100";"P1D_L";"ZZ";"1.092"
"2005-03-07";"J02M0";"A1100";"P1D_L";"ZZ";"1.084"
"2005-03-08";"J02M0";"A1100";"P1D_L";"ZZ";"1.108"
"2005-03-09";"J02M0";"A1100";"P1D_L";"ZZ";"1.096"
"2005-03-10";"J02M0";"A1100";"P1D_L";"ZZ";"1.14"
"2005-03-11";"J02M0";"A1100";"P1D_L";"ZZ";"1.131"
"2005-03-14";"J02M0";"A1100";"P1D_L";"ZZ";"1.113"
"2005-03-15";"J02M0";"A1100";"P1D_L";"ZZ";"1.109"
"2005-03-16";"J02M0";"A1100";"P1D_L";"ZZ";"1.099"
"2005-03-17";"J02M0";"A1100";"P1D_L";"ZZ";"1.142"
"2005-03-18";"J02M0";"A1100";"P1D_L";"ZZ";"1.111"
"2005-03-21";"J02M0";"A1100";"P1D_L";"ZZ";"1.135"
"2005-03-22";"J02M0";"A1100";"P1D_L";"ZZ";"1.15"
"2005-03-23";"J02M0";"A1100";"P1D_L";"ZZ";"1.145"
"2005-03-24";"J02M0";"A1100";"P1D_L";"ZZ";"1.216"
"2005-03-25";"J02M0";"A1100";"P1D_L";"ZZ";
"2005-03-28";"J02M0";"A1100";"P1D_L";"ZZ";
"2005-03-29";"J02M0";"A1100";"P1D_L";"ZZ";"1.163"
"2005-03-30";"J02M0";"A1100";"P1D_L";"ZZ";"1.185"
"2005-03-31";"J02M0";"A1100";"P1D_L";"ZZ";"1.14"
"2005-04-01";"J02M0";"A1100";"P1D_L";"ZZ";"1.088"
"2005-04-04";"J02M0";"A1100";"P1D_L";"ZZ";"1.09"
"2005-04-05";"J02M0";"A1100";"P1D_L";"ZZ";"1.097"
"2005-04-06";"J02M0";"A1100";"P1D_L";"ZZ";"1.058"
"2005-04-07";"J02M0";"A1100";"P1D_L";"ZZ";"1.114"
"2005-04-08";"J02M0";"A1100";"P1D_L";"ZZ";"1.08"
"2005-04-11";"J02M0";"A1100";"P1D_L";"ZZ";"1.066"
"2005-04-12";"J02M0";"A1100";"P1D_L";"ZZ";"1.074"
"2005-04-13";"J02M0";"A1100";"P1D_L";"ZZ";"1.015"
"2005-04-14";"J02M0";"A1100";"P1D_L";"ZZ";"1.031"
"2005-04-15";"J02M0";"A1100";"P1D_L";"ZZ";"0.997"
"2005-04-18";"J02M0";"A1100";"P1D_L";"ZZ";"0.948"
"2005-04-19";"J02M0";"A1100";"P1D_L";"ZZ";"0.918"
"2005-04-20";"J02M0";"A1100";"P1D_L";"ZZ";"0.91"
"2005-04-21";"J02M0";"A1100";"P1D_L";"ZZ";"0.931"
"2005-04-22";"J02M0";"A1100";"P1D_L";"ZZ";"0.959"
"2005-04-25";"J02M0";"A1100";"P1D_L";"ZZ";"0.941"
"2005-04-26";"J02M0";"A1100";"P1D_L";"ZZ";"0.965"
"2005-04-27";"J02M0";"A1100";"P1D_L";"ZZ";"0.947"
"2005-04-28";"J02M0";"A1100";"P1D_L";"ZZ";"0.945"
"2005-04-29";"J02M0";"A1100";"P1D_L";"ZZ";"0.952"
"2005-05-02";"J02M0";"A1100";"P1D_L";"ZZ";"0.955"
"2005-05-03";"J02M0";"A1100";"P1D_L";"ZZ";"0.977"
"2005-05-04";"J02M0";"A1100";"P1D_L";"ZZ";"0.952"
"2005-05-05";"J02M0";"A1100";"P1D_L";"ZZ";
"2005-05-06";"J02M0";"A1100";"P1D_L";"ZZ";"0.899"
"2005-05-09";"J02M0";"A1100";"P1D_L";"ZZ";"0.955"
"2005-05-10";"J02M0";"A1100";"P1D_L";"ZZ";"0.947"
"2005-05-11";"J02M0";"A1100";"P1D_L";"ZZ";"0.978"
"2005-05-12";"J02M0";"A1100";"P1D_L";"ZZ";"0.941"
"2005-05-13";"J02M0";"A1100";"P1D_L";"ZZ";"0.906"
"2005-05-16";"J02M0";"A1100";"P1D_L";"ZZ";
"2005-05-17";"J02M0";"A1100";"P1D_L";"ZZ";"0.899"
"2005-05-18";"J02M0";"A1100";"P1D_L";"ZZ";"0.944"
"2005-05-19";"J02M0";"A1100";"P1D_L";"ZZ";"0.918"
"2005-05-20";"J02M0";"A1100";"P1D_L";"ZZ";"0.93"
"2005-05-23";"J02M0";"A1100";"P1D_L";"ZZ";"0.95"
"2005-05-24";"J02M0";"A1100";"P1D_L";"ZZ";"0.929"
"2005-05-25";"J02M0";"A1100";"P1D_L";"ZZ";"0.944"
"2005-05-26";"J02M0";"A1100";"P1D_L";"ZZ";"0.91"
"2005-05-27";"J02M0";"A1100";"P1D_L";"ZZ";"0.892"
"2005-05-30";"J02M0";"A1100";"P1D_L";"ZZ";"0.891"
"2005-05-31";"J02M0";"A1100";"P1D_L";"ZZ";"0.948"
"2005-06-01";"J02M0";"A1100";"P1D_L";"ZZ";"0.894"
"2005-06-02";"J02M0";"A1100";"P1D_L";"ZZ";"0.889"
"2005-06-03";"J02M0";"A1100";"P1D_L";"ZZ";"0.861"
"2005-06-06";"J02M0";"A1100";"P1D_L";"ZZ";"0.875"
"2005-06-07";"J02M0";"A1100";"P1D_L";"ZZ";"0.897"
"2005-06-08";"J02M0";"A1100";"P1D_L";"ZZ";"0.848"
"2005-06-09";"J02M0";"A1100";"P1D_L";"ZZ";"0.881"
"2005-06-10";"J02M0";"A1100";"P1D_L";"ZZ";"0.849"
"2005-06-13";"J02M0";"A1100";"P1D_L";"ZZ";"0.862"
"2005-06-14";"J02M0";"A1100";"P1D_L";"ZZ";"0.883"
"2005-06-15";"J02M0";"A1100";"P1D_L";"ZZ";"0.879"
"2005-06-16";"J02M0";"A1100";"P1D_L";"ZZ";"0.903"
"2005-06-17";"J02M0";"A1100";"P1D_L";"ZZ";"0.882"
"2005-06-20";"J02M0";"A1100";"P1D_L";"ZZ";"0.88"
"2005-06-21";"J02M0";"A1100";"P1D_L";"ZZ";"0.868"
"2005-06-22";"J02M0";"A1100";"P1D_L";"ZZ";"0.857"
"2005-06-23";"J02M0";"A1100";"P1D_L";"ZZ";"0.853"
"2005-06-24";"J02M0";"A1100";"P1D_L";"ZZ";"0.849"
"2005-06-27";"J02M0";"A1100";"P1D_L";"ZZ";"0.865"
"2005-06-28";"J02M0";"A1100";"P1D_L";"ZZ";"0.862"
"2005-06-29";"J02M0";"A1100";"P1D_L";"ZZ";"0.91"
"2005-06-30";"J02M0";"A1100";"P1D_L";"ZZ";"0.87"
"2005-07-01";"J02M0";"A1100";"P1D_L";"ZZ";"0.84"
"2005-07-04";"J02M0";"A1100";"P1D_L";"ZZ";"0.89"
"2005-07-05";"J02M0";"A1100";"P1D_L";"ZZ";"0.861"
"2005-07-06";"J02M0";"A1100";"P1D_L";"ZZ";"0.896"
"2005-07-07";"J02M0";"A1100";"P1D_L";"ZZ";"0.863"
"2005-07-08";"J02M0";"A1100";"P1D_L";"ZZ";"0.88"
"2005-07-11";"J02M0";"A1100";"P1D_L";"ZZ";"0.942"
"2005-07-12";"J02M0";"A1100";"P1D_L";"ZZ";"0.983"
"2005-07-13";"J02M0";"A1100";"P1D_L";"ZZ";"0.983"
"2005-07-14";"J02M0";"A1100";"P1D_L";"ZZ";"0.973"
"2005-07-15";"J02M0";"A1100";"P1D_L";"ZZ";"0.972"
"2005-07-18";"J02M0";"A1100";"P1D_L";"ZZ";"0.984"
"2005-07-19";"J02M0";"A1100";"P1D_L";"ZZ";"0.981"
"2005-07-20";"J02M0";"A1100";"P1D_L";"ZZ";"0.973"
"2005-07-21";"J02M0";"A1100";"P1D_L";"ZZ";"0.954"
"2005-07-22";"J02M0";"A1100";"P1D_L";"ZZ";"0.925"
"2005-07-25";"J02M0";"A1100";"P1D_L";"ZZ";"0.915"
"2005-07-26";"J02M0";"A1100";"P1D_L";"ZZ";"0.973"
"2005-07-27";"J02M0";"A1100";"P1D_L";"ZZ";"0.928"
"2005-07-28";"J02M0";"A1100";"P1D_L";"ZZ";"0.939"
"2005-07-29";"J02M0";"A1100";"P1D_L";"ZZ";"0.948"
"2005-08-01";"J02M0";"A1100";"P1D_L";"ZZ";
"2005-08-02";"J02M0";"A1100";"P1D_L";"ZZ";"1.058"
"2005-08-03";"J02M0";"A1100";"P1D_L";"ZZ";"1.07"
"2005-08-04";"J02M0";"A1100";"P1D_L";"ZZ";"1.052"
"2005-08-05";"J02M0";"A1100";"P1D_L";"ZZ";"1.038"
"2005-08-08";"J02M0";"A1100";"P1D_L";"ZZ";"1.062"
"2005-08-09";"J02M0";"A1100";"P1D_L";"ZZ";"1.089"
"2005-08-10";"J02M0";"A1100";"P1D_L";"ZZ";"1.1"
"2005-08-11";"J02M0";"A1100";"P1D_L";"ZZ";"1.116"
"2005-08-12";"J02M0";"A1100";"P1D_L";"ZZ";"1.088"
"2005-08-15";"J02M0";"A1100";"P1D_L";"ZZ";"1.067"
"2005-08-16";"J02M0";"A1100";"P1D_L";"ZZ";"1.069"
"2005-08-17";"J02M0";"A1100";"P1D_L";"ZZ";"1.068"
"2005-08-18";"J02M0";"A1100";"P1D_L";"ZZ";"1.043"
"2005-08-19";"J02M0";"A1100";"P1D_L";"ZZ";"1.042"
"2005-08-22";"J02M0";"A1100";"P1D_L";"ZZ";"1.044"
"2005-08-23";"J02M0";"A1100";"P1D_L";"ZZ";"1.041"
"2005-08-24";"J02M0";"A1100";"P1D_L";"ZZ";"1.06"
"2005-08-25";"J02M0";"A1100";"P1D_L";"ZZ";"1.041"
"2005-08-26";"J02M0";"A1100";"P1D_L";"ZZ";"1.035"
"2005-08-29";"J02M0";"A1100";"P1D_L";"ZZ";"1.024"
"2005-08-30";"J02M0";"A1100";"P1D_L";"ZZ";"1.048"
"2005-08-31";"J02M0";"A1100";"P1D_L";"ZZ";"0.997"
"2005-09-01";"J02M0";"A1100";"P1D_L";"ZZ";"1.034"
"2005-09-02";"J02M0";"A1100";"P1D_L";"ZZ";"0.982"
"2005-09-05";"J02M0";"A1100";"P1D_L";"ZZ";"0.984"
"2005-09-06";"J02M0";"A1100";"P1D_L";"ZZ";"0.98"
"2005-09-07";"J02M0";"A1100";"P1D_L";"ZZ";"0.992"
"2005-09-08";"J02M0";"A1100";"P1D_L";"ZZ";"1.018"
"2005-09-09";"J02M0";"A1100";"P1D_L";"ZZ";"1.023"
"2005-09-12";"J02M0";"A1100";"P1D_L";"ZZ";"1.039"
"2005-09-13";"J02M0";"A1100";"P1D_L";"ZZ";"1.073"
"2005-09-14";"J02M0";"A1100";"P1D_L";"ZZ";"1.05"
"2005-09-15";"J02M0";"A1100";"P1D_L";"ZZ";"1.067"
"2005-09-16";"J02M0";"A1100";"P1D_L";"ZZ";"1.102"
"2005-09-19";"J02M0";"A1100";"P1D_L";"ZZ";"1.039"
"2005-09-20";"J02M0";"A1100";"P1D_L";"ZZ";"1.036"
"2005-09-21";"J02M0";"A1100";"P1D_L";"ZZ";"1.051"
"2005-09-22";"J02M0";"A1100";"P1D_L";"ZZ";"1.007"
"2005-09-23";"J02M0";"A1100";"P1D_L";"ZZ";"0.993"
"2005-09-26";"J02M0";"A1100";"P1D_L";"ZZ";"1.065"
"2005-09-27";"J02M0";"A1100";"P1D_L";"ZZ";"1.072"
"2005-09-28";"J02M0";"A1100";"P1D_L";"ZZ";"1.081"
"2005-09-29";"J02M0";"A1100";"P1D_L";"ZZ";"1.095"
"2005-09-30";"J02M0";"A1100";"P1D_L";"ZZ";"1.12"
"2005-10-03";"J02M0";"A1100";"P1D_L";"ZZ";"1.145"
"2005-10-04";"J02M0";"A1100";"P1D_L";"ZZ";"1.187"
"2005-10-05";"J02M0";"A1100";"P1D_L";"ZZ";"1.171"
"2005-10-06";"J02M0";"A1100";"P1D_L";"ZZ";"1.172"
"2005-10-07";"J02M0";"A1100";"P1D_L";"ZZ";"1.173"
"2005-10-10";"J02M0";"A1100";"P1D_L";"ZZ";"1.172"
"2005-10-11";"J02M0";"A1100";"P1D_L";"ZZ";"1.205"
"2005-10-12";"J02M0";"A1100";"P1D_L";"ZZ";"1.195"
"2005-10-13";"J02M0";"A1100";"P1D_L";"ZZ";"1.209"
"2005-10-14";"J02M0";"A1100";"P1D_L";"ZZ";"1.219"
"2005-10-17";"J02M0";"A1100";"P1D_L";"ZZ";"1.228"
"2005-10-18";"J02M0";"A1100";"P1D_L";"ZZ";"1.224"
"2005-10-19";"J02M0";"A1100";"P1D_L";"ZZ";"1.21"
"2005-10-20";"J02M0";"A1100";"P1D_L";"ZZ";"1.24"
"2005-10-21";"J02M0";"A1100";"P1D_L";"ZZ";"1.279"
"2005-10-24";"J02M0";"A1100";"P1D_L";"ZZ";"1.297"
"2005-10-25";"J02M0";"A1100";"P1D_L";"ZZ";"1.315"
"2005-10-26";"J02M0";"A1100";"P1D_L";"ZZ";"1.407"
"2005-10-27";"J02M0";"A1100";"P1D_L";"ZZ";"1.361"
"2005-10-28";"J02M0";"A1100";"P1D_L";"ZZ";"1.367"
"2005-10-31";"J02M0";"A1100";"P1D_L";"ZZ";"1.399"
"2005-11-01";"J02M0";"A1100";"P1D_L";"ZZ";"1.476"
"2005-11-02";"J02M0";"A1100";"P1D_L";"ZZ";"1.507"
"2005-11-03";"J02M0";"A1100";"P1D_L";"ZZ";"1.568"
"2005-11-04";"J02M0";"A1100";"P1D_L";"ZZ";"1.637"
"2005-11-07";"J02M0";"A1100";"P1D_L";"ZZ";"1.654"
"2005-11-08";"J02M0";"A1100";"P1D_L";"ZZ";"1.669"
"2005-11-09";"J02M0";"A1100";"P1D_L";"ZZ";"1.652"
"2005-11-10";"J02M0";"A1100";"P1D_L";"ZZ";"1.646"
"2005-11-11";"J02M0";"A1100";"P1D_L";"ZZ";"1.62"
"2005-11-14";"J02M0";"A1100";"P1D_L";"ZZ";"1.599"
"2005-11-15";"J02M0";"A1100";"P1D_L";"ZZ";"1.631"
"2005-11-16";"J02M0";"A1100";"P1D_L";"ZZ";"1.611"
"2005-11-17";"J02M0";"A1100";"P1D_L";"ZZ";"1.608"
"2005-11-18";"J02M0";"A1100";"P1D_L";"ZZ";"1.609"
"2005-11-21";"J02M0";"A1100";"P1D_L";"ZZ";"1.655"
"2005-11-22";"J02M0";"A1100";"P1D_L";"ZZ";"1.659"
"2005-11-23";"J02M0";"A1100";"P1D_L";"ZZ";"1.624"
"2005-11-24";"J02M0";"A1100";"P1D_L";"ZZ";"1.613"
"2005-11-25";"J02M0";"A1100";"P1D_L";"ZZ";"1.623"
"2005-11-28";"J02M0";"A1100";"P1D_L";"ZZ";"1.658"
"2005-11-29";"J02M0";"A1100";"P1D_L";"ZZ";"1.656"
"2005-11-30";"J02M0";"A1100";"P1D_L";"ZZ";"1.657"
"2005-12-01";"J02M0";"A1100";"P1D_L";"ZZ";"1.734"
"2005-12-02";"J02M0";"A1100";"P1D_L";"ZZ";"1.67"
"2005-12-05";"J02M0";"A1100";"P1D_L";"ZZ";"1.72"
"2005-12-06";"J02M0";"A1100";"P1D_L";"ZZ";"1.693"
"2005-12-07";"J02M0";"A1100";"P1D_L";"ZZ";"1.694"
"2005-12-08";"J02M0";"A1100";"P1D_L";"ZZ";"1.646"
"2005-12-09";"J02M0";"A1100";"P1D_L";"ZZ";"1.654"
"2005-12-12";"J02M0";"A1100";"P1D_L";"ZZ";"1.659"
"2005-12-13";"J02M0";"A1100";"P1D_L";"ZZ";"1.683"
"2005-12-14";"J02M0";"A1100";"P1D_L";"ZZ";"1.49"
"2005-12-15";"J02M0";"A1100";"P1D_L";"ZZ";"1.625"
"2005-12-16";"J02M0";"A1100";"P1D_L";"ZZ";"1.516"
"2005-12-19";"J02M0";"A1100";"P1D_L";"ZZ";"1.644"
"2005-12-20";"J02M0";"A1100";"P1D_L";"ZZ";"1.686"
"2005-12-21";"J02M0";"A1100";"P1D_L";"ZZ";"1.599"
"2005-12-22";"J02M0";"A1100";"P1D_L";"ZZ";"1.628"
"2005-12-23";"J02M0";"A1100";"P1D_L";"ZZ";"1.648"
"2005-12-26";"J02M0";"A1100";"P1D_L";"ZZ";
"2005-12-27";"J02M0";"A1100";"P1D_L";"ZZ";"1.638"
"2005-12-28";"J02M0";"A1100";"P1D_L";"ZZ";"1.562"
"2005-12-29";"J02M0";"A1100";"P1D_L";"ZZ";"1.563"
"2005-12-30";"J02M0";"A1100";"P1D_L";"ZZ";"1.548"
"2006-01-02";"J02M0";"A1100";"P1D_L";"ZZ";
"2006-01-03";"J02M0";"A1100";"P1D_L";"ZZ";"1.539"
"2006-01-04";"J02M0";"A1100";"P1D_L";"ZZ";"1.606"
"2006-01-05";"J02M0";"A1100";"P1D_L";"ZZ";"1.629"
"2006-01-06";"J02M0";"A1100";"P1D_L";"ZZ";"1.578"
"2006-01-09";"J02M0";"A1100";"P1D_L";"ZZ";"1.572"
"2006-01-10";"J02M0";"A1100";"P1D_L";"ZZ";"1.572"
"2006-01-11";"J02M0";"A1100";"P1D_L";"ZZ";"1.592"
"2006-01-12";"J02M0";"A1100";"P1D_L";"ZZ";"1.646"
"2006-01-13";"J02M0";"A1100";"P1D_L";"ZZ";"1.61"
"2006-01-16";"J02M0";"A1100";"P1D_L";"ZZ";"1.605"
"2006-01-17";"J02M0";"A1100";"P1D_L";"ZZ";"1.594"
"2006-01-18";"J02M0";"A1100";"P1D_L";"ZZ";"1.554"
"2006-01-19";"J02M0";"A1100";"P1D_L";"ZZ";"1.568"
"2006-01-20";"J02M0";"A1100";"P1D_L";"ZZ";"1.565"
"2006-01-23";"J02M0";"A1100";"P1D_L";"ZZ";"1.577"
"2006-01-24";"J02M0";"A1100";"P1D_L";"ZZ";"1.602"
"2006-01-25";"J02M0";"A1100";"P1D_L";"ZZ";"1.59"
"2006-01-26";"J02M0";"A1100";"P1D_L";"ZZ";"1.592"
"2006-01-27";"J02M0";"A1100";"P1D_L";"ZZ";"1.572"
"2006-01-30";"J02M0";"A1100";"P1D_L";"ZZ";"1.539"
"2006-01-31";"J02M0";"A1100";"P1D_L";"ZZ";"1.602"
"2006-02-01";"J02M0";"A1100";"P1D_L";"ZZ";"1.604"
"2006-02-02";"J02M0";"A1100";"P1D_L";"ZZ";"1.633"
"2006-02-03";"J02M0";"A1100";"P1D_L";"ZZ";"1.645"
"2006-02-06";"J02M0";"A1100";"P1D_L";"ZZ";"1.614"
"2006-02-07";"J02M0";"A1100";"P1D_L";"ZZ";"1.572"
"2006-02-08";"J02M0";"A1100";"P1D_L";"ZZ";"1.589"
"2006-02-09";"J02M0";"A1100";"P1D_L";"ZZ";"1.625"
"2006-02-10";"J02M0";"A1100";"P1D_L";"ZZ";"1.612"
"2006-02-13";"J02M0";"A1100";"P1D_L";"ZZ";"1.622"
"2006-02-14";"J02M0";"A1100";"P1D_L";"ZZ";"1.598"
"2006-02-15";"J02M0";"A1100";"P1D_L";"ZZ";"1.576"
"2006-02-16";"J02M0";"A1100";"P1D_L";"ZZ";"1.602"
"2006-02-17";"J02M0";"A1100";"P1D_L";"ZZ";"1.589"
"2006-02-20";"J02M0";"A1100";"P1D_L";"ZZ";"1.536"
"2006-02-21";"J02M0";"A1100";"P1D_L";"ZZ";"1.556"
"2006-02-22";"J02M0";"A1100";"P1D_L";"ZZ";"1.56"
"2006-02-23";"J02M0";"A1100";"P1D_L";"ZZ";"1.581"
"2006-02-24";"J02M0";"A1100";"P1D_L";"ZZ";"1.603"
"2006-02-27";"J02M0";"A1100";"P1D_L";"ZZ";"1.657"
"2006-02-28";"J02M0";"A1100";"P1D_L";"ZZ";"1.689"
"2006-03-01";"J02M0";"A1100";"P1D_L";"ZZ";"1.698"
"2006-03-02";"J02M0";"A1100";"P1D_L";"ZZ";"1.691"
"2006-03-03";"J02M0";"A1100";"P1D_L";"ZZ";"1.739"
"2006-03-06";"J02M0";"A1100";"P1D_L";"ZZ";"1.732"
"2006-03-07";"J02M0";"A1100";"P1D_L";"ZZ";"1.762"
"2006-03-08";"J02M0";"A1100";"P1D_L";"ZZ";"1.746"
"2006-03-09";"J02M0";"A1100";"P1D_L";"ZZ";"1.764"
"2006-03-10";"J02M0";"A1100";"P1D_L";"ZZ";"1.809"
"2006-03-13";"J02M0";"A1100";"P1D_L";"ZZ";"1.795"
"2006-03-14";"J02M0";"A1100";"P1D_L";"ZZ";"1.8"
"2006-03-15";"J02M0";"A1100";"P1D_L";"ZZ";"1.79"
"2006-03-16";"J02M0";"A1100";"P1D_L";"ZZ";"1.753"
"2006-03-17";"J02M0";"A1100";"P1D_L";"ZZ";"1.715"
"2006-03-20";"J02M0";"A1100";"P1D_L";"ZZ";"1.747"
"2006-03-21";"J02M0";"A1100";"P1D_L";"ZZ";"1.75"
"2006-03-22";"J02M0";"A1100";"P1D_L";"ZZ";"1.73"
"2006-03-23";"J02M0";"A1100";"P1D_L";"ZZ";"1.718"
"2006-03-24";"J02M0";"A1100";"P1D_L";"ZZ";"1.754"
"2006-03-27";"J02M0";"A1100";"P1D_L";"ZZ";"1.739"
"2006-03-28";"J02M0";"A1100";"P1D_L";"ZZ";"1.762"
"2006-03-29";"J02M0";"A1100";"P1D_L";"ZZ";"1.84"
"2006-03-30";"J02M0";"A1100";"P1D_L";"ZZ";"1.801"
"2006-03-31";"J02M0";"A1100";"P1D_L";"ZZ";"1.792"
"2006-04-03";"J02M0";"A1100";"P1D_L";"ZZ";"1.798"
"2006-04-04";"J02M0";"A1100";"P1D_L";"ZZ";"1.816"
"2006-04-05";"J02M0";"A1100";"P1D_L";"ZZ";"1.796"
"2006-04-06";"J02M0";"A1100";"P1D_L";"ZZ";"1.81"
"2006-04-07";"J02M0";"A1100";"P1D_L";"ZZ";"1.762"
"2006-04-10";"J02M0";"A1100";"P1D_L";"ZZ";"1.764"
"2006-04-11";"J02M0";"A1100";"P1D_L";"ZZ";"1.778"
"2006-04-12";"J02M0";"A1100";"P1D_L";"ZZ";"1.752"
"2006-04-13";"J02M0";"A1100";"P1D_L";"ZZ";"1.777"
"2006-04-14";"J02M0";"A1100";"P1D_L";"ZZ";
"2006-04-17";"J02M0";"A1100";"P1D_L";"ZZ";
"2006-04-18";"J02M0";"A1100";"P1D_L";"ZZ";"1.843"
"2006-04-19";"J02M0";"A1100";"P1D_L";"ZZ";"1.788"
"2006-04-20";"J02M0";"A1100";"P1D_L";"ZZ";"1.813"
"2006-04-21";"J02M0";"A1100";"P1D_L";"ZZ";"1.806"
"2006-04-24";"J02M0";"A1100";"P1D_L";"ZZ";"1.816"
"2006-04-25";"J02M0";"A1100";"P1D_L";"ZZ";"1.73"
"2006-04-26";"J02M0";"A1100";"P1D_L";"ZZ";"1.868"
"2006-04-27";"J02M0";"A1100";"P1D_L";"ZZ";"1.909"
"2006-04-28";"J02M0";"A1100";"P1D_L";"ZZ";"1.936"
"2006-05-01";"J02M0";"A1100";"P1D_L";"ZZ";
"2006-05-02";"J02M0";"A1100";"P1D_L";"ZZ";"1.937"
"2006-05-03";"J02M0";"A1100";"P1D_L";"ZZ";"2.004"
"2006-05-04";"J02M0";"A1100";"P1D_L";"ZZ";"2"
"2006-05-05";"J02M0";"A1100";"P1D_L";"ZZ";"2.024"
"2006-05-08";"J02M0";"A1100";"P1D_L";"ZZ";"2.004"
"2006-05-09";"J02M0";"A1100";"P1D_L";"ZZ";"2.021"
"2006-05-10";"J02M0";"A1100";"P1D_L";"ZZ";"2.027"
"2006-05-11";"J02M0";"A1100";"P1D_L";"ZZ";"2.043"
"2006-05-12";"J02M0";"A1100";"P1D_L";"ZZ";"2.075"
"2006-05-15";"J02M0";"A1100";"P1D_L";"ZZ";"2.022"
"2006-05-16";"J02M0";"A1100";"P1D_L";"ZZ";"2.005"
"2006-05-17";"J02M0";"A1100";"P1D_L";"ZZ";"1.98"
"2006-05-18";"J02M0";"A1100";"P1D_L";"ZZ";"2.017"
"2006-05-19";"J02M0";"A1100";"P1D_L";"ZZ";"1.96"
"2006-05-22";"J02M0";"A1100";"P1D_L";"ZZ";"1.99"
"2006-05-23";"J02M0";"A1100";"P1D_L";"ZZ";"1.961"
"2006-05-24";"J02M0";"A1100";"P1D_L";"ZZ";"2.04"
"2006-05-25";"J02M0";"A1100";"P1D_L";"ZZ";
"2006-05-26";"J02M0";"A1100";"P1D_L";"ZZ";"1.997"
"2006-05-29";"J02M0";"A1100";"P1D_L";"ZZ";"1.983"
"2006-05-30";"J02M0";"A1100";"P1D_L";"ZZ";"1.965"
"2006-05-31";"J02M0";"A1100";"P1D_L";"ZZ";"1.986"
"2006-06-01";"J02M0";"A1100";"P1D_L";"ZZ";"2.063"
"2006-06-02";"J02M0";"A1100";"P1D_L";"ZZ";"2.01"
"2006-06-05";"J02M0";"A1100";"P1D_L";"ZZ";
"2006-06-06";"J02M0";"A1100";"P1D_L";"ZZ";"2.043"
"2006-06-07";"J02M0";"A1100";"P1D_L";"ZZ";"2.053"
"2006-06-08";"J02M0";"A1100";"P1D_L";"ZZ";"2.058"
"2006-06-09";"J02M0";"A1100";"P1D_L";"ZZ";"2.048"
"2006-06-12";"J02M0";"A1100";"P1D_L";"ZZ";"2.026"
"2006-06-13";"J02M0";"A1100";"P1D_L";"ZZ";"2.004"
"2006-06-14";"J02M0";"A1100";"P1D_L";"ZZ";"1.993"
"2006-06-15";"J02M0";"A1100";"P1D_L";"ZZ";"2.029"
"2006-06-16";"J02M0";"A1100";"P1D_L";"ZZ";"2.009"
"2006-06-19";"J02M0";"A1100";"P1D_L";"ZZ";"1.986"
"2006-06-20";"J02M0";"A1100";"P1D_L";"ZZ";"2.032"
"2006-06-21";"J02M0";"A1100";"P1D_L";"ZZ";"2.057"
"2006-06-22";"J02M0";"A1100";"P1D_L";"ZZ";"2.078"
"2006-06-23";"J02M0";"A1100";"P1D_L";"ZZ";"2.078"
"2006-06-26";"J02M0";"A1100";"P1D_L";"ZZ";"2.099"
"2006-06-27";"J02M0";"A1100";"P1D_L";"ZZ";"2.099"
"2006-06-28";"J02M0";"A1100";"P1D_L";"ZZ";"2.137"
"2006-06-29";"J02M0";"A1100";"P1D_L";"ZZ";"2.123"
"2006-06-30";"J02M0";"A1100";"P1D_L";"ZZ";"2.156"
"2006-07-03";"J02M0";"A1100";"P1D_L";"ZZ";"2.156"
"2006-07-04";"J02M0";"A1100";"P1D_L";"ZZ";"2.14"
"2006-07-05";"J02M0";"A1100";"P1D_L";"ZZ";"2.164"
"2006-07-06";"J02M0";"A1100";"P1D_L";"ZZ";"2.171"
"2006-07-07";"J02M0";"A1100";"P1D_L";"ZZ";"2.159"
"2006-07-10";"J02M0";"A1100";"P1D_L";"ZZ";"2.151"
"2006-07-11";"J02M0";"A1100";"P1D_L";"ZZ";"2.151"
"2006-07-12";"J02M0";"A1100";"P1D_L";"ZZ";"2.16"
"2006-07-13";"J02M0";"A1100";"P1D_L";"ZZ";"2.125"
"2006-07-14";"J02M0";"A1100";"P1D_L";"ZZ";"2.111"
"2006-07-17";"J02M0";"A1100";"P1D_L";"ZZ";"2.105"
"2006-07-18";"J02M0";"A1100";"P1D_L";"ZZ";"2.1"
"2006-07-19";"J02M0";"A1100";"P1D_L";"ZZ";"2.125"
"2006-07-20";"J02M0";"A1100";"P1D_L";"ZZ";"2.124"
"2006-07-21";"J02M0";"A1100";"P1D_L";"ZZ";"2.11"
"2006-07-24";"J02M0";"A1100";"P1D_L";"ZZ";"2.111"
"2006-07-25";"J02M0";"A1100";"P1D_L";"ZZ";"2.101"
"2006-07-26";"J02M0";"A1100";"P1D_L";"ZZ";"2.1"
"2006-07-27";"J02M0";"A1100";"P1D_L";"ZZ";"2.108"
"2006-07-28";"J02M0";"A1100";"P1D_L";"ZZ";"2.121"
"2006-07-31";"J02M0";"A1100";"P1D_L";"ZZ";"2.112"
"2006-08-01";"J02M0";"A1100";"P1D_L";"ZZ";
"2006-08-02";"J02M0";"A1100";"P1D_L";"ZZ";"2.087"
"2006-08-03";"J02M0";"A1100";"P1D_L";"ZZ";"2.108"
"2006-08-04";"J02M0";"A1100";"P1D_L";"ZZ";"2.14"
"2006-08-07";"J02M0";"A1100";"P1D_L";"ZZ";"2.116"
"2006-08-08";"J02M0";"A1100";"P1D_L";"ZZ";"2.142"
"2006-08-09";"J02M0";"A1100";"P1D_L";"ZZ";"2.149"
"2006-08-10";"J02M0";"A1100";"P1D_L";"ZZ";"2.114"
"2006-08-11";"J02M0";"A1100";"P1D_L";"ZZ";"2.128"
"2006-08-14";"J02M0";"A1100";"P1D_L";"ZZ";"2.14"
"2006-08-15";"J02M0";"A1100";"P1D_L";"ZZ";"2.169"
"2006-08-16";"J02M0";"A1100";"P1D_L";"ZZ";"2.184"
"2006-08-17";"J02M0";"A1100";"P1D_L";"ZZ";"2.148"
"2006-08-18";"J02M0";"A1100";"P1D_L";"ZZ";"2.147"
"2006-08-21";"J02M0";"A1100";"P1D_L";"ZZ";"2.133"
"2006-08-22";"J02M0";"A1100";"P1D_L";"ZZ";"2.107"
"2006-08-23";"J02M0";"A1100";"P1D_L";"ZZ";"2.067"
"2006-08-24";"J02M0";"A1100";"P1D_L";"ZZ";"2.08"
"2006-08-25";"J02M0";"A1100";"P1D_L";"ZZ";"2.067"
"2006-08-28";"J02M0";"A1100";"P1D_L";"ZZ";"2.067"
"2006-08-29";"J02M0";"A1100";"P1D_L";"ZZ";"2.076"
"2006-08-30";"J02M0";"A1100";"P1D_L";"ZZ";"2.083"
"2006-08-31";"J02M0";"A1100";"P1D_L";"ZZ";"2.093"
"2006-09-01";"J02M0";"A1100";"P1D_L";"ZZ";"2.085"
"2006-09-04";"J02M0";"A1100";"P1D_L";"ZZ";"2.08"
"2006-09-05";"J02M0";"A1100";"P1D_L";"ZZ";"2.07"
"2006-09-06";"J02M0";"A1100";"P1D_L";"ZZ";"2.1"
"2006-09-07";"J02M0";"A1100";"P1D_L";"ZZ";"2.135"
"2006-09-08";"J02M0";"A1100";"P1D_L";"ZZ";"2.121"
"2006-09-11";"J02M0";"A1100";"P1D_L";"ZZ";"2.167"
"2006-09-12";"J02M0";"A1100";"P1D_L";"ZZ";"2.21"
"2006-09-13";"J02M0";"A1100";"P1D_L";"ZZ";"2.159"
"2006-09-14";"J02M0";"A1100";"P1D_L";"ZZ";"2.169"
"2006-09-15";"J02M0";"A1100";"P1D_L";"ZZ";"2.146"
"2006-09-18";"J02M0";"A1100";"P1D_L";"ZZ";"2.177"
"2006-09-19";"J02M0";"A1100";"P1D_L";"ZZ";"2.185"
"2006-09-20";"J02M0";"A1100";"P1D_L";"ZZ";"2.169"
"2006-09-21";"J02M0";"A1100";"P1D_L";"ZZ";"2.154"
"2006-09-22";"J02M0";"A1100";"P1D_L";"ZZ";"2.137"
"2006-09-25";"J02M0";"A1100";"P1D_L";"ZZ";"2.078"
"2006-09-26";"J02M0";"A1100";"P1D_L";"ZZ";"2.077"
"2006-09-27";"J02M0";"A1100";"P1D_L";"ZZ";"2.098"
"2006-09-28";"J02M0";"A1100";"P1D_L";"ZZ";"2.092"
"2006-09-29";"J02M0";"A1100";"P1D_L";"ZZ";"2.12"
"2006-10-02";"J02M0";"A1100";"P1D_L";"ZZ";"2.132"
"2006-10-03";"J02M0";"A1100";"P1D_L";"ZZ";"2.112"
"2006-10-04";"J02M0";"A1100";"P1D_L";"ZZ";"2.112"
"2006-10-05";"J02M0";"A1100";"P1D_L";"ZZ";"2.124"
"2006-10-06";"J02M0";"A1100";"P1D_L";"ZZ";"2.107"
"2006-10-09";"J02M0";"A1100";"P1D_L";"ZZ";"2.129"
"2006-10-10";"J02M0";"A1100";"P1D_L";"ZZ";"2.148"
"2006-10-11";"J02M0";"A1100";"P1D_L";"ZZ";"2.114"
"2006-10-12";"J02M0";"A1100";"P1D_L";"ZZ";"2.134"
"2006-10-13";"J02M0";"A1100";"P1D_L";"ZZ";"2.166"
"2006-10-16";"J02M0";"A1100";"P1D_L";"ZZ";"2.099"
"2006-10-17";"J02M0";"A1100";"P1D_L";"ZZ";"2.159"
"2006-10-18";"J02M0";"A1100";"P1D_L";"ZZ";"2.155"
"2006-10-19";"J02M0";"A1100";"P1D_L";"ZZ";"2.153"
"2006-10-20";"J02M0";"A1100";"P1D_L";"ZZ";"2.171"
"2006-10-23";"J02M0";"A1100";"P1D_L";"ZZ";"2.192"
"2006-10-24";"J02M0";"A1100";"P1D_L";"ZZ";"2.182"
"2006-10-25";"J02M0";"A1100";"P1D_L";"ZZ";"2.211"
"2006-10-26";"J02M0";"A1100";"P1D_L";"ZZ";"2.208"
"2006-10-27";"J02M0";"A1100";"P1D_L";"ZZ";"2.213"
"2006-10-30";"J02M0";"A1100";"P1D_L";"ZZ";"2.156"
"2006-10-31";"J02M0";"A1100";"P1D_L";"ZZ";"2.178"
"2006-11-01";"J02M0";"A1100";"P1D_L";"ZZ";"2.138"
"2006-11-02";"J02M0";"A1100";"P1D_L";"ZZ";"2.104"
"2006-11-03";"J02M0";"A1100";"P1D_L";"ZZ";"2.093"
"2006-11-06";"J02M0";"A1100";"P1D_L";"ZZ";"2.123"
"2006-11-07";"J02M0";"A1100";"P1D_L";"ZZ";"2.13"
"2006-11-08";"J02M0";"A1100";"P1D_L";"ZZ";"2.103"
"2006-11-09";"J02M0";"A1100";"P1D_L";"ZZ";"2.14"
"2006-11-10";"J02M0";"A1100";"P1D_L";"ZZ";"2.123"
"2006-11-13";"J02M0";"A1100";"P1D_L";"ZZ";"2.131"
"2006-11-14";"J02M0";"A1100";"P1D_L";"ZZ";"2.154"
"2006-11-15";"J02M0";"A1100";"P1D_L";"ZZ";"2.164"
"2006-11-16";"J02M0";"A1100";"P1D_L";"ZZ";"2.163"
"2006-11-17";"J02M0";"A1100";"P1D_L";"ZZ";"2.195"
"2006-11-20";"J02M0";"A1100";"P1D_L";"ZZ";"2.155"
"2006-11-21";"J02M0";"A1100";"P1D_L";"ZZ";"2.164"
"2006-11-22";"J02M0";"A1100";"P1D_L";"ZZ";"2.168"
"2006-11-23";"J02M0";"A1100";"P1D_L";"ZZ";"2.173"
"2006-11-24";"J02M0";"A1100";"P1D_L";"ZZ";"2.162"
"2006-11-27";"J02M0";"A1100";"P1D_L";"ZZ";"2.175"
"2006-11-28";"J02M0";"A1100";"P1D_L";"ZZ";"2.169"
"2006-11-29";"J02M0";"A1100";"P1D_L";"ZZ";"2.192"
"2006-11-30";"J02M0";"A1100";"P1D_L";"ZZ";"2.179"
"2006-12-01";"J02M0";"A1100";"P1D_L";"ZZ";"2.19"
"2006-12-04";"J02M0";"A1100";"P1D_L";"ZZ";"2.194"
"2006-12-05";"J02M0";"A1100";"P1D_L";"ZZ";"2.203"
"2006-12-06";"J02M0";"A1100";"P1D_L";"ZZ";"2.235"
"2006-12-07";"J02M0";"A1100";"P1D_L";"ZZ";"2.242"
"2006-12-08";"J02M0";"A1100";"P1D_L";"ZZ";"2.272"
"2006-12-11";"J02M0";"A1100";"P1D_L";"ZZ";"2.299"
"2006-12-12";"J02M0";"A1100";"P1D_L";"ZZ";"2.309"
"2006-12-13";"J02M0";"A1100";"P1D_L";"ZZ";"2.31"
"2006-12-14";"J02M0";"A1100";"P1D_L";"ZZ";"2.303"
"2006-12-15";"J02M0";"A1100";"P1D_L";"ZZ";"2.306"
"2006-12-18";"J02M0";"A1100";"P1D_L";"ZZ";"2.338"
"2006-12-19";"J02M0";"A1100";"P1D_L";"ZZ";"2.333"
"2006-12-20";"J02M0";"A1100";"P1D_L";"ZZ";"2.336"
"2006-12-21";"J02M0";"A1100";"P1D_L";"ZZ";"2.353"
"2006-12-22";"J02M0";"A1100";"P1D_L";"ZZ";"2.357"
"2006-12-25";"J02M0";"A1100";"P1D_L";"ZZ";
"2006-12-26";"J02M0";"A1100";"P1D_L";"ZZ";
"2006-12-27";"J02M0";"A1100";"P1D_L";"ZZ";"2.322"
"2006-12-28";"J02M0";"A1100";"P1D_L";"ZZ";"2.381"
"2006-12-29";"J02M0";"A1100";"P1D_L";"ZZ";"2.405"
"2007-01-01";"J02M0";"A1100";"P1D_L";"ZZ";
"2007-01-02";"J02M0";"A1100";"P1D_L";"ZZ";
"2007-01-03";"J02M0";"A1100";"P1D_L";"ZZ";"2.403"
"2007-01-04";"J02M0";"A1100";"P1D_L";"ZZ";"2.382"
"2007-01-05";"J02M0";"A1100";"P1D_L";"ZZ";"2.399"
"2007-01-08";"J02M0";"A1100";"P1D_L";"ZZ";"2.44"
"2007-01-09";"J02M0";"A1100";"P1D_L";"ZZ";"2.474"
"2007-01-10";"J02M0";"A1100";"P1D_L";"ZZ";"2.455"
"2007-01-11";"J02M0";"A1100";"P1D_L";"ZZ";"2.441"
"2007-01-12";"J02M0";"A1100";"P1D_L";"ZZ";"2.489"
"2007-01-15";"J02M0";"A1100";"P1D_L";"ZZ";"2.468"
"2007-01-16";"J02M0";"A1100";"P1D_L";"ZZ";"2.476"
"2007-01-17";"J02M0";"A1100";"P1D_L";"ZZ";"2.457"
"2007-01-18";"J02M0";"A1100";"P1D_L";"ZZ";"2.467"
"2007-01-19";"J02M0";"A1100";"P1D_L";"ZZ";"2.448"
"2007-01-22";"J02M0";"A1100";"P1D_L";"ZZ";"2.431"
"2007-01-23";"J02M0";"A1100";"P1D_L";"ZZ";"2.414"
"2007-01-24";"J02M0";"A1100";"P1D_L";"ZZ";"2.44"
"2007-01-25";"J02M0";"A1100";"P1D_L";"ZZ";"2.446"
"2007-01-26";"J02M0";"A1100";"P1D_L";"ZZ";"2.441"
"2007-01-29";"J02M0";"A1100";"P1D_L";"ZZ";"2.447"
"2007-01-30";"J02M0";"A1100";"P1D_L";"ZZ";"2.468"
"2007-01-31";"J02M0";"A1100";"P1D_L";"ZZ";"2.467"
"2007-02-01";"J02M0";"A1100";"P1D_L";"ZZ";"2.482"
"2007-02-02";"J02M0";"A1100";"P1D_L";"ZZ";"2.509"
"2007-02-05";"J02M0";"A1100";"P1D_L";"ZZ";"2.433"
"2007-02-06";"J02M0";"A1100";"P1D_L";"ZZ";"2.464"
"2007-02-07";"J02M0";"A1100";"P1D_L";"ZZ";"2.469"
"2007-02-08";"J02M0";"A1100";"P1D_L";"ZZ";"2.376"
"2007-02-09";"J02M0";"A1100";"P1D_L";"ZZ";"2.439"
"2007-02-12";"J02M0";"A1100";"P1D_L";"ZZ";"2.437"
"2007-02-13";"J02M0";"A1100";"P1D_L";"ZZ";"2.444"
"2007-02-14";"J02M0";"A1100";"P1D_L";"ZZ";"2.387"
"2007-02-15";"J02M0";"A1100";"P1D_L";"ZZ";"2.409"
"2007-02-16";"J02M0";"A1100";"P1D_L";"ZZ";"2.431"
"2007-02-19";"J02M0";"A1100";"P1D_L";"ZZ";"2.444"
"2007-02-20";"J02M0";"A1100";"P1D_L";"ZZ";"2.458"
"2007-02-21";"J02M0";"A1100";"P1D_L";"ZZ";"2.427"
"2007-02-22";"J02M0";"A1100";"P1D_L";"ZZ";"2.419"
"2007-02-23";"J02M0";"A1100";"P1D_L";"ZZ";"2.426"
"2007-02-26";"J02M0";"A1100";"P1D_L";"ZZ";"2.422"
"2007-02-27";"J02M0";"A1100";"P1D_L";"ZZ";"2.422"
"2007-02-28";"J02M0";"A1100";"P1D_L";"ZZ";"2.373"
"2007-03-01";"J02M0";"A1100";"P1D_L";"ZZ";"2.396"
"2007-03-02";"J02M0";"A1100";"P1D_L";"ZZ";"2.373"
"2007-03-05";"J02M0";"A1100";"P1D_L";"ZZ";"2.318"
"2007-03-06";"J02M0";"A1100";"P1D_L";"ZZ";"2.347"
"2007-03-07";"J02M0";"A1100";"P1D_L";"ZZ";"2.348"
"2007-03-08";"J02M0";"A1100";"P1D_L";"ZZ";"2.378"
"2007-03-09";"J02M0";"A1100";"P1D_L";"ZZ";"2.4"
"2007-03-12";"J02M0";"A1100";"P1D_L";"ZZ";"2.389"
"2007-03-13";"J02M0";"A1100";"P1D_L";"ZZ";"2.38"
"2007-03-14";"J02M0";"A1100";"P1D_L";"ZZ";"2.36"
"2007-03-15";"J02M0";"A1100";"P1D_L";"ZZ";"2.35"
"2007-03-16";"J02M0";"A1100";"P1D_L";"ZZ";"2.373"
"2007-03-19";"J02M0";"A1100";"P1D_L";"ZZ";"2.413"
"2007-03-20";"J02M0";"A1100";"P1D_L";"ZZ";"2.421"
"2007-03-21";"J02M0";"A1100";"P1D_L";"ZZ";"2.442"
"2007-03-22";"J02M0";"A1100";"P1D_L";"ZZ";"2.434"
"2007-03-23";"J02M0";"A1100";"P1D_L";"ZZ";"2.433"
"2007-03-26";"J02M0";"A1100";"P1D_L";"ZZ";"2.429"
"2007-03-27";"J02M0";"A1100";"P1D_L";"ZZ";"2.437"
"2007-03-28";"J02M0";"A1100";"P1D_L";"ZZ";"2.398"
"2007-03-29";"J02M0";"A1100";"P1D_L";"ZZ";"2.401"
"2007-03-30";"J02M0";"A1100";"P1D_L";"ZZ";"2.411"
"2007-04-02";"J02M0";"A1100";"P1D_L";"ZZ";"2.402"
"2007-04-03";"J02M0";"A1100";"P1D_L";"ZZ";"2.42"
"2007-04-04";"J02M0";"A1100";"P1D_L";"ZZ";"2.43"
"2007-04-05";"J02M0";"A1100";"P1D_L";"ZZ";"2.425"
"2007-04-06";"J02M0";"A1100";"P1D_L";"ZZ";
"2007-04-09";"J02M0";"A1100";"P1D_L";"ZZ";
"2007-04-10";"J02M0";"A1100";"P1D_L";"ZZ";"2.444"
"2007-04-11";"J02M0";"A1100";"P1D_L";"ZZ";"2.474"
"2007-04-12";"J02M0";"A1100";"P1D_L";"ZZ";"2.452"
"2007-04-13";"J02M0";"A1100";"P1D_L";"ZZ";"2.461"
"2007-04-16";"J02M0";"A1100";"P1D_L";"ZZ";"2.485"
"2007-04-17";"J02M0";"A1100";"P1D_L";"ZZ";"2.424"
"2007-04-18";"J02M0";"A1100";"P1D_L";"ZZ";"2.488"
"2007-04-19";"J02M0";"A1100";"P1D_L";"ZZ";"2.478"
"2007-04-20";"J02M0";"A1100";"P1D_L";"ZZ";"2.497"
"2007-04-23";"J02M0";"A1100";"P1D_L";"ZZ";"2.487"
"2007-04-24";"J02M0";"A1100";"P1D_L";"ZZ";"2.488"
"2007-04-25";"J02M0";"A1100";"P1D_L";"ZZ";"2.471"
"2007-04-26";"J02M0";"A1100";"P1D_L";"ZZ";"2.481"
"2007-04-27";"J02M0";"A1100";"P1D_L";"ZZ";"2.499"
"2007-04-30";"J02M0";"A1100";"P1D_L";"ZZ";"2.498"
"2007-05-01";"J02M0";"A1100";"P1D_L";"ZZ";
"2007-05-02";"J02M0";"A1100";"P1D_L";"ZZ";"2.502"
"2007-05-03";"J02M0";"A1100";"P1D_L";"ZZ";"2.558"
"2007-05-04";"J02M0";"A1100";"P1D_L";"ZZ";"2.538"
"2007-05-07";"J02M0";"A1100";"P1D_L";"ZZ";"2.546"
"2007-05-08";"J02M0";"A1100";"P1D_L";"ZZ";"2.563"
"2007-05-09";"J02M0";"A1100";"P1D_L";"ZZ";"2.561"
"2007-05-10";"J02M0";"A1100";"P1D_L";"ZZ";"2.602"
"2007-05-11";"J02M0";"A1100";"P1D_L";"ZZ";"2.558"
"2007-05-14";"J02M0";"A1100";"P1D_L";"ZZ";"2.6"
"2007-05-15";"J02M0";"A1100";"P1D_L";"ZZ";"2.612"
"2007-05-16";"J02M0";"A1100";"P1D_L";"ZZ";"2.627"
"2007-05-17";"J02M0";"A1100";"P1D_L";"ZZ";
"2007-05-18";"J02M0";"A1100";"P1D_L";"ZZ";"2.632"
"2007-05-21";"J02M0";"A1100";"P1D_L";"ZZ";"2.654"
"2007-05-22";"J02M0";"A1100";"P1D_L";"ZZ";"2.661"
"2007-05-23";"J02M0";"A1100";"P1D_L";"ZZ";"2.726"
"2007-05-24";"J02M0";"A1100";"P1D_L";"ZZ";"2.734"
"2007-05-25";"J02M0";"A1100";"P1D_L";"ZZ";"2.745"
"2007-05-28";"J02M0";"A1100";"P1D_L";"ZZ";
"2007-05-29";"J02M0";"A1100";"P1D_L";"ZZ";"2.742"
"2007-05-30";"J02M0";"A1100";"P1D_L";"ZZ";"2.779"
"2007-05-31";"J02M0";"A1100";"P1D_L";"ZZ";"2.782"
"2007-06-01";"J02M0";"A1100";"P1D_L";"ZZ";"2.788"
"2007-06-04";"J02M0";"A1100";"P1D_L";"ZZ";"2.81"
"2007-06-05";"J02M0";"A1100";"P1D_L";"ZZ";"2.823"
"2007-06-06";"J02M0";"A1100";"P1D_L";"ZZ";"2.818"
"2007-06-07";"J02M0";"A1100";"P1D_L";"ZZ";"2.798"
"2007-06-08";"J02M0";"A1100";"P1D_L";"ZZ";"2.804"
"2007-06-11";"J02M0";"A1100";"P1D_L";"ZZ";"2.754"
"2007-06-12";"J02M0";"A1100";"P1D_L";"ZZ";"2.782"
"2007-06-13";"J02M0";"A1100";"P1D_L";"ZZ";"2.807"
"2007-06-14";"J02M0";"A1100";"P1D_L";"ZZ";"2.816"
"2007-06-15";"J02M0";"A1100";"P1D_L";"ZZ";"2.781"
"2007-06-18";"J02M0";"A1100";"P1D_L";"ZZ";"2.804"
"2007-06-19";"J02M0";"A1100";"P1D_L";"ZZ";"2.861"
"2007-06-20";"J02M0";"A1100";"P1D_L";"ZZ";"2.836"
"2007-06-21";"J02M0";"A1100";"P1D_L";"ZZ";"2.831"
"2007-06-22";"J02M0";"A1100";"P1D_L";"ZZ";"2.887"
"2007-06-25";"J02M0";"A1100";"P1D_L";"ZZ";"2.828"
"2007-06-26";"J02M0";"A1100";"P1D_L";"ZZ";"2.781"
"2007-06-27";"J02M0";"A1100";"P1D_L";"ZZ";"2.903"
"2007-06-28";"J02M0";"A1100";"P1D_L";"ZZ";"2.871"
"2007-06-29";"J02M0";"A1100";"P1D_L";"ZZ";"2.905"
"2007-07-02";"J02M0";"A1100";"P1D_L";"ZZ";"2.905"
"2007-07-03";"J02M0";"A1100";"P1D_L";"ZZ";"2.928"
"2007-07-04";"J02M0";"A1100";"P1D_L";"ZZ";"2.929"
"2007-07-05";"J02M0";"A1100";"P1D_L";"ZZ";"2.939"
"2007-07-06";"J02M0";"A1100";"P1D_L";"ZZ";"3.063"
"2007-07-09";"J02M0";"A1100";"P1D_L";"ZZ";"3.021"
"2007-07-10";"J02M0";"A1100";"P1D_L";"ZZ";"3.03"
"2007-07-11";"J02M0";"A1100";"P1D_L";"ZZ";"2.959"
"2007-07-12";"J02M0";"A1100";"P1D_L";"ZZ";"3.005"
"2007-07-13";"J02M0";"A1100";"P1D_L";"ZZ";"2.949"
"2007-07-16";"J02M0";"A1100";"P1D_L";"ZZ";"3.004"
"2007-07-17";"J02M0";"A1100";"P1D_L";"ZZ";"3.02"
"2007-07-18";"J02M0";"A1100";"P1D_L";"ZZ";"2.999"
"2007-07-19";"J02M0";"A1100";"P1D_L";"ZZ";"2.999"
"2007-07-20";"J02M0";"A1100";"P1D_L";"ZZ";"2.986"
"2007-07-23";"J02M0";"A1100";"P1D_L";"ZZ";"2.944"
"2007-07-24";"J02M0";"A1100";"P1D_L";"ZZ";"2.934"
"2007-07-25";"J02M0";"A1100";"P1D_L";"ZZ";"2.911"
"2007-07-26";"J02M0";"A1100";"P1D_L";"ZZ";"2.913"
"2007-07-27";"J02M0";"A1100";"P1D_L";"ZZ";"2.883"
"2007-07-30";"J02M0";"A1100";"P1D_L";"ZZ";"2.832"
"2007-07-31";"J02M0";"A1100";"P1D_L";"ZZ";"2.859"
"2007-08-01";"J02M0";"A1100";"P1D_L";"ZZ";
"2007-08-02";"J02M0";"A1100";"P1D_L";"ZZ";"2.823"
"2007-08-03";"J02M0";"A1100";"P1D_L";"ZZ";"2.826"
"2007-08-06";"J02M0";"A1100";"P1D_L";"ZZ";"2.774"
"2007-08-07";"J02M0";"A1100";"P1D_L";"ZZ";"2.83"
"2007-08-08";"J02M0";"A1100";"P1D_L";"ZZ";"2.788"
"2007-08-09";"J02M0";"A1100";"P1D_L";"ZZ";"2.817"
"2007-08-10";"J02M0";"A1100";"P1D_L";"ZZ";"2.682"
"2007-08-13";"J02M0";"A1100";"P1D_L";"ZZ";"2.636"
"2007-08-14";"J02M0";"A1100";"P1D_L";"ZZ";"2.691"
"2007-08-15";"J02M0";"A1100";"P1D_L";"ZZ";"2.492"
"2007-08-16";"J02M0";"A1100";"P1D_L";"ZZ";"2.475"
"2007-08-17";"J02M0";"A1100";"P1D_L";"ZZ";"2.355"
"2007-08-20";"J02M0";"A1100";"P1D_L";"ZZ";"2.524"
"2007-08-21";"J02M0";"A1100";"P1D_L";"ZZ";"2.379"
"2007-08-22";"J02M0";"A1100";"P1D_L";"ZZ";"2.437"
"2007-08-23";"J02M0";"A1100";"P1D_L";"ZZ";"2.625"
"2007-08-24";"J02M0";"A1100";"P1D_L";"ZZ";"2.574"
"2007-08-27";"J02M0";"A1100";"P1D_L";"ZZ";"2.538"
"2007-08-28";"J02M0";"A1100";"P1D_L";"ZZ";"2.409"
"2007-08-29";"J02M0";"A1100";"P1D_L";"ZZ";"2.485"
"2007-08-30";"J02M0";"A1100";"P1D_L";"ZZ";"2.527"
"2007-08-31";"J02M0";"A1100";"P1D_L";"ZZ";"2.495"
"2007-09-03";"J02M0";"A1100";"P1D_L";"ZZ";"2.52"
"2007-09-04";"J02M0";"A1100";"P1D_L";"ZZ";"2.55"
"2007-09-05";"J02M0";"A1100";"P1D_L";"ZZ";"2.534"
"2007-09-06";"J02M0";"A1100";"P1D_L";"ZZ";"2.587"
"2007-09-07";"J02M0";"A1100";"P1D_L";"ZZ";"2.607"
"2007-09-10";"J02M0";"A1100";"P1D_L";"ZZ";"2.519"
"2007-09-11";"J02M0";"A1100";"P1D_L";"ZZ";"2.455"
"2007-09-12";"J02M0";"A1100";"P1D_L";"ZZ";"2.483"
"2007-09-13";"J02M0";"A1100";"P1D_L";"ZZ";"2.469"
"2007-09-14";"J02M0";"A1100";"P1D_L";"ZZ";"2.501"
"2007-09-17";"J02M0";"A1100";"P1D_L";"ZZ";"2.488"
"2007-09-18";"J02M0";"A1100";"P1D_L";"ZZ";"2.505"
"2007-09-19";"J02M0";"A1100";"P1D_L";"ZZ";"2.512"
"2007-09-20";"J02M0";"A1100";"P1D_L";"ZZ";"2.468"
"2007-09-21";"J02M0";"A1100";"P1D_L";"ZZ";"2.468"
"2007-09-24";"J02M0";"A1100";"P1D_L";"ZZ";"2.497"
"2007-09-25";"J02M0";"A1100";"P1D_L";"ZZ";"2.454"
"2007-09-26";"J02M0";"A1100";"P1D_L";"ZZ";"2.446"
"2007-09-27";"J02M0";"A1100";"P1D_L";"ZZ";"2.463"
"2007-09-28";"J02M0";"A1100";"P1D_L";"ZZ";"2.413"
"2007-10-01";"J02M0";"A1100";"P1D_L";"ZZ";"2.524"
"2007-10-02";"J02M0";"A1100";"P1D_L";"ZZ";"2.541"
"2007-10-03";"J02M0";"A1100";"P1D_L";"ZZ";"2.508"
"2007-10-04";"J02M0";"A1100";"P1D_L";"ZZ";"2.611"
"2007-10-05";"J02M0";"A1100";"P1D_L";"ZZ";"2.561"
"2007-10-08";"J02M0";"A1100";"P1D_L";"ZZ";"2.466"
"2007-10-09";"J02M0";"A1100";"P1D_L";"ZZ";"2.615"
"2007-10-10";"J02M0";"A1100";"P1D_L";"ZZ";"2.605"
"2007-10-11";"J02M0";"A1100";"P1D_L";"ZZ";"2.663"
"2007-10-12";"J02M0";"A1100";"P1D_L";"ZZ";"2.618"
"2007-10-15";"J02M0";"A1100";"P1D_L";"ZZ";"2.649"
"2007-10-16";"J02M0";"A1100";"P1D_L";"ZZ";"2.607"
"2007-10-17";"J02M0";"A1100";"P1D_L";"ZZ";"2.62"
"2007-10-18";"J02M0";"A1100";"P1D_L";"ZZ";"2.564"
"2007-10-19";"J02M0";"A1100";"P1D_L";"ZZ";"2.548"
"2007-10-22";"J02M0";"A1100";"P1D_L";"ZZ";"2.5"
"2007-10-23";"J02M0";"A1100";"P1D_L";"ZZ";"2.482"
"2007-10-24";"J02M0";"A1100";"P1D_L";"ZZ";"2.46"
"2007-10-25";"J02M0";"A1100";"P1D_L";"ZZ";"2.474"
"2007-10-26";"J02M0";"A1100";"P1D_L";"ZZ";"2.481"
"2007-10-29";"J02M0";"A1100";"P1D_L";"ZZ";"2.434"
"2007-10-30";"J02M0";"A1100";"P1D_L";"ZZ";"2.544"
"2007-10-31";"J02M0";"A1100";"P1D_L";"ZZ";"2.536"
"2007-11-01";"J02M0";"A1100";"P1D_L";"ZZ";"2.472"
"2007-11-02";"J02M0";"A1100";"P1D_L";"ZZ";"2.55"
"2007-11-05";"J02M0";"A1100";"P1D_L";"ZZ";"2.497"
"2007-11-06";"J02M0";"A1100";"P1D_L";"ZZ";"2.502"
"2007-11-07";"J02M0";"A1100";"P1D_L";"ZZ";"2.52"
"2007-11-08";"J02M0";"A1100";"P1D_L";"ZZ";"2.51"
"2007-11-09";"J02M0";"A1100";"P1D_L";"ZZ";"2.447"
"2007-11-12";"J02M0";"A1100";"P1D_L";"ZZ";"2.473"
"2007-11-13";"J02M0";"A1100";"P1D_L";"ZZ";"2.452"
"2007-11-14";"J02M0";"A1100";"P1D_L";"ZZ";"2.467"
"2007-11-15";"J02M0";"A1100";"P1D_L";"ZZ";"2.448"
"2007-11-16";"J02M0";"A1100";"P1D_L";"ZZ";"2.427"
"2007-11-19";"J02M0";"A1100";"P1D_L";"ZZ";"2.374"
"2007-11-20";"J02M0";"A1100";"P1D_L";"ZZ";"2.408"
"2007-11-21";"J02M0";"A1100";"P1D_L";"ZZ";"2.393"
"2007-11-22";"J02M0";"A1100";"P1D_L";"ZZ";"2.385"
"2007-11-23";"J02M0";"A1100";"P1D_L";"ZZ";"2.259"
"2007-11-26";"J02M0";"A1100";"P1D_L";"ZZ";"2.288"
"2007-11-27";"J02M0";"A1100";"P1D_L";"ZZ";"2.299"
"2007-11-28";"J02M0";"A1100";"P1D_L";"ZZ";"2.362"
"2007-11-29";"J02M0";"A1100";"P1D_L";"ZZ";"2.323"
"2007-11-30";"J02M0";"A1100";"P1D_L";"ZZ";"2.249"
"2007-12-03";"J02M0";"A1100";"P1D_L";"ZZ";"2.251"
"2007-12-04";"J02M0";"A1100";"P1D_L";"ZZ";"2.337"
"2007-12-05";"J02M0";"A1100";"P1D_L";"ZZ";"2.301"
"2007-12-06";"J02M0";"A1100";"P1D_L";"ZZ";"2.261"
"2007-12-07";"J02M0";"A1100";"P1D_L";"ZZ";"2.26"
"2007-12-10";"J02M0";"A1100";"P1D_L";"ZZ";"2.288"
"2007-12-11";"J02M0";"A1100";"P1D_L";"ZZ";"2.374"
"2007-12-12";"J02M0";"A1100";"P1D_L";"ZZ";"2.374"
"2007-12-13";"J02M0";"A1100";"P1D_L";"ZZ";"2.426"
"2007-12-14";"J02M0";"A1100";"P1D_L";"ZZ";"2.37"
"2007-12-17";"J02M0";"A1100";"P1D_L";"ZZ";"2.31"
"2007-12-18";"J02M0";"A1100";"P1D_L";"ZZ";"2.46"
"2007-12-19";"J02M0";"A1100";"P1D_L";"ZZ";"2.517"
"2007-12-20";"J02M0";"A1100";"P1D_L";"ZZ";"2.518"
"2007-12-21";"J02M0";"A1100";"P1D_L";"ZZ";"2.512"
"2007-12-24";"J02M0";"A1100";"P1D_L";"ZZ";
"2007-12-25";"J02M0";"A1100";"P1D_L";"ZZ";
"2007-12-26";"J02M0";"A1100";"P1D_L";"ZZ";
"2007-12-27";"J02M0";"A1100";"P1D_L";"ZZ";"2.521"
"2007-12-28";"J02M0";"A1100";"P1D_L";"ZZ";"2.43"
"2007-12-31";"J02M0";"A1100";"P1D_L";"ZZ";
"2008-01-01";"J02M0";"A1100";"P1D_L";"ZZ";
"2008-01-02";"J02M0";"A1100";"P1D_L";"ZZ";
"2008-01-03";"J02M0";"A1100";"P1D_L";"ZZ";"2.266"
"2008-01-04";"J02M0";"A1100";"P1D_L";"ZZ";"2.288"
"2008-01-07";"J02M0";"A1100";"P1D_L";"ZZ";"2.291"
"2008-01-08";"J02M0";"A1100";"P1D_L";"ZZ";"2.333"
"2008-01-09";"J02M0";"A1100";"P1D_L";"ZZ";"2.315"
"2008-01-10";"J02M0";"A1100";"P1D_L";"ZZ";"2.304"
"2008-01-11";"J02M0";"A1100";"P1D_L";"ZZ";"2.37"
"2008-01-14";"J02M0";"A1100";"P1D_L";"ZZ";"2.162"
"2008-01-15";"J02M0";"A1100";"P1D_L";"ZZ";"2.161"
"2008-01-16";"J02M0";"A1100";"P1D_L";"ZZ";"2.17"
"2008-01-17";"J02M0";"A1100";"P1D_L";"ZZ";"2.173"
"2008-01-18";"J02M0";"A1100";"P1D_L";"ZZ";"2.119"
"2008-01-21";"J02M0";"A1100";"P1D_L";"ZZ";"2.066"
"2008-01-22";"J02M0";"A1100";"P1D_L";"ZZ";"1.926"
"2008-01-23";"J02M0";"A1100";"P1D_L";"ZZ";"1.995"
"2008-01-24";"J02M0";"A1100";"P1D_L";"ZZ";"1.936"
"2008-01-25";"J02M0";"A1100";"P1D_L";"ZZ";"2.095"
"2008-01-28";"J02M0";"A1100";"P1D_L";"ZZ";"2.068"
"2008-01-29";"J02M0";"A1100";"P1D_L";"ZZ";"2.128"
"2008-01-30";"J02M0";"A1100";"P1D_L";"ZZ";"2.135"
"2008-01-31";"J02M0";"A1100";"P1D_L";"ZZ";"2.106"
"2008-02-01";"J02M0";"A1100";"P1D_L";"ZZ";"2.083"
"2008-02-04";"J02M0";"A1100";"P1D_L";"ZZ";"2.066"
"2008-02-05";"J02M0";"A1100";"P1D_L";"ZZ";"2.109"
"2008-02-06";"J02M0";"A1100";"P1D_L";"ZZ";"2.025"
"2008-02-07";"J02M0";"A1100";"P1D_L";"ZZ";"2.104"
"2008-02-08";"J02M0";"A1100";"P1D_L";"ZZ";"2.155"
"2008-02-11";"J02M0";"A1100";"P1D_L";"ZZ";"2.067"
"2008-02-12";"J02M0";"A1100";"P1D_L";"ZZ";"2.119"
"2008-02-13";"J02M0";"A1100";"P1D_L";"ZZ";"2.094"
"2008-02-14";"J02M0";"A1100";"P1D_L";"ZZ";"2.043"
"2008-02-15";"J02M0";"A1100";"P1D_L";"ZZ";"2.115"
"2008-02-18";"J02M0";"A1100";"P1D_L";"ZZ";"2.193"
"2008-02-19";"J02M0";"A1100";"P1D_L";"ZZ";"2.046"
"2008-02-20";"J02M0";"A1100";"P1D_L";"ZZ";"2.104"
"2008-02-21";"J02M0";"A1100";"P1D_L";"ZZ";"2.179"
"2008-02-22";"J02M0";"A1100";"P1D_L";"ZZ";"2.116"
"2008-02-25";"J02M0";"A1100";"P1D_L";"ZZ";"2.211"
"2008-02-26";"J02M0";"A1100";"P1D_L";"ZZ";"2.251"
"2008-02-27";"J02M0";"A1100";"P1D_L";"ZZ";"2.195"
"2008-02-28";"J02M0";"A1100";"P1D_L";"ZZ";"2.186"
"2008-02-29";"J02M0";"A1100";"P1D_L";"ZZ";"2.13"
"2008-03-03";"J02M0";"A1100";"P1D_L";"ZZ";"2.125"
"2008-03-04";"J02M0";"A1100";"P1D_L";"ZZ";"2.091"
"2008-03-05";"J02M0";"A1100";"P1D_L";"ZZ";"2.093"
"2008-03-06";"J02M0";"A1100";"P1D_L";"ZZ";"2.114"
"2008-03-07";"J02M0";"A1100";"P1D_L";"ZZ";"2.098"
"2008-03-10";"J02M0";"A1100";"P1D_L";"ZZ";"2.136"
"2008-03-11";"J02M0";"A1100";"P1D_L";"ZZ";"2.039"
"2008-03-12";"J02M0";"A1100";"P1D_L";"ZZ";"2.083"
"2008-03-13";"J02M0";"A1100";"P1D_L";"ZZ";"1.981"
"2008-03-14";"J02M0";"A1100";"P1D_L";"ZZ";"1.987"
"2008-03-17";"J02M0";"A1100";"P1D_L";"ZZ";"1.661"
"2008-03-18";"J02M0";"A1100";"P1D_L";"ZZ";"1.694"
"2008-03-19";"J02M0";"A1100";"P1D_L";"ZZ";"1.662"
"2008-03-20";"J02M0";"A1100";"P1D_L";"ZZ";"1.738"
"2008-03-21";"J02M0";"A1100";"P1D_L";"ZZ";
"2008-03-24";"J02M0";"A1100";"P1D_L";"ZZ";
"2008-03-25";"J02M0";"A1100";"P1D_L";"ZZ";"1.869"
"2008-03-26";"J02M0";"A1100";"P1D_L";"ZZ";"1.903"
"2008-03-27";"J02M0";"A1100";"P1D_L";"ZZ";"1.91"
"2008-03-28";"J02M0";"A1100";"P1D_L";"ZZ";"2.12"
"2008-03-31";"J02M0";"A1100";"P1D_L";"ZZ";"2"
"2008-04-01";"J02M0";"A1100";"P1D_L";"ZZ";"2.199"
"2008-04-02";"J02M0";"A1100";"P1D_L";"ZZ";"2.057"
"2008-04-03";"J02M0";"A1100";"P1D_L";"ZZ";"2.058"
"2008-04-04";"J02M0";"A1100";"P1D_L";"ZZ";"2.093"
"2008-04-07";"J02M0";"A1100";"P1D_L";"ZZ";"2.188"
"2008-04-08";"J02M0";"A1100";"P1D_L";"ZZ";"1.993"
"2008-04-09";"J02M0";"A1100";"P1D_L";"ZZ";"1.986"
"2008-04-10";"J02M0";"A1100";"P1D_L";"ZZ";"1.943"
"2008-04-11";"J02M0";"A1100";"P1D_L";"ZZ";"2.151"
"2008-04-14";"J02M0";"A1100";"P1D_L";"ZZ";"2.1"
"2008-04-15";"J02M0";"A1100";"P1D_L";"ZZ";"2.048"
"2008-04-16";"J02M0";"A1100";"P1D_L";"ZZ";"2.112"
"2008-04-17";"J02M0";"A1100";"P1D_L";"ZZ";"2.186"
"2008-04-18";"J02M0";"A1100";"P1D_L";"ZZ";"2.117"
"2008-04-21";"J02M0";"A1100";"P1D_L";"ZZ";"2.165"
"2008-04-22";"J02M0";"A1100";"P1D_L";"ZZ";"2.175"
"2008-04-23";"J02M0";"A1100";"P1D_L";"ZZ";"2.133"
"2008-04-24";"J02M0";"A1100";"P1D_L";"ZZ";"2.056"
"2008-04-25";"J02M0";"A1100";"P1D_L";"ZZ";"2.1"
"2008-04-28";"J02M0";"A1100";"P1D_L";"ZZ";"2.179"
"2008-04-29";"J02M0";"A1100";"P1D_L";"ZZ";"2.172"
"2008-04-30";"J02M0";"A1100";"P1D_L";"ZZ";"2.107"
"2008-05-01";"J02M0";"A1100";"P1D_L";"ZZ";
"2008-05-02";"J02M0";"A1100";"P1D_L";"ZZ";"2.197"
"2008-05-05";"J02M0";"A1100";"P1D_L";"ZZ";"2.107"
"2008-05-06";"J02M0";"A1100";"P1D_L";"ZZ";"2.098"
"2008-05-07";"J02M0";"A1100";"P1D_L";"ZZ";"2.097"
"2008-05-08";"J02M0";"A1100";"P1D_L";"ZZ";"2.072"
"2008-05-09";"J02M0";"A1100";"P1D_L";"ZZ";"2.051"
"2008-05-12";"J02M0";"A1100";"P1D_L";"ZZ";
"2008-05-13";"J02M0";"A1100";"P1D_L";"ZZ";"2.141"
"2008-05-14";"J02M0";"A1100";"P1D_L";"ZZ";"2.174"
"2008-05-15";"J02M0";"A1100";"P1D_L";"ZZ";"2.169"
"2008-05-16";"J02M0";"A1100";"P1D_L";"ZZ";"2.156"
"2008-05-19";"J02M0";"A1100";"P1D_L";"ZZ";"2.123"
"2008-05-20";"J02M0";"A1100";"P1D_L";"ZZ";"2.172"
"2008-05-21";"J02M0";"A1100";"P1D_L";"ZZ";"2.172"
"2008-05-22";"J02M0";"A1100";"P1D_L";"ZZ";"2.151"
"2008-05-23";"J02M0";"A1100";"P1D_L";"ZZ";"2.161"
"2008-05-26";"J02M0";"A1100";"P1D_L";"ZZ";"2.154"
"2008-05-27";"J02M0";"A1100";"P1D_L";"ZZ";"2.183"
"2008-05-28";"J02M0";"A1100";"P1D_L";"ZZ";"2.171"
"2008-05-29";"J02M0";"A1100";"P1D_L";"ZZ";"2.288"
"2008-05-30";"J02M0";"A1100";"P1D_L";"ZZ";"2.298"
"2008-06-02";"J02M0";"A1100";"P1D_L";"ZZ";"2.23"
"2008-06-03";"J02M0";"A1100";"P1D_L";"ZZ";"2.281"
"2008-06-04";"J02M0";"A1100";"P1D_L";"ZZ";"2.303"
"2008-06-05";"J02M0";"A1100";"P1D_L";"ZZ";"2.355"
"2008-06-06";"J02M0";"A1100";"P1D_L";"ZZ";"2.523"
"2008-06-09";"J02M0";"A1100";"P1D_L";"ZZ";"2.5"
"2008-06-10";"J02M0";"A1100";"P1D_L";"ZZ";"2.687"
"2008-06-11";"J02M0";"A1100";"P1D_L";"ZZ";"2.613"
"2008-06-12";"J02M0";"A1100";"P1D_L";"ZZ";"2.605"
"2008-06-13";"J02M0";"A1100";"P1D_L";"ZZ";"2.638"
"2008-06-16";"J02M0";"A1100";"P1D_L";"ZZ";"2.632"
"2008-06-17";"J02M0";"A1100";"P1D_L";"ZZ";"2.594"
"2008-06-18";"J02M0";"A1100";"P1D_L";"ZZ";"2.603"
"2008-06-19";"J02M0";"A1100";"P1D_L";"ZZ";"2.569"
"2008-06-20";"J02M0";"A1100";"P1D_L";"ZZ";"2.576"
"2008-06-23";"J02M0";"A1100";"P1D_L";"ZZ";"2.544"
"2008-06-24";"J02M0";"A1100";"P1D_L";"ZZ";"2.577"
"2008-06-25";"J02M0";"A1100";"P1D_L";"ZZ";"2.539"
"2008-06-26";"J02M0";"A1100";"P1D_L";"ZZ";"2.542"
"2008-06-27";"J02M0";"A1100";"P1D_L";"ZZ";"2.527"
"2008-06-30";"J02M0";"A1100";"P1D_L";"ZZ";"2.502"
"2008-07-01";"J02M0";"A1100";"P1D_L";"ZZ";"2.537"
"2008-07-02";"J02M0";"A1100";"P1D_L";"ZZ";"2.527"
"2008-07-03";"J02M0";"A1100";"P1D_L";"ZZ";"2.547"
"2008-07-04";"J02M0";"A1100";"P1D_L";"ZZ";"2.487"
"2008-07-07";"J02M0";"A1100";"P1D_L";"ZZ";"2.494"
"2008-07-08";"J02M0";"A1100";"P1D_L";"ZZ";"2.458"
"2008-07-09";"J02M0";"A1100";"P1D_L";"ZZ";"2.462"
"2008-07-10";"J02M0";"A1100";"P1D_L";"ZZ";"2.418"
"2008-07-11";"J02M0";"A1100";"P1D_L";"ZZ";"2.405"
"2008-07-14";"J02M0";"A1100";"P1D_L";"ZZ";"2.4"
"2008-07-15";"J02M0";"A1100";"P1D_L";"ZZ";"2.35"
"2008-07-16";"J02M0";"A1100";"P1D_L";"ZZ";"2.315"
"2008-07-17";"J02M0";"A1100";"P1D_L";"ZZ";"2.337"
"2008-07-18";"J02M0";"A1100";"P1D_L";"ZZ";"2.331"
"2008-07-21";"J02M0";"A1100";"P1D_L";"ZZ";"2.387"
"2008-07-22";"J02M0";"A1100";"P1D_L";"ZZ";"2.413"
"2008-07-23";"J02M0";"A1100";"P1D_L";"ZZ";"2.413"
"2008-07-24";"J02M0";"A1100";"P1D_L";"ZZ";"2.401"
"2008-07-25";"J02M0";"A1100";"P1D_L";"ZZ";"2.317"
"2008-07-28";"J02M0";"A1100";"P1D_L";"ZZ";"2.315"
"2008-07-29";"J02M0";"A1100";"P1D_L";"ZZ";"2.301"
"2008-07-30";"J02M0";"A1100";"P1D_L";"ZZ";"2.313"
"2008-07-31";"J02M0";"A1100";"P1D_L";"ZZ";"2.312"
"2008-08-01";"J02M0";"A1100";"P1D_L";"ZZ";
"2008-08-04";"J02M0";"A1100";"P1D_L";"ZZ";"2.219"
"2008-08-05";"J02M0";"A1100";"P1D_L";"ZZ";"2.563"
"2008-08-06";"J02M0";"A1100";"P1D_L";"ZZ";"2.537"
"2008-08-07";"J02M0";"A1100";"P1D_L";"ZZ";"2.572"
"2008-08-08";"J02M0";"A1100";"P1D_L";"ZZ";"2.495"
"2008-08-11";"J02M0";"A1100";"P1D_L";"ZZ";"2.485"
"2008-08-12";"J02M0";"A1100";"P1D_L";"ZZ";"2.485"
"2008-08-13";"J02M0";"A1100";"P1D_L";"ZZ";"2.443"
"2008-08-14";"J02M0";"A1100";"P1D_L";"ZZ";"2.38"
"2008-08-15";"J02M0";"A1100";"P1D_L";"ZZ";"2.347"
"2008-08-18";"J02M0";"A1100";"P1D_L";"ZZ";"2.316"
"2008-08-19";"J02M0";"A1100";"P1D_L";"ZZ";"2.312"
"2008-08-20";"J02M0";"A1100";"P1D_L";"ZZ";"2.25"
"2008-08-21";"J02M0";"A1100";"P1D_L";"ZZ";"2.342"
"2008-08-22";"J02M0";"A1100";"P1D_L";"ZZ";"2.387"
"2008-08-25";"J02M0";"A1100";"P1D_L";"ZZ";"2.377"
"2008-08-26";"J02M0";"A1100";"P1D_L";"ZZ";"2.334"
"2008-08-27";"J02M0";"A1100";"P1D_L";"ZZ";"2.322"
"2008-08-28";"J02M0";"A1100";"P1D_L";"ZZ";"2.369"
"2008-08-29";"J02M0";"A1100";"P1D_L";"ZZ";"2.408"
"2008-09-01";"J02M0";"A1100";"P1D_L";"ZZ";"2.335"
"2008-09-02";"J02M0";"A1100";"P1D_L";"ZZ";"2.406"
"2008-09-03";"J02M0";"A1100";"P1D_L";"ZZ";"2.379"
"2008-09-04";"J02M0";"A1100";"P1D_L";"ZZ";"2.411"
"2008-09-05";"J02M0";"A1100";"P1D_L";"ZZ";"2.325"
"2008-09-08";"J02M0";"A1100";"P1D_L";"ZZ";"2.328"
"2008-09-09";"J02M0";"A1100";"P1D_L";"ZZ";"2.345"
"2008-09-10";"J02M0";"A1100";"P1D_L";"ZZ";"2.331"
"2008-09-11";"J02M0";"A1100";"P1D_L";"ZZ";"2.302"
"2008-09-12";"J02M0";"A1100";"P1D_L";"ZZ";"2.292"
"2008-09-15";"J02M0";"A1100";"P1D_L";"ZZ";"2.197"
"2008-09-16";"J02M0";"A1100";"P1D_L";"ZZ";"2.183"
"2008-09-17";"J02M0";"A1100";"P1D_L";"ZZ";"1.908"
"2008-09-18";"J02M0";"A1100";"P1D_L";"ZZ";"1.648"
"2008-09-19";"J02M0";"A1100";"P1D_L";"ZZ";"1.855"
"2008-09-22";"J02M0";"A1100";"P1D_L";"ZZ";"1.852"
"2008-09-23";"J02M0";"A1100";"P1D_L";"ZZ";"1.983"
"2008-09-24";"J02M0";"A1100";"P1D_L";"ZZ";"2.007"
"2008-09-25";"J02M0";"A1100";"P1D_L";"ZZ";"2.071"
"2008-09-26";"J02M0";"A1100";"P1D_L";"ZZ";"1.97"
"2008-09-29";"J02M0";"A1100";"P1D_L";"ZZ";"1.702"
"2008-09-30";"J02M0";"A1100";"P1D_L";"ZZ";"1.607"
"2008-10-01";"J02M0";"A1100";"P1D_L";"ZZ";"1.593"
"2008-10-02";"J02M0";"A1100";"P1D_L";"ZZ";"1.482"
"2008-10-03";"J02M0";"A1100";"P1D_L";"ZZ";"1.552"
"2008-10-06";"J02M0";"A1100";"P1D_L";"ZZ";"1.6"
"2008-10-07";"J02M0";"A1100";"P1D_L";"ZZ";"1.481"
"2008-10-08";"J02M0";"A1100";"P1D_L";"ZZ";"1.419"
"2008-10-09";"J02M0";"A1100";"P1D_L";"ZZ";"1.357"
"2008-10-10";"J02M0";"A1100";"P1D_L";"ZZ";"1.354"
"2008-10-13";"J02M0";"A1100";"P1D_L";"ZZ";"1.414"
"2008-10-14";"J02M0";"A1100";"P1D_L";"ZZ";"1.591"
"2008-10-15";"J02M0";"A1100";"P1D_L";"ZZ";"1.709"
"2008-10-16";"J02M0";"A1100";"P1D_L";"ZZ";"1.63"
"2008-10-17";"J02M0";"A1100";"P1D_L";"ZZ";"1.662"
"2008-10-20";"J02M0";"A1100";"P1D_L";"ZZ";"1.696"
"2008-10-21";"J02M0";"A1100";"P1D_L";"ZZ";"1.801"
"2008-10-22";"J02M0";"A1100";"P1D_L";"ZZ";"1.667"
"2008-10-23";"J02M0";"A1100";"P1D_L";"ZZ";"1.638"
"2008-10-24";"J02M0";"A1100";"P1D_L";"ZZ";"1.682"
"2008-10-27";"J02M0";"A1100";"P1D_L";"ZZ";"1.564"
"2008-10-28";"J02M0";"A1100";"P1D_L";"ZZ";"1.515"
"2008-10-29";"J02M0";"A1100";"P1D_L";"ZZ";"1.503"
"2008-10-30";"J02M0";"A1100";"P1D_L";"ZZ";"1.515"
"2008-10-31";"J02M0";"A1100";"P1D_L";"ZZ";"1.522"
"2008-11-03";"J02M0";"A1100";"P1D_L";"ZZ";"1.639"
"2008-11-04";"J02M0";"A1100";"P1D_L";"ZZ";"1.732"
"2008-11-05";"J02M0";"A1100";"P1D_L";"ZZ";"1.937"
"2008-11-06";"J02M0";"A1100";"P1D_L";"ZZ";"1.996"
"2008-11-07";"J02M0";"A1100";"P1D_L";"ZZ";"1.949"
"2008-11-10";"J02M0";"A1100";"P1D_L";"ZZ";"1.864"
"2008-11-11";"J02M0";"A1100";"P1D_L";"ZZ";"1.857"
"2008-11-12";"J02M0";"A1100";"P1D_L";"ZZ";"1.826"
"2008-11-13";"J02M0";"A1100";"P1D_L";"ZZ";"1.741"
"2008-11-14";"J02M0";"A1100";"P1D_L";"ZZ";"1.819"
"2008-11-17";"J02M0";"A1100";"P1D_L";"ZZ";"1.698"
"2008-11-18";"J02M0";"A1100";"P1D_L";"ZZ";"1.616"
"2008-11-19";"J02M0";"A1100";"P1D_L";"ZZ";"1.611"
"2008-11-20";"J02M0";"A1100";"P1D_L";"ZZ";"1.508"
"2008-11-21";"J02M0";"A1100";"P1D_L";"ZZ";"1.031"
"2008-11-24";"J02M0";"A1100";"P1D_L";"ZZ";"1.178"
"2008-11-25";"J02M0";"A1100";"P1D_L";"ZZ";"1.32"
"2008-11-26";"J02M0";"A1100";"P1D_L";"ZZ";"1.312"
"2008-11-27";"J02M0";"A1100";"P1D_L";"ZZ";"1.262"
"2008-11-28";"J02M0";"A1100";"P1D_L";"ZZ";"1.285"
"2008-12-01";"J02M0";"A1100";"P1D_L";"ZZ";"1.252"
"2008-12-02";"J02M0";"A1100";"P1D_L";"ZZ";"1.146"
"2008-12-03";"J02M0";"A1100";"P1D_L";"ZZ";"1.06"
"2008-12-04";"J02M0";"A1100";"P1D_L";"ZZ";"1.063"
"2008-12-05";"J02M0";"A1100";"P1D_L";"ZZ";"1.103"
"2008-12-08";"J02M0";"A1100";"P1D_L";"ZZ";"1.021"
"2008-12-09";"J02M0";"A1100";"P1D_L";"ZZ";"1.028"
"2008-12-10";"J02M0";"A1100";"P1D_L";"ZZ";"0.977"
"2008-12-11";"J02M0";"A1100";"P1D_L";"ZZ";"0.823"
"2008-12-12";"J02M0";"A1100";"P1D_L";"ZZ";"0.737"
"2008-12-15";"J02M0";"A1100";"P1D_L";"ZZ";"0.854"
"2008-12-16";"J02M0";"A1100";"P1D_L";"ZZ";"0.899"
"2008-12-17";"J02M0";"A1100";"P1D_L";"ZZ";"0.792"
"2008-12-18";"J02M0";"A1100";"P1D_L";"ZZ";"0.751"
"2008-12-19";"J02M0";"A1100";"P1D_L";"ZZ";"0.728"
"2008-12-22";"J02M0";"A1100";"P1D_L";"ZZ";"0.845"
"2008-12-23";"J02M0";"A1100";"P1D_L";"ZZ";"0.782"
"2008-12-24";"J02M0";"A1100";"P1D_L";"ZZ";
"2008-12-25";"J02M0";"A1100";"P1D_L";"ZZ";
"2008-12-26";"J02M0";"A1100";"P1D_L";"ZZ";
"2008-12-29";"J02M0";"A1100";"P1D_L";"ZZ";"0.75"
"2008-12-30";"J02M0";"A1100";"P1D_L";"ZZ";"0.691"
"2008-12-31";"J02M0";"A1100";"P1D_L";"ZZ";
"2009-01-01";"J02M0";"A1100";"P1D_L";"ZZ";
"2009-01-02";"J02M0";"A1100";"P1D_L";"ZZ";
"2009-01-05";"J02M0";"A1100";"P1D_L";"ZZ";"0.797"
"2009-01-06";"J02M0";"A1100";"P1D_L";"ZZ";"0.785"
"2009-01-07";"J02M0";"A1100";"P1D_L";"ZZ";"0.795"
"2009-01-08";"J02M0";"A1100";"P1D_L";"ZZ";"0.787"
"2009-01-09";"J02M0";"A1100";"P1D_L";"ZZ";"0.77"
"2009-01-12";"J02M0";"A1100";"P1D_L";"ZZ";"0.671"
"2009-01-13";"J02M0";"A1100";"P1D_L";"ZZ";"0.63"
"2009-01-14";"J02M0";"A1100";"P1D_L";"ZZ";"0.604"
"2009-01-15";"J02M0";"A1100";"P1D_L";"ZZ";"0.635"
"2009-01-16";"J02M0";"A1100";"P1D_L";"ZZ";"0.599"
"2009-01-19";"J02M0";"A1100";"P1D_L";"ZZ";"0.604"
"2009-01-20";"J02M0";"A1100";"P1D_L";"ZZ";"0.619"
"2009-01-21";"J02M0";"A1100";"P1D_L";"ZZ";"0.549"
"2009-01-22";"J02M0";"A1100";"P1D_L";"ZZ";"0.58"
"2009-01-23";"J02M0";"A1100";"P1D_L";"ZZ";"0.541"
"2009-01-26";"J02M0";"A1100";"P1D_L";"ZZ";"0.524"
"2009-01-27";"J02M0";"A1100";"P1D_L";"ZZ";"0.575"
"2009-01-28";"J02M0";"A1100";"P1D_L";"ZZ";"0.512"
"2009-01-29";"J02M0";"A1100";"P1D_L";"ZZ";"0.508"
"2009-01-30";"J02M0";"A1100";"P1D_L";"ZZ";"0.449"
"2009-02-02";"J02M0";"A1100";"P1D_L";"ZZ";"0.561"
"2009-02-03";"J02M0";"A1100";"P1D_L";"ZZ";"0.582"
"2009-02-04";"J02M0";"A1100";"P1D_L";"ZZ";"0.573"
"2009-02-05";"J02M0";"A1100";"P1D_L";"ZZ";"0.578"
"2009-02-06";"J02M0";"A1100";"P1D_L";"ZZ";"0.516"
"2009-02-09";"J02M0";"A1100";"P1D_L";"ZZ";"0.474"
"2009-02-10";"J02M0";"A1100";"P1D_L";"ZZ";"0.469"
"2009-02-11";"J02M0";"A1100";"P1D_L";"ZZ";"0.418"
"2009-02-12";"J02M0";"A1100";"P1D_L";"ZZ";"0.395"
"2009-02-13";"J02M0";"A1100";"P1D_L";"ZZ";"0.399"
"2009-02-16";"J02M0";"A1100";"P1D_L";"ZZ";"0.422"
"2009-02-17";"J02M0";"A1100";"P1D_L";"ZZ";"0.386"
"2009-02-18";"J02M0";"A1100";"P1D_L";"ZZ";"0.384"
"2009-02-19";"J02M0";"A1100";"P1D_L";"ZZ";"0.371"
"2009-02-20";"J02M0";"A1100";"P1D_L";"ZZ";"0.399"
"2009-02-23";"J02M0";"A1100";"P1D_L";"ZZ";"0.386"
"2009-02-24";"J02M0";"A1100";"P1D_L";"ZZ";"0.455"
"2009-02-25";"J02M0";"A1100";"P1D_L";"ZZ";"0.537"
"2009-02-26";"J02M0";"A1100";"P1D_L";"ZZ";"0.565"
"2009-02-27";"J02M0";"A1100";"P1D_L";"ZZ";"0.52"
"2009-03-02";"J02M0";"A1100";"P1D_L";"ZZ";"0.572"
"2009-03-03";"J02M0";"A1100";"P1D_L";"ZZ";"0.525"
"2009-03-04";"J02M0";"A1100";"P1D_L";"ZZ";"0.562"
"2009-03-05";"J02M0";"A1100";"P1D_L";"ZZ";"0.544"
"2009-03-06";"J02M0";"A1100";"P1D_L";"ZZ";"0.494"
"2009-03-09";"J02M0";"A1100";"P1D_L";"ZZ";"0.501"
"2009-03-10";"J02M0";"A1100";"P1D_L";"ZZ";"0.536"
"2009-03-11";"J02M0";"A1100";"P1D_L";"ZZ";"0.589"
"2009-03-12";"J02M0";"A1100";"P1D_L";"ZZ";"0.594"
"2009-03-13";"J02M0";"A1100";"P1D_L";"ZZ";"0.526"
"2009-03-16";"J02M0";"A1100";"P1D_L";"ZZ";"0.539"
"2009-03-17";"J02M0";"A1100";"P1D_L";"ZZ";"0.522"
"2009-03-18";"J02M0";"A1100";"P1D_L";"ZZ";"0.553"
"2009-03-19";"J02M0";"A1100";"P1D_L";"ZZ";"0.528"
"2009-03-20";"J02M0";"A1100";"P1D_L";"ZZ";"0.486"
"2009-03-23";"J02M0";"A1100";"P1D_L";"ZZ";"0.486"
"2009-03-24";"J02M0";"A1100";"P1D_L";"ZZ";"0.534"
"2009-03-25";"J02M0";"A1100";"P1D_L";"ZZ";"0.555"
"2009-03-26";"J02M0";"A1100";"P1D_L";"ZZ";"0.532"
"2009-03-27";"J02M0";"A1100";"P1D_L";"ZZ";"0.541"
"2009-03-30";"J02M0";"A1100";"P1D_L";"ZZ";"0.478"
"2009-03-31";"J02M0";"A1100";"P1D_L";"ZZ";"0.523"
"2009-04-01";"J02M0";"A1100";"P1D_L";"ZZ";"0.527"
"2009-04-02";"J02M0";"A1100";"P1D_L";"ZZ";"0.556"
"2009-04-03";"J02M0";"A1100";"P1D_L";"ZZ";"0.6"
"2009-04-06";"J02M0";"A1100";"P1D_L";"ZZ";"0.577"
"2009-04-07";"J02M0";"A1100";"P1D_L";"ZZ";"0.56"
"2009-04-08";"J02M0";"A1100";"P1D_L";"ZZ";"0.547"
"2009-04-09";"J02M0";"A1100";"P1D_L";"ZZ";"0.561"
"2009-04-10";"J02M0";"A1100";"P1D_L";"ZZ";
"2009-04-13";"J02M0";"A1100";"P1D_L";"ZZ";
"2009-04-14";"J02M0";"A1100";"P1D_L";"ZZ";"0.529"
"2009-04-15";"J02M0";"A1100";"P1D_L";"ZZ";"0.503"
"2009-04-16";"J02M0";"A1100";"P1D_L";"ZZ";"0.474"
"2009-04-17";"J02M0";"A1100";"P1D_L";"ZZ";"0.484"
"2009-04-20";"J02M0";"A1100";"P1D_L";"ZZ";"0.48"
"2009-04-21";"J02M0";"A1100";"P1D_L";"ZZ";"0.458"
"2009-04-22";"J02M0";"A1100";"P1D_L";"ZZ";"0.487"
"2009-04-23";"J02M0";"A1100";"P1D_L";"ZZ";"0.478"
"2009-04-24";"J02M0";"A1100";"P1D_L";"ZZ";"0.465"
"2009-04-27";"J02M0";"A1100";"P1D_L";"ZZ";"0.462"
"2009-04-28";"J02M0";"A1100";"P1D_L";"ZZ";"0.436"
"2009-04-29";"J02M0";"A1100";"P1D_L";"ZZ";"0.44"
"2009-04-30";"J02M0";"A1100";"P1D_L";"ZZ";"0.45"
"2009-05-01";"J02M0";"A1100";"P1D_L";"ZZ";
"2009-05-04";"J02M0";"A1100";"P1D_L";"ZZ";"0.462"
"2009-05-05";"J02M0";"A1100";"P1D_L";"ZZ";"0.481"
"2009-05-06";"J02M0";"A1100";"P1D_L";"ZZ";"0.481"
"2009-05-07";"J02M0";"A1100";"P1D_L";"ZZ";"0.457"
"2009-05-08";"J02M0";"A1100";"P1D_L";"ZZ";"0.451"
"2009-05-11";"J02M0";"A1100";"P1D_L";"ZZ";"0.441"
"2009-05-12";"J02M0";"A1100";"P1D_L";"ZZ";"0.462"
"2009-05-13";"J02M0";"A1100";"P1D_L";"ZZ";"0.449"
"2009-05-14";"J02M0";"A1100";"P1D_L";"ZZ";"0.428"
"2009-05-15";"J02M0";"A1100";"P1D_L";"ZZ";"0.416"
"2009-05-18";"J02M0";"A1100";"P1D_L";"ZZ";"0.44"
"2009-05-19";"J02M0";"A1100";"P1D_L";"ZZ";"0.459"
"2009-05-20";"J02M0";"A1100";"P1D_L";"ZZ";"0.475"
"2009-05-21";"J02M0";"A1100";"P1D_L";"ZZ";
"2009-05-22";"J02M0";"A1100";"P1D_L";"ZZ";"0.466"
"2009-05-25";"J02M0";"A1100";"P1D_L";"ZZ";"0.559"
"2009-05-26";"J02M0";"A1100";"P1D_L";"ZZ";"0.436"
"2009-05-27";"J02M0";"A1100";"P1D_L";"ZZ";"0.503"
"2009-05-28";"J02M0";"A1100";"P1D_L";"ZZ";"0.447"
"2009-05-29";"J02M0";"A1100";"P1D_L";"ZZ";"0.467"
"2009-06-01";"J02M0";"A1100";"P1D_L";"ZZ";
"2009-06-02";"J02M0";"A1100";"P1D_L";"ZZ";"0.441"
"2009-06-03";"J02M0";"A1100";"P1D_L";"ZZ";"0.438"
"2009-06-04";"J02M0";"A1100";"P1D_L";"ZZ";"0.435"
"2009-06-05";"J02M0";"A1100";"P1D_L";"ZZ";"0.468"
"2009-06-08";"J02M0";"A1100";"P1D_L";"ZZ";"0.51"
"2009-06-09";"J02M0";"A1100";"P1D_L";"ZZ";"0.519"
"2009-06-10";"J02M0";"A1100";"P1D_L";"ZZ";"0.533"
"2009-06-11";"J02M0";"A1100";"P1D_L";"ZZ";"0.46"
"2009-06-12";"J02M0";"A1100";"P1D_L";"ZZ";"0.526"
"2009-06-15";"J02M0";"A1100";"P1D_L";"ZZ";"0.542"
"2009-06-16";"J02M0";"A1100";"P1D_L";"ZZ";"0.512"
"2009-06-17";"J02M0";"A1100";"P1D_L";"ZZ";"0.516"
"2009-06-18";"J02M0";"A1100";"P1D_L";"ZZ";"0.522"
"2009-06-19";"J02M0";"A1100";"P1D_L";"ZZ";"0.534"
"2009-06-22";"J02M0";"A1100";"P1D_L";"ZZ";"0.517"
"2009-06-23";"J02M0";"A1100";"P1D_L";"ZZ";"0.523"
"2009-06-24";"J02M0";"A1100";"P1D_L";"ZZ";"0.523"
"2009-06-25";"J02M0";"A1100";"P1D_L";"ZZ";"0.508"
"2009-06-26";"J02M0";"A1100";"P1D_L";"ZZ";"0.505"
"2009-06-29";"J02M0";"A1100";"P1D_L";"ZZ";"0.491"
"2009-06-30";"J02M0";"A1100";"P1D_L";"ZZ";"0.509"
"2009-07-01";"J02M0";"A1100";"P1D_L";"ZZ";"0.526"
"2009-07-02";"J02M0";"A1100";"P1D_L";"ZZ";"0.537"
"2009-07-03";"J02M0";"A1100";"P1D_L";"ZZ";"0.502"
"2009-07-06";"J02M0";"A1100";"P1D_L";"ZZ";"0.483"
"2009-07-07";"J02M0";"A1100";"P1D_L";"ZZ";"0.482"
"2009-07-08";"J02M0";"A1100";"P1D_L";"ZZ";"0.464"
"2009-07-09";"J02M0";"A1100";"P1D_L";"ZZ";"0.474"
"2009-07-10";"J02M0";"A1100";"P1D_L";"ZZ";"0.514"
"2009-07-13";"J02M0";"A1100";"P1D_L";"ZZ";"0.539"
"2009-07-14";"J02M0";"A1100";"P1D_L";"ZZ";"0.511"
"2009-07-15";"J02M0";"A1100";"P1D_L";"ZZ";"0.512"
"2009-07-16";"J02M0";"A1100";"P1D_L";"ZZ";"0.526"
"2009-07-17";"J02M0";"A1100";"P1D_L";"ZZ";"0.493"
"2009-07-20";"J02M0";"A1100";"P1D_L";"ZZ";"0.504"
"2009-07-21";"J02M0";"A1100";"P1D_L";"ZZ";"0.502"
"2009-07-22";"J02M0";"A1100";"P1D_L";"ZZ";"0.477"
"2009-07-23";"J02M0";"A1100";"P1D_L";"ZZ";"0.479"
"2009-07-24";"J02M0";"A1100";"P1D_L";"ZZ";"0.451"
"2009-07-27";"J02M0";"A1100";"P1D_L";"ZZ";"0.469"
"2009-07-28";"J02M0";"A1100";"P1D_L";"ZZ";"0.471"
"2009-07-29";"J02M0";"A1100";"P1D_L";"ZZ";"0.453"
"2009-07-30";"J02M0";"A1100";"P1D_L";"ZZ";"0.445"
"2009-07-31";"J02M0";"A1100";"P1D_L";"ZZ";"0.453"
"2009-08-03";"J02M0";"A1100";"P1D_L";"ZZ";"0.434"
"2009-08-04";"J02M0";"A1100";"P1D_L";"ZZ";"0.472"
"2009-08-05";"J02M0";"A1100";"P1D_L";"ZZ";"0.509"
"2009-08-06";"J02M0";"A1100";"P1D_L";"ZZ";"0.509"
"2009-08-07";"J02M0";"A1100";"P1D_L";"ZZ";"0.51"
"2009-08-10";"J02M0";"A1100";"P1D_L";"ZZ";"0.553"
"2009-08-11";"J02M0";"A1100";"P1D_L";"ZZ";"0.54"
"2009-08-12";"J02M0";"A1100";"P1D_L";"ZZ";"0.508"
"2009-08-13";"J02M0";"A1100";"P1D_L";"ZZ";"0.519"
"2009-08-14";"J02M0";"A1100";"P1D_L";"ZZ";"0.501"
"2009-08-17";"J02M0";"A1100";"P1D_L";"ZZ";"0.458"
"2009-08-18";"J02M0";"A1100";"P1D_L";"ZZ";"0.482"
"2009-08-19";"J02M0";"A1100";"P1D_L";"ZZ";"0.463"
"2009-08-20";"J02M0";"A1100";"P1D_L";"ZZ";"0.471"
"2009-08-21";"J02M0";"A1100";"P1D_L";"ZZ";"0.466"
"2009-08-24";"J02M0";"A1100";"P1D_L";"ZZ";"0.481"
"2009-08-25";"J02M0";"A1100";"P1D_L";"ZZ";"0.465"
"2009-08-26";"J02M0";"A1100";"P1D_L";"ZZ";"0.44"
"2009-08-27";"J02M0";"A1100";"P1D_L";"ZZ";"0.444"
"2009-08-28";"J02M0";"A1100";"P1D_L";"ZZ";"0.458"
"2009-08-31";"J02M0";"A1100";"P1D_L";"ZZ";"0.466"
"2009-09-01";"J02M0";"A1100";"P1D_L";"ZZ";"0.529"
"2009-09-02";"J02M0";"A1100";"P1D_L";"ZZ";"0.498"
"2009-09-03";"J02M0";"A1100";"P1D_L";"ZZ";"0.507"
"2009-09-04";"J02M0";"A1100";"P1D_L";"ZZ";"0.526"
"2009-09-07";"J02M0";"A1100";"P1D_L";"ZZ";"0.556"
"2009-09-08";"J02M0";"A1100";"P1D_L";"ZZ";"0.571"
"2009-09-09";"J02M0";"A1100";"P1D_L";"ZZ";"0.564"
"2009-09-10";"J02M0";"A1100";"P1D_L";"ZZ";"0.573"
"2009-09-11";"J02M0";"A1100";"P1D_L";"ZZ";"0.559"
"2009-09-14";"J02M0";"A1100";"P1D_L";"ZZ";"0.541"
"2009-09-15";"J02M0";"A1100";"P1D_L";"ZZ";"0.547"
"2009-09-16";"J02M0";"A1100";"P1D_L";"ZZ";"0.548"
"2009-09-17";"J02M0";"A1100";"P1D_L";"ZZ";"0.571"
"2009-09-18";"J02M0";"A1100";"P1D_L";"ZZ";"0.545"
"2009-09-21";"J02M0";"A1100";"P1D_L";"ZZ";"0.539"
"2009-09-22";"J02M0";"A1100";"P1D_L";"ZZ";"0.552"
"2009-09-23";"J02M0";"A1100";"P1D_L";"ZZ";"0.577"
"2009-09-24";"J02M0";"A1100";"P1D_L";"ZZ";"0.556"
"2009-09-25";"J02M0";"A1100";"P1D_L";"ZZ";"0.549"
"2009-09-28";"J02M0";"A1100";"P1D_L";"ZZ";"0.554"
"2009-09-29";"J02M0";"A1100";"P1D_L";"ZZ";"0.565"
"2009-09-30";"J02M0";"A1100";"P1D_L";"ZZ";"0.567"
"2009-10-01";"J02M0";"A1100";"P1D_L";"ZZ";"0.57"
"2009-10-02";"J02M0";"A1100";"P1D_L";"ZZ";"0.55"
"2009-10-05";"J02M0";"A1100";"P1D_L";"ZZ";"0.537"
"2009-10-06";"J02M0";"A1100";"P1D_L";"ZZ";"0.542"
"2009-10-07";"J02M0";"A1100";"P1D_L";"ZZ";"0.539"
"2009-10-08";"J02M0";"A1100";"P1D_L";"ZZ";"0.527"
"2009-10-09";"J02M0";"A1100";"P1D_L";"ZZ";"0.555"
"2009-10-12";"J02M0";"A1100";"P1D_L";"ZZ";"0.587"
"2009-10-13";"J02M0";"A1100";"P1D_L";"ZZ";"0.596"
"2009-10-14";"J02M0";"A1100";"P1D_L";"ZZ";"0.579"
"2009-10-15";"J02M0";"A1100";"P1D_L";"ZZ";"0.59"
"2009-10-16";"J02M0";"A1100";"P1D_L";"ZZ";"0.63"
"2009-10-19";"J02M0";"A1100";"P1D_L";"ZZ";"0.633"
"2009-10-20";"J02M0";"A1100";"P1D_L";"ZZ";"0.624"
"2009-10-21";"J02M0";"A1100";"P1D_L";"ZZ";"0.638"
"2009-10-22";"J02M0";"A1100";"P1D_L";"ZZ";"0.647"
"2009-10-23";"J02M0";"A1100";"P1D_L";"ZZ";"0.632"
"2009-10-26";"J02M0";"A1100";"P1D_L";"ZZ";"0.626"
"2009-10-27";"J02M0";"A1100";"P1D_L";"ZZ";"0.603"
"2009-10-28";"J02M0";"A1100";"P1D_L";"ZZ";"0.601"
"2009-10-29";"J02M0";"A1100";"P1D_L";"ZZ";"0.554"
"2009-10-30";"J02M0";"A1100";"P1D_L";"ZZ";"0.616"
"2009-11-02";"J02M0";"A1100";"P1D_L";"ZZ";"0.613"
"2009-11-03";"J02M0";"A1100";"P1D_L";"ZZ";"0.616"
"2009-11-04";"J02M0";"A1100";"P1D_L";"ZZ";"0.601"
"2009-11-05";"J02M0";"A1100";"P1D_L";"ZZ";"0.6"
"2009-11-06";"J02M0";"A1100";"P1D_L";"ZZ";"0.585"
"2009-11-09";"J02M0";"A1100";"P1D_L";"ZZ";"0.59"
"2009-11-10";"J02M0";"A1100";"P1D_L";"ZZ";"0.574"
"2009-11-11";"J02M0";"A1100";"P1D_L";"ZZ";"0.598"
"2009-11-12";"J02M0";"A1100";"P1D_L";"ZZ";"0.575"
"2009-11-13";"J02M0";"A1100";"P1D_L";"ZZ";"0.566"
"2009-11-16";"J02M0";"A1100";"P1D_L";"ZZ";"0.583"
"2009-11-17";"J02M0";"A1100";"P1D_L";"ZZ";"0.563"
"2009-11-18";"J02M0";"A1100";"P1D_L";"ZZ";"0.571"
"2009-11-19";"J02M0";"A1100";"P1D_L";"ZZ";"0.548"
"2009-11-20";"J02M0";"A1100";"P1D_L";"ZZ";"0.528"
"2009-11-23";"J02M0";"A1100";"P1D_L";"ZZ";"0.546"
"2009-11-24";"J02M0";"A1100";"P1D_L";"ZZ";"0.532"
"2009-11-25";"J02M0";"A1100";"P1D_L";"ZZ";"0.547"
"2009-11-26";"J02M0";"A1100";"P1D_L";"ZZ";"0.548"
"2009-11-27";"J02M0";"A1100";"P1D_L";"ZZ";"0.486"
"2009-11-30";"J02M0";"A1100";"P1D_L";"ZZ";"0.47"
"2009-12-01";"J02M0";"A1100";"P1D_L";"ZZ";"0.479"
"2009-12-02";"J02M0";"A1100";"P1D_L";"ZZ";"0.471"
"2009-12-03";"J02M0";"A1100";"P1D_L";"ZZ";"0.496"
"2009-12-04";"J02M0";"A1100";"P1D_L";"ZZ";"0.476"
"2009-12-07";"J02M0";"A1100";"P1D_L";"ZZ";"0.517"
"2009-12-08";"J02M0";"A1100";"P1D_L";"ZZ";"0.505"
"2009-12-09";"J02M0";"A1100";"P1D_L";"ZZ";"0.49"
"2009-12-10";"J02M0";"A1100";"P1D_L";"ZZ";"0.485"
"2009-12-11";"J02M0";"A1100";"P1D_L";"ZZ";"0.491"
"2009-12-14";"J02M0";"A1100";"P1D_L";"ZZ";"0.51"
"2009-12-15";"J02M0";"A1100";"P1D_L";"ZZ";"0.506"
"2009-12-16";"J02M0";"A1100";"P1D_L";"ZZ";"0.518"
"2009-12-17";"J02M0";"A1100";"P1D_L";"ZZ";"0.491"
"2009-12-18";"J02M0";"A1100";"P1D_L";"ZZ";"0.501"
"2009-12-21";"J02M0";"A1100";"P1D_L";"ZZ";"0.479"
"2009-12-22";"J02M0";"A1100";"P1D_L";"ZZ";"0.472"
"2009-12-23";"J02M0";"A1100";"P1D_L";"ZZ";"0.481"
"2009-12-24";"J02M0";"A1100";"P1D_L";"ZZ";
"2009-12-25";"J02M0";"A1100";"P1D_L";"ZZ";
"2009-12-28";"J02M0";"A1100";"P1D_L";"ZZ";"0.452"
"2009-12-29";"J02M0";"A1100";"P1D_L";"ZZ";"0.481"
"2009-12-30";"J02M0";"A1100";"P1D_L";"ZZ";"0.468"
"2009-12-31";"J02M0";"A1100";"P1D_L";"ZZ";
"2010-01-01";"J02M0";"A1100";"P1D_L";"ZZ";
"2010-01-04";"J02M0";"A1100";"P1D_L";"ZZ";"0.491"
"2010-01-05";"J02M0";"A1100";"P1D_L";"ZZ";"0.518"
"2010-01-06";"J02M0";"A1100";"P1D_L";"ZZ";"0.543"
"2010-01-07";"J02M0";"A1100";"P1D_L";"ZZ";"0.542"
"2010-01-08";"J02M0";"A1100";"P1D_L";"ZZ";"0.54"
"2010-01-11";"J02M0";"A1100";"P1D_L";"ZZ";"0.547"
"2010-01-12";"J02M0";"A1100";"P1D_L";"ZZ";"0.509"
"2010-01-13";"J02M0";"A1100";"P1D_L";"ZZ";"0.507"
"2010-01-14";"J02M0";"A1100";"P1D_L";"ZZ";"0.529"
"2010-01-15";"J02M0";"A1100";"P1D_L";"ZZ";"0.504"
"2010-01-18";"J02M0";"A1100";"P1D_L";"ZZ";"0.496"
"2010-01-19";"J02M0";"A1100";"P1D_L";"ZZ";"0.484"
"2010-01-20";"J02M0";"A1100";"P1D_L";"ZZ";"0.488"
"2010-01-21";"J02M0";"A1100";"P1D_L";"ZZ";"0.517"
"2010-01-22";"J02M0";"A1100";"P1D_L";"ZZ";"0.507"
"2010-01-25";"J02M0";"A1100";"P1D_L";"ZZ";"0.507"
"2010-01-26";"J02M0";"A1100";"P1D_L";"ZZ";"0.51"
"2010-01-27";"J02M0";"A1100";"P1D_L";"ZZ";"0.505"
"2010-01-28";"J02M0";"A1100";"P1D_L";"ZZ";"0.507"
"2010-01-29";"J02M0";"A1100";"P1D_L";"ZZ";"0.492"
"2010-02-01";"J02M0";"A1100";"P1D_L";"ZZ";"0.499"
"2010-02-02";"J02M0";"A1100";"P1D_L";"ZZ";"0.494"
"2010-02-03";"J02M0";"A1100";"P1D_L";"ZZ";"0.498"
"2010-02-04";"J02M0";"A1100";"P1D_L";"ZZ";"0.503"
"2010-02-05";"J02M0";"A1100";"P1D_L";"ZZ";"0.457"
"2010-02-08";"J02M0";"A1100";"P1D_L";"ZZ";"0.452"
"2010-02-09";"J02M0";"A1100";"P1D_L";"ZZ";"0.463"
"2010-02-10";"J02M0";"A1100";"P1D_L";"ZZ";"0.464"
"2010-02-11";"J02M0";"A1100";"P1D_L";"ZZ";"0.436"
"2010-02-12";"J02M0";"A1100";"P1D_L";"ZZ";"0.44"
"2010-02-15";"J02M0";"A1100";"P1D_L";"ZZ";"0.415"
"2010-02-16";"J02M0";"A1100";"P1D_L";"ZZ";"0.393"
"2010-02-17";"J02M0";"A1100";"P1D_L";"ZZ";"0.393"
"2010-02-18";"J02M0";"A1100";"P1D_L";"ZZ";"0.39"
"2010-02-19";"J02M0";"A1100";"P1D_L";"ZZ";"0.401"
"2010-02-22";"J02M0";"A1100";"P1D_L";"ZZ";"0.401"
"2010-02-23";"J02M0";"A1100";"P1D_L";"ZZ";"0.414"
"2010-02-24";"J02M0";"A1100";"P1D_L";"ZZ";"0.395"
"2010-02-25";"J02M0";"A1100";"P1D_L";"ZZ";"0.39"
"2010-02-26";"J02M0";"A1100";"P1D_L";"ZZ";"0.376"
"2010-03-01";"J02M0";"A1100";"P1D_L";"ZZ";"0.367"
"2010-03-02";"J02M0";"A1100";"P1D_L";"ZZ";"0.365"
"2010-03-03";"J02M0";"A1100";"P1D_L";"ZZ";"0.385"
"2010-03-04";"J02M0";"A1100";"P1D_L";"ZZ";"0.387"
"2010-03-05";"J02M0";"A1100";"P1D_L";"ZZ";"0.395"
"2010-03-08";"J02M0";"A1100";"P1D_L";"ZZ";"0.407"
"2010-03-09";"J02M0";"A1100";"P1D_L";"ZZ";"0.405"
"2010-03-10";"J02M0";"A1100";"P1D_L";"ZZ";"0.459"
"2010-03-11";"J02M0";"A1100";"P1D_L";"ZZ";"0.466"
"2010-03-12";"J02M0";"A1100";"P1D_L";"ZZ";"0.496"
"2010-03-15";"J02M0";"A1100";"P1D_L";"ZZ";"0.49"
"2010-03-16";"J02M0";"A1100";"P1D_L";"ZZ";"0.49"
"2010-03-17";"J02M0";"A1100";"P1D_L";"ZZ";"0.496"
"2010-03-18";"J02M0";"A1100";"P1D_L";"ZZ";"0.48"
"2010-03-19";"J02M0";"A1100";"P1D_L";"ZZ";"0.497"
"2010-03-22";"J02M0";"A1100";"P1D_L";"ZZ";"0.476"
"2010-03-23";"J02M0";"A1100";"P1D_L";"ZZ";"0.483"
"2010-03-24";"J02M0";"A1100";"P1D_L";"ZZ";"0.476"
"2010-03-25";"J02M0";"A1100";"P1D_L";"ZZ";"0.491"
"2010-03-26";"J02M0";"A1100";"P1D_L";"ZZ";"0.484"
"2010-03-29";"J02M0";"A1100";"P1D_L";"ZZ";"0.48"
"2010-03-30";"J02M0";"A1100";"P1D_L";"ZZ";"0.479"
"2010-03-31";"J02M0";"A1100";"P1D_L";"ZZ";"0.472"
"2010-04-01";"J02M0";"A1100";"P1D_L";"ZZ";"0.484"
"2010-04-02";"J02M0";"A1100";"P1D_L";"ZZ";
"2010-04-05";"J02M0";"A1100";"P1D_L";"ZZ";
"2010-04-06";"J02M0";"A1100";"P1D_L";"ZZ";"0.496"
"2010-04-07";"J02M0";"A1100";"P1D_L";"ZZ";"0.526"
"2010-04-08";"J02M0";"A1100";"P1D_L";"ZZ";"0.502"
"2010-04-09";"J02M0";"A1100";"P1D_L";"ZZ";"0.538"
"2010-04-12";"J02M0";"A1100";"P1D_L";"ZZ";"0.554"
"2010-04-13";"J02M0";"A1100";"P1D_L";"ZZ";"0.542"
"2010-04-14";"J02M0";"A1100";"P1D_L";"ZZ";"0.521"
"2010-04-15";"J02M0";"A1100";"P1D_L";"ZZ";"0.512"
"2010-04-16";"J02M0";"A1100";"P1D_L";"ZZ";"0.509"
"2010-04-19";"J02M0";"A1100";"P1D_L";"ZZ";"0.497"
"2010-04-20";"J02M0";"A1100";"P1D_L";"ZZ";"0.492"
"2010-04-21";"J02M0";"A1100";"P1D_L";"ZZ";"0.498"
"2010-04-22";"J02M0";"A1100";"P1D_L";"ZZ";"0.504"
"2010-04-23";"J02M0";"A1100";"P1D_L";"ZZ";"0.503"
"2010-04-26";"J02M0";"A1100";"P1D_L";"ZZ";"0.496"
"2010-04-27";"J02M0";"A1100";"P1D_L";"ZZ";"0.501"
"2010-04-28";"J02M0";"A1100";"P1D_L";"ZZ";"0.449"
"2010-04-29";"J02M0";"A1100";"P1D_L";"ZZ";"0.479"
"2010-04-30";"J02M0";"A1100";"P1D_L";"ZZ";"0.478"
"2010-05-03";"J02M0";"A1100";"P1D_L";"ZZ";"0.475"
"2010-05-04";"J02M0";"A1100";"P1D_L";"ZZ";"0.461"
"2010-05-05";"J02M0";"A1100";"P1D_L";"ZZ";"0.429"
"2010-05-06";"J02M0";"A1100";"P1D_L";"ZZ";"0.392"
"2010-05-07";"J02M0";"A1100";"P1D_L";"ZZ";"0.286"
"2010-05-10";"J02M0";"A1100";"P1D_L";"ZZ";"0.366"
"2010-05-11";"J02M0";"A1100";"P1D_L";"ZZ";"0.352"
"2010-05-12";"J02M0";"A1100";"P1D_L";"ZZ";"0.343"
"2010-05-13";"J02M0";"A1100";"P1D_L";"ZZ";
"2010-05-14";"J02M0";"A1100";"P1D_L";"ZZ";"0.304"
"2010-05-17";"J02M0";"A1100";"P1D_L";"ZZ";"0.305"
"2010-05-18";"J02M0";"A1100";"P1D_L";"ZZ";"0.32"
"2010-05-19";"J02M0";"A1100";"P1D_L";"ZZ";"0.282"
"2010-05-20";"J02M0";"A1100";"P1D_L";"ZZ";"0.296"
"2010-05-21";"J02M0";"A1100";"P1D_L";"ZZ";"0.265"
"2010-05-24";"J02M0";"A1100";"P1D_L";"ZZ";
"2010-05-25";"J02M0";"A1100";"P1D_L";"ZZ";"0.23"
"2010-05-26";"J02M0";"A1100";"P1D_L";"ZZ";"0.241"
"2010-05-27";"J02M0";"A1100";"P1D_L";"ZZ";"0.273"
"2010-05-28";"J02M0";"A1100";"P1D_L";"ZZ";"0.284"
"2010-05-31";"J02M0";"A1100";"P1D_L";"ZZ";"0.35"
"2010-06-01";"J02M0";"A1100";"P1D_L";"ZZ";"0.323"
"2010-06-02";"J02M0";"A1100";"P1D_L";"ZZ";"0.352"
"2010-06-03";"J02M0";"A1100";"P1D_L";"ZZ";"0.345"
"2010-06-04";"J02M0";"A1100";"P1D_L";"ZZ";"0.362"
"2010-06-07";"J02M0";"A1100";"P1D_L";"ZZ";"0.321"
"2010-06-08";"J02M0";"A1100";"P1D_L";"ZZ";"0.318"
"2010-06-09";"J02M0";"A1100";"P1D_L";"ZZ";"0.302"
"2010-06-10";"J02M0";"A1100";"P1D_L";"ZZ";"0.341"
"2010-06-11";"J02M0";"A1100";"P1D_L";"ZZ";"0.346"
"2010-06-14";"J02M0";"A1100";"P1D_L";"ZZ";"0.351"
"2010-06-15";"J02M0";"A1100";"P1D_L";"ZZ";"0.342"
"2010-06-16";"J02M0";"A1100";"P1D_L";"ZZ";"0.359"
"2010-06-17";"J02M0";"A1100";"P1D_L";"ZZ";"0.395"
"2010-06-18";"J02M0";"A1100";"P1D_L";"ZZ";"0.393"
"2010-06-21";"J02M0";"A1100";"P1D_L";"ZZ";"0.45"
"2010-06-22";"J02M0";"A1100";"P1D_L";"ZZ";"0.418"
"2010-06-23";"J02M0";"A1100";"P1D_L";"ZZ";"0.402"
"2010-06-24";"J02M0";"A1100";"P1D_L";"ZZ";"0.39"
"2010-06-25";"J02M0";"A1100";"P1D_L";"ZZ";"0.378"
"2010-06-28";"J02M0";"A1100";"P1D_L";"ZZ";"0.397"
"2010-06-29";"J02M0";"A1100";"P1D_L";"ZZ";"0.347"
"2010-06-30";"J02M0";"A1100";"P1D_L";"ZZ";"0.347"
"2010-07-01";"J02M0";"A1100";"P1D_L";"ZZ";"0.361"
"2010-07-02";"J02M0";"A1100";"P1D_L";"ZZ";"0.338"
"2010-07-05";"J02M0";"A1100";"P1D_L";"ZZ";"0.338"
"2010-07-06";"J02M0";"A1100";"P1D_L";"ZZ";"0.343"
"2010-07-07";"J02M0";"A1100";"P1D_L";"ZZ";"0.353"
"2010-07-08";"J02M0";"A1100";"P1D_L";"ZZ";"0.358"
"2010-07-09";"J02M0";"A1100";"P1D_L";"ZZ";"0.357"
"2010-07-12";"J02M0";"A1100";"P1D_L";"ZZ";"0.362"
"2010-07-13";"J02M0";"A1100";"P1D_L";"ZZ";"0.34"
"2010-07-14";"J02M0";"A1100";"P1D_L";"ZZ";"0.378"
"2010-07-15";"J02M0";"A1100";"P1D_L";"ZZ";"0.387"
"2010-07-16";"J02M0";"A1100";"P1D_L";"ZZ";"0.379"
"2010-07-19";"J02M0";"A1100";"P1D_L";"ZZ";"0.362"
"2010-07-20";"J02M0";"A1100";"P1D_L";"ZZ";"0.365"
"2010-07-21";"J02M0";"A1100";"P1D_L";"ZZ";"0.362"
"2010-07-22";"J02M0";"A1100";"P1D_L";"ZZ";"0.354"
"2010-07-23";"J02M0";"A1100";"P1D_L";"ZZ";"0.39"
"2010-07-26";"J02M0";"A1100";"P1D_L";"ZZ";"0.401"
"2010-07-27";"J02M0";"A1100";"P1D_L";"ZZ";"0.433"
"2010-07-28";"J02M0";"A1100";"P1D_L";"ZZ";"0.436"
"2010-07-29";"J02M0";"A1100";"P1D_L";"ZZ";"0.414"
"2010-07-30";"J02M0";"A1100";"P1D_L";"ZZ";"0.407"
"2010-08-02";"J02M0";"A1100";"P1D_L";"ZZ";"0.418"
"2010-08-03";"J02M0";"A1100";"P1D_L";"ZZ";"0.436"
"2010-08-04";"J02M0";"A1100";"P1D_L";"ZZ";"0.403"
"2010-08-05";"J02M0";"A1100";"P1D_L";"ZZ";"0.413"
"2010-08-06";"J02M0";"A1100";"P1D_L";"ZZ";"0.402"
"2010-08-09";"J02M0";"A1100";"P1D_L";"ZZ";"0.388"
"2010-08-10";"J02M0";"A1100";"P1D_L";"ZZ";"0.368"
"2010-08-11";"J02M0";"A1100";"P1D_L";"ZZ";"0.345"
"2010-08-12";"J02M0";"A1100";"P1D_L";"ZZ";"0.348"
"2010-08-13";"J02M0";"A1100";"P1D_L";"ZZ";"0.378"
"2010-08-16";"J02M0";"A1100";"P1D_L";"ZZ";"0.372"
"2010-08-17";"J02M0";"A1100";"P1D_L";"ZZ";"0.361"
"2010-08-18";"J02M0";"A1100";"P1D_L";"ZZ";"0.366"
"2010-08-19";"J02M0";"A1100";"P1D_L";"ZZ";"0.352"
"2010-08-20";"J02M0";"A1100";"P1D_L";"ZZ";"0.367"
"2010-08-23";"J02M0";"A1100";"P1D_L";"ZZ";"0.354"
"2010-08-24";"J02M0";"A1100";"P1D_L";"ZZ";"0.351"
"2010-08-25";"J02M0";"A1100";"P1D_L";"ZZ";"0.329"
"2010-08-26";"J02M0";"A1100";"P1D_L";"ZZ";"0.347"
"2010-08-27";"J02M0";"A1100";"P1D_L";"ZZ";"0.361"
"2010-08-30";"J02M0";"A1100";"P1D_L";"ZZ";"0.375"
"2010-08-31";"J02M0";"A1100";"P1D_L";"ZZ";"0.416"
"2010-09-01";"J02M0";"A1100";"P1D_L";"ZZ";"0.378"
"2010-09-02";"J02M0";"A1100";"P1D_L";"ZZ";"0.398"
"2010-09-03";"J02M0";"A1100";"P1D_L";"ZZ";"0.407"
"2010-09-06";"J02M0";"A1100";"P1D_L";"ZZ";"0.455"
"2010-09-07";"J02M0";"A1100";"P1D_L";"ZZ";"0.441"
"2010-09-08";"J02M0";"A1100";"P1D_L";"ZZ";"0.39"
"2010-09-09";"J02M0";"A1100";"P1D_L";"ZZ";"0.462"
"2010-09-10";"J02M0";"A1100";"P1D_L";"ZZ";"0.48"
"2010-09-13";"J02M0";"A1100";"P1D_L";"ZZ";"0.511"
"2010-09-14";"J02M0";"A1100";"P1D_L";"ZZ";"0.516"
"2010-09-15";"J02M0";"A1100";"P1D_L";"ZZ";"0.561"
"2010-09-16";"J02M0";"A1100";"P1D_L";"ZZ";"0.559"
"2010-09-17";"J02M0";"A1100";"P1D_L";"ZZ";"0.499"
"2010-09-20";"J02M0";"A1100";"P1D_L";"ZZ";"0.493"
"2010-09-21";"J02M0";"A1100";"P1D_L";"ZZ";"0.479"
"2010-09-22";"J02M0";"A1100";"P1D_L";"ZZ";"0.466"
"2010-09-23";"J02M0";"A1100";"P1D_L";"ZZ";"0.472"
"2010-09-24";"J02M0";"A1100";"P1D_L";"ZZ";"0.477"
"2010-09-27";"J02M0";"A1100";"P1D_L";"ZZ";"0.448"
"2010-09-28";"J02M0";"A1100";"P1D_L";"ZZ";"0.448"
"2010-09-29";"J02M0";"A1100";"P1D_L";"ZZ";"0.445"
"2010-09-30";"J02M0";"A1100";"P1D_L";"ZZ";"0.462"
"2010-10-01";"J02M0";"A1100";"P1D_L";"ZZ";"0.484"
"2010-10-04";"J02M0";"A1100";"P1D_L";"ZZ";"0.456"
"2010-10-05";"J02M0";"A1100";"P1D_L";"ZZ";"0.461"
"2010-10-06";"J02M0";"A1100";"P1D_L";"ZZ";"0.473"
"2010-10-07";"J02M0";"A1100";"P1D_L";"ZZ";"0.469"
"2010-10-08";"J02M0";"A1100";"P1D_L";"ZZ";"0.467"
"2010-10-11";"J02M0";"A1100";"P1D_L";"ZZ";"0.44"
"2010-10-12";"J02M0";"A1100";"P1D_L";"ZZ";"0.465"
"2010-10-13";"J02M0";"A1100";"P1D_L";"ZZ";"0.46"
"2010-10-14";"J02M0";"A1100";"P1D_L";"ZZ";"0.46"
"2010-10-15";"J02M0";"A1100";"P1D_L";"ZZ";"0.463"
"2010-10-18";"J02M0";"A1100";"P1D_L";"ZZ";"0.46"
"2010-10-19";"J02M0";"A1100";"P1D_L";"ZZ";"0.476"
"2010-10-20";"J02M0";"A1100";"P1D_L";"ZZ";"0.481"
"2010-10-21";"J02M0";"A1100";"P1D_L";"ZZ";"0.458"
"2010-10-22";"J02M0";"A1100";"P1D_L";"ZZ";"0.452"
"2010-10-25";"J02M0";"A1100";"P1D_L";"ZZ";"0.492"
"2010-10-26";"J02M0";"A1100";"P1D_L";"ZZ";"0.543"
"2010-10-27";"J02M0";"A1100";"P1D_L";"ZZ";"0.515"
"2010-10-28";"J02M0";"A1100";"P1D_L";"ZZ";"0.516"
"2010-10-29";"J02M0";"A1100";"P1D_L";"ZZ";"0.514"
"2010-11-01";"J02M0";"A1100";"P1D_L";"ZZ";"0.523"
"2010-11-02";"J02M0";"A1100";"P1D_L";"ZZ";"0.503"
"2010-11-03";"J02M0";"A1100";"P1D_L";"ZZ";"0.48"
"2010-11-04";"J02M0";"A1100";"P1D_L";"ZZ";"0.498"
"2010-11-05";"J02M0";"A1100";"P1D_L";"ZZ";"0.475"
"2010-11-08";"J02M0";"A1100";"P1D_L";"ZZ";"0.46"
"2010-11-09";"J02M0";"A1100";"P1D_L";"ZZ";"0.45"
"2010-11-10";"J02M0";"A1100";"P1D_L";"ZZ";"0.465"
"2010-11-11";"J02M0";"A1100";"P1D_L";"ZZ";"0.477"
"2010-11-12";"J02M0";"A1100";"P1D_L";"ZZ";"0.483"
"2010-11-15";"J02M0";"A1100";"P1D_L";"ZZ";"0.465"
"2010-11-16";"J02M0";"A1100";"P1D_L";"ZZ";"0.464"
"2010-11-17";"J02M0";"A1100";"P1D_L";"ZZ";"0.477"
"2010-11-18";"J02M0";"A1100";"P1D_L";"ZZ";"0.489"
"2010-11-19";"J02M0";"A1100";"P1D_L";"ZZ";"0.482"
"2010-11-22";"J02M0";"A1100";"P1D_L";"ZZ";"0.482"
"2010-11-23";"J02M0";"A1100";"P1D_L";"ZZ";"0.45"
"2010-11-24";"J02M0";"A1100";"P1D_L";"ZZ";"0.462"
"2010-11-25";"J02M0";"A1100";"P1D_L";"ZZ";"0.479"
"2010-11-26";"J02M0";"A1100";"P1D_L";"ZZ";"0.461"
"2010-11-29";"J02M0";"A1100";"P1D_L";"ZZ";"0.441"
"2010-11-30";"J02M0";"A1100";"P1D_L";"ZZ";"0.463"
"2010-12-01";"J02M0";"A1100";"P1D_L";"ZZ";"0.458"
"2010-12-02";"J02M0";"A1100";"P1D_L";"ZZ";"0.467"
"2010-12-03";"J02M0";"A1100";"P1D_L";"ZZ";"0.463"
"2010-12-06";"J02M0";"A1100";"P1D_L";"ZZ";"0.468"
"2010-12-07";"J02M0";"A1100";"P1D_L";"ZZ";"0.431"
"2010-12-08";"J02M0";"A1100";"P1D_L";"ZZ";"0.461"
"2010-12-09";"J02M0";"A1100";"P1D_L";"ZZ";"0.495"
"2010-12-10";"J02M0";"A1100";"P1D_L";"ZZ";"0.464"
"2010-12-13";"J02M0";"A1100";"P1D_L";"ZZ";"0.497"
"2010-12-14";"J02M0";"A1100";"P1D_L";"ZZ";"0.485"
"2010-12-15";"J02M0";"A1100";"P1D_L";"ZZ";"0.543"
"2010-12-16";"J02M0";"A1100";"P1D_L";"ZZ";"0.519"
"2010-12-17";"J02M0";"A1100";"P1D_L";"ZZ";"0.576"
"2010-12-20";"J02M0";"A1100";"P1D_L";"ZZ";"0.511"
"2010-12-21";"J02M0";"A1100";"P1D_L";"ZZ";"0.502"
"2010-12-22";"J02M0";"A1100";"P1D_L";"ZZ";"0.482"
"2010-12-23";"J02M0";"A1100";"P1D_L";"ZZ";"0.488"
"2010-12-24";"J02M0";"A1100";"P1D_L";"ZZ";
"2010-12-27";"J02M0";"A1100";"P1D_L";"ZZ";"0.505"
"2010-12-28";"J02M0";"A1100";"P1D_L";"ZZ";"0.484"
"2010-12-29";"J02M0";"A1100";"P1D_L";"ZZ";"0.488"
"2010-12-30";"J02M0";"A1100";"P1D_L";"ZZ";"0.448"
"2010-12-31";"J02M0";"A1100";"P1D_L";"ZZ";
"2011-01-03";"J02M0";"A1100";"P1D_L";"ZZ";"0.47"
"2011-01-04";"J02M0";"A1100";"P1D_L";"ZZ";"0.487"
"2011-01-05";"J02M0";"A1100";"P1D_L";"ZZ";"0.492"
"2011-01-06";"J02M0";"A1100";"P1D_L";"ZZ";"0.52"
"2011-01-07";"J02M0";"A1100";"P1D_L";"ZZ";"0.518"
"2011-01-10";"J02M0";"A1100";"P1D_L";"ZZ";"0.499"
"2011-01-11";"J02M0";"A1100";"P1D_L";"ZZ";"0.507"
"2011-01-12";"J02M0";"A1100";"P1D_L";"ZZ";"0.518"
"2011-01-13";"J02M0";"A1100";"P1D_L";"ZZ";"0.533"
"2011-01-14";"J02M0";"A1100";"P1D_L";"ZZ";"0.573"
"2011-01-17";"J02M0";"A1100";"P1D_L";"ZZ";"0.572"
"2011-01-18";"J02M0";"A1100";"P1D_L";"ZZ";"0.588"
"2011-01-19";"J02M0";"A1100";"P1D_L";"ZZ";"0.572"
"2011-01-20";"J02M0";"A1100";"P1D_L";"ZZ";"0.554"
"2011-01-21";"J02M0";"A1100";"P1D_L";"ZZ";"0.583"
"2011-01-24";"J02M0";"A1100";"P1D_L";"ZZ";"0.617"
"2011-01-25";"J02M0";"A1100";"P1D_L";"ZZ";"0.583"
"2011-01-26";"J02M0";"A1100";"P1D_L";"ZZ";"0.593"
"2011-01-27";"J02M0";"A1100";"P1D_L";"ZZ";"0.595"
"2011-01-28";"J02M0";"A1100";"P1D_L";"ZZ";"0.613"
"2011-01-31";"J02M0";"A1100";"P1D_L";"ZZ";"0.605"
"2011-02-01";"J02M0";"A1100";"P1D_L";"ZZ";"0.633"
"2011-02-02";"J02M0";"A1100";"P1D_L";"ZZ";"0.647"
"2011-02-03";"J02M0";"A1100";"P1D_L";"ZZ";"0.626"
"2011-02-04";"J02M0";"A1100";"P1D_L";"ZZ";"0.616"
"2011-02-07";"J02M0";"A1100";"P1D_L";"ZZ";"0.611"
"2011-02-08";"J02M0";"A1100";"P1D_L";"ZZ";"0.611"
"2011-02-09";"J02M0";"A1100";"P1D_L";"ZZ";"0.631"
"2011-02-10";"J02M0";"A1100";"P1D_L";"ZZ";"0.618"
"2011-02-11";"J02M0";"A1100";"P1D_L";"ZZ";"0.601"
"2011-02-14";"J02M0";"A1100";"P1D_L";"ZZ";"0.584"
"2011-02-15";"J02M0";"A1100";"P1D_L";"ZZ";"0.62"
"2011-02-16";"J02M0";"A1100";"P1D_L";"ZZ";"0.627"
"2011-02-17";"J02M0";"A1100";"P1D_L";"ZZ";"0.624"
"2011-02-18";"J02M0";"A1100";"P1D_L";"ZZ";"0.605"
"2011-02-21";"J02M0";"A1100";"P1D_L";"ZZ";"0.617"
"2011-02-22";"J02M0";"A1100";"P1D_L";"ZZ";"0.594"
"2011-02-23";"J02M0";"A1100";"P1D_L";"ZZ";"0.613"
"2011-02-24";"J02M0";"A1100";"P1D_L";"ZZ";"0.631"
"2011-02-25";"J02M0";"A1100";"P1D_L";"ZZ";"0.63"
"2011-02-28";"J02M0";"A1100";"P1D_L";"ZZ";"0.621"
"2011-03-01";"J02M0";"A1100";"P1D_L";"ZZ";"0.625"
"2011-03-02";"J02M0";"A1100";"P1D_L";"ZZ";"0.61"
"2011-03-03";"J02M0";"A1100";"P1D_L";"ZZ";"0.634"
"2011-03-04";"J02M0";"A1100";"P1D_L";"ZZ";"0.659"
"2011-03-07";"J02M0";"A1100";"P1D_L";"ZZ";"0.668"
"2011-03-08";"J02M0";"A1100";"P1D_L";"ZZ";"0.66"
"2011-03-09";"J02M0";"A1100";"P1D_L";"ZZ";"0.698"
"2011-03-10";"J02M0";"A1100";"P1D_L";"ZZ";"0.693"
"2011-03-11";"J02M0";"A1100";"P1D_L";"ZZ";"0.652"
"2011-03-14";"J02M0";"A1100";"P1D_L";"ZZ";"0.669"
"2011-03-15";"J02M0";"A1100";"P1D_L";"ZZ";"0.57"
"2011-03-16";"J02M0";"A1100";"P1D_L";"ZZ";"0.58"
"2011-03-17";"J02M0";"A1100";"P1D_L";"ZZ";"0.56"
"2011-03-18";"J02M0";"A1100";"P1D_L";"ZZ";"0.565"
"2011-03-21";"J02M0";"A1100";"P1D_L";"ZZ";"0.623"
"2011-03-22";"J02M0";"A1100";"P1D_L";"ZZ";"0.643"
"2011-03-23";"J02M0";"A1100";"P1D_L";"ZZ";"0.687"
"2011-03-24";"J02M0";"A1100";"P1D_L";"ZZ";"0.685"
"2011-03-25";"J02M0";"A1100";"P1D_L";"ZZ";"0.681"
"2011-03-28";"J02M0";"A1100";"P1D_L";"ZZ";"0.715"
"2011-03-29";"J02M0";"A1100";"P1D_L";"ZZ";"0.722"
"2011-03-30";"J02M0";"A1100";"P1D_L";"ZZ";"0.706"
"2011-03-31";"J02M0";"A1100";"P1D_L";"ZZ";"0.702"
"2011-04-01";"J02M0";"A1100";"P1D_L";"ZZ";"0.732"
"2011-04-04";"J02M0";"A1100";"P1D_L";"ZZ";"0.74"
"2011-04-05";"J02M0";"A1100";"P1D_L";"ZZ";"0.78"
"2011-04-06";"J02M0";"A1100";"P1D_L";"ZZ";"0.814"
"2011-04-07";"J02M0";"A1100";"P1D_L";"ZZ";"0.818"
"2011-04-08";"J02M0";"A1100";"P1D_L";"ZZ";"0.801"
"2011-04-11";"J02M0";"A1100";"P1D_L";"ZZ";"0.849"
"2011-04-12";"J02M0";"A1100";"P1D_L";"ZZ";"0.842"
"2011-04-13";"J02M0";"A1100";"P1D_L";"ZZ";"0.829"
"2011-04-14";"J02M0";"A1100";"P1D_L";"ZZ";"0.819"
"2011-04-15";"J02M0";"A1100";"P1D_L";"ZZ";"0.829"
"2011-04-18";"J02M0";"A1100";"P1D_L";"ZZ";"0.792"
"2011-04-19";"J02M0";"A1100";"P1D_L";"ZZ";"0.77"
"2011-04-20";"J02M0";"A1100";"P1D_L";"ZZ";"0.778"
"2011-04-21";"J02M0";"A1100";"P1D_L";"ZZ";"0.755"
"2011-04-22";"J02M0";"A1100";"P1D_L";"ZZ";
"2011-04-25";"J02M0";"A1100";"P1D_L";"ZZ";
"2011-04-26";"J02M0";"A1100";"P1D_L";"ZZ";"0.752"
"2011-04-27";"J02M0";"A1100";"P1D_L";"ZZ";"0.764"
"2011-04-28";"J02M0";"A1100";"P1D_L";"ZZ";"0.756"
"2011-04-29";"J02M0";"A1100";"P1D_L";"ZZ";"0.758"
"2011-05-02";"J02M0";"A1100";"P1D_L";"ZZ";"0.779"
"2011-05-03";"J02M0";"A1100";"P1D_L";"ZZ";"0.739"
"2011-05-04";"J02M0";"A1100";"P1D_L";"ZZ";"0.738"
"2011-05-05";"J02M0";"A1100";"P1D_L";"ZZ";"0.737"
"2011-05-06";"J02M0";"A1100";"P1D_L";"ZZ";"0.697"
"2011-05-09";"J02M0";"A1100";"P1D_L";"ZZ";"0.667"
"2011-05-10";"J02M0";"A1100";"P1D_L";"ZZ";"0.653"
"2011-05-11";"J02M0";"A1100";"P1D_L";"ZZ";"0.639"
"2011-05-12";"J02M0";"A1100";"P1D_L";"ZZ";"0.592"
"2011-05-13";"J02M0";"A1100";"P1D_L";"ZZ";"0.605"
"2011-05-16";"J02M0";"A1100";"P1D_L";"ZZ";"0.623"
"2011-05-17";"J02M0";"A1100";"P1D_L";"ZZ";"0.635"
"2011-05-18";"J02M0";"A1100";"P1D_L";"ZZ";"0.624"
"2011-05-19";"J02M0";"A1100";"P1D_L";"ZZ";"0.642"
"2011-05-20";"J02M0";"A1100";"P1D_L";"ZZ";"0.648"
"2011-05-23";"J02M0";"A1100";"P1D_L";"ZZ";"0.588"
"2011-05-24";"J02M0";"A1100";"P1D_L";"ZZ";"0.608"
"2011-05-25";"J02M0";"A1100";"P1D_L";"ZZ";"0.604"
"2011-05-26";"J02M0";"A1100";"P1D_L";"ZZ";"0.594"
"2011-05-27";"J02M0";"A1100";"P1D_L";"ZZ";"0.587"
"2011-05-30";"J02M0";"A1100";"P1D_L";"ZZ";"0.574"
"2011-05-31";"J02M0";"A1100";"P1D_L";"ZZ";"0.588"
"2011-06-01";"J02M0";"A1100";"P1D_L";"ZZ";"0.595"
"2011-06-02";"J02M0";"A1100";"P1D_L";"ZZ";
"2011-06-03";"J02M0";"A1100";"P1D_L";"ZZ";"0.563"
"2011-06-06";"J02M0";"A1100";"P1D_L";"ZZ";"0.544"
"2011-06-07";"J02M0";"A1100";"P1D_L";"ZZ";"0.543"
"2011-06-08";"J02M0";"A1100";"P1D_L";"ZZ";"0.535"
"2011-06-09";"J02M0";"A1100";"P1D_L";"ZZ";"0.519"
"2011-06-10";"J02M0";"A1100";"P1D_L";"ZZ";"0.472"
"2011-06-13";"J02M0";"A1100";"P1D_L";"ZZ";
"2011-06-14";"J02M0";"A1100";"P1D_L";"ZZ";"0.461"
"2011-06-15";"J02M0";"A1100";"P1D_L";"ZZ";"0.461"
"2011-06-16";"J02M0";"A1100";"P1D_L";"ZZ";"0.433"
"2011-06-17";"J02M0";"A1100";"P1D_L";"ZZ";"0.411"
"2011-06-20";"J02M0";"A1100";"P1D_L";"ZZ";"0.404"
"2011-06-21";"J02M0";"A1100";"P1D_L";"ZZ";"0.424"
"2011-06-22";"J02M0";"A1100";"P1D_L";"ZZ";"0.423"
"2011-06-23";"J02M0";"A1100";"P1D_L";"ZZ";"0.409"
"2011-06-24";"J02M0";"A1100";"P1D_L";"ZZ";"0.398"
"2011-06-27";"J02M0";"A1100";"P1D_L";"ZZ";"0.374"
"2011-06-28";"J02M0";"A1100";"P1D_L";"ZZ";"0.392"
"2011-06-29";"J02M0";"A1100";"P1D_L";"ZZ";"0.349"
"2011-06-30";"J02M0";"A1100";"P1D_L";"ZZ";"0.347"
"2011-07-01";"J02M0";"A1100";"P1D_L";"ZZ";"0.421"
"2011-07-04";"J02M0";"A1100";"P1D_L";"ZZ";"0.423"
"2011-07-05";"J02M0";"A1100";"P1D_L";"ZZ";"0.348"
"2011-07-06";"J02M0";"A1100";"P1D_L";"ZZ";"0.336"
"2011-07-07";"J02M0";"A1100";"P1D_L";"ZZ";"0.346"
"2011-07-08";"J02M0";"A1100";"P1D_L";"ZZ";"0.341"
"2011-07-11";"J02M0";"A1100";"P1D_L";"ZZ";"0.293"
"2011-07-12";"J02M0";"A1100";"P1D_L";"ZZ";"0.243"
"2011-07-13";"J02M0";"A1100";"P1D_L";"ZZ";"0.214"
"2011-07-14";"J02M0";"A1100";"P1D_L";"ZZ";"0.225"
"2011-07-15";"J02M0";"A1100";"P1D_L";"ZZ";"0.234"
"2011-07-18";"J02M0";"A1100";"P1D_L";"ZZ";"0.2"
"2011-07-19";"J02M0";"A1100";"P1D_L";"ZZ";"0.238"
"2011-07-20";"J02M0";"A1100";"P1D_L";"ZZ";"0.245"
"2011-07-21";"J02M0";"A1100";"P1D_L";"ZZ";"0.251"
"2011-07-22";"J02M0";"A1100";"P1D_L";"ZZ";"0.292"
"2011-07-25";"J02M0";"A1100";"P1D_L";"ZZ";"0.264"
"2011-07-26";"J02M0";"A1100";"P1D_L";"ZZ";"0.286"
"2011-07-27";"J02M0";"A1100";"P1D_L";"ZZ";"0.236"
"2011-07-28";"J02M0";"A1100";"P1D_L";"ZZ";"0.234"
"2011-07-29";"J02M0";"A1100";"P1D_L";"ZZ";"0.218"
"2011-08-01";"J02M0";"A1100";"P1D_L";"ZZ";
"2011-08-02";"J02M0";"A1100";"P1D_L";"ZZ";"0.166"
"2011-08-03";"J02M0";"A1100";"P1D_L";"ZZ";"0.124"
"2011-08-04";"J02M0";"A1100";"P1D_L";"ZZ";"0.118"
"2011-08-05";"J02M0";"A1100";"P1D_L";"ZZ";"0.095"
"2011-08-08";"J02M0";"A1100";"P1D_L";"ZZ";"0.057"
"2011-08-09";"J02M0";"A1100";"P1D_L";"ZZ";"0.129"
"2011-08-10";"J02M0";"A1100";"P1D_L";"ZZ";"0.042"
"2011-08-11";"J02M0";"A1100";"P1D_L";"ZZ";"0.075"
"2011-08-12";"J02M0";"A1100";"P1D_L";"ZZ";"0.052"
"2011-08-15";"J02M0";"A1100";"P1D_L";"ZZ";"0.115"
"2011-08-16";"J02M0";"A1100";"P1D_L";"ZZ";"0.075"
"2011-08-17";"J02M0";"A1100";"P1D_L";"ZZ";"0.07"
"2011-08-18";"J02M0";"A1100";"P1D_L";"ZZ";"0.075"
"2011-08-19";"J02M0";"A1100";"P1D_L";"ZZ";"0.066"
"2011-08-22";"J02M0";"A1100";"P1D_L";"ZZ";"0.091"
"2011-08-23";"J02M0";"A1100";"P1D_L";"ZZ";"0.107"
"2011-08-24";"J02M0";"A1100";"P1D_L";"ZZ";"0.081"
"2011-08-25";"J02M0";"A1100";"P1D_L";"ZZ";"0.082"
"2011-08-26";"J02M0";"A1100";"P1D_L";"ZZ";"0.057"
"2011-08-29";"J02M0";"A1100";"P1D_L";"ZZ";"0.112"
"2011-08-30";"J02M0";"A1100";"P1D_L";"ZZ";"0.044"
"2011-08-31";"J02M0";"A1100";"P1D_L";"ZZ";"0.155"
"2011-09-01";"J02M0";"A1100";"P1D_L";"ZZ";"0.061"
"2011-09-02";"J02M0";"A1100";"P1D_L";"ZZ";"0.094"
"2011-09-05";"J02M0";"A1100";"P1D_L";"ZZ";"0.083"
"2011-09-06";"J02M0";"A1100";"P1D_L";"ZZ";"0.145"
"2011-09-07";"J02M0";"A1100";"P1D_L";"ZZ";"0.096"
"2011-09-08";"J02M0";"A1100";"P1D_L";"ZZ";"0.056"
"2011-09-09";"J02M0";"A1100";"P1D_L";"ZZ";"0.085"
"2011-09-12";"J02M0";"A1100";"P1D_L";"ZZ";"0.068"
"2011-09-13";"J02M0";"A1100";"P1D_L";"ZZ";"0.061"
"2011-09-14";"J02M0";"A1100";"P1D_L";"ZZ";"0.073"
"2011-09-15";"J02M0";"A1100";"P1D_L";"ZZ";"0.058"
"2011-09-16";"J02M0";"A1100";"P1D_L";"ZZ";"0.071"
"2011-09-19";"J02M0";"A1100";"P1D_L";"ZZ";"0.061"
"2011-09-20";"J02M0";"A1100";"P1D_L";"ZZ";"0.042"
"2011-09-21";"J02M0";"A1100";"P1D_L";"ZZ";"0.046"
"2011-09-22";"J02M0";"A1100";"P1D_L";"ZZ";"0.099"
"2011-09-23";"J02M0";"A1100";"P1D_L";"ZZ";"0.088"
"2011-09-26";"J02M0";"A1100";"P1D_L";"ZZ";"0.069"
"2011-09-27";"J02M0";"A1100";"P1D_L";"ZZ";"0.084"
"2011-09-28";"J02M0";"A1100";"P1D_L";"ZZ";"0.072"
"2011-09-29";"J02M0";"A1100";"P1D_L";"ZZ";"0.094"
"2011-09-30";"J02M0";"A1100";"P1D_L";"ZZ";"0.055"
"2011-10-03";"J02M0";"A1100";"P1D_L";"ZZ";"0.012"
"2011-10-04";"J02M0";"A1100";"P1D_L";"ZZ";"0.024"
"2011-10-05";"J02M0";"A1100";"P1D_L";"ZZ";"0.055"
"2011-10-06";"J02M0";"A1100";"P1D_L";"ZZ";"0.047"
"2011-10-07";"J02M0";"A1100";"P1D_L";"ZZ";"0.049"
"2011-10-10";"J02M0";"A1100";"P1D_L";"ZZ";"0.054"
"2011-10-11";"J02M0";"A1100";"P1D_L";"ZZ";"0.067"
"2011-10-12";"J02M0";"A1100";"P1D_L";"ZZ";"0.028"
"2011-10-13";"J02M0";"A1100";"P1D_L";"ZZ";"0.037"
"2011-10-14";"J02M0";"A1100";"P1D_L";"ZZ";"0.053"
"2011-10-17";"J02M0";"A1100";"P1D_L";"ZZ";"0.045"
"2011-10-18";"J02M0";"A1100";"P1D_L";"ZZ";"0.075"
"2011-10-19";"J02M0";"A1100";"P1D_L";"ZZ";"0.039"
"2011-10-20";"J02M0";"A1100";"P1D_L";"ZZ";"0.01"
"2011-10-21";"J02M0";"A1100";"P1D_L";"ZZ";"0.109"
"2011-10-24";"J02M0";"A1100";"P1D_L";"ZZ";"0.105"
"2011-10-25";"J02M0";"A1100";"P1D_L";"ZZ";"0.077"
"2011-10-26";"J02M0";"A1100";"P1D_L";"ZZ";"0.013"
"2011-10-27";"J02M0";"A1100";"P1D_L";"ZZ";"0.036"
"2011-10-28";"J02M0";"A1100";"P1D_L";"ZZ";"0.024"
"2011-10-31";"J02M0";"A1100";"P1D_L";"ZZ";"0.016"
"2011-11-01";"J02M0";"A1100";"P1D_L";"ZZ";"0.055"
"2011-11-02";"J02M0";"A1100";"P1D_L";"ZZ";"0.021"
"2011-11-03";"J02M0";"A1100";"P1D_L";"ZZ";"-0.027"
"2011-11-04";"J02M0";"A1100";"P1D_L";"ZZ";"0.021"
"2011-11-07";"J02M0";"A1100";"P1D_L";"ZZ";"0.039"
"2011-11-08";"J02M0";"A1100";"P1D_L";"ZZ";"0.006"
"2011-11-09";"J02M0";"A1100";"P1D_L";"ZZ";"0.008"
"2011-11-10";"J02M0";"A1100";"P1D_L";"ZZ";"0.012"
"2011-11-11";"J02M0";"A1100";"P1D_L";"ZZ";"0.037"
"2011-11-14";"J02M0";"A1100";"P1D_L";"ZZ";"0.005"
"2011-11-15";"J02M0";"A1100";"P1D_L";"ZZ";"0.024"
"2011-11-16";"J02M0";"A1100";"P1D_L";"ZZ";"0.038"
"2011-11-17";"J02M0";"A1100";"P1D_L";"ZZ";"0.035"
"2011-11-18";"J02M0";"A1100";"P1D_L";"ZZ";"0.037"
"2011-11-21";"J02M0";"A1100";"P1D_L";"ZZ";"0.032"
"2011-11-22";"J02M0";"A1100";"P1D_L";"ZZ";"0.019"
"2011-11-23";"J02M0";"A1100";"P1D_L";"ZZ";"0.013"
"2011-11-24";"J02M0";"A1100";"P1D_L";"ZZ";"0.033"
"2011-11-25";"J02M0";"A1100";"P1D_L";"ZZ";"0.007"
"2011-11-28";"J02M0";"A1100";"P1D_L";"ZZ";"-0.008"
"2011-11-29";"J02M0";"A1100";"P1D_L";"ZZ";"0.012"
"2011-11-30";"J02M0";"A1100";"P1D_L";"ZZ";"0.003"
"2011-12-01";"J02M0";"A1100";"P1D_L";"ZZ";"0.009"
"2011-12-02";"J02M0";"A1100";"P1D_L";"ZZ";"0.01"
"2011-12-05";"J02M0";"A1100";"P1D_L";"ZZ";"0.013"
"2011-12-06";"J02M0";"A1100";"P1D_L";"ZZ";"0.005"
"2011-12-07";"J02M0";"A1100";"P1D_L";"ZZ";"0.003"
"2011-12-08";"J02M0";"A1100";"P1D_L";"ZZ";"0.001"
"2011-12-09";"J02M0";"A1100";"P1D_L";"ZZ";"-0.036"
"2011-12-12";"J02M0";"A1100";"P1D_L";"ZZ";"-0.013"
"2011-12-13";"J02M0";"A1100";"P1D_L";"ZZ";"-0.006"
"2011-12-14";"J02M0";"A1100";"P1D_L";"ZZ";"-0.009"
"2011-12-15";"J02M0";"A1100";"P1D_L";"ZZ";"-0.001"
"2011-12-16";"J02M0";"A1100";"P1D_L";"ZZ";"0.027"
"2011-12-19";"J02M0";"A1100";"P1D_L";"ZZ";"-0.051"
"2011-12-20";"J02M0";"A1100";"P1D_L";"ZZ";"0.012"
"2011-12-21";"J02M0";"A1100";"P1D_L";"ZZ";"0.038"
"2011-12-22";"J02M0";"A1100";"P1D_L";"ZZ";"0.035"
"2011-12-23";"J02M0";"A1100";"P1D_L";"ZZ";"0.013"
"2011-12-26";"J02M0";"A1100";"P1D_L";"ZZ";
"2011-12-27";"J02M0";"A1100";"P1D_L";"ZZ";"0.031"
"2011-12-28";"J02M0";"A1100";"P1D_L";"ZZ";"-0.001"
"2011-12-29";"J02M0";"A1100";"P1D_L";"ZZ";"0.016"
"2011-12-30";"J02M0";"A1100";"P1D_L";"ZZ";"0.013"
"2012-01-02";"J02M0";"A1100";"P1D_L";"ZZ";
"2012-01-03";"J02M0";"A1100";"P1D_L";"ZZ";"0.015"
"2012-01-04";"J02M0";"A1100";"P1D_L";"ZZ";"0.024"
"2012-01-05";"J02M0";"A1100";"P1D_L";"ZZ";"0.007"
"2012-01-06";"J02M0";"A1100";"P1D_L";"ZZ";"0.031"
"2012-01-09";"J02M0";"A1100";"P1D_L";"ZZ";"-0.012"
"2012-01-10";"J02M0";"A1100";"P1D_L";"ZZ";"0.033"
"2012-01-11";"J02M0";"A1100";"P1D_L";"ZZ";"0.05"
"2012-01-12";"J02M0";"A1100";"P1D_L";"ZZ";"0.035"
"2012-01-13";"J02M0";"A1100";"P1D_L";"ZZ";"0.038"
"2012-01-16";"J02M0";"A1100";"P1D_L";"ZZ";"0.042"
"2012-01-17";"J02M0";"A1100";"P1D_L";"ZZ";"0.025"
"2012-01-18";"J02M0";"A1100";"P1D_L";"ZZ";"0.069"
"2012-01-19";"J02M0";"A1100";"P1D_L";"ZZ";"0.096"
"2012-01-20";"J02M0";"A1100";"P1D_L";"ZZ";"0.106"
"2012-01-23";"J02M0";"A1100";"P1D_L";"ZZ";"0.113"
"2012-01-24";"J02M0";"A1100";"P1D_L";"ZZ";"0.103"
"2012-01-25";"J02M0";"A1100";"P1D_L";"ZZ";"0.128"
"2012-01-26";"J02M0";"A1100";"P1D_L";"ZZ";"0.127"
"2012-01-27";"J02M0";"A1100";"P1D_L";"ZZ";"0.115"
"2012-01-30";"J02M0";"A1100";"P1D_L";"ZZ";"0.109"
"2012-01-31";"J02M0";"A1100";"P1D_L";"ZZ";"0.102"
"2012-02-01";"J02M0";"A1100";"P1D_L";"ZZ";"0.083"
"2012-02-02";"J02M0";"A1100";"P1D_L";"ZZ";"0.085"
"2012-02-03";"J02M0";"A1100";"P1D_L";"ZZ";"0.08"
"2012-02-06";"J02M0";"A1100";"P1D_L";"ZZ";"0.081"
"2012-02-07";"J02M0";"A1100";"P1D_L";"ZZ";"0.074"
"2012-02-08";"J02M0";"A1100";"P1D_L";"ZZ";"0.085"
"2012-02-09";"J02M0";"A1100";"P1D_L";"ZZ";"0.077"
"2012-02-10";"J02M0";"A1100";"P1D_L";"ZZ";"0.079"
"2012-02-13";"J02M0";"A1100";"P1D_L";"ZZ";"0.087"
"2012-02-14";"J02M0";"A1100";"P1D_L";"ZZ";"0.086"
"2012-02-15";"J02M0";"A1100";"P1D_L";"ZZ";"0.085"
"2012-02-16";"J02M0";"A1100";"P1D_L";"ZZ";"0.082"
"2012-02-17";"J02M0";"A1100";"P1D_L";"ZZ";"0.091"
"2012-02-20";"J02M0";"A1100";"P1D_L";"ZZ";"0.075"
"2012-02-21";"J02M0";"A1100";"P1D_L";"ZZ";"0.075"
"2012-02-22";"J02M0";"A1100";"P1D_L";"ZZ";"0.065"
"2012-02-23";"J02M0";"A1100";"P1D_L";"ZZ";"0.075"
"2012-02-24";"J02M0";"A1100";"P1D_L";"ZZ";"0.074"
"2012-02-27";"J02M0";"A1100";"P1D_L";"ZZ";"0.053"
"2012-02-28";"J02M0";"A1100";"P1D_L";"ZZ";"0.042"
"2012-02-29";"J02M0";"A1100";"P1D_L";"ZZ";"0.056"
"2012-03-01";"J02M0";"A1100";"P1D_L";"ZZ";"0.076"
"2012-03-02";"J02M0";"A1100";"P1D_L";"ZZ";"0.095"
"2012-03-05";"J02M0";"A1100";"P1D_L";"ZZ";"0.065"
"2012-03-06";"J02M0";"A1100";"P1D_L";"ZZ";"0.083"
"2012-03-07";"J02M0";"A1100";"P1D_L";"ZZ";"0.077"
"2012-03-08";"J02M0";"A1100";"P1D_L";"ZZ";"0.094"
"2012-03-09";"J02M0";"A1100";"P1D_L";"ZZ";"0.097"
"2012-03-12";"J02M0";"A1100";"P1D_L";"ZZ";"0.095"
"2012-03-13";"J02M0";"A1100";"P1D_L";"ZZ";"0.091"
"2012-03-14";"J02M0";"A1100";"P1D_L";"ZZ";"0.093"
"2012-03-15";"J02M0";"A1100";"P1D_L";"ZZ";"0.095"
"2012-03-16";"J02M0";"A1100";"P1D_L";"ZZ";"0.135"
"2012-03-19";"J02M0";"A1100";"P1D_L";"ZZ";"0.128"
"2012-03-20";"J02M0";"A1100";"P1D_L";"ZZ";"0.115"
"2012-03-21";"J02M0";"A1100";"P1D_L";"ZZ";"0.131"
"2012-03-22";"J02M0";"A1100";"P1D_L";"ZZ";"0.111"
"2012-03-23";"J02M0";"A1100";"P1D_L";"ZZ";"0.111"
"2012-03-26";"J02M0";"A1100";"P1D_L";"ZZ";"0.107"
"2012-03-27";"J02M0";"A1100";"P1D_L";"ZZ";"0.111"
"2012-03-28";"J02M0";"A1100";"P1D_L";"ZZ";"0.113"
"2012-03-29";"J02M0";"A1100";"P1D_L";"ZZ";"0.112"
"2012-03-30";"J02M0";"A1100";"P1D_L";"ZZ";"0.094"
"2012-04-02";"J02M0";"A1100";"P1D_L";"ZZ";"0.097"
"2012-04-03";"J02M0";"A1100";"P1D_L";"ZZ";"0.125"
"2012-04-04";"J02M0";"A1100";"P1D_L";"ZZ";"0.123"
"2012-04-05";"J02M0";"A1100";"P1D_L";"ZZ";"0.1"
"2012-04-06";"J02M0";"A1100";"P1D_L";"ZZ";
"2012-04-09";"J02M0";"A1100";"P1D_L";"ZZ";
"2012-04-10";"J02M0";"A1100";"P1D_L";"ZZ";"0.037"
"2012-04-11";"J02M0";"A1100";"P1D_L";"ZZ";"0.042"
"2012-04-12";"J02M0";"A1100";"P1D_L";"ZZ";"0.046"
"2012-04-13";"J02M0";"A1100";"P1D_L";"ZZ";"0.063"
"2012-04-16";"J02M0";"A1100";"P1D_L";"ZZ";"0.027"
"2012-04-17";"J02M0";"A1100";"P1D_L";"ZZ";"0.047"
"2012-04-18";"J02M0";"A1100";"P1D_L";"ZZ";"0.062"
"2012-04-19";"J02M0";"A1100";"P1D_L";"ZZ";"0.064"
"2012-04-20";"J02M0";"A1100";"P1D_L";"ZZ";"0.076"
"2012-04-23";"J02M0";"A1100";"P1D_L";"ZZ";"0.068"
"2012-04-24";"J02M0";"A1100";"P1D_L";"ZZ";"0.051"
"2012-04-25";"J02M0";"A1100";"P1D_L";"ZZ";"0.05"
"2012-04-26";"J02M0";"A1100";"P1D_L";"ZZ";"0.047"
"2012-04-27";"J02M0";"A1100";"P1D_L";"ZZ";"0.055"
"2012-04-30";"J02M0";"A1100";"P1D_L";"ZZ";"0.039"
"2012-05-01";"J02M0";"A1100";"P1D_L";"ZZ";
"2012-05-02";"J02M0";"A1100";"P1D_L";"ZZ";"0.043"
"2012-05-03";"J02M0";"A1100";"P1D_L";"ZZ";"0.054"
"2012-05-04";"J02M0";"A1100";"P1D_L";"ZZ";"0.041"
"2012-05-07";"J02M0";"A1100";"P1D_L";"ZZ";"0.015"
"2012-05-08";"J02M0";"A1100";"P1D_L";"ZZ";"0.016"
"2012-05-09";"J02M0";"A1100";"P1D_L";"ZZ";"0.017"
"2012-05-10";"J02M0";"A1100";"P1D_L";"ZZ";"0.018"
"2012-05-11";"J02M0";"A1100";"P1D_L";"ZZ";"0.026"
"2012-05-14";"J02M0";"A1100";"P1D_L";"ZZ";"-0.003"
"2012-05-15";"J02M0";"A1100";"P1D_L";"ZZ";"0.026"
"2012-05-16";"J02M0";"A1100";"P1D_L";"ZZ";"0.026"
"2012-05-17";"J02M0";"A1100";"P1D_L";"ZZ";
"2012-05-18";"J02M0";"A1100";"P1D_L";"ZZ";"-0.01"
"2012-05-21";"J02M0";"A1100";"P1D_L";"ZZ";"-0.019"
"2012-05-22";"J02M0";"A1100";"P1D_L";"ZZ";"-0.029"
"2012-05-23";"J02M0";"A1100";"P1D_L";"ZZ";"-0.031"
"2012-05-24";"J02M0";"A1100";"P1D_L";"ZZ";"-0.048"
"2012-05-25";"J02M0";"A1100";"P1D_L";"ZZ";"-0.054"
"2012-05-28";"J02M0";"A1100";"P1D_L";"ZZ";
"2012-05-29";"J02M0";"A1100";"P1D_L";"ZZ";"-0.084"
"2012-05-30";"J02M0";"A1100";"P1D_L";"ZZ";"-0.09"
"2012-05-31";"J02M0";"A1100";"P1D_L";"ZZ";"-0.164"
"2012-06-01";"J02M0";"A1100";"P1D_L";"ZZ";"-0.138"
"2012-06-04";"J02M0";"A1100";"P1D_L";"ZZ";"-0.281"
"2012-06-05";"J02M0";"A1100";"P1D_L";"ZZ";"-0.258"
"2012-06-06";"J02M0";"A1100";"P1D_L";"ZZ";"-0.26"
"2012-06-07";"J02M0";"A1100";"P1D_L";"ZZ";"-0.238"
"2012-06-08";"J02M0";"A1100";"P1D_L";"ZZ";"-0.235"
"2012-06-11";"J02M0";"A1100";"P1D_L";"ZZ";"-0.286"
"2012-06-12";"J02M0";"A1100";"P1D_L";"ZZ";"-0.33"
"2012-06-13";"J02M0";"A1100";"P1D_L";"ZZ";"-0.34"
"2012-06-14";"J02M0";"A1100";"P1D_L";"ZZ";"-0.331"
"2012-06-15";"J02M0";"A1100";"P1D_L";"ZZ";"-0.225"
"2012-06-18";"J02M0";"A1100";"P1D_L";"ZZ";"-0.208"
"2012-06-19";"J02M0";"A1100";"P1D_L";"ZZ";"-0.192"
"2012-06-20";"J02M0";"A1100";"P1D_L";"ZZ";"-0.274"
"2012-06-21";"J02M0";"A1100";"P1D_L";"ZZ";"-0.31"
"2012-06-22";"J02M0";"A1100";"P1D_L";"ZZ";"-0.345"
"2012-06-25";"J02M0";"A1100";"P1D_L";"ZZ";"-0.277"
"2012-06-26";"J02M0";"A1100";"P1D_L";"ZZ";"-0.292"
"2012-06-27";"J02M0";"A1100";"P1D_L";"ZZ";"-0.262"
"2012-06-28";"J02M0";"A1100";"P1D_L";"ZZ";"-0.304"
"2012-06-29";"J02M0";"A1100";"P1D_L";"ZZ";"-0.344"
"2012-07-02";"J02M0";"A1100";"P1D_L";"ZZ";"-0.253"
"2012-07-03";"J02M0";"A1100";"P1D_L";"ZZ";"-0.223"
"2012-07-04";"J02M0";"A1100";"P1D_L";"ZZ";"-0.275"
"2012-07-05";"J02M0";"A1100";"P1D_L";"ZZ";"-0.222"
"2012-07-06";"J02M0";"A1100";"P1D_L";"ZZ";"-0.245"
"2012-07-09";"J02M0";"A1100";"P1D_L";"ZZ";"-0.226"
"2012-07-10";"J02M0";"A1100";"P1D_L";"ZZ";"-0.267"
"2012-07-11";"J02M0";"A1100";"P1D_L";"ZZ";"-0.269"
"2012-07-12";"J02M0";"A1100";"P1D_L";"ZZ";"-0.261"
"2012-07-13";"J02M0";"A1100";"P1D_L";"ZZ";"-0.295"
"2012-07-16";"J02M0";"A1100";"P1D_L";"ZZ";"-0.306"
"2012-07-17";"J02M0";"A1100";"P1D_L";"ZZ";"-0.306"
"2012-07-18";"J02M0";"A1100";"P1D_L";"ZZ";"-0.235"
"2012-07-19";"J02M0";"A1100";"P1D_L";"ZZ";"-0.274"
"2012-07-20";"J02M0";"A1100";"P1D_L";"ZZ";"-0.265"
"2012-07-23";"J02M0";"A1100";"P1D_L";"ZZ";"-0.302"
"2012-07-24";"J02M0";"A1100";"P1D_L";"ZZ";"-0.319"
"2012-07-25";"J02M0";"A1100";"P1D_L";"ZZ";"-0.338"
"2012-07-26";"J02M0";"A1100";"P1D_L";"ZZ";"-0.257"
"2012-07-27";"J02M0";"A1100";"P1D_L";"ZZ";"-0.303"
"2012-07-30";"J02M0";"A1100";"P1D_L";"ZZ";"-0.325"
"2012-07-31";"J02M0";"A1100";"P1D_L";"ZZ";"-0.315"
"2012-08-01";"J02M0";"A1100";"P1D_L";"ZZ";
"2012-08-02";"J02M0";"A1100";"P1D_L";"ZZ";"-0.328"
"2012-08-03";"J02M0";"A1100";"P1D_L";"ZZ";"-0.346"
"2012-08-06";"J02M0";"A1100";"P1D_L";"ZZ";"-0.294"
"2012-08-07";"J02M0";"A1100";"P1D_L";"ZZ";"-0.293"
"2012-08-08";"J02M0";"A1100";"P1D_L";"ZZ";"-0.251"
"2012-08-09";"J02M0";"A1100";"P1D_L";"ZZ";"-0.284"
"2012-08-10";"J02M0";"A1100";"P1D_L";"ZZ";"-0.274"
"2012-08-13";"J02M0";"A1100";"P1D_L";"ZZ";"-0.272"
"2012-08-14";"J02M0";"A1100";"P1D_L";"ZZ";"-0.276"
"2012-08-15";"J02M0";"A1100";"P1D_L";"ZZ";"-0.248"
"2012-08-16";"J02M0";"A1100";"P1D_L";"ZZ";"-0.22"
"2012-08-17";"J02M0";"A1100";"P1D_L";"ZZ";"-0.201"
"2012-08-20";"J02M0";"A1100";"P1D_L";"ZZ";"-0.21"
"2012-08-21";"J02M0";"A1100";"P1D_L";"ZZ";"-0.206"
"2012-08-22";"J02M0";"A1100";"P1D_L";"ZZ";"-0.216"
"2012-08-23";"J02M0";"A1100";"P1D_L";"ZZ";"-0.24"
"2012-08-24";"J02M0";"A1100";"P1D_L";"ZZ";"-0.253"
"2012-08-27";"J02M0";"A1100";"P1D_L";"ZZ";"-0.362"
"2012-08-28";"J02M0";"A1100";"P1D_L";"ZZ";"-0.304"
"2012-08-29";"J02M0";"A1100";"P1D_L";"ZZ";"-0.323"
"2012-08-30";"J02M0";"A1100";"P1D_L";"ZZ";"-0.333"
"2012-08-31";"J02M0";"A1100";"P1D_L";"ZZ";"-0.327"
"2012-09-03";"J02M0";"A1100";"P1D_L";"ZZ";"-0.328"
"2012-09-04";"J02M0";"A1100";"P1D_L";"ZZ";"-0.308"
"2012-09-05";"J02M0";"A1100";"P1D_L";"ZZ";"-0.317"
"2012-09-06";"J02M0";"A1100";"P1D_L";"ZZ";"-0.244"
"2012-09-07";"J02M0";"A1100";"P1D_L";"ZZ";"-0.153"
"2012-09-10";"J02M0";"A1100";"P1D_L";"ZZ";"-0.146"
"2012-09-11";"J02M0";"A1100";"P1D_L";"ZZ";"-0.105"
"2012-09-12";"J02M0";"A1100";"P1D_L";"ZZ";"-0.099"
"2012-09-13";"J02M0";"A1100";"P1D_L";"ZZ";"-0.136"
"2012-09-14";"J02M0";"A1100";"P1D_L";"ZZ";"-0.101"
"2012-09-17";"J02M0";"A1100";"P1D_L";"ZZ";"-0.123"
"2012-09-18";"J02M0";"A1100";"P1D_L";"ZZ";"-0.116"
"2012-09-19";"J02M0";"A1100";"P1D_L";"ZZ";"-0.054"
"2012-09-20";"J02M0";"A1100";"P1D_L";"ZZ";"-0.083"
"2012-09-21";"J02M0";"A1100";"P1D_L";"ZZ";"-0.1"
"2012-09-24";"J02M0";"A1100";"P1D_L";"ZZ";"-0.115"
"2012-09-25";"J02M0";"A1100";"P1D_L";"ZZ";"-0.122"
"2012-09-26";"J02M0";"A1100";"P1D_L";"ZZ";"-0.098"
"2012-09-27";"J02M0";"A1100";"P1D_L";"ZZ";"-0.077"
"2012-09-28";"J02M0";"A1100";"P1D_L";"ZZ";"-0.095"
"2012-10-01";"J02M0";"A1100";"P1D_L";"ZZ";"-0.114"
"2012-10-02";"J02M0";"A1100";"P1D_L";"ZZ";"-0.097"
"2012-10-03";"J02M0";"A1100";"P1D_L";"ZZ";"-0.101"
"2012-10-04";"J02M0";"A1100";"P1D_L";"ZZ";"-0.113"
"2012-10-05";"J02M0";"A1100";"P1D_L";"ZZ";"-0.127"
"2012-10-08";"J02M0";"A1100";"P1D_L";"ZZ";"-0.059"
"2012-10-09";"J02M0";"A1100";"P1D_L";"ZZ";"-0.051"
"2012-10-10";"J02M0";"A1100";"P1D_L";"ZZ";"-0.052"
"2012-10-11";"J02M0";"A1100";"P1D_L";"ZZ";"-0.062"
"2012-10-12";"J02M0";"A1100";"P1D_L";"ZZ";"-0.046"
"2012-10-15";"J02M0";"A1100";"P1D_L";"ZZ";"-0.077"
"2012-10-16";"J02M0";"A1100";"P1D_L";"ZZ";"-0.09"
"2012-10-17";"J02M0";"A1100";"P1D_L";"ZZ";"-0.079"
"2012-10-18";"J02M0";"A1100";"P1D_L";"ZZ";"-0.058"
"2012-10-19";"J02M0";"A1100";"P1D_L";"ZZ";"-0.066"
"2012-10-22";"J02M0";"A1100";"P1D_L";"ZZ";"-0.083"
"2012-10-23";"J02M0";"A1100";"P1D_L";"ZZ";"-0.086"
"2012-10-24";"J02M0";"A1100";"P1D_L";"ZZ";"-0.089"
"2012-10-25";"J02M0";"A1100";"P1D_L";"ZZ";"-0.078"
"2012-10-26";"J02M0";"A1100";"P1D_L";"ZZ";"-0.083"
"2012-10-29";"J02M0";"A1100";"P1D_L";"ZZ";"-0.077"
"2012-10-30";"J02M0";"A1100";"P1D_L";"ZZ";"-0.081"
"2012-10-31";"J02M0";"A1100";"P1D_L";"ZZ";"-0.063"
"2012-11-01";"J02M0";"A1100";"P1D_L";"ZZ";"-0.074"
"2012-11-02";"J02M0";"A1100";"P1D_L";"ZZ";"-0.07"
"2012-11-05";"J02M0";"A1100";"P1D_L";"ZZ";"-0.037"
"2012-11-06";"J02M0";"A1100";"P1D_L";"ZZ";"-0.098"
"2012-11-07";"J02M0";"A1100";"P1D_L";"ZZ";"-0.09"
"2012-11-08";"J02M0";"A1100";"P1D_L";"ZZ";"-0.092"
"2012-11-09";"J02M0";"A1100";"P1D_L";"ZZ";"-0.097"
"2012-11-12";"J02M0";"A1100";"P1D_L";"ZZ";"-0.106"
"2012-11-13";"J02M0";"A1100";"P1D_L";"ZZ";"-0.108"
"2012-11-14";"J02M0";"A1100";"P1D_L";"ZZ";"-0.101"
"2012-11-15";"J02M0";"A1100";"P1D_L";"ZZ";"-0.104"
"2012-11-16";"J02M0";"A1100";"P1D_L";"ZZ";"-0.107"
"2012-11-19";"J02M0";"A1100";"P1D_L";"ZZ";"-0.1"
"2012-11-20";"J02M0";"A1100";"P1D_L";"ZZ";"-0.129"
"2012-11-21";"J02M0";"A1100";"P1D_L";"ZZ";"-0.103"
"2012-11-22";"J02M0";"A1100";"P1D_L";"ZZ";"-0.082"
"2012-11-23";"J02M0";"A1100";"P1D_L";"ZZ";"-0.094"
"2012-11-26";"J02M0";"A1100";"P1D_L";"ZZ";"-0.083"
"2012-11-27";"J02M0";"A1100";"P1D_L";"ZZ";"-0.093"
"2012-11-28";"J02M0";"A1100";"P1D_L";"ZZ";"-0.104"
"2012-11-29";"J02M0";"A1100";"P1D_L";"ZZ";"-0.096"
"2012-11-30";"J02M0";"A1100";"P1D_L";"ZZ";"-0.1"
"2012-12-03";"J02M0";"A1100";"P1D_L";"ZZ";"-0.106"
"2012-12-04";"J02M0";"A1100";"P1D_L";"ZZ";"-0.136"
"2012-12-05";"J02M0";"A1100";"P1D_L";"ZZ";"-0.153"
"2012-12-06";"J02M0";"A1100";"P1D_L";"ZZ";"-0.142"
"2012-12-07";"J02M0";"A1100";"P1D_L";"ZZ";"-0.165"
"2012-12-10";"J02M0";"A1100";"P1D_L";"ZZ";"-0.164"
"2012-12-11";"J02M0";"A1100";"P1D_L";"ZZ";"-0.173"
"2012-12-12";"J02M0";"A1100";"P1D_L";"ZZ";"-0.14"
"2012-12-13";"J02M0";"A1100";"P1D_L";"ZZ";"-0.138"
"2012-12-14";"J02M0";"A1100";"P1D_L";"ZZ";"-0.116"
"2012-12-17";"J02M0";"A1100";"P1D_L";"ZZ";"-0.129"
"2012-12-18";"J02M0";"A1100";"P1D_L";"ZZ";"-0.135"
"2012-12-19";"J02M0";"A1100";"P1D_L";"ZZ";"-0.121"
"2012-12-20";"J02M0";"A1100";"P1D_L";"ZZ";"-0.124"
"2012-12-21";"J02M0";"A1100";"P1D_L";"ZZ";"-0.117"
"2012-12-24";"J02M0";"A1100";"P1D_L";"ZZ";
"2012-12-25";"J02M0";"A1100";"P1D_L";"ZZ";
"2012-12-26";"J02M0";"A1100";"P1D_L";"ZZ";
"2012-12-27";"J02M0";"A1100";"P1D_L";"ZZ";"-0.109"
"2012-12-28";"J02M0";"A1100";"P1D_L";"ZZ";"-0.116"
"2012-12-31";"J02M0";"A1100";"P1D_L";"ZZ";
"2013-01-01";"J02M0";"A1100";"P1D_L";"ZZ";
"2013-01-02";"J02M0";"A1100";"P1D_L";"ZZ";
"2013-01-03";"J02M0";"A1100";"P1D_L";"ZZ";"-0.121"
"2013-01-04";"J02M0";"A1100";"P1D_L";"ZZ";"-0.106"
"2013-01-07";"J02M0";"A1100";"P1D_L";"ZZ";"-0.111"
"2013-01-08";"J02M0";"A1100";"P1D_L";"ZZ";"-0.1"
"2013-01-09";"J02M0";"A1100";"P1D_L";"ZZ";"-0.095"
"2013-01-10";"J02M0";"A1100";"P1D_L";"ZZ";"-0.07"
"2013-01-11";"J02M0";"A1100";"P1D_L";"ZZ";"-0.063"
"2013-01-14";"J02M0";"A1100";"P1D_L";"ZZ";"-0.065"
"2013-01-15";"J02M0";"A1100";"P1D_L";"ZZ";"-0.07"
"2013-01-16";"J02M0";"A1100";"P1D_L";"ZZ";"-0.031"
"2013-01-17";"J02M0";"A1100";"P1D_L";"ZZ";"-0.011"
"2013-01-18";"J02M0";"A1100";"P1D_L";"ZZ";"0.074"
"2013-01-21";"J02M0";"A1100";"P1D_L";"ZZ";"0.049"
"2013-01-22";"J02M0";"A1100";"P1D_L";"ZZ";"0.045"
"2013-01-23";"J02M0";"A1100";"P1D_L";"ZZ";"0.033"
"2013-01-24";"J02M0";"A1100";"P1D_L";"ZZ";"0.036"
"2013-01-25";"J02M0";"A1100";"P1D_L";"ZZ";"0.05"
"2013-01-28";"J02M0";"A1100";"P1D_L";"ZZ";"0.049"
"2013-01-29";"J02M0";"A1100";"P1D_L";"ZZ";"0.053"
"2013-01-30";"J02M0";"A1100";"P1D_L";"ZZ";"0.078"
"2013-01-31";"J02M0";"A1100";"P1D_L";"ZZ";"0.093"
"2013-02-01";"J02M0";"A1100";"P1D_L";"ZZ";"0.073"
"2013-02-04";"J02M0";"A1100";"P1D_L";"ZZ";"0.06"
"2013-02-05";"J02M0";"A1100";"P1D_L";"ZZ";"0.053"
"2013-02-06";"J02M0";"A1100";"P1D_L";"ZZ";"0.071"
"2013-02-07";"J02M0";"A1100";"P1D_L";"ZZ";"0.051"
"2013-02-08";"J02M0";"A1100";"P1D_L";"ZZ";"0.056"
"2013-02-11";"J02M0";"A1100";"P1D_L";"ZZ";"0.03"
"2013-02-12";"J02M0";"A1100";"P1D_L";"ZZ";"0.037"
"2013-02-13";"J02M0";"A1100";"P1D_L";"ZZ";"0.045"
"2013-02-14";"J02M0";"A1100";"P1D_L";"ZZ";"0.037"
"2013-02-15";"J02M0";"A1100";"P1D_L";"ZZ";"0.034"
"2013-02-18";"J02M0";"A1100";"P1D_L";"ZZ";"0.041"
"2013-02-19";"J02M0";"A1100";"P1D_L";"ZZ";"0.02"
"2013-02-20";"J02M0";"A1100";"P1D_L";"ZZ";"0.052"
"2013-02-21";"J02M0";"A1100";"P1D_L";"ZZ";"0.052"
"2013-02-22";"J02M0";"A1100";"P1D_L";"ZZ";"0.034"
"2013-02-25";"J02M0";"A1100";"P1D_L";"ZZ";"0.026"
"2013-02-26";"J02M0";"A1100";"P1D_L";"ZZ";"0.019"
"2013-02-27";"J02M0";"A1100";"P1D_L";"ZZ";"0.01"
"2013-02-28";"J02M0";"A1100";"P1D_L";"ZZ";"0.029"
"2013-03-01";"J02M0";"A1100";"P1D_L";"ZZ";"0.005"
"2013-03-04";"J02M0";"A1100";"P1D_L";"ZZ";"0.005"
"2013-03-05";"J02M0";"A1100";"P1D_L";"ZZ";"0.01"
"2013-03-06";"J02M0";"A1100";"P1D_L";"ZZ";"0.028"
"2013-03-07";"J02M0";"A1100";"P1D_L";"ZZ";"0.031"
"2013-03-08";"J02M0";"A1100";"P1D_L";"ZZ";"0.049"
"2013-03-11";"J02M0";"A1100";"P1D_L";"ZZ";"0.036"
"2013-03-12";"J02M0";"A1100";"P1D_L";"ZZ";"0.043"
"2013-03-13";"J02M0";"A1100";"P1D_L";"ZZ";"0.04"
"2013-03-14";"J02M0";"A1100";"P1D_L";"ZZ";"0.046"
"2013-03-15";"J02M0";"A1100";"P1D_L";"ZZ";"0.054"
"2013-03-18";"J02M0";"A1100";"P1D_L";"ZZ";"0.021"
"2013-03-19";"J02M0";"A1100";"P1D_L";"ZZ";"0.015"
"2013-03-20";"J02M0";"A1100";"P1D_L";"ZZ";"0.008"
"2013-03-21";"J02M0";"A1100";"P1D_L";"ZZ";"-0.007"
"2013-03-22";"J02M0";"A1100";"P1D_L";"ZZ";"0.009"
"2013-03-25";"J02M0";"A1100";"P1D_L";"ZZ";"0.011"
"2013-03-26";"J02M0";"A1100";"P1D_L";"ZZ";"0.019"
"2013-03-27";"J02M0";"A1100";"P1D_L";"ZZ";"0.005"
"2013-03-28";"J02M0";"A1100";"P1D_L";"ZZ";"-0.012"
"2013-03-29";"J02M0";"A1100";"P1D_L";"ZZ";
"2013-04-01";"J02M0";"A1100";"P1D_L";"ZZ";
"2013-04-02";"J02M0";"A1100";"P1D_L";"ZZ";"-0.029"
"2013-04-03";"J02M0";"A1100";"P1D_L";"ZZ";"-0.031"
"2013-04-04";"J02M0";"A1100";"P1D_L";"ZZ";"-0.043"
"2013-04-05";"J02M0";"A1100";"P1D_L";"ZZ";"-0.04"
"2013-04-08";"J02M0";"A1100";"P1D_L";"ZZ";"-0.08"
"2013-04-09";"J02M0";"A1100";"P1D_L";"ZZ";"-0.037"
"2013-04-10";"J02M0";"A1100";"P1D_L";"ZZ";"-0.032"
"2013-04-11";"J02M0";"A1100";"P1D_L";"ZZ";"-0.021"
"2013-04-12";"J02M0";"A1100";"P1D_L";"ZZ";"-0.031"
"2013-04-15";"J02M0";"A1100";"P1D_L";"ZZ";"-0.047"
"2013-04-16";"J02M0";"A1100";"P1D_L";"ZZ";"-0.054"
"2013-04-17";"J02M0";"A1100";"P1D_L";"ZZ";"-0.059"
"2013-04-18";"J02M0";"A1100";"P1D_L";"ZZ";"-0.074"
"2013-04-19";"J02M0";"A1100";"P1D_L";"ZZ";"-0.071"
"2013-04-22";"J02M0";"A1100";"P1D_L";"ZZ";"-0.069"
"2013-04-23";"J02M0";"A1100";"P1D_L";"ZZ";"-0.099"
"2013-04-24";"J02M0";"A1100";"P1D_L";"ZZ";"-0.072"
"2013-04-25";"J02M0";"A1100";"P1D_L";"ZZ";"-0.055"
"2013-04-26";"J02M0";"A1100";"P1D_L";"ZZ";"-0.075"
"2013-04-29";"J02M0";"A1100";"P1D_L";"ZZ";"-0.085"
"2013-04-30";"J02M0";"A1100";"P1D_L";"ZZ";"-0.079"
"2013-05-01";"J02M0";"A1100";"P1D_L";"ZZ";
"2013-05-02";"J02M0";"A1100";"P1D_L";"ZZ";"-0.074"
"2013-05-03";"J02M0";"A1100";"P1D_L";"ZZ";"-0.068"
"2013-05-06";"J02M0";"A1100";"P1D_L";"ZZ";"-0.085"
"2013-05-07";"J02M0";"A1100";"P1D_L";"ZZ";"-0.065"
"2013-05-08";"J02M0";"A1100";"P1D_L";"ZZ";"-0.057"
"2013-05-09";"J02M0";"A1100";"P1D_L";"ZZ";
"2013-05-10";"J02M0";"A1100";"P1D_L";"ZZ";"-0.057"
"2013-05-13";"J02M0";"A1100";"P1D_L";"ZZ";"-0.067"
"2013-05-14";"J02M0";"A1100";"P1D_L";"ZZ";"-0.062"
"2013-05-15";"J02M0";"A1100";"P1D_L";"ZZ";"-0.038"
"2013-05-16";"J02M0";"A1100";"P1D_L";"ZZ";"-0.04"
"2013-05-17";"J02M0";"A1100";"P1D_L";"ZZ";"-0.075"
"2013-05-20";"J02M0";"A1100";"P1D_L";"ZZ";
"2013-05-21";"J02M0";"A1100";"P1D_L";"ZZ";"-0.071"
"2013-05-22";"J02M0";"A1100";"P1D_L";"ZZ";"-0.069"
"2013-05-23";"J02M0";"A1100";"P1D_L";"ZZ";"-0.062"
"2013-05-24";"J02M0";"A1100";"P1D_L";"ZZ";"-0.055"
"2013-05-27";"J02M0";"A1100";"P1D_L";"ZZ";"-0.072"
"2013-05-28";"J02M0";"A1100";"P1D_L";"ZZ";"-0.074"
"2013-05-29";"J02M0";"A1100";"P1D_L";"ZZ";"-0.067"
"2013-05-30";"J02M0";"A1100";"P1D_L";"ZZ";"-0.003"
"2013-05-31";"J02M0";"A1100";"P1D_L";"ZZ";"-0.06"
"2013-06-03";"J02M0";"A1100";"P1D_L";"ZZ";"-0.037"
"2013-06-04";"J02M0";"A1100";"P1D_L";"ZZ";"-0.049"
"2013-06-05";"J02M0";"A1100";"P1D_L";"ZZ";"-0.016"
"2013-06-06";"J02M0";"A1100";"P1D_L";"ZZ";"-0.013"
"2013-06-07";"J02M0";"A1100";"P1D_L";"ZZ";"-0.033"
"2013-06-10";"J02M0";"A1100";"P1D_L";"ZZ";"0.055"
"2013-06-11";"J02M0";"A1100";"P1D_L";"ZZ";"-0.005"
"2013-06-12";"J02M0";"A1100";"P1D_L";"ZZ";"0.021"
"2013-06-13";"J02M0";"A1100";"P1D_L";"ZZ";"-0.03"
"2013-06-14";"J02M0";"A1100";"P1D_L";"ZZ";"-0.044"
"2013-06-17";"J02M0";"A1100";"P1D_L";"ZZ";"-0.029"
"2013-06-18";"J02M0";"A1100";"P1D_L";"ZZ";"-0.051"
"2013-06-19";"J02M0";"A1100";"P1D_L";"ZZ";"-0.038"
"2013-06-20";"J02M0";"A1100";"P1D_L";"ZZ";"-0.013"
"2013-06-21";"J02M0";"A1100";"P1D_L";"ZZ";"0.023"
"2013-06-24";"J02M0";"A1100";"P1D_L";"ZZ";"0.035"
"2013-06-25";"J02M0";"A1100";"P1D_L";"ZZ";"0.04"
"2013-06-26";"J02M0";"A1100";"P1D_L";"ZZ";"0.026"
"2013-06-27";"J02M0";"A1100";"P1D_L";"ZZ";"-0.01"
"2013-06-28";"J02M0";"A1100";"P1D_L";"ZZ";"-0.006"
"2013-07-01";"J02M0";"A1100";"P1D_L";"ZZ";"-0.001"
"2013-07-02";"J02M0";"A1100";"P1D_L";"ZZ";"-0.014"
"2013-07-03";"J02M0";"A1100";"P1D_L";"ZZ";"-0.023"
"2013-07-04";"J02M0";"A1100";"P1D_L";"ZZ";"-0.029"
"2013-07-05";"J02M0";"A1100";"P1D_L";"ZZ";"-0.055"
"2013-07-08";"J02M0";"A1100";"P1D_L";"ZZ";"-0.047"
"2013-07-09";"J02M0";"A1100";"P1D_L";"ZZ";"-0.034"
"2013-07-10";"J02M0";"A1100";"P1D_L";"ZZ";"-0.019"
"2013-07-11";"J02M0";"A1100";"P1D_L";"ZZ";"-0.031"
"2013-07-12";"J02M0";"A1100";"P1D_L";"ZZ";"-0.034"
"2013-07-15";"J02M0";"A1100";"P1D_L";"ZZ";"-0.029"
"2013-07-16";"J02M0";"A1100";"P1D_L";"ZZ";"-0.017"
"2013-07-17";"J02M0";"A1100";"P1D_L";"ZZ";"-0.008"
"2013-07-18";"J02M0";"A1100";"P1D_L";"ZZ";"-0.035"
"2013-07-19";"J02M0";"A1100";"P1D_L";"ZZ";"-0.02"
"2013-07-22";"J02M0";"A1100";"P1D_L";"ZZ";"-0.03"
"2013-07-23";"J02M0";"A1100";"P1D_L";"ZZ";"-0.027"
"2013-07-24";"J02M0";"A1100";"P1D_L";"ZZ";"-0.02"
"2013-07-25";"J02M0";"A1100";"P1D_L";"ZZ";"-0.004"
"2013-07-26";"J02M0";"A1100";"P1D_L";"ZZ";"-0.029"
"2013-07-29";"J02M0";"A1100";"P1D_L";"ZZ";"-0.028"
"2013-07-30";"J02M0";"A1100";"P1D_L";"ZZ";"-0.033"
"2013-07-31";"J02M0";"A1100";"P1D_L";"ZZ";"-0.013"
"2013-08-01";"J02M0";"A1100";"P1D_L";"ZZ";
"2013-08-02";"J02M0";"A1100";"P1D_L";"ZZ";"0.001"
"2013-08-05";"J02M0";"A1100";"P1D_L";"ZZ";"-0.006"
"2013-08-06";"J02M0";"A1100";"P1D_L";"ZZ";"0.008"
"2013-08-07";"J02M0";"A1100";"P1D_L";"ZZ";"0.005"
"2013-08-08";"J02M0";"A1100";"P1D_L";"ZZ";"0.006"
"2013-08-09";"J02M0";"A1100";"P1D_L";"ZZ";"0.028"
"2013-08-12";"J02M0";"A1100";"P1D_L";"ZZ";"0.014"
"2013-08-13";"J02M0";"A1100";"P1D_L";"ZZ";"0.011"
"2013-08-14";"J02M0";"A1100";"P1D_L";"ZZ";"0.047"
"2013-08-15";"J02M0";"A1100";"P1D_L";"ZZ";"0.039"
"2013-08-16";"J02M0";"A1100";"P1D_L";"ZZ";"0.033"
"2013-08-19";"J02M0";"A1100";"P1D_L";"ZZ";"0.047"
"2013-08-20";"J02M0";"A1100";"P1D_L";"ZZ";"0.032"
"2013-08-21";"J02M0";"A1100";"P1D_L";"ZZ";"0.027"
"2013-08-22";"J02M0";"A1100";"P1D_L";"ZZ";"0.035"
"2013-08-23";"J02M0";"A1100";"P1D_L";"ZZ";"0.047"
"2013-08-26";"J02M0";"A1100";"P1D_L";"ZZ";"0.041"
"2013-08-27";"J02M0";"A1100";"P1D_L";"ZZ";"0.014"
"2013-08-28";"J02M0";"A1100";"P1D_L";"ZZ";"0.03"
"2013-08-29";"J02M0";"A1100";"P1D_L";"ZZ";"0.023"
"2013-08-30";"J02M0";"A1100";"P1D_L";"ZZ";"-0.008"
"2013-09-02";"J02M0";"A1100";"P1D_L";"ZZ";"0.012"
"2013-09-03";"J02M0";"A1100";"P1D_L";"ZZ";"0.007"
"2013-09-04";"J02M0";"A1100";"P1D_L";"ZZ";"0.011"
"2013-09-05";"J02M0";"A1100";"P1D_L";"ZZ";"0.021"
"2013-09-06";"J02M0";"A1100";"P1D_L";"ZZ";"-0.007"
"2013-09-09";"J02M0";"A1100";"P1D_L";"ZZ";"0.005"
"2013-09-10";"J02M0";"A1100";"P1D_L";"ZZ";"0.013"
"2013-09-11";"J02M0";"A1100";"P1D_L";"ZZ";"0.022"
"2013-09-12";"J02M0";"A1100";"P1D_L";"ZZ";"0.016"
"2013-09-13";"J02M0";"A1100";"P1D_L";"ZZ";"0.008"
"2013-09-16";"J02M0";"A1100";"P1D_L";"ZZ";"-0.005"
"2013-09-17";"J02M0";"A1100";"P1D_L";"ZZ";"-0.008"
"2013-09-18";"J02M0";"A1100";"P1D_L";"ZZ";"-0.006"
"2013-09-19";"J02M0";"A1100";"P1D_L";"ZZ";"0.003"
"2013-09-20";"J02M0";"A1100";"P1D_L";"ZZ";"0.003"
"2013-09-23";"J02M0";"A1100";"P1D_L";"ZZ";"0.011"
"2013-09-24";"J02M0";"A1100";"P1D_L";"ZZ";"-0.008"
"2013-09-25";"J02M0";"A1100";"P1D_L";"ZZ";"0.002"
"2013-09-26";"J02M0";"A1100";"P1D_L";"ZZ";"0.021"
"2013-09-27";"J02M0";"A1100";"P1D_L";"ZZ";"0.008"
"2013-09-30";"J02M0";"A1100";"P1D_L";"ZZ";"-0.024"
"2013-10-01";"J02M0";"A1100";"P1D_L";"ZZ";"-0.019"
"2013-10-02";"J02M0";"A1100";"P1D_L";"ZZ";"-0.007"
"2013-10-03";"J02M0";"A1100";"P1D_L";"ZZ";"-0.007"
"2013-10-04";"J02M0";"A1100";"P1D_L";"ZZ";"-0.018"
"2013-10-07";"J02M0";"A1100";"P1D_L";"ZZ";"-0.044"
"2013-10-08";"J02M0";"A1100";"P1D_L";"ZZ";"-0.034"
"2013-10-09";"J02M0";"A1100";"P1D_L";"ZZ";"-0.026"
"2013-10-10";"J02M0";"A1100";"P1D_L";"ZZ";"-0.06"
"2013-10-11";"J02M0";"A1100";"P1D_L";"ZZ";"-0.065"
"2013-10-14";"J02M0";"A1100";"P1D_L";"ZZ";"-0.058"
"2013-10-15";"J02M0";"A1100";"P1D_L";"ZZ";"-0.039"
"2013-10-16";"J02M0";"A1100";"P1D_L";"ZZ";"-0.027"
"2013-10-17";"J02M0";"A1100";"P1D_L";"ZZ";"-0.02"
"2013-10-18";"J02M0";"A1100";"P1D_L";"ZZ";"-0.032"
"2013-10-21";"J02M0";"A1100";"P1D_L";"ZZ";"-0.034"
"2013-10-22";"J02M0";"A1100";"P1D_L";"ZZ";"-0.032"
"2013-10-23";"J02M0";"A1100";"P1D_L";"ZZ";"-0.042"
"2013-10-24";"J02M0";"A1100";"P1D_L";"ZZ";"-0.042"
"2013-10-25";"J02M0";"A1100";"P1D_L";"ZZ";"-0.045"
"2013-10-28";"J02M0";"A1100";"P1D_L";"ZZ";"-0.024"
"2013-10-29";"J02M0";"A1100";"P1D_L";"ZZ";"-0.029"
"2013-10-30";"J02M0";"A1100";"P1D_L";"ZZ";"-0.021"
"2013-10-31";"J02M0";"A1100";"P1D_L";"ZZ";"0"
"2013-11-01";"J02M0";"A1100";"P1D_L";"ZZ";"-0.012"
"2013-11-04";"J02M0";"A1100";"P1D_L";"ZZ";"-0.018"
"2013-11-05";"J02M0";"A1100";"P1D_L";"ZZ";"-0.028"
"2013-11-06";"J02M0";"A1100";"P1D_L";"ZZ";"-0.015"
"2013-11-07";"J02M0";"A1100";"P1D_L";"ZZ";"-0.026"
"2013-11-08";"J02M0";"A1100";"P1D_L";"ZZ";"-0.049"
"2013-11-11";"J02M0";"A1100";"P1D_L";"ZZ";"-0.048"
"2013-11-12";"J02M0";"A1100";"P1D_L";"ZZ";"-0.038"
"2013-11-13";"J02M0";"A1100";"P1D_L";"ZZ";"-0.033"
"2013-11-14";"J02M0";"A1100";"P1D_L";"ZZ";"-0.048"
"2013-11-15";"J02M0";"A1100";"P1D_L";"ZZ";"-0.036"
"2013-11-18";"J02M0";"A1100";"P1D_L";"ZZ";"-0.051"
"2013-11-19";"J02M0";"A1100";"P1D_L";"ZZ";"-0.045"
"2013-11-20";"J02M0";"A1100";"P1D_L";"ZZ";"-0.036"
"2013-11-21";"J02M0";"A1100";"P1D_L";"ZZ";"-0.055"
"2013-11-22";"J02M0";"A1100";"P1D_L";"ZZ";"-0.061"
"2013-11-25";"J02M0";"A1100";"P1D_L";"ZZ";"-0.084"
"2013-11-26";"J02M0";"A1100";"P1D_L";"ZZ";"-0.076"
"2013-11-27";"J02M0";"A1100";"P1D_L";"ZZ";"-0.08"
"2013-11-28";"J02M0";"A1100";"P1D_L";"ZZ";"-0.068"
"2013-11-29";"J02M0";"A1100";"P1D_L";"ZZ";"-0.076"
"2013-12-02";"J02M0";"A1100";"P1D_L";"ZZ";"-0.077"
"2013-12-03";"J02M0";"A1100";"P1D_L";"ZZ";"-0.087"
"2013-12-04";"J02M0";"A1100";"P1D_L";"ZZ";"-0.076"
"2013-12-05";"J02M0";"A1100";"P1D_L";"ZZ";"-0.09"
"2013-12-06";"J02M0";"A1100";"P1D_L";"ZZ";"-0.065"
"2013-12-09";"J02M0";"A1100";"P1D_L";"ZZ";"-0.076"
"2013-12-10";"J02M0";"A1100";"P1D_L";"ZZ";"-0.08"
"2013-12-11";"J02M0";"A1100";"P1D_L";"ZZ";"-0.082"
"2013-12-12";"J02M0";"A1100";"P1D_L";"ZZ";"-0.087"
"2013-12-13";"J02M0";"A1100";"P1D_L";"ZZ";"-0.091"
"2013-12-16";"J02M0";"A1100";"P1D_L";"ZZ";"-0.097"
"2013-12-17";"J02M0";"A1100";"P1D_L";"ZZ";"-0.102"
"2013-12-18";"J02M0";"A1100";"P1D_L";"ZZ";"-0.083"
"2013-12-19";"J02M0";"A1100";"P1D_L";"ZZ";"-0.085"
"2013-12-20";"J02M0";"A1100";"P1D_L";"ZZ";"-0.089"
"2013-12-23";"J02M0";"A1100";"P1D_L";"ZZ";"-0.084"
"2013-12-24";"J02M0";"A1100";"P1D_L";"ZZ";
"2013-12-25";"J02M0";"A1100";"P1D_L";"ZZ";
"2013-12-26";"J02M0";"A1100";"P1D_L";"ZZ";
"2013-12-27";"J02M0";"A1100";"P1D_L";"ZZ";"-0.071"
"2013-12-30";"J02M0";"A1100";"P1D_L";"ZZ";"-0.071"
"2013-12-31";"J02M0";"A1100";"P1D_L";"ZZ";
"2014-01-01";"J02M0";"A1100";"P1D_L";"ZZ";
"2014-01-02";"J02M0";"A1100";"P1D_L";"ZZ";
"2014-01-03";"J02M0";"A1100";"P1D_L";"ZZ";"-0.066"
"2014-01-06";"J02M0";"A1100";"P1D_L";"ZZ";"-0.082"
"2014-01-07";"J02M0";"A1100";"P1D_L";"ZZ";"-0.083"
"2014-01-08";"J02M0";"A1100";"P1D_L";"ZZ";"-0.09"
"2014-01-09";"J02M0";"A1100";"P1D_L";"ZZ";"-0.089"
"2014-01-10";"J02M0";"A1100";"P1D_L";"ZZ";"-0.088"
"2014-01-13";"J02M0";"A1100";"P1D_L";"ZZ";"-0.116"
"2014-01-14";"J02M0";"A1100";"P1D_L";"ZZ";"-0.092"
"2014-01-15";"J02M0";"A1100";"P1D_L";"ZZ";"-0.074"
"2014-01-16";"J02M0";"A1100";"P1D_L";"ZZ";"-0.064"
"2014-01-17";"J02M0";"A1100";"P1D_L";"ZZ";"-0.075"
"2014-01-20";"J02M0";"A1100";"P1D_L";"ZZ";"-0.082"
"2014-01-21";"J02M0";"A1100";"P1D_L";"ZZ";"-0.085"
"2014-01-22";"J02M0";"A1100";"P1D_L";"ZZ";"-0.088"
"2014-01-23";"J02M0";"A1100";"P1D_L";"ZZ";"-0.085"
"2014-01-24";"J02M0";"A1100";"P1D_L";"ZZ";"-0.109"
"2014-01-27";"J02M0";"A1100";"P1D_L";"ZZ";"-0.093"
"2014-01-28";"J02M0";"A1100";"P1D_L";"ZZ";"-0.094"
"2014-01-29";"J02M0";"A1100";"P1D_L";"ZZ";"-0.094"
"2014-01-30";"J02M0";"A1100";"P1D_L";"ZZ";"-0.113"
"2014-01-31";"J02M0";"A1100";"P1D_L";"ZZ";"-0.109"
"2014-02-03";"J02M0";"A1100";"P1D_L";"ZZ";"-0.122"
"2014-02-04";"J02M0";"A1100";"P1D_L";"ZZ";"-0.119"
"2014-02-05";"J02M0";"A1100";"P1D_L";"ZZ";"-0.095"
"2014-02-06";"J02M0";"A1100";"P1D_L";"ZZ";"-0.081"
"2014-02-07";"J02M0";"A1100";"P1D_L";"ZZ";"-0.071"
"2014-02-10";"J02M0";"A1100";"P1D_L";"ZZ";"-0.077"
"2014-02-11";"J02M0";"A1100";"P1D_L";"ZZ";"-0.071"
"2014-02-12";"J02M0";"A1100";"P1D_L";"ZZ";"-0.065"
"2014-02-13";"J02M0";"A1100";"P1D_L";"ZZ";"-0.064"
"2014-02-14";"J02M0";"A1100";"P1D_L";"ZZ";"-0.079"
"2014-02-17";"J02M0";"A1100";"P1D_L";"ZZ";"-0.087"
"2014-02-18";"J02M0";"A1100";"P1D_L";"ZZ";"-0.07"
"2014-02-19";"J02M0";"A1100";"P1D_L";"ZZ";"-0.08"
"2014-02-20";"J02M0";"A1100";"P1D_L";"ZZ";"-0.073"
"2014-02-21";"J02M0";"A1100";"P1D_L";"ZZ";"-0.079"
"2014-02-24";"J02M0";"A1100";"P1D_L";"ZZ";"-0.073"
"2014-02-25";"J02M0";"A1100";"P1D_L";"ZZ";"-0.067"
"2014-02-26";"J02M0";"A1100";"P1D_L";"ZZ";"-0.058"
"2014-02-27";"J02M0";"A1100";"P1D_L";"ZZ";"-0.06"
"2014-02-28";"J02M0";"A1100";"P1D_L";"ZZ";"-0.074"
"2014-03-03";"J02M0";"A1100";"P1D_L";"ZZ";"-0.075"
"2014-03-04";"J02M0";"A1100";"P1D_L";"ZZ";"-0.077"
"2014-03-05";"J02M0";"A1100";"P1D_L";"ZZ";"-0.05"
"2014-03-06";"J02M0";"A1100";"P1D_L";"ZZ";"-0.051"
"2014-03-07";"J02M0";"A1100";"P1D_L";"ZZ";"-0.038"
"2014-03-10";"J02M0";"A1100";"P1D_L";"ZZ";"0.005"
"2014-03-11";"J02M0";"A1100";"P1D_L";"ZZ";"-0.006"
"2014-03-12";"J02M0";"A1100";"P1D_L";"ZZ";"-0.021"
"2014-03-13";"J02M0";"A1100";"P1D_L";"ZZ";"-0.024"
"2014-03-14";"J02M0";"A1100";"P1D_L";"ZZ";"-0.021"
"2014-03-17";"J02M0";"A1100";"P1D_L";"ZZ";"-0.028"
"2014-03-18";"J02M0";"A1100";"P1D_L";"ZZ";"-0.026"
"2014-03-19";"J02M0";"A1100";"P1D_L";"ZZ";"-0.042"
"2014-03-20";"J02M0";"A1100";"P1D_L";"ZZ";"-0.019"
"2014-03-21";"J02M0";"A1100";"P1D_L";"ZZ";"-0.024"
"2014-03-24";"J02M0";"A1100";"P1D_L";"ZZ";"-0.024"
"2014-03-25";"J02M0";"A1100";"P1D_L";"ZZ";"-0.034"
"2014-03-26";"J02M0";"A1100";"P1D_L";"ZZ";"-0.024"
"2014-03-27";"J02M0";"A1100";"P1D_L";"ZZ";"-0.03"
"2014-03-28";"J02M0";"A1100";"P1D_L";"ZZ";"-0.043"
"2014-03-31";"J02M0";"A1100";"P1D_L";"ZZ";"-0.031"
"2014-04-01";"J02M0";"A1100";"P1D_L";"ZZ";"-0.033"
"2014-04-02";"J02M0";"A1100";"P1D_L";"ZZ";"-0.025"
"2014-04-03";"J02M0";"A1100";"P1D_L";"ZZ";"-0.02"
"2014-04-04";"J02M0";"A1100";"P1D_L";"ZZ";"-0.024"
"2014-04-07";"J02M0";"A1100";"P1D_L";"ZZ";"-0.036"
"2014-04-08";"J02M0";"A1100";"P1D_L";"ZZ";"-0.041"
"2014-04-09";"J02M0";"A1100";"P1D_L";"ZZ";"-0.033"
"2014-04-10";"J02M0";"A1100";"P1D_L";"ZZ";"-0.04"
"2014-04-11";"J02M0";"A1100";"P1D_L";"ZZ";"-0.024"
"2014-04-14";"J02M0";"A1100";"P1D_L";"ZZ";"-0.048"
"2014-04-15";"J02M0";"A1100";"P1D_L";"ZZ";"-0.023"
"2014-04-16";"J02M0";"A1100";"P1D_L";"ZZ";"-0.023"
"2014-04-17";"J02M0";"A1100";"P1D_L";"ZZ";"-0.019"
"2014-04-18";"J02M0";"A1100";"P1D_L";"ZZ";
"2014-04-21";"J02M0";"A1100";"P1D_L";"ZZ";
"2014-04-22";"J02M0";"A1100";"P1D_L";"ZZ";"-0.024"
"2014-04-23";"J02M0";"A1100";"P1D_L";"ZZ";"-0.006"
"2014-04-24";"J02M0";"A1100";"P1D_L";"ZZ";"-0.005"
"2014-04-25";"J02M0";"A1100";"P1D_L";"ZZ";"-0.004"
"2014-04-28";"J02M0";"A1100";"P1D_L";"ZZ";"-0.017"
"2014-04-29";"J02M0";"A1100";"P1D_L";"ZZ";"0.021"
"2014-04-30";"J02M0";"A1100";"P1D_L";"ZZ";"0.005"
"2014-05-01";"J02M0";"A1100";"P1D_L";"ZZ";
"2014-05-02";"J02M0";"A1100";"P1D_L";"ZZ";"0.017"
"2014-05-05";"J02M0";"A1100";"P1D_L";"ZZ";"0.007"
"2014-05-06";"J02M0";"A1100";"P1D_L";"ZZ";"0.022"
"2014-05-07";"J02M0";"A1100";"P1D_L";"ZZ";"0.026"
"2014-05-08";"J02M0";"A1100";"P1D_L";"ZZ";"0.023"
"2014-05-09";"J02M0";"A1100";"P1D_L";"ZZ";"0.007"
"2014-05-12";"J02M0";"A1100";"P1D_L";"ZZ";"-0.002"
"2014-05-13";"J02M0";"A1100";"P1D_L";"ZZ";"-0.003"
"2014-05-14";"J02M0";"A1100";"P1D_L";"ZZ";"-0.012"
"2014-05-15";"J02M0";"A1100";"P1D_L";"ZZ";"-0.013"
"2014-05-16";"J02M0";"A1100";"P1D_L";"ZZ";"0.008"
"2014-05-19";"J02M0";"A1100";"P1D_L";"ZZ";"-0.005"
"2014-05-20";"J02M0";"A1100";"P1D_L";"ZZ";"-0.001"
"2014-05-21";"J02M0";"A1100";"P1D_L";"ZZ";"0.002"
"2014-05-22";"J02M0";"A1100";"P1D_L";"ZZ";"0.002"
"2014-05-23";"J02M0";"A1100";"P1D_L";"ZZ";"0"
"2014-05-26";"J02M0";"A1100";"P1D_L";"ZZ";"-0.004"
"2014-05-27";"J02M0";"A1100";"P1D_L";"ZZ";"-0.014"
"2014-05-28";"J02M0";"A1100";"P1D_L";"ZZ";"-0.007"
"2014-05-29";"J02M0";"A1100";"P1D_L";"ZZ";
"2014-05-30";"J02M0";"A1100";"P1D_L";"ZZ";"-0.027"
"2014-06-02";"J02M0";"A1100";"P1D_L";"ZZ";"-0.026"
"2014-06-03";"J02M0";"A1100";"P1D_L";"ZZ";"-0.05"
"2014-06-04";"J02M0";"A1100";"P1D_L";"ZZ";"-0.033"
"2014-06-05";"J02M0";"A1100";"P1D_L";"ZZ";"-0.045"
"2014-06-06";"J02M0";"A1100";"P1D_L";"ZZ";"-0.054"
"2014-06-09";"J02M0";"A1100";"P1D_L";"ZZ";
"2014-06-10";"J02M0";"A1100";"P1D_L";"ZZ";"-0.054"
"2014-06-11";"J02M0";"A1100";"P1D_L";"ZZ";"-0.029"
"2014-06-12";"J02M0";"A1100";"P1D_L";"ZZ";"-0.049"
"2014-06-13";"J02M0";"A1100";"P1D_L";"ZZ";"-0.045"
"2014-06-16";"J02M0";"A1100";"P1D_L";"ZZ";"-0.041"
"2014-06-17";"J02M0";"A1100";"P1D_L";"ZZ";"-0.043"
"2014-06-18";"J02M0";"A1100";"P1D_L";"ZZ";"-0.015"
"2014-06-19";"J02M0";"A1100";"P1D_L";"ZZ";"-0.021"
"2014-06-20";"J02M0";"A1100";"P1D_L";"ZZ";"-0.012"
"2014-06-23";"J02M0";"A1100";"P1D_L";"ZZ";"-0.016"
"2014-06-24";"J02M0";"A1100";"P1D_L";"ZZ";"-0.009"
"2014-06-25";"J02M0";"A1100";"P1D_L";"ZZ";"0.025"
"2014-06-26";"J02M0";"A1100";"P1D_L";"ZZ";"0.033"
"2014-06-27";"J02M0";"A1100";"P1D_L";"ZZ";"0.036"
"2014-06-30";"J02M0";"A1100";"P1D_L";"ZZ";"0.032"
"2014-07-01";"J02M0";"A1100";"P1D_L";"ZZ";"0.031"
"2014-07-02";"J02M0";"A1100";"P1D_L";"ZZ";"0.037"
"2014-07-03";"J02M0";"A1100";"P1D_L";"ZZ";"0.04"
"2014-07-04";"J02M0";"A1100";"P1D_L";"ZZ";"0.043"
"2014-07-07";"J02M0";"A1100";"P1D_L";"ZZ";"0.031"
"2014-07-08";"J02M0";"A1100";"P1D_L";"ZZ";"0.017"
"2014-07-09";"J02M0";"A1100";"P1D_L";"ZZ";"0.024"
"2014-07-10";"J02M0";"A1100";"P1D_L";"ZZ";"0.034"
"2014-07-11";"J02M0";"A1100";"P1D_L";"ZZ";"0.023"
"2014-07-14";"J02M0";"A1100";"P1D_L";"ZZ";"0.026"
"2014-07-15";"J02M0";"A1100";"P1D_L";"ZZ";"0.029"
"2014-07-16";"J02M0";"A1100";"P1D_L";"ZZ";"0.043"
"2014-07-17";"J02M0";"A1100";"P1D_L";"ZZ";"0.021"
"2014-07-18";"J02M0";"A1100";"P1D_L";"ZZ";"0.019"
"2014-07-21";"J02M0";"A1100";"P1D_L";"ZZ";"0.006"
"2014-07-22";"J02M0";"A1100";"P1D_L";"ZZ";"0.002"
"2014-07-23";"J02M0";"A1100";"P1D_L";"ZZ";"0.001"
"2014-07-24";"J02M0";"A1100";"P1D_L";"ZZ";"0.013"
"2014-07-25";"J02M0";"A1100";"P1D_L";"ZZ";"0.017"
"2014-07-28";"J02M0";"A1100";"P1D_L";"ZZ";"0.019"
"2014-07-29";"J02M0";"A1100";"P1D_L";"ZZ";"0.024"
"2014-07-30";"J02M0";"A1100";"P1D_L";"ZZ";"0.016"
"2014-07-31";"J02M0";"A1100";"P1D_L";"ZZ";"0.033"
"2014-08-01";"J02M0";"A1100";"P1D_L";"ZZ";
"2014-08-04";"J02M0";"A1100";"P1D_L";"ZZ";"0.008"
"2014-08-05";"J02M0";"A1100";"P1D_L";"ZZ";"0.021"
"2014-08-06";"J02M0";"A1100";"P1D_L";"ZZ";"0.051"
"2014-08-07";"J02M0";"A1100";"P1D_L";"ZZ";"0.018"
"2014-08-08";"J02M0";"A1100";"P1D_L";"ZZ";"0.033"
"2014-08-11";"J02M0";"A1100";"P1D_L";"ZZ";"0.035"
"2014-08-12";"J02M0";"A1100";"P1D_L";"ZZ";"0.03"
"2014-08-13";"J02M0";"A1100";"P1D_L";"ZZ";"0.036"
"2014-08-14";"J02M0";"A1100";"P1D_L";"ZZ";"0.039"
"2014-08-15";"J02M0";"A1100";"P1D_L";"ZZ";"0.035"
"2014-08-18";"J02M0";"A1100";"P1D_L";"ZZ";"0.033"
"2014-08-19";"J02M0";"A1100";"P1D_L";"ZZ";"0.03"
"2014-08-20";"J02M0";"A1100";"P1D_L";"ZZ";"0.043"
"2014-08-21";"J02M0";"A1100";"P1D_L";"ZZ";"0.044"
"2014-08-22";"J02M0";"A1100";"P1D_L";"ZZ";"0.038"
"2014-08-25";"J02M0";"A1100";"P1D_L";"ZZ";"0.023"
"2014-08-26";"J02M0";"A1100";"P1D_L";"ZZ";"0.03"
"2014-08-27";"J02M0";"A1100";"P1D_L";"ZZ";"0.026"
"2014-08-28";"J02M0";"A1100";"P1D_L";"ZZ";"0.011"
"2014-08-29";"J02M0";"A1100";"P1D_L";"ZZ";"0.001"
"2014-09-01";"J02M0";"A1100";"P1D_L";"ZZ";"-0.009"
"2014-09-02";"J02M0";"A1100";"P1D_L";"ZZ";"-0.004"
"2014-09-03";"J02M0";"A1100";"P1D_L";"ZZ";"0.017"
"2014-09-04";"J02M0";"A1100";"P1D_L";"ZZ";"0.014"
"2014-09-05";"J02M0";"A1100";"P1D_L";"ZZ";"0.006"
"2014-09-08";"J02M0";"A1100";"P1D_L";"ZZ";"-0.007"
"2014-09-09";"J02M0";"A1100";"P1D_L";"ZZ";"-0.01"
"2014-09-10";"J02M0";"A1100";"P1D_L";"ZZ";"-0.001"
"2014-09-11";"J02M0";"A1100";"P1D_L";"ZZ";"-0.019"
"2014-09-12";"J02M0";"A1100";"P1D_L";"ZZ";"-0.017"
"2014-09-15";"J02M0";"A1100";"P1D_L";"ZZ";"-0.027"
"2014-09-16";"J02M0";"A1100";"P1D_L";"ZZ";"-0.028"
"2014-09-17";"J02M0";"A1100";"P1D_L";"ZZ";"-0.029"
"2014-09-18";"J02M0";"A1100";"P1D_L";"ZZ";"-0.026"
"2014-09-19";"J02M0";"A1100";"P1D_L";"ZZ";"-0.015"
"2014-09-22";"J02M0";"A1100";"P1D_L";"ZZ";"-0.023"
"2014-09-23";"J02M0";"A1100";"P1D_L";"ZZ";"-0.024"
"2014-09-24";"J02M0";"A1100";"P1D_L";"ZZ";"-0.018"
"2014-09-25";"J02M0";"A1100";"P1D_L";"ZZ";"-0.005"
"2014-09-26";"J02M0";"A1100";"P1D_L";"ZZ";"-0.001"
"2014-09-29";"J02M0";"A1100";"P1D_L";"ZZ";"-0.014"
"2014-09-30";"J02M0";"A1100";"P1D_L";"ZZ";"-0.009"
"2014-10-01";"J02M0";"A1100";"P1D_L";"ZZ";"-0.015"
"2014-10-02";"J02M0";"A1100";"P1D_L";"ZZ";"-0.014"
"2014-10-03";"J02M0";"A1100";"P1D_L";"ZZ";"-0.003"
"2014-10-06";"J02M0";"A1100";"P1D_L";"ZZ";"-0.009"
"2014-10-07";"J02M0";"A1100";"P1D_L";"ZZ";"-0.011"
"2014-10-08";"J02M0";"A1100";"P1D_L";"ZZ";"-0.007"
"2014-10-09";"J02M0";"A1100";"P1D_L";"ZZ";"0"
"2014-10-10";"J02M0";"A1100";"P1D_L";"ZZ";"0.002"
"2014-10-13";"J02M0";"A1100";"P1D_L";"ZZ";"-0.001"
"2014-10-14";"J02M0";"A1100";"P1D_L";"ZZ";"-0.007"
"2014-10-15";"J02M0";"A1100";"P1D_L";"ZZ";"-0.023"
"2014-10-16";"J02M0";"A1100";"P1D_L";"ZZ";"-0.03"
"2014-10-17";"J02M0";"A1100";"P1D_L";"ZZ";"-0.012"
"2014-10-20";"J02M0";"A1100";"P1D_L";"ZZ";"-0.017"
"2014-10-21";"J02M0";"A1100";"P1D_L";"ZZ";"-0.032"
"2014-10-22";"J02M0";"A1100";"P1D_L";"ZZ";"-0.038"
"2014-10-23";"J02M0";"A1100";"P1D_L";"ZZ";"-0.029"
"2014-10-24";"J02M0";"A1100";"P1D_L";"ZZ";"-0.024"
"2014-10-27";"J02M0";"A1100";"P1D_L";"ZZ";"-0.036"
"2014-10-28";"J02M0";"A1100";"P1D_L";"ZZ";"-0.043"
"2014-10-29";"J02M0";"A1100";"P1D_L";"ZZ";"-0.038"
"2014-10-30";"J02M0";"A1100";"P1D_L";"ZZ";"-0.042"
"2014-10-31";"J02M0";"A1100";"P1D_L";"ZZ";"-0.042"
"2014-11-03";"J02M0";"A1100";"P1D_L";"ZZ";"-0.048"
"2014-11-04";"J02M0";"A1100";"P1D_L";"ZZ";"-0.052"
"2014-11-05";"J02M0";"A1100";"P1D_L";"ZZ";"-0.062"
"2014-11-06";"J02M0";"A1100";"P1D_L";"ZZ";"-0.068"
"2014-11-07";"J02M0";"A1100";"P1D_L";"ZZ";"-0.081"
"2014-11-10";"J02M0";"A1100";"P1D_L";"ZZ";"-0.088"
"2014-11-11";"J02M0";"A1100";"P1D_L";"ZZ";"-0.101"
"2014-11-12";"J02M0";"A1100";"P1D_L";"ZZ";"-0.136"
"2014-11-13";"J02M0";"A1100";"P1D_L";"ZZ";"-0.134"
"2014-11-14";"J02M0";"A1100";"P1D_L";"ZZ";"-0.143"
"2014-11-17";"J02M0";"A1100";"P1D_L";"ZZ";"-0.143"
"2014-11-18";"J02M0";"A1100";"P1D_L";"ZZ";"-0.155"
"2014-11-19";"J02M0";"A1100";"P1D_L";"ZZ";"-0.148"
"2014-11-20";"J02M0";"A1100";"P1D_L";"ZZ";"-0.14"
"2014-11-21";"J02M0";"A1100";"P1D_L";"ZZ";"-0.141"
"2014-11-24";"J02M0";"A1100";"P1D_L";"ZZ";"-0.152"
"2014-11-25";"J02M0";"A1100";"P1D_L";"ZZ";"-0.146"
"2014-11-26";"J02M0";"A1100";"P1D_L";"ZZ";"-0.148"
"2014-11-27";"J02M0";"A1100";"P1D_L";"ZZ";"-0.128"
"2014-11-28";"J02M0";"A1100";"P1D_L";"ZZ";"-0.134"
"2014-12-01";"J02M0";"A1100";"P1D_L";"ZZ";"-0.139"
"2014-12-02";"J02M0";"A1100";"P1D_L";"ZZ";"-0.13"
"2014-12-03";"J02M0";"A1100";"P1D_L";"ZZ";"-0.113"
"2014-12-04";"J02M0";"A1100";"P1D_L";"ZZ";"-0.098"
"2014-12-05";"J02M0";"A1100";"P1D_L";"ZZ";"-0.078"
"2014-12-08";"J02M0";"A1100";"P1D_L";"ZZ";"-0.096"
"2014-12-09";"J02M0";"A1100";"P1D_L";"ZZ";"-0.108"
"2014-12-10";"J02M0";"A1100";"P1D_L";"ZZ";"-0.094"
"2014-12-11";"J02M0";"A1100";"P1D_L";"ZZ";"-0.081"
"2014-12-12";"J02M0";"A1100";"P1D_L";"ZZ";"-0.062"
"2014-12-15";"J02M0";"A1100";"P1D_L";"ZZ";"-0.077"
"2014-12-16";"J02M0";"A1100";"P1D_L";"ZZ";"-0.081"
"2014-12-17";"J02M0";"A1100";"P1D_L";"ZZ";"-0.091"
"2014-12-18";"J02M0";"A1100";"P1D_L";"ZZ";"-0.182"
"2014-12-19";"J02M0";"A1100";"P1D_L";"ZZ";"-0.196"
"2014-12-22";"J02M0";"A1100";"P1D_L";"ZZ";"-0.223"
"2014-12-23";"J02M0";"A1100";"P1D_L";"ZZ";"-0.219"
"2014-12-24";"J02M0";"A1100";"P1D_L";"ZZ";
"2014-12-25";"J02M0";"A1100";"P1D_L";"ZZ";
"2014-12-26";"J02M0";"A1100";"P1D_L";"ZZ";
"2014-12-29";"J02M0";"A1100";"P1D_L";"ZZ";"-0.249"
"2014-12-30";"J02M0";"A1100";"P1D_L";"ZZ";"-0.259"
"2014-12-31";"J02M0";"A1100";"P1D_L";"ZZ";
"2015-01-01";"J02M0";"A1100";"P1D_L";"ZZ";
"2015-01-02";"J02M0";"A1100";"P1D_L";"ZZ";
"2015-01-05";"J02M0";"A1100";"P1D_L";"ZZ";"-0.287"
"2015-01-06";"J02M0";"A1100";"P1D_L";"ZZ";"-0.259"
"2015-01-07";"J02M0";"A1100";"P1D_L";"ZZ";"-0.298"
"2015-01-08";"J02M0";"A1100";"P1D_L";"ZZ";"-0.285"
"2015-01-09";"J02M0";"A1100";"P1D_L";"ZZ";"-0.304"
"2015-01-12";"J02M0";"A1100";"P1D_L";"ZZ";"-0.331"
"2015-01-13";"J02M0";"A1100";"P1D_L";"ZZ";"-0.329"
"2015-01-14";"J02M0";"A1100";"P1D_L";"ZZ";"-0.344"
"2015-01-15";"J02M0";"A1100";"P1D_L";"ZZ";"-0.357"
"2015-01-16";"J02M0";"A1100";"P1D_L";"ZZ";"-0.608"
"2015-01-19";"J02M0";"A1100";"P1D_L";"ZZ";"-0.738"
"2015-01-20";"J02M0";"A1100";"P1D_L";"ZZ";"-0.848"
"2015-01-21";"J02M0";"A1100";"P1D_L";"ZZ";"-0.835"
"2015-01-22";"J02M0";"A1100";"P1D_L";"ZZ";"-0.897"
"2015-01-23";"J02M0";"A1100";"P1D_L";"ZZ";"-1.138"
"2015-01-26";"J02M0";"A1100";"P1D_L";"ZZ";"-1.163"
"2015-01-27";"J02M0";"A1100";"P1D_L";"ZZ";"-0.919"
"2015-01-28";"J02M0";"A1100";"P1D_L";"ZZ";"-0.812"
"2015-01-29";"J02M0";"A1100";"P1D_L";"ZZ";"-0.806"
"2015-01-30";"J02M0";"A1100";"P1D_L";"ZZ";"-0.702"
"2015-02-02";"J02M0";"A1100";"P1D_L";"ZZ";"-0.777"
"2015-02-03";"J02M0";"A1100";"P1D_L";"ZZ";"-0.915"
"2015-02-04";"J02M0";"A1100";"P1D_L";"ZZ";"-0.839"
"2015-02-05";"J02M0";"A1100";"P1D_L";"ZZ";"-0.867"
"2015-02-06";"J02M0";"A1100";"P1D_L";"ZZ";"-0.873"
"2015-02-09";"J02M0";"A1100";"P1D_L";"ZZ";"-0.886"
"2015-02-10";"J02M0";"A1100";"P1D_L";"ZZ";"-0.929"
"2015-02-11";"J02M0";"A1100";"P1D_L";"ZZ";"-0.933"
"2015-02-12";"J02M0";"A1100";"P1D_L";"ZZ";"-0.89"
"2015-02-13";"J02M0";"A1100";"P1D_L";"ZZ";"-0.954"
"2015-02-16";"J02M0";"A1100";"P1D_L";"ZZ";"-0.971"
"2015-02-17";"J02M0";"A1100";"P1D_L";"ZZ";"-0.971"
"2015-02-18";"J02M0";"A1100";"P1D_L";"ZZ";"-0.871"
"2015-02-19";"J02M0";"A1100";"P1D_L";"ZZ";"-0.872"
"2015-02-20";"J02M0";"A1100";"P1D_L";"ZZ";"-0.895"
"2015-02-23";"J02M0";"A1100";"P1D_L";"ZZ";"-0.89"
"2015-02-24";"J02M0";"A1100";"P1D_L";"ZZ";"-0.838"
"2015-02-25";"J02M0";"A1100";"P1D_L";"ZZ";"-0.803"
"2015-02-26";"J02M0";"A1100";"P1D_L";"ZZ";"-0.779"
"2015-02-27";"J02M0";"A1100";"P1D_L";"ZZ";"-0.8"
"2015-03-02";"J02M0";"A1100";"P1D_L";"ZZ";"-0.831"
"2015-03-03";"J02M0";"A1100";"P1D_L";"ZZ";"-0.813"
"2015-03-04";"J02M0";"A1100";"P1D_L";"ZZ";"-0.798"
"2015-03-05";"J02M0";"A1100";"P1D_L";"ZZ";"-0.758"
"2015-03-06";"J02M0";"A1100";"P1D_L";"ZZ";"-0.681"
"2015-03-09";"J02M0";"A1100";"P1D_L";"ZZ";"-0.709"
"2015-03-10";"J02M0";"A1100";"P1D_L";"ZZ";"-0.751"
"2015-03-11";"J02M0";"A1100";"P1D_L";"ZZ";"-0.765"
"2015-03-12";"J02M0";"A1100";"P1D_L";"ZZ";"-0.775"
"2015-03-13";"J02M0";"A1100";"P1D_L";"ZZ";"-0.713"
"2015-03-16";"J02M0";"A1100";"P1D_L";"ZZ";"-0.74"
"2015-03-17";"J02M0";"A1100";"P1D_L";"ZZ";"-0.736"
"2015-03-18";"J02M0";"A1100";"P1D_L";"ZZ";"-0.74"
"2015-03-19";"J02M0";"A1100";"P1D_L";"ZZ";"-0.74"
"2015-03-20";"J02M0";"A1100";"P1D_L";"ZZ";"-0.711"
"2015-03-23";"J02M0";"A1100";"P1D_L";"ZZ";"-0.739"
"2015-03-24";"J02M0";"A1100";"P1D_L";"ZZ";"-0.746"
"2015-03-25";"J02M0";"A1100";"P1D_L";"ZZ";"-0.755"
"2015-03-26";"J02M0";"A1100";"P1D_L";"ZZ";"-0.727"
"2015-03-27";"J02M0";"A1100";"P1D_L";"ZZ";"-0.734"
"2015-03-30";"J02M0";"A1100";"P1D_L";"ZZ";"-0.784"
"2015-03-31";"J02M0";"A1100";"P1D_L";"ZZ";"-0.795"
"2015-04-01";"J02M0";"A1100";"P1D_L";"ZZ";"-0.743"
"2015-04-02";"J02M0";"A1100";"P1D_L";"ZZ";"-0.729"
"2015-04-03";"J02M0";"A1100";"P1D_L";"ZZ";
"2015-04-06";"J02M0";"A1100";"P1D_L";"ZZ";
"2015-04-07";"J02M0";"A1100";"P1D_L";"ZZ";"-0.765"
"2015-04-08";"J02M0";"A1100";"P1D_L";"ZZ";"-0.76"
"2015-04-09";"J02M0";"A1100";"P1D_L";"ZZ";"-0.768"
"2015-04-10";"J02M0";"A1100";"P1D_L";"ZZ";"-0.76"
"2015-04-13";"J02M0";"A1100";"P1D_L";"ZZ";"-0.782"
"2015-04-14";"J02M0";"A1100";"P1D_L";"ZZ";"-0.814"
"2015-04-15";"J02M0";"A1100";"P1D_L";"ZZ";"-0.8"
"2015-04-16";"J02M0";"A1100";"P1D_L";"ZZ";"-0.802"
"2015-04-17";"J02M0";"A1100";"P1D_L";"ZZ";"-0.808"
"2015-04-20";"J02M0";"A1100";"P1D_L";"ZZ";"-0.85"
"2015-04-21";"J02M0";"A1100";"P1D_L";"ZZ";"-0.862"
"2015-04-22";"J02M0";"A1100";"P1D_L";"ZZ";"-0.87"
"2015-04-23";"J02M0";"A1100";"P1D_L";"ZZ";"-0.872"
"2015-04-24";"J02M0";"A1100";"P1D_L";"ZZ";"-0.864"
"2015-04-27";"J02M0";"A1100";"P1D_L";"ZZ";"-0.869"
"2015-04-28";"J02M0";"A1100";"P1D_L";"ZZ";"-0.866"
"2015-04-29";"J02M0";"A1100";"P1D_L";"ZZ";"-0.829"
"2015-04-30";"J02M0";"A1100";"P1D_L";"ZZ";"-0.774"
"2015-05-01";"J02M0";"A1100";"P1D_L";"ZZ";
"2015-05-04";"J02M0";"A1100";"P1D_L";"ZZ";"-0.783"
"2015-05-05";"J02M0";"A1100";"P1D_L";"ZZ";"-0.782"
"2015-05-06";"J02M0";"A1100";"P1D_L";"ZZ";"-0.765"
"2015-05-07";"J02M0";"A1100";"P1D_L";"ZZ";"-0.738"
"2015-05-08";"J02M0";"A1100";"P1D_L";"ZZ";"-0.722"
"2015-05-11";"J02M0";"A1100";"P1D_L";"ZZ";"-0.752"
"2015-05-12";"J02M0";"A1100";"P1D_L";"ZZ";"-0.752"
"2015-05-13";"J02M0";"A1100";"P1D_L";"ZZ";"-0.742"
"2015-05-14";"J02M0";"A1100";"P1D_L";"ZZ";
"2015-05-15";"J02M0";"A1100";"P1D_L";"ZZ";"-0.746"
"2015-05-18";"J02M0";"A1100";"P1D_L";"ZZ";"-0.765"
"2015-05-19";"J02M0";"A1100";"P1D_L";"ZZ";"-0.751"
"2015-05-20";"J02M0";"A1100";"P1D_L";"ZZ";"-0.78"
"2015-05-21";"J02M0";"A1100";"P1D_L";"ZZ";"-0.764"
"2015-05-22";"J02M0";"A1100";"P1D_L";"ZZ";"-0.785"
"2015-05-25";"J02M0";"A1100";"P1D_L";"ZZ";
"2015-05-26";"J02M0";"A1100";"P1D_L";"ZZ";"-0.808"
"2015-05-27";"J02M0";"A1100";"P1D_L";"ZZ";"-0.804"
"2015-05-28";"J02M0";"A1100";"P1D_L";"ZZ";"-0.815"
"2015-05-29";"J02M0";"A1100";"P1D_L";"ZZ";"-0.811"
"2015-06-01";"J02M0";"A1100";"P1D_L";"ZZ";"-0.837"
"2015-06-02";"J02M0";"A1100";"P1D_L";"ZZ";"-0.857"
"2015-06-03";"J02M0";"A1100";"P1D_L";"ZZ";"-0.842"
"2015-06-04";"J02M0";"A1100";"P1D_L";"ZZ";"-0.762"
"2015-06-05";"J02M0";"A1100";"P1D_L";"ZZ";"-0.784"
"2015-06-08";"J02M0";"A1100";"P1D_L";"ZZ";"-0.783"
"2015-06-09";"J02M0";"A1100";"P1D_L";"ZZ";"-0.793"
"2015-06-10";"J02M0";"A1100";"P1D_L";"ZZ";"-0.794"
"2015-06-11";"J02M0";"A1100";"P1D_L";"ZZ";"-0.79"
"2015-06-12";"J02M0";"A1100";"P1D_L";"ZZ";"-0.808"
"2015-06-15";"J02M0";"A1100";"P1D_L";"ZZ";"-0.837"
"2015-06-16";"J02M0";"A1100";"P1D_L";"ZZ";"-0.851"
"2015-06-17";"J02M0";"A1100";"P1D_L";"ZZ";"-0.867"
"2015-06-18";"J02M0";"A1100";"P1D_L";"ZZ";"-0.847"
"2015-06-19";"J02M0";"A1100";"P1D_L";"ZZ";"-0.869"
"2015-06-22";"J02M0";"A1100";"P1D_L";"ZZ";"-0.845"
"2015-06-23";"J02M0";"A1100";"P1D_L";"ZZ";"-0.849"
"2015-06-24";"J02M0";"A1100";"P1D_L";"ZZ";"-0.842"
"2015-06-25";"J02M0";"A1100";"P1D_L";"ZZ";"-0.84"
"2015-06-26";"J02M0";"A1100";"P1D_L";"ZZ";"-0.822"
"2015-06-29";"J02M0";"A1100";"P1D_L";"ZZ";"-0.888"
"2015-06-30";"J02M0";"A1100";"P1D_L";"ZZ";"-0.879"
"2015-07-01";"J02M0";"A1100";"P1D_L";"ZZ";"-0.892"
"2015-07-02";"J02M0";"A1100";"P1D_L";"ZZ";"-0.865"
"2015-07-03";"J02M0";"A1100";"P1D_L";"ZZ";"-0.867"
"2015-07-06";"J02M0";"A1100";"P1D_L";"ZZ";"-0.899"
"2015-07-07";"J02M0";"A1100";"P1D_L";"ZZ";"-0.91"
"2015-07-08";"J02M0";"A1100";"P1D_L";"ZZ";"-0.916"
"2015-07-09";"J02M0";"A1100";"P1D_L";"ZZ";"-0.913"
"2015-07-10";"J02M0";"A1100";"P1D_L";"ZZ";"-0.868"
"2015-07-13";"J02M0";"A1100";"P1D_L";"ZZ";"-0.802"
"2015-07-14";"J02M0";"A1100";"P1D_L";"ZZ";"-0.844"
"2015-07-15";"J02M0";"A1100";"P1D_L";"ZZ";"-0.829"
"2015-07-16";"J02M0";"A1100";"P1D_L";"ZZ";"-0.818"
"2015-07-17";"J02M0";"A1100";"P1D_L";"ZZ";"-0.803"
"2015-07-20";"J02M0";"A1100";"P1D_L";"ZZ";"-0.787"
"2015-07-21";"J02M0";"A1100";"P1D_L";"ZZ";"-0.799"
"2015-07-22";"J02M0";"A1100";"P1D_L";"ZZ";"-0.782"
"2015-07-23";"J02M0";"A1100";"P1D_L";"ZZ";"-0.785"
"2015-07-24";"J02M0";"A1100";"P1D_L";"ZZ";"-0.796"
"2015-07-27";"J02M0";"A1100";"P1D_L";"ZZ";"-0.801"
"2015-07-28";"J02M0";"A1100";"P1D_L";"ZZ";"-0.799"
"2015-07-29";"J02M0";"A1100";"P1D_L";"ZZ";"-0.792"
"2015-07-30";"J02M0";"A1100";"P1D_L";"ZZ";"-0.79"
"2015-07-31";"J02M0";"A1100";"P1D_L";"ZZ";"-0.795"
"2015-08-03";"J02M0";"A1100";"P1D_L";"ZZ";"-0.799"
"2015-08-04";"J02M0";"A1100";"P1D_L";"ZZ";"-0.821"
"2015-08-05";"J02M0";"A1100";"P1D_L";"ZZ";"-0.803"
"2015-08-06";"J02M0";"A1100";"P1D_L";"ZZ";"-0.781"
"2015-08-07";"J02M0";"A1100";"P1D_L";"ZZ";"-0.8"
"2015-08-10";"J02M0";"A1100";"P1D_L";"ZZ";"-0.8"
"2015-08-11";"J02M0";"A1100";"P1D_L";"ZZ";"-0.8"
"2015-08-12";"J02M0";"A1100";"P1D_L";"ZZ";"-0.816"
"2015-08-13";"J02M0";"A1100";"P1D_L";"ZZ";"-0.801"
"2015-08-14";"J02M0";"A1100";"P1D_L";"ZZ";"-0.8"
"2015-08-17";"J02M0";"A1100";"P1D_L";"ZZ";"-0.813"
"2015-08-18";"J02M0";"A1100";"P1D_L";"ZZ";"-0.798"
"2015-08-19";"J02M0";"A1100";"P1D_L";"ZZ";"-0.809"
"2015-08-20";"J02M0";"A1100";"P1D_L";"ZZ";"-0.794"
"2015-08-21";"J02M0";"A1100";"P1D_L";"ZZ";"-0.799"
"2015-08-24";"J02M0";"A1100";"P1D_L";"ZZ";"-0.821"
"2015-08-25";"J02M0";"A1100";"P1D_L";"ZZ";"-0.79"
"2015-08-26";"J02M0";"A1100";"P1D_L";"ZZ";"-0.775"
"2015-08-27";"J02M0";"A1100";"P1D_L";"ZZ";"-0.749"
"2015-08-28";"J02M0";"A1100";"P1D_L";"ZZ";"-0.76"
"2015-08-31";"J02M0";"A1100";"P1D_L";"ZZ";"-0.757"
"2015-09-01";"J02M0";"A1100";"P1D_L";"ZZ";"-0.74"
"2015-09-02";"J02M0";"A1100";"P1D_L";"ZZ";"-0.737"
"2015-09-03";"J02M0";"A1100";"P1D_L";"ZZ";"-0.738"
"2015-09-04";"J02M0";"A1100";"P1D_L";"ZZ";"-0.756"
"2015-09-07";"J02M0";"A1100";"P1D_L";"ZZ";"-0.762"
"2015-09-08";"J02M0";"A1100";"P1D_L";"ZZ";"-0.759"
"2015-09-09";"J02M0";"A1100";"P1D_L";"ZZ";"-0.766"
"2015-09-10";"J02M0";"A1100";"P1D_L";"ZZ";"-0.764"
"2015-09-11";"J02M0";"A1100";"P1D_L";"ZZ";"-0.758"
"2015-09-14";"J02M0";"A1100";"P1D_L";"ZZ";"-0.762"
"2015-09-15";"J02M0";"A1100";"P1D_L";"ZZ";"-0.771"
"2015-09-16";"J02M0";"A1100";"P1D_L";"ZZ";"-0.74"
"2015-09-17";"J02M0";"A1100";"P1D_L";"ZZ";"-0.721"
"2015-09-18";"J02M0";"A1100";"P1D_L";"ZZ";"-0.744"
"2015-09-21";"J02M0";"A1100";"P1D_L";"ZZ";"-0.756"
"2015-09-22";"J02M0";"A1100";"P1D_L";"ZZ";"-0.76"
"2015-09-23";"J02M0";"A1100";"P1D_L";"ZZ";"-0.768"
"2015-09-24";"J02M0";"A1100";"P1D_L";"ZZ";"-0.759"
"2015-09-25";"J02M0";"A1100";"P1D_L";"ZZ";"-0.75"
"2015-09-28";"J02M0";"A1100";"P1D_L";"ZZ";"-0.772"
"2015-09-29";"J02M0";"A1100";"P1D_L";"ZZ";"-0.782"
"2015-09-30";"J02M0";"A1100";"P1D_L";"ZZ";"-0.795"
"2015-10-01";"J02M0";"A1100";"P1D_L";"ZZ";"-0.803"
"2015-10-02";"J02M0";"A1100";"P1D_L";"ZZ";"-0.797"
"2015-10-05";"J02M0";"A1100";"P1D_L";"ZZ";"-0.829"
"2015-10-06";"J02M0";"A1100";"P1D_L";"ZZ";"-0.812"
"2015-10-07";"J02M0";"A1100";"P1D_L";"ZZ";"-0.8"
"2015-10-08";"J02M0";"A1100";"P1D_L";"ZZ";"-0.803"
"2015-10-09";"J02M0";"A1100";"P1D_L";"ZZ";"-0.792"
"2015-10-12";"J02M0";"A1100";"P1D_L";"ZZ";"-0.802"
"2015-10-13";"J02M0";"A1100";"P1D_L";"ZZ";"-0.801"
"2015-10-14";"J02M0";"A1100";"P1D_L";"ZZ";"-0.801"
"2015-10-15";"J02M0";"A1100";"P1D_L";"ZZ";"-0.814"
"2015-10-16";"J02M0";"A1100";"P1D_L";"ZZ";"-0.809"
"2015-10-19";"J02M0";"A1100";"P1D_L";"ZZ";"-0.812"
"2015-10-20";"J02M0";"A1100";"P1D_L";"ZZ";"-0.822"
"2015-10-21";"J02M0";"A1100";"P1D_L";"ZZ";"-0.825"
"2015-10-22";"J02M0";"A1100";"P1D_L";"ZZ";"-0.826"
"2015-10-23";"J02M0";"A1100";"P1D_L";"ZZ";"-0.864"
"2015-10-26";"J02M0";"A1100";"P1D_L";"ZZ";"-0.887"
"2015-10-27";"J02M0";"A1100";"P1D_L";"ZZ";"-0.898"
"2015-10-28";"J02M0";"A1100";"P1D_L";"ZZ";"-0.917"
"2015-10-29";"J02M0";"A1100";"P1D_L";"ZZ";"-0.91"
"2015-10-30";"J02M0";"A1100";"P1D_L";"ZZ";"-0.89"
"2015-11-02";"J02M0";"A1100";"P1D_L";"ZZ";"-0.881"
"2015-11-03";"J02M0";"A1100";"P1D_L";"ZZ";"-0.895"
"2015-11-04";"J02M0";"A1100";"P1D_L";"ZZ";"-0.889"
"2015-11-05";"J02M0";"A1100";"P1D_L";"ZZ";"-0.901"
"2015-11-06";"J02M0";"A1100";"P1D_L";"ZZ";"-0.939"
"2015-11-09";"J02M0";"A1100";"P1D_L";"ZZ";"-0.97"
"2015-11-10";"J02M0";"A1100";"P1D_L";"ZZ";"-1.005"
"2015-11-11";"J02M0";"A1100";"P1D_L";"ZZ";"-1.011"
"2015-11-12";"J02M0";"A1100";"P1D_L";"ZZ";"-1.026"
"2015-11-13";"J02M0";"A1100";"P1D_L";"ZZ";"-1.032"
"2015-11-16";"J02M0";"A1100";"P1D_L";"ZZ";"-1.044"
"2015-11-17";"J02M0";"A1100";"P1D_L";"ZZ";"-1.034"
"2015-11-18";"J02M0";"A1100";"P1D_L";"ZZ";"-1.041"
"2015-11-19";"J02M0";"A1100";"P1D_L";"ZZ";"-1.028"
"2015-11-20";"J02M0";"A1100";"P1D_L";"ZZ";"-1.031"
"2015-11-23";"J02M0";"A1100";"P1D_L";"ZZ";"-1.027"
"2015-11-24";"J02M0";"A1100";"P1D_L";"ZZ";"-1.031"
"2015-11-25";"J02M0";"A1100";"P1D_L";"ZZ";"-1.013"
"2015-11-26";"J02M0";"A1100";"P1D_L";"ZZ";"-1.028"
"2015-11-27";"J02M0";"A1100";"P1D_L";"ZZ";"-1.033"
"2015-11-30";"J02M0";"A1100";"P1D_L";"ZZ";"-1.048"
"2015-12-01";"J02M0";"A1100";"P1D_L";"ZZ";"-1.109"
"2015-12-02";"J02M0";"A1100";"P1D_L";"ZZ";"-1.149"
"2015-12-03";"J02M0";"A1100";"P1D_L";"ZZ";"-1.139"
"2015-12-04";"J02M0";"A1100";"P1D_L";"ZZ";"-0.981"
"2015-12-07";"J02M0";"A1100";"P1D_L";"ZZ";"-0.956"
"2015-12-08";"J02M0";"A1100";"P1D_L";"ZZ";"-0.957"
"2015-12-09";"J02M0";"A1100";"P1D_L";"ZZ";"-1"
"2015-12-10";"J02M0";"A1100";"P1D_L";"ZZ";"-0.935"
"2015-12-11";"J02M0";"A1100";"P1D_L";"ZZ";"-0.906"
"2015-12-14";"J02M0";"A1100";"P1D_L";"ZZ";"-0.896"
"2015-12-15";"J02M0";"A1100";"P1D_L";"ZZ";"-0.875"
"2015-12-16";"J02M0";"A1100";"P1D_L";"ZZ";"-0.853"
"2015-12-17";"J02M0";"A1100";"P1D_L";"ZZ";"-0.862"
"2015-12-18";"J02M0";"A1100";"P1D_L";"ZZ";"-0.845"
"2015-12-21";"J02M0";"A1100";"P1D_L";"ZZ";"-0.858"
"2015-12-22";"J02M0";"A1100";"P1D_L";"ZZ";"-0.85"
"2015-12-23";"J02M0";"A1100";"P1D_L";"ZZ";"-0.821"
"2015-12-24";"J02M0";"A1100";"P1D_L";"ZZ";
"2015-12-25";"J02M0";"A1100";"P1D_L";"ZZ";
"2015-12-28";"J02M0";"A1100";"P1D_L";"ZZ";"-0.812"
"2015-12-29";"J02M0";"A1100";"P1D_L";"ZZ";"-0.809"
"2015-12-30";"J02M0";"A1100";"P1D_L";"ZZ";"-0.786"
"2015-12-31";"J02M0";"A1100";"P1D_L";"ZZ";
"2016-01-01";"J02M0";"A1100";"P1D_L";"ZZ";
"2016-01-04";"J02M0";"A1100";"P1D_L";"ZZ";"-0.794"
"2016-01-05";"J02M0";"A1100";"P1D_L";"ZZ";"-0.797"
"2016-01-06";"J02M0";"A1100";"P1D_L";"ZZ";"-0.825"
"2016-01-07";"J02M0";"A1100";"P1D_L";"ZZ";"-0.841"
"2016-01-08";"J02M0";"A1100";"P1D_L";"ZZ";"-0.804"
"2016-01-11";"J02M0";"A1100";"P1D_L";"ZZ";"-0.833"
"2016-01-12";"J02M0";"A1100";"P1D_L";"ZZ";"-0.823"
"2016-01-13";"J02M0";"A1100";"P1D_L";"ZZ";"-0.834"
"2016-01-14";"J02M0";"A1100";"P1D_L";"ZZ";"-0.846"
"2016-01-15";"J02M0";"A1100";"P1D_L";"ZZ";"-0.857"
"2016-01-18";"J02M0";"A1100";"P1D_L";"ZZ";"-0.858"
"2016-01-19";"J02M0";"A1100";"P1D_L";"ZZ";"-0.859"
"2016-01-20";"J02M0";"A1100";"P1D_L";"ZZ";"-0.872"
"2016-01-21";"J02M0";"A1100";"P1D_L";"ZZ";"-0.867"
"2016-01-22";"J02M0";"A1100";"P1D_L";"ZZ";"-0.883"
"2016-01-25";"J02M0";"A1100";"P1D_L";"ZZ";"-0.894"
"2016-01-26";"J02M0";"A1100";"P1D_L";"ZZ";"-0.919"
"2016-01-27";"J02M0";"A1100";"P1D_L";"ZZ";"-0.899"
"2016-01-28";"J02M0";"A1100";"P1D_L";"ZZ";"-0.871"
"2016-01-29";"J02M0";"A1100";"P1D_L";"ZZ";"-0.88"
"2016-02-01";"J02M0";"A1100";"P1D_L";"ZZ";"-0.909"
"2016-02-02";"J02M0";"A1100";"P1D_L";"ZZ";"-0.893"
"2016-02-03";"J02M0";"A1100";"P1D_L";"ZZ";"-0.91"
"2016-02-04";"J02M0";"A1100";"P1D_L";"ZZ";"-0.886"
"2016-02-05";"J02M0";"A1100";"P1D_L";"ZZ";"-0.89"
"2016-02-08";"J02M0";"A1100";"P1D_L";"ZZ";"-0.878"
"2016-02-09";"J02M0";"A1100";"P1D_L";"ZZ";"-0.913"
"2016-02-10";"J02M0";"A1100";"P1D_L";"ZZ";"-0.904"
"2016-02-11";"J02M0";"A1100";"P1D_L";"ZZ";"-0.943"
"2016-02-12";"J02M0";"A1100";"P1D_L";"ZZ";"-0.945"
"2016-02-15";"J02M0";"A1100";"P1D_L";"ZZ";"-0.93"
"2016-02-16";"J02M0";"A1100";"P1D_L";"ZZ";"-0.942"
"2016-02-17";"J02M0";"A1100";"P1D_L";"ZZ";"-0.965"
"2016-02-18";"J02M0";"A1100";"P1D_L";"ZZ";"-0.942"
"2016-02-19";"J02M0";"A1100";"P1D_L";"ZZ";"-0.942"
"2016-02-22";"J02M0";"A1100";"P1D_L";"ZZ";"-0.957"
"2016-02-23";"J02M0";"A1100";"P1D_L";"ZZ";"-0.986"
"2016-02-24";"J02M0";"A1100";"P1D_L";"ZZ";"-1.002"
"2016-02-25";"J02M0";"A1100";"P1D_L";"ZZ";"-1.006"
"2016-02-26";"J02M0";"A1100";"P1D_L";"ZZ";"-1.017"
"2016-02-29";"J02M0";"A1100";"P1D_L";"ZZ";"-1.027"
"2016-03-01";"J02M0";"A1100";"P1D_L";"ZZ";"-1.055"
"2016-03-02";"J02M0";"A1100";"P1D_L";"ZZ";"-1.027"
"2016-03-03";"J02M0";"A1100";"P1D_L";"ZZ";"-1.003"
"2016-03-04";"J02M0";"A1100";"P1D_L";"ZZ";"-1.012"
"2016-03-07";"J02M0";"A1100";"P1D_L";"ZZ";"-0.992"
"2016-03-08";"J02M0";"A1100";"P1D_L";"ZZ";"-1.006"
"2016-03-09";"J02M0";"A1100";"P1D_L";"ZZ";"-0.984"
"2016-03-10";"J02M0";"A1100";"P1D_L";"ZZ";"-0.978"
"2016-03-11";"J02M0";"A1100";"P1D_L";"ZZ";"-0.912"
"2016-03-14";"J02M0";"A1100";"P1D_L";"ZZ";"-0.901"
"2016-03-15";"J02M0";"A1100";"P1D_L";"ZZ";"-0.907"
"2016-03-16";"J02M0";"A1100";"P1D_L";"ZZ";"-0.887"
"2016-03-17";"J02M0";"A1100";"P1D_L";"ZZ";"-0.898"
"2016-03-18";"J02M0";"A1100";"P1D_L";"ZZ";"-0.892"
"2016-03-21";"J02M0";"A1100";"P1D_L";"ZZ";"-0.897"
"2016-03-22";"J02M0";"A1100";"P1D_L";"ZZ";"-0.905"
"2016-03-23";"J02M0";"A1100";"P1D_L";"ZZ";"-0.882"
"2016-03-24";"J02M0";"A1100";"P1D_L";"ZZ";"-0.876"
"2016-03-25";"J02M0";"A1100";"P1D_L";"ZZ";
"2016-03-28";"J02M0";"A1100";"P1D_L";"ZZ";
"2016-03-29";"J02M0";"A1100";"P1D_L";"ZZ";"-0.878"
"2016-03-30";"J02M0";"A1100";"P1D_L";"ZZ";"-0.867"
"2016-03-31";"J02M0";"A1100";"P1D_L";"ZZ";"-0.865"
"2016-04-01";"J02M0";"A1100";"P1D_L";"ZZ";"-0.856"
"2016-04-04";"J02M0";"A1100";"P1D_L";"ZZ";"-0.865"
"2016-04-05";"J02M0";"A1100";"P1D_L";"ZZ";"-0.867"
"2016-04-06";"J02M0";"A1100";"P1D_L";"ZZ";"-0.884"
"2016-04-07";"J02M0";"A1100";"P1D_L";"ZZ";"-0.872"
"2016-04-08";"J02M0";"A1100";"P1D_L";"ZZ";"-0.867"
"2016-04-11";"J02M0";"A1100";"P1D_L";"ZZ";"-0.864"
"2016-04-12";"J02M0";"A1100";"P1D_L";"ZZ";"-0.849"
"2016-04-13";"J02M0";"A1100";"P1D_L";"ZZ";"-0.852"
"2016-04-14";"J02M0";"A1100";"P1D_L";"ZZ";"-0.854"
"2016-04-15";"J02M0";"A1100";"P1D_L";"ZZ";"-0.855"
"2016-04-18";"J02M0";"A1100";"P1D_L";"ZZ";"-0.872"
"2016-04-19";"J02M0";"A1100";"P1D_L";"ZZ";"-0.871"
"2016-04-20";"J02M0";"A1100";"P1D_L";"ZZ";"-0.873"
"2016-04-21";"J02M0";"A1100";"P1D_L";"ZZ";"-0.865"
"2016-04-22";"J02M0";"A1100";"P1D_L";"ZZ";"-0.853"
"2016-04-25";"J02M0";"A1100";"P1D_L";"ZZ";"-0.827"
"2016-04-26";"J02M0";"A1100";"P1D_L";"ZZ";"-0.826"
"2016-04-27";"J02M0";"A1100";"P1D_L";"ZZ";"-0.825"
"2016-04-28";"J02M0";"A1100";"P1D_L";"ZZ";"-0.826"
"2016-04-29";"J02M0";"A1100";"P1D_L";"ZZ";"-0.809"
"2016-05-02";"J02M0";"A1100";"P1D_L";"ZZ";"-0.82"
"2016-05-03";"J02M0";"A1100";"P1D_L";"ZZ";"-0.819"
"2016-05-04";"J02M0";"A1100";"P1D_L";"ZZ";"-0.816"
"2016-05-05";"J02M0";"A1100";"P1D_L";"ZZ";
"2016-05-06";"J02M0";"A1100";"P1D_L";"ZZ";"-0.843"
"2016-05-09";"J02M0";"A1100";"P1D_L";"ZZ";"-0.85"
"2016-05-10";"J02M0";"A1100";"P1D_L";"ZZ";"-0.854"
"2016-05-11";"J02M0";"A1100";"P1D_L";"ZZ";"-0.851"
"2016-05-12";"J02M0";"A1100";"P1D_L";"ZZ";"-0.837"
"2016-05-13";"J02M0";"A1100";"P1D_L";"ZZ";"-0.82"
"2016-05-16";"J02M0";"A1100";"P1D_L";"ZZ";
"2016-05-17";"J02M0";"A1100";"P1D_L";"ZZ";"-0.85"
"2016-05-18";"J02M0";"A1100";"P1D_L";"ZZ";"-0.845"
"2016-05-19";"J02M0";"A1100";"P1D_L";"ZZ";"-0.82"
"2016-05-20";"J02M0";"A1100";"P1D_L";"ZZ";"-0.816"
"2016-05-23";"J02M0";"A1100";"P1D_L";"ZZ";"-0.832"
"2016-05-24";"J02M0";"A1100";"P1D_L";"ZZ";"-0.825"
"2016-05-25";"J02M0";"A1100";"P1D_L";"ZZ";"-0.816"
"2016-05-26";"J02M0";"A1100";"P1D_L";"ZZ";"-0.798"
"2016-05-27";"J02M0";"A1100";"P1D_L";"ZZ";"-0.822"
"2016-05-30";"J02M0";"A1100";"P1D_L";"ZZ";"-0.806"
"2016-05-31";"J02M0";"A1100";"P1D_L";"ZZ";"-0.804"
"2016-06-01";"J02M0";"A1100";"P1D_L";"ZZ";"-0.82"
"2016-06-02";"J02M0";"A1100";"P1D_L";"ZZ";"-0.807"
"2016-06-03";"J02M0";"A1100";"P1D_L";"ZZ";"-0.834"
"2016-06-06";"J02M0";"A1100";"P1D_L";"ZZ";"-0.851"
"2016-06-07";"J02M0";"A1100";"P1D_L";"ZZ";"-0.858"
"2016-06-08";"J02M0";"A1100";"P1D_L";"ZZ";"-0.874"
"2016-06-09";"J02M0";"A1100";"P1D_L";"ZZ";"-0.857"
"2016-06-10";"J02M0";"A1100";"P1D_L";"ZZ";"-0.907"
"2016-06-13";"J02M0";"A1100";"P1D_L";"ZZ";"-0.938"
"2016-06-14";"J02M0";"A1100";"P1D_L";"ZZ";"-0.951"
"2016-06-15";"J02M0";"A1100";"P1D_L";"ZZ";"-0.948"
"2016-06-16";"J02M0";"A1100";"P1D_L";"ZZ";"-0.98"
"2016-06-17";"J02M0";"A1100";"P1D_L";"ZZ";"-1.003"
"2016-06-20";"J02M0";"A1100";"P1D_L";"ZZ";"-0.946"
"2016-06-21";"J02M0";"A1100";"P1D_L";"ZZ";"-0.963"
"2016-06-22";"J02M0";"A1100";"P1D_L";"ZZ";"-0.953"
"2016-06-23";"J02M0";"A1100";"P1D_L";"ZZ";"-0.933"
"2016-06-24";"J02M0";"A1100";"P1D_L";"ZZ";"-0.952"
"2016-06-27";"J02M0";"A1100";"P1D_L";"ZZ";"-1.013"
"2016-06-28";"J02M0";"A1100";"P1D_L";"ZZ";"-0.998"
"2016-06-29";"J02M0";"A1100";"P1D_L";"ZZ";"-0.997"
"2016-06-30";"J02M0";"A1100";"P1D_L";"ZZ";"-0.998"
"2016-07-01";"J02M0";"A1100";"P1D_L";"ZZ";"-1.046"
"2016-07-04";"J02M0";"A1100";"P1D_L";"ZZ";"-1.057"
"2016-07-05";"J02M0";"A1100";"P1D_L";"ZZ";"-1.064"
"2016-07-06";"J02M0";"A1100";"P1D_L";"ZZ";"-1.061"
"2016-07-07";"J02M0";"A1100";"P1D_L";"ZZ";"-1.024"
"2016-07-08";"J02M0";"A1100";"P1D_L";"ZZ";"-1.026"
"2016-07-11";"J02M0";"A1100";"P1D_L";"ZZ";"-1.045"
"2016-07-12";"J02M0";"A1100";"P1D_L";"ZZ";"-1.048"
"2016-07-13";"J02M0";"A1100";"P1D_L";"ZZ";"-1.035"
"2016-07-14";"J02M0";"A1100";"P1D_L";"ZZ";"-0.976"
"2016-07-15";"J02M0";"A1100";"P1D_L";"ZZ";"-0.98"
"2016-07-18";"J02M0";"A1100";"P1D_L";"ZZ";"-0.956"
"2016-07-19";"J02M0";"A1100";"P1D_L";"ZZ";"-0.949"
"2016-07-20";"J02M0";"A1100";"P1D_L";"ZZ";"-0.947"
"2016-07-21";"J02M0";"A1100";"P1D_L";"ZZ";"-0.922"
"2016-07-22";"J02M0";"A1100";"P1D_L";"ZZ";"-0.919"
"2016-07-25";"J02M0";"A1100";"P1D_L";"ZZ";"-0.958"
"2016-07-26";"J02M0";"A1100";"P1D_L";"ZZ";"-0.938"
"2016-07-27";"J02M0";"A1100";"P1D_L";"ZZ";"-0.912"
"2016-07-28";"J02M0";"A1100";"P1D_L";"ZZ";"-0.902"
"2016-07-29";"J02M0";"A1100";"P1D_L";"ZZ";"-0.902"
"2016-08-01";"J02M0";"A1100";"P1D_L";"ZZ";
"2016-08-02";"J02M0";"A1100";"P1D_L";"ZZ";"-0.925"
"2016-08-03";"J02M0";"A1100";"P1D_L";"ZZ";"-0.907"
"2016-08-04";"J02M0";"A1100";"P1D_L";"ZZ";"-0.889"
"2016-08-05";"J02M0";"A1100";"P1D_L";"ZZ";"-0.894"
"2016-08-08";"J02M0";"A1100";"P1D_L";"ZZ";"-0.89"
"2016-08-09";"J02M0";"A1100";"P1D_L";"ZZ";"-0.887"
"2016-08-10";"J02M0";"A1100";"P1D_L";"ZZ";"-0.916"
"2016-08-11";"J02M0";"A1100";"P1D_L";"ZZ";"-0.899"
"2016-08-12";"J02M0";"A1100";"P1D_L";"ZZ";"-0.911"
"2016-08-15";"J02M0";"A1100";"P1D_L";"ZZ";"-0.906"
"2016-08-16";"J02M0";"A1100";"P1D_L";"ZZ";"-0.89"
"2016-08-17";"J02M0";"A1100";"P1D_L";"ZZ";"-0.887"
"2016-08-18";"J02M0";"A1100";"P1D_L";"ZZ";"-0.882"
"2016-08-19";"J02M0";"A1100";"P1D_L";"ZZ";"-0.892"
"2016-08-22";"J02M0";"A1100";"P1D_L";"ZZ";"-0.891"
"2016-08-23";"J02M0";"A1100";"P1D_L";"ZZ";"-0.895"
"2016-08-24";"J02M0";"A1100";"P1D_L";"ZZ";"-0.887"
"2016-08-25";"J02M0";"A1100";"P1D_L";"ZZ";"-0.879"
"2016-08-26";"J02M0";"A1100";"P1D_L";"ZZ";"-0.877"
"2016-08-29";"J02M0";"A1100";"P1D_L";"ZZ";"-0.879"
"2016-08-30";"J02M0";"A1100";"P1D_L";"ZZ";"-0.879"
"2016-08-31";"J02M0";"A1100";"P1D_L";"ZZ";"-0.865"
"2016-09-01";"J02M0";"A1100";"P1D_L";"ZZ";"-0.87"
"2016-09-02";"J02M0";"A1100";"P1D_L";"ZZ";"-0.874"
"2016-09-05";"J02M0";"A1100";"P1D_L";"ZZ";"-0.884"
"2016-09-06";"J02M0";"A1100";"P1D_L";"ZZ";"-0.891"
"2016-09-07";"J02M0";"A1100";"P1D_L";"ZZ";"-0.91"
"2016-09-08";"J02M0";"A1100";"P1D_L";"ZZ";"-0.878"
"2016-09-09";"J02M0";"A1100";"P1D_L";"ZZ";"-0.88"
"2016-09-12";"J02M0";"A1100";"P1D_L";"ZZ";"-0.858"
"2016-09-13";"J02M0";"A1100";"P1D_L";"ZZ";"-0.864"
"2016-09-14";"J02M0";"A1100";"P1D_L";"ZZ";"-0.871"
"2016-09-15";"J02M0";"A1100";"P1D_L";"ZZ";"-0.863"
"2016-09-16";"J02M0";"A1100";"P1D_L";"ZZ";"-0.869"
"2016-09-19";"J02M0";"A1100";"P1D_L";"ZZ";"-0.896"
"2016-09-20";"J02M0";"A1100";"P1D_L";"ZZ";"-0.865"
"2016-09-21";"J02M0";"A1100";"P1D_L";"ZZ";"-0.872"
"2016-09-22";"J02M0";"A1100";"P1D_L";"ZZ";"-0.884"
"2016-09-23";"J02M0";"A1100";"P1D_L";"ZZ";"-0.892"
"2016-09-26";"J02M0";"A1100";"P1D_L";"ZZ";"-0.904"
"2016-09-27";"J02M0";"A1100";"P1D_L";"ZZ";"-0.923"
"2016-09-28";"J02M0";"A1100";"P1D_L";"ZZ";"-0.917"
"2016-09-29";"J02M0";"A1100";"P1D_L";"ZZ";"-0.907"
"2016-09-30";"J02M0";"A1100";"P1D_L";"ZZ";"-0.92"
"2016-10-03";"J02M0";"A1100";"P1D_L";"ZZ";"-0.92"
"2016-10-04";"J02M0";"A1100";"P1D_L";"ZZ";"-0.914"
"2016-10-05";"J02M0";"A1100";"P1D_L";"ZZ";"-0.896"
"2016-10-06";"J02M0";"A1100";"P1D_L";"ZZ";"-0.892"
"2016-10-07";"J02M0";"A1100";"P1D_L";"ZZ";"-0.895"
"2016-10-10";"J02M0";"A1100";"P1D_L";"ZZ";"-0.758"
"2016-10-11";"J02M0";"A1100";"P1D_L";"ZZ";"-0.798"
"2016-10-12";"J02M0";"A1100";"P1D_L";"ZZ";"-0.792"
"2016-10-13";"J02M0";"A1100";"P1D_L";"ZZ";"-0.824"
"2016-10-14";"J02M0";"A1100";"P1D_L";"ZZ";"-0.778"
"2016-10-17";"J02M0";"A1100";"P1D_L";"ZZ";"-0.765"
"2016-10-18";"J02M0";"A1100";"P1D_L";"ZZ";"-0.794"
"2016-10-19";"J02M0";"A1100";"P1D_L";"ZZ";"-0.792"
"2016-10-20";"J02M0";"A1100";"P1D_L";"ZZ";"-0.785"
"2016-10-21";"J02M0";"A1100";"P1D_L";"ZZ";"-0.789"
"2016-10-24";"J02M0";"A1100";"P1D_L";"ZZ";"-0.79"
"2016-10-25";"J02M0";"A1100";"P1D_L";"ZZ";"-0.792"
"2016-10-26";"J02M0";"A1100";"P1D_L";"ZZ";"-0.792"
"2016-10-27";"J02M0";"A1100";"P1D_L";"ZZ";"-0.783"
"2016-10-28";"J02M0";"A1100";"P1D_L";"ZZ";"-0.784"
"2016-10-31";"J02M0";"A1100";"P1D_L";"ZZ";"-0.787"
"2016-11-01";"J02M0";"A1100";"P1D_L";"ZZ";"-0.783"
"2016-11-02";"J02M0";"A1100";"P1D_L";"ZZ";"-0.794"
"2016-11-03";"J02M0";"A1100";"P1D_L";"ZZ";"-0.783"
"2016-11-04";"J02M0";"A1100";"P1D_L";"ZZ";"-0.793"
"2016-11-07";"J02M0";"A1100";"P1D_L";"ZZ";"-0.801"
"2016-11-08";"J02M0";"A1100";"P1D_L";"ZZ";"-0.802"
"2016-11-09";"J02M0";"A1100";"P1D_L";"ZZ";"-0.8"
"2016-11-10";"J02M0";"A1100";"P1D_L";"ZZ";"-0.788"
"2016-11-11";"J02M0";"A1100";"P1D_L";"ZZ";"-0.779"
"2016-11-14";"J02M0";"A1100";"P1D_L";"ZZ";"-0.768"
"2016-11-15";"J02M0";"A1100";"P1D_L";"ZZ";"-0.763"
"2016-11-16";"J02M0";"A1100";"P1D_L";"ZZ";"-0.766"
"2016-11-17";"J02M0";"A1100";"P1D_L";"ZZ";"-0.768"
"2016-11-18";"J02M0";"A1100";"P1D_L";"ZZ";"-0.789"
"2016-11-21";"J02M0";"A1100";"P1D_L";"ZZ";"-0.787"
"2016-11-22";"J02M0";"A1100";"P1D_L";"ZZ";"-0.817"
"2016-11-23";"J02M0";"A1100";"P1D_L";"ZZ";"-0.815"
"2016-11-24";"J02M0";"A1100";"P1D_L";"ZZ";"-0.795"
"2016-11-25";"J02M0";"A1100";"P1D_L";"ZZ";"-0.829"
"2016-11-28";"J02M0";"A1100";"P1D_L";"ZZ";"-0.826"
"2016-11-29";"J02M0";"A1100";"P1D_L";"ZZ";"-0.823"
"2016-11-30";"J02M0";"A1100";"P1D_L";"ZZ";"-0.82"
"2016-12-01";"J02M0";"A1100";"P1D_L";"ZZ";"-0.804"
"2016-12-02";"J02M0";"A1100";"P1D_L";"ZZ";"-0.811"
"2016-12-05";"J02M0";"A1100";"P1D_L";"ZZ";"-0.806"
"2016-12-06";"J02M0";"A1100";"P1D_L";"ZZ";"-0.81"
"2016-12-07";"J02M0";"A1100";"P1D_L";"ZZ";"-0.801"
"2016-12-08";"J02M0";"A1100";"P1D_L";"ZZ";"-0.787"
"2016-12-09";"J02M0";"A1100";"P1D_L";"ZZ";"-0.792"
"2016-12-12";"J02M0";"A1100";"P1D_L";"ZZ";"-0.787"
"2016-12-13";"J02M0";"A1100";"P1D_L";"ZZ";"-0.799"
"2016-12-14";"J02M0";"A1100";"P1D_L";"ZZ";"-0.811"
"2016-12-15";"J02M0";"A1100";"P1D_L";"ZZ";"-0.768"
"2016-12-16";"J02M0";"A1100";"P1D_L";"ZZ";"-0.783"
"2016-12-19";"J02M0";"A1100";"P1D_L";"ZZ";"-0.784"
"2016-12-20";"J02M0";"A1100";"P1D_L";"ZZ";"-0.796"
"2016-12-21";"J02M0";"A1100";"P1D_L";"ZZ";"-0.785"
"2016-12-22";"J02M0";"A1100";"P1D_L";"ZZ";"-0.772"
"2016-12-23";"J02M0";"A1100";"P1D_L";"ZZ";"-0.788"
"2016-12-26";"J02M0";"A1100";"P1D_L";"ZZ";
"2016-12-27";"J02M0";"A1100";"P1D_L";"ZZ";"-0.797"
"2016-12-28";"J02M0";"A1100";"P1D_L";"ZZ";"-0.805"
"2016-12-29";"J02M0";"A1100";"P1D_L";"ZZ";"-0.779"
"2016-12-30";"J02M0";"A1100";"P1D_L";"ZZ";"-0.793"
"2017-01-02";"J02M0";"A1100";"P1D_L";"ZZ";
"2017-01-03";"J02M0";"A1100";"P1D_L";"ZZ";"-0.796"
"2017-01-04";"J02M0";"A1100";"P1D_L";"ZZ";"-0.824"
"2017-01-05";"J02M0";"A1100";"P1D_L";"ZZ";"-0.814"
"2017-01-06";"J02M0";"A1100";"P1D_L";"ZZ";"-0.827"
"2017-01-09";"J02M0";"A1100";"P1D_L";"ZZ";"-0.835"
"2017-01-10";"J02M0";"A1100";"P1D_L";"ZZ";"-0.829"
"2017-01-11";"J02M0";"A1100";"P1D_L";"ZZ";"-0.823"
"2017-01-12";"J02M0";"A1100";"P1D_L";"ZZ";"-0.815"
"2017-01-13";"J02M0";"A1100";"P1D_L";"ZZ";"-0.818"
"2017-01-16";"J02M0";"A1100";"P1D_L";"ZZ";"-0.825"
"2017-01-17";"J02M0";"A1100";"P1D_L";"ZZ";"-0.821"
"2017-01-18";"J02M0";"A1100";"P1D_L";"ZZ";"-0.823"
"2017-01-19";"J02M0";"A1100";"P1D_L";"ZZ";"-0.785"
"2017-01-20";"J02M0";"A1100";"P1D_L";"ZZ";"-0.802"
"2017-01-23";"J02M0";"A1100";"P1D_L";"ZZ";"-0.806"
"2017-01-24";"J02M0";"A1100";"P1D_L";"ZZ";"-0.806"
"2017-01-25";"J02M0";"A1100";"P1D_L";"ZZ";"-0.82"
"2017-01-26";"J02M0";"A1100";"P1D_L";"ZZ";"-0.808"
"2017-01-27";"J02M0";"A1100";"P1D_L";"ZZ";"-0.817"
"2017-01-30";"J02M0";"A1100";"P1D_L";"ZZ";"-0.831"
"2017-01-31";"J02M0";"A1100";"P1D_L";"ZZ";"-0.835"
"2017-02-01";"J02M0";"A1100";"P1D_L";"ZZ";"-0.803"
"2017-02-02";"J02M0";"A1100";"P1D_L";"ZZ";"-0.797"
"2017-02-03";"J02M0";"A1100";"P1D_L";"ZZ";"-0.811"
"2017-02-06";"J02M0";"A1100";"P1D_L";"ZZ";"-0.731"
"2017-02-07";"J02M0";"A1100";"P1D_L";"ZZ";"-0.849"
"2017-02-08";"J02M0";"A1100";"P1D_L";"ZZ";"-0.84"
"2017-02-09";"J02M0";"A1100";"P1D_L";"ZZ";"-0.832"
"2017-02-10";"J02M0";"A1100";"P1D_L";"ZZ";"-0.831"
"2017-02-13";"J02M0";"A1100";"P1D_L";"ZZ";"-0.857"
"2017-02-14";"J02M0";"A1100";"P1D_L";"ZZ";"-0.835"
"2017-02-15";"J02M0";"A1100";"P1D_L";"ZZ";"-0.84"
"2017-02-16";"J02M0";"A1100";"P1D_L";"ZZ";"-0.841"
"2017-02-17";"J02M0";"A1100";"P1D_L";"ZZ";"-0.84"
"2017-02-20";"J02M0";"A1100";"P1D_L";"ZZ";"-0.851"
"2017-02-21";"J02M0";"A1100";"P1D_L";"ZZ";"-0.846"
"2017-02-22";"J02M0";"A1100";"P1D_L";"ZZ";"-0.844"
"2017-02-23";"J02M0";"A1100";"P1D_L";"ZZ";"-0.861"
"2017-02-24";"J02M0";"A1100";"P1D_L";"ZZ";"-0.863"
"2017-02-27";"J02M0";"A1100";"P1D_L";"ZZ";"-0.873"
"2017-02-28";"J02M0";"A1100";"P1D_L";"ZZ";"-0.874"
"2017-03-01";"J02M0";"A1100";"P1D_L";"ZZ";"-0.863"
"2017-03-02";"J02M0";"A1100";"P1D_L";"ZZ";"-0.851"
"2017-03-03";"J02M0";"A1100";"P1D_L";"ZZ";"-0.861"
"2017-03-06";"J02M0";"A1100";"P1D_L";"ZZ";"-0.843"
"2017-03-07";"J02M0";"A1100";"P1D_L";"ZZ";"-0.828"
"2017-03-08";"J02M0";"A1100";"P1D_L";"ZZ";"-0.83"
"2017-03-09";"J02M0";"A1100";"P1D_L";"ZZ";"-0.832"
"2017-03-10";"J02M0";"A1100";"P1D_L";"ZZ";"-0.804"
"2017-03-13";"J02M0";"A1100";"P1D_L";"ZZ";"-0.799"
"2017-03-14";"J02M0";"A1100";"P1D_L";"ZZ";"-0.795"
"2017-03-15";"J02M0";"A1100";"P1D_L";"ZZ";"-0.809"
"2017-03-16";"J02M0";"A1100";"P1D_L";"ZZ";"-0.793"
"2017-03-17";"J02M0";"A1100";"P1D_L";"ZZ";"-0.777"
"2017-03-20";"J02M0";"A1100";"P1D_L";"ZZ";"-0.791"
"2017-03-21";"J02M0";"A1100";"P1D_L";"ZZ";"-0.767"
"2017-03-22";"J02M0";"A1100";"P1D_L";"ZZ";"-0.776"
"2017-03-23";"J02M0";"A1100";"P1D_L";"ZZ";"-0.767"
"2017-03-24";"J02M0";"A1100";"P1D_L";"ZZ";"-0.758"
"2017-03-27";"J02M0";"A1100";"P1D_L";"ZZ";"-0.773"
"2017-03-28";"J02M0";"A1100";"P1D_L";"ZZ";"-0.781"
"2017-03-29";"J02M0";"A1100";"P1D_L";"ZZ";"-0.78"
"2017-03-30";"J02M0";"A1100";"P1D_L";"ZZ";"-0.776"
"2017-03-31";"J02M0";"A1100";"P1D_L";"ZZ";"-0.773"
"2017-04-03";"J02M0";"A1100";"P1D_L";"ZZ";"-0.8"
"2017-04-04";"J02M0";"A1100";"P1D_L";"ZZ";"-0.787"
"2017-04-05";"J02M0";"A1100";"P1D_L";"ZZ";"-0.798"
"2017-04-06";"J02M0";"A1100";"P1D_L";"ZZ";"-0.795"
"2017-04-07";"J02M0";"A1100";"P1D_L";"ZZ";"-0.789"
"2017-04-10";"J02M0";"A1100";"P1D_L";"ZZ";"-0.814"
"2017-04-11";"J02M0";"A1100";"P1D_L";"ZZ";"-0.825"
"2017-04-12";"J02M0";"A1100";"P1D_L";"ZZ";"-0.811"
"2017-04-13";"J02M0";"A1100";"P1D_L";"ZZ";"-0.815"
"2017-04-14";"J02M0";"A1100";"P1D_L";"ZZ";
"2017-04-17";"J02M0";"A1100";"P1D_L";"ZZ";
"2017-04-18";"J02M0";"A1100";"P1D_L";"ZZ";"-0.836"
"2017-04-19";"J02M0";"A1100";"P1D_L";"ZZ";"-0.832"
"2017-04-20";"J02M0";"A1100";"P1D_L";"ZZ";"-0.823"
"2017-04-21";"J02M0";"A1100";"P1D_L";"ZZ";"-0.829"
"2017-04-24";"J02M0";"A1100";"P1D_L";"ZZ";"-0.805"
"2017-04-25";"J02M0";"A1100";"P1D_L";"ZZ";"-0.796"
"2017-04-26";"J02M0";"A1100";"P1D_L";"ZZ";"-0.776"
"2017-04-27";"J02M0";"A1100";"P1D_L";"ZZ";"-0.787"
"2017-04-28";"J02M0";"A1100";"P1D_L";"ZZ";"-0.772"
"2017-05-01";"J02M0";"A1100";"P1D_L";"ZZ";
"2017-05-02";"J02M0";"A1100";"P1D_L";"ZZ";"-0.786"
"2017-05-03";"J02M0";"A1100";"P1D_L";"ZZ";"-0.774"
"2017-05-04";"J02M0";"A1100";"P1D_L";"ZZ";"-0.778"
"2017-05-05";"J02M0";"A1100";"P1D_L";"ZZ";"-0.769"
"2017-05-08";"J02M0";"A1100";"P1D_L";"ZZ";"-0.768"
"2017-05-09";"J02M0";"A1100";"P1D_L";"ZZ";"-0.764"
"2017-05-10";"J02M0";"A1100";"P1D_L";"ZZ";"-0.743"
"2017-05-11";"J02M0";"A1100";"P1D_L";"ZZ";"-0.756"
"2017-05-12";"J02M0";"A1100";"P1D_L";"ZZ";"-0.753"
"2017-05-15";"J02M0";"A1100";"P1D_L";"ZZ";"-0.762"
"2017-05-16";"J02M0";"A1100";"P1D_L";"ZZ";"-0.757"
"2017-05-17";"J02M0";"A1100";"P1D_L";"ZZ";"-0.778"
"2017-05-18";"J02M0";"A1100";"P1D_L";"ZZ";"-0.788"
"2017-05-19";"J02M0";"A1100";"P1D_L";"ZZ";"-0.789"
"2017-05-22";"J02M0";"A1100";"P1D_L";"ZZ";"-0.788"
"2017-05-23";"J02M0";"A1100";"P1D_L";"ZZ";"-0.788"
"2017-05-24";"J02M0";"A1100";"P1D_L";"ZZ";"-0.772"
"2017-05-25";"J02M0";"A1100";"P1D_L";"ZZ";
"2017-05-26";"J02M0";"A1100";"P1D_L";"ZZ";"-0.772"
"2017-05-29";"J02M0";"A1100";"P1D_L";"ZZ";"-0.774"
"2017-05-30";"J02M0";"A1100";"P1D_L";"ZZ";"-0.788"
"2017-05-31";"J02M0";"A1100";"P1D_L";"ZZ";"-0.8"
"2017-06-01";"J02M0";"A1100";"P1D_L";"ZZ";"-0.79"
"2017-06-02";"J02M0";"A1100";"P1D_L";"ZZ";"-0.788"
"2017-06-05";"J02M0";"A1100";"P1D_L";"ZZ";
"2017-06-06";"J02M0";"A1100";"P1D_L";"ZZ";"-0.801"
"2017-06-07";"J02M0";"A1100";"P1D_L";"ZZ";"-0.797"
"2017-06-08";"J02M0";"A1100";"P1D_L";"ZZ";"-0.771"
"2017-06-09";"J02M0";"A1100";"P1D_L";"ZZ";"-0.819"
"2017-06-12";"J02M0";"A1100";"P1D_L";"ZZ";"-0.82"
"2017-06-13";"J02M0";"A1100";"P1D_L";"ZZ";"-0.834"
"2017-06-14";"J02M0";"A1100";"P1D_L";"ZZ";"-0.815"
"2017-06-15";"J02M0";"A1100";"P1D_L";"ZZ";"-0.81"
"2017-06-16";"J02M0";"A1100";"P1D_L";"ZZ";"-0.807"
"2017-06-19";"J02M0";"A1100";"P1D_L";"ZZ";"-0.811"
"2017-06-20";"J02M0";"A1100";"P1D_L";"ZZ";"-0.803"
"2017-06-21";"J02M0";"A1100";"P1D_L";"ZZ";"-0.805"
"2017-06-22";"J02M0";"A1100";"P1D_L";"ZZ";"-0.795"
"2017-06-23";"J02M0";"A1100";"P1D_L";"ZZ";"-0.787"
"2017-06-26";"J02M0";"A1100";"P1D_L";"ZZ";"-0.793"
"2017-06-27";"J02M0";"A1100";"P1D_L";"ZZ";"-0.793"
"2017-06-28";"J02M0";"A1100";"P1D_L";"ZZ";"-0.78"
"2017-06-29";"J02M0";"A1100";"P1D_L";"ZZ";"-0.76"
"2017-06-30";"J02M0";"A1100";"P1D_L";"ZZ";"-0.719"
"2017-07-03";"J02M0";"A1100";"P1D_L";"ZZ";"-0.738"
"2017-07-04";"J02M0";"A1100";"P1D_L";"ZZ";"-0.729"
"2017-07-05";"J02M0";"A1100";"P1D_L";"ZZ";"-0.732"
"2017-07-06";"J02M0";"A1100";"P1D_L";"ZZ";"-0.725"
"2017-07-07";"J02M0";"A1100";"P1D_L";"ZZ";"-0.743"
"2017-07-10";"J02M0";"A1100";"P1D_L";"ZZ";"-0.719"
"2017-07-11";"J02M0";"A1100";"P1D_L";"ZZ";"-0.712"
"2017-07-12";"J02M0";"A1100";"P1D_L";"ZZ";"-0.718"
"2017-07-13";"J02M0";"A1100";"P1D_L";"ZZ";"-0.707"
"2017-07-14";"J02M0";"A1100";"P1D_L";"ZZ";"-0.717"
"2017-07-17";"J02M0";"A1100";"P1D_L";"ZZ";"-0.705"
"2017-07-18";"J02M0";"A1100";"P1D_L";"ZZ";"-0.708"
"2017-07-19";"J02M0";"A1100";"P1D_L";"ZZ";"-0.703"
"2017-07-20";"J02M0";"A1100";"P1D_L";"ZZ";"-0.699"
"2017-07-21";"J02M0";"A1100";"P1D_L";"ZZ";"-0.706"
"2017-07-24";"J02M0";"A1100";"P1D_L";"ZZ";"-0.718"
"2017-07-25";"J02M0";"A1100";"P1D_L";"ZZ";"-0.718"
"2017-07-26";"J02M0";"A1100";"P1D_L";"ZZ";"-0.723"
"2017-07-27";"J02M0";"A1100";"P1D_L";"ZZ";"-0.72"
"2017-07-28";"J02M0";"A1100";"P1D_L";"ZZ";"-0.687"
"2017-07-31";"J02M0";"A1100";"P1D_L";"ZZ";"-0.698"
"2017-08-01";"J02M0";"A1100";"P1D_L";"ZZ";
"2017-08-02";"J02M0";"A1100";"P1D_L";"ZZ";"-0.704"
"2017-08-03";"J02M0";"A1100";"P1D_L";"ZZ";"-0.695"
"2017-08-04";"J02M0";"A1100";"P1D_L";"ZZ";"-0.709"
"2017-08-07";"J02M0";"A1100";"P1D_L";"ZZ";"-0.726"
"2017-08-08";"J02M0";"A1100";"P1D_L";"ZZ";"-0.727"
"2017-08-09";"J02M0";"A1100";"P1D_L";"ZZ";"-0.737"
"2017-08-10";"J02M0";"A1100";"P1D_L";"ZZ";"-0.742"
"2017-08-11";"J02M0";"A1100";"P1D_L";"ZZ";"-0.76"
"2017-08-14";"J02M0";"A1100";"P1D_L";"ZZ";"-0.755"
"2017-08-15";"J02M0";"A1100";"P1D_L";"ZZ";"-0.754"
"2017-08-16";"J02M0";"A1100";"P1D_L";"ZZ";"-0.749"
"2017-08-17";"J02M0";"A1100";"P1D_L";"ZZ";"-0.733"
"2017-08-18";"J02M0";"A1100";"P1D_L";"ZZ";"-0.733"
"2017-08-21";"J02M0";"A1100";"P1D_L";"ZZ";"-0.748"
"2017-08-22";"J02M0";"A1100";"P1D_L";"ZZ";"-0.741"
"2017-08-23";"J02M0";"A1100";"P1D_L";"ZZ";"-0.742"
"2017-08-24";"J02M0";"A1100";"P1D_L";"ZZ";"-0.734"
"2017-08-25";"J02M0";"A1100";"P1D_L";"ZZ";"-0.73"
"2017-08-28";"J02M0";"A1100";"P1D_L";"ZZ";"-0.736"
"2017-08-29";"J02M0";"A1100";"P1D_L";"ZZ";"-0.745"
"2017-08-30";"J02M0";"A1100";"P1D_L";"ZZ";"-0.749"
"2017-08-31";"J02M0";"A1100";"P1D_L";"ZZ";"-0.745"
"2017-09-01";"J02M0";"A1100";"P1D_L";"ZZ";"-0.756"
"2017-09-04";"J02M0";"A1100";"P1D_L";"ZZ";"-0.76"
"2017-09-05";"J02M0";"A1100";"P1D_L";"ZZ";"-0.746"
"2017-09-06";"J02M0";"A1100";"P1D_L";"ZZ";"-0.762"
"2017-09-07";"J02M0";"A1100";"P1D_L";"ZZ";"-0.763"
"2017-09-08";"J02M0";"A1100";"P1D_L";"ZZ";"-0.767"
"2017-09-11";"J02M0";"A1100";"P1D_L";"ZZ";"-0.736"
"2017-09-12";"J02M0";"A1100";"P1D_L";"ZZ";"-0.758"
"2017-09-13";"J02M0";"A1100";"P1D_L";"ZZ";"-0.764"
"2017-09-14";"J02M0";"A1100";"P1D_L";"ZZ";"-0.742"
"2017-09-15";"J02M0";"A1100";"P1D_L";"ZZ";"-0.738"
"2017-09-18";"J02M0";"A1100";"P1D_L";"ZZ";"-0.74"
"2017-09-19";"J02M0";"A1100";"P1D_L";"ZZ";"-0.734"
"2017-09-20";"J02M0";"A1100";"P1D_L";"ZZ";"-0.734"
"2017-09-21";"J02M0";"A1100";"P1D_L";"ZZ";"-0.711"
"2017-09-22";"J02M0";"A1100";"P1D_L";"ZZ";"-0.72"
"2017-09-25";"J02M0";"A1100";"P1D_L";"ZZ";"-0.737"
"2017-09-26";"J02M0";"A1100";"P1D_L";"ZZ";"-0.742"
"2017-09-27";"J02M0";"A1100";"P1D_L";"ZZ";"-0.744"
"2017-09-28";"J02M0";"A1100";"P1D_L";"ZZ";"-0.735"
"2017-09-29";"J02M0";"A1100";"P1D_L";"ZZ";"-0.737"
"2017-10-02";"J02M0";"A1100";"P1D_L";"ZZ";"-0.742"
"2017-10-03";"J02M0";"A1100";"P1D_L";"ZZ";"-0.736"
"2017-10-04";"J02M0";"A1100";"P1D_L";"ZZ";"-0.741"
"2017-10-05";"J02M0";"A1100";"P1D_L";"ZZ";"-0.729"
"2017-10-06";"J02M0";"A1100";"P1D_L";"ZZ";"-0.728"
"2017-10-09";"J02M0";"A1100";"P1D_L";"ZZ";"-0.742"
"2017-10-10";"J02M0";"A1100";"P1D_L";"ZZ";"-0.745"
"2017-10-11";"J02M0";"A1100";"P1D_L";"ZZ";"-0.741"
"2017-10-12";"J02M0";"A1100";"P1D_L";"ZZ";"-0.732"
"2017-10-13";"J02M0";"A1100";"P1D_L";"ZZ";"-0.724"
"2017-10-16";"J02M0";"A1100";"P1D_L";"ZZ";"-0.75"
"2017-10-17";"J02M0";"A1100";"P1D_L";"ZZ";"-0.748"
"2017-10-18";"J02M0";"A1100";"P1D_L";"ZZ";"-0.756"
"2017-10-19";"J02M0";"A1100";"P1D_L";"ZZ";"-0.746"
"2017-10-20";"J02M0";"A1100";"P1D_L";"ZZ";"-0.737"
"2017-10-23";"J02M0";"A1100";"P1D_L";"ZZ";"-0.743"
"2017-10-24";"J02M0";"A1100";"P1D_L";"ZZ";"-0.747"
"2017-10-25";"J02M0";"A1100";"P1D_L";"ZZ";"-0.743"
"2017-10-26";"J02M0";"A1100";"P1D_L";"ZZ";"-0.736"
"2017-10-27";"J02M0";"A1100";"P1D_L";"ZZ";"-0.767"
"2017-10-30";"J02M0";"A1100";"P1D_L";"ZZ";"-0.788"
"2017-10-31";"J02M0";"A1100";"P1D_L";"ZZ";"-0.779"
"2017-11-01";"J02M0";"A1100";"P1D_L";"ZZ";"-0.779"
"2017-11-02";"J02M0";"A1100";"P1D_L";"ZZ";"-0.771"
"2017-11-03";"J02M0";"A1100";"P1D_L";"ZZ";"-0.777"
"2017-11-06";"J02M0";"A1100";"P1D_L";"ZZ";"-0.79"
"2017-11-07";"J02M0";"A1100";"P1D_L";"ZZ";"-0.77"
"2017-11-08";"J02M0";"A1100";"P1D_L";"ZZ";"-0.782"
"2017-11-09";"J02M0";"A1100";"P1D_L";"ZZ";"-0.773"
"2017-11-10";"J02M0";"A1100";"P1D_L";"ZZ";"-0.771"
"2017-11-13";"J02M0";"A1100";"P1D_L";"ZZ";"-0.78"
"2017-11-14";"J02M0";"A1100";"P1D_L";"ZZ";"-0.779"
"2017-11-15";"J02M0";"A1100";"P1D_L";"ZZ";"-0.786"
"2017-11-16";"J02M0";"A1100";"P1D_L";"ZZ";"-0.784"
"2017-11-17";"J02M0";"A1100";"P1D_L";"ZZ";"-0.784"
"2017-11-20";"J02M0";"A1100";"P1D_L";"ZZ";"-0.79"
"2017-11-21";"J02M0";"A1100";"P1D_L";"ZZ";"-0.797"
"2017-11-22";"J02M0";"A1100";"P1D_L";"ZZ";"-0.787"
"2017-11-23";"J02M0";"A1100";"P1D_L";"ZZ";"-0.803"
"2017-11-24";"J02M0";"A1100";"P1D_L";"ZZ";"-0.849"
"2017-11-27";"J02M0";"A1100";"P1D_L";"ZZ";"-0.776"
"2017-11-28";"J02M0";"A1100";"P1D_L";"ZZ";"-0.789"
"2017-11-29";"J02M0";"A1100";"P1D_L";"ZZ";"-0.76"
"2017-11-30";"J02M0";"A1100";"P1D_L";"ZZ";"-0.753"
"2017-12-01";"J02M0";"A1100";"P1D_L";"ZZ";"-0.752"
"2017-12-04";"J02M0";"A1100";"P1D_L";"ZZ";"-0.775"
"2017-12-05";"J02M0";"A1100";"P1D_L";"ZZ";"-0.772"
"2017-12-06";"J02M0";"A1100";"P1D_L";"ZZ";"-0.787"
"2017-12-07";"J02M0";"A1100";"P1D_L";"ZZ";"-0.767"
"2017-12-08";"J02M0";"A1100";"P1D_L";"ZZ";"-0.78"
"2017-12-11";"J02M0";"A1100";"P1D_L";"ZZ";"-0.78"
"2017-12-12";"J02M0";"A1100";"P1D_L";"ZZ";"-0.775"
"2017-12-13";"J02M0";"A1100";"P1D_L";"ZZ";"-0.774"
"2017-12-14";"J02M0";"A1100";"P1D_L";"ZZ";"-0.769"
"2017-12-15";"J02M0";"A1100";"P1D_L";"ZZ";"-0.772"
"2017-12-18";"J02M0";"A1100";"P1D_L";"ZZ";"-0.788"
"2017-12-19";"J02M0";"A1100";"P1D_L";"ZZ";"-0.794"
"2017-12-20";"J02M0";"A1100";"P1D_L";"ZZ";"-0.782"
"2017-12-21";"J02M0";"A1100";"P1D_L";"ZZ";"-0.767"
"2017-12-22";"J02M0";"A1100";"P1D_L";"ZZ";"-0.752"
"2017-12-25";"J02M0";"A1100";"P1D_L";"ZZ";
"2017-12-26";"J02M0";"A1100";"P1D_L";"ZZ";
"2017-12-27";"J02M0";"A1100";"P1D_L";"ZZ";"-0.766"
"2017-12-28";"J02M0";"A1100";"P1D_L";"ZZ";"-0.769"
"2017-12-29";"J02M0";"A1100";"P1D_L";"ZZ";"-0.761"
"2018-01-01";"J02M0";"A1100";"P1D_L";"ZZ";
"2018-01-02";"J02M0";"A1100";"P1D_L";"ZZ";
"2018-01-03";"J02M0";"A1100";"P1D_L";"ZZ";"-0.765"
"2018-01-04";"J02M0";"A1100";"P1D_L";"ZZ";"-0.81"
"2018-01-05";"J02M0";"A1100";"P1D_L";"ZZ";"-0.815"
"2018-01-08";"J02M0";"A1100";"P1D_L";"ZZ";"-0.83"
"2018-01-09";"J02M0";"A1100";"P1D_L";"ZZ";"-0.85"
"2018-01-10";"J02M0";"A1100";"P1D_L";"ZZ";"-0.839"
"2018-01-11";"J02M0";"A1100";"P1D_L";"ZZ";"-0.832"
"2018-01-12";"J02M0";"A1100";"P1D_L";"ZZ";"-0.819"
"2018-01-15";"J02M0";"A1100";"P1D_L";"ZZ";"-0.811"
"2018-01-16";"J02M0";"A1100";"P1D_L";"ZZ";"-0.813"
"2018-01-17";"J02M0";"A1100";"P1D_L";"ZZ";"-0.836"
"2018-01-18";"J02M0";"A1100";"P1D_L";"ZZ";"-0.82"
"2018-01-19";"J02M0";"A1100";"P1D_L";"ZZ";"-0.822"
"2018-01-22";"J02M0";"A1100";"P1D_L";"ZZ";"-0.838"
"2018-01-23";"J02M0";"A1100";"P1D_L";"ZZ";"-0.845"
"2018-01-24";"J02M0";"A1100";"P1D_L";"ZZ";"-0.833"
"2018-01-25";"J02M0";"A1100";"P1D_L";"ZZ";"-0.815"
"2018-01-26";"J02M0";"A1100";"P1D_L";"ZZ";"-0.819"
"2018-01-29";"J02M0";"A1100";"P1D_L";"ZZ";"-0.822"
"2018-01-30";"J02M0";"A1100";"P1D_L";"ZZ";"-0.825"
"2018-01-31";"J02M0";"A1100";"P1D_L";"ZZ";"-0.833"
"2018-02-01";"J02M0";"A1100";"P1D_L";"ZZ";"-0.812"
"2018-02-02";"J02M0";"A1100";"P1D_L";"ZZ";"-0.812"
"2018-02-05";"J02M0";"A1100";"P1D_L";"ZZ";"-0.84"
"2018-02-06";"J02M0";"A1100";"P1D_L";"ZZ";"-0.863"
"2018-02-07";"J02M0";"A1100";"P1D_L";"ZZ";"-0.837"
"2018-02-08";"J02M0";"A1100";"P1D_L";"ZZ";"-0.824"
"2018-02-09";"J02M0";"A1100";"P1D_L";"ZZ";"-0.838"
"2018-02-12";"J02M0";"A1100";"P1D_L";"ZZ";"-0.751"
"2018-02-13";"J02M0";"A1100";"P1D_L";"ZZ";"-0.762"
"2018-02-14";"J02M0";"A1100";"P1D_L";"ZZ";"-0.756"
"2018-02-15";"J02M0";"A1100";"P1D_L";"ZZ";"-0.738"
"2018-02-16";"J02M0";"A1100";"P1D_L";"ZZ";"-0.735"
"2018-02-19";"J02M0";"A1100";"P1D_L";"ZZ";"-0.746"
"2018-02-20";"J02M0";"A1100";"P1D_L";"ZZ";"-0.74"
"2018-02-21";"J02M0";"A1100";"P1D_L";"ZZ";"-0.733"
"2018-02-22";"J02M0";"A1100";"P1D_L";"ZZ";"-0.737"
"2018-02-23";"J02M0";"A1100";"P1D_L";"ZZ";"-0.743"
"2018-02-26";"J02M0";"A1100";"P1D_L";"ZZ";"-0.756"
"2018-02-27";"J02M0";"A1100";"P1D_L";"ZZ";"-0.76"
"2018-02-28";"J02M0";"A1100";"P1D_L";"ZZ";"-0.77"
"2018-03-01";"J02M0";"A1100";"P1D_L";"ZZ";"-0.774"
"2018-03-02";"J02M0";"A1100";"P1D_L";"ZZ";"-0.775"
"2018-03-05";"J02M0";"A1100";"P1D_L";"ZZ";"-0.787"
"2018-03-06";"J02M0";"A1100";"P1D_L";"ZZ";"-0.774"
"2018-03-07";"J02M0";"A1100";"P1D_L";"ZZ";"-0.775"
"2018-03-08";"J02M0";"A1100";"P1D_L";"ZZ";"-0.776"
"2018-03-09";"J02M0";"A1100";"P1D_L";"ZZ";"-0.779"
"2018-03-12";"J02M0";"A1100";"P1D_L";"ZZ";"-0.78"
"2018-03-13";"J02M0";"A1100";"P1D_L";"ZZ";"-0.768"
"2018-03-14";"J02M0";"A1100";"P1D_L";"ZZ";"-0.773"
"2018-03-15";"J02M0";"A1100";"P1D_L";"ZZ";"-0.77"
"2018-03-16";"J02M0";"A1100";"P1D_L";"ZZ";"-0.78"
"2018-03-19";"J02M0";"A1100";"P1D_L";"ZZ";"-0.794"
"2018-03-20";"J02M0";"A1100";"P1D_L";"ZZ";"-0.787"
"2018-03-21";"J02M0";"A1100";"P1D_L";"ZZ";"-0.791"
"2018-03-22";"J02M0";"A1100";"P1D_L";"ZZ";"-0.79"
"2018-03-23";"J02M0";"A1100";"P1D_L";"ZZ";"-0.812"
"2018-03-26";"J02M0";"A1100";"P1D_L";"ZZ";"-0.798"
"2018-03-27";"J02M0";"A1100";"P1D_L";"ZZ";"-0.797"
"2018-03-28";"J02M0";"A1100";"P1D_L";"ZZ";"-0.804"
"2018-03-29";"J02M0";"A1100";"P1D_L";"ZZ";"-0.791"
"2018-03-30";"J02M0";"A1100";"P1D_L";"ZZ";
"2018-04-02";"J02M0";"A1100";"P1D_L";"ZZ";
"2018-04-03";"J02M0";"A1100";"P1D_L";"ZZ";"-0.811"
"2018-04-04";"J02M0";"A1100";"P1D_L";"ZZ";"-0.818"
"2018-04-05";"J02M0";"A1100";"P1D_L";"ZZ";"-0.809"
"2018-04-06";"J02M0";"A1100";"P1D_L";"ZZ";"-0.806"
"2018-04-09";"J02M0";"A1100";"P1D_L";"ZZ";"-0.812"
"2018-04-10";"J02M0";"A1100";"P1D_L";"ZZ";"-0.819"
"2018-04-11";"J02M0";"A1100";"P1D_L";"ZZ";"-0.802"
"2018-04-12";"J02M0";"A1100";"P1D_L";"ZZ";"-0.774"
"2018-04-13";"J02M0";"A1100";"P1D_L";"ZZ";"-0.765"
"2018-04-16";"J02M0";"A1100";"P1D_L";"ZZ";"-0.767"
"2018-04-17";"J02M0";"A1100";"P1D_L";"ZZ";"-0.748"
"2018-04-18";"J02M0";"A1100";"P1D_L";"ZZ";"-0.733"
"2018-04-19";"J02M0";"A1100";"P1D_L";"ZZ";"-0.695"
"2018-04-20";"J02M0";"A1100";"P1D_L";"ZZ";"-0.688"
"2018-04-23";"J02M0";"A1100";"P1D_L";"ZZ";"-0.674"
"2018-04-24";"J02M0";"A1100";"P1D_L";"ZZ";"-0.69"
"2018-04-25";"J02M0";"A1100";"P1D_L";"ZZ";"-0.684"
"2018-04-26";"J02M0";"A1100";"P1D_L";"ZZ";"-0.655"
"2018-04-27";"J02M0";"A1100";"P1D_L";"ZZ";"-0.668"
"2018-04-30";"J02M0";"A1100";"P1D_L";"ZZ";"-0.686"
"2018-05-01";"J02M0";"A1100";"P1D_L";"ZZ";
"2018-05-02";"J02M0";"A1100";"P1D_L";"ZZ";"-0.702"
"2018-05-03";"J02M0";"A1100";"P1D_L";"ZZ";"-0.687"
"2018-05-04";"J02M0";"A1100";"P1D_L";"ZZ";"-0.698"
"2018-05-07";"J02M0";"A1100";"P1D_L";"ZZ";"-0.69"
"2018-05-08";"J02M0";"A1100";"P1D_L";"ZZ";"-0.67"
"2018-05-09";"J02M0";"A1100";"P1D_L";"ZZ";"-0.647"
"2018-05-10";"J02M0";"A1100";"P1D_L";"ZZ";
"2018-05-11";"J02M0";"A1100";"P1D_L";"ZZ";"-0.665"
"2018-05-14";"J02M0";"A1100";"P1D_L";"ZZ";"-0.662"
"2018-05-15";"J02M0";"A1100";"P1D_L";"ZZ";"-0.661"
"2018-05-16";"J02M0";"A1100";"P1D_L";"ZZ";"-0.664"
"2018-05-17";"J02M0";"A1100";"P1D_L";"ZZ";"-0.649"
"2018-05-18";"J02M0";"A1100";"P1D_L";"ZZ";"-0.649"
"2018-05-21";"J02M0";"A1100";"P1D_L";"ZZ";
"2018-05-22";"J02M0";"A1100";"P1D_L";"ZZ";"-0.678"
"2018-05-23";"J02M0";"A1100";"P1D_L";"ZZ";"-0.684"
"2018-05-24";"J02M0";"A1100";"P1D_L";"ZZ";"-0.678"
"2018-05-25";"J02M0";"A1100";"P1D_L";"ZZ";"-0.692"
"2018-05-28";"J02M0";"A1100";"P1D_L";"ZZ";"-0.7"
"2018-05-29";"J02M0";"A1100";"P1D_L";"ZZ";"-0.73"
"2018-05-30";"J02M0";"A1100";"P1D_L";"ZZ";"-0.772"
"2018-05-31";"J02M0";"A1100";"P1D_L";"ZZ";"-0.742"
"2018-06-01";"J02M0";"A1100";"P1D_L";"ZZ";"-0.733"
"2018-06-04";"J02M0";"A1100";"P1D_L";"ZZ";"-0.723"
"2018-06-05";"J02M0";"A1100";"P1D_L";"ZZ";"-0.694"
"2018-06-06";"J02M0";"A1100";"P1D_L";"ZZ";"-0.682"
"2018-06-07";"J02M0";"A1100";"P1D_L";"ZZ";"-0.659"
"2018-06-08";"J02M0";"A1100";"P1D_L";"ZZ";"-0.679"
"2018-06-11";"J02M0";"A1100";"P1D_L";"ZZ";"-0.673"
"2018-06-12";"J02M0";"A1100";"P1D_L";"ZZ";"-0.668"
"2018-06-13";"J02M0";"A1100";"P1D_L";"ZZ";"-0.677"
"2018-06-14";"J02M0";"A1100";"P1D_L";"ZZ";"-0.673"
"2018-06-15";"J02M0";"A1100";"P1D_L";"ZZ";"-0.706"
"2018-06-18";"J02M0";"A1100";"P1D_L";"ZZ";"-0.706"
"2018-06-19";"J02M0";"A1100";"P1D_L";"ZZ";"-0.71"
"2018-06-20";"J02M0";"A1100";"P1D_L";"ZZ";"-0.701"
"2018-06-21";"J02M0";"A1100";"P1D_L";"ZZ";"-0.697"
"2018-06-22";"J02M0";"A1100";"P1D_L";"ZZ";"-0.677"
"2018-06-25";"J02M0";"A1100";"P1D_L";"ZZ";"-0.681"
"2018-06-26";"J02M0";"A1100";"P1D_L";"ZZ";"-0.667"
"2018-06-27";"J02M0";"A1100";"P1D_L";"ZZ";"-0.678"
"2018-06-28";"J02M0";"A1100";"P1D_L";"ZZ";"-0.676"
"2018-06-29";"J02M0";"A1100";"P1D_L";"ZZ";"-0.665"
"2018-07-02";"J02M0";"A1100";"P1D_L";"ZZ";"-0.67"
"2018-07-03";"J02M0";"A1100";"P1D_L";"ZZ";"-0.666"
"2018-07-04";"J02M0";"A1100";"P1D_L";"ZZ";"-0.658"
"2018-07-05";"J02M0";"A1100";"P1D_L";"ZZ";"-0.645"
"2018-07-06";"J02M0";"A1100";"P1D_L";"ZZ";"-0.645"
"2018-07-09";"J02M0";"A1100";"P1D_L";"ZZ";"-0.676"
"2018-07-10";"J02M0";"A1100";"P1D_L";"ZZ";"-0.676"
"2018-07-11";"J02M0";"A1100";"P1D_L";"ZZ";"-0.678"
"2018-07-12";"J02M0";"A1100";"P1D_L";"ZZ";"-0.665"
"2018-07-13";"J02M0";"A1100";"P1D_L";"ZZ";"-0.665"
"2018-07-16";"J02M0";"A1100";"P1D_L";"ZZ";"-0.654"
"2018-07-17";"J02M0";"A1100";"P1D_L";"ZZ";"-0.66"
"2018-07-18";"J02M0";"A1100";"P1D_L";"ZZ";"-0.67"
"2018-07-19";"J02M0";"A1100";"P1D_L";"ZZ";"-0.653"
"2018-07-20";"J02M0";"A1100";"P1D_L";"ZZ";"-0.655"
"2018-07-23";"J02M0";"A1100";"P1D_L";"ZZ";"-0.654"
"2018-07-24";"J02M0";"A1100";"P1D_L";"ZZ";"-0.65"
"2018-07-25";"J02M0";"A1100";"P1D_L";"ZZ";"-0.647"
"2018-07-26";"J02M0";"A1100";"P1D_L";"ZZ";"-0.637"
"2018-07-27";"J02M0";"A1100";"P1D_L";"ZZ";"-0.642"
"2018-07-30";"J02M0";"A1100";"P1D_L";"ZZ";"-0.64"
"2018-07-31";"J02M0";"A1100";"P1D_L";"ZZ";"-0.634"
"2018-08-01";"J02M0";"A1100";"P1D_L";"ZZ";
"2018-08-02";"J02M0";"A1100";"P1D_L";"ZZ";"-0.623"
"2018-08-03";"J02M0";"A1100";"P1D_L";"ZZ";"-0.633"
"2018-08-06";"J02M0";"A1100";"P1D_L";"ZZ";"-0.637"
"2018-08-07";"J02M0";"A1100";"P1D_L";"ZZ";"-0.643"
"2018-08-08";"J02M0";"A1100";"P1D_L";"ZZ";"-0.639"
"2018-08-09";"J02M0";"A1100";"P1D_L";"ZZ";"-0.638"
"2018-08-10";"J02M0";"A1100";"P1D_L";"ZZ";"-0.646"
"2018-08-13";"J02M0";"A1100";"P1D_L";"ZZ";"-0.683"
"2018-08-14";"J02M0";"A1100";"P1D_L";"ZZ";"-0.663"
"2018-08-15";"J02M0";"A1100";"P1D_L";"ZZ";"-0.669"
"2018-08-16";"J02M0";"A1100";"P1D_L";"ZZ";"-0.674"
"2018-08-17";"J02M0";"A1100";"P1D_L";"ZZ";"-0.677"
"2018-08-20";"J02M0";"A1100";"P1D_L";"ZZ";"-0.697"
"2018-08-21";"J02M0";"A1100";"P1D_L";"ZZ";"-0.69"
"2018-08-22";"J02M0";"A1100";"P1D_L";"ZZ";"-0.689"
"2018-08-23";"J02M0";"A1100";"P1D_L";"ZZ";"-0.682"
"2018-08-24";"J02M0";"A1100";"P1D_L";"ZZ";"-0.679"
"2018-08-27";"J02M0";"A1100";"P1D_L";"ZZ";"-0.683"
"2018-08-28";"J02M0";"A1100";"P1D_L";"ZZ";"-0.673"
"2018-08-29";"J02M0";"A1100";"P1D_L";"ZZ";"-0.68"
"2018-08-30";"J02M0";"A1100";"P1D_L";"ZZ";"-0.661"
"2018-08-31";"J02M0";"A1100";"P1D_L";"ZZ";"-0.668"
"2018-09-03";"J02M0";"A1100";"P1D_L";"ZZ";"-0.674"
"2018-09-04";"J02M0";"A1100";"P1D_L";"ZZ";"-0.663"
"2018-09-05";"J02M0";"A1100";"P1D_L";"ZZ";"-0.674"
"2018-09-06";"J02M0";"A1100";"P1D_L";"ZZ";"-0.648"
"2018-09-07";"J02M0";"A1100";"P1D_L";"ZZ";"-0.66"
"2018-09-10";"J02M0";"A1100";"P1D_L";"ZZ";"-0.659"
"2018-09-11";"J02M0";"A1100";"P1D_L";"ZZ";"-0.644"
"2018-09-12";"J02M0";"A1100";"P1D_L";"ZZ";"-0.652"
"2018-09-13";"J02M0";"A1100";"P1D_L";"ZZ";"-0.646"
"2018-09-14";"J02M0";"A1100";"P1D_L";"ZZ";"-0.648"
"2018-09-17";"J02M0";"A1100";"P1D_L";"ZZ";"-0.651"
"2018-09-18";"J02M0";"A1100";"P1D_L";"ZZ";"-0.656"
"2018-09-19";"J02M0";"A1100";"P1D_L";"ZZ";"-0.647"
"2018-09-20";"J02M0";"A1100";"P1D_L";"ZZ";"-0.654"
"2018-09-21";"J02M0";"A1100";"P1D_L";"ZZ";"-0.642"
"2018-09-24";"J02M0";"A1100";"P1D_L";"ZZ";"-0.646"
"2018-09-25";"J02M0";"A1100";"P1D_L";"ZZ";"-0.641"
"2018-09-26";"J02M0";"A1100";"P1D_L";"ZZ";"-0.633"
"2018-09-27";"J02M0";"A1100";"P1D_L";"ZZ";"-0.631"
"2018-09-28";"J02M0";"A1100";"P1D_L";"ZZ";"-0.619"
"2018-10-01";"J02M0";"A1100";"P1D_L";"ZZ";"-0.641"
"2018-10-02";"J02M0";"A1100";"P1D_L";"ZZ";"-0.652"
"2018-10-03";"J02M0";"A1100";"P1D_L";"ZZ";"-0.657"
"2018-10-04";"J02M0";"A1100";"P1D_L";"ZZ";"-0.624"
"2018-10-05";"J02M0";"A1100";"P1D_L";"ZZ";"-0.629"
"2018-10-08";"J02M0";"A1100";"P1D_L";"ZZ";"-0.625"
"2018-10-09";"J02M0";"A1100";"P1D_L";"ZZ";"-0.644"
"2018-10-10";"J02M0";"A1100";"P1D_L";"ZZ";"-0.638"
"2018-10-11";"J02M0";"A1100";"P1D_L";"ZZ";"-0.635"
"2018-10-12";"J02M0";"A1100";"P1D_L";"ZZ";"-0.63"
"2018-10-15";"J02M0";"A1100";"P1D_L";"ZZ";"-0.646"
"2018-10-16";"J02M0";"A1100";"P1D_L";"ZZ";"-0.649"
"2018-10-17";"J02M0";"A1100";"P1D_L";"ZZ";"-0.648"
"2018-10-18";"J02M0";"A1100";"P1D_L";"ZZ";"-0.648"
"2018-10-19";"J02M0";"A1100";"P1D_L";"ZZ";"-0.672"
"2018-10-22";"J02M0";"A1100";"P1D_L";"ZZ";"-0.663"
"2018-10-23";"J02M0";"A1100";"P1D_L";"ZZ";"-0.667"
"2018-10-24";"J02M0";"A1100";"P1D_L";"ZZ";"-0.677"
"2018-10-25";"J02M0";"A1100";"P1D_L";"ZZ";"-0.669"
"2018-10-26";"J02M0";"A1100";"P1D_L";"ZZ";"-0.672"
"2018-10-29";"J02M0";"A1100";"P1D_L";"ZZ";"-0.694"
"2018-10-30";"J02M0";"A1100";"P1D_L";"ZZ";"-0.682"
"2018-10-31";"J02M0";"A1100";"P1D_L";"ZZ";"-0.677"
"2018-11-01";"J02M0";"A1100";"P1D_L";"ZZ";"-0.67"
"2018-11-02";"J02M0";"A1100";"P1D_L";"ZZ";"-0.659"
"2018-11-05";"J02M0";"A1100";"P1D_L";"ZZ";"-0.682"
"2018-11-06";"J02M0";"A1100";"P1D_L";"ZZ";"-0.679"
"2018-11-07";"J02M0";"A1100";"P1D_L";"ZZ";"-0.679"
"2018-11-08";"J02M0";"A1100";"P1D_L";"ZZ";"-0.664"
"2018-11-09";"J02M0";"A1100";"P1D_L";"ZZ";"-0.668"
"2018-11-12";"J02M0";"A1100";"P1D_L";"ZZ";"-0.68"
"2018-11-13";"J02M0";"A1100";"P1D_L";"ZZ";"-0.678"
"2018-11-14";"J02M0";"A1100";"P1D_L";"ZZ";"-0.682"
"2018-11-15";"J02M0";"A1100";"P1D_L";"ZZ";"-0.679"
"2018-11-16";"J02M0";"A1100";"P1D_L";"ZZ";"-0.691"
"2018-11-19";"J02M0";"A1100";"P1D_L";"ZZ";"-0.69"
"2018-11-20";"J02M0";"A1100";"P1D_L";"ZZ";"-0.698"
"2018-11-21";"J02M0";"A1100";"P1D_L";"ZZ";"-0.708"
"2018-11-22";"J02M0";"A1100";"P1D_L";"ZZ";"-0.705"
"2018-11-23";"J02M0";"A1100";"P1D_L";"ZZ";"-0.693"
"2018-11-26";"J02M0";"A1100";"P1D_L";"ZZ";"-0.712"
"2018-11-27";"J02M0";"A1100";"P1D_L";"ZZ";"-0.715"
"2018-11-28";"J02M0";"A1100";"P1D_L";"ZZ";"-0.724"
"2018-11-29";"J02M0";"A1100";"P1D_L";"ZZ";"-0.708"
"2018-11-30";"J02M0";"A1100";"P1D_L";"ZZ";"-0.723"
"2018-12-03";"J02M0";"A1100";"P1D_L";"ZZ";"-0.723"
"2018-12-04";"J02M0";"A1100";"P1D_L";"ZZ";"-0.717"
"2018-12-05";"J02M0";"A1100";"P1D_L";"ZZ";"-0.723"
"2018-12-06";"J02M0";"A1100";"P1D_L";"ZZ";"-0.709"
"2018-12-07";"J02M0";"A1100";"P1D_L";"ZZ";"-0.711"
"2018-12-10";"J02M0";"A1100";"P1D_L";"ZZ";"-0.716"
"2018-12-11";"J02M0";"A1100";"P1D_L";"ZZ";"-0.716"
"2018-12-12";"J02M0";"A1100";"P1D_L";"ZZ";"-0.691"
"2018-12-13";"J02M0";"A1100";"P1D_L";"ZZ";"-0.705"
"2018-12-14";"J02M0";"A1100";"P1D_L";"ZZ";"-0.702"
"2018-12-17";"J02M0";"A1100";"P1D_L";"ZZ";"-0.728"
"2018-12-18";"J02M0";"A1100";"P1D_L";"ZZ";"-0.736"
"2018-12-19";"J02M0";"A1100";"P1D_L";"ZZ";"-0.742"
"2018-12-20";"J02M0";"A1100";"P1D_L";"ZZ";"-0.737"
"2018-12-21";"J02M0";"A1100";"P1D_L";"ZZ";"-0.733"
"2018-12-24";"J02M0";"A1100";"P1D_L";"ZZ";
"2018-12-25";"J02M0";"A1100";"P1D_L";"ZZ";
"2018-12-26";"J02M0";"A1100";"P1D_L";"ZZ";
"2018-12-27";"J02M0";"A1100";"P1D_L";"ZZ";"-0.751"
"2018-12-28";"J02M0";"A1100";"P1D_L";"ZZ";"-0.738"
"2018-12-31";"J02M0";"A1100";"P1D_L";"ZZ";
"2019-01-01";"J02M0";"A1100";"P1D_L";"ZZ";
"2019-01-02";"J02M0";"A1100";"P1D_L";"ZZ";
"2019-01-03";"J02M0";"A1100";"P1D_L";"ZZ";"-0.756"
"2019-01-04";"J02M0";"A1100";"P1D_L";"ZZ";"-0.748"
"2019-01-07";"J02M0";"A1100";"P1D_L";"ZZ";"-0.765"
"2019-01-08";"J02M0";"A1100";"P1D_L";"ZZ";"-0.744"
"2019-01-09";"J02M0";"A1100";"P1D_L";"ZZ";"-0.733"
"2019-01-10";"J02M0";"A1100";"P1D_L";"ZZ";"-0.731"
"2019-01-11";"J02M0";"A1100";"P1D_L";"ZZ";"-0.739"
"2019-01-14";"J02M0";"A1100";"P1D_L";"ZZ";"-0.745"
"2019-01-15";"J02M0";"A1100";"P1D_L";"ZZ";"-0.755"
"2019-01-16";"J02M0";"A1100";"P1D_L";"ZZ";"-0.748"
"2019-01-17";"J02M0";"A1100";"P1D_L";"ZZ";"-0.736"
"2019-01-18";"J02M0";"A1100";"P1D_L";"ZZ";"-0.721"
"2019-01-21";"J02M0";"A1100";"P1D_L";"ZZ";"-0.743"
"2019-01-22";"J02M0";"A1100";"P1D_L";"ZZ";"-0.746"
"2019-01-23";"J02M0";"A1100";"P1D_L";"ZZ";"-0.746"
"2019-01-24";"J02M0";"A1100";"P1D_L";"ZZ";"-0.751"
"2019-01-25";"J02M0";"A1100";"P1D_L";"ZZ";"-0.746"
"2019-01-28";"J02M0";"A1100";"P1D_L";"ZZ";"-0.767"
"2019-01-29";"J02M0";"A1100";"P1D_L";"ZZ";"-0.739"
"2019-01-30";"J02M0";"A1100";"P1D_L";"ZZ";"-0.749"
"2019-01-31";"J02M0";"A1100";"P1D_L";"ZZ";"-0.742"
"2019-02-01";"J02M0";"A1100";"P1D_L";"ZZ";"-0.77"
"2019-02-04";"J02M0";"A1100";"P1D_L";"ZZ";"-0.749"
"2019-02-05";"J02M0";"A1100";"P1D_L";"ZZ";"-0.731"
"2019-02-06";"J02M0";"A1100";"P1D_L";"ZZ";"-0.746"
"2019-02-07";"J02M0";"A1100";"P1D_L";"ZZ";"-0.735"
"2019-02-08";"J02M0";"A1100";"P1D_L";"ZZ";"-0.733"
"2019-02-11";"J02M0";"A1100";"P1D_L";"ZZ";"-0.742"
"2019-02-12";"J02M0";"A1100";"P1D_L";"ZZ";"-0.72"
"2019-02-13";"J02M0";"A1100";"P1D_L";"ZZ";"-0.722"
"2019-02-14";"J02M0";"A1100";"P1D_L";"ZZ";"-0.731"
"2019-02-15";"J02M0";"A1100";"P1D_L";"ZZ";"-0.725"
"2019-02-18";"J02M0";"A1100";"P1D_L";"ZZ";"-0.735"
"2019-02-19";"J02M0";"A1100";"P1D_L";"ZZ";"-0.726"
"2019-02-20";"J02M0";"A1100";"P1D_L";"ZZ";"-0.733"
"2019-02-21";"J02M0";"A1100";"P1D_L";"ZZ";"-0.732"
"2019-02-22";"J02M0";"A1100";"P1D_L";"ZZ";"-0.731"
"2019-02-25";"J02M0";"A1100";"P1D_L";"ZZ";"-0.739"
"2019-02-26";"J02M0";"A1100";"P1D_L";"ZZ";"-0.732"
"2019-02-27";"J02M0";"A1100";"P1D_L";"ZZ";"-0.727"
"2019-02-28";"J02M0";"A1100";"P1D_L";"ZZ";"-0.727"
"2019-03-01";"J02M0";"A1100";"P1D_L";"ZZ";"-0.727"
"2019-03-04";"J02M0";"A1100";"P1D_L";"ZZ";"-0.743"
"2019-03-05";"J02M0";"A1100";"P1D_L";"ZZ";"-0.723"
"2019-03-06";"J02M0";"A1100";"P1D_L";"ZZ";"-0.719"
"2019-03-07";"J02M0";"A1100";"P1D_L";"ZZ";"-0.727"
"2019-03-08";"J02M0";"A1100";"P1D_L";"ZZ";"-0.746"
"2019-03-11";"J02M0";"A1100";"P1D_L";"ZZ";"-0.737"
"2019-03-12";"J02M0";"A1100";"P1D_L";"ZZ";"-0.737"
"2019-03-13";"J02M0";"A1100";"P1D_L";"ZZ";"-0.736"
"2019-03-14";"J02M0";"A1100";"P1D_L";"ZZ";"-0.727"
"2019-03-15";"J02M0";"A1100";"P1D_L";"ZZ";"-0.724"
"2019-03-18";"J02M0";"A1100";"P1D_L";"ZZ";"-0.737"
"2019-03-19";"J02M0";"A1100";"P1D_L";"ZZ";"-0.737"
"2019-03-20";"J02M0";"A1100";"P1D_L";"ZZ";"-0.717"
"2019-03-21";"J02M0";"A1100";"P1D_L";"ZZ";"-0.734"
"2019-03-22";"J02M0";"A1100";"P1D_L";"ZZ";"-0.736"
"2019-03-25";"J02M0";"A1100";"P1D_L";"ZZ";"-0.728"
"2019-03-26";"J02M0";"A1100";"P1D_L";"ZZ";"-0.721"
"2019-03-27";"J02M0";"A1100";"P1D_L";"ZZ";"-0.726"
"2019-03-28";"J02M0";"A1100";"P1D_L";"ZZ";"-0.74"
"2019-03-29";"J02M0";"A1100";"P1D_L";"ZZ";"-0.723"
"2019-04-01";"J02M0";"A1100";"P1D_L";"ZZ";"-0.734"
"2019-04-02";"J02M0";"A1100";"P1D_L";"ZZ";"-0.722"
"2019-04-03";"J02M0";"A1100";"P1D_L";"ZZ";"-0.735"
"2019-04-04";"J02M0";"A1100";"P1D_L";"ZZ";"-0.741"
"2019-04-05";"J02M0";"A1100";"P1D_L";"ZZ";"-0.726"
"2019-04-08";"J02M0";"A1100";"P1D_L";"ZZ";"-0.707"
"2019-04-09";"J02M0";"A1100";"P1D_L";"ZZ";"-0.699"
"2019-04-10";"J02M0";"A1100";"P1D_L";"ZZ";"-0.696"
"2019-04-11";"J02M0";"A1100";"P1D_L";"ZZ";"-0.712"
"2019-04-12";"J02M0";"A1100";"P1D_L";"ZZ";"-0.703"
"2019-04-15";"J02M0";"A1100";"P1D_L";"ZZ";"-0.69"
"2019-04-16";"J02M0";"A1100";"P1D_L";"ZZ";"-0.699"
"2019-04-17";"J02M0";"A1100";"P1D_L";"ZZ";"-0.674"
"2019-04-18";"J02M0";"A1100";"P1D_L";"ZZ";"-0.678"
"2019-04-19";"J02M0";"A1100";"P1D_L";"ZZ";
"2019-04-22";"J02M0";"A1100";"P1D_L";"ZZ";
"2019-04-23";"J02M0";"A1100";"P1D_L";"ZZ";"-0.692"
"2019-04-24";"J02M0";"A1100";"P1D_L";"ZZ";"-0.701"
"2019-04-25";"J02M0";"A1100";"P1D_L";"ZZ";"-0.697"
"2019-04-26";"J02M0";"A1100";"P1D_L";"ZZ";"-0.694"
"2019-04-29";"J02M0";"A1100";"P1D_L";"ZZ";"-0.695"
"2019-04-30";"J02M0";"A1100";"P1D_L";"ZZ";"-0.681"
"2019-05-01";"J02M0";"A1100";"P1D_L";"ZZ";
"2019-05-02";"J02M0";"A1100";"P1D_L";"ZZ";"-0.686"
"2019-05-03";"J02M0";"A1100";"P1D_L";"ZZ";"-0.681"
"2019-05-06";"J02M0";"A1100";"P1D_L";"ZZ";"-0.696"
"2019-05-07";"J02M0";"A1100";"P1D_L";"ZZ";"-0.7"
"2019-05-08";"J02M0";"A1100";"P1D_L";"ZZ";"-0.7"
"2019-05-09";"J02M0";"A1100";"P1D_L";"ZZ";"-0.699"
"2019-05-10";"J02M0";"A1100";"P1D_L";"ZZ";"-0.702"
"2019-05-13";"J02M0";"A1100";"P1D_L";"ZZ";"-0.717"
"2019-05-14";"J02M0";"A1100";"P1D_L";"ZZ";"-0.719"
"2019-05-15";"J02M0";"A1100";"P1D_L";"ZZ";"-0.728"
"2019-05-16";"J02M0";"A1100";"P1D_L";"ZZ";"-0.726"
"2019-05-17";"J02M0";"A1100";"P1D_L";"ZZ";"-0.723"
"2019-05-20";"J02M0";"A1100";"P1D_L";"ZZ";"-0.723"
"2019-05-21";"J02M0";"A1100";"P1D_L";"ZZ";"-0.717"
"2019-05-22";"J02M0";"A1100";"P1D_L";"ZZ";"-0.722"
"2019-05-23";"J02M0";"A1100";"P1D_L";"ZZ";"-0.721"
"2019-05-24";"J02M0";"A1100";"P1D_L";"ZZ";"-0.738"
"2019-05-27";"J02M0";"A1100";"P1D_L";"ZZ";"-0.743"
"2019-05-28";"J02M0";"A1100";"P1D_L";"ZZ";"-0.751"
"2019-05-29";"J02M0";"A1100";"P1D_L";"ZZ";"-0.728"
"2019-05-30";"J02M0";"A1100";"P1D_L";"ZZ";
"2019-05-31";"J02M0";"A1100";"P1D_L";"ZZ";"-0.742"
"2019-06-03";"J02M0";"A1100";"P1D_L";"ZZ";"-0.751"
"2019-06-04";"J02M0";"A1100";"P1D_L";"ZZ";"-0.762"
"2019-06-05";"J02M0";"A1100";"P1D_L";"ZZ";"-0.764"
"2019-06-06";"J02M0";"A1100";"P1D_L";"ZZ";"-0.765"
"2019-06-07";"J02M0";"A1100";"P1D_L";"ZZ";"-0.769"
"2019-06-10";"J02M0";"A1100";"P1D_L";"ZZ";
"2019-06-11";"J02M0";"A1100";"P1D_L";"ZZ";"-0.767"
"2019-06-12";"J02M0";"A1100";"P1D_L";"ZZ";"-0.759"
"2019-06-13";"J02M0";"A1100";"P1D_L";"ZZ";"-0.765"
"2019-06-14";"J02M0";"A1100";"P1D_L";"ZZ";"-0.781"
"2019-06-17";"J02M0";"A1100";"P1D_L";"ZZ";"-0.788"
"2019-06-18";"J02M0";"A1100";"P1D_L";"ZZ";"-0.797"
"2019-06-19";"J02M0";"A1100";"P1D_L";"ZZ";"-0.816"
"2019-06-20";"J02M0";"A1100";"P1D_L";"ZZ";"-0.808"
"2019-06-21";"J02M0";"A1100";"P1D_L";"ZZ";"-0.803"
"2019-06-24";"J02M0";"A1100";"P1D_L";"ZZ";"-0.808"
"2019-06-25";"J02M0";"A1100";"P1D_L";"ZZ";"-0.825"
"2019-06-26";"J02M0";"A1100";"P1D_L";"ZZ";"-0.816"
"2019-06-27";"J02M0";"A1100";"P1D_L";"ZZ";"-0.808"
"2019-06-28";"J02M0";"A1100";"P1D_L";"ZZ";"-0.791"
"2019-07-01";"J02M0";"A1100";"P1D_L";"ZZ";"-0.804"
"2019-07-02";"J02M0";"A1100";"P1D_L";"ZZ";"-0.83"
"2019-07-03";"J02M0";"A1100";"P1D_L";"ZZ";"-0.845"
"2019-07-04";"J02M0";"A1100";"P1D_L";"ZZ";"-0.83"
"2019-07-05";"J02M0";"A1100";"P1D_L";"ZZ";"-0.827"
"2019-07-08";"J02M0";"A1100";"P1D_L";"ZZ";"-0.824"
"2019-07-09";"J02M0";"A1100";"P1D_L";"ZZ";"-0.823"
"2019-07-10";"J02M0";"A1100";"P1D_L";"ZZ";"-0.807"
"2019-07-11";"J02M0";"A1100";"P1D_L";"ZZ";"-0.815"
"2019-07-12";"J02M0";"A1100";"P1D_L";"ZZ";"-0.816"
"2019-07-15";"J02M0";"A1100";"P1D_L";"ZZ";"-0.83"
"2019-07-16";"J02M0";"A1100";"P1D_L";"ZZ";"-0.839"
"2019-07-17";"J02M0";"A1100";"P1D_L";"ZZ";"-0.842"
"2019-07-18";"J02M0";"A1100";"P1D_L";"ZZ";"-0.858"
"2019-07-19";"J02M0";"A1100";"P1D_L";"ZZ";"-0.874"
"2019-07-22";"J02M0";"A1100";"P1D_L";"ZZ";"-0.888"
"2019-07-23";"J02M0";"A1100";"P1D_L";"ZZ";"-0.889"
"2019-07-24";"J02M0";"A1100";"P1D_L";"ZZ";"-0.901"
"2019-07-25";"J02M0";"A1100";"P1D_L";"ZZ";"-0.897"
"2019-07-26";"J02M0";"A1100";"P1D_L";"ZZ";"-0.884"
"2019-07-29";"J02M0";"A1100";"P1D_L";"ZZ";"-0.889"
"2019-07-30";"J02M0";"A1100";"P1D_L";"ZZ";"-0.892"
"2019-07-31";"J02M0";"A1100";"P1D_L";"ZZ";"-0.896"
"2019-08-01";"J02M0";"A1100";"P1D_L";"ZZ";
"2019-08-02";"J02M0";"A1100";"P1D_L";"ZZ";"-0.915"
"2019-08-05";"J02M0";"A1100";"P1D_L";"ZZ";"-0.988"
"2019-08-06";"J02M0";"A1100";"P1D_L";"ZZ";"-0.985"
"2019-08-07";"J02M0";"A1100";"P1D_L";"ZZ";"-1"
"2019-08-08";"J02M0";"A1100";"P1D_L";"ZZ";"-0.987"
"2019-08-09";"J02M0";"A1100";"P1D_L";"ZZ";"-0.995"
"2019-08-12";"J02M0";"A1100";"P1D_L";"ZZ";"-0.997"
"2019-08-13";"J02M0";"A1100";"P1D_L";"ZZ";"-1.004"
"2019-08-14";"J02M0";"A1100";"P1D_L";"ZZ";"-1.005"
"2019-08-15";"J02M0";"A1100";"P1D_L";"ZZ";"-1.01"
"2019-08-16";"J02M0";"A1100";"P1D_L";"ZZ";"-1.028"
"2019-08-19";"J02M0";"A1100";"P1D_L";"ZZ";"-1.034"
"2019-08-20";"J02M0";"A1100";"P1D_L";"ZZ";"-1.032"
"2019-08-21";"J02M0";"A1100";"P1D_L";"ZZ";"-1.035"
"2019-08-22";"J02M0";"A1100";"P1D_L";"ZZ";"-1.03"
"2019-08-23";"J02M0";"A1100";"P1D_L";"ZZ";"-0.989"
"2019-08-26";"J02M0";"A1100";"P1D_L";"ZZ";"-1.026"
"2019-08-27";"J02M0";"A1100";"P1D_L";"ZZ";"-1.017"
"2019-08-28";"J02M0";"A1100";"P1D_L";"ZZ";"-1.054"
"2019-08-29";"J02M0";"A1100";"P1D_L";"ZZ";"-1.044"
"2019-08-30";"J02M0";"A1100";"P1D_L";"ZZ";"-1.064"
"2019-09-02";"J02M0";"A1100";"P1D_L";"ZZ";"-1.066"
"2019-09-03";"J02M0";"A1100";"P1D_L";"ZZ";"-1.068"
"2019-09-04";"J02M0";"A1100";"P1D_L";"ZZ";"-1.062"
"2019-09-05";"J02M0";"A1100";"P1D_L";"ZZ";"-1.066"
"2019-09-06";"J02M0";"A1100";"P1D_L";"ZZ";"-1.036"
"2019-09-09";"J02M0";"A1100";"P1D_L";"ZZ";"-1.023"
"2019-09-10";"J02M0";"A1100";"P1D_L";"ZZ";"-1.036"
"2019-09-11";"J02M0";"A1100";"P1D_L";"ZZ";"-1.022"
"2019-09-12";"J02M0";"A1100";"P1D_L";"ZZ";"-0.956"
"2019-09-13";"J02M0";"A1100";"P1D_L";"ZZ";"-0.918"
"2019-09-16";"J02M0";"A1100";"P1D_L";"ZZ";"-0.876"
"2019-09-17";"J02M0";"A1100";"P1D_L";"ZZ";"-0.911"
"2019-09-18";"J02M0";"A1100";"P1D_L";"ZZ";"-0.904"
"2019-09-19";"J02M0";"A1100";"P1D_L";"ZZ";"-0.869"
"2019-09-20";"J02M0";"A1100";"P1D_L";"ZZ";"-0.844"
"2019-09-23";"J02M0";"A1100";"P1D_L";"ZZ";"-0.853"
"2019-09-24";"J02M0";"A1100";"P1D_L";"ZZ";"-0.852"
"2019-09-25";"J02M0";"A1100";"P1D_L";"ZZ";"-0.871"
"2019-09-26";"J02M0";"A1100";"P1D_L";"ZZ";"-0.861"
"2019-09-27";"J02M0";"A1100";"P1D_L";"ZZ";"-0.85"
"2019-09-30";"J02M0";"A1100";"P1D_L";"ZZ";"-0.847"
"2019-10-01";"J02M0";"A1100";"P1D_L";"ZZ";"-0.833"
"2019-10-02";"J02M0";"A1100";"P1D_L";"ZZ";"-0.853"
"2019-10-03";"J02M0";"A1100";"P1D_L";"ZZ";"-0.853"
"2019-10-04";"J02M0";"A1100";"P1D_L";"ZZ";"-0.871"
"2019-10-07";"J02M0";"A1100";"P1D_L";"ZZ";"-0.889"
"2019-10-08";"J02M0";"A1100";"P1D_L";"ZZ";"-0.891"
"2019-10-09";"J02M0";"A1100";"P1D_L";"ZZ";"-0.869"
"2019-10-10";"J02M0";"A1100";"P1D_L";"ZZ";"-0.862"
"2019-10-11";"J02M0";"A1100";"P1D_L";"ZZ";"-0.828"
"2019-10-14";"J02M0";"A1100";"P1D_L";"ZZ";"-0.828"
"2019-10-15";"J02M0";"A1100";"P1D_L";"ZZ";"-0.823"
"2019-10-16";"J02M0";"A1100";"P1D_L";"ZZ";"-0.815"
"2019-10-17";"J02M0";"A1100";"P1D_L";"ZZ";"-0.792"
"2019-10-18";"J02M0";"A1100";"P1D_L";"ZZ";"-0.787"
"2019-10-21";"J02M0";"A1100";"P1D_L";"ZZ";"-0.764"
"2019-10-22";"J02M0";"A1100";"P1D_L";"ZZ";"-0.766"
"2019-10-23";"J02M0";"A1100";"P1D_L";"ZZ";"-0.773"
"2019-10-24";"J02M0";"A1100";"P1D_L";"ZZ";"-0.771"
"2019-10-25";"J02M0";"A1100";"P1D_L";"ZZ";"-0.764"
"2019-10-28";"J02M0";"A1100";"P1D_L";"ZZ";"-0.758"
"2019-10-29";"J02M0";"A1100";"P1D_L";"ZZ";"-0.732"
"2019-10-30";"J02M0";"A1100";"P1D_L";"ZZ";"-0.736"
"2019-10-31";"J02M0";"A1100";"P1D_L";"ZZ";"-0.74"
"2019-11-01";"J02M0";"A1100";"P1D_L";"ZZ";"-0.691"
"2019-11-04";"J02M0";"A1100";"P1D_L";"ZZ";"-0.692"
"2019-11-05";"J02M0";"A1100";"P1D_L";"ZZ";"-0.703"
"2019-11-06";"J02M0";"A1100";"P1D_L";"ZZ";"-0.689"
"2019-11-07";"J02M0";"A1100";"P1D_L";"ZZ";"-0.695"
"2019-11-08";"J02M0";"A1100";"P1D_L";"ZZ";"-0.677"
"2019-11-11";"J02M0";"A1100";"P1D_L";"ZZ";"-0.697"
"2019-11-12";"J02M0";"A1100";"P1D_L";"ZZ";"-0.695"
"2019-11-13";"J02M0";"A1100";"P1D_L";"ZZ";"-0.705"
"2019-11-14";"J02M0";"A1100";"P1D_L";"ZZ";"-0.717"
"2019-11-15";"J02M0";"A1100";"P1D_L";"ZZ";"-0.739"
"2019-11-18";"J02M0";"A1100";"P1D_L";"ZZ";"-0.736"
"2019-11-19";"J02M0";"A1100";"P1D_L";"ZZ";"-0.734"
"2019-11-20";"J02M0";"A1100";"P1D_L";"ZZ";"-0.748"
"2019-11-21";"J02M0";"A1100";"P1D_L";"ZZ";"-0.748"
"2019-11-22";"J02M0";"A1100";"P1D_L";"ZZ";"-0.736"
"2019-11-25";"J02M0";"A1100";"P1D_L";"ZZ";"-0.748"
"2019-11-26";"J02M0";"A1100";"P1D_L";"ZZ";"-0.757"
"2019-11-27";"J02M0";"A1100";"P1D_L";"ZZ";"-0.765"
"2019-11-28";"J02M0";"A1100";"P1D_L";"ZZ";"-0.757"
"2019-11-29";"J02M0";"A1100";"P1D_L";"ZZ";"-0.755"
"2019-12-02";"J02M0";"A1100";"P1D_L";"ZZ";"-0.757"
"2019-12-03";"J02M0";"A1100";"P1D_L";"ZZ";"-0.75"
"2019-12-04";"J02M0";"A1100";"P1D_L";"ZZ";"-0.761"
"2019-12-05";"J02M0";"A1100";"P1D_L";"ZZ";"-0.746"
"2019-12-06";"J02M0";"A1100";"P1D_L";"ZZ";"-0.732"
"2019-12-09";"J02M0";"A1100";"P1D_L";"ZZ";"-0.728"
"2019-12-10";"J02M0";"A1100";"P1D_L";"ZZ";"-0.727"
"2019-12-11";"J02M0";"A1100";"P1D_L";"ZZ";"-0.705"
"2019-12-12";"J02M0";"A1100";"P1D_L";"ZZ";"-0.717"
"2019-12-13";"J02M0";"A1100";"P1D_L";"ZZ";"-0.71"
"2019-12-16";"J02M0";"A1100";"P1D_L";"ZZ";"-0.724"
"2019-12-17";"J02M0";"A1100";"P1D_L";"ZZ";"-0.718"
"2019-12-18";"J02M0";"A1100";"P1D_L";"ZZ";"-0.719"
"2019-12-19";"J02M0";"A1100";"P1D_L";"ZZ";"-0.705"
"2019-12-20";"J02M0";"A1100";"P1D_L";"ZZ";"-0.702"
"2019-12-23";"J02M0";"A1100";"P1D_L";"ZZ";"-0.711"
"2019-12-24";"J02M0";"A1100";"P1D_L";"ZZ";
"2019-12-25";"J02M0";"A1100";"P1D_L";"ZZ";
"2019-12-26";"J02M0";"A1100";"P1D_L";"ZZ";
"2019-12-27";"J02M0";"A1100";"P1D_L";"ZZ";"-0.711"
"2019-12-30";"J02M0";"A1100";"P1D_L";"ZZ";"-0.711"
"2019-12-31";"J02M0";"A1100";"P1D_L";"ZZ";
"2020-01-01";"J02M0";"A1100";"P1D_L";"ZZ";
"2020-01-02";"J02M0";"A1100";"P1D_L";"ZZ";
"2020-01-03";"J02M0";"A1100";"P1D_L";"ZZ";"-0.709"
"2020-01-06";"J02M0";"A1100";"P1D_L";"ZZ";"-0.74"
"2020-01-07";"J02M0";"A1100";"P1D_L";"ZZ";"-0.726"
"2020-01-08";"J02M0";"A1100";"P1D_L";"ZZ";"-0.735"
"2020-01-09";"J02M0";"A1100";"P1D_L";"ZZ";"-0.713"
"2020-01-10";"J02M0";"A1100";"P1D_L";"ZZ";"-0.709"
"2020-01-13";"J02M0";"A1100";"P1D_L";"ZZ";"-0.715"
"2020-01-14";"J02M0";"A1100";"P1D_L";"ZZ";"-0.715"
"2020-01-15";"J02M0";"A1100";"P1D_L";"ZZ";"-0.716"
"2020-01-16";"J02M0";"A1100";"P1D_L";"ZZ";"-0.724"
"2020-01-17";"J02M0";"A1100";"P1D_L";"ZZ";"-0.724"
"2020-01-20";"J02M0";"A1100";"P1D_L";"ZZ";"-0.733"
"2020-01-21";"J02M0";"A1100";"P1D_L";"ZZ";"-0.735"
"2020-01-22";"J02M0";"A1100";"P1D_L";"ZZ";"-0.735"
"2020-01-23";"J02M0";"A1100";"P1D_L";"ZZ";"-0.718"
"2020-01-24";"J02M0";"A1100";"P1D_L";"ZZ";"-0.732"
"2020-01-27";"J02M0";"A1100";"P1D_L";"ZZ";"-0.742"
"2020-01-28";"J02M0";"A1100";"P1D_L";"ZZ";"-0.713"
"2020-01-29";"J02M0";"A1100";"P1D_L";"ZZ";"-0.703"
"2020-01-30";"J02M0";"A1100";"P1D_L";"ZZ";"-0.704"
"2020-01-31";"J02M0";"A1100";"P1D_L";"ZZ";"-0.707"
"2020-02-03";"J02M0";"A1100";"P1D_L";"ZZ";"-0.728"
"2020-02-04";"J02M0";"A1100";"P1D_L";"ZZ";"-0.706"
"2020-02-05";"J02M0";"A1100";"P1D_L";"ZZ";"-0.691"
"2020-02-06";"J02M0";"A1100";"P1D_L";"ZZ";"-0.676"
"2020-02-07";"J02M0";"A1100";"P1D_L";"ZZ";"-0.679"
"2020-02-10";"J02M0";"A1100";"P1D_L";"ZZ";"-0.689"
"2020-02-11";"J02M0";"A1100";"P1D_L";"ZZ";"-0.694"
"2020-02-12";"J02M0";"A1100";"P1D_L";"ZZ";"-0.691"
"2020-02-13";"J02M0";"A1100";"P1D_L";"ZZ";"-0.695"
"2020-02-14";"J02M0";"A1100";"P1D_L";"ZZ";"-0.712"
"2020-02-17";"J02M0";"A1100";"P1D_L";"ZZ";"-0.732"
"2020-02-18";"J02M0";"A1100";"P1D_L";"ZZ";"-0.73"
"2020-02-19";"J02M0";"A1100";"P1D_L";"ZZ";"-0.743"
"2020-02-20";"J02M0";"A1100";"P1D_L";"ZZ";"-0.753"
"2020-02-21";"J02M0";"A1100";"P1D_L";"ZZ";"-0.754"
"2020-02-24";"J02M0";"A1100";"P1D_L";"ZZ";"-0.773"
"2020-02-25";"J02M0";"A1100";"P1D_L";"ZZ";"-0.767"
"2020-02-26";"J02M0";"A1100";"P1D_L";"ZZ";"-0.784"
"2020-02-27";"J02M0";"A1100";"P1D_L";"ZZ";"-0.77"
"2020-02-28";"J02M0";"A1100";"P1D_L";"ZZ";"-0.785"
"2020-03-02";"J02M0";"A1100";"P1D_L";"ZZ";"-0.813"
"2020-03-03";"J02M0";"A1100";"P1D_L";"ZZ";"-0.797"
"2020-03-04";"J02M0";"A1100";"P1D_L";"ZZ";"-0.769"
"2020-03-05";"J02M0";"A1100";"P1D_L";"ZZ";"-0.832"
"2020-03-06";"J02M0";"A1100";"P1D_L";"ZZ";"-0.858"
"2020-03-09";"J02M0";"A1100";"P1D_L";"ZZ";"-0.835"
"2020-03-10";"J02M0";"A1100";"P1D_L";"ZZ";"-0.892"
"2020-03-11";"J02M0";"A1100";"P1D_L";"ZZ";"-0.884"
"2020-03-12";"J02M0";"A1100";"P1D_L";"ZZ";"-0.939"
"2020-03-13";"J02M0";"A1100";"P1D_L";"ZZ";"-0.889"
"2020-03-16";"J02M0";"A1100";"P1D_L";"ZZ";"-0.89"
"2020-03-17";"J02M0";"A1100";"P1D_L";"ZZ";"-0.892"
"2020-03-18";"J02M0";"A1100";"P1D_L";"ZZ";"-0.888"
"2020-03-19";"J02M0";"A1100";"P1D_L";"ZZ";"-0.917"
"2020-03-20";"J02M0";"A1100";"P1D_L";"ZZ";"-0.936"
"2020-03-23";"J02M0";"A1100";"P1D_L";"ZZ";"-0.791"
"2020-03-24";"J02M0";"A1100";"P1D_L";"ZZ";"-0.761"
"2020-03-25";"J02M0";"A1100";"P1D_L";"ZZ";"-0.725"
"2020-03-26";"J02M0";"A1100";"P1D_L";"ZZ";"-0.703"
"2020-03-27";"J02M0";"A1100";"P1D_L";"ZZ";"-0.674"
"2020-03-30";"J02M0";"A1100";"P1D_L";"ZZ";"-0.7"
"2020-03-31";"J02M0";"A1100";"P1D_L";"ZZ";"-0.625"
"2020-04-01";"J02M0";"A1100";"P1D_L";"ZZ";"-0.599"
"2020-04-02";"J02M0";"A1100";"P1D_L";"ZZ";"-0.58"
"2020-04-03";"J02M0";"A1100";"P1D_L";"ZZ";"-0.586"
"2020-04-06";"J02M0";"A1100";"P1D_L";"ZZ";"-0.607"
"2020-04-07";"J02M0";"A1100";"P1D_L";"ZZ";"-0.589"
"2020-04-08";"J02M0";"A1100";"P1D_L";"ZZ";"-0.56"
"2020-04-09";"J02M0";"A1100";"P1D_L";"ZZ";"-0.562"
"2020-04-10";"J02M0";"A1100";"P1D_L";"ZZ";
"2020-04-13";"J02M0";"A1100";"P1D_L";"ZZ";
"2020-04-14";"J02M0";"A1100";"P1D_L";"ZZ";"-0.609"
"2020-04-15";"J02M0";"A1100";"P1D_L";"ZZ";"-0.612"
"2020-04-16";"J02M0";"A1100";"P1D_L";"ZZ";"-0.61"
"2020-04-17";"J02M0";"A1100";"P1D_L";"ZZ";"-0.634"
"2020-04-20";"J02M0";"A1100";"P1D_L";"ZZ";"-0.67"
"2020-04-21";"J02M0";"A1100";"P1D_L";"ZZ";"-0.657"
"2020-04-22";"J02M0";"A1100";"P1D_L";"ZZ";"-0.654"
"2020-04-23";"J02M0";"A1100";"P1D_L";"ZZ";"-0.619"
"2020-04-24";"J02M0";"A1100";"P1D_L";"ZZ";"-0.619"
"2020-04-27";"J02M0";"A1100";"P1D_L";"ZZ";"-0.672"
"2020-04-28";"J02M0";"A1100";"P1D_L";"ZZ";"-0.647"
"2020-04-29";"J02M0";"A1100";"P1D_L";"ZZ";"-0.644"
"2020-04-30";"J02M0";"A1100";"P1D_L";"ZZ";"-0.652"
"2020-05-01";"J02M0";"A1100";"P1D_L";"ZZ";
"2020-05-04";"J02M0";"A1100";"P1D_L";"ZZ";"-0.657"
"2020-05-05";"J02M0";"A1100";"P1D_L";"ZZ";"-0.652"
"2020-05-06";"J02M0";"A1100";"P1D_L";"ZZ";"-0.649"
"2020-05-07";"J02M0";"A1100";"P1D_L";"ZZ";"-0.65"
"2020-05-08";"J02M0";"A1100";"P1D_L";"ZZ";"-0.658"
"2020-05-11";"J02M0";"A1100";"P1D_L";"ZZ";"-0.646"
"2020-05-12";"J02M0";"A1100";"P1D_L";"ZZ";"-0.637"
"2020-05-13";"J02M0";"A1100";"P1D_L";"ZZ";"-0.654"
"2020-05-14";"J02M0";"A1100";"P1D_L";"ZZ";"-0.539"
"2020-05-15";"J02M0";"A1100";"P1D_L";"ZZ";"-0.647"
"2020-05-18";"J02M0";"A1100";"P1D_L";"ZZ";"-0.665"
"2020-05-19";"J02M0";"A1100";"P1D_L";"ZZ";"-0.643"
"2020-05-20";"J02M0";"A1100";"P1D_L";"ZZ";"-0.656"
"2020-05-21";"J02M0";"A1100";"P1D_L";"ZZ";
"2020-05-22";"J02M0";"A1100";"P1D_L";"ZZ";"-0.673"
"2020-05-25";"J02M0";"A1100";"P1D_L";"ZZ";"-0.669"
"2020-05-26";"J02M0";"A1100";"P1D_L";"ZZ";"-0.663"
"2020-05-27";"J02M0";"A1100";"P1D_L";"ZZ";"-0.652"
"2020-05-28";"J02M0";"A1100";"P1D_L";"ZZ";"-0.645"
"2020-05-29";"J02M0";"A1100";"P1D_L";"ZZ";"-0.639"
"2020-06-01";"J02M0";"A1100";"P1D_L";"ZZ";
"2020-06-02";"J02M0";"A1100";"P1D_L";"ZZ";"-0.646"
"2020-06-03";"J02M0";"A1100";"P1D_L";"ZZ";"-0.64"
"2020-06-04";"J02M0";"A1100";"P1D_L";"ZZ";"-0.616"
"2020-06-05";"J02M0";"A1100";"P1D_L";"ZZ";"-0.621"
"2020-06-08";"J02M0";"A1100";"P1D_L";"ZZ";"-0.604"
"2020-06-09";"J02M0";"A1100";"P1D_L";"ZZ";"-0.587"
"2020-06-10";"J02M0";"A1100";"P1D_L";"ZZ";"-0.627"
"2020-06-11";"J02M0";"A1100";"P1D_L";"ZZ";"-0.633"
"2020-06-12";"J02M0";"A1100";"P1D_L";"ZZ";"-0.657"
"2020-06-15";"J02M0";"A1100";"P1D_L";"ZZ";"-0.656"
"2020-06-16";"J02M0";"A1100";"P1D_L";"ZZ";"-0.632"
"2020-06-17";"J02M0";"A1100";"P1D_L";"ZZ";"-0.632"
"2020-06-18";"J02M0";"A1100";"P1D_L";"ZZ";"-0.621"
"2020-06-19";"J02M0";"A1100";"P1D_L";"ZZ";"-0.622"
"2020-06-22";"J02M0";"A1100";"P1D_L";"ZZ";"-0.649"
"2020-06-23";"J02M0";"A1100";"P1D_L";"ZZ";"-0.623"
"2020-06-24";"J02M0";"A1100";"P1D_L";"ZZ";"-0.634"
"2020-06-25";"J02M0";"A1100";"P1D_L";"ZZ";"-0.634"
"2020-06-26";"J02M0";"A1100";"P1D_L";"ZZ";"-0.628"
"2020-06-29";"J02M0";"A1100";"P1D_L";"ZZ";"-0.637"
"2020-06-30";"J02M0";"A1100";"P1D_L";"ZZ";"-0.652"
"2020-07-01";"J02M0";"A1100";"P1D_L";"ZZ";"-0.649"
"2020-07-02";"J02M0";"A1100";"P1D_L";"ZZ";"-0.669"
"2020-07-03";"J02M0";"A1100";"P1D_L";"ZZ";"-0.664"
"2020-07-06";"J02M0";"A1100";"P1D_L";"ZZ";"-0.653"
"2020-07-07";"J02M0";"A1100";"P1D_L";"ZZ";"-0.661"
"2020-07-08";"J02M0";"A1100";"P1D_L";"ZZ";"-0.668"
"2020-07-09";"J02M0";"A1100";"P1D_L";"ZZ";"-0.694"
"2020-07-10";"J02M0";"A1100";"P1D_L";"ZZ";"-0.717"
"2020-07-13";"J02M0";"A1100";"P1D_L";"ZZ";"-0.739"
"2020-07-14";"J02M0";"A1100";"P1D_L";"ZZ";"-0.732"
"2020-07-15";"J02M0";"A1100";"P1D_L";"ZZ";"-0.738"
"2020-07-16";"J02M0";"A1100";"P1D_L";"ZZ";"-0.731"
"2020-07-17";"J02M0";"A1100";"P1D_L";"ZZ";"-0.758"
"2020-07-20";"J02M0";"A1100";"P1D_L";"ZZ";"-0.737"
"2020-07-21";"J02M0";"A1100";"P1D_L";"ZZ";"-0.744"
"2020-07-22";"J02M0";"A1100";"P1D_L";"ZZ";"-0.745"
"2020-07-23";"J02M0";"A1100";"P1D_L";"ZZ";"-0.761"
"2020-07-24";"J02M0";"A1100";"P1D_L";"ZZ";"-0.748"
"2020-07-27";"J02M0";"A1100";"P1D_L";"ZZ";"-0.761"
"2020-07-28";"J02M0";"A1100";"P1D_L";"ZZ";"-0.76"
"2020-07-29";"J02M0";"A1100";"P1D_L";"ZZ";"-0.765"
"2020-07-30";"J02M0";"A1100";"P1D_L";"ZZ";"-0.76"
"2020-07-31";"J02M0";"A1100";"P1D_L";"ZZ";"-0.76"
"2020-08-03";"J02M0";"A1100";"P1D_L";"ZZ";"-0.771"
"2020-08-04";"J02M0";"A1100";"P1D_L";"ZZ";"-0.768"
"2020-08-05";"J02M0";"A1100";"P1D_L";"ZZ";"-0.776"
"2020-08-06";"J02M0";"A1100";"P1D_L";"ZZ";"-0.761"
"2020-08-07";"J02M0";"A1100";"P1D_L";"ZZ";"-0.77"
"2020-08-10";"J02M0";"A1100";"P1D_L";"ZZ";"-0.797"
"2020-08-11";"J02M0";"A1100";"P1D_L";"ZZ";"-0.775"
"2020-08-12";"J02M0";"A1100";"P1D_L";"ZZ";"-0.771"
"2020-08-13";"J02M0";"A1100";"P1D_L";"ZZ";"-0.762"
"2020-08-14";"J02M0";"A1100";"P1D_L";"ZZ";"-0.755"
"2020-08-17";"J02M0";"A1100";"P1D_L";"ZZ";"-0.763"
"2020-08-18";"J02M0";"A1100";"P1D_L";"ZZ";"-0.761"
"2020-08-19";"J02M0";"A1100";"P1D_L";"ZZ";"-0.765"
"2020-08-20";"J02M0";"A1100";"P1D_L";"ZZ";"-0.761"
"2020-08-21";"J02M0";"A1100";"P1D_L";"ZZ";"-0.773"
"2020-08-24";"J02M0";"A1100";"P1D_L";"ZZ";"-0.77"
"2020-08-25";"J02M0";"A1100";"P1D_L";"ZZ";"-0.776"
"2020-08-26";"J02M0";"A1100";"P1D_L";"ZZ";"-0.767"
"2020-08-27";"J02M0";"A1100";"P1D_L";"ZZ";"-0.769"
"2020-08-28";"J02M0";"A1100";"P1D_L";"ZZ";"-0.764"
"2020-08-31";"J02M0";"A1100";"P1D_L";"ZZ";"-0.774"
"2020-09-01";"J02M0";"A1100";"P1D_L";"ZZ";"-0.754"
"2020-09-02";"J02M0";"A1100";"P1D_L";"ZZ";"-0.776"
"2020-09-03";"J02M0";"A1100";"P1D_L";"ZZ";"-0.774"
"2020-09-04";"J02M0";"A1100";"P1D_L";"ZZ";"-0.781"
"2020-09-07";"J02M0";"A1100";"P1D_L";"ZZ";"-0.785"
"2020-09-08";"J02M0";"A1100";"P1D_L";"ZZ";"-0.774"
"2020-09-09";"J02M0";"A1100";"P1D_L";"ZZ";"-0.791"
"2020-09-10";"J02M0";"A1100";"P1D_L";"ZZ";"-0.785"
"2020-09-11";"J02M0";"A1100";"P1D_L";"ZZ";"-0.782"
"2020-09-14";"J02M0";"A1100";"P1D_L";"ZZ";"-0.791"
"2020-09-15";"J02M0";"A1100";"P1D_L";"ZZ";"-0.788"
"2020-09-16";"J02M0";"A1100";"P1D_L";"ZZ";"-0.788"
"2020-09-17";"J02M0";"A1100";"P1D_L";"ZZ";"-0.785"
"2020-09-18";"J02M0";"A1100";"P1D_L";"ZZ";"-0.788"
"2020-09-21";"J02M0";"A1100";"P1D_L";"ZZ";"-0.798"
"2020-09-22";"J02M0";"A1100";"P1D_L";"ZZ";"-0.797"
"2020-09-23";"J02M0";"A1100";"P1D_L";"ZZ";"-0.793"
"2020-09-24";"J02M0";"A1100";"P1D_L";"ZZ";"-0.783"
"2020-09-25";"J02M0";"A1100";"P1D_L";"ZZ";"-0.788"
"2020-09-28";"J02M0";"A1100";"P1D_L";"ZZ";"-0.806"
"2020-09-29";"J02M0";"A1100";"P1D_L";"ZZ";"-0.797"
"2020-09-30";"J02M0";"A1100";"P1D_L";"ZZ";"-0.807"
"2020-10-01";"J02M0";"A1100";"P1D_L";"ZZ";"-0.792"
"2020-10-02";"J02M0";"A1100";"P1D_L";"ZZ";"-0.794"
"2020-10-05";"J02M0";"A1100";"P1D_L";"ZZ";"-0.82"
"2020-10-06";"J02M0";"A1100";"P1D_L";"ZZ";"-0.802"
"2020-10-07";"J02M0";"A1100";"P1D_L";"ZZ";"-0.807"
"2020-10-08";"J02M0";"A1100";"P1D_L";"ZZ";"-0.79"
"2020-10-09";"J02M0";"A1100";"P1D_L";"ZZ";"-0.79"
"2020-10-12";"J02M0";"A1100";"P1D_L";"ZZ";"-0.803"
"2020-10-13";"J02M0";"A1100";"P1D_L";"ZZ";"-0.799"
"2020-10-14";"J02M0";"A1100";"P1D_L";"ZZ";"-0.8"
"2020-10-15";"J02M0";"A1100";"P1D_L";"ZZ";"-0.799"
"2020-10-16";"J02M0";"A1100";"P1D_L";"ZZ";"-0.804"
"2020-10-19";"J02M0";"A1100";"P1D_L";"ZZ";"-0.819"
"2020-10-20";"J02M0";"A1100";"P1D_L";"ZZ";"-0.814"
"2020-10-21";"J02M0";"A1100";"P1D_L";"ZZ";"-0.813"
"2020-10-22";"J02M0";"A1100";"P1D_L";"ZZ";"-0.811"
"2020-10-23";"J02M0";"A1100";"P1D_L";"ZZ";"-0.81"
"2020-10-26";"J02M0";"A1100";"P1D_L";"ZZ";"-0.815"
"2020-10-27";"J02M0";"A1100";"P1D_L";"ZZ";"-0.83"
"2020-10-28";"J02M0";"A1100";"P1D_L";"ZZ";"-0.82"
"2020-10-29";"J02M0";"A1100";"P1D_L";"ZZ";"-0.812"
"2020-10-30";"J02M0";"A1100";"P1D_L";"ZZ";"-0.802"
"2020-11-02";"J02M0";"A1100";"P1D_L";"ZZ";"-0.826"
"2020-11-03";"J02M0";"A1100";"P1D_L";"ZZ";"-0.806"
"2020-11-04";"J02M0";"A1100";"P1D_L";"ZZ";"-0.803"
"2020-11-05";"J02M0";"A1100";"P1D_L";"ZZ";"-0.792"
"2020-11-06";"J02M0";"A1100";"P1D_L";"ZZ";"-0.789"
"2020-11-09";"J02M0";"A1100";"P1D_L";"ZZ";"-0.793"
"2020-11-10";"J02M0";"A1100";"P1D_L";"ZZ";"-0.806"
"2020-11-11";"J02M0";"A1100";"P1D_L";"ZZ";"-0.791"
"2020-11-12";"J02M0";"A1100";"P1D_L";"ZZ";"-0.768"
"2020-11-13";"J02M0";"A1100";"P1D_L";"ZZ";"-0.777"
"2020-11-16";"J02M0";"A1100";"P1D_L";"ZZ";"-0.774"
"2020-11-17";"J02M0";"A1100";"P1D_L";"ZZ";"-0.775"
"2020-11-18";"J02M0";"A1100";"P1D_L";"ZZ";"-0.774"
"2020-11-19";"J02M0";"A1100";"P1D_L";"ZZ";"-0.772"
"2020-11-20";"J02M0";"A1100";"P1D_L";"ZZ";"-0.758"
"2020-11-23";"J02M0";"A1100";"P1D_L";"ZZ";"-0.779"
"2020-11-24";"J02M0";"A1100";"P1D_L";"ZZ";"-0.768"
"2020-11-25";"J02M0";"A1100";"P1D_L";"ZZ";"-0.769"
"2020-11-26";"J02M0";"A1100";"P1D_L";"ZZ";"-0.765"
"2020-11-27";"J02M0";"A1100";"P1D_L";"ZZ";"-0.763"
"2020-11-30";"J02M0";"A1100";"P1D_L";"ZZ";"-0.778"
"2020-12-01";"J02M0";"A1100";"P1D_L";"ZZ";"-0.809"
"2020-12-02";"J02M0";"A1100";"P1D_L";"ZZ";"-0.788"
"2020-12-03";"J02M0";"A1100";"P1D_L";"ZZ";"-0.786"
"2020-12-04";"J02M0";"A1100";"P1D_L";"ZZ";"-0.793"
"2020-12-07";"J02M0";"A1100";"P1D_L";"ZZ";"-0.798"
"2020-12-08";"J02M0";"A1100";"P1D_L";"ZZ";"-0.789"
"2020-12-09";"J02M0";"A1100";"P1D_L";"ZZ";"-0.789"
"2020-12-10";"J02M0";"A1100";"P1D_L";"ZZ";"-0.812"
"2020-12-11";"J02M0";"A1100";"P1D_L";"ZZ";"-0.8"
"2020-12-14";"J02M0";"A1100";"P1D_L";"ZZ";"-0.809"
"2020-12-15";"J02M0";"A1100";"P1D_L";"ZZ";"-0.811"
"2020-12-16";"J02M0";"A1100";"P1D_L";"ZZ";"-0.801"
"2020-12-17";"J02M0";"A1100";"P1D_L";"ZZ";"-0.735"
"2020-12-18";"J02M0";"A1100";"P1D_L";"ZZ";"-0.792"
"2020-12-21";"J02M0";"A1100";"P1D_L";"ZZ";"-0.81"
"2020-12-22";"J02M0";"A1100";"P1D_L";"ZZ";"-0.81"
"2020-12-23";"J02M0";"A1100";"P1D_L";"ZZ";"-0.799"
"2020-12-24";"J02M0";"A1100";"P1D_L";"ZZ";
"2020-12-25";"J02M0";"A1100";"P1D_L";"ZZ";
"2020-12-28";"J02M0";"A1100";"P1D_L";"ZZ";"-0.792"
"2020-12-29";"J02M0";"A1100";"P1D_L";"ZZ";"-0.798"
"2020-12-30";"J02M0";"A1100";"P1D_L";"ZZ";"-0.782"
"2020-12-31";"J02M0";"A1100";"P1D_L";"ZZ";
"2021-01-01";"J02M0";"A1100";"P1D_L";"ZZ";
"2021-01-04";"J02M0";"A1100";"P1D_L";"ZZ";"-0.823"
"2021-01-05";"J02M0";"A1100";"P1D_L";"ZZ";"-0.814"
"2021-01-06";"J02M0";"A1100";"P1D_L";"ZZ";"-0.813"
"2021-01-07";"J02M0";"A1100";"P1D_L";"ZZ";"-0.804"
"2021-01-08";"J02M0";"A1100";"P1D_L";"ZZ";"-0.799"
"2021-01-11";"J02M0";"A1100";"P1D_L";"ZZ";"-0.8"
"2021-01-12";"J02M0";"A1100";"P1D_L";"ZZ";"-0.785"
"2021-01-13";"J02M0";"A1100";"P1D_L";"ZZ";"-0.77"
"2021-01-14";"J02M0";"A1100";"P1D_L";"ZZ";"-0.759"
"2021-01-15";"J02M0";"A1100";"P1D_L";"ZZ";"-0.761"
"2021-01-18";"J02M0";"A1100";"P1D_L";"ZZ";"-0.774"
"2021-01-19";"J02M0";"A1100";"P1D_L";"ZZ";"-0.765"
"2021-01-20";"J02M0";"A1100";"P1D_L";"ZZ";"-0.782"
"2021-01-21";"J02M0";"A1100";"P1D_L";"ZZ";"-0.76"
"2021-01-22";"J02M0";"A1100";"P1D_L";"ZZ";"-0.763"
"2021-01-25";"J02M0";"A1100";"P1D_L";"ZZ";"-0.775"
"2021-01-26";"J02M0";"A1100";"P1D_L";"ZZ";"-0.775"
"2021-01-27";"J02M0";"A1100";"P1D_L";"ZZ";"-0.777"
"2021-01-28";"J02M0";"A1100";"P1D_L";"ZZ";"-0.782"
"2021-01-29";"J02M0";"A1100";"P1D_L";"ZZ";"-0.78"
"2021-02-01";"J02M0";"A1100";"P1D_L";"ZZ";"-0.791"
"2021-02-02";"J02M0";"A1100";"P1D_L";"ZZ";"-0.774"
"2021-02-03";"J02M0";"A1100";"P1D_L";"ZZ";"-0.781"
"2021-02-04";"J02M0";"A1100";"P1D_L";"ZZ";"-0.77"
"2021-02-05";"J02M0";"A1100";"P1D_L";"ZZ";"-0.768"
"2021-02-08";"J02M0";"A1100";"P1D_L";"ZZ";"-0.764"
"2021-02-09";"J02M0";"A1100";"P1D_L";"ZZ";"-0.764"
"2021-02-10";"J02M0";"A1100";"P1D_L";"ZZ";"-0.774"
"2021-02-11";"J02M0";"A1100";"P1D_L";"ZZ";"-0.781"
"2021-02-12";"J02M0";"A1100";"P1D_L";"ZZ";"-0.77"
"2021-02-15";"J02M0";"A1100";"P1D_L";"ZZ";"-0.784"
"2021-02-16";"J02M0";"A1100";"P1D_L";"ZZ";"-0.782"
"2021-02-17";"J02M0";"A1100";"P1D_L";"ZZ";"-0.775"
"2021-02-18";"J02M0";"A1100";"P1D_L";"ZZ";"-0.77"
"2021-02-19";"J02M0";"A1100";"P1D_L";"ZZ";"-0.752"
"2021-02-22";"J02M0";"A1100";"P1D_L";"ZZ";"-0.772"
"2021-02-23";"J02M0";"A1100";"P1D_L";"ZZ";"-0.775"
"2021-02-24";"J02M0";"A1100";"P1D_L";"ZZ";"-0.781"
"2021-02-25";"J02M0";"A1100";"P1D_L";"ZZ";"-0.768"
"2021-02-26";"J02M0";"A1100";"P1D_L";"ZZ";"-0.761"
"2021-03-01";"J02M0";"A1100";"P1D_L";"ZZ";"-0.774"
"2021-03-02";"J02M0";"A1100";"P1D_L";"ZZ";"-0.773"
"2021-03-03";"J02M0";"A1100";"P1D_L";"ZZ";"-0.774"
"2021-03-04";"J02M0";"A1100";"P1D_L";"ZZ";"-0.771"
"2021-03-05";"J02M0";"A1100";"P1D_L";"ZZ";"-0.77"
"2021-03-08";"J02M0";"A1100";"P1D_L";"ZZ";"-0.774"
"2021-03-09";"J02M0";"A1100";"P1D_L";"ZZ";"-0.773"
"2021-03-10";"J02M0";"A1100";"P1D_L";"ZZ";"-0.771"
"2021-03-11";"J02M0";"A1100";"P1D_L";"ZZ";"-0.779"
"2021-03-12";"J02M0";"A1100";"P1D_L";"ZZ";"-0.765"
"2021-03-15";"J02M0";"A1100";"P1D_L";"ZZ";"-0.773"
"2021-03-16";"J02M0";"A1100";"P1D_L";"ZZ";"-0.769"
"2021-03-17";"J02M0";"A1100";"P1D_L";"ZZ";"-0.787"
"2021-03-18";"J02M0";"A1100";"P1D_L";"ZZ";"-0.76"
"2021-03-19";"J02M0";"A1100";"P1D_L";"ZZ";"-0.77"
"2021-03-22";"J02M0";"A1100";"P1D_L";"ZZ";"-0.775"
"2021-03-23";"J02M0";"A1100";"P1D_L";"ZZ";"-0.799"
"2021-03-24";"J02M0";"A1100";"P1D_L";"ZZ";"-0.798"
"2021-03-25";"J02M0";"A1100";"P1D_L";"ZZ";"-0.792"
"2021-03-26";"J02M0";"A1100";"P1D_L";"ZZ";"-0.796"
"2021-03-29";"J02M0";"A1100";"P1D_L";"ZZ";"-0.803"
"2021-03-30";"J02M0";"A1100";"P1D_L";"ZZ";"-0.795"
"2021-03-31";"J02M0";"A1100";"P1D_L";"ZZ";"-0.776"
"2021-04-01";"J02M0";"A1100";"P1D_L";"ZZ";"-0.781"
"2021-04-02";"J02M0";"A1100";"P1D_L";"ZZ";
"2021-04-05";"J02M0";"A1100";"P1D_L";"ZZ";
"2021-04-06";"J02M0";"A1100";"P1D_L";"ZZ";"-0.791"
"2021-04-07";"J02M0";"A1100";"P1D_L";"ZZ";"-0.789"
"2021-04-08";"J02M0";"A1100";"P1D_L";"ZZ";"-0.787"
"2021-04-09";"J02M0";"A1100";"P1D_L";"ZZ";"-0.778"
"2021-04-12";"J02M0";"A1100";"P1D_L";"ZZ";"-0.779"
"2021-04-13";"J02M0";"A1100";"P1D_L";"ZZ";"-0.773"
"2021-04-14";"J02M0";"A1100";"P1D_L";"ZZ";"-0.768"
"2021-04-15";"J02M0";"A1100";"P1D_L";"ZZ";"-0.772"
"2021-04-16";"J02M0";"A1100";"P1D_L";"ZZ";"-0.779"
"2021-04-19";"J02M0";"A1100";"P1D_L";"ZZ";"-0.784"
"2021-04-20";"J02M0";"A1100";"P1D_L";"ZZ";"-0.776"
"2021-04-21";"J02M0";"A1100";"P1D_L";"ZZ";"-0.788"
"2021-04-22";"J02M0";"A1100";"P1D_L";"ZZ";"-0.781"
"2021-04-23";"J02M0";"A1100";"P1D_L";"ZZ";"-0.776"
"2021-04-26";"J02M0";"A1100";"P1D_L";"ZZ";"-0.782"
"2021-04-27";"J02M0";"A1100";"P1D_L";"ZZ";"-0.782"
"2021-04-28";"J02M0";"A1100";"P1D_L";"ZZ";"-0.781"
"2021-04-29";"J02M0";"A1100";"P1D_L";"ZZ";"-0.771"
"2021-04-30";"J02M0";"A1100";"P1D_L";"ZZ";"-0.773"
"2021-05-03";"J02M0";"A1100";"P1D_L";"ZZ";"-0.77"
"2021-05-04";"J02M0";"A1100";"P1D_L";"ZZ";"-0.777"
"2021-05-05";"J02M0";"A1100";"P1D_L";"ZZ";"-0.769"
"2021-05-06";"J02M0";"A1100";"P1D_L";"ZZ";"-0.745"
"2021-05-07";"J02M0";"A1100";"P1D_L";"ZZ";"-0.755"
"2021-05-10";"J02M0";"A1100";"P1D_L";"ZZ";"-0.767"
"2021-05-11";"J02M0";"A1100";"P1D_L";"ZZ";"-0.75"
"2021-05-12";"J02M0";"A1100";"P1D_L";"ZZ";"-0.743"
"2021-05-13";"J02M0";"A1100";"P1D_L";"ZZ";
"2021-05-14";"J02M0";"A1100";"P1D_L";"ZZ";"-0.746"
"2021-05-17";"J02M0";"A1100";"P1D_L";"ZZ";"-0.753"
"2021-05-18";"J02M0";"A1100";"P1D_L";"ZZ";"-0.748"
"2021-05-19";"J02M0";"A1100";"P1D_L";"ZZ";"-0.751"
"2021-05-20";"J02M0";"A1100";"P1D_L";"ZZ";"-0.746"
"2021-05-21";"J02M0";"A1100";"P1D_L";"ZZ";"-0.75"
"2021-05-24";"J02M0";"A1100";"P1D_L";"ZZ";
"2021-05-25";"J02M0";"A1100";"P1D_L";"ZZ";"-0.764"
"2021-05-26";"J02M0";"A1100";"P1D_L";"ZZ";"-0.766"
"2021-05-27";"J02M0";"A1100";"P1D_L";"ZZ";"-0.76"
"2021-05-28";"J02M0";"A1100";"P1D_L";"ZZ";"-0.749"
"2021-05-31";"J02M0";"A1100";"P1D_L";"ZZ";"-0.761"
"2021-06-01";"J02M0";"A1100";"P1D_L";"ZZ";"-0.755"
"2021-06-02";"J02M0";"A1100";"P1D_L";"ZZ";"-0.753"
"2021-06-03";"J02M0";"A1100";"P1D_L";"ZZ";"-0.747"
"2021-06-04";"J02M0";"A1100";"P1D_L";"ZZ";"-0.743"
"2021-06-07";"J02M0";"A1100";"P1D_L";"ZZ";"-0.754"
"2021-06-08";"J02M0";"A1100";"P1D_L";"ZZ";"-0.745"
"2021-06-09";"J02M0";"A1100";"P1D_L";"ZZ";"-0.745"
"2021-06-10";"J02M0";"A1100";"P1D_L";"ZZ";"-0.75"
"2021-06-11";"J02M0";"A1100";"P1D_L";"ZZ";"-0.758"
"2021-06-14";"J02M0";"A1100";"P1D_L";"ZZ";"-0.781"
"2021-06-15";"J02M0";"A1100";"P1D_L";"ZZ";"-0.767"
"2021-06-16";"J02M0";"A1100";"P1D_L";"ZZ";"-0.77"
"2021-06-17";"J02M0";"A1100";"P1D_L";"ZZ";"-0.751"
"2021-06-18";"J02M0";"A1100";"P1D_L";"ZZ";"-0.763"
"2021-06-21";"J02M0";"A1100";"P1D_L";"ZZ";"-0.757"
"2021-06-22";"J02M0";"A1100";"P1D_L";"ZZ";"-0.749"
"2021-06-23";"J02M0";"A1100";"P1D_L";"ZZ";"-0.752"
"2021-06-24";"J02M0";"A1100";"P1D_L";"ZZ";"-0.748"
"2021-06-25";"J02M0";"A1100";"P1D_L";"ZZ";"-0.759"
"2021-06-28";"J02M0";"A1100";"P1D_L";"ZZ";"-0.762"
"2021-06-29";"J02M0";"A1100";"P1D_L";"ZZ";"-0.754"
"2021-06-30";"J02M0";"A1100";"P1D_L";"ZZ";"-0.758"
"2021-07-01";"J02M0";"A1100";"P1D_L";"ZZ";"-0.754"
"2021-07-02";"J02M0";"A1100";"P1D_L";"ZZ";"-0.754"
"2021-07-05";"J02M0";"A1100";"P1D_L";"ZZ";"-0.767"
"2021-07-06";"J02M0";"A1100";"P1D_L";"ZZ";"-0.761"
"2021-07-07";"J02M0";"A1100";"P1D_L";"ZZ";"-0.775"
"2021-07-08";"J02M0";"A1100";"P1D_L";"ZZ";"-0.778"
"2021-07-09";"J02M0";"A1100";"P1D_L";"ZZ";"-0.778"
"2021-07-12";"J02M0";"A1100";"P1D_L";"ZZ";"-0.804"
"2021-07-13";"J02M0";"A1100";"P1D_L";"ZZ";"-0.79"
"2021-07-14";"J02M0";"A1100";"P1D_L";"ZZ";"-0.791"
"2021-07-15";"J02M0";"A1100";"P1D_L";"ZZ";"-0.795"
"2021-07-16";"J02M0";"A1100";"P1D_L";"ZZ";"-0.786"
"2021-07-19";"J02M0";"A1100";"P1D_L";"ZZ";"-0.798"
"2021-07-20";"J02M0";"A1100";"P1D_L";"ZZ";"-0.807"
"2021-07-21";"J02M0";"A1100";"P1D_L";"ZZ";"-0.811"
"2021-07-22";"J02M0";"A1100";"P1D_L";"ZZ";"-0.792"
"2021-07-23";"J02M0";"A1100";"P1D_L";"ZZ";"-0.794"
"2021-07-26";"J02M0";"A1100";"P1D_L";"ZZ";"-0.805"
"2021-07-27";"J02M0";"A1100";"P1D_L";"ZZ";"-0.808"
"2021-07-28";"J02M0";"A1100";"P1D_L";"ZZ";"-0.798"
"2021-07-29";"J02M0";"A1100";"P1D_L";"ZZ";"-0.791"
"2021-07-30";"J02M0";"A1100";"P1D_L";"ZZ";"-0.8"
"2021-08-02";"J02M0";"A1100";"P1D_L";"ZZ";"-0.799"
"2021-08-03";"J02M0";"A1100";"P1D_L";"ZZ";"-0.804"
"2021-08-04";"J02M0";"A1100";"P1D_L";"ZZ";"-0.808"
"2021-08-05";"J02M0";"A1100";"P1D_L";"ZZ";"-0.802"
"2021-08-06";"J02M0";"A1100";"P1D_L";"ZZ";"-0.794"
"2021-08-09";"J02M0";"A1100";"P1D_L";"ZZ";"-0.816"
"2021-08-10";"J02M0";"A1100";"P1D_L";"ZZ";"-0.793"
"2021-08-11";"J02M0";"A1100";"P1D_L";"ZZ";"-0.796"
"2021-08-12";"J02M0";"A1100";"P1D_L";"ZZ";"-0.801"
"2021-08-13";"J02M0";"A1100";"P1D_L";"ZZ";"-0.798"
"2021-08-16";"J02M0";"A1100";"P1D_L";"ZZ";"-0.794"
"2021-08-17";"J02M0";"A1100";"P1D_L";"ZZ";"-0.787"
"2021-08-18";"J02M0";"A1100";"P1D_L";"ZZ";"-0.79"
"2021-08-19";"J02M0";"A1100";"P1D_L";"ZZ";"-0.779"
"2021-08-20";"J02M0";"A1100";"P1D_L";"ZZ";"-0.773"
"2021-08-23";"J02M0";"A1100";"P1D_L";"ZZ";"-0.777"
"2021-08-24";"J02M0";"A1100";"P1D_L";"ZZ";"-0.782"
"2021-08-25";"J02M0";"A1100";"P1D_L";"ZZ";"-0.779"
"2021-08-26";"J02M0";"A1100";"P1D_L";"ZZ";"-0.766"
"2021-08-27";"J02M0";"A1100";"P1D_L";"ZZ";"-0.772"
"2021-08-30";"J02M0";"A1100";"P1D_L";"ZZ";"-0.786"
"2021-08-31";"J02M0";"A1100";"P1D_L";"ZZ";"-0.771"
"2021-09-01";"J02M0";"A1100";"P1D_L";"ZZ";"-0.774"
"2021-09-02";"J02M0";"A1100";"P1D_L";"ZZ";"-0.762"
"2021-09-03";"J02M0";"A1100";"P1D_L";"ZZ";"-0.768"
"2021-09-06";"J02M0";"A1100";"P1D_L";"ZZ";"-0.766"
"2021-09-07";"J02M0";"A1100";"P1D_L";"ZZ";"-0.76"
"2021-09-08";"J02M0";"A1100";"P1D_L";"ZZ";"-0.737"
"2021-09-09";"J02M0";"A1100";"P1D_L";"ZZ";"-0.747"
"2021-09-10";"J02M0";"A1100";"P1D_L";"ZZ";"-0.751"
"2021-09-13";"J02M0";"A1100";"P1D_L";"ZZ";"-0.756"
"2021-09-14";"J02M0";"A1100";"P1D_L";"ZZ";"-0.75"
"2021-09-15";"J02M0";"A1100";"P1D_L";"ZZ";"-0.748"
"2021-09-16";"J02M0";"A1100";"P1D_L";"ZZ";"-0.726"
"2021-09-17";"J02M0";"A1100";"P1D_L";"ZZ";"-0.726"
"2021-09-20";"J02M0";"A1100";"P1D_L";"ZZ";"-0.748"
"2021-09-21";"J02M0";"A1100";"P1D_L";"ZZ";"-0.748"
"2021-09-22";"J02M0";"A1100";"P1D_L";"ZZ";"-0.752"
"2021-09-23";"J02M0";"A1100";"P1D_L";"ZZ";"-0.731"
"2021-09-24";"J02M0";"A1100";"P1D_L";"ZZ";"-0.697"
"2021-09-27";"J02M0";"A1100";"P1D_L";"ZZ";"-0.713"
"2021-09-28";"J02M0";"A1100";"P1D_L";"ZZ";"-0.717"
"2021-09-29";"J02M0";"A1100";"P1D_L";"ZZ";"-0.718"
"2021-09-30";"J02M0";"A1100";"P1D_L";"ZZ";"-0.713"
"2021-10-01";"J02M0";"A1100";"P1D_L";"ZZ";"-0.715"
"2021-10-04";"J02M0";"A1100";"P1D_L";"ZZ";"-0.733"
"2021-10-05";"J02M0";"A1100";"P1D_L";"ZZ";"-0.736"
"2021-10-06";"J02M0";"A1100";"P1D_L";"ZZ";"-0.717"
"2021-10-07";"J02M0";"A1100";"P1D_L";"ZZ";"-0.715"
"2021-10-08";"J02M0";"A1100";"P1D_L";"ZZ";"-0.704"
"2021-10-11";"J02M0";"A1100";"P1D_L";"ZZ";"-0.7"
"2021-10-12";"J02M0";"A1100";"P1D_L";"ZZ";"-0.697"
"2021-10-13";"J02M0";"A1100";"P1D_L";"ZZ";"-0.682"
"2021-10-14";"J02M0";"A1100";"P1D_L";"ZZ";"-0.682"
"2021-10-15";"J02M0";"A1100";"P1D_L";"ZZ";"-0.694"
"2021-10-18";"J02M0";"A1100";"P1D_L";"ZZ";"-0.666"
"2021-10-19";"J02M0";"A1100";"P1D_L";"ZZ";"-0.676"
"2021-10-20";"J02M0";"A1100";"P1D_L";"ZZ";"-0.653"
"2021-10-21";"J02M0";"A1100";"P1D_L";"ZZ";"-0.653"
"2021-10-22";"J02M0";"A1100";"P1D_L";"ZZ";"-0.624"
"2021-10-25";"J02M0";"A1100";"P1D_L";"ZZ";"-0.647"
"2021-10-26";"J02M0";"A1100";"P1D_L";"ZZ";"-0.658"
"2021-10-27";"J02M0";"A1100";"P1D_L";"ZZ";"-0.646"
"2021-10-28";"J02M0";"A1100";"P1D_L";"ZZ";"-0.602"
"2021-10-29";"J02M0";"A1100";"P1D_L";"ZZ";"-0.559"
"2021-11-01";"J02M0";"A1100";"P1D_L";"ZZ";"-0.574"
"2021-11-02";"J02M0";"A1100";"P1D_L";"ZZ";"-0.623"
"2021-11-03";"J02M0";"A1100";"P1D_L";"ZZ";"-0.64"
"2021-11-04";"J02M0";"A1100";"P1D_L";"ZZ";"-0.649"
"2021-11-05";"J02M0";"A1100";"P1D_L";"ZZ";"-0.678"
"2021-11-08";"J02M0";"A1100";"P1D_L";"ZZ";"-0.69"
"2021-11-09";"J02M0";"A1100";"P1D_L";"ZZ";"-0.682"
"2021-11-10";"J02M0";"A1100";"P1D_L";"ZZ";"-0.672"
"2021-11-11";"J02M0";"A1100";"P1D_L";"ZZ";"-0.62"
"2021-11-12";"J02M0";"A1100";"P1D_L";"ZZ";"-0.61"
"2021-11-15";"J02M0";"A1100";"P1D_L";"ZZ";"-0.665"
"2021-11-16";"J02M0";"A1100";"P1D_L";"ZZ";"-0.668"
"2021-11-17";"J02M0";"A1100";"P1D_L";"ZZ";"-0.679"
"2021-11-18";"J02M0";"A1100";"P1D_L";"ZZ";"-0.664"
"2021-11-19";"J02M0";"A1100";"P1D_L";"ZZ";"-0.666"
"2021-11-22";"J02M0";"A1100";"P1D_L";"ZZ";"-0.694"
"2021-11-23";"J02M0";"A1100";"P1D_L";"ZZ";"-0.695"
"2021-11-24";"J02M0";"A1100";"P1D_L";"ZZ";"-0.657"
"2021-11-25";"J02M0";"A1100";"P1D_L";"ZZ";"-0.686"
"2021-11-26";"J02M0";"A1100";"P1D_L";"ZZ";"-0.717"
"2021-11-29";"J02M0";"A1100";"P1D_L";"ZZ";"-0.725"
"2021-11-30";"J02M0";"A1100";"P1D_L";"ZZ";"-0.732"
"2021-12-01";"J02M0";"A1100";"P1D_L";"ZZ";"-0.693"
"2021-12-02";"J02M0";"A1100";"P1D_L";"ZZ";"-0.691"
"2021-12-03";"J02M0";"A1100";"P1D_L";"ZZ";"-0.697"
"2021-12-06";"J02M0";"A1100";"P1D_L";"ZZ";"-0.715"
"2021-12-07";"J02M0";"A1100";"P1D_L";"ZZ";"-0.726"
"2021-12-08";"J02M0";"A1100";"P1D_L";"ZZ";"-0.705"
"2021-12-09";"J02M0";"A1100";"P1D_L";"ZZ";"-0.678"
"2021-12-10";"J02M0";"A1100";"P1D_L";"ZZ";"-0.686"
"2021-12-13";"J02M0";"A1100";"P1D_L";"ZZ";"-0.709"
"2021-12-14";"J02M0";"A1100";"P1D_L";"ZZ";"-0.717"
"2021-12-15";"J02M0";"A1100";"P1D_L";"ZZ";"-0.691"
"2021-12-16";"J02M0";"A1100";"P1D_L";"ZZ";"-0.664"
"2021-12-17";"J02M0";"A1100";"P1D_L";"ZZ";"-0.665"
"2021-12-20";"J02M0";"A1100";"P1D_L";"ZZ";"-0.702"
"2021-12-21";"J02M0";"A1100";"P1D_L";"ZZ";"-0.702"
"2021-12-22";"J02M0";"A1100";"P1D_L";"ZZ";"-0.668"
"2021-12-23";"J02M0";"A1100";"P1D_L";"ZZ";"-0.652"
"2021-12-24";"J02M0";"A1100";"P1D_L";"ZZ";
"2021-12-27";"J02M0";"A1100";"P1D_L";"ZZ";"-0.678"
"2021-12-28";"J02M0";"A1100";"P1D_L";"ZZ";"-0.677"
"2021-12-29";"J02M0";"A1100";"P1D_L";"ZZ";"-0.65"
"2021-12-30";"J02M0";"A1100";"P1D_L";"ZZ";"-0.623"
"2021-12-31";"J02M0";"A1100";"P1D_L";"ZZ";
"2022-01-03";"J02M0";"A1100";"P1D_L";"ZZ";"-0.626"
"2022-01-04";"J02M0";"A1100";"P1D_L";"ZZ";"-0.615"
"2022-01-05";"J02M0";"A1100";"P1D_L";"ZZ";"-0.613"
"2022-01-06";"J02M0";"A1100";"P1D_L";"ZZ";"-0.586"
"2022-01-07";"J02M0";"A1100";"P1D_L";"ZZ";"-0.583"
"2022-01-10";"J02M0";"A1100";"P1D_L";"ZZ";"-0.553"
"2022-01-11";"J02M0";"A1100";"P1D_L";"ZZ";"-0.556"
"2022-01-12";"J02M0";"A1100";"P1D_L";"ZZ";"-0.551"
"2022-01-13";"J02M0";"A1100";"P1D_L";"ZZ";"-0.553"
"2022-01-14";"J02M0";"A1100";"P1D_L";"ZZ";"-0.555"
"2022-01-17";"J02M0";"A1100";"P1D_L";"ZZ";"-0.541"
"2022-01-18";"J02M0";"A1100";"P1D_L";"ZZ";"-0.539"
"2022-01-19";"J02M0";"A1100";"P1D_L";"ZZ";"-0.541"
"2022-01-20";"J02M0";"A1100";"P1D_L";"ZZ";"-0.515"
"2022-01-21";"J02M0";"A1100";"P1D_L";"ZZ";"-0.54"
"2022-01-24";"J02M0";"A1100";"P1D_L";"ZZ";"-0.564"
"2022-01-25";"J02M0";"A1100";"P1D_L";"ZZ";"-0.542"
"2022-01-26";"J02M0";"A1100";"P1D_L";"ZZ";"-0.576"
"2022-01-27";"J02M0";"A1100";"P1D_L";"ZZ";"-0.545"
"2022-01-28";"J02M0";"A1100";"P1D_L";"ZZ";"-0.515"
"2022-01-31";"J02M0";"A1100";"P1D_L";"ZZ";"-0.524"
"2022-02-01";"J02M0";"A1100";"P1D_L";"ZZ";"-0.518"
"2022-02-02";"J02M0";"A1100";"P1D_L";"ZZ";"-0.48"
"2022-02-03";"J02M0";"A1100";"P1D_L";"ZZ";"-0.462"
"2022-02-04";"J02M0";"A1100";"P1D_L";"ZZ";"-0.34"
"2022-02-07";"J02M0";"A1100";"P1D_L";"ZZ";"-0.301"
"2022-02-08";"J02M0";"A1100";"P1D_L";"ZZ";"-0.307"
"2022-02-09";"J02M0";"A1100";"P1D_L";"ZZ";"-0.389"
"2022-02-10";"J02M0";"A1100";"P1D_L";"ZZ";"-0.375"
"2022-02-11";"J02M0";"A1100";"P1D_L";"ZZ";"-0.312"
"2022-02-14";"J02M0";"A1100";"P1D_L";"ZZ";"-0.34"
"2022-02-15";"J02M0";"A1100";"P1D_L";"ZZ";"-0.313"
"2022-02-16";"J02M0";"A1100";"P1D_L";"ZZ";"-0.373"
"2022-02-17";"J02M0";"A1100";"P1D_L";"ZZ";"-0.405"
"2022-02-18";"J02M0";"A1100";"P1D_L";"ZZ";"-0.422"
"2022-02-21";"J02M0";"A1100";"P1D_L";"ZZ";"-0.466"
"2022-02-22";"J02M0";"A1100";"P1D_L";"ZZ";"-0.459"
"2022-02-23";"J02M0";"A1100";"P1D_L";"ZZ";"-0.413"
"2022-02-24";"J02M0";"A1100";"P1D_L";"ZZ";"-0.439"
"2022-02-25";"J02M0";"A1100";"P1D_L";"ZZ";"-0.418"
"2022-02-28";"J02M0";"A1100";"P1D_L";"ZZ";"-0.449"
"2022-03-01";"J02M0";"A1100";"P1D_L";"ZZ";"-0.517"
"2022-03-02";"J02M0";"A1100";"P1D_L";"ZZ";"-0.566"
"2022-03-03";"J02M0";"A1100";"P1D_L";"ZZ";"-0.502"
"2022-03-04";"J02M0";"A1100";"P1D_L";"ZZ";"-0.514"
"2022-03-07";"J02M0";"A1100";"P1D_L";"ZZ";"-0.567"
"2022-03-08";"J02M0";"A1100";"P1D_L";"ZZ";"-0.534"
"2022-03-09";"J02M0";"A1100";"P1D_L";"ZZ";"-0.524"
"2022-03-10";"J02M0";"A1100";"P1D_L";"ZZ";"-0.494"
"2022-03-11";"J02M0";"A1100";"P1D_L";"ZZ";"-0.424"
"2022-03-14";"J02M0";"A1100";"P1D_L";"ZZ";"-0.388"
"2022-03-15";"J02M0";"A1100";"P1D_L";"ZZ";"-0.391"
"2022-03-16";"J02M0";"A1100";"P1D_L";"ZZ";"-0.403"
"2022-03-17";"J02M0";"A1100";"P1D_L";"ZZ";"-0.379"
"2022-03-18";"J02M0";"A1100";"P1D_L";"ZZ";"-0.415"
"2022-03-21";"J02M0";"A1100";"P1D_L";"ZZ";"-0.417"
"2022-03-22";"J02M0";"A1100";"P1D_L";"ZZ";"-0.365"
"2022-03-23";"J02M0";"A1100";"P1D_L";"ZZ";"-0.385"
"2022-03-24";"J02M0";"A1100";"P1D_L";"ZZ";"-0.369"
"2022-03-25";"J02M0";"A1100";"P1D_L";"ZZ";"-0.338"
"2022-03-28";"J02M0";"A1100";"P1D_L";"ZZ";"-0.248"
"2022-03-29";"J02M0";"A1100";"P1D_L";"ZZ";"-0.245"
"2022-03-30";"J02M0";"A1100";"P1D_L";"ZZ";"-0.187"
"2022-03-31";"J02M0";"A1100";"P1D_L";"ZZ";"-0.204"
"2022-04-01";"J02M0";"A1100";"P1D_L";"ZZ";"-0.218"
"2022-04-04";"J02M0";"A1100";"P1D_L";"ZZ";"-0.268"
"2022-04-05";"J02M0";"A1100";"P1D_L";"ZZ";"-0.245"
"2022-04-06";"J02M0";"A1100";"P1D_L";"ZZ";"-0.206"
"2022-04-07";"J02M0";"A1100";"P1D_L";"ZZ";"-0.223"
"2022-04-08";"J02M0";"A1100";"P1D_L";"ZZ";"-0.195"
"2022-04-11";"J02M0";"A1100";"P1D_L";"ZZ";"-0.151"
"2022-04-12";"J02M0";"A1100";"P1D_L";"ZZ";"-0.085"
"2022-04-13";"J02M0";"A1100";"P1D_L";"ZZ";"-0.098"
"2022-04-14";"J02M0";"A1100";"P1D_L";"ZZ";"-0.168"
"2022-04-15";"J02M0";"A1100";"P1D_L";"ZZ";
"2022-04-18";"J02M0";"A1100";"P1D_L";"ZZ";
"2022-04-19";"J02M0";"A1100";"P1D_L";"ZZ";"-0.172"
"2022-04-20";"J02M0";"A1100";"P1D_L";"ZZ";"-0.202"
"2022-04-21";"J02M0";"A1100";"P1D_L";"ZZ";"-0.144"
"2022-04-22";"J02M0";"A1100";"P1D_L";"ZZ";"-0.105"
"2022-04-25";"J02M0";"A1100";"P1D_L";"ZZ";"-0.117"
"2022-04-26";"J02M0";"A1100";"P1D_L";"ZZ";"-0.144"
"2022-04-27";"J02M0";"A1100";"P1D_L";"ZZ";"-0.157"
"2022-04-28";"J02M0";"A1100";"P1D_L";"ZZ";"-0.166"
"2022-04-29";"J02M0";"A1100";"P1D_L";"ZZ";"-0.091"
"2022-05-02";"J02M0";"A1100";"P1D_L";"ZZ";"-0.122"
"2022-05-03";"J02M0";"A1100";"P1D_L";"ZZ";"-0.107"
"2022-05-04";"J02M0";"A1100";"P1D_L";"ZZ";"-0.069"
"2022-05-05";"J02M0";"A1100";"P1D_L";"ZZ";"-0.101"
"2022-05-06";"J02M0";"A1100";"P1D_L";"ZZ";"-0.075"
"2022-05-09";"J02M0";"A1100";"P1D_L";"ZZ";"-0.085"
"2022-05-10";"J02M0";"A1100";"P1D_L";"ZZ";"-0.137"
"2022-05-11";"J02M0";"A1100";"P1D_L";"ZZ";"-0.19"
"2022-05-12";"J02M0";"A1100";"P1D_L";"ZZ";"-0.277"
"2022-05-13";"J02M0";"A1100";"P1D_L";"ZZ";"-0.315"
"2022-05-16";"J02M0";"A1100";"P1D_L";"ZZ";"-0.245"
"2022-05-17";"J02M0";"A1100";"P1D_L";"ZZ";"-0.216"
"2022-05-18";"J02M0";"A1100";"P1D_L";"ZZ";"-0.199"
"2022-05-19";"J02M0";"A1100";"P1D_L";"ZZ";"-0.223"
"2022-05-20";"J02M0";"A1100";"P1D_L";"ZZ";"-0.153"
"2022-05-23";"J02M0";"A1100";"P1D_L";"ZZ";"-0.248"
"2022-05-24";"J02M0";"A1100";"P1D_L";"ZZ";"-0.214"
"2022-05-25";"J02M0";"A1100";"P1D_L";"ZZ";"-0.239"
"2022-05-26";"J02M0";"A1100";"P1D_L";"ZZ";
"2022-05-27";"J02M0";"A1100";"P1D_L";"ZZ";"-0.191"
"2022-05-30";"J02M0";"A1100";"P1D_L";"ZZ";"-0.159"
"2022-05-31";"J02M0";"A1100";"P1D_L";"ZZ";"-0.128"
"2022-06-01";"J02M0";"A1100";"P1D_L";"ZZ";"-0.038"
"2022-06-02";"J02M0";"A1100";"P1D_L";"ZZ";"0.042"
"2022-06-03";"J02M0";"A1100";"P1D_L";"ZZ";"0.088"
"2022-06-06";"J02M0";"A1100";"P1D_L";"ZZ";
"2022-06-07";"J02M0";"A1100";"P1D_L";"ZZ";"0.096"
"2022-06-08";"J02M0";"A1100";"P1D_L";"ZZ";"0.111"
"2022-06-09";"J02M0";"A1100";"P1D_L";"ZZ";"0.004"
"2022-06-10";"J02M0";"A1100";"P1D_L";"ZZ";"0.184"
"2022-06-13";"J02M0";"A1100";"P1D_L";"ZZ";"0.319"
"2022-06-14";"J02M0";"A1100";"P1D_L";"ZZ";"0.46"
"2022-06-15";"J02M0";"A1100";"P1D_L";"ZZ";"0.465"
"2022-06-16";"J02M0";"A1100";"P1D_L";"ZZ";"0.432"
"2022-06-17";"J02M0";"A1100";"P1D_L";"ZZ";"0.45"
"2022-06-20";"J02M0";"A1100";"P1D_L";"ZZ";"0.406"
"2022-06-21";"J02M0";"A1100";"P1D_L";"ZZ";"0.478"
"2022-06-22";"J02M0";"A1100";"P1D_L";"ZZ";"0.424"
"2022-06-23";"J02M0";"A1100";"P1D_L";"ZZ";"0.237"
"2022-06-24";"J02M0";"A1100";"P1D_L";"ZZ";"0.172"
"2022-06-27";"J02M0";"A1100";"P1D_L";"ZZ";"0.204"
"2022-06-28";"J02M0";"A1100";"P1D_L";"ZZ";"0.328"
"2022-06-29";"J02M0";"A1100";"P1D_L";"ZZ";"0.223"
"2022-06-30";"J02M0";"A1100";"P1D_L";"ZZ";"0.104"
"2022-07-01";"J02M0";"A1100";"P1D_L";"ZZ";"-0.017"
"2022-07-04";"J02M0";"A1100";"P1D_L";"ZZ";"-0.109"
"2022-07-05";"J02M0";"A1100";"P1D_L";"ZZ";"-0.088"
"2022-07-06";"J02M0";"A1100";"P1D_L";"ZZ";"-0.165"
"2022-07-07";"J02M0";"A1100";"P1D_L";"ZZ";"-0.094"
"2022-07-08";"J02M0";"A1100";"P1D_L";"ZZ";"-0.068"
"2022-07-11";"J02M0";"A1100";"P1D_L";"ZZ";"-0.113"
"2022-07-12";"J02M0";"A1100";"P1D_L";"ZZ";"-0.182"
"2022-07-13";"J02M0";"A1100";"P1D_L";"ZZ";"-0.193"
"2022-07-14";"J02M0";"A1100";"P1D_L";"ZZ";"0.03"
"2022-07-15";"J02M0";"A1100";"P1D_L";"ZZ";"-0.039"
"2022-07-18";"J02M0";"A1100";"P1D_L";"ZZ";"0.009"
"2022-07-19";"J02M0";"A1100";"P1D_L";"ZZ";"0.091"
"2022-07-20";"J02M0";"A1100";"P1D_L";"ZZ";"0.107"
"2022-07-21";"J02M0";"A1100";"P1D_L";"ZZ";"0.165"
"2022-07-22";"J02M0";"A1100";"P1D_L";"ZZ";"0.045"
"2022-07-25";"J02M0";"A1100";"P1D_L";"ZZ";"-0.038"
"2022-07-26";"J02M0";"A1100";"P1D_L";"ZZ";"-0.045"
"2022-07-27";"J02M0";"A1100";"P1D_L";"ZZ";"-0.063"
"2022-07-28";"J02M0";"A1100";"P1D_L";"ZZ";"-0.054"
"2022-07-29";"J02M0";"A1100";"P1D_L";"ZZ";"-0.04"
"2022-08-01";"J02M0";"A1100";"P1D_L";"ZZ";
"2022-08-02";"J02M0";"A1100";"P1D_L";"ZZ";"-0.111"
"2022-08-03";"J02M0";"A1100";"P1D_L";"ZZ";"0.047"
"2022-08-04";"J02M0";"A1100";"P1D_L";"ZZ";"0.074"
"2022-08-05";"J02M0";"A1100";"P1D_L";"ZZ";"0.039"
"2022-08-08";"J02M0";"A1100";"P1D_L";"ZZ";"0.044"
"2022-08-09";"J02M0";"A1100";"P1D_L";"ZZ";"0.049"
"2022-08-10";"J02M0";"A1100";"P1D_L";"ZZ";"0.084"
"2022-08-11";"J02M0";"A1100";"P1D_L";"ZZ";"0.064"
"2022-08-12";"J02M0";"A1100";"P1D_L";"ZZ";"0.084"
"2022-08-15";"J02M0";"A1100";"P1D_L";"ZZ";"0.075"
"2022-08-16";"J02M0";"A1100";"P1D_L";"ZZ";"0.057"
"2022-08-17";"J02M0";"A1100";"P1D_L";"ZZ";"0.139"
"2022-08-18";"J02M0";"A1100";"P1D_L";"ZZ";"0.224"
"2022-08-19";"J02M0";"A1100";"P1D_L";"ZZ";"0.268"
"2022-08-22";"J02M0";"A1100";"P1D_L";"ZZ";"0.266"
"2022-08-23";"J02M0";"A1100";"P1D_L";"ZZ";"0.391"
"2022-08-24";"J02M0";"A1100";"P1D_L";"ZZ";"0.377"
"2022-08-25";"J02M0";"A1100";"P1D_L";"ZZ";"0.392"
"2022-08-26";"J02M0";"A1100";"P1D_L";"ZZ";"0.422"
"2022-08-29";"J02M0";"A1100";"P1D_L";"ZZ";"0.569"
"2022-08-30";"J02M0";"A1100";"P1D_L";"ZZ";"0.497"
"2022-08-31";"J02M0";"A1100";"P1D_L";"ZZ";"0.557"
"2022-09-01";"J02M0";"A1100";"P1D_L";"ZZ";"0.62"
"2022-09-02";"J02M0";"A1100";"P1D_L";"ZZ";"0.585"
"2022-09-05";"J02M0";"A1100";"P1D_L";"ZZ";"0.597"
"2022-09-06";"J02M0";"A1100";"P1D_L";"ZZ";"0.601"
"2022-09-07";"J02M0";"A1100";"P1D_L";"ZZ";"0.573"
"2022-09-08";"J02M0";"A1100";"P1D_L";"ZZ";"0.553"
"2022-09-09";"J02M0";"A1100";"P1D_L";"ZZ";"0.746"
"2022-09-12";"J02M0";"A1100";"P1D_L";"ZZ";"0.732"
"2022-09-13";"J02M0";"A1100";"P1D_L";"ZZ";"0.777"
"2022-09-14";"J02M0";"A1100";"P1D_L";"ZZ";"0.888"
"2022-09-15";"J02M0";"A1100";"P1D_L";"ZZ";"0.909"
"2022-09-16";"J02M0";"A1100";"P1D_L";"ZZ";"0.942"
"2022-09-19";"J02M0";"A1100";"P1D_L";"ZZ";"0.882"
"2022-09-20";"J02M0";"A1100";"P1D_L";"ZZ";"1.002"
"2022-09-21";"J02M0";"A1100";"P1D_L";"ZZ";"0.967"
"2022-09-22";"J02M0";"A1100";"P1D_L";"ZZ";"1.022"
"2022-09-23";"J02M0";"A1100";"P1D_L";"ZZ";"0.905"
"2022-09-26";"J02M0";"A1100";"P1D_L";"ZZ";"0.95"
"2022-09-27";"J02M0";"A1100";"P1D_L";"ZZ";"0.897"
"2022-09-28";"J02M0";"A1100";"P1D_L";"ZZ";"0.853"
"2022-09-29";"J02M0";"A1100";"P1D_L";"ZZ";"0.695"
"2022-09-30";"J02M0";"A1100";"P1D_L";"ZZ";"0.629"
"2022-10-03";"J02M0";"A1100";"P1D_L";"ZZ";"0.634"
"2022-10-04";"J02M0";"A1100";"P1D_L";"ZZ";"0.368"
"2022-10-05";"J02M0";"A1100";"P1D_L";"ZZ";"0.432"
"2022-10-06";"J02M0";"A1100";"P1D_L";"ZZ";"0.549"
"2022-10-07";"J02M0";"A1100";"P1D_L";"ZZ";"0.596"
"2022-10-10";"J02M0";"A1100";"P1D_L";"ZZ";"0.602"
"2022-10-11";"J02M0";"A1100";"P1D_L";"ZZ";"0.674"
"2022-10-12";"J02M0";"A1100";"P1D_L";"ZZ";"0.676"
"2022-10-13";"J02M0";"A1100";"P1D_L";"ZZ";"0.547"
"2022-10-14";"J02M0";"A1100";"P1D_L";"ZZ";"0.534"
"2022-10-17";"J02M0";"A1100";"P1D_L";"ZZ";"0.528"
"2022-10-18";"J02M0";"A1100";"P1D_L";"ZZ";"0.514"
"2022-10-19";"J02M0";"A1100";"P1D_L";"ZZ";"0.556"
"2022-10-20";"J02M0";"A1100";"P1D_L";"ZZ";"0.65"
"2022-10-21";"J02M0";"A1100";"P1D_L";"ZZ";"0.641"
"2022-10-24";"J02M0";"A1100";"P1D_L";"ZZ";"0.54"
"2022-10-25";"J02M0";"A1100";"P1D_L";"ZZ";"0.543"
"2022-10-26";"J02M0";"A1100";"P1D_L";"ZZ";"0.518"
"2022-10-27";"J02M0";"A1100";"P1D_L";"ZZ";"0.586"
"2022-10-28";"J02M0";"A1100";"P1D_L";"ZZ";"0.463"
"2022-10-31";"J02M0";"A1100";"P1D_L";"ZZ";"0.533"
"2022-11-01";"J02M0";"A1100";"P1D_L";"ZZ";"0.525"
"2022-11-02";"J02M0";"A1100";"P1D_L";"ZZ";"0.54"
"2022-11-03";"J02M0";"A1100";"P1D_L";"ZZ";"0.571"
"2022-11-04";"J02M0";"A1100";"P1D_L";"ZZ";"0.544"
"2022-11-07";"J02M0";"A1100";"P1D_L";"ZZ";"0.559"
"2022-11-08";"J02M0";"A1100";"P1D_L";"ZZ";"0.528"
"2022-11-09";"J02M0";"A1100";"P1D_L";"ZZ";"0.559"
"2022-11-10";"J02M0";"A1100";"P1D_L";"ZZ";"0.597"
"2022-11-11";"J02M0";"A1100";"P1D_L";"ZZ";"0.591"
"2022-11-14";"J02M0";"A1100";"P1D_L";"ZZ";"0.693"
"2022-11-15";"J02M0";"A1100";"P1D_L";"ZZ";"0.782"
"2022-11-16";"J02M0";"A1100";"P1D_L";"ZZ";"0.744"
"2022-11-17";"J02M0";"A1100";"P1D_L";"ZZ";"0.76"
"2022-11-18";"J02M0";"A1100";"P1D_L";"ZZ";"0.758"
"2022-11-21";"J02M0";"A1100";"P1D_L";"ZZ";"0.776"
"2022-11-22";"J02M0";"A1100";"P1D_L";"ZZ";"0.762"
"2022-11-23";"J02M0";"A1100";"P1D_L";"ZZ";"0.765"
"2022-11-24";"J02M0";"A1100";"P1D_L";"ZZ";"0.762"
"2022-11-25";"J02M0";"A1100";"P1D_L";"ZZ";"0.847"
"2022-11-28";"J02M0";"A1100";"P1D_L";"ZZ";"0.878"
"2022-11-29";"J02M0";"A1100";"P1D_L";"ZZ";"0.841"
"2022-11-30";"J02M0";"A1100";"P1D_L";"ZZ";"0.892"
"2022-12-01";"J02M0";"A1100";"P1D_L";"ZZ";"0.848"
"2022-12-02";"J02M0";"A1100";"P1D_L";"ZZ";"0.827"
"2022-12-05";"J02M0";"A1100";"P1D_L";"ZZ";"0.868"
"2022-12-06";"J02M0";"A1100";"P1D_L";"ZZ";"0.847"
"2022-12-07";"J02M0";"A1100";"P1D_L";"ZZ";"0.863"
"2022-12-08";"J02M0";"A1100";"P1D_L";"ZZ";"0.887"
"2022-12-09";"J02M0";"A1100";"P1D_L";"ZZ";"0.889"
"2022-12-12";"J02M0";"A1100";"P1D_L";"ZZ";"0.886"
"2022-12-13";"J02M0";"A1100";"P1D_L";"ZZ";"0.963"
"2022-12-14";"J02M0";"A1100";"P1D_L";"ZZ";"0.902"
"2022-12-15";"J02M0";"A1100";"P1D_L";"ZZ";"0.935"
"2022-12-16";"J02M0";"A1100";"P1D_L";"ZZ";"1.025"
"2022-12-19";"J02M0";"A1100";"P1D_L";"ZZ";"1.009"
"2022-12-20";"J02M0";"A1100";"P1D_L";"ZZ";"1.042"
"2022-12-21";"J02M0";"A1100";"P1D_L";"ZZ";"1.116"
"2022-12-22";"J02M0";"A1100";"P1D_L";"ZZ";"1.202"
"2022-12-23";"J02M0";"A1100";"P1D_L";"ZZ";"1.235"
"2022-12-26";"J02M0";"A1100";"P1D_L";"ZZ";
"2022-12-27";"J02M0";"A1100";"P1D_L";"ZZ";"1.285"
"2022-12-28";"J02M0";"A1100";"P1D_L";"ZZ";"1.314"
"2022-12-29";"J02M0";"A1100";"P1D_L";"ZZ";"1.215"
"2022-12-30";"J02M0";"A1100";"P1D_L";"ZZ";"1.245"
"2023-01-02";"J02M0";"A1100";"P1D_L";"ZZ";
"2023-01-03";"J02M0";"A1100";"P1D_L";"ZZ";"1.197"
"2023-01-04";"J02M0";"A1100";"P1D_L";"ZZ";"1.094"
"2023-01-05";"J02M0";"A1100";"P1D_L";"ZZ";"1.184"
"2023-01-06";"J02M0";"A1100";"P1D_L";"ZZ";"1.209"
"2023-01-09";"J02M0";"A1100";"P1D_L";"ZZ";"1.154"
"2023-01-10";"J02M0";"A1100";"P1D_L";"ZZ";"1.149"
"2023-01-11";"J02M0";"A1100";"P1D_L";"ZZ";"1.094"
"2023-01-12";"J02M0";"A1100";"P1D_L";"ZZ";"1.038"
"2023-01-13";"J02M0";"A1100";"P1D_L";"ZZ";"0.957"
"2023-01-16";"J02M0";"A1100";"P1D_L";"ZZ";"1.022"
"2023-01-17";"J02M0";"A1100";"P1D_L";"ZZ";"1.008"
"2023-01-18";"J02M0";"A1100";"P1D_L";"ZZ";"0.958"
"2023-01-19";"J02M0";"A1100";"P1D_L";"ZZ";"0.94"
"2023-01-20";"J02M0";"A1100";"P1D_L";"ZZ";"1.001"
"2023-01-23";"J02M0";"A1100";"P1D_L";"ZZ";"0.998"
"2023-01-24";"J02M0";"A1100";"P1D_L";"ZZ";"1.007"
"2023-01-25";"J02M0";"A1100";"P1D_L";"ZZ";"0.952"
"2023-01-26";"J02M0";"A1100";"P1D_L";"ZZ";"0.978"
"2023-01-27";"J02M0";"A1100";"P1D_L";"ZZ";"0.995"
"2023-01-30";"J02M0";"A1100";"P1D_L";"ZZ";"1.025"
"2023-01-31";"J02M0";"A1100";"P1D_L";"ZZ";"0.996"
"2023-02-01";"J02M0";"A1100";"P1D_L";"ZZ";"0.992"
"2023-02-02";"J02M0";"A1100";"P1D_L";"ZZ";"1"
"2023-02-03";"J02M0";"A1100";"P1D_L";"ZZ";"0.959"
"2023-02-06";"J02M0";"A1100";"P1D_L";"ZZ";"1.033"
"2023-02-07";"J02M0";"A1100";"P1D_L";"ZZ";"1.099"
"2023-02-08";"J02M0";"A1100";"P1D_L";"ZZ";"1.078"
"2023-02-09";"J02M0";"A1100";"P1D_L";"ZZ";"1.046"
"2023-02-10";"J02M0";"A1100";"P1D_L";"ZZ";"1.083"
"2023-02-13";"J02M0";"A1100";"P1D_L";"ZZ";"1.1"
"2023-02-14";"J02M0";"A1100";"P1D_L";"ZZ";"1.1"
"2023-02-15";"J02M0";"A1100";"P1D_L";"ZZ";"1.107"
"2023-02-16";"J02M0";"A1100";"P1D_L";"ZZ";"1.098"
"2023-02-17";"J02M0";"A1100";"P1D_L";"ZZ";"1.177"
"2023-02-20";"J02M0";"A1100";"P1D_L";"ZZ";"1.152"
"2023-02-21";"J02M0";"A1100";"P1D_L";"ZZ";"1.236"
"2023-02-22";"J02M0";"A1100";"P1D_L";"ZZ";"1.185"
"2023-02-23";"J02M0";"A1100";"P1D_L";"ZZ";"1.142"
"2023-02-24";"J02M0";"A1100";"P1D_L";"ZZ";"1.24"
"2023-02-27";"J02M0";"A1100";"P1D_L";"ZZ";"1.183"
"2023-02-28";"J02M0";"A1100";"P1D_L";"ZZ";"1.245"
"2023-03-01";"J02M0";"A1100";"P1D_L";"ZZ";"1.275"
"2023-03-02";"J02M0";"A1100";"P1D_L";"ZZ";"1.332"
"2023-03-03";"J02M0";"A1100";"P1D_L";"ZZ";"1.375"
"2023-03-06";"J02M0";"A1100";"P1D_L";"ZZ";"1.433"
"2023-03-07";"J02M0";"A1100";"P1D_L";"ZZ";"1.572"
"2023-03-08";"J02M0";"A1100";"P1D_L";"ZZ";"1.638"
"2023-03-09";"J02M0";"A1100";"P1D_L";"ZZ";"1.532"
"2023-03-10";"J02M0";"A1100";"P1D_L";"ZZ";"1.475"
"2023-03-13";"J02M0";"A1100";"P1D_L";"ZZ";"1.176"
"2023-03-14";"J02M0";"A1100";"P1D_L";"ZZ";"0.98"
"2023-03-15";"J02M0";"A1100";"P1D_L";"ZZ";"1.06"
"2023-03-16";"J02M0";"A1100";"P1D_L";"ZZ";"0.817"
"2023-03-17";"J02M0";"A1100";"P1D_L";"ZZ";"0.666"
"2023-03-20";"J02M0";"A1100";"P1D_L";"ZZ";"0.511"
"2023-03-21";"J02M0";"A1100";"P1D_L";"ZZ";"0.858"
"2023-03-22";"J02M0";"A1100";"P1D_L";"ZZ";"0.943"
"2023-03-23";"J02M0";"A1100";"P1D_L";"ZZ";"0.963"
"2023-03-24";"J02M0";"A1100";"P1D_L";"ZZ";"0.901"
"2023-03-27";"J02M0";"A1100";"P1D_L";"ZZ";"0.844"
"2023-03-28";"J02M0";"A1100";"P1D_L";"ZZ";"0.944"
"2023-03-29";"J02M0";"A1100";"P1D_L";"ZZ";"1.059"
"2023-03-30";"J02M0";"A1100";"P1D_L";"ZZ";"0.979"
"2023-03-31";"J02M0";"A1100";"P1D_L";"ZZ";"1.059"
"2023-04-03";"J02M0";"A1100";"P1D_L";"ZZ";"1.099"
"2023-04-04";"J02M0";"A1100";"P1D_L";"ZZ";"1.107"
"2023-04-05";"J02M0";"A1100";"P1D_L";"ZZ";"1.092"
"2023-04-06";"J02M0";"A1100";"P1D_L";"ZZ";"0.972"
"2023-04-07";"J02M0";"A1100";"P1D_L";"ZZ";
"2023-04-10";"J02M0";"A1100";"P1D_L";"ZZ";
"2023-04-11";"J02M0";"A1100";"P1D_L";"ZZ";"1.006"
"2023-04-12";"J02M0";"A1100";"P1D_L";"ZZ";"1.103"
"2023-04-13";"J02M0";"A1100";"P1D_L";"ZZ";"0.953"
"2023-04-14";"J02M0";"A1100";"P1D_L";"ZZ";"0.973"
"2023-04-17";"J02M0";"A1100";"P1D_L";"ZZ";"0.966"
"2023-04-18";"J02M0";"A1100";"P1D_L";"ZZ";"1.047"
"2023-04-19";"J02M0";"A1100";"P1D_L";"ZZ";"1.02"
"2023-04-20";"J02M0";"A1100";"P1D_L";"ZZ";"1.011"
"2023-04-21";"J02M0";"A1100";"P1D_L";"ZZ";"0.981"
"2023-04-24";"J02M0";"A1100";"P1D_L";"ZZ";"0.973"
"2023-04-25";"J02M0";"A1100";"P1D_L";"ZZ";"1.007"
"2023-04-26";"J02M0";"A1100";"P1D_L";"ZZ";"0.925"
"2023-04-27";"J02M0";"A1100";"P1D_L";"ZZ";"1.004"
"2023-04-28";"J02M0";"A1100";"P1D_L";"ZZ";"0.975"
"2023-05-01";"J02M0";"A1100";"P1D_L";"ZZ";
"2023-05-02";"J02M0";"A1100";"P1D_L";"ZZ";"0.96"
"2023-05-03";"J02M0";"A1100";"P1D_L";"ZZ";"0.944"
"2023-05-04";"J02M0";"A1100";"P1D_L";"ZZ";"1.004"
"2023-05-05";"J02M0";"A1100";"P1D_L";"ZZ";"0.913"
"2023-05-08";"J02M0";"A1100";"P1D_L";"ZZ";"1.009"
"2023-05-09";"J02M0";"A1100";"P1D_L";"ZZ";"0.918"
"2023-05-10";"J02M0";"A1100";"P1D_L";"ZZ";"0.936"
"2023-05-11";"J02M0";"A1100";"P1D_L";"ZZ";"0.849"
"2023-05-12";"J02M0";"A1100";"P1D_L";"ZZ";"0.895"
"2023-05-15";"J02M0";"A1100";"P1D_L";"ZZ";"0.863"
"2023-05-16";"J02M0";"A1100";"P1D_L";"ZZ";"0.868"
"2023-05-17";"J02M0";"A1100";"P1D_L";"ZZ";"0.843"
"2023-05-18";"J02M0";"A1100";"P1D_L";"ZZ";
"2023-05-19";"J02M0";"A1100";"P1D_L";"ZZ";"0.894"
"2023-05-22";"J02M0";"A1100";"P1D_L";"ZZ";"0.875"
"2023-05-23";"J02M0";"A1100";"P1D_L";"ZZ";"0.943"
"2023-05-24";"J02M0";"A1100";"P1D_L";"ZZ";"0.955"
"2023-05-25";"J02M0";"A1100";"P1D_L";"ZZ";"0.955"
"2023-05-26";"J02M0";"A1100";"P1D_L";"ZZ";"1.013"
"2023-05-29";"J02M0";"A1100";"P1D_L";"ZZ";
"2023-05-30";"J02M0";"A1100";"P1D_L";"ZZ";"0.952"
"2023-05-31";"J02M0";"A1100";"P1D_L";"ZZ";"0.892"
"2023-06-01";"J02M0";"A1100";"P1D_L";"ZZ";"0.912"
"2023-06-02";"J02M0";"A1100";"P1D_L";"ZZ";"0.873"
"2023-06-05";"J02M0";"A1100";"P1D_L";"ZZ";"0.954"
"2023-06-06";"J02M0";"A1100";"P1D_L";"ZZ";"0.938"
"2023-06-07";"J02M0";"A1100";"P1D_L";"ZZ";"0.96"
"2023-06-08";"J02M0";"A1100";"P1D_L";"ZZ";"0.961"
"2023-06-09";"J02M0";"A1100";"P1D_L";"ZZ";"1.046"
"2023-06-12";"J02M0";"A1100";"P1D_L";"ZZ";"1.079"
"2023-06-13";"J02M0";"A1100";"P1D_L";"ZZ";"1.063"
"2023-06-14";"J02M0";"A1100";"P1D_L";"ZZ";"1.18"
"2023-06-15";"J02M0";"A1100";"P1D_L";"ZZ";"1.213"
"2023-06-16";"J02M0";"A1100";"P1D_L";"ZZ";"1.29"
"2023-06-19";"J02M0";"A1100";"P1D_L";"ZZ";"1.286"
"2023-06-20";"J02M0";"A1100";"P1D_L";"ZZ";"1.274"
"2023-06-21";"J02M0";"A1100";"P1D_L";"ZZ";"1.263"
"2023-06-22";"J02M0";"A1100";"P1D_L";"ZZ";"1.198"
"2023-06-23";"J02M0";"A1100";"P1D_L";"ZZ";"1.168"
"2023-06-26";"J02M0";"A1100";"P1D_L";"ZZ";"1.124"
"2023-06-27";"J02M0";"A1100";"P1D_L";"ZZ";"1.142"
"2023-06-28";"J02M0";"A1100";"P1D_L";"ZZ";"1.216"
"2023-06-29";"J02M0";"A1100";"P1D_L";"ZZ";"1.229"
"2023-06-30";"J02M0";"A1100";"P1D_L";"ZZ";"1.26"
"2023-07-03";"J02M0";"A1100";"P1D_L";"ZZ";"1.237"
"2023-07-04";"J02M0";"A1100";"P1D_L";"ZZ";"1.235"
"2023-07-05";"J02M0";"A1100";"P1D_L";"ZZ";"1.193"
"2023-07-06";"J02M0";"A1100";"P1D_L";"ZZ";"1.23"
"2023-07-07";"J02M0";"A1100";"P1D_L";"ZZ";"1.29"
"2023-07-10";"J02M0";"A1100";"P1D_L";"ZZ";"1.308"
"2023-07-11";"J02M0";"A1100";"P1D_L";"ZZ";"1.29"
"2023-07-12";"J02M0";"A1100";"P1D_L";"ZZ";"1.292"
"2023-07-13";"J02M0";"A1100";"P1D_L";"ZZ";"1.194"
"2023-07-14";"J02M0";"A1100";"P1D_L";"ZZ";"1.229"
"2023-07-17";"J02M0";"A1100";"P1D_L";"ZZ";"1.199"
"2023-07-18";"J02M0";"A1100";"P1D_L";"ZZ";"1.146"
"2023-07-19";"J02M0";"A1100";"P1D_L";"ZZ";"1.108"
"2023-07-20";"J02M0";"A1100";"P1D_L";"ZZ";"1.17"
"2023-07-21";"J02M0";"A1100";"P1D_L";"ZZ";"1.226"
"2023-07-24";"J02M0";"A1100";"P1D_L";"ZZ";"1.18"
"2023-07-25";"J02M0";"A1100";"P1D_L";"ZZ";"1.158"
"2023-07-26";"J02M0";"A1100";"P1D_L";"ZZ";"1.197"
"2023-07-27";"J02M0";"A1100";"P1D_L";"ZZ";"1.255"
"2023-07-28";"J02M0";"A1100";"P1D_L";"ZZ";"1.223"
"2023-07-31";"J02M0";"A1100";"P1D_L";"ZZ";"1.222"
"2023-08-01";"J02M0";"A1100";"P1D_L";"ZZ";
"2023-08-02";"J02M0";"A1100";"P1D_L";"ZZ";"1.2"
"2023-08-03";"J02M0";"A1100";"P1D_L";"ZZ";"1.139"
"2023-08-04";"J02M0";"A1100";"P1D_L";"ZZ";"1.182"
"2023-08-07";"J02M0";"A1100";"P1D_L";"ZZ";"1.17"
"2023-08-08";"J02M0";"A1100";"P1D_L";"ZZ";"1.131"
"2023-08-09";"J02M0";"A1100";"P1D_L";"ZZ";"1.106"
"2023-08-10";"J02M0";"A1100";"P1D_L";"ZZ";"1.132"
"2023-08-11";"J02M0";"A1100";"P1D_L";"ZZ";"1.139"
"2023-08-14";"J02M0";"A1100";"P1D_L";"ZZ";"1.178"
"2023-08-15";"J02M0";"A1100";"P1D_L";"ZZ";"1.194"
"2023-08-16";"J02M0";"A1100";"P1D_L";"ZZ";"1.1"
"2023-08-17";"J02M0";"A1100";"P1D_L";"ZZ";"1.114"
"2023-08-18";"J02M0";"A1100";"P1D_L";"ZZ";"1.141"
"2023-08-21";"J02M0";"A1100";"P1D_L";"ZZ";"1.084"
"2023-08-22";"J02M0";"A1100";"P1D_L";"ZZ";"1.118"
"2023-08-23";"J02M0";"A1100";"P1D_L";"ZZ";"1.064"
"2023-08-24";"J02M0";"A1100";"P1D_L";"ZZ";"1.089"
"2023-08-25";"J02M0";"A1100";"P1D_L";"ZZ";"1.09"
"2023-08-28";"J02M0";"A1100";"P1D_L";"ZZ";"1.115"
"2023-08-29";"J02M0";"A1100";"P1D_L";"ZZ";"1.102"
"2023-08-30";"J02M0";"A1100";"P1D_L";"ZZ";"1.077"
"2023-08-31";"J02M0";"A1100";"P1D_L";"ZZ";"1.082"
"2023-09-01";"J02M0";"A1100";"P1D_L";"ZZ";"1.095"
"2023-09-04";"J02M0";"A1100";"P1D_L";"ZZ";"1.032"
"2023-09-05";"J02M0";"A1100";"P1D_L";"ZZ";"1.09"
"2023-09-06";"J02M0";"A1100";"P1D_L";"ZZ";"1.038"
"2023-09-07";"J02M0";"A1100";"P1D_L";"ZZ";"1.088"
"2023-09-08";"J02M0";"A1100";"P1D_L";"ZZ";"1.11"
"2023-09-11";"J02M0";"A1100";"P1D_L";"ZZ";"1.107"
"2023-09-12";"J02M0";"A1100";"P1D_L";"ZZ";"1.201"
"2023-09-13";"J02M0";"A1100";"P1D_L";"ZZ";"1.265"
"2023-09-14";"J02M0";"A1100";"P1D_L";"ZZ";"1.26"
"2023-09-15";"J02M0";"A1100";"P1D_L";"ZZ";"1.198"
"2023-09-18";"J02M0";"A1100";"P1D_L";"ZZ";"1.262"
"2023-09-19";"J02M0";"A1100";"P1D_L";"ZZ";"1.249"
"2023-09-20";"J02M0";"A1100";"P1D_L";"ZZ";"1.299"
"2023-09-21";"J02M0";"A1100";"P1D_L";"ZZ";"1.198"
"2023-09-22";"J02M0";"A1100";"P1D_L";"ZZ";"1.145"
"2023-09-25";"J02M0";"A1100";"P1D_L";"ZZ";"1.183"
"2023-09-26";"J02M0";"A1100";"P1D_L";"ZZ";"1.158"
"2023-09-27";"J02M0";"A1100";"P1D_L";"ZZ";"1.117"
"2023-09-28";"J02M0";"A1100";"P1D_L";"ZZ";"1.114"
"2023-09-29";"J02M0";"A1100";"P1D_L";"ZZ";"1.162"
"2023-10-02";"J02M0";"A1100";"P1D_L";"ZZ";"1.25"
"2023-10-03";"J02M0";"A1100";"P1D_L";"ZZ";"1.182"
"2023-10-04";"J02M0";"A1100";"P1D_L";"ZZ";"1.18"
"2023-10-05";"J02M0";"A1100";"P1D_L";"ZZ";"1.179"
"2023-10-06";"J02M0";"A1100";"P1D_L";"ZZ";"1.206"
"2023-10-09";"J02M0";"A1100";"P1D_L";"ZZ";"1.151"
"2023-10-10";"J02M0";"A1100";"P1D_L";"ZZ";"1.155"
"2023-10-11";"J02M0";"A1100";"P1D_L";"ZZ";"1.149"
"2023-10-12";"J02M0";"A1100";"P1D_L";"ZZ";"1.216"
"2023-10-13";"J02M0";"A1100";"P1D_L";"ZZ";"1.134"
"2023-10-16";"J02M0";"A1100";"P1D_L";"ZZ";"1.198"
"2023-10-17";"J02M0";"A1100";"P1D_L";"ZZ";"1.172"
"2023-10-18";"J02M0";"A1100";"P1D_L";"ZZ";"1.192"
"2023-10-19";"J02M0";"A1100";"P1D_L";"ZZ";"1.27"
"2023-10-20";"J02M0";"A1100";"P1D_L";"ZZ";"1.139"
"2023-10-23";"J02M0";"A1100";"P1D_L";"ZZ";"1.172"
"2023-10-24";"J02M0";"A1100";"P1D_L";"ZZ";"1.198"
"2023-10-25";"J02M0";"A1100";"P1D_L";"ZZ";"1.171"
"2023-10-26";"J02M0";"A1100";"P1D_L";"ZZ";"1.194"
"2023-10-27";"J02M0";"A1100";"P1D_L";"ZZ";"1.073"
"2023-10-30";"J02M0";"A1100";"P1D_L";"ZZ";"1.144"
"2023-10-31";"J02M0";"A1100";"P1D_L";"ZZ";"1.15"
"2023-11-01";"J02M0";"A1100";"P1D_L";"ZZ";"1.195"
"2023-11-02";"J02M0";"A1100";"P1D_L";"ZZ";"1.163"
"2023-11-03";"J02M0";"A1100";"P1D_L";"ZZ";"1.189"
"2023-11-06";"J02M0";"A1100";"P1D_L";"ZZ";"1.233"
"2023-11-07";"J02M0";"A1100";"P1D_L";"ZZ";"1.171"
"2023-11-08";"J02M0";"A1100";"P1D_L";"ZZ";"1.241"
"2023-11-09";"J02M0";"A1100";"P1D_L";"ZZ";"1.243"
"2023-11-10";"J02M0";"A1100";"P1D_L";"ZZ";"1.205"
"2023-11-13";"J02M0";"A1100";"P1D_L";"ZZ";"1.271"
"2023-11-14";"J02M0";"A1100";"P1D_L";"ZZ";"1.254"
"2023-11-15";"J02M0";"A1100";"P1D_L";"ZZ";"1.212"
"2023-11-16";"J02M0";"A1100";"P1D_L";"ZZ";"1.244"
"2023-11-17";"J02M0";"A1100";"P1D_L";"ZZ";"1.212"
"2023-11-20";"J02M0";"A1100";"P1D_L";"ZZ";"1.228"
"2023-11-21";"J02M0";"A1100";"P1D_L";"ZZ";"1.225"
"2023-11-22";"J02M0";"A1100";"P1D_L";"ZZ";"1.226"
"2023-11-23";"J02M0";"A1100";"P1D_L";"ZZ";"1.25"
"2023-11-24";"J02M0";"A1100";"P1D_L";"ZZ";"1.285"
"2023-11-27";"J02M0";"A1100";"P1D_L";"ZZ";"1.261"
"2023-11-28";"J02M0";"A1100";"P1D_L";"ZZ";"1.217"
"2023-11-29";"J02M0";"A1100";"P1D_L";"ZZ";"1.19"
"2023-11-30";"J02M0";"A1100";"P1D_L";"ZZ";"1.152"
"2023-12-01";"J02M0";"A1100";"P1D_L";"ZZ";"1.101"
"2023-12-04";"J02M0";"A1100";"P1D_L";"ZZ";"0.935"
"2023-12-05";"J02M0";"A1100";"P1D_L";"ZZ";"0.991"
"2023-12-06";"J02M0";"A1100";"P1D_L";"ZZ";"1.018"
"2023-12-07";"J02M0";"A1100";"P1D_L";"ZZ";"0.985"
"2023-12-08";"J02M0";"A1100";"P1D_L";"ZZ";"1.049"
"2023-12-11";"J02M0";"A1100";"P1D_L";"ZZ";"1.033"
"2023-12-12";"J02M0";"A1100";"P1D_L";"ZZ";"1.032"
"2023-12-13";"J02M0";"A1100";"P1D_L";"ZZ";"1.023"
"2023-12-14";"J02M0";"A1100";"P1D_L";"ZZ";"0.912"
"2023-12-15";"J02M0";"A1100";"P1D_L";"ZZ";"0.931"
"2023-12-18";"J02M0";"A1100";"P1D_L";"ZZ";"0.904"
"2023-12-19";"J02M0";"A1100";"P1D_L";"ZZ";"0.959"
"2023-12-20";"J02M0";"A1100";"P1D_L";"ZZ";"0.953"
"2023-12-21";"J02M0";"A1100";"P1D_L";"ZZ";"1.001"
"2023-12-22";"J02M0";"A1100";"P1D_L";"ZZ";"0.999"
"2023-12-25";"J02M0";"A1100";"P1D_L";"ZZ";
"2023-12-26";"J02M0";"A1100";"P1D_L";"ZZ";
"2023-12-27";"J02M0";"A1100";"P1D_L";"ZZ";"0.986"
"2023-12-28";"J02M0";"A1100";"P1D_L";"ZZ";"0.976"
"2023-12-29";"J02M0";"A1100";"P1D_L";"ZZ";"0.992"
"2024-01-01";"J02M0";"A1100";"P1D_L";"ZZ";
"2024-01-02";"J02M0";"A1100";"P1D_L";"ZZ";
"2024-01-03";"J02M0";"A1100";"P1D_L";"ZZ";"1.024"
"2024-01-04";"J02M0";"A1100";"P1D_L";"ZZ";"1.038"
"2024-01-05";"J02M0";"A1100";"P1D_L";"ZZ";"1.137"
"2024-01-08";"J02M0";"A1100";"P1D_L";"ZZ";"1.108"
"2024-01-09";"J02M0";"A1100";"P1D_L";"ZZ";"1.107"
"2024-01-10";"J02M0";"A1100";"P1D_L";"ZZ";"1.099"
"2024-01-11";"J02M0";"A1100";"P1D_L";"ZZ";"1.107"
"2024-01-12";"J02M0";"A1100";"P1D_L";"ZZ";"1.029"
"2024-01-15";"J02M0";"A1100";"P1D_L";"ZZ";"1.022"
"2024-01-16";"J02M0";"A1100";"P1D_L";"ZZ";"1.018"
"2024-01-17";"J02M0";"A1100";"P1D_L";"ZZ";"1.024"
"2024-01-18";"J02M0";"A1100";"P1D_L";"ZZ";"1.054"
"2024-01-19";"J02M0";"A1100";"P1D_L";"ZZ";"1.011"
"2024-01-22";"J02M0";"A1100";"P1D_L";"ZZ";"1.025"
"2024-01-23";"J02M0";"A1100";"P1D_L";"ZZ";"1.039"
"2024-01-24";"J02M0";"A1100";"P1D_L";"ZZ";"1.036"
"2024-01-25";"J02M0";"A1100";"P1D_L";"ZZ";"1.092"
"2024-01-26";"J02M0";"A1100";"P1D_L";"ZZ";"1.01"
"2024-01-29";"J02M0";"A1100";"P1D_L";"ZZ";"0.977"
"2024-01-30";"J02M0";"A1100";"P1D_L";"ZZ";"0.94"
"2024-01-31";"J02M0";"A1100";"P1D_L";"ZZ";"0.983"
"2024-02-01";"J02M0";"A1100";"P1D_L";"ZZ";"0.964"
"2024-02-02";"J02M0";"A1100";"P1D_L";"ZZ";"0.944"
"2024-02-05";"J02M0";"A1100";"P1D_L";"ZZ";"0.965"
"2024-02-06";"J02M0";"A1100";"P1D_L";"ZZ";"1.076"
"2024-02-07";"J02M0";"A1100";"P1D_L";"ZZ";"1.059"
"2024-02-08";"J02M0";"A1100";"P1D_L";"ZZ";"1.075"
"2024-02-09";"J02M0";"A1100";"P1D_L";"ZZ";"1.111"
"2024-02-12";"J02M0";"A1100";"P1D_L";"ZZ";"1.104"
"2024-02-13";"J02M0";"A1100";"P1D_L";"ZZ";"1.006"
"2024-02-14";"J02M0";"A1100";"P1D_L";"ZZ";"0.952"
"2024-02-15";"J02M0";"A1100";"P1D_L";"ZZ";"1.016"
"2024-02-16";"J02M0";"A1100";"P1D_L";"ZZ";"0.997"
"2024-02-19";"J02M0";"A1100";"P1D_L";"ZZ";"1.027"
"2024-02-20";"J02M0";"A1100";"P1D_L";"ZZ";"1.012"
"2024-02-21";"J02M0";"A1100";"P1D_L";"ZZ";"1.015"
"2024-02-22";"J02M0";"A1100";"P1D_L";"ZZ";"1.045"
"2024-02-23";"J02M0";"A1100";"P1D_L";"ZZ";"1.045"
"2024-02-26";"J02M0";"A1100";"P1D_L";"ZZ";"1.025"
"2024-02-27";"J02M0";"A1100";"P1D_L";"ZZ";"1.073"
"2024-02-28";"J02M0";"A1100";"P1D_L";"ZZ";"1.029"
"2024-02-29";"J02M0";"A1100";"P1D_L";"ZZ";"1.047"
"2024-03-01";"J02M0";"A1100";"P1D_L";"ZZ";"1.017"
"2024-03-04";"J02M0";"A1100";"P1D_L";"ZZ";"0.973"
"2024-03-05";"J02M0";"A1100";"P1D_L";"ZZ";"0.971"
"2024-03-06";"J02M0";"A1100";"P1D_L";"ZZ";"0.959"
"2024-03-07";"J02M0";"A1100";"P1D_L";"ZZ";"0.949"
"2024-03-08";"J02M0";"A1100";"P1D_L";"ZZ";"0.961"
"2024-03-11";"J02M0";"A1100";"P1D_L";"ZZ";"0.957"
"2024-03-12";"J02M0";"A1100";"P1D_L";"ZZ";"0.966"
"2024-03-13";"J02M0";"A1100";"P1D_L";"ZZ";"0.975"
"2024-03-14";"J02M0";"A1100";"P1D_L";"ZZ";"0.969"
"2024-03-15";"J02M0";"A1100";"P1D_L";"ZZ";"1.062"
"2024-03-18";"J02M0";"A1100";"P1D_L";"ZZ";"1.013"
"2024-03-19";"J02M0";"A1100";"P1D_L";"ZZ";"1.05"
"2024-03-20";"J02M0";"A1100";"P1D_L";"ZZ";"1.017"
"2024-03-21";"J02M0";"A1100";"P1D_L";"ZZ";"0.841"
"2024-03-22";"J02M0";"A1100";"P1D_L";"ZZ";"0.864"
"2024-03-25";"J02M0";"A1100";"P1D_L";"ZZ";"0.854"
"2024-03-26";"J02M0";"A1100";"P1D_L";"ZZ";"0.863"
"2024-03-27";"J02M0";"A1100";"P1D_L";"ZZ";"0.849"
"2024-03-28";"J02M0";"A1100";"P1D_L";"ZZ";"0.838"
"2024-03-29";"J02M0";"A1100";"P1D_L";"ZZ";
"2024-04-01";"J02M0";"A1100";"P1D_L";"ZZ";
"2024-04-02";"J02M0";"A1100";"P1D_L";"ZZ";"0.872"
"2024-04-03";"J02M0";"A1100";"P1D_L";"ZZ";"0.872"
"2024-04-04";"J02M0";"A1100";"P1D_L";"ZZ";"0.86"
"2024-04-05";"J02M0";"A1100";"P1D_L";"ZZ";"0.88"
"2024-04-08";"J02M0";"A1100";"P1D_L";"ZZ";"0.82"
"2024-04-09";"J02M0";"A1100";"P1D_L";"ZZ";"0.849"
"2024-04-10";"J02M0";"A1100";"P1D_L";"ZZ";"0.807"
"2024-04-11";"J02M0";"A1100";"P1D_L";"ZZ";"0.892"
"2024-04-12";"J02M0";"A1100";"P1D_L";"ZZ";"0.859"
"2024-04-15";"J02M0";"A1100";"P1D_L";"ZZ";"0.857"
"2024-04-16";"J02M0";"A1100";"P1D_L";"ZZ";"0.906"
"2024-04-17";"J02M0";"A1100";"P1D_L";"ZZ";"0.929"
"2024-04-18";"J02M0";"A1100";"P1D_L";"ZZ";"0.851"
"2024-04-19";"J02M0";"A1100";"P1D_L";"ZZ";"0.889"
"2024-04-22";"J02M0";"A1100";"P1D_L";"ZZ";"0.891"
"2024-04-23";"J02M0";"A1100";"P1D_L";"ZZ";"0.886"
"2024-04-24";"J02M0";"A1100";"P1D_L";"ZZ";"0.875"
"2024-04-25";"J02M0";"A1100";"P1D_L";"ZZ";"0.862"
"2024-04-26";"J02M0";"A1100";"P1D_L";"ZZ";"0.903"
"2024-04-29";"J02M0";"A1100";"P1D_L";"ZZ";"0.885"
"2024-04-30";"J02M0";"A1100";"P1D_L";"ZZ";"0.891"
"2024-05-01";"J02M0";"A1100";"P1D_L";"ZZ";
"2024-05-02";"J02M0";"A1100";"P1D_L";"ZZ";"0.903"
"2024-05-03";"J02M0";"A1100";"P1D_L";"ZZ";"0.945"
"2024-05-06";"J02M0";"A1100";"P1D_L";"ZZ";"0.899"
"2024-05-07";"J02M0";"A1100";"P1D_L";"ZZ";"0.902"
"2024-05-08";"J02M0";"A1100";"P1D_L";"ZZ";"0.912"
"2024-05-09";"J02M0";"A1100";"P1D_L";"ZZ";
"2024-05-10";"J02M0";"A1100";"P1D_L";"ZZ";"0.904"
"2024-05-13";"J02M0";"A1100";"P1D_L";"ZZ";"0.924"
"2024-05-14";"J02M0";"A1100";"P1D_L";"ZZ";"0.942"
"2024-05-15";"J02M0";"A1100";"P1D_L";"ZZ";"0.934"
"2024-05-16";"J02M0";"A1100";"P1D_L";"ZZ";"0.891"
"2024-05-17";"J02M0";"A1100";"P1D_L";"ZZ";"0.927"
"2024-05-20";"J02M0";"A1100";"P1D_L";"ZZ";
"2024-05-21";"J02M0";"A1100";"P1D_L";"ZZ";"0.913"
"2024-05-22";"J02M0";"A1100";"P1D_L";"ZZ";"0.947"
"2024-05-23";"J02M0";"A1100";"P1D_L";"ZZ";"1.006"
"2024-05-24";"J02M0";"A1100";"P1D_L";"ZZ";"1.067"
"2024-05-27";"J02M0";"A1100";"P1D_L";"ZZ";"1.073"
"2024-05-28";"J02M0";"A1100";"P1D_L";"ZZ";"1.032"
"2024-05-29";"J02M0";"A1100";"P1D_L";"ZZ";"1.024"
"2024-05-30";"J02M0";"A1100";"P1D_L";"ZZ";"1.09"
"2024-05-31";"J02M0";"A1100";"P1D_L";"ZZ";"1.154"
"2024-06-03";"J02M0";"A1100";"P1D_L";"ZZ";"1.069"
"2024-06-04";"J02M0";"A1100";"P1D_L";"ZZ";"1.036"
"2024-06-05";"J02M0";"A1100";"P1D_L";"ZZ";"1.071"
"2024-06-06";"J02M0";"A1100";"P1D_L";"ZZ";"1.036"
"2024-06-07";"J02M0";"A1100";"P1D_L";"ZZ";"0.995"
"2024-06-10";"J02M0";"A1100";"P1D_L";"ZZ";"1.018"
"2024-06-11";"J02M0";"A1100";"P1D_L";"ZZ";"1.002"
"2024-06-12";"J02M0";"A1100";"P1D_L";"ZZ";"0.981"
"2024-06-13";"J02M0";"A1100";"P1D_L";"ZZ";"1.012"
"2024-06-14";"J02M0";"A1100";"P1D_L";"ZZ";"0.945"
"2024-06-17";"J02M0";"A1100";"P1D_L";"ZZ";"0.864"
"2024-06-18";"J02M0";"A1100";"P1D_L";"ZZ";"0.927"
"2024-06-19";"J02M0";"A1100";"P1D_L";"ZZ";"0.906"
"2024-06-20";"J02M0";"A1100";"P1D_L";"ZZ";"0.927"
"2024-06-21";"J02M0";"A1100";"P1D_L";"ZZ";"0.791"
"2024-06-24";"J02M0";"A1100";"P1D_L";"ZZ";"0.782"
"2024-06-25";"J02M0";"A1100";"P1D_L";"ZZ";"0.841"
"2024-06-26";"J02M0";"A1100";"P1D_L";"ZZ";"0.782"
"2024-06-27";"J02M0";"A1100";"P1D_L";"ZZ";"0.787"
"2024-06-28";"J02M0";"A1100";"P1D_L";"ZZ";"0.742"
"2024-07-01";"J02M0";"A1100";"P1D_L";"ZZ";"0.753"
"2024-07-02";"J02M0";"A1100";"P1D_L";"ZZ";"0.786"
"2024-07-03";"J02M0";"A1100";"P1D_L";"ZZ";"0.817"
"2024-07-04";"J02M0";"A1100";"P1D_L";"ZZ";"0.811"
"2024-07-05";"J02M0";"A1100";"P1D_L";"ZZ";"0.818"
"2024-07-08";"J02M0";"A1100";"P1D_L";"ZZ";"0.812"
"2024-07-09";"J02M0";"A1100";"P1D_L";"ZZ";"0.809"
"2024-07-10";"J02M0";"A1100";"P1D_L";"ZZ";"0.79"
"2024-07-11";"J02M0";"A1100";"P1D_L";"ZZ";"0.736"
"2024-07-12";"J02M0";"A1100";"P1D_L";"ZZ";"0.738"
"2024-07-15";"J02M0";"A1100";"P1D_L";"ZZ";"0.739"
"2024-07-16";"J02M0";"A1100";"P1D_L";"ZZ";"0.7"
"2024-07-17";"J02M0";"A1100";"P1D_L";"ZZ";"0.701"
"2024-07-18";"J02M0";"A1100";"P1D_L";"ZZ";"0.688"
"2024-07-19";"J02M0";"A1100";"P1D_L";"ZZ";"0.677"
"2024-07-22";"J02M0";"A1100";"P1D_L";"ZZ";"0.726"
"2024-07-23";"J02M0";"A1100";"P1D_L";"ZZ";"0.725"
"2024-07-24";"J02M0";"A1100";"P1D_L";"ZZ";"0.7"
"2024-07-25";"J02M0";"A1100";"P1D_L";"ZZ";"0.619"
"2024-07-26";"J02M0";"A1100";"P1D_L";"ZZ";"0.637"
"2024-07-29";"J02M0";"A1100";"P1D_L";"ZZ";"0.616"
"2024-07-30";"J02M0";"A1100";"P1D_L";"ZZ";"0.685"
"2024-07-31";"J02M0";"A1100";"P1D_L";"ZZ";"0.611"
"2024-08-01";"J02M0";"A1100";"P1D_L";"ZZ";
"2024-08-02";"J02M0";"A1100";"P1D_L";"ZZ";"0.555"
"2024-08-05";"J02M0";"A1100";"P1D_L";"ZZ";"0.455"
"2024-08-06";"J02M0";"A1100";"P1D_L";"ZZ";"0.485"
"2024-08-07";"J02M0";"A1100";"P1D_L";"ZZ";"0.574"
"2024-08-08";"J02M0";"A1100";"P1D_L";"ZZ";"0.545"
"2024-08-09";"J02M0";"A1100";"P1D_L";"ZZ";"0.519"
"2024-08-12";"J02M0";"A1100";"P1D_L";"ZZ";"0.512"
"2024-08-13";"J02M0";"A1100";"P1D_L";"ZZ";"0.498"
"2024-08-14";"J02M0";"A1100";"P1D_L";"ZZ";"0.495"
"2024-08-15";"J02M0";"A1100";"P1D_L";"ZZ";"0.516"
"2024-08-16";"J02M0";"A1100";"P1D_L";"ZZ";"0.558"
"2024-08-19";"J02M0";"A1100";"P1D_L";"ZZ";"0.514"
"2024-08-20";"J02M0";"A1100";"P1D_L";"ZZ";"0.502"
"2024-08-21";"J02M0";"A1100";"P1D_L";"ZZ";"0.518"
"2024-08-22";"J02M0";"A1100";"P1D_L";"ZZ";"0.504"
"2024-08-23";"J02M0";"A1100";"P1D_L";"ZZ";"0.536"
"2024-08-26";"J02M0";"A1100";"P1D_L";"ZZ";"0.508"
"2024-08-27";"J02M0";"A1100";"P1D_L";"ZZ";"0.539"
"2024-08-28";"J02M0";"A1100";"P1D_L";"ZZ";"0.518"
"2024-08-29";"J02M0";"A1100";"P1D_L";"ZZ";"0.5"
"2024-08-30";"J02M0";"A1100";"P1D_L";"ZZ";"0.507"
"2024-09-02";"J02M0";"A1100";"P1D_L";"ZZ";"0.546"
"2024-09-03";"J02M0";"A1100";"P1D_L";"ZZ";"0.52"
"2024-09-04";"J02M0";"A1100";"P1D_L";"ZZ";"0.506"
"2024-09-05";"J02M0";"A1100";"P1D_L";"ZZ";"0.518"
"2024-09-06";"J02M0";"A1100";"P1D_L";"ZZ";"0.5"
"2024-09-09";"J02M0";"A1100";"P1D_L";"ZZ";"0.515"
"2024-09-10";"J02M0";"A1100";"P1D_L";"ZZ";"0.533"
"2024-09-11";"J02M0";"A1100";"P1D_L";"ZZ";"0.462"
"2024-09-12";"J02M0";"A1100";"P1D_L";"ZZ";"0.485"
"2024-09-13";"J02M0";"A1100";"P1D_L";"ZZ";"0.453"
"2024-09-16";"J02M0";"A1100";"P1D_L";"ZZ";"0.479"
"2024-09-17";"J02M0";"A1100";"P1D_L";"ZZ";"0.448"
"2024-09-18";"J02M0";"A1100";"P1D_L";"ZZ";"0.465"
"2024-09-19";"J02M0";"A1100";"P1D_L";"ZZ";"0.527"
"2024-09-20";"J02M0";"A1100";"P1D_L";"ZZ";"0.515"
"2024-09-23";"J02M0";"A1100";"P1D_L";"ZZ";"0.521"
"2024-09-24";"J02M0";"A1100";"P1D_L";"ZZ";"0.488"
"2024-09-25";"J02M0";"A1100";"P1D_L";"ZZ";"0.454"
"2024-09-26";"J02M0";"A1100";"P1D_L";"ZZ";"0.43"
"2024-09-27";"J02M0";"A1100";"P1D_L";"ZZ";"0.371"
"2024-09-30";"J02M0";"A1100";"P1D_L";"ZZ";"0.361"
"2024-10-01";"J02M0";"A1100";"P1D_L";"ZZ";"0.381"
"2024-10-02";"J02M0";"A1100";"P1D_L";"ZZ";"0.348"
"2024-10-03";"J02M0";"A1100";"P1D_L";"ZZ";"0.377"
"2024-10-04";"J02M0";"A1100";"P1D_L";"ZZ";"0.381"
"2024-10-07";"J02M0";"A1100";"P1D_L";"ZZ";"0.386"
"2024-10-08";"J02M0";"A1100";"P1D_L";"ZZ";"0.432"
"2024-10-09";"J02M0";"A1100";"P1D_L";"ZZ";"0.412"
"2024-10-10";"J02M0";"A1100";"P1D_L";"ZZ";"0.459"
"2024-10-11";"J02M0";"A1100";"P1D_L";"ZZ";"0.471"
"2024-10-14";"J02M0";"A1100";"P1D_L";"ZZ";"0.403"
"2024-10-15";"J02M0";"A1100";"P1D_L";"ZZ";"0.401"
"2024-10-16";"J02M0";"A1100";"P1D_L";"ZZ";"0.357"
"2024-10-17";"J02M0";"A1100";"P1D_L";"ZZ";"0.377"
"2024-10-18";"J02M0";"A1100";"P1D_L";"ZZ";"0.3"
"2024-10-21";"J02M0";"A1100";"P1D_L";"ZZ";"0.298"
"2024-10-22";"J02M0";"A1100";"P1D_L";"ZZ";"0.352"
"2024-10-23";"J02M0";"A1100";"P1D_L";"ZZ";"0.348"
"2024-10-24";"J02M0";"A1100";"P1D_L";"ZZ";"0.286"
"2024-10-25";"J02M0";"A1100";"P1D_L";"ZZ";"0.341"
"2024-10-28";"J02M0";"A1100";"P1D_L";"ZZ";"0.266"
"2024-10-29";"J02M0";"A1100";"P1D_L";"ZZ";"0.282"
"2024-10-30";"J02M0";"A1100";"P1D_L";"ZZ";"0.266"
"2024-10-31";"J02M0";"A1100";"P1D_L";"ZZ";"0.305"
"2024-11-01";"J02M0";"A1100";"P1D_L";"ZZ";"0.277"
"2024-11-04";"J02M0";"A1100";"P1D_L";"ZZ";"0.248"
"2024-11-05";"J02M0";"A1100";"P1D_L";"ZZ";"0.265"
"2024-11-06";"J02M0";"A1100";"P1D_L";"ZZ";"0.249"
"2024-11-07";"J02M0";"A1100";"P1D_L";"ZZ";"0.238"
"2024-11-08";"J02M0";"A1100";"P1D_L";"ZZ";"0.236"
"2024-11-11";"J02M0";"A1100";"P1D_L";"ZZ";"0.208"
"2024-11-12";"J02M0";"A1100";"P1D_L";"ZZ";"0.227"
"2024-11-13";"J02M0";"A1100";"P1D_L";"ZZ";"0.246"
"2024-11-14";"J02M0";"A1100";"P1D_L";"ZZ";"0.224"
"2024-11-15";"J02M0";"A1100";"P1D_L";"ZZ";"0.204"
"2024-11-18";"J02M0";"A1100";"P1D_L";"ZZ";"0.215"
"2024-11-19";"J02M0";"A1100";"P1D_L";"ZZ";"0.187"
"2024-11-20";"J02M0";"A1100";"P1D_L";"ZZ";"0.223"
"2024-11-21";"J02M0";"A1100";"P1D_L";"ZZ";"0.231"
"2024-11-22";"J02M0";"A1100";"P1D_L";"ZZ";"0.191"
"2024-11-25";"J02M0";"A1100";"P1D_L";"ZZ";"0.185"
"2024-11-26";"J02M0";"A1100";"P1D_L";"ZZ";"0.158"
"2024-11-27";"J02M0";"A1100";"P1D_L";"ZZ";"0.17"
"2024-11-28";"J02M0";"A1100";"P1D_L";"ZZ";"0.161"
"2024-11-29";"J02M0";"A1100";"P1D_L";"ZZ";"0.172"
"2024-12-02";"J02M0";"A1100";"P1D_L";"ZZ";"0.052"
"2024-12-03";"J02M0";"A1100";"P1D_L";"ZZ";"0.085"
"2024-12-04";"J02M0";"A1100";"P1D_L";"ZZ";"0.11"
"2024-12-05";"J02M0";"A1100";"P1D_L";"ZZ";"0.1"
"2024-12-06";"J02M0";"A1100";"P1D_L";"ZZ";"0.105"
"2024-12-09";"J02M0";"A1100";"P1D_L";"ZZ";"0.136"
"2024-12-10";"J02M0";"A1100";"P1D_L";"ZZ";"0.115"
"2024-12-11";"J02M0";"A1100";"P1D_L";"ZZ";"0.119"
"2024-12-12";"J02M0";"A1100";"P1D_L";"ZZ";"0.181"
"2024-12-13";"J02M0";"A1100";"P1D_L";"ZZ";"0.109"
"2024-12-16";"J02M0";"A1100";"P1D_L";"ZZ";"0.017"
"2024-12-17";"J02M0";"A1100";"P1D_L";"ZZ";"0.069"
"2024-12-18";"J02M0";"A1100";"P1D_L";"ZZ";"0.063"
"2024-12-19";"J02M0";"A1100";"P1D_L";"ZZ";"0.11"
"2024-12-20";"J02M0";"A1100";"P1D_L";"ZZ";"0.064"
"2024-12-23";"J02M0";"A1100";"P1D_L";"ZZ";"0.026"
"2024-12-24";"J02M0";"A1100";"P1D_L";"ZZ";
"2024-12-25";"J02M0";"A1100";"P1D_L";"ZZ";
"2024-12-26";"J02M0";"A1100";"P1D_L";"ZZ";
"2024-12-27";"J02M0";"A1100";"P1D_L";"ZZ";"-0.019"
"2024-12-30";"J02M0";"A1100";"P1D_L";"ZZ";"0.004"
"2024-12-31";"J02M0";"A1100";"P1D_L";"ZZ";
"2025-01-01";"J02M0";"A1100";"P1D_L";"ZZ";
"2025-01-02";"J02M0";"A1100";"P1D_L";"ZZ";
"2025-01-03";"J02M0";"A1100";"P1D_L";"ZZ";"-0.035"
"2025-01-06";"J02M0";"A1100";"P1D_L";"ZZ";"0.037"
"2025-01-07";"J02M0";"A1100";"P1D_L";"ZZ";"0.05"
"2025-01-08";"J02M0";"A1100";"P1D_L";"ZZ";"0.08"
"2025-01-09";"J02M0";"A1100";"P1D_L";"ZZ";"0.098"
"2025-01-10";"J02M0";"A1100";"P1D_L";"ZZ";"0.098"
"2025-01-13";"J02M0";"A1100";"P1D_L";"ZZ";"0.12"
"2025-01-14";"J02M0";"A1100";"P1D_L";"ZZ";"0.137"
"2025-01-15";"J02M0";"A1100";"P1D_L";"ZZ";"0.147"
"2025-01-16";"J02M0";"A1100";"P1D_L";"ZZ";"0.128"
"2025-01-17";"J02M0";"A1100";"P1D_L";"ZZ";"0.083"
"2025-01-20";"J02M0";"A1100";"P1D_L";"ZZ";"0.076"
"2025-01-21";"J02M0";"A1100";"P1D_L";"ZZ";"0.091"
"2025-01-22";"J02M0";"A1100";"P1D_L";"ZZ";"0.08"
"2025-01-23";"J02M0";"A1100";"P1D_L";"ZZ";"0.116"
"2025-01-24";"J02M0";"A1100";"P1D_L";"ZZ";"0.194"
"2025-01-27";"J02M0";"A1100";"P1D_L";"ZZ";"0.161"
"2025-01-28";"J02M0";"A1100";"P1D_L";"ZZ";"0.196"
"2025-01-29";"J02M0";"A1100";"P1D_L";"ZZ";"0.182"
"2025-01-30";"J02M0";"A1100";"P1D_L";"ZZ";"0.158"
"2025-01-31";"J02M0";"A1100";"P1D_L";"ZZ";"0.121"
"2025-02-03";"J02M0";"A1100";"P1D_L";"ZZ";"0.068"
"2025-02-04";"J02M0";"A1100";"P1D_L";"ZZ";"0.09"
"2025-02-05";"J02M0";"A1100";"P1D_L";"ZZ";"0.075"
"2025-02-06";"J02M0";"A1100";"P1D_L";"ZZ";"0.126"
"2025-02-07";"J02M0";"A1100";"P1D_L";"ZZ";"0.09"
"2025-02-10";"J02M0";"A1100";"P1D_L";"ZZ";"0.075"
"2025-02-11";"J02M0";"A1100";"P1D_L";"ZZ";"0.083"
"2025-02-12";"J02M0";"A1100";"P1D_L";"ZZ";"0.091"
"2025-02-13";"J02M0";"A1100";"P1D_L";"ZZ";"0.161"
"2025-02-14";"J02M0";"A1100";"P1D_L";"ZZ";"0.127"
"2025-02-17";"J02M0";"A1100";"P1D_L";"ZZ";"0.182"
"2025-02-18";"J02M0";"A1100";"P1D_L";"ZZ";"0.187"
"2025-02-19";"J02M0";"A1100";"P1D_L";"ZZ";"0.208"
"2025-02-20";"J02M0";"A1100";"P1D_L";"ZZ";"0.233"
"2025-02-21";"J02M0";"A1100";"P1D_L";"ZZ";"0.238"
"2025-02-24";"J02M0";"A1100";"P1D_L";"ZZ";"0.199"
"2025-02-25";"J02M0";"A1100";"P1D_L";"ZZ";"0.192"
"2025-02-26";"J02M0";"A1100";"P1D_L";"ZZ";"0.194"
"2025-02-27";"J02M0";"A1100";"P1D_L";"ZZ";"0.156"
"2025-02-28";"J02M0";"A1100";"P1D_L";"ZZ";"0.134"
"2025-03-03";"J02M0";"A1100";"P1D_L";"ZZ";"0.149"
"2025-03-04";"J02M0";"A1100";"P1D_L";"ZZ";"0.136"
"2025-03-05";"J02M0";"A1100";"P1D_L";"ZZ";"0.172"
"2025-03-06";"J02M0";"A1100";"P1D_L";"ZZ";"0.251"
"2025-03-07";"J02M0";"A1100";"P1D_L";"ZZ";"0.291"
"2025-03-10";"J02M0";"A1100";"P1D_L";"ZZ";"0.282"
"2025-03-11";"J02M0";"A1100";"P1D_L";"ZZ";"0.284"
"2025-03-12";"J02M0";"A1100";"P1D_L";"ZZ";"0.316"
"2025-03-13";"J02M0";"A1100";"P1D_L";"ZZ";"0.345"
"2025-03-14";"J02M0";"A1100";"P1D_L";"ZZ";"0.315"
"2025-03-17";"J02M0";"A1100";"P1D_L";"ZZ";"0.287"
"2025-03-18";"J02M0";"A1100";"P1D_L";"ZZ";"0.286"
"2025-03-19";"J02M0";"A1100";"P1D_L";"ZZ";"0.311"
"2025-03-20";"J02M0";"A1100";"P1D_L";"ZZ";"0.229"
"2025-03-21";"J02M0";"A1100";"P1D_L";"ZZ";"0.237"
"2025-03-24";"J02M0";"A1100";"P1D_L";"ZZ";"0.204"
"2025-03-25";"J02M0";"A1100";"P1D_L";"ZZ";"0.218"
"2025-03-26";"J02M0";"A1100";"P1D_L";"ZZ";"0.206"
"2025-03-27";"J02M0";"A1100";"P1D_L";"ZZ";"0.167"
"2025-03-28";"J02M0";"A1100";"P1D_L";"ZZ";"0.132"
"2025-03-31";"J02M0";"A1100";"P1D_L";"ZZ";"0.103"
"2025-04-01";"J02M0";"A1100";"P1D_L";"ZZ";"0.094"
"2025-04-02";"J02M0";"A1100";"P1D_L";"ZZ";"0.106"
"2025-04-03";"J02M0";"A1100";"P1D_L";"ZZ";"0.094"
"2025-04-04";"J02M0";"A1100";"P1D_L";"ZZ";"0.03"
"2025-04-07";"J02M0";"A1100";"P1D_L";"ZZ";"-0.018"
"2025-04-08";"J02M0";"A1100";"P1D_L";"ZZ";"0.027"
"2025-04-09";"J02M0";"A1100";"P1D_L";"ZZ";"-0.023"
"2025-04-10";"J02M0";"A1100";"P1D_L";"ZZ";"0.049"
"2025-04-11";"J02M0";"A1100";"P1D_L";"ZZ";"-0.023"
"2025-04-14";"J02M0";"A1100";"P1D_L";"ZZ";"-0.003"
"2025-04-15";"J02M0";"A1100";"P1D_L";"ZZ";"-0.02"
"2025-04-16";"J02M0";"A1100";"P1D_L";"ZZ";"-0.037"
"2025-04-17";"J02M0";"A1100";"P1D_L";"ZZ";"0.026"
"2025-04-18";"J02M0";"A1100";"P1D_L";"ZZ";
"2025-04-21";"J02M0";"A1100";"P1D_L";"ZZ";
"2025-04-22";"J02M0";"A1100";"P1D_L";"ZZ";"-0.042"
"2025-04-23";"J02M0";"A1100";"P1D_L";"ZZ";"-0.017"
"2025-04-24";"J02M0";"A1100";"P1D_L";"ZZ";"0.006"
"2025-04-25";"J02M0";"A1100";"P1D_L";"ZZ";"-0.013"
"2025-04-28";"J02M0";"A1100";"P1D_L";"ZZ";"-0.025"
"2025-04-29";"J02M0";"A1100";"P1D_L";"ZZ";"-0.036"
"2025-04-30";"J02M0";"A1100";"P1D_L";"ZZ";"-0.04"
"2025-05-01";"J02M0";"A1100";"P1D_L";"ZZ";
"2025-05-02";"J02M0";"A1100";"P1D_L";"ZZ";"-0.071"
"2025-05-05";"J02M0";"A1100";"P1D_L";"ZZ";"-0.127"
"2025-05-06";"J02M0";"A1100";"P1D_L";"ZZ";"-0.147"
"2025-05-07";"J02M0";"A1100";"P1D_L";"ZZ";"-0.165"
"2025-05-08";"J02M0";"A1100";"P1D_L";"ZZ";"-0.161"
"2025-05-09";"J02M0";"A1100";"P1D_L";"ZZ";"-0.072"
"2025-05-12";"J02M0";"A1100";"P1D_L";"ZZ";"-0.05"
"2025-05-13";"J02M0";"A1100";"P1D_L";"ZZ";"-0.038"
"2025-05-14";"J02M0";"A1100";"P1D_L";"ZZ";"-0.072"
"2025-05-15";"J02M0";"A1100";"P1D_L";"ZZ";"-0.077"
"2025-05-16";"J02M0";"A1100";"P1D_L";"ZZ";"-0.114"
"2025-05-19";"J02M0";"A1100";"P1D_L";"ZZ";"-0.141"
"2025-05-20";"J02M0";"A1100";"P1D_L";"ZZ";"-0.154"
"2025-05-21";"J02M0";"A1100";"P1D_L";"ZZ";"-0.123"
"2025-05-22";"J02M0";"A1100";"P1D_L";"ZZ";"-0.137"
"2025-05-23";"J02M0";"A1100";"P1D_L";"ZZ";"-0.185"
"2025-05-26";"J02M0";"A1100";"P1D_L";"ZZ";"-0.216"
"2025-05-27";"J02M0";"A1100";"P1D_L";"ZZ";"-0.216"
"2025-05-28";"J02M0";"A1100";"P1D_L";"ZZ";"-0.178"
"2025-05-29";"J02M0";"A1100";"P1D_L";"ZZ";
"2025-05-30";"J02M0";"A1100";"P1D_L";"ZZ";"-0.187"
"2025-06-02";"J02M0";"A1100";"P1D_L";"ZZ";"-0.216"
"2025-06-03";"J02M0";"A1100";"P1D_L";"ZZ";"-0.25"
"2025-06-04";"J02M0";"A1100";"P1D_L";"ZZ";"-0.244"
"2025-06-05";"J02M0";"A1100";"P1D_L";"ZZ";"-0.197"
"2025-06-06";"J02M0";"A1100";"P1D_L";"ZZ";"-0.128"
"2025-06-09";"J02M0";"A1100";"P1D_L";"ZZ";
"2025-06-10";"J02M0";"A1100";"P1D_L";"ZZ";"-0.163"
"2025-06-11";"J02M0";"A1100";"P1D_L";"ZZ";"-0.149"
"2025-06-12";"J02M0";"A1100";"P1D_L";"ZZ";"-0.175"
"2025-06-13";"J02M0";"A1100";"P1D_L";"ZZ";"-0.178"
"2025-06-16";"J02M0";"A1100";"P1D_L";"ZZ";"-0.131"
"2025-06-17";"J02M0";"A1100";"P1D_L";"ZZ";"-0.141"
"2025-06-18";"J02M0";"A1100";"P1D_L";"ZZ";"-0.156"
"2025-06-19";"J02M0";"A1100";"P1D_L";"ZZ";"-0.13"
"2025-06-20";"J02M0";"A1100";"P1D_L";"ZZ";"-0.053"
"2025-06-23";"J02M0";"A1100";"P1D_L";"ZZ";"-0.024"
"2025-06-24";"J02M0";"A1100";"P1D_L";"ZZ";"-0.069"
"2025-06-25";"J02M0";"A1100";"P1D_L";"ZZ";"-0.074"
"2025-06-26";"J02M0";"A1100";"P1D_L";"ZZ";"-0.086"
"2025-06-27";"J02M0";"A1100";"P1D_L";"ZZ";"-0.07"
"2025-06-30";"J02M0";"A1100";"P1D_L";"ZZ";"-0.061"
"2025-07-01";"J02M0";"A1100";"P1D_L";"ZZ";"-0.075"
"2025-07-02";"J02M0";"A1100";"P1D_L";"ZZ";"-0.074"
"2025-07-03";"J02M0";"A1100";"P1D_L";"ZZ";"-0.072"
"2025-07-04";"J02M0";"A1100";"P1D_L";"ZZ";"-0.071"
"2025-07-07";"J02M0";"A1100";"P1D_L";"ZZ";"-0.055"
"2025-07-08";"J02M0";"A1100";"P1D_L";"ZZ";"-0.044"
"2025-07-09";"J02M0";"A1100";"P1D_L";"ZZ";"-0.049"
"2025-07-10";"J02M0";"A1100";"P1D_L";"ZZ";"-0.051"
"2025-07-11";"J02M0";"A1100";"P1D_L";"ZZ";"-0.058"
"2025-07-14";"J02M0";"A1100";"P1D_L";"ZZ";"-0.041"
"2025-07-15";"J02M0";"A1100";"P1D_L";"ZZ";"-0.049"
"2025-07-16";"J02M0";"A1100";"P1D_L";"ZZ";"-0.053"
"2025-07-17";"J02M0";"A1100";"P1D_L";"ZZ";"-0.057"
"2025-07-18";"J02M0";"A1100";"P1D_L";"ZZ";"-0.045"
"2025-07-21";"J02M0";"A1100";"P1D_L";"ZZ";"-0.064"
"2025-07-22";"J02M0";"A1100";"P1D_L";"ZZ";"-0.095"
"2025-07-23";"J02M0";"A1100";"P1D_L";"ZZ";"-0.101"
"2025-07-24";"J02M0";"A1100";"P1D_L";"ZZ";"-0.086"
"2025-07-25";"J02M0";"A1100";"P1D_L";"ZZ";"-0.075"
"2025-07-28";"J02M0";"A1100";"P1D_L";"ZZ";"-0.129"
"2025-07-29";"J02M0";"A1100";"P1D_L";"ZZ";"-0.12"
"2025-07-30";"J02M0";"A1100";"P1D_L";"ZZ";"-0.118"
"2025-07-31";"J02M0";"A1100";"P1D_L";"ZZ";"-0.083"
"2025-08-01";"J02M0";"A1100";"P1D_L";"ZZ";
"2025-08-04";"J02M0";"A1100";"P1D_L";"ZZ";"-0.146"
"2025-08-05";"J02M0";"A1100";"P1D_L";"ZZ";"-0.159"
"2025-08-06";"J02M0";"A1100";"P1D_L";"ZZ";"-0.16"
"2025-08-07";"J02M0";"A1100";"P1D_L";"ZZ";"-0.175"
"2025-08-08";"J02M0";"A1100";"P1D_L";"ZZ";"-0.188"
"2025-08-11";"J02M0";"A1100";"P1D_L";"ZZ";"-0.19"
"2025-08-12";"J02M0";"A1100";"P1D_L";"ZZ";"-0.196"
"2025-08-13";"J02M0";"A1100";"P1D_L";"ZZ";"-0.226"
"2025-08-14";"J02M0";"A1100";"P1D_L";"ZZ";"-0.22"
"2025-08-15";"J02M0";"A1100";"P1D_L";"ZZ";"-0.159"
"2025-08-18";"J02M0";"A1100";"P1D_L";"ZZ";"-0.178"
"2025-08-19";"J02M0";"A1100";"P1D_L";"ZZ";"-0.159"
"2025-08-20";"J02M0";"A1100";"P1D_L";"ZZ";"-0.162"
"2025-08-21";"J02M0";"A1100";"P1D_L";"ZZ";"-0.124"
"2025-08-22";"J02M0";"A1100";"P1D_L";"ZZ";"-0.097"
"2025-08-25";"J02M0";"A1100";"P1D_L";"ZZ";"-0.143"
"2025-08-26";"J02M0";"A1100";"P1D_L";"ZZ";"-0.12"
"2025-08-27";"J02M0";"A1100";"P1D_L";"ZZ";"-0.15"
"2025-08-28";"J02M0";"A1100";"P1D_L";"ZZ";"-0.11"
"2025-08-29";"J02M0";"A1100";"P1D_L";"ZZ";"-0.108"
"2025-09-01";"J02M0";"A1100";"P1D_L";"ZZ";"-0.099"
"2025-09-02";"J02M0";"A1100";"P1D_L";"ZZ";"-0.113"
"2025-09-03";"J02M0";"A1100";"P1D_L";"ZZ";"-0.13"
"2025-09-04";"J02M0";"A1100";"P1D_L";"ZZ";"-0.132"
"2025-09-05";"J02M0";"A1100";"P1D_L";"ZZ";"-0.129"
"2025-09-08";"J02M0";"A1100";"P1D_L";"ZZ";"-0.125"
"2025-09-09";"J02M0";"A1100";"P1D_L";"ZZ";"-0.131"
"2025-09-10";"J02M0";"A1100";"P1D_L";"ZZ";"-0.129"
"2025-09-11";"J02M0";"A1100";"P1D_L";"ZZ";"-0.117"
"2025-09-12";"J02M0";"A1100";"P1D_L";"ZZ";"-0.094"
"2025-09-15";"J02M0";"A1100";"P1D_L";"ZZ";"-0.107"
"2025-09-16";"J02M0";"A1100";"P1D_L";"ZZ";"-0.1"
"2025-09-17";"J02M0";"A1100";"P1D_L";"ZZ";"-0.117"
"2025-09-18";"J02M0";"A1100";"P1D_L";"ZZ";"-0.106"
"2025-09-19";"J02M0";"A1100";"P1D_L";"ZZ";"-0.118"
"2025-09-22";"J02M0";"A1100";"P1D_L";"ZZ";"-0.12"
"2025-09-23";"J02M0";"A1100";"P1D_L";"ZZ";"-0.132"
"2025-09-24";"J02M0";"A1100";"P1D_L";"ZZ";"-0.13"
"2025-09-25";"J02M0";"A1100";"P1D_L";"ZZ";"-0.108"
"2025-09-26";"J02M0";"A1100";"P1D_L";"ZZ";"-0.107"
"2025-09-29";"J02M0";"A1100";"P1D_L";"ZZ";"-0.115"
"2025-09-30";"J02M0";"A1100";"P1D_L";"ZZ";"-0.116"
"2025-10-01";"J02M0";"A1100";"P1D_L";"ZZ";"-0.106"
"2025-10-02";"J02M0";"A1100";"P1D_L";"ZZ";"-0.109"
"2025-10-03";"J02M0";"A1100";"P1D_L";"ZZ";"-0.098"
"2025-10-06";"J02M0";"A1100";"P1D_L";"ZZ";"-0.098"
"2025-10-07";"J02M0";"A1100";"P1D_L";"ZZ";"-0.115"
"2025-10-08";"J02M0";"A1100";"P1D_L";"ZZ";"-0.143"
"2025-10-09";"J02M0";"A1100";"P1D_L";"ZZ";"-0.105"
"2025-10-10";"J02M0";"A1100";"P1D_L";"ZZ";"-0.107"
"2025-10-13";"J02M0";"A1100";"P1D_L";"ZZ";"-0.127"
"2025-10-14";"J02M0";"A1100";"P1D_L";"ZZ";"-0.149"
"2025-10-15";"J02M0";"A1100";"P1D_L";"ZZ";"-0.124"
"2025-10-16";"J02M0";"A1100";"P1D_L";"ZZ";"-0.142"
"2025-10-17";"J02M0";"A1100";"P1D_L";"ZZ";"-0.165"
"2025-10-20";"J02M0";"A1100";"P1D_L";"ZZ";"-0.16"
"2025-10-21";"J02M0";"A1100";"P1D_L";"ZZ";"-0.166"
"2025-10-22";"J02M0";"A1100";"P1D_L";"ZZ";"-0.164"
"2025-10-23";"J02M0";"A1100";"P1D_L";"ZZ";"-0.159"
"2025-10-24";"J02M0";"A1100";"P1D_L";"ZZ";"-0.153"
"2025-10-27";"J02M0";"A1100";"P1D_L";"ZZ";"-0.15"
"2025-10-28";"J02M0";"A1100";"P1D_L";"ZZ";"-0.146"
"2025-10-29";"J02M0";"A1100";"P1D_L";"ZZ";"-0.157"
"2025-10-30";"J02M0";"A1100";"P1D_L";"ZZ";"-0.148"
"2025-10-31";"J02M0";"A1100";"P1D_L";"ZZ";"-0.141"
"2025-11-03";"J02M0";"A1100";"P1D_L";"ZZ";"-0.153"
"2025-11-04";"J02M0";"A1100";"P1D_L";"ZZ";"-0.17"
"2025-11-05";"J02M0";"A1100";"P1D_L";"ZZ";"-0.16"
"2025-11-06";"J02M0";"A1100";"P1D_L";"ZZ";"-0.153"
"2025-11-07";"J02M0";"A1100";"P1D_L";"ZZ";"-0.146"
"2025-11-10";"J02M0";"A1100";"P1D_L";"ZZ";"-0.153"
"2025-11-11";"J02M0";"A1100";"P1D_L";"ZZ";"-0.135"
"2025-11-12";"J02M0";"A1100";"P1D_L";"ZZ";"-0.12"
"2025-11-13";"J02M0";"A1100";"P1D_L";"ZZ";"-0.108"
"2025-11-14";"J02M0";"A1100";"P1D_L";"ZZ";"-0.098"
"2025-11-17";"J02M0";"A1100";"P1D_L";"ZZ";"-0.115"
"2025-11-18";"J02M0";"A1100";"P1D_L";"ZZ";"-0.116"
"2025-11-19";"J02M0";"A1100";"P1D_L";"ZZ";"-0.116"
"2025-11-20";"J02M0";"A1100";"P1D_L";"ZZ";"-0.109"
"2025-11-21";"J02M0";"A1100";"P1D_L";"ZZ";"-0.118"
"2025-11-24";"J02M0";"A1100";"P1D_L";"ZZ";"-0.124"
"2025-11-25";"J02M0";"A1100";"P1D_L";"ZZ";"-0.135"
"2025-11-26";"J02M0";"A1100";"P1D_L";"ZZ";"-0.113"
"2025-11-27";"J02M0";"A1100";"P1D_L";"ZZ";"-0.104"
"2025-11-28";"J02M0";"A1100";"P1D_L";"ZZ";"-0.13"
"2025-12-01";"J02M0";"A1100";"P1D_L";"ZZ";"-0.11"
"2025-12-02";"J02M0";"A1100";"P1D_L";"ZZ";"-0.11"
"2025-12-03";"J02M0";"A1100";"P1D_L";"ZZ";"-0.135"
"2025-12-04";"J02M0";"A1100";"P1D_L";"ZZ";"-0.113"
"2025-12-05";"J02M0";"A1100";"P1D_L";"ZZ";"-0.096"
"2025-12-08";"J02M0";"A1100";"P1D_L";"ZZ";"-0.085"
"2025-12-09";"J02M0";"A1100";"P1D_L";"ZZ";"-0.053"
"2025-12-10";"J02M0";"A1100";"P1D_L";"ZZ";"-0.072"
"2025-12-11";"J02M0";"A1100";"P1D_L";"ZZ";"-0.043"
"2025-12-12";"J02M0";"A1100";"P1D_L";"ZZ";"-0.018"
"2025-12-15";"J02M0";"A1100";"P1D_L";"ZZ";"-0.036"
"2025-12-16";"J02M0";"A1100";"P1D_L";"ZZ";"-0.042"
"2025-12-17";"J02M0";"A1100";"P1D_L";"ZZ";"-0.042"
"2025-12-18";"J02M0";"A1100";"P1D_L";"ZZ";"-0.03"
"2025-12-19";"J02M0";"A1100";"P1D_L";"ZZ";"-0.028"
"2025-12-22";"J02M0";"A1100";"P1D_L";"ZZ";"-0.037"
"2025-12-23";"J02M0";"A1100";"P1D_L";"ZZ";"-0.043"
"2025-12-24";"J02M0";"A1100";"P1D_L";"ZZ";
"2025-12-25";"J02M0";"A1100";"P1D_L";"ZZ";
"2025-12-26";"J02M0";"A1100";"P1D_L";"ZZ";
"2025-12-29";"J02M0";"A1100";"P1D_L";"ZZ";"-0.045"
"2025-12-30";"J02M0";"A1100";"P1D_L";"ZZ";"-0.039"
"2025-12-31";"J02M0";"A1100";"P1D_L";"ZZ";
"2026-01-01";"J02M0";"A1100";"P1D_L";"ZZ";
"2026-01-02";"J02M0";"A1100";"P1D_L";"ZZ";
"2026-01-05";"J02M0";"A1100";"P1D_L";"ZZ";"-0.03"
"2026-01-06";"J02M0";"A1100";"P1D_L";"ZZ";"-0.056"
"2026-01-07";"J02M0";"A1100";"P1D_L";"ZZ";"-0.085"
"2026-01-08";"J02M0";"A1100";"P1D_L";"ZZ";"-0.061"
"2026-01-09";"J02M0";"A1100";"P1D_L";"ZZ";"-0.055"
"2026-01-12";"J02M0";"A1100";"P1D_L";"ZZ";"-0.056"
"2026-01-13";"J02M0";"A1100";"P1D_L";"ZZ";"-0.063"
"2026-01-14";"J02M0";"A1100";"P1D_L";"ZZ";"-0.056"
"2026-01-15";"J02M0";"A1100";"P1D_L";"ZZ";"-0.052"
"2026-01-16";"J02M0";"A1100";"P1D_L";"ZZ";"-0.046"
"2026-01-19";"J02M0";"A1100";"P1D_L";"ZZ";"-0.047"
"2026-01-20";"J02M0";"A1100";"P1D_L";"ZZ";"-0.056"
"2026-01-21";"J02M0";"A1100";"P1D_L";"ZZ";"-0.078"
"2026-01-22";"J02M0";"A1100";"P1D_L";"ZZ";"-0.048"
"2026-01-23";"J02M0";"A1100";"P1D_L";"ZZ";"-0.039"
"2026-01-26";"J02M0";"A1100";"P1D_L";"ZZ";"-0.067"
"2026-01-27";"J02M0";"A1100";"P1D_L";"ZZ";"-0.049"
"2026-01-28";"J02M0";"A1100";"P1D_L";"ZZ";"-0.075"
"2026-01-29";"J02M0";"A1100";"P1D_L";"ZZ";"-0.097"
"2026-01-30";"J02M0";"A1100";"P1D_L";"ZZ";"-0.124"
"2026-02-02";"J02M0";"A1100";"P1D_L";"ZZ";"-0.124"
"2026-02-03";"J02M0";"A1100";"P1D_L";"ZZ";"-0.095"
"2026-02-04";"J02M0";"A1100";"P1D_L";"ZZ";"-0.118"
"2026-02-05";"J02M0";"A1100";"P1D_L";"ZZ";"-0.093"
"2026-02-06";"J02M0";"A1100";"P1D_L";"ZZ";"-0.106"
"2026-02-09";"J02M0";"A1100";"P1D_L";"ZZ";"-0.112"
"2026-02-10";"J02M0";"A1100";"P1D_L";"ZZ";"-0.108"
"2026-02-11";"J02M0";"A1100";"P1D_L";"ZZ";"-0.125"
"2026-02-12";"J02M0";"A1100";"P1D_L";"ZZ";"-0.118"
"2026-02-13";"J02M0";"A1100";"P1D_L";"ZZ";"-0.127"
"2026-02-16";"J02M0";"A1100";"P1D_L";"ZZ";"-0.126"
"2026-02-17";"J02M0";"A1100";"P1D_L";"ZZ";"-0.149"
"2026-02-18";"J02M0";"A1100";"P1D_L";"ZZ";"-0.12"
"2026-02-19";"J02M0";"A1100";"P1D_L";"ZZ";"-0.116"
"2026-02-20";"J02M0";"A1100";"P1D_L";"ZZ";"-0.109"
"2026-02-23";"J02M0";"A1100";"P1D_L";"ZZ";"-0.117"
"2026-02-24";"J02M0";"A1100";"P1D_L";"ZZ";"-0.134"
"2026-02-25";"J02M0";"A1100";"P1D_L";"ZZ";"-0.11"
"2026-02-26";"J02M0";"A1100";"P1D_L";"ZZ";"-0.083"
"2026-02-27";"J02M0";"A1100";"P1D_L";"ZZ";"-0.103"
"2026-03-02";"J02M0";"A1100";"P1D_L";"ZZ";"-0.115"
"2026-03-03";"J02M0";"A1100";"P1D_L";"ZZ";"-0.024"
"2026-03-04";"J02M0";"A1100";"P1D_L";"ZZ";"-0.043"
"2026-03-05";"J02M0";"A1100";"P1D_L";"ZZ";"-0.033"
"2026-03-06";"J02M0";"A1100";"P1D_L";"ZZ";"0.012"
"2026-03-09";"J02M0";"A1100";"P1D_L";"ZZ";"0.108"
"2026-03-10";"J02M0";"A1100";"P1D_L";"ZZ";"-0.015"
"2026-03-11";"J02M0";"A1100";"P1D_L";"ZZ";"0.011"
"2026-03-12";"J02M0";"A1100";"P1D_L";"ZZ";"0.018"
"2026-03-13";"J02M0";"A1100";"P1D_L";"ZZ";"0.046"
"2026-03-16";"J02M0";"A1100";"P1D_L";"ZZ";"0.03"
"2026-03-17";"J02M0";"A1100";"P1D_L";"ZZ";"0.001"
"2026-03-18";"J02M0";"A1100";"P1D_L";"ZZ";"-0.022"
"2026-03-19";"J02M0";"A1100";"P1D_L";"ZZ";"0.024"
"2026-03-20";"J02M0";"A1100";"P1D_L";"ZZ";"0.054"
"2026-03-23";"J02M0";"A1100";"P1D_L";"ZZ";"0.183"
"2026-03-24";"J02M0";"A1100";"P1D_L";"ZZ";"0.105"
"2026-03-25";"J02M0";"A1100";"P1D_L";"ZZ";"0.043"
"2026-03-26";"J02M0";"A1100";"P1D_L";"ZZ";"0.06"
"2026-03-27";"J02M0";"A1100";"P1D_L";"ZZ";"0.188"
"2026-03-30";"J02M0";"A1100";"P1D_L";"ZZ";"0.071"
"2026-03-31";"J02M0";"A1100";"P1D_L";"ZZ";"0.042"
"2026-04-01";"J02M0";"A1100";"P1D_L";"ZZ";"0.007"
"2026-04-02";"J02M0";"A1100";"P1D_L";"ZZ";"0.056"
"2026-04-03";"J02M0";"A1100";"P1D_L";"ZZ";
"2026-04-06";"J02M0";"A1100";"P1D_L";"ZZ";
"2026-04-07";"J02M0";"A1100";"P1D_L";"ZZ";"0.069"
"2026-04-08";"J02M0";"A1100";"P1D_L";"ZZ";"0.022"
"2026-04-09";"J02M0";"A1100";"P1D_L";"ZZ";"0.059"
"2026-04-10";"J02M0";"A1100";"P1D_L";"ZZ";"0.074"
"2026-04-13";"J02M0";"A1100";"P1D_L";"ZZ";"0.086"
"2026-04-14";"J02M0";"A1100";"P1D_L";"ZZ";"0.075"
"2026-04-15";"J02M0";"A1100";"P1D_L";"ZZ";"0.063"
"2026-04-16";"J02M0";"A1100";"P1D_L";"ZZ";"0.044"
"2026-04-17";"J02M0";"A1100";"P1D_L";"ZZ";"0.049"
"2026-04-20";"J02M0";"A1100";"P1D_L";"ZZ";"0.02"
"2026-04-21";"J02M0";"A1100";"P1D_L";"ZZ";"0.014"
"2026-04-22";"J02M0";"A1100";"P1D_L";"ZZ";"0.038"
"2026-04-23";"J02M0";"A1100";"P1D_L";"ZZ";"0.066"
"2026-04-24";"J02M0";"A1100";"P1D_L";"ZZ";"0.08"
"2026-04-27";"J02M0";"A1100";"P1D_L";"ZZ";"0.07"
"2026-04-28";"J02M0";"A1100";"P1D_L";"ZZ";"0.075"
"2026-04-29";"J02M0";"A1100";"P1D_L";"ZZ";"0.135"
"2026-04-30";"J02M0";"A1100";"P1D_L";"ZZ";"0.159"
"2026-05-01";"J02M0";"A1100";"P1D_L";"ZZ";
"2026-05-04";"J02M0";"A1100";"P1D_L";"ZZ";"0.124"
"2026-05-05";"J02M0";"A1100";"P1D_L";"ZZ";"0.133"
"2026-05-06";"J02M0";"A1100";"P1D_L";"ZZ";"0.061"
"2026-05-07";"J02M0";"A1100";"P1D_L";"ZZ";"0.057"
"2026-05-08";"J02M0";"A1100";"P1D_L";"ZZ";"0.059"
"2026-05-11";"J02M0";"A1100";"P1D_L";"ZZ";"0.071"
"2026-05-12";"J02M0";"A1100";"P1D_L";"ZZ";"0.139"
"2026-05-13";"J02M0";"A1100";"P1D_L";"ZZ";"0.159"
"2026-05-14";"J02M0";"A1100";"P1D_L";"ZZ";
"2026-05-15";"J02M0";"A1100";"P1D_L";"ZZ";"0.16"
"2026-05-18";"J02M0";"A1100";"P1D_L";"ZZ";"0.222"
"2026-05-19";"J02M0";"A1100";"P1D_L";"ZZ";"0.181"
"2026-05-20";"J02M0";"A1100";"P1D_L";"ZZ";"0.18"
"2026-05-21";"J02M0";"A1100";"P1D_L";"ZZ";"0.152"
"2026-05-22";"J02M0";"A1100";"P1D_L";"ZZ";"0.159"
"2026-05-25";"J02M0";"A1100";"P1D_L";"ZZ";
"2026-05-26";"J02M0";"A1100";"P1D_L";"ZZ";"0.105"
"2026-05-27";"J02M0";"A1100";"P1D_L";"ZZ";"0.043"
"2026-05-28";"J02M0";"A1100";"P1D_L";"ZZ";"0.068"
"2026-05-29";"J02M0";"A1100";"P1D_L";"ZZ";"0.039"
"2026-06-01";"J02M0";"A1100";"P1D_L";"ZZ";"0.038"
"2026-06-02";"J02M0";"A1100";"P1D_L";"ZZ";"0.031"
"2026-06-03";"J02M0";"A1100";"P1D_L";"ZZ";"0.057"
"2026-06-04";"J02M0";"A1100";"P1D_L";"ZZ";"0.073"
"2026-06-05";"J02M0";"A1100";"P1D_L";"ZZ";"0.061"
"2026-06-08";"J02M0";"A1100";"P1D_L";"ZZ";"0.078"
"2026-06-09";"J02M0";"A1100";"P1D_L";"ZZ";"0.067"
"2026-06-10";"J02M0";"A1100";"P1D_L";"ZZ";"0.074"
"2026-06-11";"J02M0";"A1100";"P1D_L";"ZZ";"0.086"
"2026-06-12";"J02M0";"A1100";"P1D_L";"ZZ";"0.059"
"2026-06-15";"J02M0";"A1100";"P1D_L";"ZZ";"0.017"
"2026-06-16";"J02M0";"A1100";"P1D_L";"ZZ";"-0.001"
"2026-06-17";"J02M0";"A1100";"P1D_L";"ZZ";"0.004"
"2026-06-18";"J02M0";"A1100";"P1D_L";"ZZ";"0.014"
"2026-06-19";"J02M0";"A1100";"P1D_L";"ZZ";"0.021"
"2026-06-22";"J02M0";"A1100";"P1D_L";"ZZ";"0.015"
"2026-06-23";"J02M0";"A1100";"P1D_L";"ZZ";"-0.008"
"2026-06-24";"J02M0";"A1100";"P1D_L";"ZZ";"-0.018"
"2026-06-25";"J02M0";"A1100";"P1D_L";"ZZ";"-0.027"
"2026-06-26";"J02M0";"A1100";"P1D_L";"ZZ";"-0.023"
"2026-06-29";"J02M0";"A1100";"P1D_L";"ZZ";"-0.026"
"2026-06-30";"J02M0";"A1100";"P1D_L";"ZZ";"-0.033"
"2026-07-01";"J02M0";"A1100";"P1D_L";"ZZ";"-0.008"
"2026-07-02";"J02M0";"A1100";"P1D_L";"ZZ";"0.01"
"2026-07-03";"J02M0";"A1100";"P1D_L";"ZZ";"0.016"
"2026-07-06";"J02M0";"A1100";"P1D_L";"ZZ";"0.015"
"2026-07-07";"J02M0";"A1100";"P1D_L";"ZZ";"0.015"
"2026-07-08";"J02M0";"A1100";"P1D_L";"ZZ";"0.034"
"2026-07-09";"J02M0";"A1100";"P1D_L";"ZZ";"0.044"
"2026-07-10";"J02M0";"A1100";"P1D_L";"ZZ";"0.053"
"2026-07-13";"J02M0";"A1100";"P1D_L";"ZZ";"0.061"
"2026-07-14";"J02M0";"A1100";"P1D_L";"ZZ";"0.08"
"2026-07-15";"J02M0";"A1100";"P1D_L";"ZZ";"0.074"
"2026-07-16";"J02M0";"A1100";"P1D_L";"ZZ";"0.087"
"2026-07-17";"J02M0";"A1100";"P1D_L";"ZZ";"0.087"
"2026-07-20";"J02M0";"A1100";"P1D_L";"ZZ";"0.151"
"2026-07-21";"J02M0";"A1100";"P1D_L";"ZZ";"0.112"
"2026-07-22";"J02M0";"A1100";"P1D_L";"ZZ";"0.161"
"2026-07-23";"J02M0";"A1100";"P1D_L";"ZZ";"0.193"
"2026-07-24";"J02M0";"A1100";"P1D_L";"ZZ";"0.229"
"2026-07-27";"J02M0";"A1100";"P1D_L";"ZZ";"0.164"
"2026-07-28";"J02M0";"A1100";"P1D_L";"ZZ";"0.108"
"2026-07-29";"J02M0";"A1100";"P1D_L";"ZZ";"0.082"
"2026-07-30";"J02M0";"A1100";"P1D_L";"ZZ";"0.145"
"2026-07-31";"J02M0";"A1100";"P1D_L";"ZZ";"0.089"
"2026-08-03";"J02M0";"A1100";"P1D_L";"ZZ";"0.087"
"2026-08-04";"J02M0";"A1100";"P1D_L";"ZZ";"0.083"
"2026-08-05";"J02M0";"A1100";"P1D_L";"ZZ";"0.053"
"2026-08-06";"J02M0";"A1100";"P1D_L";"ZZ";"0.049"
"2026-08-07";"J02M0";"A1100";"P1D_L";"ZZ";"0.068"
"2026-08-10";"J02M0";"A1100";"P1D_L";"ZZ";"0.063"
"2026-08-11";"J02M0";"A1100";"P1D_L";"ZZ";"0.152"
"2026-08-12";"J02M0";"A1100";"P1D_L";"ZZ";"0.073"
"2026-08-13";"J02M0";"A1100";"P1D_L";"ZZ";"0.067"
"2026-08-14";"J02M0";"A1100";"P1D_L";"ZZ";"0.053"
"2026-08-17";"J02M0";"A1100";"P1D_L";"ZZ";"0.063"
"2026-08-18";"J02M0";"A1100";"P1D_L";"ZZ";"0.072"
"2026-08-19";"J02M0";"A1100";"P1D_L";"ZZ";"0.054"
"2026-08-20";"J02M0";"A1100";"P1D_L";"ZZ";"0.079"
